[*] Run ID 0: seed=0, split_index=0
    Starting now: 2026-04-01 13:18:17.200182
[*] Loaded dataset 'rfid' from 'RFID':
  Data(x=[51360, 60], edge_index=[2, 51360], y=[6420], y_user=[6420], subject=[6420])
  undirected: True
  num graphs: 6420
  avg num_nodes/graph: 8
  num node features: 60
  num edge features: 0
  num classes: 21
[*] LOPO Split: Test Subj=FQ 3m, Val Subj=GM 3m
    Train: 5580 | Val: 420 | Test: 420
GraphGymModule(
  (model): CustomGNN(
    (encoder): FeatureEncoder()
    (pre_mp): GeneralMultiLayer(
      (Layer_0): GeneralLayer(
        (layer): Linear(
          (model): Linear(60, 128, bias=False)
        )
        (post_layer): Sequential(
          (0): BatchNorm1d(128, eps=1e-05, momentum=0.1, affine=True, track_running_stats=True)
          (1): Dropout(p=0.2, inplace=False)
          (2): ReLU()
        )
      )
    )
    (gnn_layers): Sequential(
      (0): GCNConvLayer(
        (bn_node_x): BatchNorm1d(128, eps=1e-05, momentum=0.1, affine=True, track_running_stats=True)
        (act): Sequential(
          (0): ReLU()
          (1): Dropout(p=0.2, inplace=False)
        )
        (model): GCNConv(128, 128)
        (norm1_local): BatchNorm1d(128, eps=1e-05, momentum=0.1, affine=True, track_running_stats=True)
        (ff_linear1): Linear(in_features=128, out_features=256, bias=True)
        (ff_linear2): Linear(in_features=256, out_features=128, bias=True)
        (act_fn_ff): ReLU()
        (norm2): BatchNorm1d(128, eps=1e-05, momentum=0.1, affine=True, track_running_stats=True)
        (ff_dropout1): Dropout(p=0.2, inplace=False)
        (ff_dropout2): Dropout(p=0.2, inplace=False)
      )
      (1): GCNConvLayer(
        (bn_node_x): BatchNorm1d(128, eps=1e-05, momentum=0.1, affine=True, track_running_stats=True)
        (act): Sequential(
          (0): ReLU()
          (1): Dropout(p=0.2, inplace=False)
        )
        (model): GCNConv(128, 128)
        (norm1_local): BatchNorm1d(128, eps=1e-05, momentum=0.1, affine=True, track_running_stats=True)
        (ff_linear1): Linear(in_features=128, out_features=256, bias=True)
        (ff_linear2): Linear(in_features=256, out_features=128, bias=True)
        (act_fn_ff): ReLU()
        (norm2): BatchNorm1d(128, eps=1e-05, momentum=0.1, affine=True, track_running_stats=True)
        (ff_dropout1): Dropout(p=0.2, inplace=False)
        (ff_dropout2): Dropout(p=0.2, inplace=False)
      )
      (2): GCNConvLayer(
        (bn_node_x): BatchNorm1d(128, eps=1e-05, momentum=0.1, affine=True, track_running_stats=True)
        (act): Sequential(
          (0): ReLU()
          (1): Dropout(p=0.2, inplace=False)
        )
        (model): GCNConv(128, 128)
        (norm1_local): BatchNorm1d(128, eps=1e-05, momentum=0.1, affine=True, track_running_stats=True)
        (ff_linear1): Linear(in_features=128, out_features=256, bias=True)
        (ff_linear2): Linear(in_features=256, out_features=128, bias=True)
        (act_fn_ff): ReLU()
        (norm2): BatchNorm1d(128, eps=1e-05, momentum=0.1, affine=True, track_running_stats=True)
        (ff_dropout1): Dropout(p=0.2, inplace=False)
        (ff_dropout2): Dropout(p=0.2, inplace=False)
      )
    )
    (post_mp): MLPGraphHead(
      (mlp): Sequential(
        (0): Dropout(p=0.2, inplace=False)
        (1): Linear(in_features=128, out_features=128, bias=True)
        (2): ReLU()
        (3): Dropout(p=0.2, inplace=False)
        (4): Linear(in_features=128, out_features=21, bias=True)
      )
    )
  )
)
accelerator: cuda
adv:
  lambda_u: 0.1
  num_users: 16
  use: False
benchmark: False
bn:
  eps: 1e-05
  mom: 0.1
cfg_dest: config.yaml
custom_metrics: []
dataset:
  cache_load: False
  cache_save: False
  dir: C:\Users\PC\Desktop\AdversarialLearningProject 1\ICML\Adversarial_Learning\Daniel\RFIDDataSet\DataSetLOPO
  edge_dim: 128
  edge_encoder: False
  edge_encoder_bn: True
  edge_encoder_name: Bond
  edge_encoder_num_types: 0
  edge_message_ratio: 0.8
  edge_negative_sampling_ratio: 1.0
  edge_train_mode: all
  encoder: True
  encoder_bn: True
  encoder_dim: 128
  encoder_name: db
  format: RFID
  infer_link_label: None
  label_column: none
  label_table: none
  location: local
  name: rfid
  node_encoder: False
  node_encoder_bn: True
  node_encoder_name: Atom
  node_encoder_num_types: 0
  remove_feature: False
  resample_disjoint: False
  resample_negative: False
  shuffle_split: True
  slic_compactness: 10
  split: [0.8, 0.1, 0.1]
  split_dir: ./splits
  split_index: 0
  split_mode: lopo-subject
  task: graph
  task_type: classification
  test_subj: FQ 3m
  to_undirected: False
  transductive: False
  transform: none
  tu_simple: True
  val_subj: GM 3m
devices: 1
example_arg: example
example_group:
  example_arg: example
gnn:
  act: relu
  agg: add
  att_final_linear: False
  att_final_linear_bn: False
  att_heads: 1
  batchnorm: True
  clear_feature: True
  dim_inner: 128
  dropout: 0.2
  ffn: True
  head: mlp_graph
  keep_edge: 0.5
  l2norm: True
  layer_type: gcn
  layers_mp: 3
  layers_post_mp: 2
  layers_pre_mp: 1
  msg_direction: single
  normalize_adj: False
  residual: False
  self_msg: concat
  skip_every: 1
  stage_type: stack
gpu_mem: False
mem:
  inplace: False
metric_agg: argmax
metric_best: accuracy
model:
  edge_decoding: dot
  graph_pooling: mean
  loss_fun: cross_entropy
  match_upper: True
  size_average: mean
  thresh: 0.5
  type: custom_gnn
name_tag: 
num_threads: 6
num_workers: 0
optim:
  base_lr: 0.001
  batch_accumulation: 1
  clip_grad_norm: False
  clip_grad_norm_value: 1.0
  lr_decay: 0.1
  max_epoch: 250
  min_lr: 0.0
  momentum: 0.9
  num_warmup_epochs: 50
  optimizer: adam
  reduce_factor: 0.1
  schedule_patience: 10
  scheduler: cos
  steps: [30, 60, 90]
  weight_decay: 0.0005
out_dir: results_lopo_none/FQ_3m
posenc_RWSE:
  dim_pe: 16
  enable: False
  kernel:
    times: []
    times_func: 
  layers: 3
  model: none
  n_heads: 4
  pass_as_var: False
  post_layers: 0
  raw_norm_type: none
pretrained:
  dir: 
  freeze_main: False
  reset_prediction_head: True
print: both
round: 5
run_dir: results_lopo_none/FQ_3m
run_id: 0
run_multiple_splits: []
seed: 0
share:
  dim_in: 60
  dim_out: 21
  num_splits: 3
tensorboard_agg: True
tensorboard_each_run: False
train:
  auto_resume: False
  batch_size: 32
  ckpt_best: False
  ckpt_clean: True
  ckpt_period: 100
  enable_ckpt: True
  epoch_resume: -1
  eval_period: 1
  eval_smoothing_metrics: False
  iter_per_epoch: 32
  mode: custom
  neighbor_sizes: [20, 15, 10, 5]
  node_per_graph: 32
  radius: extend
  sample_node: False
  sampler: full_batch
  skip_train_eval: False
  walk_length: 4
val:
  node_per_graph: 32
  radius: extend
  sample_node: False
  sampler: full_batch
view_emb: False
wandb:
  entity: gnn
  name: 
  project: rfid_lopo
  use: False
Num parameters: 276757
Start from epoch 0
train: {'epoch': 0, 'time_epoch': 2.72619, 'eta': 678.8208, 'eta_hours': 0.18856, 'loss': 2.5352586, 'lr': 0.001, 'params': 276757, 'time_iter': 0.01558, 'accuracy': 0.20466, 'f1': 0.18453, 'auc': 0.78453}
...computing epoch stats took: 0.08s
val: {'epoch': 0, 'time_epoch': 0.11924, 'loss': 3.17390205, 'lr': 0, 'params': 276757, 'time_iter': 0.00852, 'accuracy': 0.1, 'f1': 0.07381, 'auc': 0.63256}
...computing epoch stats took: 0.05s
test: {'epoch': 0, 'time_epoch': 0.11035, 'loss': 3.6662247, 'lr': 0, 'params': 276757, 'time_iter': 0.00788, 'accuracy': 0.11429, 'f1': 0.04832, 'auc': 0.67442}
...computing epoch stats took: 0.02s
[*] Confusion Matrix saved to: results_lopo_none/FQ_3m\Conf\confusion_matrix_epoch_0.png
> Epoch 0: took 3.1s (avg 3.1s) | Best so far: epoch 0	train_loss: 2.5353 train_accuracy: 0.2047	val_loss: 3.1739 val_accuracy: 0.1000	test_loss: 3.6662 test_accuracy: 0.1143	F1: 0.0483 Prec: 0.0384 Rec: 0.1143
train: {'epoch': 1, 'time_epoch': 1.84128, 'eta': 566.36605, 'eta_hours': 0.15732, 'loss': 2.04089975, 'lr': 0.00099996, 'params': 276757, 'time_iter': 0.01052, 'accuracy': 0.32115, 'f1': 0.30509, 'auc': 0.87596}
...computing epoch stats took: 0.02s
val: {'epoch': 1, 'time_epoch': 0.10282, 'loss': 7.79025678, 'lr': 0, 'params': 276757, 'time_iter': 0.00734, 'accuracy': 0.05, 'f1': 0.00875, 'auc': 0.59339}
...computing epoch stats took: 0.03s
test: {'epoch': 1, 'time_epoch': 0.06823, 'loss': 5.30504756, 'lr': 0, 'params': 276757, 'time_iter': 0.00487, 'accuracy': 0.0881, 'f1': 0.04887, 'auc': 0.62195}
...computing epoch stats took: 0.02s
> Epoch 1: took 2.1s (avg 2.6s) | Best so far: epoch 0	train_loss: 2.5353 train_accuracy: 0.2047	val_loss: 3.1739 val_accuracy: 0.1000	test_loss: 3.6662 test_accuracy: 0.1143	F1: 0.0483 Prec: 0.0384 Rec: 0.1143
train: {'epoch': 2, 'time_epoch': 1.81649, 'eta': 525.61235, 'eta_hours': 0.146, 'loss': 1.857667, 'lr': 0.00099984, 'params': 276757, 'time_iter': 0.01038, 'accuracy': 0.37706, 'f1': 0.36613, 'auc': 0.9}
...computing epoch stats took: 0.03s
val: {'epoch': 2, 'time_epoch': 0.08314, 'loss': 8.62949729, 'lr': 0, 'params': 276757, 'time_iter': 0.00594, 'accuracy': 0.04762, 'f1': 0.0056, 'auc': 0.56899}
...computing epoch stats took: 0.02s
test: {'epoch': 2, 'time_epoch': 0.08645, 'loss': 6.78109298, 'lr': 0, 'params': 276757, 'time_iter': 0.00617, 'accuracy': 0.05238, 'f1': 0.00733, 'auc': 0.63475}
...computing epoch stats took: 0.02s
> Epoch 2: took 2.1s (avg 2.4s) | Best so far: epoch 0	train_loss: 2.5353 train_accuracy: 0.2047	val_loss: 3.1739 val_accuracy: 0.1000	test_loss: 3.6662 test_accuracy: 0.1143	F1: 0.0483 Prec: 0.0384 Rec: 0.1143
train: {'epoch': 3, 'time_epoch': 1.6053, 'eta': 491.33893, 'eta_hours': 0.13648, 'loss': 1.7310482, 'lr': 0.00099964, 'params': 276757, 'time_iter': 0.00917, 'accuracy': 0.41703, 'f1': 0.40965, 'auc': 0.9155}
val: {'epoch': 3, 'time_epoch': 0.06607, 'loss': 7.29636876, 'lr': 0, 'params': 276757, 'time_iter': 0.00472, 'accuracy': 0.05714, 'f1': 0.01344, 'auc': 0.60982}
test: {'epoch': 3, 'time_epoch': 0.06825, 'loss': 4.65484839, 'lr': 0, 'params': 276757, 'time_iter': 0.00487, 'accuracy': 0.1119, 'f1': 0.04362, 'auc': 0.67674}
> Epoch 3: took 1.8s (avg 2.3s) | Best so far: epoch 0	train_loss: 2.5353 train_accuracy: 0.2047	val_loss: 3.1739 val_accuracy: 0.1000	test_loss: 3.6662 test_accuracy: 0.1143	F1: 0.0483 Prec: 0.0384 Rec: 0.1143
train: {'epoch': 4, 'time_epoch': 1.78712, 'eta': 479.04226, 'eta_hours': 0.13307, 'loss': 1.63537836, 'lr': 0.00099937, 'params': 276757, 'time_iter': 0.01021, 'accuracy': 0.44516, 'f1': 0.43894, 'auc': 0.92521}
val: {'epoch': 4, 'time_epoch': 0.06995, 'loss': 6.04310178, 'lr': 0, 'params': 276757, 'time_iter': 0.005, 'accuracy': 0.05952, 'f1': 0.0098, 'auc': 0.63615}
test: {'epoch': 4, 'time_epoch': 0.07355, 'loss': 4.04586787, 'lr': 0, 'params': 276757, 'time_iter': 0.00525, 'accuracy': 0.12381, 'f1': 0.07757, 'auc': 0.72846}
> Epoch 4: took 2.0s (avg 2.2s) | Best so far: epoch 0	train_loss: 2.5353 train_accuracy: 0.2047	val_loss: 3.1739 val_accuracy: 0.1000	test_loss: 3.6662 test_accuracy: 0.1143	F1: 0.0483 Prec: 0.0384 Rec: 0.1143
train: {'epoch': 5, 'time_epoch': 1.75809, 'eta': 469.06829, 'eta_hours': 0.1303, 'loss': 1.56802845, 'lr': 0.00099901, 'params': 276757, 'time_iter': 0.01005, 'accuracy': 0.4724, 'f1': 0.4666, 'auc': 0.93141}
val: {'epoch': 5, 'time_epoch': 0.08332, 'loss': 4.11838563, 'lr': 0, 'params': 276757, 'time_iter': 0.00595, 'accuracy': 0.15238, 'f1': 0.10138, 'auc': 0.71704}
test: {'epoch': 5, 'time_epoch': 0.0712, 'loss': 2.93203298, 'lr': 0, 'params': 276757, 'time_iter': 0.00509, 'accuracy': 0.20476, 'f1': 0.12614, 'auc': 0.83045}
[*] Confusion Matrix saved to: results_lopo_none/FQ_3m\Conf\confusion_matrix_epoch_5.png
> Epoch 5: took 2.0s (avg 2.2s) | Best so far: epoch 5	train_loss: 1.5680 train_accuracy: 0.4724	val_loss: 4.1184 val_accuracy: 0.1524	test_loss: 2.9320 test_accuracy: 0.2048	F1: 0.1261 Prec: 0.1659 Rec: 0.2048
train: {'epoch': 6, 'time_epoch': 1.60018, 'eta': 455.95969, 'eta_hours': 0.12666, 'loss': 1.55525344, 'lr': 0.00099858, 'params': 276757, 'time_iter': 0.00914, 'accuracy': 0.47455, 'f1': 0.46822, 'auc': 0.93268}
val: {'epoch': 6, 'time_epoch': 0.06819, 'loss': 6.47482094, 'lr': 0, 'params': 276757, 'time_iter': 0.00487, 'accuracy': 0.05238, 'f1': 0.01063, 'auc': 0.60906}
test: {'epoch': 6, 'time_epoch': 0.09236, 'loss': 4.18637081, 'lr': 0, 'params': 276757, 'time_iter': 0.0066, 'accuracy': 0.1, 'f1': 0.0309, 'auc': 0.75467}
> Epoch 6: took 1.8s (avg 2.1s) | Best so far: epoch 5	train_loss: 1.5680 train_accuracy: 0.4724	val_loss: 4.1184 val_accuracy: 0.1524	test_loss: 2.9320 test_accuracy: 0.2048	F1: 0.1261 Prec: 0.1659 Rec: 0.2048
train: {'epoch': 7, 'time_epoch': 2.17407, 'eta': 463.0885, 'eta_hours': 0.12864, 'loss': 1.46378549, 'lr': 0.00099807, 'params': 276757, 'time_iter': 0.01242, 'accuracy': 0.49749, 'f1': 0.49262, 'auc': 0.94084}
val: {'epoch': 7, 'time_epoch': 0.10176, 'loss': 7.01149664, 'lr': 0, 'params': 276757, 'time_iter': 0.00727, 'accuracy': 0.09286, 'f1': 0.02459, 'auc': 0.67163}
test: {'epoch': 7, 'time_epoch': 0.09771, 'loss': 4.83383239, 'lr': 0, 'params': 276757, 'time_iter': 0.00698, 'accuracy': 0.1381, 'f1': 0.06731, 'auc': 0.73323}
> Epoch 7: took 2.5s (avg 2.2s) | Best so far: epoch 5	train_loss: 1.5680 train_accuracy: 0.4724	val_loss: 4.1184 val_accuracy: 0.1524	test_loss: 2.9320 test_accuracy: 0.2048	F1: 0.1261 Prec: 0.1659 Rec: 0.2048
train: {'epoch': 8, 'time_epoch': 1.90969, 'eta': 461.07063, 'eta_hours': 0.12808, 'loss': 1.40903855, 'lr': 0.00099748, 'params': 276757, 'time_iter': 0.01091, 'accuracy': 0.52025, 'f1': 0.51574, 'auc': 0.94537}
val: {'epoch': 8, 'time_epoch': 0.0797, 'loss': 8.95790209, 'lr': 0, 'params': 276757, 'time_iter': 0.00569, 'accuracy': 0.05714, 'f1': 0.01406, 'auc': 0.61731}
test: {'epoch': 8, 'time_epoch': 0.0711, 'loss': 6.11322078, 'lr': 0, 'params': 276757, 'time_iter': 0.00508, 'accuracy': 0.0619, 'f1': 0.01541, 'auc': 0.70237}
> Epoch 8: took 2.1s (avg 2.2s) | Best so far: epoch 5	train_loss: 1.5680 train_accuracy: 0.4724	val_loss: 4.1184 val_accuracy: 0.1524	test_loss: 2.9320 test_accuracy: 0.2048	F1: 0.1261 Prec: 0.1659 Rec: 0.2048
train: {'epoch': 9, 'time_epoch': 1.80582, 'eta': 456.5814, 'eta_hours': 0.12683, 'loss': 1.37925184, 'lr': 0.00099681, 'params': 276757, 'time_iter': 0.01032, 'accuracy': 0.52688, 'f1': 0.52221, 'auc': 0.94826}
val: {'epoch': 9, 'time_epoch': 0.07086, 'loss': 8.15570497, 'lr': 0, 'params': 276757, 'time_iter': 0.00506, 'accuracy': 0.05, 'f1': 0.00941, 'auc': 0.62078}
test: {'epoch': 9, 'time_epoch': 0.06819, 'loss': 4.56534853, 'lr': 0, 'params': 276757, 'time_iter': 0.00487, 'accuracy': 0.13571, 'f1': 0.07317, 'auc': 0.72907}
> Epoch 9: took 2.0s (avg 2.2s) | Best so far: epoch 5	train_loss: 1.5680 train_accuracy: 0.4724	val_loss: 4.1184 val_accuracy: 0.1524	test_loss: 2.9320 test_accuracy: 0.2048	F1: 0.1261 Prec: 0.1659 Rec: 0.2048
train: {'epoch': 10, 'time_epoch': 1.77331, 'eta': 451.87377, 'eta_hours': 0.12552, 'loss': 1.34588997, 'lr': 0.00099606, 'params': 276757, 'time_iter': 0.01013, 'accuracy': 0.53943, 'f1': 0.53557, 'auc': 0.95018}
val: {'epoch': 10, 'time_epoch': 0.08026, 'loss': 10.50046363, 'lr': 0, 'params': 276757, 'time_iter': 0.00573, 'accuracy': 0.04762, 'f1': 0.00467, 'auc': 0.58128}
test: {'epoch': 10, 'time_epoch': 0.08459, 'loss': 6.03169175, 'lr': 0, 'params': 276757, 'time_iter': 0.00604, 'accuracy': 0.1381, 'f1': 0.06107, 'auc': 0.70076}
> Epoch 10: took 2.0s (avg 2.1s) | Best so far: epoch 5	train_loss: 1.5680 train_accuracy: 0.4724	val_loss: 4.1184 val_accuracy: 0.1524	test_loss: 2.9320 test_accuracy: 0.2048	F1: 0.1261 Prec: 0.1659 Rec: 0.2048
train: {'epoch': 11, 'time_epoch': 1.74418, 'eta': 447.07734, 'eta_hours': 0.12419, 'loss': 1.28517722, 'lr': 0.00099523, 'params': 276757, 'time_iter': 0.00997, 'accuracy': 0.55789, 'f1': 0.55492, 'auc': 0.95547}
val: {'epoch': 11, 'time_epoch': 0.07142, 'loss': 9.3047546, 'lr': 0, 'params': 276757, 'time_iter': 0.0051, 'accuracy': 0.07143, 'f1': 0.03378, 'auc': 0.6045}
test: {'epoch': 11, 'time_epoch': 0.06611, 'loss': 5.05374847, 'lr': 0, 'params': 276757, 'time_iter': 0.00472, 'accuracy': 0.14762, 'f1': 0.09151, 'auc': 0.74585}
> Epoch 11: took 2.0s (avg 2.1s) | Best so far: epoch 5	train_loss: 1.5680 train_accuracy: 0.4724	val_loss: 4.1184 val_accuracy: 0.1524	test_loss: 2.9320 test_accuracy: 0.2048	F1: 0.1261 Prec: 0.1659 Rec: 0.2048
train: {'epoch': 12, 'time_epoch': 1.75394, 'eta': 442.92855, 'eta_hours': 0.12304, 'loss': 1.30139846, 'lr': 0.00099433, 'params': 276757, 'time_iter': 0.01002, 'accuracy': 0.55269, 'f1': 0.54969, 'auc': 0.95405}
val: {'epoch': 12, 'time_epoch': 0.05964, 'loss': 12.70932268, 'lr': 0, 'params': 276757, 'time_iter': 0.00426, 'accuracy': 0.05, 'f1': 0.00677, 'auc': 0.59545}
test: {'epoch': 12, 'time_epoch': 0.07459, 'loss': 8.31412317, 'lr': 0, 'params': 276757, 'time_iter': 0.00533, 'accuracy': 0.0881, 'f1': 0.02131, 'auc': 0.63623}
> Epoch 12: took 2.0s (avg 2.1s) | Best so far: epoch 5	train_loss: 1.5680 train_accuracy: 0.4724	val_loss: 4.1184 val_accuracy: 0.1524	test_loss: 2.9320 test_accuracy: 0.2048	F1: 0.1261 Prec: 0.1659 Rec: 0.2048
train: {'epoch': 13, 'time_epoch': 1.81719, 'eta': 440.18807, 'eta_hours': 0.12227, 'loss': 1.2184826, 'lr': 0.00099334, 'params': 276757, 'time_iter': 0.01038, 'accuracy': 0.58459, 'f1': 0.58138, 'auc': 0.95975}
val: {'epoch': 13, 'time_epoch': 0.12097, 'loss': 7.51688137, 'lr': 0, 'params': 276757, 'time_iter': 0.00864, 'accuracy': 0.05, 'f1': 0.00777, 'auc': 0.61077}
test: {'epoch': 13, 'time_epoch': 0.07399, 'loss': 5.28140224, 'lr': 0, 'params': 276757, 'time_iter': 0.00528, 'accuracy': 0.0881, 'f1': 0.01728, 'auc': 0.725}
> Epoch 13: took 2.1s (avg 2.1s) | Best so far: epoch 5	train_loss: 1.5680 train_accuracy: 0.4724	val_loss: 4.1184 val_accuracy: 0.1524	test_loss: 2.9320 test_accuracy: 0.2048	F1: 0.1261 Prec: 0.1659 Rec: 0.2048
train: {'epoch': 14, 'time_epoch': 2.10705, 'eta': 442.1118, 'eta_hours': 0.12281, 'loss': 1.21613292, 'lr': 0.00099228, 'params': 276757, 'time_iter': 0.01204, 'accuracy': 0.58369, 'f1': 0.58133, 'auc': 0.95997}
val: {'epoch': 14, 'time_epoch': 0.09024, 'loss': 6.20713941, 'lr': 0, 'params': 276757, 'time_iter': 0.00645, 'accuracy': 0.13333, 'f1': 0.06423, 'auc': 0.69209}
test: {'epoch': 14, 'time_epoch': 0.08043, 'loss': 4.03354491, 'lr': 0, 'params': 276757, 'time_iter': 0.00574, 'accuracy': 0.1119, 'f1': 0.09783, 'auc': 0.78287}
> Epoch 14: took 2.4s (avg 2.1s) | Best so far: epoch 5	train_loss: 1.5680 train_accuracy: 0.4724	val_loss: 4.1184 val_accuracy: 0.1524	test_loss: 2.9320 test_accuracy: 0.2048	F1: 0.1261 Prec: 0.1659 Rec: 0.2048
train: {'epoch': 15, 'time_epoch': 2.01127, 'eta': 442.13091, 'eta_hours': 0.12281, 'loss': 1.15912327, 'lr': 0.00099114, 'params': 276757, 'time_iter': 0.01149, 'accuracy': 0.59695, 'f1': 0.59488, 'auc': 0.96365}
val: {'epoch': 15, 'time_epoch': 0.07143, 'loss': 12.00285923, 'lr': 0, 'params': 276757, 'time_iter': 0.0051, 'accuracy': 0.08095, 'f1': 0.03328, 'auc': 0.57562}
test: {'epoch': 15, 'time_epoch': 0.07272, 'loss': 7.55894898, 'lr': 0, 'params': 276757, 'time_iter': 0.00519, 'accuracy': 0.07857, 'f1': 0.02385, 'auc': 0.62237}
> Epoch 15: took 2.2s (avg 2.1s) | Best so far: epoch 5	train_loss: 1.5680 train_accuracy: 0.4724	val_loss: 4.1184 val_accuracy: 0.1524	test_loss: 2.9320 test_accuracy: 0.2048	F1: 0.1261 Prec: 0.1659 Rec: 0.2048
train: {'epoch': 16, 'time_epoch': 2.11637, 'eta': 443.35156, 'eta_hours': 0.12315, 'loss': 1.17130387, 'lr': 0.00098993, 'params': 276757, 'time_iter': 0.01209, 'accuracy': 0.60125, 'f1': 0.59981, 'auc': 0.96266}
val: {'epoch': 16, 'time_epoch': 0.08861, 'loss': 14.04740922, 'lr': 0, 'params': 276757, 'time_iter': 0.00633, 'accuracy': 0.03571, 'f1': 0.00496, 'auc': 0.5673}
test: {'epoch': 16, 'time_epoch': 0.07274, 'loss': 8.60508946, 'lr': 0, 'params': 276757, 'time_iter': 0.0052, 'accuracy': 0.08571, 'f1': 0.0225, 'auc': 0.64465}
> Epoch 16: took 2.4s (avg 2.2s) | Best so far: epoch 5	train_loss: 1.5680 train_accuracy: 0.4724	val_loss: 4.1184 val_accuracy: 0.1524	test_loss: 2.9320 test_accuracy: 0.2048	F1: 0.1261 Prec: 0.1659 Rec: 0.2048
train: {'epoch': 17, 'time_epoch': 2.04884, 'eta': 443.33108, 'eta_hours': 0.12315, 'loss': 1.13384885, 'lr': 0.00098863, 'params': 276757, 'time_iter': 0.01171, 'accuracy': 0.61756, 'f1': 0.61515, 'auc': 0.96527}
val: {'epoch': 17, 'time_epoch': 0.12182, 'loss': 8.11911556, 'lr': 0, 'params': 276757, 'time_iter': 0.0087, 'accuracy': 0.05238, 'f1': 0.01086, 'auc': 0.63215}
test: {'epoch': 17, 'time_epoch': 0.0723, 'loss': 4.5555935, 'lr': 0, 'params': 276757, 'time_iter': 0.00516, 'accuracy': 0.1119, 'f1': 0.04369, 'auc': 0.73339}
> Epoch 17: took 2.3s (avg 2.2s) | Best so far: epoch 5	train_loss: 1.5680 train_accuracy: 0.4724	val_loss: 4.1184 val_accuracy: 0.1524	test_loss: 2.9320 test_accuracy: 0.2048	F1: 0.1261 Prec: 0.1659 Rec: 0.2048
train: {'epoch': 18, 'time_epoch': 1.83367, 'eta': 440.48113, 'eta_hours': 0.12236, 'loss': 1.09102269, 'lr': 0.00098726, 'params': 276757, 'time_iter': 0.01048, 'accuracy': 0.62778, 'f1': 0.62579, 'auc': 0.96777}
val: {'epoch': 18, 'time_epoch': 0.07472, 'loss': 15.37779701, 'lr': 0, 'params': 276757, 'time_iter': 0.00534, 'accuracy': 0.04762, 'f1': 0.00462, 'auc': 0.5953}
test: {'epoch': 18, 'time_epoch': 0.06121, 'loss': 8.95140754, 'lr': 0, 'params': 276757, 'time_iter': 0.00437, 'accuracy': 0.10238, 'f1': 0.04722, 'auc': 0.66324}
> Epoch 18: took 2.1s (avg 2.2s) | Best so far: epoch 5	train_loss: 1.5680 train_accuracy: 0.4724	val_loss: 4.1184 val_accuracy: 0.1524	test_loss: 2.9320 test_accuracy: 0.2048	F1: 0.1261 Prec: 0.1659 Rec: 0.2048
train: {'epoch': 19, 'time_epoch': 2.06988, 'eta': 440.44919, 'eta_hours': 0.12235, 'loss': 1.06920793, 'lr': 0.00098582, 'params': 276757, 'time_iter': 0.01183, 'accuracy': 0.63477, 'f1': 0.63305, 'auc': 0.96897}
val: {'epoch': 19, 'time_epoch': 0.06928, 'loss': 9.1211765, 'lr': 0, 'params': 276757, 'time_iter': 0.00495, 'accuracy': 0.09286, 'f1': 0.01973, 'auc': 0.6436}
test: {'epoch': 19, 'time_epoch': 0.08069, 'loss': 5.08045702, 'lr': 0, 'params': 276757, 'time_iter': 0.00576, 'accuracy': 0.11429, 'f1': 0.06479, 'auc': 0.71417}
> Epoch 19: took 2.3s (avg 2.2s) | Best so far: epoch 5	train_loss: 1.5680 train_accuracy: 0.4724	val_loss: 4.1184 val_accuracy: 0.1524	test_loss: 2.9320 test_accuracy: 0.2048	F1: 0.1261 Prec: 0.1659 Rec: 0.2048
train: {'epoch': 20, 'time_epoch': 1.77702, 'eta': 437.02956, 'eta_hours': 0.1214, 'loss': 1.05403063, 'lr': 0.00098429, 'params': 276757, 'time_iter': 0.01015, 'accuracy': 0.6362, 'f1': 0.63453, 'auc': 0.96992}
val: {'epoch': 20, 'time_epoch': 0.07657, 'loss': 7.75523247, 'lr': 0, 'params': 276757, 'time_iter': 0.00547, 'accuracy': 0.07143, 'f1': 0.03934, 'auc': 0.6517}
test: {'epoch': 20, 'time_epoch': 0.07136, 'loss': 4.16886673, 'lr': 0, 'params': 276757, 'time_iter': 0.0051, 'accuracy': 0.13571, 'f1': 0.09055, 'auc': 0.75286}
> Epoch 20: took 2.0s (avg 2.2s) | Best so far: epoch 5	train_loss: 1.5680 train_accuracy: 0.4724	val_loss: 4.1184 val_accuracy: 0.1524	test_loss: 2.9320 test_accuracy: 0.2048	F1: 0.1261 Prec: 0.1659 Rec: 0.2048
train: {'epoch': 21, 'time_epoch': 2.11306, 'eta': 437.24188, 'eta_hours': 0.12146, 'loss': 1.00422519, 'lr': 0.00098269, 'params': 276757, 'time_iter': 0.01207, 'accuracy': 0.66111, 'f1': 0.66008, 'auc': 0.97244}
val: {'epoch': 21, 'time_epoch': 0.08762, 'loss': 5.73169329, 'lr': 0, 'params': 276757, 'time_iter': 0.00626, 'accuracy': 0.11429, 'f1': 0.06704, 'auc': 0.73098}
test: {'epoch': 21, 'time_epoch': 0.06803, 'loss': 4.64918261, 'lr': 0, 'params': 276757, 'time_iter': 0.00486, 'accuracy': 0.0619, 'f1': 0.05985, 'auc': 0.73123}
> Epoch 21: took 2.4s (avg 2.2s) | Best so far: epoch 5	train_loss: 1.5680 train_accuracy: 0.4724	val_loss: 4.1184 val_accuracy: 0.1524	test_loss: 2.9320 test_accuracy: 0.2048	F1: 0.1261 Prec: 0.1659 Rec: 0.2048
train: {'epoch': 22, 'time_epoch': 1.81278, 'eta': 434.2884, 'eta_hours': 0.12064, 'loss': 0.99870859, 'lr': 0.00098101, 'params': 276757, 'time_iter': 0.01036, 'accuracy': 0.65806, 'f1': 0.65751, 'auc': 0.97329}
val: {'epoch': 22, 'time_epoch': 0.07594, 'loss': 4.11748266, 'lr': 0, 'params': 276757, 'time_iter': 0.00542, 'accuracy': 0.17381, 'f1': 0.12557, 'auc': 0.748}
test: {'epoch': 22, 'time_epoch': 0.06692, 'loss': 3.26899911, 'lr': 0, 'params': 276757, 'time_iter': 0.00478, 'accuracy': 0.13095, 'f1': 0.08956, 'auc': 0.79782}
[*] Confusion Matrix saved to: results_lopo_none/FQ_3m\Conf\confusion_matrix_epoch_22.png
> Epoch 22: took 2.1s (avg 2.2s) | Best so far: epoch 22	train_loss: 0.9987 train_accuracy: 0.6581	val_loss: 4.1175 val_accuracy: 0.1738	test_loss: 3.2690 test_accuracy: 0.1310	F1: 0.0896 Prec: 0.2489 Rec: 0.1310
train: {'epoch': 23, 'time_epoch': 1.82255, 'eta': 431.52195, 'eta_hours': 0.11987, 'loss': 0.9985766, 'lr': 0.00097926, 'params': 276757, 'time_iter': 0.01041, 'accuracy': 0.65323, 'f1': 0.65199, 'auc': 0.97332}
val: {'epoch': 23, 'time_epoch': 0.06501, 'loss': 13.48043811, 'lr': 0, 'params': 276757, 'time_iter': 0.00464, 'accuracy': 0.07619, 'f1': 0.04408, 'auc': 0.6314}
test: {'epoch': 23, 'time_epoch': 0.09387, 'loss': 8.10166475, 'lr': 0, 'params': 276757, 'time_iter': 0.0067, 'accuracy': 0.12619, 'f1': 0.07439, 'auc': 0.71075}
> Epoch 23: took 2.1s (avg 2.2s) | Best so far: epoch 22	train_loss: 0.9987 train_accuracy: 0.6581	val_loss: 4.1175 val_accuracy: 0.1738	test_loss: 3.2690 test_accuracy: 0.1310	F1: 0.0896 Prec: 0.2489 Rec: 0.1310
train: {'epoch': 24, 'time_epoch': 1.96089, 'eta': 430.07606, 'eta_hours': 0.11947, 'loss': 0.96372847, 'lr': 0.00097743, 'params': 276757, 'time_iter': 0.01121, 'accuracy': 0.67491, 'f1': 0.67406, 'auc': 0.97504}
val: {'epoch': 24, 'time_epoch': 0.07162, 'loss': 8.4039015, 'lr': 0, 'params': 276757, 'time_iter': 0.00512, 'accuracy': 0.06905, 'f1': 0.0306, 'auc': 0.63396}
test: {'epoch': 24, 'time_epoch': 0.06955, 'loss': 4.17915998, 'lr': 0, 'params': 276757, 'time_iter': 0.00497, 'accuracy': 0.07857, 'f1': 0.05032, 'auc': 0.76296}
> Epoch 24: took 2.2s (avg 2.2s) | Best so far: epoch 22	train_loss: 0.9987 train_accuracy: 0.6581	val_loss: 4.1175 val_accuracy: 0.1738	test_loss: 3.2690 test_accuracy: 0.1310	F1: 0.0896 Prec: 0.2489 Rec: 0.1310
train: {'epoch': 25, 'time_epoch': 1.63897, 'eta': 425.81708, 'eta_hours': 0.11828, 'loss': 0.93958155, 'lr': 0.00097553, 'params': 276757, 'time_iter': 0.00937, 'accuracy': 0.68369, 'f1': 0.68282, 'auc': 0.97638}
val: {'epoch': 25, 'time_epoch': 0.07588, 'loss': 10.68337956, 'lr': 0, 'params': 276757, 'time_iter': 0.00542, 'accuracy': 0.05714, 'f1': 0.01982, 'auc': 0.63121}
test: {'epoch': 25, 'time_epoch': 0.06794, 'loss': 6.30444442, 'lr': 0, 'params': 276757, 'time_iter': 0.00485, 'accuracy': 0.05476, 'f1': 0.01247, 'auc': 0.7239}
> Epoch 25: took 1.9s (avg 2.1s) | Best so far: epoch 22	train_loss: 0.9987 train_accuracy: 0.6581	val_loss: 4.1175 val_accuracy: 0.1738	test_loss: 3.2690 test_accuracy: 0.1310	F1: 0.0896 Prec: 0.2489 Rec: 0.1310
train: {'epoch': 26, 'time_epoch': 1.82813, 'eta': 423.31456, 'eta_hours': 0.11759, 'loss': 0.93732741, 'lr': 0.00097355, 'params': 276757, 'time_iter': 0.01045, 'accuracy': 0.68333, 'f1': 0.68242, 'auc': 0.97595}
val: {'epoch': 26, 'time_epoch': 0.06616, 'loss': 9.03177463, 'lr': 0, 'params': 276757, 'time_iter': 0.00473, 'accuracy': 0.10238, 'f1': 0.04934, 'auc': 0.65109}
test: {'epoch': 26, 'time_epoch': 0.06745, 'loss': 4.45529419, 'lr': 0, 'params': 276757, 'time_iter': 0.00482, 'accuracy': 0.13571, 'f1': 0.0894, 'auc': 0.75808}
> Epoch 26: took 2.1s (avg 2.1s) | Best so far: epoch 22	train_loss: 0.9987 train_accuracy: 0.6581	val_loss: 4.1175 val_accuracy: 0.1738	test_loss: 3.2690 test_accuracy: 0.1310	F1: 0.0896 Prec: 0.2489 Rec: 0.1310
train: {'epoch': 27, 'time_epoch': 1.6993, 'eta': 419.83875, 'eta_hours': 0.11662, 'loss': 0.8787005, 'lr': 0.0009715, 'params': 276757, 'time_iter': 0.00971, 'accuracy': 0.70645, 'f1': 0.70562, 'auc': 0.97898}
val: {'epoch': 27, 'time_epoch': 0.06871, 'loss': 7.23669134, 'lr': 0, 'params': 276757, 'time_iter': 0.00491, 'accuracy': 0.07619, 'f1': 0.03521, 'auc': 0.68411}
test: {'epoch': 27, 'time_epoch': 0.0645, 'loss': 4.60454744, 'lr': 0, 'params': 276757, 'time_iter': 0.00461, 'accuracy': 0.12619, 'f1': 0.10185, 'auc': 0.76812}
> Epoch 27: took 1.9s (avg 2.1s) | Best so far: epoch 22	train_loss: 0.9987 train_accuracy: 0.6581	val_loss: 4.1175 val_accuracy: 0.1738	test_loss: 3.2690 test_accuracy: 0.1310	F1: 0.0896 Prec: 0.2489 Rec: 0.1310
train: {'epoch': 28, 'time_epoch': 1.75015, 'eta': 416.87292, 'eta_hours': 0.1158, 'loss': 0.8766366, 'lr': 0.00096937, 'params': 276757, 'time_iter': 0.01, 'accuracy': 0.69892, 'f1': 0.69788, 'auc': 0.9789}
val: {'epoch': 28, 'time_epoch': 0.06973, 'loss': 11.57620606, 'lr': 0, 'params': 276757, 'time_iter': 0.00498, 'accuracy': 0.08095, 'f1': 0.01864, 'auc': 0.59758}
test: {'epoch': 28, 'time_epoch': 0.06822, 'loss': 7.33221857, 'lr': 0, 'params': 276757, 'time_iter': 0.00487, 'accuracy': 0.14286, 'f1': 0.05021, 'auc': 0.71214}
> Epoch 28: took 2.0s (avg 2.1s) | Best so far: epoch 22	train_loss: 0.9987 train_accuracy: 0.6581	val_loss: 4.1175 val_accuracy: 0.1738	test_loss: 3.2690 test_accuracy: 0.1310	F1: 0.0896 Prec: 0.2489 Rec: 0.1310
train: {'epoch': 29, 'time_epoch': 1.74434, 'eta': 413.94553, 'eta_hours': 0.11498, 'loss': 0.8982414, 'lr': 0.00096716, 'params': 276757, 'time_iter': 0.00997, 'accuracy': 0.69337, 'f1': 0.69231, 'auc': 0.97803}
val: {'epoch': 29, 'time_epoch': 0.0635, 'loss': 6.30071706, 'lr': 0, 'params': 276757, 'time_iter': 0.00454, 'accuracy': 0.08333, 'f1': 0.03939, 'auc': 0.68746}
test: {'epoch': 29, 'time_epoch': 0.06958, 'loss': 4.07433813, 'lr': 0, 'params': 276757, 'time_iter': 0.00497, 'accuracy': 0.10952, 'f1': 0.09485, 'auc': 0.77596}
> Epoch 29: took 2.0s (avg 2.1s) | Best so far: epoch 22	train_loss: 0.9987 train_accuracy: 0.6581	val_loss: 4.1175 val_accuracy: 0.1738	test_loss: 3.2690 test_accuracy: 0.1310	F1: 0.0896 Prec: 0.2489 Rec: 0.1310
train: {'epoch': 30, 'time_epoch': 1.70512, 'eta': 410.81738, 'eta_hours': 0.11412, 'loss': 0.87336272, 'lr': 0.00096489, 'params': 276757, 'time_iter': 0.00974, 'accuracy': 0.70018, 'f1': 0.6993, 'auc': 0.97959}
val: {'epoch': 30, 'time_epoch': 0.06735, 'loss': 9.15286881, 'lr': 0, 'params': 276757, 'time_iter': 0.00481, 'accuracy': 0.08571, 'f1': 0.03798, 'auc': 0.66292}
test: {'epoch': 30, 'time_epoch': 0.07894, 'loss': 4.79832415, 'lr': 0, 'params': 276757, 'time_iter': 0.00564, 'accuracy': 0.08571, 'f1': 0.03753, 'auc': 0.74031}
> Epoch 30: took 1.9s (avg 2.1s) | Best so far: epoch 22	train_loss: 0.9987 train_accuracy: 0.6581	val_loss: 4.1175 val_accuracy: 0.1738	test_loss: 3.2690 test_accuracy: 0.1310	F1: 0.0896 Prec: 0.2489 Rec: 0.1310
train: {'epoch': 31, 'time_epoch': 2.0436, 'eta': 410.08408, 'eta_hours': 0.11391, 'loss': 0.88208232, 'lr': 0.00096254, 'params': 276757, 'time_iter': 0.01168, 'accuracy': 0.69462, 'f1': 0.69374, 'auc': 0.979}
val: {'epoch': 31, 'time_epoch': 0.08957, 'loss': 11.53242277, 'lr': 0, 'params': 276757, 'time_iter': 0.0064, 'accuracy': 0.06429, 'f1': 0.01126, 'auc': 0.6378}
test: {'epoch': 31, 'time_epoch': 0.10471, 'loss': 6.85645052, 'lr': 0, 'params': 276757, 'time_iter': 0.00748, 'accuracy': 0.07143, 'f1': 0.01712, 'auc': 0.67329}
> Epoch 31: took 2.3s (avg 2.1s) | Best so far: epoch 22	train_loss: 0.9987 train_accuracy: 0.6581	val_loss: 4.1175 val_accuracy: 0.1738	test_loss: 3.2690 test_accuracy: 0.1310	F1: 0.0896 Prec: 0.2489 Rec: 0.1310
train: {'epoch': 32, 'time_epoch': 2.13414, 'eta': 409.86674, 'eta_hours': 0.11385, 'loss': 0.83993643, 'lr': 0.00096012, 'params': 276757, 'time_iter': 0.0122, 'accuracy': 0.71201, 'f1': 0.71113, 'auc': 0.9808}
val: {'epoch': 32, 'time_epoch': 0.07954, 'loss': 9.66824461, 'lr': 0, 'params': 276757, 'time_iter': 0.00568, 'accuracy': 0.0881, 'f1': 0.04165, 'auc': 0.62689}
test: {'epoch': 32, 'time_epoch': 0.07501, 'loss': 5.82049943, 'lr': 0, 'params': 276757, 'time_iter': 0.00536, 'accuracy': 0.07381, 'f1': 0.03219, 'auc': 0.71979}
> Epoch 32: took 2.4s (avg 2.1s) | Best so far: epoch 22	train_loss: 0.9987 train_accuracy: 0.6581	val_loss: 4.1175 val_accuracy: 0.1738	test_loss: 3.2690 test_accuracy: 0.1310	F1: 0.0896 Prec: 0.2489 Rec: 0.1310
train: {'epoch': 33, 'time_epoch': 2.27242, 'eta': 410.41516, 'eta_hours': 0.114, 'loss': 0.83395247, 'lr': 0.00095762, 'params': 276757, 'time_iter': 0.01299, 'accuracy': 0.72186, 'f1': 0.72077, 'auc': 0.98084}
val: {'epoch': 33, 'time_epoch': 0.08665, 'loss': 6.77496177, 'lr': 0, 'params': 276757, 'time_iter': 0.00619, 'accuracy': 0.13095, 'f1': 0.07856, 'auc': 0.68852}
test: {'epoch': 33, 'time_epoch': 0.08581, 'loss': 4.04498099, 'lr': 0, 'params': 276757, 'time_iter': 0.00613, 'accuracy': 0.15238, 'f1': 0.07252, 'auc': 0.80457}
> Epoch 33: took 2.5s (avg 2.1s) | Best so far: epoch 22	train_loss: 0.9987 train_accuracy: 0.6581	val_loss: 4.1175 val_accuracy: 0.1738	test_loss: 3.2690 test_accuracy: 0.1310	F1: 0.0896 Prec: 0.2489 Rec: 0.1310
train: {'epoch': 34, 'time_epoch': 2.31921, 'eta': 411.08981, 'eta_hours': 0.11419, 'loss': 0.83118776, 'lr': 0.00095505, 'params': 276757, 'time_iter': 0.01325, 'accuracy': 0.71703, 'f1': 0.71653, 'auc': 0.9813}
val: {'epoch': 34, 'time_epoch': 0.08845, 'loss': 13.44857852, 'lr': 0, 'params': 276757, 'time_iter': 0.00632, 'accuracy': 0.05952, 'f1': 0.01689, 'auc': 0.60954}
test: {'epoch': 34, 'time_epoch': 0.07684, 'loss': 7.68360252, 'lr': 0, 'params': 276757, 'time_iter': 0.00549, 'accuracy': 0.10476, 'f1': 0.0605, 'auc': 0.6887}
> Epoch 34: took 2.6s (avg 2.2s) | Best so far: epoch 22	train_loss: 0.9987 train_accuracy: 0.6581	val_loss: 4.1175 val_accuracy: 0.1738	test_loss: 3.2690 test_accuracy: 0.1310	F1: 0.0896 Prec: 0.2489 Rec: 0.1310
train: {'epoch': 35, 'time_epoch': 1.86722, 'eta': 408.9113, 'eta_hours': 0.11359, 'loss': 0.79834815, 'lr': 0.00095241, 'params': 276757, 'time_iter': 0.01067, 'accuracy': 0.72419, 'f1': 0.72357, 'auc': 0.98275}
val: {'epoch': 35, 'time_epoch': 0.08092, 'loss': 8.25895431, 'lr': 0, 'params': 276757, 'time_iter': 0.00578, 'accuracy': 0.09048, 'f1': 0.03331, 'auc': 0.66933}
test: {'epoch': 35, 'time_epoch': 0.07497, 'loss': 4.25778125, 'lr': 0, 'params': 276757, 'time_iter': 0.00535, 'accuracy': 0.14286, 'f1': 0.10824, 'auc': 0.7486}
> Epoch 35: took 2.1s (avg 2.2s) | Best so far: epoch 22	train_loss: 0.9987 train_accuracy: 0.6581	val_loss: 4.1175 val_accuracy: 0.1738	test_loss: 3.2690 test_accuracy: 0.1310	F1: 0.0896 Prec: 0.2489 Rec: 0.1310
train: {'epoch': 36, 'time_epoch': 2.03274, 'eta': 407.7025, 'eta_hours': 0.11325, 'loss': 0.80605712, 'lr': 0.0009497, 'params': 276757, 'time_iter': 0.01162, 'accuracy': 0.73118, 'f1': 0.7309, 'auc': 0.98225}
val: {'epoch': 36, 'time_epoch': 0.09263, 'loss': 12.893932, 'lr': 0, 'params': 276757, 'time_iter': 0.00662, 'accuracy': 0.08095, 'f1': 0.02462, 'auc': 0.6342}
test: {'epoch': 36, 'time_epoch': 0.08122, 'loss': 6.87540712, 'lr': 0, 'params': 276757, 'time_iter': 0.0058, 'accuracy': 0.15, 'f1': 0.08424, 'auc': 0.69155}
> Epoch 36: took 2.3s (avg 2.2s) | Best so far: epoch 22	train_loss: 0.9987 train_accuracy: 0.6581	val_loss: 4.1175 val_accuracy: 0.1738	test_loss: 3.2690 test_accuracy: 0.1310	F1: 0.0896 Prec: 0.2489 Rec: 0.1310
train: {'epoch': 37, 'time_epoch': 1.66592, 'eta': 404.40385, 'eta_hours': 0.11233, 'loss': 0.79126849, 'lr': 0.00094692, 'params': 276757, 'time_iter': 0.00952, 'accuracy': 0.73154, 'f1': 0.73114, 'auc': 0.98299}
val: {'epoch': 37, 'time_epoch': 0.0793, 'loss': 12.24701037, 'lr': 0, 'params': 276757, 'time_iter': 0.00566, 'accuracy': 0.08333, 'f1': 0.03841, 'auc': 0.61634}
test: {'epoch': 37, 'time_epoch': 0.0985, 'loss': 8.2555096, 'lr': 0, 'params': 276757, 'time_iter': 0.00704, 'accuracy': 0.07619, 'f1': 0.04491, 'auc': 0.67884}
> Epoch 37: took 1.9s (avg 2.2s) | Best so far: epoch 22	train_loss: 0.9987 train_accuracy: 0.6581	val_loss: 4.1175 val_accuracy: 0.1738	test_loss: 3.2690 test_accuracy: 0.1310	F1: 0.0896 Prec: 0.2489 Rec: 0.1310
train: {'epoch': 38, 'time_epoch': 1.85747, 'eta': 402.22524, 'eta_hours': 0.11173, 'loss': 0.79175916, 'lr': 0.00094407, 'params': 276757, 'time_iter': 0.01061, 'accuracy': 0.73118, 'f1': 0.73071, 'auc': 0.98307}
val: {'epoch': 38, 'time_epoch': 0.06923, 'loss': 12.17395609, 'lr': 0, 'params': 276757, 'time_iter': 0.00495, 'accuracy': 0.05952, 'f1': 0.02598, 'auc': 0.58857}
test: {'epoch': 38, 'time_epoch': 0.08763, 'loss': 7.77221451, 'lr': 0, 'params': 276757, 'time_iter': 0.00626, 'accuracy': 0.05952, 'f1': 0.01324, 'auc': 0.6696}
> Epoch 38: took 2.1s (avg 2.2s) | Best so far: epoch 22	train_loss: 0.9987 train_accuracy: 0.6581	val_loss: 4.1175 val_accuracy: 0.1738	test_loss: 3.2690 test_accuracy: 0.1310	F1: 0.0896 Prec: 0.2489 Rec: 0.1310
train: {'epoch': 39, 'time_epoch': 1.72625, 'eta': 399.37379, 'eta_hours': 0.11094, 'loss': 0.73841842, 'lr': 0.00094115, 'params': 276757, 'time_iter': 0.00986, 'accuracy': 0.75591, 'f1': 0.75566, 'auc': 0.98508}
val: {'epoch': 39, 'time_epoch': 0.06316, 'loss': 10.82913382, 'lr': 0, 'params': 276757, 'time_iter': 0.00451, 'accuracy': 0.09762, 'f1': 0.02752, 'auc': 0.6597}
test: {'epoch': 39, 'time_epoch': 0.06588, 'loss': 5.95664924, 'lr': 0, 'params': 276757, 'time_iter': 0.00471, 'accuracy': 0.0619, 'f1': 0.01609, 'auc': 0.66808}
> Epoch 39: took 1.9s (avg 2.1s) | Best so far: epoch 22	train_loss: 0.9987 train_accuracy: 0.6581	val_loss: 4.1175 val_accuracy: 0.1738	test_loss: 3.2690 test_accuracy: 0.1310	F1: 0.0896 Prec: 0.2489 Rec: 0.1310
train: {'epoch': 40, 'time_epoch': 1.65105, 'eta': 396.19388, 'eta_hours': 0.11005, 'loss': 0.73166749, 'lr': 0.00093815, 'params': 276757, 'time_iter': 0.00943, 'accuracy': 0.75143, 'f1': 0.75122, 'auc': 0.98527}
val: {'epoch': 40, 'time_epoch': 0.06941, 'loss': 12.27501971, 'lr': 0, 'params': 276757, 'time_iter': 0.00496, 'accuracy': 0.06667, 'f1': 0.03415, 'auc': 0.59923}
test: {'epoch': 40, 'time_epoch': 0.06992, 'loss': 6.59112759, 'lr': 0, 'params': 276757, 'time_iter': 0.00499, 'accuracy': 0.08333, 'f1': 0.05237, 'auc': 0.68469}
> Epoch 40: took 1.9s (avg 2.1s) | Best so far: epoch 22	train_loss: 0.9987 train_accuracy: 0.6581	val_loss: 4.1175 val_accuracy: 0.1738	test_loss: 3.2690 test_accuracy: 0.1310	F1: 0.0896 Prec: 0.2489 Rec: 0.1310
train: {'epoch': 41, 'time_epoch': 1.77875, 'eta': 393.71922, 'eta_hours': 0.10937, 'loss': 0.7484018, 'lr': 0.00093509, 'params': 276757, 'time_iter': 0.01016, 'accuracy': 0.74104, 'f1': 0.74049, 'auc': 0.98484}
val: {'epoch': 41, 'time_epoch': 0.08859, 'loss': 9.36709128, 'lr': 0, 'params': 276757, 'time_iter': 0.00633, 'accuracy': 0.05, 'f1': 0.00804, 'auc': 0.65967}
test: {'epoch': 41, 'time_epoch': 0.06832, 'loss': 6.39097173, 'lr': 0, 'params': 276757, 'time_iter': 0.00488, 'accuracy': 0.06429, 'f1': 0.0383, 'auc': 0.70344}
> Epoch 41: took 2.0s (avg 2.1s) | Best so far: epoch 22	train_loss: 0.9987 train_accuracy: 0.6581	val_loss: 4.1175 val_accuracy: 0.1738	test_loss: 3.2690 test_accuracy: 0.1310	F1: 0.0896 Prec: 0.2489 Rec: 0.1310
train: {'epoch': 42, 'time_epoch': 1.72673, 'eta': 391.02648, 'eta_hours': 0.10862, 'loss': 0.73216995, 'lr': 0.00093196, 'params': 276757, 'time_iter': 0.00987, 'accuracy': 0.75771, 'f1': 0.75717, 'auc': 0.98531}
val: {'epoch': 42, 'time_epoch': 0.06851, 'loss': 11.73378734, 'lr': 0, 'params': 276757, 'time_iter': 0.00489, 'accuracy': 0.09524, 'f1': 0.06189, 'auc': 0.64418}
test: {'epoch': 42, 'time_epoch': 0.0965, 'loss': 6.82134339, 'lr': 0, 'params': 276757, 'time_iter': 0.00689, 'accuracy': 0.12619, 'f1': 0.06078, 'auc': 0.76755}
> Epoch 42: took 2.0s (avg 2.1s) | Best so far: epoch 22	train_loss: 0.9987 train_accuracy: 0.6581	val_loss: 4.1175 val_accuracy: 0.1738	test_loss: 3.2690 test_accuracy: 0.1310	F1: 0.0896 Prec: 0.2489 Rec: 0.1310
train: {'epoch': 43, 'time_epoch': 1.64886, 'eta': 388.01307, 'eta_hours': 0.10778, 'loss': 0.70798599, 'lr': 0.00092876, 'params': 276757, 'time_iter': 0.00942, 'accuracy': 0.76362, 'f1': 0.76313, 'auc': 0.98634}
val: {'epoch': 43, 'time_epoch': 0.07392, 'loss': 14.39847347, 'lr': 0, 'params': 276757, 'time_iter': 0.00528, 'accuracy': 0.05714, 'f1': 0.02147, 'auc': 0.59845}
test: {'epoch': 43, 'time_epoch': 0.09482, 'loss': 8.43604222, 'lr': 0, 'params': 276757, 'time_iter': 0.00677, 'accuracy': 0.05952, 'f1': 0.02248, 'auc': 0.66776}
> Epoch 43: took 1.9s (avg 2.1s) | Best so far: epoch 22	train_loss: 0.9987 train_accuracy: 0.6581	val_loss: 4.1175 val_accuracy: 0.1738	test_loss: 3.2690 test_accuracy: 0.1310	F1: 0.0896 Prec: 0.2489 Rec: 0.1310
train: {'epoch': 44, 'time_epoch': 1.81834, 'eta': 385.83241, 'eta_hours': 0.10718, 'loss': 0.72345712, 'lr': 0.0009255, 'params': 276757, 'time_iter': 0.01039, 'accuracy': 0.7543, 'f1': 0.75374, 'auc': 0.98545}
val: {'epoch': 44, 'time_epoch': 0.07004, 'loss': 7.57940153, 'lr': 0, 'params': 276757, 'time_iter': 0.005, 'accuracy': 0.1119, 'f1': 0.05607, 'auc': 0.67015}
test: {'epoch': 44, 'time_epoch': 0.08119, 'loss': 4.74184971, 'lr': 0, 'params': 276757, 'time_iter': 0.0058, 'accuracy': 0.15714, 'f1': 0.08523, 'auc': 0.75618}
> Epoch 44: took 2.1s (avg 2.1s) | Best so far: epoch 22	train_loss: 0.9987 train_accuracy: 0.6581	val_loss: 4.1175 val_accuracy: 0.1738	test_loss: 3.2690 test_accuracy: 0.1310	F1: 0.0896 Prec: 0.2489 Rec: 0.1310
train: {'epoch': 45, 'time_epoch': 1.53877, 'eta': 382.42768, 'eta_hours': 0.10623, 'loss': 0.71513319, 'lr': 0.00092216, 'params': 276757, 'time_iter': 0.00879, 'accuracy': 0.76093, 'f1': 0.76075, 'auc': 0.98594}
val: {'epoch': 45, 'time_epoch': 0.06643, 'loss': 8.00945623, 'lr': 0, 'params': 276757, 'time_iter': 0.00475, 'accuracy': 0.08333, 'f1': 0.04806, 'auc': 0.67026}
test: {'epoch': 45, 'time_epoch': 0.06114, 'loss': 4.48054769, 'lr': 0, 'params': 276757, 'time_iter': 0.00437, 'accuracy': 0.17619, 'f1': 0.10686, 'auc': 0.73414}
> Epoch 45: took 1.7s (avg 2.1s) | Best so far: epoch 22	train_loss: 0.9987 train_accuracy: 0.6581	val_loss: 4.1175 val_accuracy: 0.1738	test_loss: 3.2690 test_accuracy: 0.1310	F1: 0.0896 Prec: 0.2489 Rec: 0.1310
train: {'epoch': 46, 'time_epoch': 1.72122, 'eta': 379.89038, 'eta_hours': 0.10553, 'loss': 0.69745926, 'lr': 0.00091876, 'params': 276757, 'time_iter': 0.00984, 'accuracy': 0.76326, 'f1': 0.76287, 'auc': 0.98677}
val: {'epoch': 46, 'time_epoch': 0.06659, 'loss': 9.56090371, 'lr': 0, 'params': 276757, 'time_iter': 0.00476, 'accuracy': 0.08571, 'f1': 0.03119, 'auc': 0.63265}
test: {'epoch': 46, 'time_epoch': 0.06608, 'loss': 5.45642627, 'lr': 0, 'params': 276757, 'time_iter': 0.00472, 'accuracy': 0.10476, 'f1': 0.05312, 'auc': 0.71089}
> Epoch 46: took 1.9s (avg 2.1s) | Best so far: epoch 22	train_loss: 0.9987 train_accuracy: 0.6581	val_loss: 4.1175 val_accuracy: 0.1738	test_loss: 3.2690 test_accuracy: 0.1310	F1: 0.0896 Prec: 0.2489 Rec: 0.1310
train: {'epoch': 47, 'time_epoch': 1.75606, 'eta': 377.53369, 'eta_hours': 0.10487, 'loss': 0.69081654, 'lr': 0.0009153, 'params': 276757, 'time_iter': 0.01003, 'accuracy': 0.7638, 'f1': 0.76355, 'auc': 0.98702}
val: {'epoch': 47, 'time_epoch': 0.09708, 'loss': 4.7600184, 'lr': 0, 'params': 276757, 'time_iter': 0.00693, 'accuracy': 0.1619, 'f1': 0.12905, 'auc': 0.75068}
test: {'epoch': 47, 'time_epoch': 0.08903, 'loss': 4.12040297, 'lr': 0, 'params': 276757, 'time_iter': 0.00636, 'accuracy': 0.09524, 'f1': 0.09207, 'auc': 0.7539}
> Epoch 47: took 2.0s (avg 2.1s) | Best so far: epoch 22	train_loss: 0.9987 train_accuracy: 0.6581	val_loss: 4.1175 val_accuracy: 0.1738	test_loss: 3.2690 test_accuracy: 0.1310	F1: 0.0896 Prec: 0.2489 Rec: 0.1310
train: {'epoch': 48, 'time_epoch': 1.71589, 'eta': 375.03675, 'eta_hours': 0.10418, 'loss': 0.66724121, 'lr': 0.00091177, 'params': 276757, 'time_iter': 0.00981, 'accuracy': 0.77652, 'f1': 0.77613, 'auc': 0.98757}
val: {'epoch': 48, 'time_epoch': 0.07685, 'loss': 10.09908901, 'lr': 0, 'params': 276757, 'time_iter': 0.00549, 'accuracy': 0.06905, 'f1': 0.02767, 'auc': 0.64259}
test: {'epoch': 48, 'time_epoch': 0.07011, 'loss': 5.30161066, 'lr': 0, 'params': 276757, 'time_iter': 0.00501, 'accuracy': 0.11429, 'f1': 0.04885, 'auc': 0.7438}
> Epoch 48: took 1.9s (avg 2.1s) | Best so far: epoch 22	train_loss: 0.9987 train_accuracy: 0.6581	val_loss: 4.1175 val_accuracy: 0.1738	test_loss: 3.2690 test_accuracy: 0.1310	F1: 0.0896 Prec: 0.2489 Rec: 0.1310
train: {'epoch': 49, 'time_epoch': 2.06636, 'eta': 373.97293, 'eta_hours': 0.10388, 'loss': 0.67958216, 'lr': 0.00090817, 'params': 276757, 'time_iter': 0.01181, 'accuracy': 0.77401, 'f1': 0.77357, 'auc': 0.98725}
val: {'epoch': 49, 'time_epoch': 0.09329, 'loss': 8.91613141, 'lr': 0, 'params': 276757, 'time_iter': 0.00666, 'accuracy': 0.12857, 'f1': 0.04666, 'auc': 0.6655}
test: {'epoch': 49, 'time_epoch': 0.07142, 'loss': 4.91957497, 'lr': 0, 'params': 276757, 'time_iter': 0.0051, 'accuracy': 0.1881, 'f1': 0.10773, 'auc': 0.77188}
> Epoch 49: took 2.3s (avg 2.1s) | Best so far: epoch 22	train_loss: 0.9987 train_accuracy: 0.6581	val_loss: 4.1175 val_accuracy: 0.1738	test_loss: 3.2690 test_accuracy: 0.1310	F1: 0.0896 Prec: 0.2489 Rec: 0.1310
train: {'epoch': 50, 'time_epoch': 1.93069, 'eta': 372.34042, 'eta_hours': 0.10343, 'loss': 0.66376547, 'lr': 0.00090451, 'params': 276757, 'time_iter': 0.01103, 'accuracy': 0.77509, 'f1': 0.77457, 'auc': 0.98796}
val: {'epoch': 50, 'time_epoch': 0.0689, 'loss': 7.56351865, 'lr': 0, 'params': 276757, 'time_iter': 0.00492, 'accuracy': 0.10476, 'f1': 0.06758, 'auc': 0.6469}
test: {'epoch': 50, 'time_epoch': 0.08514, 'loss': 3.59611268, 'lr': 0, 'params': 276757, 'time_iter': 0.00608, 'accuracy': 0.21429, 'f1': 0.16515, 'auc': 0.78202}
> Epoch 50: took 2.2s (avg 2.1s) | Best so far: epoch 22	train_loss: 0.9987 train_accuracy: 0.6581	val_loss: 4.1175 val_accuracy: 0.1738	test_loss: 3.2690 test_accuracy: 0.1310	F1: 0.0896 Prec: 0.2489 Rec: 0.1310
train: {'epoch': 51, 'time_epoch': 2.12109, 'eta': 371.42142, 'eta_hours': 0.10317, 'loss': 0.66072046, 'lr': 0.00090078, 'params': 276757, 'time_iter': 0.01212, 'accuracy': 0.77849, 'f1': 0.77827, 'auc': 0.98788}
val: {'epoch': 51, 'time_epoch': 0.07022, 'loss': 9.6688611, 'lr': 0, 'params': 276757, 'time_iter': 0.00502, 'accuracy': 0.10238, 'f1': 0.03199, 'auc': 0.64144}
test: {'epoch': 51, 'time_epoch': 0.06902, 'loss': 5.68094319, 'lr': 0, 'params': 276757, 'time_iter': 0.00493, 'accuracy': 0.07619, 'f1': 0.07736, 'auc': 0.71827}
> Epoch 51: took 2.3s (avg 2.1s) | Best so far: epoch 22	train_loss: 0.9987 train_accuracy: 0.6581	val_loss: 4.1175 val_accuracy: 0.1738	test_loss: 3.2690 test_accuracy: 0.1310	F1: 0.0896 Prec: 0.2489 Rec: 0.1310
train: {'epoch': 52, 'time_epoch': 1.93049, 'eta': 369.74858, 'eta_hours': 0.10271, 'loss': 0.66583888, 'lr': 0.000897, 'params': 276757, 'time_iter': 0.01103, 'accuracy': 0.77204, 'f1': 0.77174, 'auc': 0.98784}
val: {'epoch': 52, 'time_epoch': 0.06691, 'loss': 11.90670211, 'lr': 0, 'params': 276757, 'time_iter': 0.00478, 'accuracy': 0.07143, 'f1': 0.03503, 'auc': 0.63602}
test: {'epoch': 52, 'time_epoch': 0.06656, 'loss': 6.89210785, 'lr': 0, 'params': 276757, 'time_iter': 0.00475, 'accuracy': 0.11905, 'f1': 0.08188, 'auc': 0.70361}
> Epoch 52: took 2.1s (avg 2.1s) | Best so far: epoch 22	train_loss: 0.9987 train_accuracy: 0.6581	val_loss: 4.1175 val_accuracy: 0.1738	test_loss: 3.2690 test_accuracy: 0.1310	F1: 0.0896 Prec: 0.2489 Rec: 0.1310
train: {'epoch': 53, 'time_epoch': 1.75859, 'eta': 367.44226, 'eta_hours': 0.10207, 'loss': 0.65407572, 'lr': 0.00089314, 'params': 276757, 'time_iter': 0.01005, 'accuracy': 0.77724, 'f1': 0.77704, 'auc': 0.98844}
val: {'epoch': 53, 'time_epoch': 0.08019, 'loss': 7.39362879, 'lr': 0, 'params': 276757, 'time_iter': 0.00573, 'accuracy': 0.07381, 'f1': 0.03541, 'auc': 0.68012}
test: {'epoch': 53, 'time_epoch': 0.06837, 'loss': 4.35172292, 'lr': 0, 'params': 276757, 'time_iter': 0.00488, 'accuracy': 0.1381, 'f1': 0.08088, 'auc': 0.75382}
> Epoch 53: took 2.0s (avg 2.1s) | Best so far: epoch 22	train_loss: 0.9987 train_accuracy: 0.6581	val_loss: 4.1175 val_accuracy: 0.1738	test_loss: 3.2690 test_accuracy: 0.1310	F1: 0.0896 Prec: 0.2489 Rec: 0.1310
train: {'epoch': 54, 'time_epoch': 1.79614, 'eta': 365.28899, 'eta_hours': 0.10147, 'loss': 0.63590038, 'lr': 0.00088923, 'params': 276757, 'time_iter': 0.01026, 'accuracy': 0.79158, 'f1': 0.79137, 'auc': 0.98861}
val: {'epoch': 54, 'time_epoch': 0.07222, 'loss': 7.97756008, 'lr': 0, 'params': 276757, 'time_iter': 0.00516, 'accuracy': 0.1381, 'f1': 0.06097, 'auc': 0.70448}
test: {'epoch': 54, 'time_epoch': 0.06661, 'loss': 4.57425024, 'lr': 0, 'params': 276757, 'time_iter': 0.00476, 'accuracy': 0.12619, 'f1': 0.09137, 'auc': 0.76386}
> Epoch 54: took 2.0s (avg 2.1s) | Best so far: epoch 22	train_loss: 0.9987 train_accuracy: 0.6581	val_loss: 4.1175 val_accuracy: 0.1738	test_loss: 3.2690 test_accuracy: 0.1310	F1: 0.0896 Prec: 0.2489 Rec: 0.1310
train: {'epoch': 55, 'time_epoch': 1.61757, 'eta': 362.52988, 'eta_hours': 0.1007, 'loss': 0.65184772, 'lr': 0.00088526, 'params': 276757, 'time_iter': 0.00924, 'accuracy': 0.7819, 'f1': 0.78162, 'auc': 0.98826}
val: {'epoch': 55, 'time_epoch': 0.08704, 'loss': 10.32935815, 'lr': 0, 'params': 276757, 'time_iter': 0.00622, 'accuracy': 0.09762, 'f1': 0.04899, 'auc': 0.65133}
test: {'epoch': 55, 'time_epoch': 0.10635, 'loss': 5.9060452, 'lr': 0, 'params': 276757, 'time_iter': 0.0076, 'accuracy': 0.07381, 'f1': 0.03683, 'auc': 0.72495}
> Epoch 55: took 1.9s (avg 2.1s) | Best so far: epoch 22	train_loss: 0.9987 train_accuracy: 0.6581	val_loss: 4.1175 val_accuracy: 0.1738	test_loss: 3.2690 test_accuracy: 0.1310	F1: 0.0896 Prec: 0.2489 Rec: 0.1310
train: {'epoch': 56, 'time_epoch': 1.8135, 'eta': 360.47422, 'eta_hours': 0.10013, 'loss': 0.61184545, 'lr': 0.00088122, 'params': 276757, 'time_iter': 0.01036, 'accuracy': 0.79265, 'f1': 0.79242, 'auc': 0.98969}
val: {'epoch': 56, 'time_epoch': 0.07912, 'loss': 12.77083419, 'lr': 0, 'params': 276757, 'time_iter': 0.00565, 'accuracy': 0.05, 'f1': 0.00935, 'auc': 0.64203}
test: {'epoch': 56, 'time_epoch': 0.0772, 'loss': 7.56297034, 'lr': 0, 'params': 276757, 'time_iter': 0.00551, 'accuracy': 0.10238, 'f1': 0.04696, 'auc': 0.69352}
> Epoch 56: took 2.0s (avg 2.1s) | Best so far: epoch 22	train_loss: 0.9987 train_accuracy: 0.6581	val_loss: 4.1175 val_accuracy: 0.1738	test_loss: 3.2690 test_accuracy: 0.1310	F1: 0.0896 Prec: 0.2489 Rec: 0.1310
train: {'epoch': 57, 'time_epoch': 1.66106, 'eta': 357.92229, 'eta_hours': 0.09942, 'loss': 0.6390761, 'lr': 0.00087713, 'params': 276757, 'time_iter': 0.00949, 'accuracy': 0.78889, 'f1': 0.78859, 'auc': 0.98836}
val: {'epoch': 57, 'time_epoch': 0.06875, 'loss': 7.06267449, 'lr': 0, 'params': 276757, 'time_iter': 0.00491, 'accuracy': 0.13095, 'f1': 0.07549, 'auc': 0.68667}
test: {'epoch': 57, 'time_epoch': 0.0742, 'loss': 4.50285034, 'lr': 0, 'params': 276757, 'time_iter': 0.0053, 'accuracy': 0.13095, 'f1': 0.08537, 'auc': 0.76214}
> Epoch 57: took 1.9s (avg 2.1s) | Best so far: epoch 22	train_loss: 0.9987 train_accuracy: 0.6581	val_loss: 4.1175 val_accuracy: 0.1738	test_loss: 3.2690 test_accuracy: 0.1310	F1: 0.0896 Prec: 0.2489 Rec: 0.1310
train: {'epoch': 58, 'time_epoch': 1.53322, 'eta': 354.98669, 'eta_hours': 0.09861, 'loss': 0.59047933, 'lr': 0.00087297, 'params': 276757, 'time_iter': 0.00876, 'accuracy': 0.79821, 'f1': 0.79807, 'auc': 0.99067}
val: {'epoch': 58, 'time_epoch': 0.07136, 'loss': 8.9917063, 'lr': 0, 'params': 276757, 'time_iter': 0.0051, 'accuracy': 0.11667, 'f1': 0.05084, 'auc': 0.6651}
test: {'epoch': 58, 'time_epoch': 0.06724, 'loss': 5.33694672, 'lr': 0, 'params': 276757, 'time_iter': 0.0048, 'accuracy': 0.11667, 'f1': 0.07828, 'auc': 0.71361}
> Epoch 58: took 1.7s (avg 2.1s) | Best so far: epoch 22	train_loss: 0.9987 train_accuracy: 0.6581	val_loss: 4.1175 val_accuracy: 0.1738	test_loss: 3.2690 test_accuracy: 0.1310	F1: 0.0896 Prec: 0.2489 Rec: 0.1310
train: {'epoch': 59, 'time_epoch': 1.73485, 'eta': 352.73634, 'eta_hours': 0.09798, 'loss': 0.5806316, 'lr': 0.00086876, 'params': 276757, 'time_iter': 0.00991, 'accuracy': 0.80771, 'f1': 0.80751, 'auc': 0.99071}
val: {'epoch': 59, 'time_epoch': 0.08468, 'loss': 7.25224167, 'lr': 0, 'params': 276757, 'time_iter': 0.00605, 'accuracy': 0.13571, 'f1': 0.06348, 'auc': 0.72471}
test: {'epoch': 59, 'time_epoch': 0.0678, 'loss': 4.13843873, 'lr': 0, 'params': 276757, 'time_iter': 0.00484, 'accuracy': 0.15238, 'f1': 0.12228, 'auc': 0.78498}
> Epoch 59: took 2.0s (avg 2.1s) | Best so far: epoch 22	train_loss: 0.9987 train_accuracy: 0.6581	val_loss: 4.1175 val_accuracy: 0.1738	test_loss: 3.2690 test_accuracy: 0.1310	F1: 0.0896 Prec: 0.2489 Rec: 0.1310
train: {'epoch': 60, 'time_epoch': 1.90558, 'eta': 351.03187, 'eta_hours': 0.09751, 'loss': 0.58882347, 'lr': 0.00086448, 'params': 276757, 'time_iter': 0.01089, 'accuracy': 0.80573, 'f1': 0.80531, 'auc': 0.99035}
val: {'epoch': 60, 'time_epoch': 0.0674, 'loss': 9.56009577, 'lr': 0, 'params': 276757, 'time_iter': 0.00481, 'accuracy': 0.07857, 'f1': 0.03433, 'auc': 0.65565}
test: {'epoch': 60, 'time_epoch': 0.07004, 'loss': 4.97987548, 'lr': 0, 'params': 276757, 'time_iter': 0.005, 'accuracy': 0.15238, 'f1': 0.11124, 'auc': 0.75224}
> Epoch 60: took 2.1s (avg 2.1s) | Best so far: epoch 22	train_loss: 0.9987 train_accuracy: 0.6581	val_loss: 4.1175 val_accuracy: 0.1738	test_loss: 3.2690 test_accuracy: 0.1310	F1: 0.0896 Prec: 0.2489 Rec: 0.1310
train: {'epoch': 61, 'time_epoch': 1.77949, 'eta': 348.93858, 'eta_hours': 0.09693, 'loss': 0.58798941, 'lr': 0.00086015, 'params': 276757, 'time_iter': 0.01017, 'accuracy': 0.80143, 'f1': 0.80108, 'auc': 0.99042}
val: {'epoch': 61, 'time_epoch': 0.06348, 'loss': 10.0801617, 'lr': 0, 'params': 276757, 'time_iter': 0.00453, 'accuracy': 0.10476, 'f1': 0.06046, 'auc': 0.64562}
test: {'epoch': 61, 'time_epoch': 0.06817, 'loss': 6.06856246, 'lr': 0, 'params': 276757, 'time_iter': 0.00487, 'accuracy': 0.12381, 'f1': 0.09602, 'auc': 0.7228}
> Epoch 61: took 2.0s (avg 2.1s) | Best so far: epoch 22	train_loss: 0.9987 train_accuracy: 0.6581	val_loss: 4.1175 val_accuracy: 0.1738	test_loss: 3.2690 test_accuracy: 0.1310	F1: 0.0896 Prec: 0.2489 Rec: 0.1310
train: {'epoch': 62, 'time_epoch': 1.77239, 'eta': 346.83418, 'eta_hours': 0.09634, 'loss': 0.59464331, 'lr': 0.00085577, 'params': 276757, 'time_iter': 0.01013, 'accuracy': 0.80609, 'f1': 0.80569, 'auc': 0.99021}
val: {'epoch': 62, 'time_epoch': 0.06819, 'loss': 10.36031706, 'lr': 0, 'params': 276757, 'time_iter': 0.00487, 'accuracy': 0.1119, 'f1': 0.05681, 'auc': 0.66263}
test: {'epoch': 62, 'time_epoch': 0.06931, 'loss': 5.54207867, 'lr': 0, 'params': 276757, 'time_iter': 0.00495, 'accuracy': 0.14524, 'f1': 0.10008, 'auc': 0.74679}
> Epoch 62: took 2.0s (avg 2.1s) | Best so far: epoch 22	train_loss: 0.9987 train_accuracy: 0.6581	val_loss: 4.1175 val_accuracy: 0.1738	test_loss: 3.2690 test_accuracy: 0.1310	F1: 0.0896 Prec: 0.2489 Rec: 0.1310
train: {'epoch': 63, 'time_epoch': 1.73661, 'eta': 344.63618, 'eta_hours': 0.09573, 'loss': 0.59555646, 'lr': 0.00085132, 'params': 276757, 'time_iter': 0.00992, 'accuracy': 0.80143, 'f1': 0.8012, 'auc': 0.99042}
val: {'epoch': 63, 'time_epoch': 0.07211, 'loss': 5.08477921, 'lr': 0, 'params': 276757, 'time_iter': 0.00515, 'accuracy': 0.14762, 'f1': 0.09225, 'auc': 0.75295}
test: {'epoch': 63, 'time_epoch': 0.07055, 'loss': 5.18059528, 'lr': 0, 'params': 276757, 'time_iter': 0.00504, 'accuracy': 0.0881, 'f1': 0.05957, 'auc': 0.78561}
> Epoch 63: took 2.0s (avg 2.1s) | Best so far: epoch 22	train_loss: 0.9987 train_accuracy: 0.6581	val_loss: 4.1175 val_accuracy: 0.1738	test_loss: 3.2690 test_accuracy: 0.1310	F1: 0.0896 Prec: 0.2489 Rec: 0.1310
train: {'epoch': 64, 'time_epoch': 1.69358, 'eta': 342.32991, 'eta_hours': 0.09509, 'loss': 0.57828379, 'lr': 0.00084683, 'params': 276757, 'time_iter': 0.00968, 'accuracy': 0.80591, 'f1': 0.80545, 'auc': 0.99069}
val: {'epoch': 64, 'time_epoch': 0.08177, 'loss': 16.45874421, 'lr': 0, 'params': 276757, 'time_iter': 0.00584, 'accuracy': 0.04762, 'f1': 0.00476, 'auc': 0.61896}
test: {'epoch': 64, 'time_epoch': 0.06948, 'loss': 10.86841845, 'lr': 0, 'params': 276757, 'time_iter': 0.00496, 'accuracy': 0.05476, 'f1': 0.01289, 'auc': 0.64578}
> Epoch 64: took 1.9s (avg 2.1s) | Best so far: epoch 22	train_loss: 0.9987 train_accuracy: 0.6581	val_loss: 4.1175 val_accuracy: 0.1738	test_loss: 3.2690 test_accuracy: 0.1310	F1: 0.0896 Prec: 0.2489 Rec: 0.1310
train: {'epoch': 65, 'time_epoch': 1.81873, 'eta': 340.39111, 'eta_hours': 0.09455, 'loss': 0.56416597, 'lr': 0.00084227, 'params': 276757, 'time_iter': 0.01039, 'accuracy': 0.81004, 'f1': 0.80974, 'auc': 0.9913}
val: {'epoch': 65, 'time_epoch': 0.07263, 'loss': 7.77692187, 'lr': 0, 'params': 276757, 'time_iter': 0.00519, 'accuracy': 0.10476, 'f1': 0.04777, 'auc': 0.69387}
test: {'epoch': 65, 'time_epoch': 0.10425, 'loss': 4.32855513, 'lr': 0, 'params': 276757, 'time_iter': 0.00745, 'accuracy': 0.15476, 'f1': 0.09778, 'auc': 0.78666}
> Epoch 65: took 2.1s (avg 2.1s) | Best so far: epoch 22	train_loss: 0.9987 train_accuracy: 0.6581	val_loss: 4.1175 val_accuracy: 0.1738	test_loss: 3.2690 test_accuracy: 0.1310	F1: 0.0896 Prec: 0.2489 Rec: 0.1310
train: {'epoch': 66, 'time_epoch': 1.75591, 'eta': 338.28429, 'eta_hours': 0.09397, 'loss': 0.56518358, 'lr': 0.00083767, 'params': 276757, 'time_iter': 0.01003, 'accuracy': 0.80878, 'f1': 0.80863, 'auc': 0.99128}
val: {'epoch': 66, 'time_epoch': 0.09084, 'loss': 11.43171204, 'lr': 0, 'params': 276757, 'time_iter': 0.00649, 'accuracy': 0.04524, 'f1': 0.03426, 'auc': 0.6023}
test: {'epoch': 66, 'time_epoch': 0.07083, 'loss': 6.77440516, 'lr': 0, 'params': 276757, 'time_iter': 0.00506, 'accuracy': 0.09048, 'f1': 0.05102, 'auc': 0.69014}
> Epoch 66: took 2.0s (avg 2.1s) | Best so far: epoch 22	train_loss: 0.9987 train_accuracy: 0.6581	val_loss: 4.1175 val_accuracy: 0.1738	test_loss: 3.2690 test_accuracy: 0.1310	F1: 0.0896 Prec: 0.2489 Rec: 0.1310
train: {'epoch': 67, 'time_epoch': 2.2041, 'eta': 337.38738, 'eta_hours': 0.09372, 'loss': 0.54541412, 'lr': 0.00083301, 'params': 276757, 'time_iter': 0.01259, 'accuracy': 0.81774, 'f1': 0.81761, 'auc': 0.99186}
val: {'epoch': 67, 'time_epoch': 0.07151, 'loss': 10.19452401, 'lr': 0, 'params': 276757, 'time_iter': 0.00511, 'accuracy': 0.0881, 'f1': 0.03931, 'auc': 0.64979}
test: {'epoch': 67, 'time_epoch': 0.06495, 'loss': 5.37525746, 'lr': 0, 'params': 276757, 'time_iter': 0.00464, 'accuracy': 0.12619, 'f1': 0.07157, 'auc': 0.7438}
> Epoch 67: took 2.4s (avg 2.1s) | Best so far: epoch 22	train_loss: 0.9987 train_accuracy: 0.6581	val_loss: 4.1175 val_accuracy: 0.1738	test_loss: 3.2690 test_accuracy: 0.1310	F1: 0.0896 Prec: 0.2489 Rec: 0.1310
train: {'epoch': 68, 'time_epoch': 1.94461, 'eta': 335.77188, 'eta_hours': 0.09327, 'loss': 0.54519376, 'lr': 0.00082829, 'params': 276757, 'time_iter': 0.01111, 'accuracy': 0.81756, 'f1': 0.8173, 'auc': 0.99187}
val: {'epoch': 68, 'time_epoch': 0.06524, 'loss': 6.62877472, 'lr': 0, 'params': 276757, 'time_iter': 0.00466, 'accuracy': 0.12143, 'f1': 0.07976, 'auc': 0.6954}
test: {'epoch': 68, 'time_epoch': 0.06399, 'loss': 3.63320779, 'lr': 0, 'params': 276757, 'time_iter': 0.00457, 'accuracy': 0.18095, 'f1': 0.1492, 'auc': 0.79568}
> Epoch 68: took 2.2s (avg 2.1s) | Best so far: epoch 22	train_loss: 0.9987 train_accuracy: 0.6581	val_loss: 4.1175 val_accuracy: 0.1738	test_loss: 3.2690 test_accuracy: 0.1310	F1: 0.0896 Prec: 0.2489 Rec: 0.1310
train: {'epoch': 69, 'time_epoch': 2.08329, 'eta': 334.50359, 'eta_hours': 0.09292, 'loss': 0.54278407, 'lr': 0.00082353, 'params': 276757, 'time_iter': 0.0119, 'accuracy': 0.81918, 'f1': 0.81901, 'auc': 0.99163}
val: {'epoch': 69, 'time_epoch': 0.08895, 'loss': 6.06197569, 'lr': 0, 'params': 276757, 'time_iter': 0.00635, 'accuracy': 0.14762, 'f1': 0.11308, 'auc': 0.69882}
test: {'epoch': 69, 'time_epoch': 0.09763, 'loss': 3.90193832, 'lr': 0, 'params': 276757, 'time_iter': 0.00697, 'accuracy': 0.18333, 'f1': 0.14078, 'auc': 0.79509}
> Epoch 69: took 2.4s (avg 2.1s) | Best so far: epoch 22	train_loss: 0.9987 train_accuracy: 0.6581	val_loss: 4.1175 val_accuracy: 0.1738	test_loss: 3.2690 test_accuracy: 0.1310	F1: 0.0896 Prec: 0.2489 Rec: 0.1310
train: {'epoch': 70, 'time_epoch': 1.90511, 'eta': 332.76312, 'eta_hours': 0.09243, 'loss': 0.53092542, 'lr': 0.00081871, 'params': 276757, 'time_iter': 0.01089, 'accuracy': 0.81882, 'f1': 0.8186, 'auc': 0.99205}
val: {'epoch': 70, 'time_epoch': 0.07066, 'loss': 6.25503267, 'lr': 0, 'params': 276757, 'time_iter': 0.00505, 'accuracy': 0.13571, 'f1': 0.09667, 'auc': 0.6917}
test: {'epoch': 70, 'time_epoch': 0.07123, 'loss': 4.10994716, 'lr': 0, 'params': 276757, 'time_iter': 0.00509, 'accuracy': 0.16429, 'f1': 0.10468, 'auc': 0.79764}
> Epoch 70: took 2.1s (avg 2.1s) | Best so far: epoch 22	train_loss: 0.9987 train_accuracy: 0.6581	val_loss: 4.1175 val_accuracy: 0.1738	test_loss: 3.2690 test_accuracy: 0.1310	F1: 0.0896 Prec: 0.2489 Rec: 0.1310
train: {'epoch': 71, 'time_epoch': 1.818, 'eta': 330.80271, 'eta_hours': 0.09189, 'loss': 0.53269044, 'lr': 0.00081385, 'params': 276757, 'time_iter': 0.01039, 'accuracy': 0.82366, 'f1': 0.82348, 'auc': 0.99218}
val: {'epoch': 71, 'time_epoch': 0.09179, 'loss': 9.97035899, 'lr': 0, 'params': 276757, 'time_iter': 0.00656, 'accuracy': 0.0881, 'f1': 0.05114, 'auc': 0.71018}
test: {'epoch': 71, 'time_epoch': 0.0679, 'loss': 7.31938504, 'lr': 0, 'params': 276757, 'time_iter': 0.00485, 'accuracy': 0.07857, 'f1': 0.04803, 'auc': 0.70686}
> Epoch 71: took 2.1s (avg 2.1s) | Best so far: epoch 22	train_loss: 0.9987 train_accuracy: 0.6581	val_loss: 4.1175 val_accuracy: 0.1738	test_loss: 3.2690 test_accuracy: 0.1310	F1: 0.0896 Prec: 0.2489 Rec: 0.1310
train: {'epoch': 72, 'time_epoch': 1.7957, 'eta': 328.79216, 'eta_hours': 0.09133, 'loss': 0.5241016, 'lr': 0.00080893, 'params': 276757, 'time_iter': 0.01026, 'accuracy': 0.8233, 'f1': 0.82318, 'auc': 0.9926}
val: {'epoch': 72, 'time_epoch': 0.08155, 'loss': 13.82601743, 'lr': 0, 'params': 276757, 'time_iter': 0.00583, 'accuracy': 0.09524, 'f1': 0.03132, 'auc': 0.65933}
test: {'epoch': 72, 'time_epoch': 0.07378, 'loss': 8.36531733, 'lr': 0, 'params': 276757, 'time_iter': 0.00527, 'accuracy': 0.07857, 'f1': 0.02803, 'auc': 0.69806}
> Epoch 72: took 2.0s (avg 2.1s) | Best so far: epoch 22	train_loss: 0.9987 train_accuracy: 0.6581	val_loss: 4.1175 val_accuracy: 0.1738	test_loss: 3.2690 test_accuracy: 0.1310	F1: 0.0896 Prec: 0.2489 Rec: 0.1310
train: {'epoch': 73, 'time_epoch': 1.79898, 'eta': 326.79519, 'eta_hours': 0.09078, 'loss': 0.54221045, 'lr': 0.00080397, 'params': 276757, 'time_iter': 0.01028, 'accuracy': 0.82581, 'f1': 0.82564, 'auc': 0.99149}
val: {'epoch': 73, 'time_epoch': 0.06837, 'loss': 8.72455095, 'lr': 0, 'params': 276757, 'time_iter': 0.00488, 'accuracy': 0.09286, 'f1': 0.0427, 'auc': 0.69555}
test: {'epoch': 73, 'time_epoch': 0.06171, 'loss': 6.13106625, 'lr': 0, 'params': 276757, 'time_iter': 0.00441, 'accuracy': 0.10476, 'f1': 0.07528, 'auc': 0.73957}
> Epoch 73: took 2.0s (avg 2.1s) | Best so far: epoch 22	train_loss: 0.9987 train_accuracy: 0.6581	val_loss: 4.1175 val_accuracy: 0.1738	test_loss: 3.2690 test_accuracy: 0.1310	F1: 0.0896 Prec: 0.2489 Rec: 0.1310
train: {'epoch': 74, 'time_epoch': 1.79547, 'eta': 324.79532, 'eta_hours': 0.09022, 'loss': 0.50150165, 'lr': 0.00079895, 'params': 276757, 'time_iter': 0.01026, 'accuracy': 0.83692, 'f1': 0.83676, 'auc': 0.99301}
val: {'epoch': 74, 'time_epoch': 0.07782, 'loss': 11.75678921, 'lr': 0, 'params': 276757, 'time_iter': 0.00556, 'accuracy': 0.07143, 'f1': 0.02817, 'auc': 0.65302}
test: {'epoch': 74, 'time_epoch': 0.07482, 'loss': 6.06740748, 'lr': 0, 'params': 276757, 'time_iter': 0.00534, 'accuracy': 0.10952, 'f1': 0.04468, 'auc': 0.72732}
> Epoch 74: took 2.0s (avg 2.1s) | Best so far: epoch 22	train_loss: 0.9987 train_accuracy: 0.6581	val_loss: 4.1175 val_accuracy: 0.1738	test_loss: 3.2690 test_accuracy: 0.1310	F1: 0.0896 Prec: 0.2489 Rec: 0.1310
train: {'epoch': 75, 'time_epoch': 1.96997, 'eta': 323.20035, 'eta_hours': 0.08978, 'loss': 0.49557285, 'lr': 0.00079389, 'params': 276757, 'time_iter': 0.01126, 'accuracy': 0.83692, 'f1': 0.83664, 'auc': 0.99313}
val: {'epoch': 75, 'time_epoch': 0.07298, 'loss': 8.43032393, 'lr': 0, 'params': 276757, 'time_iter': 0.00521, 'accuracy': 0.10952, 'f1': 0.04442, 'auc': 0.68317}
test: {'epoch': 75, 'time_epoch': 0.06995, 'loss': 4.47733134, 'lr': 0, 'params': 276757, 'time_iter': 0.005, 'accuracy': 0.16667, 'f1': 0.1132, 'auc': 0.76396}
> Epoch 75: took 2.2s (avg 2.1s) | Best so far: epoch 22	train_loss: 0.9987 train_accuracy: 0.6581	val_loss: 4.1175 val_accuracy: 0.1738	test_loss: 3.2690 test_accuracy: 0.1310	F1: 0.0896 Prec: 0.2489 Rec: 0.1310
train: {'epoch': 76, 'time_epoch': 1.80889, 'eta': 321.23373, 'eta_hours': 0.08923, 'loss': 0.51434275, 'lr': 0.00078879, 'params': 276757, 'time_iter': 0.01034, 'accuracy': 0.82724, 'f1': 0.82708, 'auc': 0.99269}
val: {'epoch': 76, 'time_epoch': 0.08784, 'loss': 9.32028455, 'lr': 0, 'params': 276757, 'time_iter': 0.00627, 'accuracy': 0.07619, 'f1': 0.03631, 'auc': 0.65457}
test: {'epoch': 76, 'time_epoch': 0.08317, 'loss': 4.91039008, 'lr': 0, 'params': 276757, 'time_iter': 0.00594, 'accuracy': 0.0881, 'f1': 0.05305, 'auc': 0.72538}
> Epoch 76: took 2.1s (avg 2.1s) | Best so far: epoch 22	train_loss: 0.9987 train_accuracy: 0.6581	val_loss: 4.1175 val_accuracy: 0.1738	test_loss: 3.2690 test_accuracy: 0.1310	F1: 0.0896 Prec: 0.2489 Rec: 0.1310
train: {'epoch': 77, 'time_epoch': 1.8151, 'eta': 319.28485, 'eta_hours': 0.08869, 'loss': 0.50122901, 'lr': 0.00078363, 'params': 276757, 'time_iter': 0.01037, 'accuracy': 0.8328, 'f1': 0.83258, 'auc': 0.99319}
val: {'epoch': 77, 'time_epoch': 0.09452, 'loss': 7.57369005, 'lr': 0, 'params': 276757, 'time_iter': 0.00675, 'accuracy': 0.10238, 'f1': 0.04727, 'auc': 0.68727}
test: {'epoch': 77, 'time_epoch': 0.08535, 'loss': 4.49266824, 'lr': 0, 'params': 276757, 'time_iter': 0.0061, 'accuracy': 0.12619, 'f1': 0.11826, 'auc': 0.78007}
> Epoch 77: took 2.1s (avg 2.1s) | Best so far: epoch 22	train_loss: 0.9987 train_accuracy: 0.6581	val_loss: 4.1175 val_accuracy: 0.1738	test_loss: 3.2690 test_accuracy: 0.1310	F1: 0.0896 Prec: 0.2489 Rec: 0.1310
train: {'epoch': 78, 'time_epoch': 1.72648, 'eta': 317.14751, 'eta_hours': 0.0881, 'loss': 0.4817073, 'lr': 0.00077844, 'params': 276757, 'time_iter': 0.00987, 'accuracy': 0.83746, 'f1': 0.83724, 'auc': 0.99362}
val: {'epoch': 78, 'time_epoch': 0.08869, 'loss': 7.62978022, 'lr': 0, 'params': 276757, 'time_iter': 0.00634, 'accuracy': 0.10714, 'f1': 0.07365, 'auc': 0.67772}
test: {'epoch': 78, 'time_epoch': 0.086, 'loss': 4.65108584, 'lr': 0, 'params': 276757, 'time_iter': 0.00614, 'accuracy': 0.14524, 'f1': 0.08583, 'auc': 0.75842}
> Epoch 78: took 2.0s (avg 2.1s) | Best so far: epoch 22	train_loss: 0.9987 train_accuracy: 0.6581	val_loss: 4.1175 val_accuracy: 0.1738	test_loss: 3.2690 test_accuracy: 0.1310	F1: 0.0896 Prec: 0.2489 Rec: 0.1310
train: {'epoch': 79, 'time_epoch': 1.99322, 'eta': 315.58728, 'eta_hours': 0.08766, 'loss': 0.50794444, 'lr': 0.0007732, 'params': 276757, 'time_iter': 0.01139, 'accuracy': 0.82581, 'f1': 0.82561, 'auc': 0.9928}
val: {'epoch': 79, 'time_epoch': 0.06703, 'loss': 6.50397608, 'lr': 0, 'params': 276757, 'time_iter': 0.00479, 'accuracy': 0.13333, 'f1': 0.06348, 'auc': 0.72761}
test: {'epoch': 79, 'time_epoch': 0.08628, 'loss': 3.49318248, 'lr': 0, 'params': 276757, 'time_iter': 0.00616, 'accuracy': 0.1881, 'f1': 0.14194, 'auc': 0.80871}
> Epoch 79: took 2.2s (avg 2.1s) | Best so far: epoch 22	train_loss: 0.9987 train_accuracy: 0.6581	val_loss: 4.1175 val_accuracy: 0.1738	test_loss: 3.2690 test_accuracy: 0.1310	F1: 0.0896 Prec: 0.2489 Rec: 0.1310
train: {'epoch': 80, 'time_epoch': 1.86117, 'eta': 313.74085, 'eta_hours': 0.08715, 'loss': 0.50374237, 'lr': 0.00076791, 'params': 276757, 'time_iter': 0.01064, 'accuracy': 0.83226, 'f1': 0.83217, 'auc': 0.99291}
val: {'epoch': 80, 'time_epoch': 0.10223, 'loss': 11.27695193, 'lr': 0, 'params': 276757, 'time_iter': 0.0073, 'accuracy': 0.08333, 'f1': 0.04236, 'auc': 0.62752}
test: {'epoch': 80, 'time_epoch': 0.08316, 'loss': 5.90512855, 'lr': 0, 'params': 276757, 'time_iter': 0.00594, 'accuracy': 0.16905, 'f1': 0.12544, 'auc': 0.74984}
> Epoch 80: took 2.1s (avg 2.1s) | Best so far: epoch 22	train_loss: 0.9987 train_accuracy: 0.6581	val_loss: 4.1175 val_accuracy: 0.1738	test_loss: 3.2690 test_accuracy: 0.1310	F1: 0.0896 Prec: 0.2489 Rec: 0.1310
train: {'epoch': 81, 'time_epoch': 1.81092, 'eta': 311.79111, 'eta_hours': 0.08661, 'loss': 0.48892573, 'lr': 0.00076259, 'params': 276757, 'time_iter': 0.01035, 'accuracy': 0.83817, 'f1': 0.83795, 'auc': 0.99347}
val: {'epoch': 81, 'time_epoch': 0.0687, 'loss': 7.60066451, 'lr': 0, 'params': 276757, 'time_iter': 0.00491, 'accuracy': 0.1119, 'f1': 0.0694, 'auc': 0.70504}
test: {'epoch': 81, 'time_epoch': 0.0696, 'loss': 5.13328434, 'lr': 0, 'params': 276757, 'time_iter': 0.00497, 'accuracy': 0.06905, 'f1': 0.04498, 'auc': 0.75343}
> Epoch 81: took 2.0s (avg 2.1s) | Best so far: epoch 22	train_loss: 0.9987 train_accuracy: 0.6581	val_loss: 4.1175 val_accuracy: 0.1738	test_loss: 3.2690 test_accuracy: 0.1310	F1: 0.0896 Prec: 0.2489 Rec: 0.1310
train: {'epoch': 82, 'time_epoch': 1.75044, 'eta': 309.72301, 'eta_hours': 0.08603, 'loss': 0.48878358, 'lr': 0.00075722, 'params': 276757, 'time_iter': 0.01, 'accuracy': 0.83351, 'f1': 0.83339, 'auc': 0.99331}
val: {'epoch': 82, 'time_epoch': 0.07178, 'loss': 9.74790633, 'lr': 0, 'params': 276757, 'time_iter': 0.00513, 'accuracy': 0.10714, 'f1': 0.04212, 'auc': 0.66625}
test: {'epoch': 82, 'time_epoch': 0.06819, 'loss': 5.44165421, 'lr': 0, 'params': 276757, 'time_iter': 0.00487, 'accuracy': 0.17857, 'f1': 0.12005, 'auc': 0.74385}
> Epoch 82: took 2.0s (avg 2.1s) | Best so far: epoch 22	train_loss: 0.9987 train_accuracy: 0.6581	val_loss: 4.1175 val_accuracy: 0.1738	test_loss: 3.2690 test_accuracy: 0.1310	F1: 0.0896 Prec: 0.2489 Rec: 0.1310
train: {'epoch': 83, 'time_epoch': 1.72569, 'eta': 307.61356, 'eta_hours': 0.08545, 'loss': 0.4841592, 'lr': 0.00075181, 'params': 276757, 'time_iter': 0.00986, 'accuracy': 0.8371, 'f1': 0.83691, 'auc': 0.99356}
val: {'epoch': 83, 'time_epoch': 0.09347, 'loss': 7.60924116, 'lr': 0, 'params': 276757, 'time_iter': 0.00668, 'accuracy': 0.13333, 'f1': 0.05976, 'auc': 0.72297}
test: {'epoch': 83, 'time_epoch': 0.09195, 'loss': 4.54894681, 'lr': 0, 'params': 276757, 'time_iter': 0.00657, 'accuracy': 0.17619, 'f1': 0.13416, 'auc': 0.76851}
> Epoch 83: took 2.0s (avg 2.1s) | Best so far: epoch 22	train_loss: 0.9987 train_accuracy: 0.6581	val_loss: 4.1175 val_accuracy: 0.1738	test_loss: 3.2690 test_accuracy: 0.1310	F1: 0.0896 Prec: 0.2489 Rec: 0.1310
train: {'epoch': 84, 'time_epoch': 1.9673, 'eta': 305.98216, 'eta_hours': 0.085, 'loss': 0.46909861, 'lr': 0.00074636, 'params': 276757, 'time_iter': 0.01124, 'accuracy': 0.83853, 'f1': 0.83834, 'auc': 0.99397}
val: {'epoch': 84, 'time_epoch': 0.08606, 'loss': 7.88450334, 'lr': 0, 'params': 276757, 'time_iter': 0.00615, 'accuracy': 0.12143, 'f1': 0.04677, 'auc': 0.72198}
test: {'epoch': 84, 'time_epoch': 0.07354, 'loss': 4.72188584, 'lr': 0, 'params': 276757, 'time_iter': 0.00525, 'accuracy': 0.13095, 'f1': 0.07204, 'auc': 0.81137}
> Epoch 84: took 2.2s (avg 2.1s) | Best so far: epoch 22	train_loss: 0.9987 train_accuracy: 0.6581	val_loss: 4.1175 val_accuracy: 0.1738	test_loss: 3.2690 test_accuracy: 0.1310	F1: 0.0896 Prec: 0.2489 Rec: 0.1310
train: {'epoch': 85, 'time_epoch': 1.89859, 'eta': 304.21192, 'eta_hours': 0.0845, 'loss': 0.50601139, 'lr': 0.00074088, 'params': 276757, 'time_iter': 0.01085, 'accuracy': 0.83172, 'f1': 0.83179, 'auc': 0.99288}
val: {'epoch': 85, 'time_epoch': 0.10779, 'loss': 6.46686014, 'lr': 0, 'params': 276757, 'time_iter': 0.0077, 'accuracy': 0.09048, 'f1': 0.05467, 'auc': 0.70101}
test: {'epoch': 85, 'time_epoch': 0.06563, 'loss': 4.14219647, 'lr': 0, 'params': 276757, 'time_iter': 0.00469, 'accuracy': 0.09286, 'f1': 0.06313, 'auc': 0.76535}
> Epoch 85: took 2.2s (avg 2.1s) | Best so far: epoch 22	train_loss: 0.9987 train_accuracy: 0.6581	val_loss: 4.1175 val_accuracy: 0.1738	test_loss: 3.2690 test_accuracy: 0.1310	F1: 0.0896 Prec: 0.2489 Rec: 0.1310
train: {'epoch': 86, 'time_epoch': 1.90601, 'eta': 302.45263, 'eta_hours': 0.08401, 'loss': 0.47381839, 'lr': 0.00073535, 'params': 276757, 'time_iter': 0.01089, 'accuracy': 0.84283, 'f1': 0.8426, 'auc': 0.99364}
val: {'epoch': 86, 'time_epoch': 0.07281, 'loss': 4.84091956, 'lr': 0, 'params': 276757, 'time_iter': 0.0052, 'accuracy': 0.16429, 'f1': 0.12166, 'auc': 0.79411}
test: {'epoch': 86, 'time_epoch': 0.09179, 'loss': 3.63616774, 'lr': 0, 'params': 276757, 'time_iter': 0.00656, 'accuracy': 0.20238, 'f1': 0.20246, 'auc': 0.79964}
> Epoch 86: took 2.2s (avg 2.1s) | Best so far: epoch 22	train_loss: 0.9987 train_accuracy: 0.6581	val_loss: 4.1175 val_accuracy: 0.1738	test_loss: 3.2690 test_accuracy: 0.1310	F1: 0.0896 Prec: 0.2489 Rec: 0.1310
train: {'epoch': 87, 'time_epoch': 2.03595, 'eta': 300.92922, 'eta_hours': 0.08359, 'loss': 0.4586611, 'lr': 0.00072979, 'params': 276757, 'time_iter': 0.01163, 'accuracy': 0.84588, 'f1': 0.84583, 'auc': 0.99421}
val: {'epoch': 87, 'time_epoch': 0.06984, 'loss': 6.54175784, 'lr': 0, 'params': 276757, 'time_iter': 0.00499, 'accuracy': 0.13571, 'f1': 0.08598, 'auc': 0.71583}
test: {'epoch': 87, 'time_epoch': 0.08268, 'loss': 5.15161365, 'lr': 0, 'params': 276757, 'time_iter': 0.00591, 'accuracy': 0.12619, 'f1': 0.07221, 'auc': 0.73343}
> Epoch 87: took 2.3s (avg 2.1s) | Best so far: epoch 22	train_loss: 0.9987 train_accuracy: 0.6581	val_loss: 4.1175 val_accuracy: 0.1738	test_loss: 3.2690 test_accuracy: 0.1310	F1: 0.0896 Prec: 0.2489 Rec: 0.1310
train: {'epoch': 88, 'time_epoch': 1.85701, 'eta': 299.07059, 'eta_hours': 0.08308, 'loss': 0.44077399, 'lr': 0.00072419, 'params': 276757, 'time_iter': 0.01061, 'accuracy': 0.85412, 'f1': 0.85404, 'auc': 0.99461}
val: {'epoch': 88, 'time_epoch': 0.08332, 'loss': 10.93584529, 'lr': 0, 'params': 276757, 'time_iter': 0.00595, 'accuracy': 0.06667, 'f1': 0.03913, 'auc': 0.64045}
test: {'epoch': 88, 'time_epoch': 0.07533, 'loss': 8.47690187, 'lr': 0, 'params': 276757, 'time_iter': 0.00538, 'accuracy': 0.05714, 'f1': 0.01993, 'auc': 0.69831}
> Epoch 88: took 2.1s (avg 2.1s) | Best so far: epoch 22	train_loss: 0.9987 train_accuracy: 0.6581	val_loss: 4.1175 val_accuracy: 0.1738	test_loss: 3.2690 test_accuracy: 0.1310	F1: 0.0896 Prec: 0.2489 Rec: 0.1310
train: {'epoch': 89, 'time_epoch': 1.8243, 'eta': 297.15384, 'eta_hours': 0.08254, 'loss': 0.44162873, 'lr': 0.00071856, 'params': 276757, 'time_iter': 0.01042, 'accuracy': 0.85251, 'f1': 0.85242, 'auc': 0.99449}
val: {'epoch': 89, 'time_epoch': 0.0766, 'loss': 9.95341035, 'lr': 0, 'params': 276757, 'time_iter': 0.00547, 'accuracy': 0.10476, 'f1': 0.072, 'auc': 0.63834}
test: {'epoch': 89, 'time_epoch': 0.06724, 'loss': 6.01684383, 'lr': 0, 'params': 276757, 'time_iter': 0.0048, 'accuracy': 0.09286, 'f1': 0.06474, 'auc': 0.7182}
> Epoch 89: took 2.0s (avg 2.1s) | Best so far: epoch 22	train_loss: 0.9987 train_accuracy: 0.6581	val_loss: 4.1175 val_accuracy: 0.1738	test_loss: 3.2690 test_accuracy: 0.1310	F1: 0.0896 Prec: 0.2489 Rec: 0.1310
train: {'epoch': 90, 'time_epoch': 1.72335, 'eta': 295.06273, 'eta_hours': 0.08196, 'loss': 0.43874325, 'lr': 0.00071289, 'params': 276757, 'time_iter': 0.00985, 'accuracy': 0.85484, 'f1': 0.8546, 'auc': 0.99475}
val: {'epoch': 90, 'time_epoch': 0.07481, 'loss': 6.21376697, 'lr': 0, 'params': 276757, 'time_iter': 0.00534, 'accuracy': 0.09524, 'f1': 0.07258, 'auc': 0.74544}
test: {'epoch': 90, 'time_epoch': 0.09694, 'loss': 4.9988909, 'lr': 0, 'params': 276757, 'time_iter': 0.00692, 'accuracy': 0.16905, 'f1': 0.12897, 'auc': 0.75875}
> Epoch 90: took 2.0s (avg 2.1s) | Best so far: epoch 22	train_loss: 0.9987 train_accuracy: 0.6581	val_loss: 4.1175 val_accuracy: 0.1738	test_loss: 3.2690 test_accuracy: 0.1310	F1: 0.0896 Prec: 0.2489 Rec: 0.1310
train: {'epoch': 91, 'time_epoch': 1.94402, 'eta': 293.3586, 'eta_hours': 0.08149, 'loss': 0.44691874, 'lr': 0.00070719, 'params': 276757, 'time_iter': 0.01111, 'accuracy': 0.84946, 'f1': 0.84935, 'auc': 0.99441}
val: {'epoch': 91, 'time_epoch': 0.07198, 'loss': 9.10578206, 'lr': 0, 'params': 276757, 'time_iter': 0.00514, 'accuracy': 0.1119, 'f1': 0.04832, 'auc': 0.65767}
test: {'epoch': 91, 'time_epoch': 0.07667, 'loss': 4.75386671, 'lr': 0, 'params': 276757, 'time_iter': 0.00548, 'accuracy': 0.18571, 'f1': 0.12578, 'auc': 0.73966}
> Epoch 91: took 2.2s (avg 2.1s) | Best so far: epoch 22	train_loss: 0.9987 train_accuracy: 0.6581	val_loss: 4.1175 val_accuracy: 0.1738	test_loss: 3.2690 test_accuracy: 0.1310	F1: 0.0896 Prec: 0.2489 Rec: 0.1310
train: {'epoch': 92, 'time_epoch': 2.12468, 'eta': 291.95429, 'eta_hours': 0.0811, 'loss': 0.43353173, 'lr': 0.00070145, 'params': 276757, 'time_iter': 0.01214, 'accuracy': 0.85609, 'f1': 0.85596, 'auc': 0.99462}
val: {'epoch': 92, 'time_epoch': 0.07484, 'loss': 11.51235008, 'lr': 0, 'params': 276757, 'time_iter': 0.00535, 'accuracy': 0.07857, 'f1': 0.03147, 'auc': 0.63891}
test: {'epoch': 92, 'time_epoch': 0.07477, 'loss': 6.09729011, 'lr': 0, 'params': 276757, 'time_iter': 0.00534, 'accuracy': 0.11905, 'f1': 0.04849, 'auc': 0.7331}
> Epoch 92: took 2.3s (avg 2.1s) | Best so far: epoch 22	train_loss: 0.9987 train_accuracy: 0.6581	val_loss: 4.1175 val_accuracy: 0.1738	test_loss: 3.2690 test_accuracy: 0.1310	F1: 0.0896 Prec: 0.2489 Rec: 0.1310
train: {'epoch': 93, 'time_epoch': 1.72674, 'eta': 289.87425, 'eta_hours': 0.08052, 'loss': 0.44371307, 'lr': 0.00069569, 'params': 276757, 'time_iter': 0.00987, 'accuracy': 0.8509, 'f1': 0.85081, 'auc': 0.99452}
val: {'epoch': 93, 'time_epoch': 0.07043, 'loss': 9.63747619, 'lr': 0, 'params': 276757, 'time_iter': 0.00503, 'accuracy': 0.11429, 'f1': 0.0602, 'auc': 0.67762}
test: {'epoch': 93, 'time_epoch': 0.09009, 'loss': 5.6062494, 'lr': 0, 'params': 276757, 'time_iter': 0.00644, 'accuracy': 0.20476, 'f1': 0.13166, 'auc': 0.74762}
> Epoch 93: took 2.0s (avg 2.1s) | Best so far: epoch 22	train_loss: 0.9987 train_accuracy: 0.6581	val_loss: 4.1175 val_accuracy: 0.1738	test_loss: 3.2690 test_accuracy: 0.1310	F1: 0.0896 Prec: 0.2489 Rec: 0.1310
train: {'epoch': 94, 'time_epoch': 1.9354, 'eta': 288.14209, 'eta_hours': 0.08004, 'loss': 0.44095151, 'lr': 0.00068989, 'params': 276757, 'time_iter': 0.01106, 'accuracy': 0.85125, 'f1': 0.85113, 'auc': 0.99459}
val: {'epoch': 94, 'time_epoch': 0.07359, 'loss': 8.91559505, 'lr': 0, 'params': 276757, 'time_iter': 0.00526, 'accuracy': 0.06905, 'f1': 0.03191, 'auc': 0.68173}
test: {'epoch': 94, 'time_epoch': 0.07755, 'loss': 6.46722214, 'lr': 0, 'params': 276757, 'time_iter': 0.00554, 'accuracy': 0.09048, 'f1': 0.05105, 'auc': 0.71198}
> Epoch 94: took 2.2s (avg 2.1s) | Best so far: epoch 22	train_loss: 0.9987 train_accuracy: 0.6581	val_loss: 4.1175 val_accuracy: 0.1738	test_loss: 3.2690 test_accuracy: 0.1310	F1: 0.0896 Prec: 0.2489 Rec: 0.1310
train: {'epoch': 95, 'time_epoch': 1.78642, 'eta': 286.16671, 'eta_hours': 0.07949, 'loss': 0.44689363, 'lr': 0.00068406, 'params': 276757, 'time_iter': 0.01021, 'accuracy': 0.84462, 'f1': 0.8445, 'auc': 0.99456}
val: {'epoch': 95, 'time_epoch': 0.06808, 'loss': 8.9688893, 'lr': 0, 'params': 276757, 'time_iter': 0.00486, 'accuracy': 0.09762, 'f1': 0.03339, 'auc': 0.6872}
test: {'epoch': 95, 'time_epoch': 0.06032, 'loss': 4.9303754, 'lr': 0, 'params': 276757, 'time_iter': 0.00431, 'accuracy': 0.17381, 'f1': 0.12726, 'auc': 0.75141}
> Epoch 95: took 2.0s (avg 2.1s) | Best so far: epoch 22	train_loss: 0.9987 train_accuracy: 0.6581	val_loss: 4.1175 val_accuracy: 0.1738	test_loss: 3.2690 test_accuracy: 0.1310	F1: 0.0896 Prec: 0.2489 Rec: 0.1310
train: {'epoch': 96, 'time_epoch': 1.7484, 'eta': 284.13525, 'eta_hours': 0.07893, 'loss': 0.42290482, 'lr': 0.00067821, 'params': 276757, 'time_iter': 0.00999, 'accuracy': 0.85699, 'f1': 0.85695, 'auc': 0.99504}
val: {'epoch': 96, 'time_epoch': 0.07702, 'loss': 12.55937384, 'lr': 0, 'params': 276757, 'time_iter': 0.0055, 'accuracy': 0.08095, 'f1': 0.01457, 'auc': 0.62077}
test: {'epoch': 96, 'time_epoch': 0.07086, 'loss': 6.72830721, 'lr': 0, 'params': 276757, 'time_iter': 0.00506, 'accuracy': 0.07619, 'f1': 0.02653, 'auc': 0.68127}
> Epoch 96: took 2.0s (avg 2.1s) | Best so far: epoch 22	train_loss: 0.9987 train_accuracy: 0.6581	val_loss: 4.1175 val_accuracy: 0.1738	test_loss: 3.2690 test_accuracy: 0.1310	F1: 0.0896 Prec: 0.2489 Rec: 0.1310
train: {'epoch': 97, 'time_epoch': 1.70893, 'eta': 282.04836, 'eta_hours': 0.07835, 'loss': 0.44867108, 'lr': 0.00067232, 'params': 276757, 'time_iter': 0.00977, 'accuracy': 0.85233, 'f1': 0.85226, 'auc': 0.99444}
val: {'epoch': 97, 'time_epoch': 0.08388, 'loss': 6.16718839, 'lr': 0, 'params': 276757, 'time_iter': 0.00599, 'accuracy': 0.15714, 'f1': 0.07819, 'auc': 0.75112}
test: {'epoch': 97, 'time_epoch': 0.06785, 'loss': 5.72343969, 'lr': 0, 'params': 276757, 'time_iter': 0.00485, 'accuracy': 0.09048, 'f1': 0.06294, 'auc': 0.75046}
> Epoch 97: took 1.9s (avg 2.1s) | Best so far: epoch 22	train_loss: 0.9987 train_accuracy: 0.6581	val_loss: 4.1175 val_accuracy: 0.1738	test_loss: 3.2690 test_accuracy: 0.1310	F1: 0.0896 Prec: 0.2489 Rec: 0.1310
train: {'epoch': 98, 'time_epoch': 1.68494, 'eta': 279.9325, 'eta_hours': 0.07776, 'loss': 0.41158013, 'lr': 0.00066641, 'params': 276757, 'time_iter': 0.00963, 'accuracy': 0.86237, 'f1': 0.86227, 'auc': 0.99527}
val: {'epoch': 98, 'time_epoch': 0.07754, 'loss': 14.31827409, 'lr': 0, 'params': 276757, 'time_iter': 0.00554, 'accuracy': 0.0881, 'f1': 0.05161, 'auc': 0.61908}
test: {'epoch': 98, 'time_epoch': 0.08718, 'loss': 9.2197864, 'lr': 0, 'params': 276757, 'time_iter': 0.00623, 'accuracy': 0.07619, 'f1': 0.0523, 'auc': 0.6746}
> Epoch 98: took 1.9s (avg 2.1s) | Best so far: epoch 22	train_loss: 0.9987 train_accuracy: 0.6581	val_loss: 4.1175 val_accuracy: 0.1738	test_loss: 3.2690 test_accuracy: 0.1310	F1: 0.0896 Prec: 0.2489 Rec: 0.1310
train: {'epoch': 99, 'time_epoch': 1.85744, 'eta': 278.08402, 'eta_hours': 0.07725, 'loss': 0.4107659, 'lr': 0.00066047, 'params': 276757, 'time_iter': 0.01061, 'accuracy': 0.86093, 'f1': 0.86081, 'auc': 0.99533}
val: {'epoch': 99, 'time_epoch': 0.09826, 'loss': 7.29757022, 'lr': 0, 'params': 276757, 'time_iter': 0.00702, 'accuracy': 0.13333, 'f1': 0.08807, 'auc': 0.71333}
test: {'epoch': 99, 'time_epoch': 0.09286, 'loss': 5.34866264, 'lr': 0, 'params': 276757, 'time_iter': 0.00663, 'accuracy': 0.15, 'f1': 0.11021, 'auc': 0.72536}
> Epoch 99: took 2.2s (avg 2.1s) | Best so far: epoch 22	train_loss: 0.9987 train_accuracy: 0.6581	val_loss: 4.1175 val_accuracy: 0.1738	test_loss: 3.2690 test_accuracy: 0.1310	F1: 0.0896 Prec: 0.2489 Rec: 0.1310
train: {'epoch': 100, 'time_epoch': 1.93442, 'eta': 276.34892, 'eta_hours': 0.07676, 'loss': 0.41371421, 'lr': 0.00065451, 'params': 276757, 'time_iter': 0.01105, 'accuracy': 0.86111, 'f1': 0.86102, 'auc': 0.99507}
val: {'epoch': 100, 'time_epoch': 0.07147, 'loss': 8.37694697, 'lr': 0, 'params': 276757, 'time_iter': 0.0051, 'accuracy': 0.10714, 'f1': 0.05282, 'auc': 0.69362}
test: {'epoch': 100, 'time_epoch': 0.08927, 'loss': 4.54736403, 'lr': 0, 'params': 276757, 'time_iter': 0.00638, 'accuracy': 0.14524, 'f1': 0.11323, 'auc': 0.75972}
> Epoch 100: took 2.2s (avg 2.1s) | Best so far: epoch 22	train_loss: 0.9987 train_accuracy: 0.6581	val_loss: 4.1175 val_accuracy: 0.1738	test_loss: 3.2690 test_accuracy: 0.1310	F1: 0.0896 Prec: 0.2489 Rec: 0.1310
train: {'epoch': 101, 'time_epoch': 1.8555, 'eta': 274.4954, 'eta_hours': 0.07625, 'loss': 0.39417691, 'lr': 0.00064852, 'params': 276757, 'time_iter': 0.0106, 'accuracy': 0.86523, 'f1': 0.86516, 'auc': 0.99578}
val: {'epoch': 101, 'time_epoch': 0.08363, 'loss': 7.97509675, 'lr': 0, 'params': 276757, 'time_iter': 0.00597, 'accuracy': 0.12381, 'f1': 0.07443, 'auc': 0.71167}
test: {'epoch': 101, 'time_epoch': 0.07155, 'loss': 4.40325655, 'lr': 0, 'params': 276757, 'time_iter': 0.00511, 'accuracy': 0.18571, 'f1': 0.17902, 'auc': 0.76162}
> Epoch 101: took 2.1s (avg 2.1s) | Best so far: epoch 22	train_loss: 0.9987 train_accuracy: 0.6581	val_loss: 4.1175 val_accuracy: 0.1738	test_loss: 3.2690 test_accuracy: 0.1310	F1: 0.0896 Prec: 0.2489 Rec: 0.1310
train: {'epoch': 102, 'time_epoch': 2.3793, 'eta': 273.38941, 'eta_hours': 0.07594, 'loss': 0.41406221, 'lr': 0.00064251, 'params': 276757, 'time_iter': 0.0136, 'accuracy': 0.85914, 'f1': 0.85903, 'auc': 0.9952}
val: {'epoch': 102, 'time_epoch': 0.12268, 'loss': 6.26868728, 'lr': 0, 'params': 276757, 'time_iter': 0.00876, 'accuracy': 0.14286, 'f1': 0.08394, 'auc': 0.7389}
test: {'epoch': 102, 'time_epoch': 0.06799, 'loss': 4.05437136, 'lr': 0, 'params': 276757, 'time_iter': 0.00486, 'accuracy': 0.10952, 'f1': 0.08811, 'auc': 0.77598}
> Epoch 102: took 2.7s (avg 2.1s) | Best so far: epoch 22	train_loss: 0.9987 train_accuracy: 0.6581	val_loss: 4.1175 val_accuracy: 0.1738	test_loss: 3.2690 test_accuracy: 0.1310	F1: 0.0896 Prec: 0.2489 Rec: 0.1310
train: {'epoch': 103, 'time_epoch': 1.72738, 'eta': 271.34373, 'eta_hours': 0.07537, 'loss': 0.3969373, 'lr': 0.00063648, 'params': 276757, 'time_iter': 0.00987, 'accuracy': 0.86971, 'f1': 0.86969, 'auc': 0.99547}
val: {'epoch': 103, 'time_epoch': 0.06847, 'loss': 6.69151443, 'lr': 0, 'params': 276757, 'time_iter': 0.00489, 'accuracy': 0.09762, 'f1': 0.05859, 'auc': 0.70002}
test: {'epoch': 103, 'time_epoch': 0.08889, 'loss': 4.32830908, 'lr': 0, 'params': 276757, 'time_iter': 0.00635, 'accuracy': 0.1619, 'f1': 0.11472, 'auc': 0.78127}
> Epoch 103: took 2.0s (avg 2.1s) | Best so far: epoch 22	train_loss: 0.9987 train_accuracy: 0.6581	val_loss: 4.1175 val_accuracy: 0.1738	test_loss: 3.2690 test_accuracy: 0.1310	F1: 0.0896 Prec: 0.2489 Rec: 0.1310
train: {'epoch': 104, 'time_epoch': 2.02343, 'eta': 269.71295, 'eta_hours': 0.07492, 'loss': 0.41000654, 'lr': 0.00063042, 'params': 276757, 'time_iter': 0.01156, 'accuracy': 0.86272, 'f1': 0.86252, 'auc': 0.99522}
val: {'epoch': 104, 'time_epoch': 0.07479, 'loss': 8.66214638, 'lr': 0, 'params': 276757, 'time_iter': 0.00534, 'accuracy': 0.10952, 'f1': 0.05264, 'auc': 0.67986}
test: {'epoch': 104, 'time_epoch': 0.06836, 'loss': 5.17477166, 'lr': 0, 'params': 276757, 'time_iter': 0.00488, 'accuracy': 0.15, 'f1': 0.09954, 'auc': 0.74875}
> Epoch 104: took 2.2s (avg 2.1s) | Best so far: epoch 22	train_loss: 0.9987 train_accuracy: 0.6581	val_loss: 4.1175 val_accuracy: 0.1738	test_loss: 3.2690 test_accuracy: 0.1310	F1: 0.0896 Prec: 0.2489 Rec: 0.1310
train: {'epoch': 105, 'time_epoch': 2.1065, 'eta': 268.1876, 'eta_hours': 0.0745, 'loss': 0.3858129, 'lr': 0.00062434, 'params': 276757, 'time_iter': 0.01204, 'accuracy': 0.87007, 'f1': 0.86995, 'auc': 0.99573}
val: {'epoch': 105, 'time_epoch': 0.06917, 'loss': 5.44333137, 'lr': 0, 'params': 276757, 'time_iter': 0.00494, 'accuracy': 0.13571, 'f1': 0.07534, 'auc': 0.73926}
test: {'epoch': 105, 'time_epoch': 0.07654, 'loss': 3.41564849, 'lr': 0, 'params': 276757, 'time_iter': 0.00547, 'accuracy': 0.18571, 'f1': 0.19299, 'auc': 0.80654}
> Epoch 105: took 2.3s (avg 2.1s) | Best so far: epoch 22	train_loss: 0.9987 train_accuracy: 0.6581	val_loss: 4.1175 val_accuracy: 0.1738	test_loss: 3.2690 test_accuracy: 0.1310	F1: 0.0896 Prec: 0.2489 Rec: 0.1310
train: {'epoch': 106, 'time_epoch': 1.96673, 'eta': 266.4646, 'eta_hours': 0.07402, 'loss': 0.39911637, 'lr': 0.00061825, 'params': 276757, 'time_iter': 0.01124, 'accuracy': 0.86308, 'f1': 0.863, 'auc': 0.9956}
val: {'epoch': 106, 'time_epoch': 0.07623, 'loss': 9.63150175, 'lr': 0, 'params': 276757, 'time_iter': 0.00544, 'accuracy': 0.10952, 'f1': 0.03958, 'auc': 0.68764}
test: {'epoch': 106, 'time_epoch': 0.07891, 'loss': 4.83782992, 'lr': 0, 'params': 276757, 'time_iter': 0.00564, 'accuracy': 0.20238, 'f1': 0.12766, 'auc': 0.74774}
> Epoch 106: took 2.2s (avg 2.1s) | Best so far: epoch 22	train_loss: 0.9987 train_accuracy: 0.6581	val_loss: 4.1175 val_accuracy: 0.1738	test_loss: 3.2690 test_accuracy: 0.1310	F1: 0.0896 Prec: 0.2489 Rec: 0.1310
train: {'epoch': 107, 'time_epoch': 1.89723, 'eta': 264.64571, 'eta_hours': 0.07351, 'loss': 0.39787658, 'lr': 0.00061214, 'params': 276757, 'time_iter': 0.01084, 'accuracy': 0.86649, 'f1': 0.86635, 'auc': 0.99566}
val: {'epoch': 107, 'time_epoch': 0.09228, 'loss': 5.68810864, 'lr': 0, 'params': 276757, 'time_iter': 0.00659, 'accuracy': 0.17381, 'f1': 0.13088, 'auc': 0.74484}
test: {'epoch': 107, 'time_epoch': 0.07691, 'loss': 3.96992044, 'lr': 0, 'params': 276757, 'time_iter': 0.00549, 'accuracy': 0.21429, 'f1': 0.1961, 'auc': 0.79429}
> Epoch 107: took 2.2s (avg 2.1s) | Best so far: epoch 22	train_loss: 0.9987 train_accuracy: 0.6581	val_loss: 4.1175 val_accuracy: 0.1738	test_loss: 3.2690 test_accuracy: 0.1310	F1: 0.0896 Prec: 0.2489 Rec: 0.1310
train: {'epoch': 108, 'time_epoch': 1.71049, 'eta': 262.58382, 'eta_hours': 0.07294, 'loss': 0.38102762, 'lr': 0.000606, 'params': 276757, 'time_iter': 0.00977, 'accuracy': 0.87545, 'f1': 0.87539, 'auc': 0.99591}
val: {'epoch': 108, 'time_epoch': 0.06192, 'loss': 5.40313505, 'lr': 0, 'params': 276757, 'time_iter': 0.00442, 'accuracy': 0.14762, 'f1': 0.09622, 'auc': 0.78034}
test: {'epoch': 108, 'time_epoch': 0.07586, 'loss': 4.62975797, 'lr': 0, 'params': 276757, 'time_iter': 0.00542, 'accuracy': 0.16667, 'f1': 0.08299, 'auc': 0.82815}
> Epoch 108: took 1.9s (avg 2.1s) | Best so far: epoch 22	train_loss: 0.9987 train_accuracy: 0.6581	val_loss: 4.1175 val_accuracy: 0.1738	test_loss: 3.2690 test_accuracy: 0.1310	F1: 0.0896 Prec: 0.2489 Rec: 0.1310
train: {'epoch': 109, 'time_epoch': 1.72789, 'eta': 260.55045, 'eta_hours': 0.07238, 'loss': 0.37811738, 'lr': 0.00059985, 'params': 276757, 'time_iter': 0.00987, 'accuracy': 0.87401, 'f1': 0.87393, 'auc': 0.99593}
val: {'epoch': 109, 'time_epoch': 0.0697, 'loss': 5.55815237, 'lr': 0, 'params': 276757, 'time_iter': 0.00498, 'accuracy': 0.1881, 'f1': 0.13654, 'auc': 0.78651}
test: {'epoch': 109, 'time_epoch': 0.06942, 'loss': 4.2440039, 'lr': 0, 'params': 276757, 'time_iter': 0.00496, 'accuracy': 0.15476, 'f1': 0.13456, 'auc': 0.79649}
[*] Confusion Matrix saved to: results_lopo_none/FQ_3m\Conf\confusion_matrix_epoch_109.png
> Epoch 109: took 2.0s (avg 2.1s) | Best so far: epoch 109	train_loss: 0.3781 train_accuracy: 0.8740	val_loss: 5.5582 val_accuracy: 0.1881	test_loss: 4.2440 test_accuracy: 0.1548	F1: 0.1346 Prec: 0.2114 Rec: 0.1548
train: {'epoch': 110, 'time_epoch': 1.74378, 'eta': 258.5425, 'eta_hours': 0.07182, 'loss': 0.3845182, 'lr': 0.00059369, 'params': 276757, 'time_iter': 0.00996, 'accuracy': 0.87097, 'f1': 0.87087, 'auc': 0.99582}
val: {'epoch': 110, 'time_epoch': 0.06373, 'loss': 7.66221498, 'lr': 0, 'params': 276757, 'time_iter': 0.00455, 'accuracy': 0.13095, 'f1': 0.06305, 'auc': 0.73576}
test: {'epoch': 110, 'time_epoch': 0.08154, 'loss': 4.30913021, 'lr': 0, 'params': 276757, 'time_iter': 0.00582, 'accuracy': 0.19524, 'f1': 0.14551, 'auc': 0.79982}
> Epoch 110: took 2.0s (avg 2.1s) | Best so far: epoch 109	train_loss: 0.3781 train_accuracy: 0.8740	val_loss: 5.5582 val_accuracy: 0.1881	test_loss: 4.2440 test_accuracy: 0.1548	F1: 0.1346 Prec: 0.2114 Rec: 0.1548
train: {'epoch': 111, 'time_epoch': 1.72314, 'eta': 256.51384, 'eta_hours': 0.07125, 'loss': 0.39103335, 'lr': 0.00058751, 'params': 276757, 'time_iter': 0.00985, 'accuracy': 0.87294, 'f1': 0.87285, 'auc': 0.99567}
val: {'epoch': 111, 'time_epoch': 0.07199, 'loss': 4.57278785, 'lr': 0, 'params': 276757, 'time_iter': 0.00514, 'accuracy': 0.20476, 'f1': 0.14758, 'auc': 0.79397}
test: {'epoch': 111, 'time_epoch': 0.08767, 'loss': 3.38730315, 'lr': 0, 'params': 276757, 'time_iter': 0.00626, 'accuracy': 0.22619, 'f1': 0.17625, 'auc': 0.82409}
[*] Confusion Matrix saved to: results_lopo_none/FQ_3m\Conf\confusion_matrix_epoch_111.png
> Epoch 111: took 2.0s (avg 2.1s) | Best so far: epoch 111	train_loss: 0.3910 train_accuracy: 0.8729	val_loss: 4.5728 val_accuracy: 0.2048	test_loss: 3.3873 test_accuracy: 0.2262	F1: 0.1763 Prec: 0.3290 Rec: 0.2262
train: {'epoch': 112, 'time_epoch': 1.79631, 'eta': 254.57929, 'eta_hours': 0.07072, 'loss': 0.37434222, 'lr': 0.00058132, 'params': 276757, 'time_iter': 0.01026, 'accuracy': 0.87473, 'f1': 0.87456, 'auc': 0.99602}
val: {'epoch': 112, 'time_epoch': 0.09094, 'loss': 4.25264042, 'lr': 0, 'params': 276757, 'time_iter': 0.0065, 'accuracy': 0.19286, 'f1': 0.14604, 'auc': 0.79536}
test: {'epoch': 112, 'time_epoch': 0.07151, 'loss': 3.56688166, 'lr': 0, 'params': 276757, 'time_iter': 0.00511, 'accuracy': 0.16429, 'f1': 0.13468, 'auc': 0.83135}
> Epoch 112: took 2.0s (avg 2.1s) | Best so far: epoch 111	train_loss: 0.3910 train_accuracy: 0.8729	val_loss: 4.5728 val_accuracy: 0.2048	test_loss: 3.3873 test_accuracy: 0.2262	F1: 0.1763 Prec: 0.3290 Rec: 0.2262
train: {'epoch': 113, 'time_epoch': 1.6481, 'eta': 252.47035, 'eta_hours': 0.07013, 'loss': 0.37620179, 'lr': 0.00057511, 'params': 276757, 'time_iter': 0.00942, 'accuracy': 0.87491, 'f1': 0.87466, 'auc': 0.99587}
val: {'epoch': 113, 'time_epoch': 0.07407, 'loss': 5.22647872, 'lr': 0, 'params': 276757, 'time_iter': 0.00529, 'accuracy': 0.16667, 'f1': 0.13961, 'auc': 0.78301}
test: {'epoch': 113, 'time_epoch': 0.08983, 'loss': 4.39171448, 'lr': 0, 'params': 276757, 'time_iter': 0.00642, 'accuracy': 0.11905, 'f1': 0.1126, 'auc': 0.79645}
> Epoch 113: took 1.9s (avg 2.1s) | Best so far: epoch 111	train_loss: 0.3910 train_accuracy: 0.8729	val_loss: 4.5728 val_accuracy: 0.2048	test_loss: 3.3873 test_accuracy: 0.2262	F1: 0.1763 Prec: 0.3290 Rec: 0.2262
train: {'epoch': 114, 'time_epoch': 1.77665, 'eta': 250.52033, 'eta_hours': 0.06959, 'loss': 0.36733341, 'lr': 0.0005689, 'params': 276757, 'time_iter': 0.01015, 'accuracy': 0.87545, 'f1': 0.87531, 'auc': 0.99613}
val: {'epoch': 114, 'time_epoch': 0.08028, 'loss': 4.19207066, 'lr': 0, 'params': 276757, 'time_iter': 0.00573, 'accuracy': 0.1881, 'f1': 0.16238, 'auc': 0.7905}
test: {'epoch': 114, 'time_epoch': 0.09328, 'loss': 4.09027234, 'lr': 0, 'params': 276757, 'time_iter': 0.00666, 'accuracy': 0.20714, 'f1': 0.15531, 'auc': 0.82392}
> Epoch 114: took 2.0s (avg 2.1s) | Best so far: epoch 111	train_loss: 0.3910 train_accuracy: 0.8729	val_loss: 4.5728 val_accuracy: 0.2048	test_loss: 3.3873 test_accuracy: 0.2262	F1: 0.1763 Prec: 0.3290 Rec: 0.2262
train: {'epoch': 115, 'time_epoch': 1.79973, 'eta': 248.59997, 'eta_hours': 0.06906, 'loss': 0.38873775, 'lr': 0.00056267, 'params': 276757, 'time_iter': 0.01028, 'accuracy': 0.87043, 'f1': 0.87032, 'auc': 0.99573}
val: {'epoch': 115, 'time_epoch': 0.06534, 'loss': 5.76132507, 'lr': 0, 'params': 276757, 'time_iter': 0.00467, 'accuracy': 0.15238, 'f1': 0.09479, 'auc': 0.73559}
test: {'epoch': 115, 'time_epoch': 0.07171, 'loss': 4.06668001, 'lr': 0, 'params': 276757, 'time_iter': 0.00512, 'accuracy': 0.2, 'f1': 0.13886, 'auc': 0.78004}
> Epoch 115: took 2.0s (avg 2.1s) | Best so far: epoch 111	train_loss: 0.3910 train_accuracy: 0.8729	val_loss: 4.5728 val_accuracy: 0.2048	test_loss: 3.3873 test_accuracy: 0.2262	F1: 0.1763 Prec: 0.3290 Rec: 0.2262
train: {'epoch': 116, 'time_epoch': 1.71717, 'eta': 246.58781, 'eta_hours': 0.0685, 'loss': 0.36293507, 'lr': 0.00055643, 'params': 276757, 'time_iter': 0.00981, 'accuracy': 0.87957, 'f1': 0.87957, 'auc': 0.99632}
val: {'epoch': 116, 'time_epoch': 0.07659, 'loss': 2.84489436, 'lr': 0, 'params': 276757, 'time_iter': 0.00547, 'accuracy': 0.35952, 'f1': 0.30097, 'auc': 0.86336}
test: {'epoch': 116, 'time_epoch': 0.07533, 'loss': 3.20152942, 'lr': 0, 'params': 276757, 'time_iter': 0.00538, 'accuracy': 0.30238, 'f1': 0.23491, 'auc': 0.87793}
[*] Confusion Matrix saved to: results_lopo_none/FQ_3m\Conf\confusion_matrix_epoch_116.png
> Epoch 116: took 2.0s (avg 2.1s) | Best so far: epoch 116	train_loss: 0.3629 train_accuracy: 0.8796	val_loss: 2.8449 val_accuracy: 0.3595	test_loss: 3.2015 test_accuracy: 0.3024	F1: 0.2349 Prec: 0.2737 Rec: 0.3024
train: {'epoch': 117, 'time_epoch': 1.85931, 'eta': 244.73966, 'eta_hours': 0.06798, 'loss': 0.35434512, 'lr': 0.00055018, 'params': 276757, 'time_iter': 0.01062, 'accuracy': 0.8767, 'f1': 0.87664, 'auc': 0.99655}
val: {'epoch': 117, 'time_epoch': 0.07411, 'loss': 11.50958299, 'lr': 0, 'params': 276757, 'time_iter': 0.00529, 'accuracy': 0.07619, 'f1': 0.04368, 'auc': 0.65646}
test: {'epoch': 117, 'time_epoch': 0.09856, 'loss': 7.13949814, 'lr': 0, 'params': 276757, 'time_iter': 0.00704, 'accuracy': 0.07381, 'f1': 0.06369, 'auc': 0.70374}
> Epoch 117: took 2.1s (avg 2.1s) | Best so far: epoch 116	train_loss: 0.3629 train_accuracy: 0.8796	val_loss: 2.8449 val_accuracy: 0.3595	test_loss: 3.2015 test_accuracy: 0.3024	F1: 0.2349 Prec: 0.2737 Rec: 0.3024
train: {'epoch': 118, 'time_epoch': 1.88008, 'eta': 242.91418, 'eta_hours': 0.06748, 'loss': 0.34963618, 'lr': 0.00054393, 'params': 276757, 'time_iter': 0.01074, 'accuracy': 0.88423, 'f1': 0.8842, 'auc': 0.99659}
val: {'epoch': 118, 'time_epoch': 0.07725, 'loss': 8.44859748, 'lr': 0, 'params': 276757, 'time_iter': 0.00552, 'accuracy': 0.1, 'f1': 0.07016, 'auc': 0.70302}
test: {'epoch': 118, 'time_epoch': 0.0792, 'loss': 5.46310318, 'lr': 0, 'params': 276757, 'time_iter': 0.00566, 'accuracy': 0.09286, 'f1': 0.07471, 'auc': 0.73675}
> Epoch 118: took 2.1s (avg 2.1s) | Best so far: epoch 116	train_loss: 0.3629 train_accuracy: 0.8796	val_loss: 2.8449 val_accuracy: 0.3595	test_loss: 3.2015 test_accuracy: 0.3024	F1: 0.2349 Prec: 0.2737 Rec: 0.3024
train: {'epoch': 119, 'time_epoch': 1.74851, 'eta': 240.94527, 'eta_hours': 0.06693, 'loss': 0.35776418, 'lr': 0.00053766, 'params': 276757, 'time_iter': 0.00999, 'accuracy': 0.88118, 'f1': 0.88107, 'auc': 0.99625}
val: {'epoch': 119, 'time_epoch': 0.06683, 'loss': 5.66443964, 'lr': 0, 'params': 276757, 'time_iter': 0.00477, 'accuracy': 0.17143, 'f1': 0.10967, 'auc': 0.75885}
test: {'epoch': 119, 'time_epoch': 0.0635, 'loss': 4.78005991, 'lr': 0, 'params': 276757, 'time_iter': 0.00454, 'accuracy': 0.1119, 'f1': 0.07574, 'auc': 0.7934}
> Epoch 119: took 2.0s (avg 2.1s) | Best so far: epoch 116	train_loss: 0.3629 train_accuracy: 0.8796	val_loss: 2.8449 val_accuracy: 0.3595	test_loss: 3.2015 test_accuracy: 0.3024	F1: 0.2349 Prec: 0.2737 Rec: 0.3024
train: {'epoch': 120, 'time_epoch': 1.92953, 'eta': 239.17297, 'eta_hours': 0.06644, 'loss': 0.35949001, 'lr': 0.0005314, 'params': 276757, 'time_iter': 0.01103, 'accuracy': 0.88369, 'f1': 0.88361, 'auc': 0.99639}
val: {'epoch': 120, 'time_epoch': 0.07087, 'loss': 4.43447265, 'lr': 0, 'params': 276757, 'time_iter': 0.00506, 'accuracy': 0.15952, 'f1': 0.10519, 'auc': 0.79519}
test: {'epoch': 120, 'time_epoch': 0.08802, 'loss': 3.84480165, 'lr': 0, 'params': 276757, 'time_iter': 0.00629, 'accuracy': 0.16905, 'f1': 0.1299, 'auc': 0.82466}
> Epoch 120: took 2.2s (avg 2.1s) | Best so far: epoch 116	train_loss: 0.3629 train_accuracy: 0.8796	val_loss: 2.8449 val_accuracy: 0.3595	test_loss: 3.2015 test_accuracy: 0.3024	F1: 0.2349 Prec: 0.2737 Rec: 0.3024
train: {'epoch': 121, 'time_epoch': 2.06509, 'eta': 237.54033, 'eta_hours': 0.06598, 'loss': 0.35015225, 'lr': 0.00052512, 'params': 276757, 'time_iter': 0.0118, 'accuracy': 0.88029, 'f1': 0.88019, 'auc': 0.99655}
val: {'epoch': 121, 'time_epoch': 0.081, 'loss': 4.44669222, 'lr': 0, 'params': 276757, 'time_iter': 0.00579, 'accuracy': 0.14762, 'f1': 0.11937, 'auc': 0.79766}
test: {'epoch': 121, 'time_epoch': 0.06568, 'loss': 4.00939898, 'lr': 0, 'params': 276757, 'time_iter': 0.00469, 'accuracy': 0.20238, 'f1': 0.15511, 'auc': 0.83874}
> Epoch 121: took 2.3s (avg 2.1s) | Best so far: epoch 116	train_loss: 0.3629 train_accuracy: 0.8796	val_loss: 2.8449 val_accuracy: 0.3595	test_loss: 3.2015 test_accuracy: 0.3024	F1: 0.2349 Prec: 0.2737 Rec: 0.3024
train: {'epoch': 122, 'time_epoch': 2.10496, 'eta': 235.94183, 'eta_hours': 0.06554, 'loss': 0.37587281, 'lr': 0.00051885, 'params': 276757, 'time_iter': 0.01203, 'accuracy': 0.87222, 'f1': 0.87218, 'auc': 0.99605}
val: {'epoch': 122, 'time_epoch': 0.08199, 'loss': 3.59334748, 'lr': 0, 'params': 276757, 'time_iter': 0.00586, 'accuracy': 0.25238, 'f1': 0.21283, 'auc': 0.82832}
test: {'epoch': 122, 'time_epoch': 0.09364, 'loss': 2.99787699, 'lr': 0, 'params': 276757, 'time_iter': 0.00669, 'accuracy': 0.25, 'f1': 0.22521, 'auc': 0.8693}
> Epoch 122: took 2.4s (avg 2.1s) | Best so far: epoch 116	train_loss: 0.3629 train_accuracy: 0.8796	val_loss: 2.8449 val_accuracy: 0.3595	test_loss: 3.2015 test_accuracy: 0.3024	F1: 0.2349 Prec: 0.2737 Rec: 0.3024
train: {'epoch': 123, 'time_epoch': 2.09161, 'eta': 234.32158, 'eta_hours': 0.06509, 'loss': 0.32315931, 'lr': 0.00051257, 'params': 276757, 'time_iter': 0.01195, 'accuracy': 0.8957, 'f1': 0.89562, 'auc': 0.99698}
val: {'epoch': 123, 'time_epoch': 0.07395, 'loss': 7.72917569, 'lr': 0, 'params': 276757, 'time_iter': 0.00528, 'accuracy': 0.12143, 'f1': 0.08116, 'auc': 0.7179}
test: {'epoch': 123, 'time_epoch': 0.07595, 'loss': 4.77190118, 'lr': 0, 'params': 276757, 'time_iter': 0.00542, 'accuracy': 0.12143, 'f1': 0.09929, 'auc': 0.75414}
> Epoch 123: took 2.3s (avg 2.1s) | Best so far: epoch 116	train_loss: 0.3629 train_accuracy: 0.8796	val_loss: 2.8449 val_accuracy: 0.3595	test_loss: 3.2015 test_accuracy: 0.3024	F1: 0.2349 Prec: 0.2737 Rec: 0.3024
train: {'epoch': 124, 'time_epoch': 2.01175, 'eta': 232.61394, 'eta_hours': 0.06461, 'loss': 0.32640886, 'lr': 0.00050628, 'params': 276757, 'time_iter': 0.0115, 'accuracy': 0.89229, 'f1': 0.89214, 'auc': 0.99699}
val: {'epoch': 124, 'time_epoch': 0.06968, 'loss': 10.36354787, 'lr': 0, 'params': 276757, 'time_iter': 0.00498, 'accuracy': 0.0881, 'f1': 0.04901, 'auc': 0.67565}
test: {'epoch': 124, 'time_epoch': 0.06806, 'loss': 6.91083903, 'lr': 0, 'params': 276757, 'time_iter': 0.00486, 'accuracy': 0.07857, 'f1': 0.04596, 'auc': 0.71299}
> Epoch 124: took 2.2s (avg 2.1s) | Best so far: epoch 116	train_loss: 0.3629 train_accuracy: 0.8796	val_loss: 2.8449 val_accuracy: 0.3595	test_loss: 3.2015 test_accuracy: 0.3024	F1: 0.2349 Prec: 0.2737 Rec: 0.3024
train: {'epoch': 125, 'time_epoch': 1.93676, 'eta': 230.82767, 'eta_hours': 0.06412, 'loss': 0.33142408, 'lr': 0.0005, 'params': 276757, 'time_iter': 0.01107, 'accuracy': 0.89391, 'f1': 0.89383, 'auc': 0.99691}
val: {'epoch': 125, 'time_epoch': 0.07743, 'loss': 2.62019132, 'lr': 0, 'params': 276757, 'time_iter': 0.00553, 'accuracy': 0.32857, 'f1': 0.30338, 'auc': 0.88667}
test: {'epoch': 125, 'time_epoch': 0.08501, 'loss': 4.579819, 'lr': 0, 'params': 276757, 'time_iter': 0.00607, 'accuracy': 0.18571, 'f1': 0.13043, 'auc': 0.85527}
> Epoch 125: took 2.2s (avg 2.1s) | Best so far: epoch 116	train_loss: 0.3629 train_accuracy: 0.8796	val_loss: 2.8449 val_accuracy: 0.3595	test_loss: 3.2015 test_accuracy: 0.3024	F1: 0.2349 Prec: 0.2737 Rec: 0.3024
train: {'epoch': 126, 'time_epoch': 1.84059, 'eta': 228.94589, 'eta_hours': 0.0636, 'loss': 0.31884733, 'lr': 0.00049372, 'params': 276757, 'time_iter': 0.01052, 'accuracy': 0.89373, 'f1': 0.89364, 'auc': 0.99712}
val: {'epoch': 126, 'time_epoch': 0.0704, 'loss': 3.60751821, 'lr': 0, 'params': 276757, 'time_iter': 0.00503, 'accuracy': 0.2119, 'f1': 0.20384, 'auc': 0.82422}
test: {'epoch': 126, 'time_epoch': 0.07049, 'loss': 5.00650947, 'lr': 0, 'params': 276757, 'time_iter': 0.00504, 'accuracy': 0.17381, 'f1': 0.13164, 'auc': 0.8251}
> Epoch 126: took 2.1s (avg 2.1s) | Best so far: epoch 116	train_loss: 0.3629 train_accuracy: 0.8796	val_loss: 2.8449 val_accuracy: 0.3595	test_loss: 3.2015 test_accuracy: 0.3024	F1: 0.2349 Prec: 0.2737 Rec: 0.3024
train: {'epoch': 127, 'time_epoch': 1.85684, 'eta': 227.08024, 'eta_hours': 0.06308, 'loss': 0.32761447, 'lr': 0.00048743, 'params': 276757, 'time_iter': 0.01061, 'accuracy': 0.89301, 'f1': 0.89301, 'auc': 0.99698}
val: {'epoch': 127, 'time_epoch': 0.09222, 'loss': 4.0174711, 'lr': 0, 'params': 276757, 'time_iter': 0.00659, 'accuracy': 0.22143, 'f1': 0.18062, 'auc': 0.82161}
test: {'epoch': 127, 'time_epoch': 0.06256, 'loss': 3.11493245, 'lr': 0, 'params': 276757, 'time_iter': 0.00447, 'accuracy': 0.28095, 'f1': 0.23275, 'auc': 0.85155}
> Epoch 127: took 2.1s (avg 2.1s) | Best so far: epoch 116	train_loss: 0.3629 train_accuracy: 0.8796	val_loss: 2.8449 val_accuracy: 0.3595	test_loss: 3.2015 test_accuracy: 0.3024	F1: 0.2349 Prec: 0.2737 Rec: 0.3024
train: {'epoch': 128, 'time_epoch': 1.68159, 'eta': 225.05035, 'eta_hours': 0.06251, 'loss': 0.32872431, 'lr': 0.00048115, 'params': 276757, 'time_iter': 0.00961, 'accuracy': 0.88871, 'f1': 0.88859, 'auc': 0.99698}
val: {'epoch': 128, 'time_epoch': 0.07333, 'loss': 3.03060768, 'lr': 0, 'params': 276757, 'time_iter': 0.00524, 'accuracy': 0.32857, 'f1': 0.29276, 'auc': 0.8652}
test: {'epoch': 128, 'time_epoch': 0.08448, 'loss': 3.21492342, 'lr': 0, 'params': 276757, 'time_iter': 0.00603, 'accuracy': 0.30714, 'f1': 0.25898, 'auc': 0.86562}
> Epoch 128: took 1.9s (avg 2.1s) | Best so far: epoch 116	train_loss: 0.3629 train_accuracy: 0.8796	val_loss: 2.8449 val_accuracy: 0.3595	test_loss: 3.2015 test_accuracy: 0.3024	F1: 0.2349 Prec: 0.2737 Rec: 0.3024
train: {'epoch': 129, 'time_epoch': 1.963, 'eta': 223.28558, 'eta_hours': 0.06202, 'loss': 0.31717469, 'lr': 0.00047488, 'params': 276757, 'time_iter': 0.01122, 'accuracy': 0.89749, 'f1': 0.89753, 'auc': 0.99713}
val: {'epoch': 129, 'time_epoch': 0.07174, 'loss': 6.3527844, 'lr': 0, 'params': 276757, 'time_iter': 0.00512, 'accuracy': 0.17619, 'f1': 0.09221, 'auc': 0.76574}
test: {'epoch': 129, 'time_epoch': 0.07627, 'loss': 3.92111206, 'lr': 0, 'params': 276757, 'time_iter': 0.00545, 'accuracy': 0.21905, 'f1': 0.18108, 'auc': 0.81041}
> Epoch 129: took 2.2s (avg 2.1s) | Best so far: epoch 116	train_loss: 0.3629 train_accuracy: 0.8796	val_loss: 2.8449 val_accuracy: 0.3595	test_loss: 3.2015 test_accuracy: 0.3024	F1: 0.2349 Prec: 0.2737 Rec: 0.3024
train: {'epoch': 130, 'time_epoch': 1.83128, 'eta': 221.39814, 'eta_hours': 0.0615, 'loss': 0.31929997, 'lr': 0.0004686, 'params': 276757, 'time_iter': 0.01046, 'accuracy': 0.89355, 'f1': 0.89347, 'auc': 0.99718}
val: {'epoch': 130, 'time_epoch': 0.06756, 'loss': 3.87806718, 'lr': 0, 'params': 276757, 'time_iter': 0.00483, 'accuracy': 0.2381, 'f1': 0.18359, 'auc': 0.82589}
test: {'epoch': 130, 'time_epoch': 0.0912, 'loss': 3.21263435, 'lr': 0, 'params': 276757, 'time_iter': 0.00651, 'accuracy': 0.22619, 'f1': 0.20264, 'auc': 0.84074}
> Epoch 130: took 2.1s (avg 2.1s) | Best so far: epoch 116	train_loss: 0.3629 train_accuracy: 0.8796	val_loss: 2.8449 val_accuracy: 0.3595	test_loss: 3.2015 test_accuracy: 0.3024	F1: 0.2349 Prec: 0.2737 Rec: 0.3024
train: {'epoch': 131, 'time_epoch': 1.81955, 'eta': 219.50105, 'eta_hours': 0.06097, 'loss': 0.32365574, 'lr': 0.00046234, 'params': 276757, 'time_iter': 0.0104, 'accuracy': 0.88943, 'f1': 0.88936, 'auc': 0.997}
val: {'epoch': 131, 'time_epoch': 0.069, 'loss': 5.00450073, 'lr': 0, 'params': 276757, 'time_iter': 0.00493, 'accuracy': 0.22381, 'f1': 0.16711, 'auc': 0.80097}
test: {'epoch': 131, 'time_epoch': 0.06487, 'loss': 3.78341374, 'lr': 0, 'params': 276757, 'time_iter': 0.00463, 'accuracy': 0.19762, 'f1': 0.18906, 'auc': 0.80586}
> Epoch 131: took 2.0s (avg 2.1s) | Best so far: epoch 116	train_loss: 0.3629 train_accuracy: 0.8796	val_loss: 2.8449 val_accuracy: 0.3595	test_loss: 3.2015 test_accuracy: 0.3024	F1: 0.2349 Prec: 0.2737 Rec: 0.3024
train: {'epoch': 132, 'time_epoch': 1.79067, 'eta': 217.57972, 'eta_hours': 0.06044, 'loss': 0.3112643, 'lr': 0.00045607, 'params': 276757, 'time_iter': 0.01023, 'accuracy': 0.89767, 'f1': 0.89758, 'auc': 0.99713}
val: {'epoch': 132, 'time_epoch': 0.07095, 'loss': 4.71507828, 'lr': 0, 'params': 276757, 'time_iter': 0.00507, 'accuracy': 0.22381, 'f1': 0.17849, 'auc': 0.80881}
test: {'epoch': 132, 'time_epoch': 0.06691, 'loss': 3.98294202, 'lr': 0, 'params': 276757, 'time_iter': 0.00478, 'accuracy': 0.20238, 'f1': 0.16214, 'auc': 0.83326}
> Epoch 132: took 2.0s (avg 2.1s) | Best so far: epoch 116	train_loss: 0.3629 train_accuracy: 0.8796	val_loss: 2.8449 val_accuracy: 0.3595	test_loss: 3.2015 test_accuracy: 0.3024	F1: 0.2349 Prec: 0.2737 Rec: 0.3024
train: {'epoch': 133, 'time_epoch': 1.86547, 'eta': 215.7251, 'eta_hours': 0.05992, 'loss': 0.30967095, 'lr': 0.00044982, 'params': 276757, 'time_iter': 0.01066, 'accuracy': 0.89498, 'f1': 0.89496, 'auc': 0.99731}
val: {'epoch': 133, 'time_epoch': 0.07721, 'loss': 4.77487322, 'lr': 0, 'params': 276757, 'time_iter': 0.00552, 'accuracy': 0.25952, 'f1': 0.21019, 'auc': 0.80392}
test: {'epoch': 133, 'time_epoch': 0.06636, 'loss': 4.28574617, 'lr': 0, 'params': 276757, 'time_iter': 0.00474, 'accuracy': 0.2, 'f1': 0.15586, 'auc': 0.84599}
> Epoch 133: took 2.1s (avg 2.1s) | Best so far: epoch 116	train_loss: 0.3629 train_accuracy: 0.8796	val_loss: 2.8449 val_accuracy: 0.3595	test_loss: 3.2015 test_accuracy: 0.3024	F1: 0.2349 Prec: 0.2737 Rec: 0.3024
train: {'epoch': 134, 'time_epoch': 1.69038, 'eta': 213.72117, 'eta_hours': 0.05937, 'loss': 0.31375855, 'lr': 0.00044357, 'params': 276757, 'time_iter': 0.00966, 'accuracy': 0.8957, 'f1': 0.89566, 'auc': 0.99734}
val: {'epoch': 134, 'time_epoch': 0.06571, 'loss': 8.44890773, 'lr': 0, 'params': 276757, 'time_iter': 0.00469, 'accuracy': 0.10238, 'f1': 0.08459, 'auc': 0.69267}
test: {'epoch': 134, 'time_epoch': 0.07039, 'loss': 5.39307919, 'lr': 0, 'params': 276757, 'time_iter': 0.00503, 'accuracy': 0.09286, 'f1': 0.06965, 'auc': 0.73054}
> Epoch 134: took 1.9s (avg 2.1s) | Best so far: epoch 116	train_loss: 0.3629 train_accuracy: 0.8796	val_loss: 2.8449 val_accuracy: 0.3595	test_loss: 3.2015 test_accuracy: 0.3024	F1: 0.2349 Prec: 0.2737 Rec: 0.3024
train: {'epoch': 135, 'time_epoch': 1.71142, 'eta': 211.73948, 'eta_hours': 0.05882, 'loss': 0.30430238, 'lr': 0.00043733, 'params': 276757, 'time_iter': 0.00978, 'accuracy': 0.89839, 'f1': 0.8983, 'auc': 0.99742}
val: {'epoch': 135, 'time_epoch': 0.06799, 'loss': 6.03940151, 'lr': 0, 'params': 276757, 'time_iter': 0.00486, 'accuracy': 0.1619, 'f1': 0.10492, 'auc': 0.76813}
test: {'epoch': 135, 'time_epoch': 0.0681, 'loss': 4.07505673, 'lr': 0, 'params': 276757, 'time_iter': 0.00486, 'accuracy': 0.18095, 'f1': 0.13134, 'auc': 0.79691}
> Epoch 135: took 1.9s (avg 2.1s) | Best so far: epoch 116	train_loss: 0.3629 train_accuracy: 0.8796	val_loss: 2.8449 val_accuracy: 0.3595	test_loss: 3.2015 test_accuracy: 0.3024	F1: 0.2349 Prec: 0.2737 Rec: 0.3024
train: {'epoch': 136, 'time_epoch': 1.52944, 'eta': 209.61164, 'eta_hours': 0.05823, 'loss': 0.30913932, 'lr': 0.0004311, 'params': 276757, 'time_iter': 0.00874, 'accuracy': 0.89767, 'f1': 0.89761, 'auc': 0.99729}
val: {'epoch': 136, 'time_epoch': 0.06485, 'loss': 5.50948667, 'lr': 0, 'params': 276757, 'time_iter': 0.00463, 'accuracy': 0.20714, 'f1': 0.16068, 'auc': 0.78494}
test: {'epoch': 136, 'time_epoch': 0.06628, 'loss': 3.51904748, 'lr': 0, 'params': 276757, 'time_iter': 0.00473, 'accuracy': 0.24762, 'f1': 0.21208, 'auc': 0.84223}
> Epoch 136: took 1.7s (avg 2.1s) | Best so far: epoch 116	train_loss: 0.3629 train_accuracy: 0.8796	val_loss: 2.8449 val_accuracy: 0.3595	test_loss: 3.2015 test_accuracy: 0.3024	F1: 0.2349 Prec: 0.2737 Rec: 0.3024
train: {'epoch': 137, 'time_epoch': 1.81081, 'eta': 207.72083, 'eta_hours': 0.0577, 'loss': 0.32291019, 'lr': 0.00042489, 'params': 276757, 'time_iter': 0.01035, 'accuracy': 0.89176, 'f1': 0.89163, 'auc': 0.99706}
val: {'epoch': 137, 'time_epoch': 0.06652, 'loss': 4.6540789, 'lr': 0, 'params': 276757, 'time_iter': 0.00475, 'accuracy': 0.23571, 'f1': 0.20085, 'auc': 0.81276}
test: {'epoch': 137, 'time_epoch': 0.06517, 'loss': 3.42142885, 'lr': 0, 'params': 276757, 'time_iter': 0.00465, 'accuracy': 0.2619, 'f1': 0.20853, 'auc': 0.85849}
> Epoch 137: took 2.0s (avg 2.1s) | Best so far: epoch 116	train_loss: 0.3629 train_accuracy: 0.8796	val_loss: 2.8449 val_accuracy: 0.3595	test_loss: 3.2015 test_accuracy: 0.3024	F1: 0.2349 Prec: 0.2737 Rec: 0.3024
train: {'epoch': 138, 'time_epoch': 1.835, 'eta': 205.85049, 'eta_hours': 0.05718, 'loss': 0.29917555, 'lr': 0.00041868, 'params': 276757, 'time_iter': 0.01049, 'accuracy': 0.89803, 'f1': 0.898, 'auc': 0.99759}
val: {'epoch': 138, 'time_epoch': 0.06662, 'loss': 7.35866153, 'lr': 0, 'params': 276757, 'time_iter': 0.00476, 'accuracy': 0.12143, 'f1': 0.09523, 'auc': 0.71105}
test: {'epoch': 138, 'time_epoch': 0.06389, 'loss': 4.07639309, 'lr': 0, 'params': 276757, 'time_iter': 0.00456, 'accuracy': 0.18333, 'f1': 0.16373, 'auc': 0.77988}
> Epoch 138: took 2.0s (avg 2.1s) | Best so far: epoch 116	train_loss: 0.3629 train_accuracy: 0.8796	val_loss: 2.8449 val_accuracy: 0.3595	test_loss: 3.2015 test_accuracy: 0.3024	F1: 0.2349 Prec: 0.2737 Rec: 0.3024
train: {'epoch': 139, 'time_epoch': 1.6406, 'eta': 203.82791, 'eta_hours': 0.05662, 'loss': 0.30113114, 'lr': 0.00041249, 'params': 276757, 'time_iter': 0.00937, 'accuracy': 0.90161, 'f1': 0.90152, 'auc': 0.99744}
val: {'epoch': 139, 'time_epoch': 0.07172, 'loss': 3.34652694, 'lr': 0, 'params': 276757, 'time_iter': 0.00512, 'accuracy': 0.32857, 'f1': 0.27654, 'auc': 0.83456}
test: {'epoch': 139, 'time_epoch': 0.06702, 'loss': 4.39370243, 'lr': 0, 'params': 276757, 'time_iter': 0.00479, 'accuracy': 0.20714, 'f1': 0.14376, 'auc': 0.8366}
> Epoch 139: took 1.9s (avg 2.1s) | Best so far: epoch 116	train_loss: 0.3629 train_accuracy: 0.8796	val_loss: 2.8449 val_accuracy: 0.3595	test_loss: 3.2015 test_accuracy: 0.3024	F1: 0.2349 Prec: 0.2737 Rec: 0.3024
train: {'epoch': 140, 'time_epoch': 2.03053, 'eta': 202.11218, 'eta_hours': 0.05614, 'loss': 0.29515381, 'lr': 0.00040631, 'params': 276757, 'time_iter': 0.0116, 'accuracy': 0.9009, 'f1': 0.90086, 'auc': 0.99758}
val: {'epoch': 140, 'time_epoch': 0.12066, 'loss': 4.09793455, 'lr': 0, 'params': 276757, 'time_iter': 0.00862, 'accuracy': 0.23333, 'f1': 0.19358, 'auc': 0.82955}
test: {'epoch': 140, 'time_epoch': 0.07757, 'loss': 4.1635968, 'lr': 0, 'params': 276757, 'time_iter': 0.00554, 'accuracy': 0.15238, 'f1': 0.12263, 'auc': 0.82398}
> Epoch 140: took 2.3s (avg 2.1s) | Best so far: epoch 116	train_loss: 0.3629 train_accuracy: 0.8796	val_loss: 2.8449 val_accuracy: 0.3595	test_loss: 3.2015 test_accuracy: 0.3024	F1: 0.2349 Prec: 0.2737 Rec: 0.3024
train: {'epoch': 141, 'time_epoch': 1.79123, 'eta': 200.21002, 'eta_hours': 0.05561, 'loss': 0.27528371, 'lr': 0.00040015, 'params': 276757, 'time_iter': 0.01024, 'accuracy': 0.90466, 'f1': 0.90461, 'auc': 0.99795}
val: {'epoch': 141, 'time_epoch': 0.07702, 'loss': 9.91026673, 'lr': 0, 'params': 276757, 'time_iter': 0.0055, 'accuracy': 0.13333, 'f1': 0.06756, 'auc': 0.71674}
test: {'epoch': 141, 'time_epoch': 0.06359, 'loss': 5.95402639, 'lr': 0, 'params': 276757, 'time_iter': 0.00454, 'accuracy': 0.12857, 'f1': 0.09334, 'auc': 0.74945}
> Epoch 141: took 2.0s (avg 2.1s) | Best so far: epoch 116	train_loss: 0.3629 train_accuracy: 0.8796	val_loss: 2.8449 val_accuracy: 0.3595	test_loss: 3.2015 test_accuracy: 0.3024	F1: 0.2349 Prec: 0.2737 Rec: 0.3024
train: {'epoch': 142, 'time_epoch': 2.04993, 'eta': 198.50298, 'eta_hours': 0.05514, 'loss': 0.28128992, 'lr': 0.000394, 'params': 276757, 'time_iter': 0.01171, 'accuracy': 0.9129, 'f1': 0.91287, 'auc': 0.99779}
val: {'epoch': 142, 'time_epoch': 0.07387, 'loss': 3.25796798, 'lr': 0, 'params': 276757, 'time_iter': 0.00528, 'accuracy': 0.28095, 'f1': 0.27755, 'auc': 0.82965}
test: {'epoch': 142, 'time_epoch': 0.06529, 'loss': 3.35883415, 'lr': 0, 'params': 276757, 'time_iter': 0.00466, 'accuracy': 0.24524, 'f1': 0.23739, 'auc': 0.84927}
> Epoch 142: took 2.3s (avg 2.1s) | Best so far: epoch 116	train_loss: 0.3629 train_accuracy: 0.8796	val_loss: 2.8449 val_accuracy: 0.3595	test_loss: 3.2015 test_accuracy: 0.3024	F1: 0.2349 Prec: 0.2737 Rec: 0.3024
train: {'epoch': 143, 'time_epoch': 1.80224, 'eta': 196.60885, 'eta_hours': 0.05461, 'loss': 0.29638298, 'lr': 0.00038786, 'params': 276757, 'time_iter': 0.0103, 'accuracy': 0.90215, 'f1': 0.90214, 'auc': 0.99748}
val: {'epoch': 143, 'time_epoch': 0.11533, 'loss': 6.56660717, 'lr': 0, 'params': 276757, 'time_iter': 0.00824, 'accuracy': 0.18333, 'f1': 0.13763, 'auc': 0.76226}
test: {'epoch': 143, 'time_epoch': 0.07077, 'loss': 4.12905662, 'lr': 0, 'params': 276757, 'time_iter': 0.00506, 'accuracy': 0.22381, 'f1': 0.18337, 'auc': 0.80769}
> Epoch 143: took 2.1s (avg 2.1s) | Best so far: epoch 116	train_loss: 0.3629 train_accuracy: 0.8796	val_loss: 2.8449 val_accuracy: 0.3595	test_loss: 3.2015 test_accuracy: 0.3024	F1: 0.2349 Prec: 0.2737 Rec: 0.3024
train: {'epoch': 144, 'time_epoch': 1.90965, 'eta': 194.79376, 'eta_hours': 0.05411, 'loss': 0.29839361, 'lr': 0.00038175, 'params': 276757, 'time_iter': 0.01091, 'accuracy': 0.90054, 'f1': 0.90044, 'auc': 0.99741}
val: {'epoch': 144, 'time_epoch': 0.08092, 'loss': 7.36775176, 'lr': 0, 'params': 276757, 'time_iter': 0.00578, 'accuracy': 0.13333, 'f1': 0.08783, 'auc': 0.74818}
test: {'epoch': 144, 'time_epoch': 0.11328, 'loss': 4.39863776, 'lr': 0, 'params': 276757, 'time_iter': 0.00809, 'accuracy': 0.14762, 'f1': 0.13972, 'auc': 0.81067}
> Epoch 144: took 2.2s (avg 2.1s) | Best so far: epoch 116	train_loss: 0.3629 train_accuracy: 0.8796	val_loss: 2.8449 val_accuracy: 0.3595	test_loss: 3.2015 test_accuracy: 0.3024	F1: 0.2349 Prec: 0.2737 Rec: 0.3024
train: {'epoch': 145, 'time_epoch': 1.84164, 'eta': 192.92894, 'eta_hours': 0.05359, 'loss': 0.28237828, 'lr': 0.00037566, 'params': 276757, 'time_iter': 0.01052, 'accuracy': 0.9043, 'f1': 0.9043, 'auc': 0.99782}
val: {'epoch': 145, 'time_epoch': 0.07386, 'loss': 3.60884176, 'lr': 0, 'params': 276757, 'time_iter': 0.00528, 'accuracy': 0.24286, 'f1': 0.25026, 'auc': 0.83689}
test: {'epoch': 145, 'time_epoch': 0.07646, 'loss': 6.06288179, 'lr': 0, 'params': 276757, 'time_iter': 0.00546, 'accuracy': 0.0881, 'f1': 0.06765, 'auc': 0.77135}
> Epoch 145: took 2.1s (avg 2.1s) | Best so far: epoch 116	train_loss: 0.3629 train_accuracy: 0.8796	val_loss: 2.8449 val_accuracy: 0.3595	test_loss: 3.2015 test_accuracy: 0.3024	F1: 0.2349 Prec: 0.2737 Rec: 0.3024
train: {'epoch': 146, 'time_epoch': 1.62616, 'eta': 190.91345, 'eta_hours': 0.05303, 'loss': 0.2663918, 'lr': 0.00036958, 'params': 276757, 'time_iter': 0.00929, 'accuracy': 0.91523, 'f1': 0.9152, 'auc': 0.998}
val: {'epoch': 146, 'time_epoch': 0.07559, 'loss': 3.15742061, 'lr': 0, 'params': 276757, 'time_iter': 0.0054, 'accuracy': 0.24762, 'f1': 0.2486, 'auc': 0.86279}
test: {'epoch': 146, 'time_epoch': 0.09737, 'loss': 5.70229311, 'lr': 0, 'params': 276757, 'time_iter': 0.00695, 'accuracy': 0.15714, 'f1': 0.11281, 'auc': 0.81064}
> Epoch 146: took 1.9s (avg 2.1s) | Best so far: epoch 116	train_loss: 0.3629 train_accuracy: 0.8796	val_loss: 2.8449 val_accuracy: 0.3595	test_loss: 3.2015 test_accuracy: 0.3024	F1: 0.2349 Prec: 0.2737 Rec: 0.3024
train: {'epoch': 147, 'time_epoch': 1.89275, 'eta': 189.08695, 'eta_hours': 0.05252, 'loss': 0.28280763, 'lr': 0.00036352, 'params': 276757, 'time_iter': 0.01082, 'accuracy': 0.90341, 'f1': 0.90329, 'auc': 0.99765}
val: {'epoch': 147, 'time_epoch': 0.07025, 'loss': 3.93943993, 'lr': 0, 'params': 276757, 'time_iter': 0.00502, 'accuracy': 0.23095, 'f1': 0.1901, 'auc': 0.83755}
test: {'epoch': 147, 'time_epoch': 0.07575, 'loss': 3.08883819, 'lr': 0, 'params': 276757, 'time_iter': 0.00541, 'accuracy': 0.26429, 'f1': 0.24916, 'auc': 0.85336}
> Epoch 147: took 2.1s (avg 2.1s) | Best so far: epoch 116	train_loss: 0.3629 train_accuracy: 0.8796	val_loss: 2.8449 val_accuracy: 0.3595	test_loss: 3.2015 test_accuracy: 0.3024	F1: 0.2349 Prec: 0.2737 Rec: 0.3024
train: {'epoch': 148, 'time_epoch': 1.79396, 'eta': 187.1926, 'eta_hours': 0.052, 'loss': 0.28976782, 'lr': 0.00035749, 'params': 276757, 'time_iter': 0.01025, 'accuracy': 0.90161, 'f1': 0.9015, 'auc': 0.99757}
val: {'epoch': 148, 'time_epoch': 0.06445, 'loss': 5.78253282, 'lr': 0, 'params': 276757, 'time_iter': 0.0046, 'accuracy': 0.17857, 'f1': 0.11769, 'auc': 0.7796}
test: {'epoch': 148, 'time_epoch': 0.0643, 'loss': 3.62570411, 'lr': 0, 'params': 276757, 'time_iter': 0.00459, 'accuracy': 0.21667, 'f1': 0.20095, 'auc': 0.83707}
> Epoch 148: took 2.0s (avg 2.1s) | Best so far: epoch 116	train_loss: 0.3629 train_accuracy: 0.8796	val_loss: 2.8449 val_accuracy: 0.3595	test_loss: 3.2015 test_accuracy: 0.3024	F1: 0.2349 Prec: 0.2737 Rec: 0.3024
train: {'epoch': 149, 'time_epoch': 1.8174, 'eta': 185.31522, 'eta_hours': 0.05148, 'loss': 0.27052535, 'lr': 0.00035148, 'params': 276757, 'time_iter': 0.01039, 'accuracy': 0.91111, 'f1': 0.9111, 'auc': 0.99796}
val: {'epoch': 149, 'time_epoch': 0.07915, 'loss': 3.4450101, 'lr': 0, 'params': 276757, 'time_iter': 0.00565, 'accuracy': 0.27857, 'f1': 0.24422, 'auc': 0.84486}
test: {'epoch': 149, 'time_epoch': 0.06238, 'loss': 3.88387816, 'lr': 0, 'params': 276757, 'time_iter': 0.00446, 'accuracy': 0.2, 'f1': 0.15632, 'auc': 0.83546}
> Epoch 149: took 2.1s (avg 2.1s) | Best so far: epoch 116	train_loss: 0.3629 train_accuracy: 0.8796	val_loss: 2.8449 val_accuracy: 0.3595	test_loss: 3.2015 test_accuracy: 0.3024	F1: 0.2349 Prec: 0.2737 Rec: 0.3024
train: {'epoch': 150, 'time_epoch': 1.72276, 'eta': 183.37658, 'eta_hours': 0.05094, 'loss': 0.26416658, 'lr': 0.00034549, 'params': 276757, 'time_iter': 0.00984, 'accuracy': 0.91201, 'f1': 0.91189, 'auc': 0.99795}
val: {'epoch': 150, 'time_epoch': 0.06886, 'loss': 3.85585749, 'lr': 0, 'params': 276757, 'time_iter': 0.00492, 'accuracy': 0.29048, 'f1': 0.24828, 'auc': 0.84409}
test: {'epoch': 150, 'time_epoch': 0.07912, 'loss': 3.72952565, 'lr': 0, 'params': 276757, 'time_iter': 0.00565, 'accuracy': 0.21429, 'f1': 0.19345, 'auc': 0.84439}
> Epoch 150: took 1.9s (avg 2.1s) | Best so far: epoch 116	train_loss: 0.3629 train_accuracy: 0.8796	val_loss: 2.8449 val_accuracy: 0.3595	test_loss: 3.2015 test_accuracy: 0.3024	F1: 0.2349 Prec: 0.2737 Rec: 0.3024
train: {'epoch': 151, 'time_epoch': 1.61046, 'eta': 181.36837, 'eta_hours': 0.05038, 'loss': 0.2636182, 'lr': 0.00033953, 'params': 276757, 'time_iter': 0.0092, 'accuracy': 0.91201, 'f1': 0.91201, 'auc': 0.99808}
val: {'epoch': 151, 'time_epoch': 0.0692, 'loss': 5.88691067, 'lr': 0, 'params': 276757, 'time_iter': 0.00494, 'accuracy': 0.15952, 'f1': 0.09017, 'auc': 0.78352}
test: {'epoch': 151, 'time_epoch': 0.06501, 'loss': 3.92158679, 'lr': 0, 'params': 276757, 'time_iter': 0.00464, 'accuracy': 0.17143, 'f1': 0.12624, 'auc': 0.82314}
> Epoch 151: took 1.8s (avg 2.1s) | Best so far: epoch 116	train_loss: 0.3629 train_accuracy: 0.8796	val_loss: 2.8449 val_accuracy: 0.3595	test_loss: 3.2015 test_accuracy: 0.3024	F1: 0.2349 Prec: 0.2737 Rec: 0.3024
train: {'epoch': 152, 'time_epoch': 1.66482, 'eta': 179.39983, 'eta_hours': 0.04983, 'loss': 0.27002599, 'lr': 0.00033359, 'params': 276757, 'time_iter': 0.00951, 'accuracy': 0.91398, 'f1': 0.91399, 'auc': 0.99779}
val: {'epoch': 152, 'time_epoch': 0.07799, 'loss': 2.98758588, 'lr': 0, 'params': 276757, 'time_iter': 0.00557, 'accuracy': 0.37381, 'f1': 0.32452, 'auc': 0.88321}
test: {'epoch': 152, 'time_epoch': 0.06336, 'loss': 4.27452795, 'lr': 0, 'params': 276757, 'time_iter': 0.00453, 'accuracy': 0.23095, 'f1': 0.1627, 'auc': 0.85442}
[*] Confusion Matrix saved to: results_lopo_none/FQ_3m\Conf\confusion_matrix_epoch_152.png
> Epoch 152: took 1.9s (avg 2.1s) | Best so far: epoch 152	train_loss: 0.2700 train_accuracy: 0.9140	val_loss: 2.9876 val_accuracy: 0.3738	test_loss: 4.2745 test_accuracy: 0.2309	F1: 0.1627 Prec: 0.3104 Rec: 0.2310
train: {'epoch': 153, 'time_epoch': 1.86499, 'eta': 177.56001, 'eta_hours': 0.04932, 'loss': 0.26116412, 'lr': 0.00032768, 'params': 276757, 'time_iter': 0.01066, 'accuracy': 0.91057, 'f1': 0.91051, 'auc': 0.99809}
val: {'epoch': 153, 'time_epoch': 0.07045, 'loss': 3.7126577, 'lr': 0, 'params': 276757, 'time_iter': 0.00503, 'accuracy': 0.26667, 'f1': 0.22363, 'auc': 0.85843}
test: {'epoch': 153, 'time_epoch': 0.07015, 'loss': 5.356357, 'lr': 0, 'params': 276757, 'time_iter': 0.00501, 'accuracy': 0.17143, 'f1': 0.10407, 'auc': 0.8327}
> Epoch 153: took 2.1s (avg 2.1s) | Best so far: epoch 152	train_loss: 0.2700 train_accuracy: 0.9140	val_loss: 2.9876 val_accuracy: 0.3738	test_loss: 4.2745 test_accuracy: 0.2309	F1: 0.1627 Prec: 0.3104 Rec: 0.2310
train: {'epoch': 154, 'time_epoch': 1.74099, 'eta': 175.64387, 'eta_hours': 0.04879, 'loss': 0.2665852, 'lr': 0.00032179, 'params': 276757, 'time_iter': 0.00995, 'accuracy': 0.9095, 'f1': 0.90939, 'auc': 0.99798}
val: {'epoch': 154, 'time_epoch': 0.08261, 'loss': 2.93753433, 'lr': 0, 'params': 276757, 'time_iter': 0.0059, 'accuracy': 0.31667, 'f1': 0.30928, 'auc': 0.86696}
test: {'epoch': 154, 'time_epoch': 0.07176, 'loss': 4.31148941, 'lr': 0, 'params': 276757, 'time_iter': 0.00513, 'accuracy': 0.2619, 'f1': 0.22604, 'auc': 0.86184}
> Epoch 154: took 2.0s (avg 2.1s) | Best so far: epoch 152	train_loss: 0.2700 train_accuracy: 0.9140	val_loss: 2.9876 val_accuracy: 0.3738	test_loss: 4.2745 test_accuracy: 0.2309	F1: 0.1627 Prec: 0.3104 Rec: 0.2310
train: {'epoch': 155, 'time_epoch': 1.76159, 'eta': 173.74239, 'eta_hours': 0.04826, 'loss': 0.24196162, 'lr': 0.00031594, 'params': 276757, 'time_iter': 0.01007, 'accuracy': 0.919, 'f1': 0.91894, 'auc': 0.99833}
val: {'epoch': 155, 'time_epoch': 0.07359, 'loss': 4.77954629, 'lr': 0, 'params': 276757, 'time_iter': 0.00526, 'accuracy': 0.24048, 'f1': 0.20124, 'auc': 0.80822}
test: {'epoch': 155, 'time_epoch': 0.06877, 'loss': 3.36405698, 'lr': 0, 'params': 276757, 'time_iter': 0.00491, 'accuracy': 0.26905, 'f1': 0.21916, 'auc': 0.85557}
> Epoch 155: took 2.0s (avg 2.1s) | Best so far: epoch 152	train_loss: 0.2700 train_accuracy: 0.9140	val_loss: 2.9876 val_accuracy: 0.3738	test_loss: 4.2745 test_accuracy: 0.2309	F1: 0.1627 Prec: 0.3104 Rec: 0.2310
train: {'epoch': 156, 'time_epoch': 1.68202, 'eta': 171.79556, 'eta_hours': 0.04772, 'loss': 0.2617438, 'lr': 0.00031011, 'params': 276757, 'time_iter': 0.00961, 'accuracy': 0.9172, 'f1': 0.91715, 'auc': 0.99789}
val: {'epoch': 156, 'time_epoch': 0.0701, 'loss': 2.84499888, 'lr': 0, 'params': 276757, 'time_iter': 0.00501, 'accuracy': 0.35238, 'f1': 0.33393, 'auc': 0.87566}
test: {'epoch': 156, 'time_epoch': 0.06714, 'loss': 3.63477848, 'lr': 0, 'params': 276757, 'time_iter': 0.0048, 'accuracy': 0.2381, 'f1': 0.19909, 'auc': 0.84965}
> Epoch 156: took 1.9s (avg 2.1s) | Best so far: epoch 152	train_loss: 0.2700 train_accuracy: 0.9140	val_loss: 2.9876 val_accuracy: 0.3738	test_loss: 4.2745 test_accuracy: 0.2309	F1: 0.1627 Prec: 0.3104 Rec: 0.2310
train: {'epoch': 157, 'time_epoch': 1.66061, 'eta': 169.83961, 'eta_hours': 0.04718, 'loss': 0.25624432, 'lr': 0.00030431, 'params': 276757, 'time_iter': 0.00949, 'accuracy': 0.91147, 'f1': 0.91135, 'auc': 0.99817}
val: {'epoch': 157, 'time_epoch': 0.06818, 'loss': 4.56622837, 'lr': 0, 'params': 276757, 'time_iter': 0.00487, 'accuracy': 0.21905, 'f1': 0.18564, 'auc': 0.82325}
test: {'epoch': 157, 'time_epoch': 0.06756, 'loss': 3.7014845, 'lr': 0, 'params': 276757, 'time_iter': 0.00483, 'accuracy': 0.22381, 'f1': 0.19127, 'auc': 0.8405}
> Epoch 157: took 1.9s (avg 2.1s) | Best so far: epoch 152	train_loss: 0.2700 train_accuracy: 0.9140	val_loss: 2.9876 val_accuracy: 0.3738	test_loss: 4.2745 test_accuracy: 0.2309	F1: 0.1627 Prec: 0.3104 Rec: 0.2310
train: {'epoch': 158, 'time_epoch': 1.93823, 'eta': 168.04627, 'eta_hours': 0.04668, 'loss': 0.25337818, 'lr': 0.00029855, 'params': 276757, 'time_iter': 0.01108, 'accuracy': 0.91201, 'f1': 0.91191, 'auc': 0.99821}
val: {'epoch': 158, 'time_epoch': 0.06641, 'loss': 3.6026915, 'lr': 0, 'params': 276757, 'time_iter': 0.00474, 'accuracy': 0.25714, 'f1': 0.2384, 'auc': 0.83304}
test: {'epoch': 158, 'time_epoch': 0.0973, 'loss': 3.27585157, 'lr': 0, 'params': 276757, 'time_iter': 0.00695, 'accuracy': 0.27857, 'f1': 0.26759, 'auc': 0.84327}
> Epoch 158: took 2.2s (avg 2.1s) | Best so far: epoch 152	train_loss: 0.2700 train_accuracy: 0.9140	val_loss: 2.9876 val_accuracy: 0.3738	test_loss: 4.2745 test_accuracy: 0.2309	F1: 0.1627 Prec: 0.3104 Rec: 0.2310
train: {'epoch': 159, 'time_epoch': 1.83918, 'eta': 166.1954, 'eta_hours': 0.04617, 'loss': 0.23506276, 'lr': 0.00029281, 'params': 276757, 'time_iter': 0.01051, 'accuracy': 0.92634, 'f1': 0.92635, 'auc': 0.99843}
val: {'epoch': 159, 'time_epoch': 0.06486, 'loss': 3.74374357, 'lr': 0, 'params': 276757, 'time_iter': 0.00463, 'accuracy': 0.28095, 'f1': 0.2456, 'auc': 0.85104}
test: {'epoch': 159, 'time_epoch': 0.07344, 'loss': 3.10348247, 'lr': 0, 'params': 276757, 'time_iter': 0.00525, 'accuracy': 0.3, 'f1': 0.27995, 'auc': 0.8724}
> Epoch 159: took 2.0s (avg 2.1s) | Best so far: epoch 152	train_loss: 0.2700 train_accuracy: 0.9140	val_loss: 2.9876 val_accuracy: 0.3738	test_loss: 4.2745 test_accuracy: 0.2309	F1: 0.1627 Prec: 0.3104 Rec: 0.2310
train: {'epoch': 160, 'time_epoch': 1.94519, 'eta': 164.40327, 'eta_hours': 0.04567, 'loss': 0.25121696, 'lr': 0.00028711, 'params': 276757, 'time_iter': 0.01112, 'accuracy': 0.91756, 'f1': 0.9175, 'auc': 0.99816}
val: {'epoch': 160, 'time_epoch': 0.06907, 'loss': 3.38246441, 'lr': 0, 'params': 276757, 'time_iter': 0.00493, 'accuracy': 0.2881, 'f1': 0.27794, 'auc': 0.84857}
test: {'epoch': 160, 'time_epoch': 0.07745, 'loss': 3.72459018, 'lr': 0, 'params': 276757, 'time_iter': 0.00553, 'accuracy': 0.25, 'f1': 0.22387, 'auc': 0.85654}
> Epoch 160: took 2.2s (avg 2.1s) | Best so far: epoch 152	train_loss: 0.2700 train_accuracy: 0.9140	val_loss: 2.9876 val_accuracy: 0.3738	test_loss: 4.2745 test_accuracy: 0.2309	F1: 0.1627 Prec: 0.3104 Rec: 0.2310
train: {'epoch': 161, 'time_epoch': 1.72612, 'eta': 162.49026, 'eta_hours': 0.04514, 'loss': 0.26496427, 'lr': 0.00028144, 'params': 276757, 'time_iter': 0.00986, 'accuracy': 0.91398, 'f1': 0.91393, 'auc': 0.99798}
val: {'epoch': 161, 'time_epoch': 0.07277, 'loss': 3.63191373, 'lr': 0, 'params': 276757, 'time_iter': 0.0052, 'accuracy': 0.27143, 'f1': 0.24739, 'auc': 0.84214}
test: {'epoch': 161, 'time_epoch': 0.07189, 'loss': 4.42027285, 'lr': 0, 'params': 276757, 'time_iter': 0.00514, 'accuracy': 0.15238, 'f1': 0.11941, 'auc': 0.82692}
> Epoch 161: took 1.9s (avg 2.1s) | Best so far: epoch 152	train_loss: 0.2700 train_accuracy: 0.9140	val_loss: 2.9876 val_accuracy: 0.3738	test_loss: 4.2745 test_accuracy: 0.2309	F1: 0.1627 Prec: 0.3104 Rec: 0.2310
train: {'epoch': 162, 'time_epoch': 2.00671, 'eta': 160.7293, 'eta_hours': 0.04465, 'loss': 0.25508601, 'lr': 0.00027581, 'params': 276757, 'time_iter': 0.01147, 'accuracy': 0.91344, 'f1': 0.91339, 'auc': 0.99819}
val: {'epoch': 162, 'time_epoch': 0.08342, 'loss': 3.38022069, 'lr': 0, 'params': 276757, 'time_iter': 0.00596, 'accuracy': 0.29286, 'f1': 0.2654, 'auc': 0.86174}
test: {'epoch': 162, 'time_epoch': 0.07724, 'loss': 3.48015455, 'lr': 0, 'params': 276757, 'time_iter': 0.00552, 'accuracy': 0.28333, 'f1': 0.25742, 'auc': 0.87794}
> Epoch 162: took 2.2s (avg 2.1s) | Best so far: epoch 152	train_loss: 0.2700 train_accuracy: 0.9140	val_loss: 2.9876 val_accuracy: 0.3738	test_loss: 4.2745 test_accuracy: 0.2309	F1: 0.1627 Prec: 0.3104 Rec: 0.2310
train: {'epoch': 163, 'time_epoch': 1.76819, 'eta': 158.84026, 'eta_hours': 0.04412, 'loss': 0.23615826, 'lr': 0.00027021, 'params': 276757, 'time_iter': 0.0101, 'accuracy': 0.92366, 'f1': 0.92358, 'auc': 0.99838}
val: {'epoch': 163, 'time_epoch': 0.07166, 'loss': 3.20677032, 'lr': 0, 'params': 276757, 'time_iter': 0.00512, 'accuracy': 0.32143, 'f1': 0.2891, 'auc': 0.8689}
test: {'epoch': 163, 'time_epoch': 0.08062, 'loss': 3.33317235, 'lr': 0, 'params': 276757, 'time_iter': 0.00576, 'accuracy': 0.28571, 'f1': 0.26576, 'auc': 0.85851}
> Epoch 163: took 2.0s (avg 2.1s) | Best so far: epoch 152	train_loss: 0.2700 train_accuracy: 0.9140	val_loss: 2.9876 val_accuracy: 0.3738	test_loss: 4.2745 test_accuracy: 0.2309	F1: 0.1627 Prec: 0.3104 Rec: 0.2310
train: {'epoch': 164, 'time_epoch': 1.56255, 'eta': 156.84676, 'eta_hours': 0.04357, 'loss': 0.23880743, 'lr': 0.00026465, 'params': 276757, 'time_iter': 0.00893, 'accuracy': 0.92294, 'f1': 0.9229, 'auc': 0.9984}
val: {'epoch': 164, 'time_epoch': 0.07174, 'loss': 2.86181035, 'lr': 0, 'params': 276757, 'time_iter': 0.00512, 'accuracy': 0.36429, 'f1': 0.33612, 'auc': 0.8877}
test: {'epoch': 164, 'time_epoch': 0.06184, 'loss': 4.06864696, 'lr': 0, 'params': 276757, 'time_iter': 0.00442, 'accuracy': 0.27381, 'f1': 0.21345, 'auc': 0.88631}
> Epoch 164: took 1.8s (avg 2.1s) | Best so far: epoch 152	train_loss: 0.2700 train_accuracy: 0.9140	val_loss: 2.9876 val_accuracy: 0.3738	test_loss: 4.2745 test_accuracy: 0.2309	F1: 0.1627 Prec: 0.3104 Rec: 0.2310
train: {'epoch': 165, 'time_epoch': 1.73386, 'eta': 154.94513, 'eta_hours': 0.04304, 'loss': 0.2233988, 'lr': 0.00025912, 'params': 276757, 'time_iter': 0.00991, 'accuracy': 0.9276, 'f1': 0.92758, 'auc': 0.99856}
val: {'epoch': 165, 'time_epoch': 0.06356, 'loss': 3.09283653, 'lr': 0, 'params': 276757, 'time_iter': 0.00454, 'accuracy': 0.30238, 'f1': 0.28672, 'auc': 0.85255}
test: {'epoch': 165, 'time_epoch': 0.06599, 'loss': 3.96637108, 'lr': 0, 'params': 276757, 'time_iter': 0.00471, 'accuracy': 0.25714, 'f1': 0.21817, 'auc': 0.84093}
> Epoch 165: took 1.9s (avg 2.1s) | Best so far: epoch 152	train_loss: 0.2700 train_accuracy: 0.9140	val_loss: 2.9876 val_accuracy: 0.3738	test_loss: 4.2745 test_accuracy: 0.2309	F1: 0.1627 Prec: 0.3104 Rec: 0.2310
train: {'epoch': 166, 'time_epoch': 1.91506, 'eta': 153.13557, 'eta_hours': 0.04254, 'loss': 0.22822339, 'lr': 0.00025364, 'params': 276757, 'time_iter': 0.01094, 'accuracy': 0.92401, 'f1': 0.92398, 'auc': 0.99849}
val: {'epoch': 166, 'time_epoch': 0.0708, 'loss': 2.75730791, 'lr': 0, 'params': 276757, 'time_iter': 0.00506, 'accuracy': 0.35476, 'f1': 0.32231, 'auc': 0.8924}
test: {'epoch': 166, 'time_epoch': 0.06509, 'loss': 4.45688661, 'lr': 0, 'params': 276757, 'time_iter': 0.00465, 'accuracy': 0.2381, 'f1': 0.18399, 'auc': 0.85823}
> Epoch 166: took 2.1s (avg 2.1s) | Best so far: epoch 152	train_loss: 0.2700 train_accuracy: 0.9140	val_loss: 2.9876 val_accuracy: 0.3738	test_loss: 4.2745 test_accuracy: 0.2309	F1: 0.1627 Prec: 0.3104 Rec: 0.2310
train: {'epoch': 167, 'time_epoch': 1.63324, 'eta': 151.1872, 'eta_hours': 0.042, 'loss': 0.24237792, 'lr': 0.00024819, 'params': 276757, 'time_iter': 0.00933, 'accuracy': 0.91918, 'f1': 0.91915, 'auc': 0.99822}
val: {'epoch': 167, 'time_epoch': 0.09025, 'loss': 3.80123733, 'lr': 0, 'params': 276757, 'time_iter': 0.00645, 'accuracy': 0.2619, 'f1': 0.21491, 'auc': 0.84154}
test: {'epoch': 167, 'time_epoch': 0.08027, 'loss': 4.19149255, 'lr': 0, 'params': 276757, 'time_iter': 0.00573, 'accuracy': 0.19048, 'f1': 0.14833, 'auc': 0.8284}
> Epoch 167: took 1.9s (avg 2.1s) | Best so far: epoch 152	train_loss: 0.2700 train_accuracy: 0.9140	val_loss: 2.9876 val_accuracy: 0.3738	test_loss: 4.2745 test_accuracy: 0.2309	F1: 0.1627 Prec: 0.3104 Rec: 0.2310
train: {'epoch': 168, 'time_epoch': 1.94682, 'eta': 149.39286, 'eta_hours': 0.0415, 'loss': 0.21733401, 'lr': 0.00024278, 'params': 276757, 'time_iter': 0.01112, 'accuracy': 0.92885, 'f1': 0.92884, 'auc': 0.99876}
val: {'epoch': 168, 'time_epoch': 0.10438, 'loss': 3.00818705, 'lr': 0, 'params': 276757, 'time_iter': 0.00746, 'accuracy': 0.36905, 'f1': 0.34723, 'auc': 0.87809}
test: {'epoch': 168, 'time_epoch': 0.0644, 'loss': 3.51901456, 'lr': 0, 'params': 276757, 'time_iter': 0.0046, 'accuracy': 0.25952, 'f1': 0.21816, 'auc': 0.86979}
> Epoch 168: took 2.2s (avg 2.1s) | Best so far: epoch 152	train_loss: 0.2700 train_accuracy: 0.9140	val_loss: 2.9876 val_accuracy: 0.3738	test_loss: 4.2745 test_accuracy: 0.2309	F1: 0.1627 Prec: 0.3104 Rec: 0.2310
train: {'epoch': 169, 'time_epoch': 1.6856, 'eta': 147.47379, 'eta_hours': 0.04096, 'loss': 0.22042335, 'lr': 0.00023741, 'params': 276757, 'time_iter': 0.00963, 'accuracy': 0.9276, 'f1': 0.92756, 'auc': 0.99859}
val: {'epoch': 169, 'time_epoch': 0.06428, 'loss': 2.46407016, 'lr': 0, 'params': 276757, 'time_iter': 0.00459, 'accuracy': 0.3881, 'f1': 0.37012, 'auc': 0.90793}
test: {'epoch': 169, 'time_epoch': 0.06954, 'loss': 3.91406553, 'lr': 0, 'params': 276757, 'time_iter': 0.00497, 'accuracy': 0.27619, 'f1': 0.21742, 'auc': 0.878}
[*] Confusion Matrix saved to: results_lopo_none/FQ_3m\Conf\confusion_matrix_epoch_169.png
> Epoch 169: took 1.9s (avg 2.1s) | Best so far: epoch 169	train_loss: 0.2204 train_accuracy: 0.9276	val_loss: 2.4641 val_accuracy: 0.3881	test_loss: 3.9141 test_accuracy: 0.2762	F1: 0.2174 Prec: 0.3474 Rec: 0.2762
train: {'epoch': 170, 'time_epoch': 1.90485, 'eta': 145.65875, 'eta_hours': 0.04046, 'loss': 0.21783792, 'lr': 0.00023209, 'params': 276757, 'time_iter': 0.01088, 'accuracy': 0.92867, 'f1': 0.92862, 'auc': 0.99869}
val: {'epoch': 170, 'time_epoch': 0.08317, 'loss': 2.58128856, 'lr': 0, 'params': 276757, 'time_iter': 0.00594, 'accuracy': 0.37381, 'f1': 0.36025, 'auc': 0.89042}
test: {'epoch': 170, 'time_epoch': 0.07573, 'loss': 3.86992312, 'lr': 0, 'params': 276757, 'time_iter': 0.00541, 'accuracy': 0.25476, 'f1': 0.1925, 'auc': 0.86611}
> Epoch 170: took 2.2s (avg 2.1s) | Best so far: epoch 169	train_loss: 0.2204 train_accuracy: 0.9276	val_loss: 2.4641 val_accuracy: 0.3881	test_loss: 3.9141 test_accuracy: 0.2762	F1: 0.2174 Prec: 0.3474 Rec: 0.2762
train: {'epoch': 171, 'time_epoch': 1.81119, 'eta': 143.80019, 'eta_hours': 0.03994, 'loss': 0.23598096, 'lr': 0.0002268, 'params': 276757, 'time_iter': 0.01035, 'accuracy': 0.92151, 'f1': 0.92145, 'auc': 0.99836}
val: {'epoch': 171, 'time_epoch': 0.07467, 'loss': 2.29418146, 'lr': 0, 'params': 276757, 'time_iter': 0.00533, 'accuracy': 0.41667, 'f1': 0.39725, 'auc': 0.9083}
test: {'epoch': 171, 'time_epoch': 0.06699, 'loss': 4.10975776, 'lr': 0, 'params': 276757, 'time_iter': 0.00478, 'accuracy': 0.26429, 'f1': 0.20857, 'auc': 0.86039}
[*] Confusion Matrix saved to: results_lopo_none/FQ_3m\Conf\confusion_matrix_epoch_171.png
> Epoch 171: took 2.0s (avg 2.1s) | Best so far: epoch 171	train_loss: 0.2360 train_accuracy: 0.9215	val_loss: 2.2942 val_accuracy: 0.4167	test_loss: 4.1098 test_accuracy: 0.2643	F1: 0.2086 Prec: 0.3259 Rec: 0.2643
train: {'epoch': 172, 'time_epoch': 1.76415, 'eta': 141.92124, 'eta_hours': 0.03942, 'loss': 0.22105076, 'lr': 0.00022156, 'params': 276757, 'time_iter': 0.01008, 'accuracy': 0.92706, 'f1': 0.92703, 'auc': 0.9986}
val: {'epoch': 172, 'time_epoch': 0.06654, 'loss': 2.53500779, 'lr': 0, 'params': 276757, 'time_iter': 0.00475, 'accuracy': 0.39762, 'f1': 0.36882, 'auc': 0.89598}
test: {'epoch': 172, 'time_epoch': 0.06796, 'loss': 4.10554046, 'lr': 0, 'params': 276757, 'time_iter': 0.00485, 'accuracy': 0.26429, 'f1': 0.20626, 'auc': 0.85896}
> Epoch 172: took 2.0s (avg 2.1s) | Best so far: epoch 171	train_loss: 0.2360 train_accuracy: 0.9215	val_loss: 2.2942 val_accuracy: 0.4167	test_loss: 4.1098 test_accuracy: 0.2643	F1: 0.2086 Prec: 0.3259 Rec: 0.2643
train: {'epoch': 173, 'time_epoch': 1.73595, 'eta': 140.03129, 'eta_hours': 0.0389, 'loss': 0.23247099, 'lr': 0.00021637, 'params': 276757, 'time_iter': 0.00992, 'accuracy': 0.92276, 'f1': 0.92274, 'auc': 0.99852}
val: {'epoch': 173, 'time_epoch': 0.09129, 'loss': 4.08070733, 'lr': 0, 'params': 276757, 'time_iter': 0.00652, 'accuracy': 0.28095, 'f1': 0.24834, 'auc': 0.84475}
test: {'epoch': 173, 'time_epoch': 0.07372, 'loss': 3.48989323, 'lr': 0, 'params': 276757, 'time_iter': 0.00527, 'accuracy': 0.24286, 'f1': 0.20425, 'auc': 0.87758}
> Epoch 173: took 2.0s (avg 2.1s) | Best so far: epoch 171	train_loss: 0.2360 train_accuracy: 0.9215	val_loss: 2.2942 val_accuracy: 0.4167	test_loss: 4.1098 test_accuracy: 0.2643	F1: 0.2086 Prec: 0.3259 Rec: 0.2643
train: {'epoch': 174, 'time_epoch': 1.70407, 'eta': 138.12944, 'eta_hours': 0.03837, 'loss': 0.22804529, 'lr': 0.00021121, 'params': 276757, 'time_iter': 0.00974, 'accuracy': 0.92724, 'f1': 0.92721, 'auc': 0.99852}
val: {'epoch': 174, 'time_epoch': 0.07719, 'loss': 2.43376793, 'lr': 0, 'params': 276757, 'time_iter': 0.00551, 'accuracy': 0.40952, 'f1': 0.38534, 'auc': 0.90924}
test: {'epoch': 174, 'time_epoch': 0.06891, 'loss': 3.74476246, 'lr': 0, 'params': 276757, 'time_iter': 0.00492, 'accuracy': 0.27619, 'f1': 0.23184, 'auc': 0.88068}
> Epoch 174: took 1.9s (avg 2.1s) | Best so far: epoch 171	train_loss: 0.2360 train_accuracy: 0.9215	val_loss: 2.2942 val_accuracy: 0.4167	test_loss: 4.1098 test_accuracy: 0.2643	F1: 0.2086 Prec: 0.3259 Rec: 0.2643
train: {'epoch': 175, 'time_epoch': 1.89069, 'eta': 136.3083, 'eta_hours': 0.03786, 'loss': 0.22754927, 'lr': 0.00020611, 'params': 276757, 'time_iter': 0.0108, 'accuracy': 0.92401, 'f1': 0.924, 'auc': 0.99857}
val: {'epoch': 175, 'time_epoch': 0.07129, 'loss': 2.43411361, 'lr': 0, 'params': 276757, 'time_iter': 0.00509, 'accuracy': 0.43095, 'f1': 0.40932, 'auc': 0.90215}
test: {'epoch': 175, 'time_epoch': 0.08948, 'loss': 3.49987437, 'lr': 0, 'params': 276757, 'time_iter': 0.00639, 'accuracy': 0.3, 'f1': 0.25418, 'auc': 0.86843}
[*] Confusion Matrix saved to: results_lopo_none/FQ_3m\Conf\confusion_matrix_epoch_175.png
> Epoch 175: took 2.2s (avg 2.1s) | Best so far: epoch 175	train_loss: 0.2275 train_accuracy: 0.9240	val_loss: 2.4341 val_accuracy: 0.4309	test_loss: 3.4999 test_accuracy: 0.3000	F1: 0.2542 Prec: 0.3446 Rec: 0.3000
train: {'epoch': 176, 'time_epoch': 1.82746, 'eta': 134.4603, 'eta_hours': 0.03735, 'loss': 0.23744115, 'lr': 0.00020105, 'params': 276757, 'time_iter': 0.01044, 'accuracy': 0.92473, 'f1': 0.92467, 'auc': 0.99839}
val: {'epoch': 176, 'time_epoch': 0.06524, 'loss': 2.56940942, 'lr': 0, 'params': 276757, 'time_iter': 0.00466, 'accuracy': 0.39762, 'f1': 0.37786, 'auc': 0.90029}
test: {'epoch': 176, 'time_epoch': 0.07648, 'loss': 3.57376619, 'lr': 0, 'params': 276757, 'time_iter': 0.00546, 'accuracy': 0.28333, 'f1': 0.22541, 'auc': 0.88899}
> Epoch 176: took 2.0s (avg 2.1s) | Best so far: epoch 175	train_loss: 0.2275 train_accuracy: 0.9240	val_loss: 2.4341 val_accuracy: 0.4309	test_loss: 3.4999 test_accuracy: 0.3000	F1: 0.2542 Prec: 0.3446 Rec: 0.3000
train: {'epoch': 177, 'time_epoch': 2.00437, 'eta': 132.68409, 'eta_hours': 0.03686, 'loss': 0.22175591, 'lr': 0.00019603, 'params': 276757, 'time_iter': 0.01145, 'accuracy': 0.93029, 'f1': 0.93025, 'auc': 0.99853}
val: {'epoch': 177, 'time_epoch': 0.07065, 'loss': 2.56477404, 'lr': 0, 'params': 276757, 'time_iter': 0.00505, 'accuracy': 0.40238, 'f1': 0.38453, 'auc': 0.89979}
test: {'epoch': 177, 'time_epoch': 0.06527, 'loss': 4.40268271, 'lr': 0, 'params': 276757, 'time_iter': 0.00466, 'accuracy': 0.24048, 'f1': 0.18179, 'auc': 0.85639}
> Epoch 177: took 2.2s (avg 2.1s) | Best so far: epoch 175	train_loss: 0.2275 train_accuracy: 0.9240	val_loss: 2.4341 val_accuracy: 0.4309	test_loss: 3.4999 test_accuracy: 0.3000	F1: 0.2542 Prec: 0.3446 Rec: 0.3000
train: {'epoch': 178, 'time_epoch': 1.851, 'eta': 130.84449, 'eta_hours': 0.03635, 'loss': 0.21397796, 'lr': 0.00019107, 'params': 276757, 'time_iter': 0.01058, 'accuracy': 0.93315, 'f1': 0.93316, 'auc': 0.99867}
val: {'epoch': 178, 'time_epoch': 0.08977, 'loss': 2.40854171, 'lr': 0, 'params': 276757, 'time_iter': 0.00641, 'accuracy': 0.39762, 'f1': 0.37174, 'auc': 0.91082}
test: {'epoch': 178, 'time_epoch': 0.11052, 'loss': 4.58637751, 'lr': 0, 'params': 276757, 'time_iter': 0.00789, 'accuracy': 0.22857, 'f1': 0.17789, 'auc': 0.86587}
> Epoch 178: took 2.1s (avg 2.1s) | Best so far: epoch 175	train_loss: 0.2275 train_accuracy: 0.9240	val_loss: 2.4341 val_accuracy: 0.4309	test_loss: 3.4999 test_accuracy: 0.3000	F1: 0.2542 Prec: 0.3446 Rec: 0.3000
train: {'epoch': 179, 'time_epoch': 1.6873, 'eta': 128.94111, 'eta_hours': 0.03582, 'loss': 0.21507591, 'lr': 0.00018615, 'params': 276757, 'time_iter': 0.00964, 'accuracy': 0.93118, 'f1': 0.9312, 'auc': 0.99861}
val: {'epoch': 179, 'time_epoch': 0.06482, 'loss': 3.01958767, 'lr': 0, 'params': 276757, 'time_iter': 0.00463, 'accuracy': 0.39286, 'f1': 0.35957, 'auc': 0.87967}
test: {'epoch': 179, 'time_epoch': 0.06494, 'loss': 3.51739878, 'lr': 0, 'params': 276757, 'time_iter': 0.00464, 'accuracy': 0.29762, 'f1': 0.24579, 'auc': 0.88035}
> Epoch 179: took 1.9s (avg 2.1s) | Best so far: epoch 175	train_loss: 0.2275 train_accuracy: 0.9240	val_loss: 2.4341 val_accuracy: 0.4309	test_loss: 3.4999 test_accuracy: 0.3000	F1: 0.2542 Prec: 0.3446 Rec: 0.3000
train: {'epoch': 180, 'time_epoch': 1.99885, 'eta': 127.15888, 'eta_hours': 0.03532, 'loss': 0.23206841, 'lr': 0.00018129, 'params': 276757, 'time_iter': 0.01142, 'accuracy': 0.92204, 'f1': 0.92201, 'auc': 0.99841}
val: {'epoch': 180, 'time_epoch': 0.09794, 'loss': 2.34139659, 'lr': 0, 'params': 276757, 'time_iter': 0.007, 'accuracy': 0.42619, 'f1': 0.40268, 'auc': 0.91379}
test: {'epoch': 180, 'time_epoch': 0.0745, 'loss': 4.23466482, 'lr': 0, 'params': 276757, 'time_iter': 0.00532, 'accuracy': 0.25476, 'f1': 0.18702, 'auc': 0.8748}
> Epoch 180: took 2.3s (avg 2.1s) | Best so far: epoch 175	train_loss: 0.2275 train_accuracy: 0.9240	val_loss: 2.4341 val_accuracy: 0.4309	test_loss: 3.4999 test_accuracy: 0.3000	F1: 0.2542 Prec: 0.3446 Rec: 0.3000
train: {'epoch': 181, 'time_epoch': 1.90441, 'eta': 125.33899, 'eta_hours': 0.03482, 'loss': 0.21634284, 'lr': 0.00017647, 'params': 276757, 'time_iter': 0.01088, 'accuracy': 0.92885, 'f1': 0.92885, 'auc': 0.99864}
val: {'epoch': 181, 'time_epoch': 0.09213, 'loss': 2.50308518, 'lr': 0, 'params': 276757, 'time_iter': 0.00658, 'accuracy': 0.40238, 'f1': 0.37833, 'auc': 0.90863}
test: {'epoch': 181, 'time_epoch': 0.06578, 'loss': 3.72367558, 'lr': 0, 'params': 276757, 'time_iter': 0.0047, 'accuracy': 0.27619, 'f1': 0.22694, 'auc': 0.8823}
> Epoch 181: took 2.1s (avg 2.1s) | Best so far: epoch 175	train_loss: 0.2275 train_accuracy: 0.9240	val_loss: 2.4341 val_accuracy: 0.4309	test_loss: 3.4999 test_accuracy: 0.3000	F1: 0.2542 Prec: 0.3446 Rec: 0.3000
train: {'epoch': 182, 'time_epoch': 1.80717, 'eta': 123.48257, 'eta_hours': 0.0343, 'loss': 0.21523569, 'lr': 0.00017171, 'params': 276757, 'time_iter': 0.01033, 'accuracy': 0.92957, 'f1': 0.92955, 'auc': 0.9987}
val: {'epoch': 182, 'time_epoch': 0.09278, 'loss': 2.89762713, 'lr': 0, 'params': 276757, 'time_iter': 0.00663, 'accuracy': 0.36429, 'f1': 0.32984, 'auc': 0.89059}
test: {'epoch': 182, 'time_epoch': 0.09811, 'loss': 4.16225384, 'lr': 0, 'params': 276757, 'time_iter': 0.00701, 'accuracy': 0.22381, 'f1': 0.16301, 'auc': 0.85238}
> Epoch 182: took 2.1s (avg 2.1s) | Best so far: epoch 175	train_loss: 0.2275 train_accuracy: 0.9240	val_loss: 2.4341 val_accuracy: 0.4309	test_loss: 3.4999 test_accuracy: 0.3000	F1: 0.2542 Prec: 0.3446 Rec: 0.3000
train: {'epoch': 183, 'time_epoch': 1.92842, 'eta': 121.67017, 'eta_hours': 0.0338, 'loss': 0.19469279, 'lr': 0.00016699, 'params': 276757, 'time_iter': 0.01102, 'accuracy': 0.93513, 'f1': 0.93514, 'auc': 0.999}
val: {'epoch': 183, 'time_epoch': 0.08201, 'loss': 2.14277104, 'lr': 0, 'params': 276757, 'time_iter': 0.00586, 'accuracy': 0.45238, 'f1': 0.42501, 'auc': 0.91878}
test: {'epoch': 183, 'time_epoch': 0.09932, 'loss': 4.08215324, 'lr': 0, 'params': 276757, 'time_iter': 0.00709, 'accuracy': 0.25952, 'f1': 0.19716, 'auc': 0.8744}
[*] Confusion Matrix saved to: results_lopo_none/FQ_3m\Conf\confusion_matrix_epoch_183.png
> Epoch 183: took 2.2s (avg 2.1s) | Best so far: epoch 183	train_loss: 0.1947 train_accuracy: 0.9351	val_loss: 2.1428 val_accuracy: 0.4524	test_loss: 4.0822 test_accuracy: 0.2595	F1: 0.1972 Prec: 0.2893 Rec: 0.2595
train: {'epoch': 184, 'time_epoch': 1.70717, 'eta': 119.77879, 'eta_hours': 0.03327, 'loss': 0.18905354, 'lr': 0.00016233, 'params': 276757, 'time_iter': 0.00976, 'accuracy': 0.93943, 'f1': 0.93937, 'auc': 0.99904}
val: {'epoch': 184, 'time_epoch': 0.11385, 'loss': 2.3621463, 'lr': 0, 'params': 276757, 'time_iter': 0.00813, 'accuracy': 0.4381, 'f1': 0.41239, 'auc': 0.91339}
test: {'epoch': 184, 'time_epoch': 0.07937, 'loss': 4.38480121, 'lr': 0, 'params': 276757, 'time_iter': 0.00567, 'accuracy': 0.26667, 'f1': 0.20504, 'auc': 0.8698}
> Epoch 184: took 2.0s (avg 2.1s) | Best so far: epoch 183	train_loss: 0.1947 train_accuracy: 0.9351	val_loss: 2.1428 val_accuracy: 0.4524	test_loss: 4.0822 test_accuracy: 0.2595	F1: 0.1972 Prec: 0.2893 Rec: 0.2595
train: {'epoch': 185, 'time_epoch': 2.08496, 'eta': 118.01938, 'eta_hours': 0.03278, 'loss': 0.2160769, 'lr': 0.00015773, 'params': 276757, 'time_iter': 0.01191, 'accuracy': 0.92957, 'f1': 0.92951, 'auc': 0.99868}
val: {'epoch': 185, 'time_epoch': 0.07725, 'loss': 2.28432414, 'lr': 0, 'params': 276757, 'time_iter': 0.00552, 'accuracy': 0.43571, 'f1': 0.41345, 'auc': 0.9149}
test: {'epoch': 185, 'time_epoch': 0.09899, 'loss': 3.96277414, 'lr': 0, 'params': 276757, 'time_iter': 0.00707, 'accuracy': 0.28571, 'f1': 0.23025, 'auc': 0.88204}
> Epoch 185: took 2.3s (avg 2.1s) | Best so far: epoch 183	train_loss: 0.1947 train_accuracy: 0.9351	val_loss: 2.1428 val_accuracy: 0.4524	test_loss: 4.0822 test_accuracy: 0.2595	F1: 0.1972 Prec: 0.2893 Rec: 0.2595
train: {'epoch': 186, 'time_epoch': 1.75841, 'eta': 116.14647, 'eta_hours': 0.03226, 'loss': 0.21243423, 'lr': 0.00015317, 'params': 276757, 'time_iter': 0.01005, 'accuracy': 0.93208, 'f1': 0.93204, 'auc': 0.99869}
val: {'epoch': 186, 'time_epoch': 0.08502, 'loss': 2.46765202, 'lr': 0, 'params': 276757, 'time_iter': 0.00607, 'accuracy': 0.40238, 'f1': 0.37934, 'auc': 0.90914}
test: {'epoch': 186, 'time_epoch': 0.09868, 'loss': 4.7171711, 'lr': 0, 'params': 276757, 'time_iter': 0.00705, 'accuracy': 0.26429, 'f1': 0.21464, 'auc': 0.86151}
> Epoch 186: took 2.0s (avg 2.1s) | Best so far: epoch 183	train_loss: 0.1947 train_accuracy: 0.9351	val_loss: 2.1428 val_accuracy: 0.4524	test_loss: 4.0822 test_accuracy: 0.2595	F1: 0.1972 Prec: 0.2893 Rec: 0.2595
train: {'epoch': 187, 'time_epoch': 1.72975, 'eta': 114.26533, 'eta_hours': 0.03174, 'loss': 0.21479472, 'lr': 0.00014868, 'params': 276757, 'time_iter': 0.00988, 'accuracy': 0.92975, 'f1': 0.92974, 'auc': 0.99868}
val: {'epoch': 187, 'time_epoch': 0.07794, 'loss': 2.50611871, 'lr': 0, 'params': 276757, 'time_iter': 0.00557, 'accuracy': 0.4119, 'f1': 0.37895, 'auc': 0.91136}
test: {'epoch': 187, 'time_epoch': 0.09333, 'loss': 4.50367001, 'lr': 0, 'params': 276757, 'time_iter': 0.00667, 'accuracy': 0.23333, 'f1': 0.14623, 'auc': 0.87001}
> Epoch 187: took 2.0s (avg 2.1s) | Best so far: epoch 183	train_loss: 0.1947 train_accuracy: 0.9351	val_loss: 2.1428 val_accuracy: 0.4524	test_loss: 4.0822 test_accuracy: 0.2595	F1: 0.1972 Prec: 0.2893 Rec: 0.2595
train: {'epoch': 188, 'time_epoch': 1.79535, 'eta': 112.40697, 'eta_hours': 0.03122, 'loss': 0.21599168, 'lr': 0.00014423, 'params': 276757, 'time_iter': 0.01026, 'accuracy': 0.92814, 'f1': 0.92807, 'auc': 0.99862}
val: {'epoch': 188, 'time_epoch': 0.09904, 'loss': 2.27370405, 'lr': 0, 'params': 276757, 'time_iter': 0.00707, 'accuracy': 0.44286, 'f1': 0.40868, 'auc': 0.92253}
test: {'epoch': 188, 'time_epoch': 0.06547, 'loss': 4.41076813, 'lr': 0, 'params': 276757, 'time_iter': 0.00468, 'accuracy': 0.28333, 'f1': 0.20617, 'auc': 0.8764}
> Epoch 188: took 2.0s (avg 2.1s) | Best so far: epoch 183	train_loss: 0.1947 train_accuracy: 0.9351	val_loss: 2.1428 val_accuracy: 0.4524	test_loss: 4.0822 test_accuracy: 0.2595	F1: 0.1972 Prec: 0.2893 Rec: 0.2595
train: {'epoch': 189, 'time_epoch': 1.73605, 'eta': 110.53054, 'eta_hours': 0.0307, 'loss': 0.20075561, 'lr': 0.00013985, 'params': 276757, 'time_iter': 0.00992, 'accuracy': 0.93244, 'f1': 0.93241, 'auc': 0.99886}
val: {'epoch': 189, 'time_epoch': 0.08295, 'loss': 2.3207881, 'lr': 0, 'params': 276757, 'time_iter': 0.00592, 'accuracy': 0.39286, 'f1': 0.36971, 'auc': 0.9138}
test: {'epoch': 189, 'time_epoch': 0.06566, 'loss': 4.51144588, 'lr': 0, 'params': 276757, 'time_iter': 0.00469, 'accuracy': 0.25952, 'f1': 0.19364, 'auc': 0.86393}
> Epoch 189: took 2.0s (avg 2.1s) | Best so far: epoch 183	train_loss: 0.1947 train_accuracy: 0.9351	val_loss: 2.1428 val_accuracy: 0.4524	test_loss: 4.0822 test_accuracy: 0.2595	F1: 0.1972 Prec: 0.2893 Rec: 0.2595
train: {'epoch': 190, 'time_epoch': 1.84466, 'eta': 108.68913, 'eta_hours': 0.03019, 'loss': 0.20492562, 'lr': 0.00013552, 'params': 276757, 'time_iter': 0.01054, 'accuracy': 0.93154, 'f1': 0.93147, 'auc': 0.99888}
val: {'epoch': 190, 'time_epoch': 0.06928, 'loss': 2.37276592, 'lr': 0, 'params': 276757, 'time_iter': 0.00495, 'accuracy': 0.41429, 'f1': 0.38132, 'auc': 0.91139}
test: {'epoch': 190, 'time_epoch': 0.09095, 'loss': 4.38465116, 'lr': 0, 'params': 276757, 'time_iter': 0.0065, 'accuracy': 0.25952, 'f1': 0.19388, 'auc': 0.85974}
> Epoch 190: took 2.1s (avg 2.1s) | Best so far: epoch 183	train_loss: 0.1947 train_accuracy: 0.9351	val_loss: 2.1428 val_accuracy: 0.4524	test_loss: 4.0822 test_accuracy: 0.2595	F1: 0.1972 Prec: 0.2893 Rec: 0.2595
train: {'epoch': 191, 'time_epoch': 1.70718, 'eta': 106.80616, 'eta_hours': 0.02967, 'loss': 0.19918025, 'lr': 0.00013124, 'params': 276757, 'time_iter': 0.00976, 'accuracy': 0.93208, 'f1': 0.932, 'auc': 0.99892}
val: {'epoch': 191, 'time_epoch': 0.06546, 'loss': 2.37712326, 'lr': 0, 'params': 276757, 'time_iter': 0.00468, 'accuracy': 0.40952, 'f1': 0.38756, 'auc': 0.90768}
test: {'epoch': 191, 'time_epoch': 0.06953, 'loss': 4.05709991, 'lr': 0, 'params': 276757, 'time_iter': 0.00497, 'accuracy': 0.26667, 'f1': 0.21326, 'auc': 0.86586}
> Epoch 191: took 1.9s (avg 2.1s) | Best so far: epoch 183	train_loss: 0.1947 train_accuracy: 0.9351	val_loss: 2.1428 val_accuracy: 0.4524	test_loss: 4.0822 test_accuracy: 0.2595	F1: 0.1972 Prec: 0.2893 Rec: 0.2595
train: {'epoch': 192, 'time_epoch': 1.70144, 'eta': 104.92332, 'eta_hours': 0.02915, 'loss': 0.2103136, 'lr': 0.00012703, 'params': 276757, 'time_iter': 0.00972, 'accuracy': 0.93082, 'f1': 0.93083, 'auc': 0.99872}
val: {'epoch': 192, 'time_epoch': 0.07805, 'loss': 2.41940631, 'lr': 0, 'params': 276757, 'time_iter': 0.00558, 'accuracy': 0.41905, 'f1': 0.40415, 'auc': 0.90505}
test: {'epoch': 192, 'time_epoch': 0.07152, 'loss': 3.55384716, 'lr': 0, 'params': 276757, 'time_iter': 0.00511, 'accuracy': 0.30952, 'f1': 0.24711, 'auc': 0.89036}
> Epoch 192: took 2.0s (avg 2.1s) | Best so far: epoch 183	train_loss: 0.1947 train_accuracy: 0.9351	val_loss: 2.1428 val_accuracy: 0.4524	test_loss: 4.0822 test_accuracy: 0.2595	F1: 0.1972 Prec: 0.2893 Rec: 0.2595
train: {'epoch': 193, 'time_epoch': 1.78016, 'eta': 103.06506, 'eta_hours': 0.02863, 'loss': 0.19200807, 'lr': 0.00012287, 'params': 276757, 'time_iter': 0.01017, 'accuracy': 0.9362, 'f1': 0.93618, 'auc': 0.99897}
val: {'epoch': 193, 'time_epoch': 0.0601, 'loss': 2.24697464, 'lr': 0, 'params': 276757, 'time_iter': 0.00429, 'accuracy': 0.41905, 'f1': 0.39596, 'auc': 0.91754}
test: {'epoch': 193, 'time_epoch': 0.08686, 'loss': 4.14925045, 'lr': 0, 'params': 276757, 'time_iter': 0.0062, 'accuracy': 0.29286, 'f1': 0.23405, 'auc': 0.8835}
> Epoch 193: took 2.0s (avg 2.1s) | Best so far: epoch 183	train_loss: 0.1947 train_accuracy: 0.9351	val_loss: 2.1428 val_accuracy: 0.4524	test_loss: 4.0822 test_accuracy: 0.2595	F1: 0.1972 Prec: 0.2893 Rec: 0.2595
train: {'epoch': 194, 'time_epoch': 1.80001, 'eta': 101.21321, 'eta_hours': 0.02811, 'loss': 0.20780366, 'lr': 0.00011878, 'params': 276757, 'time_iter': 0.01029, 'accuracy': 0.93082, 'f1': 0.93083, 'auc': 0.9987}
val: {'epoch': 194, 'time_epoch': 0.08669, 'loss': 2.08738105, 'lr': 0, 'params': 276757, 'time_iter': 0.00619, 'accuracy': 0.48095, 'f1': 0.4467, 'auc': 0.92544}
test: {'epoch': 194, 'time_epoch': 0.07227, 'loss': 4.2879354, 'lr': 0, 'params': 276757, 'time_iter': 0.00516, 'accuracy': 0.28333, 'f1': 0.20792, 'auc': 0.8778}
[*] Confusion Matrix saved to: results_lopo_none/FQ_3m\Conf\confusion_matrix_epoch_194.png
> Epoch 194: took 2.0s (avg 2.1s) | Best so far: epoch 194	train_loss: 0.2078 train_accuracy: 0.9308	val_loss: 2.0874 val_accuracy: 0.4809	test_loss: 4.2879 test_accuracy: 0.2833	F1: 0.2079 Prec: 0.3357 Rec: 0.2833
train: {'epoch': 195, 'time_epoch': 2.21531, 'eta': 99.47631, 'eta_hours': 0.02763, 'loss': 0.20935283, 'lr': 0.00011474, 'params': 276757, 'time_iter': 0.01266, 'accuracy': 0.93297, 'f1': 0.9329, 'auc': 0.99873}
val: {'epoch': 195, 'time_epoch': 0.06434, 'loss': 2.2350625, 'lr': 0, 'params': 276757, 'time_iter': 0.0046, 'accuracy': 0.44762, 'f1': 0.42073, 'auc': 0.91968}
test: {'epoch': 195, 'time_epoch': 0.06742, 'loss': 3.84808315, 'lr': 0, 'params': 276757, 'time_iter': 0.00482, 'accuracy': 0.30714, 'f1': 0.24702, 'auc': 0.87929}
> Epoch 195: took 2.5s (avg 2.1s) | Best so far: epoch 194	train_loss: 0.2078 train_accuracy: 0.9308	val_loss: 2.0874 val_accuracy: 0.4809	test_loss: 4.2879 test_accuracy: 0.2833	F1: 0.2079 Prec: 0.3357 Rec: 0.2833
train: {'epoch': 196, 'time_epoch': 1.94827, 'eta': 97.6627, 'eta_hours': 0.02713, 'loss': 0.19947557, 'lr': 0.00011077, 'params': 276757, 'time_iter': 0.01113, 'accuracy': 0.93871, 'f1': 0.93867, 'auc': 0.99882}
val: {'epoch': 196, 'time_epoch': 0.08165, 'loss': 2.35060299, 'lr': 0, 'params': 276757, 'time_iter': 0.00583, 'accuracy': 0.41905, 'f1': 0.39915, 'auc': 0.91215}
test: {'epoch': 196, 'time_epoch': 0.09827, 'loss': 4.41321663, 'lr': 0, 'params': 276757, 'time_iter': 0.00702, 'accuracy': 0.27381, 'f1': 0.19867, 'auc': 0.86358}
> Epoch 196: took 2.2s (avg 2.1s) | Best so far: epoch 194	train_loss: 0.2078 train_accuracy: 0.9308	val_loss: 2.0874 val_accuracy: 0.4809	test_loss: 4.2879 test_accuracy: 0.2833	F1: 0.2079 Prec: 0.3357 Rec: 0.2833
train: {'epoch': 197, 'time_epoch': 2.1672, 'eta': 95.90523, 'eta_hours': 0.02664, 'loss': 0.18497755, 'lr': 0.00010686, 'params': 276757, 'time_iter': 0.01238, 'accuracy': 0.94229, 'f1': 0.94224, 'auc': 0.999}
val: {'epoch': 197, 'time_epoch': 0.09584, 'loss': 2.19490183, 'lr': 0, 'params': 276757, 'time_iter': 0.00685, 'accuracy': 0.44286, 'f1': 0.42204, 'auc': 0.92307}
test: {'epoch': 197, 'time_epoch': 0.11086, 'loss': 4.75858509, 'lr': 0, 'params': 276757, 'time_iter': 0.00792, 'accuracy': 0.25714, 'f1': 0.19832, 'auc': 0.8612}
> Epoch 197: took 2.5s (avg 2.1s) | Best so far: epoch 194	train_loss: 0.2078 train_accuracy: 0.9308	val_loss: 2.0874 val_accuracy: 0.4809	test_loss: 4.2879 test_accuracy: 0.2833	F1: 0.2079 Prec: 0.3357 Rec: 0.2833
train: {'epoch': 198, 'time_epoch': 2.01705, 'eta': 94.10517, 'eta_hours': 0.02614, 'loss': 0.19160083, 'lr': 0.000103, 'params': 276757, 'time_iter': 0.01153, 'accuracy': 0.93602, 'f1': 0.93596, 'auc': 0.99899}
val: {'epoch': 198, 'time_epoch': 0.06357, 'loss': 2.22473076, 'lr': 0, 'params': 276757, 'time_iter': 0.00454, 'accuracy': 0.43333, 'f1': 0.41621, 'auc': 0.92079}
test: {'epoch': 198, 'time_epoch': 0.09277, 'loss': 4.42496292, 'lr': 0, 'params': 276757, 'time_iter': 0.00663, 'accuracy': 0.27619, 'f1': 0.21018, 'auc': 0.86808}
> Epoch 198: took 2.3s (avg 2.1s) | Best so far: epoch 194	train_loss: 0.2078 train_accuracy: 0.9308	val_loss: 2.0874 val_accuracy: 0.4809	test_loss: 4.2879 test_accuracy: 0.2833	F1: 0.2079 Prec: 0.3357 Rec: 0.2833
train: {'epoch': 199, 'time_epoch': 1.86082, 'eta': 92.26387, 'eta_hours': 0.02563, 'loss': 0.18535022, 'lr': 9.922e-05, 'params': 276757, 'time_iter': 0.01063, 'accuracy': 0.94032, 'f1': 0.94033, 'auc': 0.99908}
val: {'epoch': 199, 'time_epoch': 0.07326, 'loss': 2.1843507, 'lr': 0, 'params': 276757, 'time_iter': 0.00523, 'accuracy': 0.44524, 'f1': 0.41973, 'auc': 0.92335}
test: {'epoch': 199, 'time_epoch': 0.07226, 'loss': 3.97364996, 'lr': 0, 'params': 276757, 'time_iter': 0.00516, 'accuracy': 0.2881, 'f1': 0.22295, 'auc': 0.88538}
> Epoch 199: took 2.1s (avg 2.1s) | Best so far: epoch 194	train_loss: 0.2078 train_accuracy: 0.9308	val_loss: 2.0874 val_accuracy: 0.4809	test_loss: 4.2879 test_accuracy: 0.2833	F1: 0.2079 Prec: 0.3357 Rec: 0.2833
train: {'epoch': 200, 'time_epoch': 2.00579, 'eta': 90.45772, 'eta_hours': 0.02513, 'loss': 0.18432832, 'lr': 9.549e-05, 'params': 276757, 'time_iter': 0.01146, 'accuracy': 0.94283, 'f1': 0.9428, 'auc': 0.99902}
val: {'epoch': 200, 'time_epoch': 0.1246, 'loss': 2.34070425, 'lr': 0, 'params': 276757, 'time_iter': 0.0089, 'accuracy': 0.42619, 'f1': 0.40214, 'auc': 0.91646}
test: {'epoch': 200, 'time_epoch': 0.12244, 'loss': 3.91674069, 'lr': 0, 'params': 276757, 'time_iter': 0.00875, 'accuracy': 0.29286, 'f1': 0.22535, 'auc': 0.88195}
> Epoch 200: took 2.3s (avg 2.1s) | Best so far: epoch 194	train_loss: 0.2078 train_accuracy: 0.9308	val_loss: 2.0874 val_accuracy: 0.4809	test_loss: 4.2879 test_accuracy: 0.2833	F1: 0.2079 Prec: 0.3357 Rec: 0.2833
train: {'epoch': 201, 'time_epoch': 1.99183, 'eta': 88.64628, 'eta_hours': 0.02462, 'loss': 0.17866729, 'lr': 9.183e-05, 'params': 276757, 'time_iter': 0.01138, 'accuracy': 0.94283, 'f1': 0.94283, 'auc': 0.9991}
val: {'epoch': 201, 'time_epoch': 0.07096, 'loss': 2.12681232, 'lr': 0, 'params': 276757, 'time_iter': 0.00507, 'accuracy': 0.45952, 'f1': 0.43204, 'auc': 0.92428}
test: {'epoch': 201, 'time_epoch': 0.07508, 'loss': 4.18084241, 'lr': 0, 'params': 276757, 'time_iter': 0.00536, 'accuracy': 0.28571, 'f1': 0.22075, 'auc': 0.87645}
> Epoch 201: took 2.2s (avg 2.1s) | Best so far: epoch 194	train_loss: 0.2078 train_accuracy: 0.9308	val_loss: 2.0874 val_accuracy: 0.4809	test_loss: 4.2879 test_accuracy: 0.2833	F1: 0.2079 Prec: 0.3357 Rec: 0.2833
train: {'epoch': 202, 'time_epoch': 2.06321, 'eta': 86.84959, 'eta_hours': 0.02412, 'loss': 0.18209639, 'lr': 8.823e-05, 'params': 276757, 'time_iter': 0.01179, 'accuracy': 0.94229, 'f1': 0.94225, 'auc': 0.99904}
val: {'epoch': 202, 'time_epoch': 0.06643, 'loss': 2.2816156, 'lr': 0, 'params': 276757, 'time_iter': 0.00474, 'accuracy': 0.42857, 'f1': 0.40025, 'auc': 0.91785}
test: {'epoch': 202, 'time_epoch': 0.11005, 'loss': 4.41957001, 'lr': 0, 'params': 276757, 'time_iter': 0.00786, 'accuracy': 0.25238, 'f1': 0.19311, 'auc': 0.85926}
> Epoch 202: took 2.3s (avg 2.1s) | Best so far: epoch 194	train_loss: 0.2078 train_accuracy: 0.9308	val_loss: 2.0874 val_accuracy: 0.4809	test_loss: 4.2879 test_accuracy: 0.2833	F1: 0.2079 Prec: 0.3357 Rec: 0.2833
train: {'epoch': 203, 'time_epoch': 1.87294, 'eta': 85.00738, 'eta_hours': 0.02361, 'loss': 0.19218217, 'lr': 8.47e-05, 'params': 276757, 'time_iter': 0.0107, 'accuracy': 0.93835, 'f1': 0.93831, 'auc': 0.99888}
val: {'epoch': 203, 'time_epoch': 0.06418, 'loss': 2.1982572, 'lr': 0, 'params': 276757, 'time_iter': 0.00458, 'accuracy': 0.45, 'f1': 0.42245, 'auc': 0.92155}
test: {'epoch': 203, 'time_epoch': 0.06975, 'loss': 3.91200017, 'lr': 0, 'params': 276757, 'time_iter': 0.00498, 'accuracy': 0.28571, 'f1': 0.23182, 'auc': 0.87762}
> Epoch 203: took 2.1s (avg 2.1s) | Best so far: epoch 194	train_loss: 0.2078 train_accuracy: 0.9308	val_loss: 2.0874 val_accuracy: 0.4809	test_loss: 4.2879 test_accuracy: 0.2833	F1: 0.2079 Prec: 0.3357 Rec: 0.2833
train: {'epoch': 204, 'time_epoch': 1.89841, 'eta': 83.17047, 'eta_hours': 0.0231, 'loss': 0.18888489, 'lr': 8.124e-05, 'params': 276757, 'time_iter': 0.01085, 'accuracy': 0.93853, 'f1': 0.93856, 'auc': 0.99906}
val: {'epoch': 204, 'time_epoch': 0.0807, 'loss': 2.13147162, 'lr': 0, 'params': 276757, 'time_iter': 0.00576, 'accuracy': 0.44762, 'f1': 0.4243, 'auc': 0.92548}
test: {'epoch': 204, 'time_epoch': 0.07986, 'loss': 4.55685699, 'lr': 0, 'params': 276757, 'time_iter': 0.0057, 'accuracy': 0.27381, 'f1': 0.21346, 'auc': 0.86444}
> Epoch 204: took 2.1s (avg 2.1s) | Best so far: epoch 194	train_loss: 0.2078 train_accuracy: 0.9308	val_loss: 2.0874 val_accuracy: 0.4809	test_loss: 4.2879 test_accuracy: 0.2833	F1: 0.2079 Prec: 0.3357 Rec: 0.2833
train: {'epoch': 205, 'time_epoch': 1.97321, 'eta': 81.34893, 'eta_hours': 0.0226, 'loss': 0.18684901, 'lr': 7.784e-05, 'params': 276757, 'time_iter': 0.01128, 'accuracy': 0.93746, 'f1': 0.93739, 'auc': 0.99905}
val: {'epoch': 205, 'time_epoch': 0.07211, 'loss': 2.23246891, 'lr': 0, 'params': 276757, 'time_iter': 0.00515, 'accuracy': 0.43333, 'f1': 0.40157, 'auc': 0.9257}
test: {'epoch': 205, 'time_epoch': 0.07135, 'loss': 4.46836918, 'lr': 0, 'params': 276757, 'time_iter': 0.0051, 'accuracy': 0.25952, 'f1': 0.18641, 'auc': 0.87452}
> Epoch 205: took 2.2s (avg 2.1s) | Best so far: epoch 194	train_loss: 0.2078 train_accuracy: 0.9308	val_loss: 2.0874 val_accuracy: 0.4809	test_loss: 4.2879 test_accuracy: 0.2833	F1: 0.2079 Prec: 0.3357 Rec: 0.2833
train: {'epoch': 206, 'time_epoch': 1.82986, 'eta': 79.49615, 'eta_hours': 0.02208, 'loss': 0.18517947, 'lr': 7.45e-05, 'params': 276757, 'time_iter': 0.01046, 'accuracy': 0.94265, 'f1': 0.94269, 'auc': 0.99905}
val: {'epoch': 206, 'time_epoch': 0.07169, 'loss': 2.01739214, 'lr': 0, 'params': 276757, 'time_iter': 0.00512, 'accuracy': 0.45714, 'f1': 0.43601, 'auc': 0.93129}
test: {'epoch': 206, 'time_epoch': 0.08184, 'loss': 4.45656995, 'lr': 0, 'params': 276757, 'time_iter': 0.00585, 'accuracy': 0.26905, 'f1': 0.20378, 'auc': 0.8744}
> Epoch 206: took 2.1s (avg 2.1s) | Best so far: epoch 194	train_loss: 0.2078 train_accuracy: 0.9308	val_loss: 2.0874 val_accuracy: 0.4809	test_loss: 4.2879 test_accuracy: 0.2833	F1: 0.2079 Prec: 0.3357 Rec: 0.2833
train: {'epoch': 207, 'time_epoch': 1.79882, 'eta': 77.63732, 'eta_hours': 0.02157, 'loss': 0.18674925, 'lr': 7.124e-05, 'params': 276757, 'time_iter': 0.01028, 'accuracy': 0.94014, 'f1': 0.94012, 'auc': 0.99897}
val: {'epoch': 207, 'time_epoch': 0.08309, 'loss': 2.07123123, 'lr': 0, 'params': 276757, 'time_iter': 0.00594, 'accuracy': 0.45238, 'f1': 0.42223, 'auc': 0.92957}
test: {'epoch': 207, 'time_epoch': 0.1005, 'loss': 4.31473315, 'lr': 0, 'params': 276757, 'time_iter': 0.00718, 'accuracy': 0.29762, 'f1': 0.22901, 'auc': 0.87998}
> Epoch 207: took 2.1s (avg 2.1s) | Best so far: epoch 194	train_loss: 0.2078 train_accuracy: 0.9308	val_loss: 2.0874 val_accuracy: 0.4809	test_loss: 4.2879 test_accuracy: 0.2833	F1: 0.2079 Prec: 0.3357 Rec: 0.2833
train: {'epoch': 208, 'time_epoch': 2.02069, 'eta': 75.82259, 'eta_hours': 0.02106, 'loss': 0.17565486, 'lr': 6.804e-05, 'params': 276757, 'time_iter': 0.01155, 'accuracy': 0.9448, 'f1': 0.94477, 'auc': 0.9991}
val: {'epoch': 208, 'time_epoch': 0.08029, 'loss': 2.11768166, 'lr': 0, 'params': 276757, 'time_iter': 0.00573, 'accuracy': 0.45952, 'f1': 0.4358, 'auc': 0.92637}
test: {'epoch': 208, 'time_epoch': 0.07583, 'loss': 4.68316039, 'lr': 0, 'params': 276757, 'time_iter': 0.00542, 'accuracy': 0.26667, 'f1': 0.20825, 'auc': 0.86714}
> Epoch 208: took 2.3s (avg 2.1s) | Best so far: epoch 194	train_loss: 0.2078 train_accuracy: 0.9308	val_loss: 2.0874 val_accuracy: 0.4809	test_loss: 4.2879 test_accuracy: 0.2833	F1: 0.2079 Prec: 0.3357 Rec: 0.2833
train: {'epoch': 209, 'time_epoch': 1.98485, 'eta': 73.99907, 'eta_hours': 0.02056, 'loss': 0.18480391, 'lr': 6.491e-05, 'params': 276757, 'time_iter': 0.01134, 'accuracy': 0.94014, 'f1': 0.94008, 'auc': 0.99904}
val: {'epoch': 209, 'time_epoch': 0.07295, 'loss': 2.26416742, 'lr': 0, 'params': 276757, 'time_iter': 0.00521, 'accuracy': 0.43095, 'f1': 0.4086, 'auc': 0.92071}
test: {'epoch': 209, 'time_epoch': 0.0683, 'loss': 4.34025491, 'lr': 0, 'params': 276757, 'time_iter': 0.00488, 'accuracy': 0.2619, 'f1': 0.20358, 'auc': 0.86899}
> Epoch 209: took 2.2s (avg 2.1s) | Best so far: epoch 194	train_loss: 0.2078 train_accuracy: 0.9308	val_loss: 2.0874 val_accuracy: 0.4809	test_loss: 4.2879 test_accuracy: 0.2833	F1: 0.2079 Prec: 0.3357 Rec: 0.2833
train: {'epoch': 210, 'time_epoch': 1.95135, 'eta': 72.16783, 'eta_hours': 0.02005, 'loss': 0.17762316, 'lr': 6.185e-05, 'params': 276757, 'time_iter': 0.01115, 'accuracy': 0.94194, 'f1': 0.94193, 'auc': 0.99913}
val: {'epoch': 210, 'time_epoch': 0.07053, 'loss': 2.1040353, 'lr': 0, 'params': 276757, 'time_iter': 0.00504, 'accuracy': 0.45952, 'f1': 0.43577, 'auc': 0.92629}
test: {'epoch': 210, 'time_epoch': 0.07055, 'loss': 4.31817688, 'lr': 0, 'params': 276757, 'time_iter': 0.00504, 'accuracy': 0.27619, 'f1': 0.20832, 'auc': 0.87485}
> Epoch 210: took 2.2s (avg 2.1s) | Best so far: epoch 194	train_loss: 0.2078 train_accuracy: 0.9308	val_loss: 2.0874 val_accuracy: 0.4809	test_loss: 4.2879 test_accuracy: 0.2833	F1: 0.2079 Prec: 0.3357 Rec: 0.2833
train: {'epoch': 211, 'time_epoch': 1.84859, 'eta': 70.31704, 'eta_hours': 0.01953, 'loss': 0.18218046, 'lr': 5.885e-05, 'params': 276757, 'time_iter': 0.01056, 'accuracy': 0.94194, 'f1': 0.94189, 'auc': 0.99905}
val: {'epoch': 211, 'time_epoch': 0.07119, 'loss': 2.07171519, 'lr': 0, 'params': 276757, 'time_iter': 0.00509, 'accuracy': 0.46429, 'f1': 0.43606, 'auc': 0.92891}
test: {'epoch': 211, 'time_epoch': 0.0902, 'loss': 4.40765521, 'lr': 0, 'params': 276757, 'time_iter': 0.00644, 'accuracy': 0.27619, 'f1': 0.21425, 'auc': 0.86993}
> Epoch 211: took 2.1s (avg 2.1s) | Best so far: epoch 194	train_loss: 0.2078 train_accuracy: 0.9308	val_loss: 2.0874 val_accuracy: 0.4809	test_loss: 4.2879 test_accuracy: 0.2833	F1: 0.2079 Prec: 0.3357 Rec: 0.2833
train: {'epoch': 212, 'time_epoch': 1.92813, 'eta': 68.48008, 'eta_hours': 0.01902, 'loss': 0.18008096, 'lr': 5.593e-05, 'params': 276757, 'time_iter': 0.01102, 'accuracy': 0.94409, 'f1': 0.94408, 'auc': 0.99898}
val: {'epoch': 212, 'time_epoch': 0.10655, 'loss': 2.17430242, 'lr': 0, 'params': 276757, 'time_iter': 0.00761, 'accuracy': 0.44762, 'f1': 0.42661, 'auc': 0.92204}
test: {'epoch': 212, 'time_epoch': 0.07967, 'loss': 4.4402618, 'lr': 0, 'params': 276757, 'time_iter': 0.00569, 'accuracy': 0.28095, 'f1': 0.21538, 'auc': 0.87221}
> Epoch 212: took 2.2s (avg 2.1s) | Best so far: epoch 194	train_loss: 0.2078 train_accuracy: 0.9308	val_loss: 2.0874 val_accuracy: 0.4809	test_loss: 4.2879 test_accuracy: 0.2833	F1: 0.2079 Prec: 0.3357 Rec: 0.2833
train: {'epoch': 213, 'time_epoch': 1.82018, 'eta': 66.62412, 'eta_hours': 0.01851, 'loss': 0.18799099, 'lr': 5.308e-05, 'params': 276757, 'time_iter': 0.0104, 'accuracy': 0.9414, 'f1': 0.94134, 'auc': 0.99891}
val: {'epoch': 213, 'time_epoch': 0.10256, 'loss': 2.1420048, 'lr': 0, 'params': 276757, 'time_iter': 0.00733, 'accuracy': 0.4619, 'f1': 0.43274, 'auc': 0.92562}
test: {'epoch': 213, 'time_epoch': 0.08391, 'loss': 4.32129495, 'lr': 0, 'params': 276757, 'time_iter': 0.00599, 'accuracy': 0.27857, 'f1': 0.21816, 'auc': 0.87474}
> Epoch 213: took 2.1s (avg 2.1s) | Best so far: epoch 194	train_loss: 0.2078 train_accuracy: 0.9308	val_loss: 2.0874 val_accuracy: 0.4809	test_loss: 4.2879 test_accuracy: 0.2833	F1: 0.2079 Prec: 0.3357 Rec: 0.2833
train: {'epoch': 214, 'time_epoch': 2.14026, 'eta': 64.82059, 'eta_hours': 0.01801, 'loss': 0.16861408, 'lr': 5.03e-05, 'params': 276757, 'time_iter': 0.01223, 'accuracy': 0.9448, 'f1': 0.94479, 'auc': 0.99924}
val: {'epoch': 214, 'time_epoch': 0.07691, 'loss': 2.11699172, 'lr': 0, 'params': 276757, 'time_iter': 0.00549, 'accuracy': 0.44524, 'f1': 0.42424, 'auc': 0.92885}
test: {'epoch': 214, 'time_epoch': 0.07172, 'loss': 4.34313266, 'lr': 0, 'params': 276757, 'time_iter': 0.00512, 'accuracy': 0.27857, 'f1': 0.20573, 'auc': 0.87796}
> Epoch 214: took 2.4s (avg 2.1s) | Best so far: epoch 194	train_loss: 0.2078 train_accuracy: 0.9308	val_loss: 2.0874 val_accuracy: 0.4809	test_loss: 4.2879 test_accuracy: 0.2833	F1: 0.2079 Prec: 0.3357 Rec: 0.2833
train: {'epoch': 215, 'time_epoch': 1.99357, 'eta': 62.99086, 'eta_hours': 0.0175, 'loss': 0.17372746, 'lr': 4.759e-05, 'params': 276757, 'time_iter': 0.01139, 'accuracy': 0.94444, 'f1': 0.94446, 'auc': 0.99911}
val: {'epoch': 215, 'time_epoch': 0.08882, 'loss': 2.17262734, 'lr': 0, 'params': 276757, 'time_iter': 0.00634, 'accuracy': 0.45476, 'f1': 0.42907, 'auc': 0.92588}
test: {'epoch': 215, 'time_epoch': 0.08011, 'loss': 4.37691901, 'lr': 0, 'params': 276757, 'time_iter': 0.00572, 'accuracy': 0.27857, 'f1': 0.20636, 'auc': 0.87575}
> Epoch 215: took 2.2s (avg 2.1s) | Best so far: epoch 194	train_loss: 0.2078 train_accuracy: 0.9308	val_loss: 2.0874 val_accuracy: 0.4809	test_loss: 4.2879 test_accuracy: 0.2833	F1: 0.2079 Prec: 0.3357 Rec: 0.2833
train: {'epoch': 216, 'time_epoch': 1.94362, 'eta': 61.15201, 'eta_hours': 0.01699, 'loss': 0.16866064, 'lr': 4.495e-05, 'params': 276757, 'time_iter': 0.01111, 'accuracy': 0.94391, 'f1': 0.94391, 'auc': 0.99925}
val: {'epoch': 216, 'time_epoch': 0.10267, 'loss': 2.20539997, 'lr': 0, 'params': 276757, 'time_iter': 0.00733, 'accuracy': 0.44762, 'f1': 0.42772, 'auc': 0.92329}
test: {'epoch': 216, 'time_epoch': 0.07026, 'loss': 4.61540943, 'lr': 0, 'params': 276757, 'time_iter': 0.00502, 'accuracy': 0.2619, 'f1': 0.20154, 'auc': 0.87198}
> Epoch 216: took 2.2s (avg 2.1s) | Best so far: epoch 194	train_loss: 0.2078 train_accuracy: 0.9308	val_loss: 2.0874 val_accuracy: 0.4809	test_loss: 4.2879 test_accuracy: 0.2833	F1: 0.2079 Prec: 0.3357 Rec: 0.2833
train: {'epoch': 217, 'time_epoch': 1.98604, 'eta': 59.31844, 'eta_hours': 0.01648, 'loss': 0.17637147, 'lr': 4.238e-05, 'params': 276757, 'time_iter': 0.01135, 'accuracy': 0.94337, 'f1': 0.94337, 'auc': 0.99905}
val: {'epoch': 217, 'time_epoch': 0.12783, 'loss': 2.12934341, 'lr': 0, 'params': 276757, 'time_iter': 0.00913, 'accuracy': 0.46429, 'f1': 0.44073, 'auc': 0.92429}
test: {'epoch': 217, 'time_epoch': 0.0819, 'loss': 4.47747425, 'lr': 0, 'params': 276757, 'time_iter': 0.00585, 'accuracy': 0.27619, 'f1': 0.2086, 'auc': 0.87165}
> Epoch 217: took 2.3s (avg 2.1s) | Best so far: epoch 194	train_loss: 0.2078 train_accuracy: 0.9308	val_loss: 2.0874 val_accuracy: 0.4809	test_loss: 4.2879 test_accuracy: 0.2833	F1: 0.2079 Prec: 0.3357 Rec: 0.2833
train: {'epoch': 218, 'time_epoch': 1.85571, 'eta': 57.46502, 'eta_hours': 0.01596, 'loss': 0.18135174, 'lr': 3.988e-05, 'params': 276757, 'time_iter': 0.0106, 'accuracy': 0.94283, 'f1': 0.94283, 'auc': 0.99901}
val: {'epoch': 218, 'time_epoch': 0.06716, 'loss': 2.1463438, 'lr': 0, 'params': 276757, 'time_iter': 0.0048, 'accuracy': 0.45476, 'f1': 0.42659, 'auc': 0.92823}
test: {'epoch': 218, 'time_epoch': 0.0651, 'loss': 4.45835058, 'lr': 0, 'params': 276757, 'time_iter': 0.00465, 'accuracy': 0.27857, 'f1': 0.20563, 'auc': 0.87592}
> Epoch 218: took 2.1s (avg 2.1s) | Best so far: epoch 194	train_loss: 0.2078 train_accuracy: 0.9308	val_loss: 2.0874 val_accuracy: 0.4809	test_loss: 4.2879 test_accuracy: 0.2833	F1: 0.2079 Prec: 0.3357 Rec: 0.2833
train: {'epoch': 219, 'time_epoch': 1.92085, 'eta': 55.62047, 'eta_hours': 0.01545, 'loss': 0.17176119, 'lr': 3.746e-05, 'params': 276757, 'time_iter': 0.01098, 'accuracy': 0.94534, 'f1': 0.94527, 'auc': 0.99913}
val: {'epoch': 219, 'time_epoch': 0.06664, 'loss': 2.1252715, 'lr': 0, 'params': 276757, 'time_iter': 0.00476, 'accuracy': 0.44762, 'f1': 0.42485, 'auc': 0.92762}
test: {'epoch': 219, 'time_epoch': 0.07043, 'loss': 4.43947079, 'lr': 0, 'params': 276757, 'time_iter': 0.00503, 'accuracy': 0.28333, 'f1': 0.21389, 'auc': 0.87604}
> Epoch 219: took 2.1s (avg 2.1s) | Best so far: epoch 194	train_loss: 0.2078 train_accuracy: 0.9308	val_loss: 2.0874 val_accuracy: 0.4809	test_loss: 4.2879 test_accuracy: 0.2833	F1: 0.2079 Prec: 0.3357 Rec: 0.2833
train: {'epoch': 220, 'time_epoch': 1.78446, 'eta': 53.75732, 'eta_hours': 0.01493, 'loss': 0.16684982, 'lr': 3.511e-05, 'params': 276757, 'time_iter': 0.0102, 'accuracy': 0.94606, 'f1': 0.94603, 'auc': 0.99925}
val: {'epoch': 220, 'time_epoch': 0.06923, 'loss': 2.06286276, 'lr': 0, 'params': 276757, 'time_iter': 0.00495, 'accuracy': 0.45476, 'f1': 0.43666, 'auc': 0.928}
test: {'epoch': 220, 'time_epoch': 0.0654, 'loss': 4.64037137, 'lr': 0, 'params': 276757, 'time_iter': 0.00467, 'accuracy': 0.28095, 'f1': 0.21594, 'auc': 0.86957}
> Epoch 220: took 2.0s (avg 2.1s) | Best so far: epoch 194	train_loss: 0.2078 train_accuracy: 0.9308	val_loss: 2.0874 val_accuracy: 0.4809	test_loss: 4.2879 test_accuracy: 0.2833	F1: 0.2079 Prec: 0.3357 Rec: 0.2833
train: {'epoch': 221, 'time_epoch': 1.67218, 'eta': 51.88073, 'eta_hours': 0.01441, 'loss': 0.17901584, 'lr': 3.284e-05, 'params': 276757, 'time_iter': 0.00956, 'accuracy': 0.9414, 'f1': 0.94136, 'auc': 0.99909}
val: {'epoch': 221, 'time_epoch': 0.07534, 'loss': 2.07930661, 'lr': 0, 'params': 276757, 'time_iter': 0.00538, 'accuracy': 0.45952, 'f1': 0.44337, 'auc': 0.92779}
test: {'epoch': 221, 'time_epoch': 0.07179, 'loss': 4.24843354, 'lr': 0, 'params': 276757, 'time_iter': 0.00513, 'accuracy': 0.29048, 'f1': 0.22147, 'auc': 0.87653}
> Epoch 221: took 1.9s (avg 2.1s) | Best so far: epoch 194	train_loss: 0.2078 train_accuracy: 0.9308	val_loss: 2.0874 val_accuracy: 0.4809	test_loss: 4.2879 test_accuracy: 0.2833	F1: 0.2079 Prec: 0.3357 Rec: 0.2833
train: {'epoch': 222, 'time_epoch': 1.91103, 'eta': 50.03489, 'eta_hours': 0.0139, 'loss': 0.17463925, 'lr': 3.063e-05, 'params': 276757, 'time_iter': 0.01092, 'accuracy': 0.94498, 'f1': 0.94494, 'auc': 0.99908}
val: {'epoch': 222, 'time_epoch': 0.07943, 'loss': 2.19532565, 'lr': 0, 'params': 276757, 'time_iter': 0.00567, 'accuracy': 0.45476, 'f1': 0.42844, 'auc': 0.92276}
test: {'epoch': 222, 'time_epoch': 0.11329, 'loss': 4.51397862, 'lr': 0, 'params': 276757, 'time_iter': 0.00809, 'accuracy': 0.26667, 'f1': 0.20252, 'auc': 0.87041}
> Epoch 222: took 2.2s (avg 2.1s) | Best so far: epoch 194	train_loss: 0.2078 train_accuracy: 0.9308	val_loss: 2.0874 val_accuracy: 0.4809	test_loss: 4.2879 test_accuracy: 0.2833	F1: 0.2079 Prec: 0.3357 Rec: 0.2833
train: {'epoch': 223, 'time_epoch': 1.64973, 'eta': 48.15813, 'eta_hours': 0.01338, 'loss': 0.16471371, 'lr': 2.85e-05, 'params': 276757, 'time_iter': 0.00943, 'accuracy': 0.94444, 'f1': 0.94442, 'auc': 0.99926}
val: {'epoch': 223, 'time_epoch': 0.08845, 'loss': 2.2411844, 'lr': 0, 'params': 276757, 'time_iter': 0.00632, 'accuracy': 0.44524, 'f1': 0.41894, 'auc': 0.92235}
test: {'epoch': 223, 'time_epoch': 0.10288, 'loss': 4.66297877, 'lr': 0, 'params': 276757, 'time_iter': 0.00735, 'accuracy': 0.26905, 'f1': 0.2013, 'auc': 0.87277}
> Epoch 223: took 1.9s (avg 2.1s) | Best so far: epoch 194	train_loss: 0.2078 train_accuracy: 0.9308	val_loss: 2.0874 val_accuracy: 0.4809	test_loss: 4.2879 test_accuracy: 0.2833	F1: 0.2079 Prec: 0.3357 Rec: 0.2833
train: {'epoch': 224, 'time_epoch': 1.94015, 'eta': 46.31566, 'eta_hours': 0.01287, 'loss': 0.16725254, 'lr': 2.645e-05, 'params': 276757, 'time_iter': 0.01109, 'accuracy': 0.94695, 'f1': 0.94688, 'auc': 0.99922}
val: {'epoch': 224, 'time_epoch': 0.08033, 'loss': 2.14406512, 'lr': 0, 'params': 276757, 'time_iter': 0.00574, 'accuracy': 0.45, 'f1': 0.42879, 'auc': 0.92459}
test: {'epoch': 224, 'time_epoch': 0.07011, 'loss': 4.15235581, 'lr': 0, 'params': 276757, 'time_iter': 0.00501, 'accuracy': 0.28571, 'f1': 0.21858, 'auc': 0.87862}
> Epoch 224: took 2.2s (avg 2.1s) | Best so far: epoch 194	train_loss: 0.2078 train_accuracy: 0.9308	val_loss: 2.0874 val_accuracy: 0.4809	test_loss: 4.2879 test_accuracy: 0.2833	F1: 0.2079 Prec: 0.3357 Rec: 0.2833
train: {'epoch': 225, 'time_epoch': 1.7118, 'eta': 44.44808, 'eta_hours': 0.01235, 'loss': 0.16723391, 'lr': 2.447e-05, 'params': 276757, 'time_iter': 0.00978, 'accuracy': 0.94552, 'f1': 0.94547, 'auc': 0.99919}
val: {'epoch': 225, 'time_epoch': 0.09008, 'loss': 2.1434553, 'lr': 0, 'params': 276757, 'time_iter': 0.00643, 'accuracy': 0.45238, 'f1': 0.42978, 'auc': 0.92603}
test: {'epoch': 225, 'time_epoch': 0.06795, 'loss': 4.42297169, 'lr': 0, 'params': 276757, 'time_iter': 0.00485, 'accuracy': 0.27381, 'f1': 0.20499, 'auc': 0.87756}
> Epoch 225: took 1.9s (avg 2.1s) | Best so far: epoch 194	train_loss: 0.2078 train_accuracy: 0.9308	val_loss: 2.0874 val_accuracy: 0.4809	test_loss: 4.2879 test_accuracy: 0.2833	F1: 0.2079 Prec: 0.3357 Rec: 0.2833
train: {'epoch': 226, 'time_epoch': 1.73902, 'eta': 42.58463, 'eta_hours': 0.01183, 'loss': 0.16576501, 'lr': 2.257e-05, 'params': 276757, 'time_iter': 0.00994, 'accuracy': 0.9491, 'f1': 0.94908, 'auc': 0.99925}
val: {'epoch': 226, 'time_epoch': 0.07815, 'loss': 2.13971762, 'lr': 0, 'params': 276757, 'time_iter': 0.00558, 'accuracy': 0.46667, 'f1': 0.44527, 'auc': 0.92479}
test: {'epoch': 226, 'time_epoch': 0.06439, 'loss': 4.57657634, 'lr': 0, 'params': 276757, 'time_iter': 0.0046, 'accuracy': 0.27857, 'f1': 0.21472, 'auc': 0.87151}
> Epoch 226: took 2.0s (avg 2.1s) | Best so far: epoch 194	train_loss: 0.2078 train_accuracy: 0.9308	val_loss: 2.0874 val_accuracy: 0.4809	test_loss: 4.2879 test_accuracy: 0.2833	F1: 0.2079 Prec: 0.3357 Rec: 0.2833
train: {'epoch': 227, 'time_epoch': 1.73126, 'eta': 40.72152, 'eta_hours': 0.01131, 'loss': 0.15721782, 'lr': 2.074e-05, 'params': 276757, 'time_iter': 0.00989, 'accuracy': 0.94892, 'f1': 0.94894, 'auc': 0.99939}
val: {'epoch': 227, 'time_epoch': 0.07627, 'loss': 2.14169407, 'lr': 0, 'params': 276757, 'time_iter': 0.00545, 'accuracy': 0.46429, 'f1': 0.44668, 'auc': 0.92382}
test: {'epoch': 227, 'time_epoch': 0.10127, 'loss': 4.5688796, 'lr': 0, 'params': 276757, 'time_iter': 0.00723, 'accuracy': 0.28095, 'f1': 0.2183, 'auc': 0.8702}
> Epoch 227: took 2.0s (avg 2.1s) | Best so far: epoch 194	train_loss: 0.2078 train_accuracy: 0.9308	val_loss: 2.0874 val_accuracy: 0.4809	test_loss: 4.2879 test_accuracy: 0.2833	F1: 0.2079 Prec: 0.3357 Rec: 0.2833
train: {'epoch': 228, 'time_epoch': 1.79222, 'eta': 38.86516, 'eta_hours': 0.0108, 'loss': 0.17128877, 'lr': 1.899e-05, 'params': 276757, 'time_iter': 0.01024, 'accuracy': 0.94677, 'f1': 0.94676, 'auc': 0.99916}
val: {'epoch': 228, 'time_epoch': 0.06701, 'loss': 2.17902046, 'lr': 0, 'params': 276757, 'time_iter': 0.00479, 'accuracy': 0.47857, 'f1': 0.45661, 'auc': 0.92381}
test: {'epoch': 228, 'time_epoch': 0.06807, 'loss': 4.61113282, 'lr': 0, 'params': 276757, 'time_iter': 0.00486, 'accuracy': 0.26667, 'f1': 0.20319, 'auc': 0.87189}
> Epoch 228: took 2.0s (avg 2.1s) | Best so far: epoch 194	train_loss: 0.2078 train_accuracy: 0.9308	val_loss: 2.0874 val_accuracy: 0.4809	test_loss: 4.2879 test_accuracy: 0.2833	F1: 0.2079 Prec: 0.3357 Rec: 0.2833
train: {'epoch': 229, 'time_epoch': 1.78991, 'eta': 37.00915, 'eta_hours': 0.01028, 'loss': 0.16145949, 'lr': 1.731e-05, 'params': 276757, 'time_iter': 0.01023, 'accuracy': 0.94749, 'f1': 0.94747, 'auc': 0.99926}
val: {'epoch': 229, 'time_epoch': 0.08091, 'loss': 2.13034479, 'lr': 0, 'params': 276757, 'time_iter': 0.00578, 'accuracy': 0.46429, 'f1': 0.44199, 'auc': 0.92545}
test: {'epoch': 229, 'time_epoch': 0.06795, 'loss': 4.4072236, 'lr': 0, 'params': 276757, 'time_iter': 0.00485, 'accuracy': 0.27857, 'f1': 0.20739, 'auc': 0.87683}
> Epoch 229: took 2.0s (avg 2.1s) | Best so far: epoch 194	train_loss: 0.2078 train_accuracy: 0.9308	val_loss: 2.0874 val_accuracy: 0.4809	test_loss: 4.2879 test_accuracy: 0.2833	F1: 0.2079 Prec: 0.3357 Rec: 0.2833
train: {'epoch': 230, 'time_epoch': 1.79907, 'eta': 35.15446, 'eta_hours': 0.00977, 'loss': 0.17274668, 'lr': 1.571e-05, 'params': 276757, 'time_iter': 0.01028, 'accuracy': 0.94086, 'f1': 0.94082, 'auc': 0.99919}
val: {'epoch': 230, 'time_epoch': 0.08677, 'loss': 2.14613286, 'lr': 0, 'params': 276757, 'time_iter': 0.0062, 'accuracy': 0.4619, 'f1': 0.44514, 'auc': 0.92471}
test: {'epoch': 230, 'time_epoch': 0.09425, 'loss': 4.44932786, 'lr': 0, 'params': 276757, 'time_iter': 0.00673, 'accuracy': 0.28095, 'f1': 0.21474, 'auc': 0.87448}
> Epoch 230: took 2.1s (avg 2.1s) | Best so far: epoch 194	train_loss: 0.2078 train_accuracy: 0.9308	val_loss: 2.0874 val_accuracy: 0.4809	test_loss: 4.2879 test_accuracy: 0.2833	F1: 0.2079 Prec: 0.3357 Rec: 0.2833
train: {'epoch': 231, 'time_epoch': 1.79215, 'eta': 33.29972, 'eta_hours': 0.00925, 'loss': 0.1762181, 'lr': 1.418e-05, 'params': 276757, 'time_iter': 0.01024, 'accuracy': 0.94122, 'f1': 0.9412, 'auc': 0.99914}
val: {'epoch': 231, 'time_epoch': 0.09531, 'loss': 2.14293094, 'lr': 0, 'params': 276757, 'time_iter': 0.00681, 'accuracy': 0.45476, 'f1': 0.42983, 'auc': 0.92601}
test: {'epoch': 231, 'time_epoch': 0.07131, 'loss': 4.54472003, 'lr': 0, 'params': 276757, 'time_iter': 0.00509, 'accuracy': 0.27619, 'f1': 0.20959, 'auc': 0.87239}
> Epoch 231: took 2.1s (avg 2.1s) | Best so far: epoch 194	train_loss: 0.2078 train_accuracy: 0.9308	val_loss: 2.0874 val_accuracy: 0.4809	test_loss: 4.2879 test_accuracy: 0.2833	F1: 0.2079 Prec: 0.3357 Rec: 0.2833
train: {'epoch': 232, 'time_epoch': 1.88732, 'eta': 31.45246, 'eta_hours': 0.00874, 'loss': 0.16882385, 'lr': 1.274e-05, 'params': 276757, 'time_iter': 0.01078, 'accuracy': 0.94624, 'f1': 0.94622, 'auc': 0.9992}
val: {'epoch': 232, 'time_epoch': 0.07707, 'loss': 2.14422351, 'lr': 0, 'params': 276757, 'time_iter': 0.0055, 'accuracy': 0.46429, 'f1': 0.43757, 'auc': 0.9261}
test: {'epoch': 232, 'time_epoch': 0.06498, 'loss': 4.3150908, 'lr': 0, 'params': 276757, 'time_iter': 0.00464, 'accuracy': 0.27381, 'f1': 0.21501, 'auc': 0.87815}
> Epoch 232: took 2.1s (avg 2.1s) | Best so far: epoch 194	train_loss: 0.2078 train_accuracy: 0.9308	val_loss: 2.0874 val_accuracy: 0.4809	test_loss: 4.2879 test_accuracy: 0.2833	F1: 0.2079 Prec: 0.3357 Rec: 0.2833
train: {'epoch': 233, 'time_epoch': 1.86915, 'eta': 29.60361, 'eta_hours': 0.00822, 'loss': 0.14570128, 'lr': 1.137e-05, 'params': 276757, 'time_iter': 0.01068, 'accuracy': 0.95394, 'f1': 0.95394, 'auc': 0.99946}
val: {'epoch': 233, 'time_epoch': 0.09897, 'loss': 2.16822263, 'lr': 0, 'params': 276757, 'time_iter': 0.00707, 'accuracy': 0.44762, 'f1': 0.42571, 'auc': 0.92455}
test: {'epoch': 233, 'time_epoch': 0.09674, 'loss': 4.32777498, 'lr': 0, 'params': 276757, 'time_iter': 0.00691, 'accuracy': 0.28333, 'f1': 0.22021, 'auc': 0.87682}
> Epoch 233: took 2.1s (avg 2.1s) | Best so far: epoch 194	train_loss: 0.2078 train_accuracy: 0.9308	val_loss: 2.0874 val_accuracy: 0.4809	test_loss: 4.2879 test_accuracy: 0.2833	F1: 0.2079 Prec: 0.3357 Rec: 0.2833
train: {'epoch': 234, 'time_epoch': 2.01708, 'eta': 27.76404, 'eta_hours': 0.00771, 'loss': 0.18097748, 'lr': 1.007e-05, 'params': 276757, 'time_iter': 0.01153, 'accuracy': 0.94229, 'f1': 0.94232, 'auc': 0.99907}
val: {'epoch': 234, 'time_epoch': 0.07212, 'loss': 2.19323265, 'lr': 0, 'params': 276757, 'time_iter': 0.00515, 'accuracy': 0.44286, 'f1': 0.42148, 'auc': 0.92482}
test: {'epoch': 234, 'time_epoch': 0.06761, 'loss': 4.25681113, 'lr': 0, 'params': 276757, 'time_iter': 0.00483, 'accuracy': 0.29524, 'f1': 0.22439, 'auc': 0.88024}
> Epoch 234: took 2.2s (avg 2.1s) | Best so far: epoch 194	train_loss: 0.2078 train_accuracy: 0.9308	val_loss: 2.0874 val_accuracy: 0.4809	test_loss: 4.2879 test_accuracy: 0.2833	F1: 0.2079 Prec: 0.3357 Rec: 0.2833
train: {'epoch': 235, 'time_epoch': 2.05916, 'eta': 25.92545, 'eta_hours': 0.0072, 'loss': 0.1555362, 'lr': 8.86e-06, 'params': 276757, 'time_iter': 0.01177, 'accuracy': 0.95323, 'f1': 0.95319, 'auc': 0.99936}
val: {'epoch': 235, 'time_epoch': 0.07574, 'loss': 2.17022492, 'lr': 0, 'params': 276757, 'time_iter': 0.00541, 'accuracy': 0.4619, 'f1': 0.43596, 'auc': 0.92548}
test: {'epoch': 235, 'time_epoch': 0.07111, 'loss': 4.39094738, 'lr': 0, 'params': 276757, 'time_iter': 0.00508, 'accuracy': 0.2881, 'f1': 0.21902, 'auc': 0.87773}
> Epoch 235: took 2.3s (avg 2.1s) | Best so far: epoch 194	train_loss: 0.2078 train_accuracy: 0.9308	val_loss: 2.0874 val_accuracy: 0.4809	test_loss: 4.2879 test_accuracy: 0.2833	F1: 0.2079 Prec: 0.3357 Rec: 0.2833
train: {'epoch': 236, 'time_epoch': 1.93844, 'eta': 24.07839, 'eta_hours': 0.00669, 'loss': 0.15328288, 'lr': 7.72e-06, 'params': 276757, 'time_iter': 0.01108, 'accuracy': 0.95251, 'f1': 0.9525, 'auc': 0.99937}
val: {'epoch': 236, 'time_epoch': 0.0784, 'loss': 2.10788769, 'lr': 0, 'params': 276757, 'time_iter': 0.0056, 'accuracy': 0.46429, 'f1': 0.44071, 'auc': 0.92608}
test: {'epoch': 236, 'time_epoch': 0.07499, 'loss': 4.38518859, 'lr': 0, 'params': 276757, 'time_iter': 0.00536, 'accuracy': 0.28333, 'f1': 0.21936, 'auc': 0.87564}
> Epoch 236: took 2.2s (avg 2.1s) | Best so far: epoch 194	train_loss: 0.2078 train_accuracy: 0.9308	val_loss: 2.0874 val_accuracy: 0.4809	test_loss: 4.2879 test_accuracy: 0.2833	F1: 0.2079 Prec: 0.3357 Rec: 0.2833
train: {'epoch': 237, 'time_epoch': 1.97577, 'eta': 22.23244, 'eta_hours': 0.00618, 'loss': 0.16835485, 'lr': 6.66e-06, 'params': 276757, 'time_iter': 0.01129, 'accuracy': 0.94659, 'f1': 0.94657, 'auc': 0.99922}
val: {'epoch': 237, 'time_epoch': 0.07302, 'loss': 2.15919285, 'lr': 0, 'params': 276757, 'time_iter': 0.00522, 'accuracy': 0.45238, 'f1': 0.42933, 'auc': 0.92461}
test: {'epoch': 237, 'time_epoch': 0.07014, 'loss': 4.48280254, 'lr': 0, 'params': 276757, 'time_iter': 0.00501, 'accuracy': 0.28095, 'f1': 0.21155, 'auc': 0.8731}
> Epoch 237: took 2.2s (avg 2.1s) | Best so far: epoch 194	train_loss: 0.2078 train_accuracy: 0.9308	val_loss: 2.0874 val_accuracy: 0.4809	test_loss: 4.2879 test_accuracy: 0.2833	F1: 0.2079 Prec: 0.3357 Rec: 0.2833
train: {'epoch': 238, 'time_epoch': 1.78149, 'eta': 20.37646, 'eta_hours': 0.00566, 'loss': 0.16095301, 'lr': 5.67e-06, 'params': 276757, 'time_iter': 0.01018, 'accuracy': 0.95108, 'f1': 0.95103, 'auc': 0.99927}
val: {'epoch': 238, 'time_epoch': 0.08567, 'loss': 2.15153859, 'lr': 0, 'params': 276757, 'time_iter': 0.00612, 'accuracy': 0.47857, 'f1': 0.45568, 'auc': 0.92563}
test: {'epoch': 238, 'time_epoch': 0.07906, 'loss': 4.42540456, 'lr': 0, 'params': 276757, 'time_iter': 0.00565, 'accuracy': 0.26667, 'f1': 0.20401, 'auc': 0.87516}
> Epoch 238: took 2.0s (avg 2.1s) | Best so far: epoch 194	train_loss: 0.2078 train_accuracy: 0.9308	val_loss: 2.0874 val_accuracy: 0.4809	test_loss: 4.2879 test_accuracy: 0.2833	F1: 0.2079 Prec: 0.3357 Rec: 0.2833
train: {'epoch': 239, 'time_epoch': 1.75287, 'eta': 18.5199, 'eta_hours': 0.00514, 'loss': 0.16580576, 'lr': 4.77e-06, 'params': 276757, 'time_iter': 0.01002, 'accuracy': 0.94642, 'f1': 0.94641, 'auc': 0.99925}
val: {'epoch': 239, 'time_epoch': 0.07053, 'loss': 2.1884406, 'lr': 0, 'params': 276757, 'time_iter': 0.00504, 'accuracy': 0.43333, 'f1': 0.40597, 'auc': 0.92454}
test: {'epoch': 239, 'time_epoch': 0.06631, 'loss': 4.64896175, 'lr': 0, 'params': 276757, 'time_iter': 0.00474, 'accuracy': 0.27143, 'f1': 0.20014, 'auc': 0.87107}
> Epoch 239: took 2.0s (avg 2.1s) | Best so far: epoch 194	train_loss: 0.2078 train_accuracy: 0.9308	val_loss: 2.0874 val_accuracy: 0.4809	test_loss: 4.2879 test_accuracy: 0.2833	F1: 0.2079 Prec: 0.3357 Rec: 0.2833
train: {'epoch': 240, 'time_epoch': 1.7753, 'eta': 16.66505, 'eta_hours': 0.00463, 'loss': 0.15277332, 'lr': 3.94e-06, 'params': 276757, 'time_iter': 0.01014, 'accuracy': 0.95161, 'f1': 0.95161, 'auc': 0.9994}
val: {'epoch': 240, 'time_epoch': 0.06656, 'loss': 2.15106869, 'lr': 0, 'params': 276757, 'time_iter': 0.00475, 'accuracy': 0.46429, 'f1': 0.43927, 'auc': 0.92507}
test: {'epoch': 240, 'time_epoch': 0.06888, 'loss': 4.43144937, 'lr': 0, 'params': 276757, 'time_iter': 0.00492, 'accuracy': 0.29048, 'f1': 0.22091, 'auc': 0.87463}
> Epoch 240: took 2.0s (avg 2.1s) | Best so far: epoch 194	train_loss: 0.2078 train_accuracy: 0.9308	val_loss: 2.0874 val_accuracy: 0.4809	test_loss: 4.2879 test_accuracy: 0.2833	F1: 0.2079 Prec: 0.3357 Rec: 0.2833
train: {'epoch': 241, 'time_epoch': 1.704, 'eta': 14.8085, 'eta_hours': 0.00411, 'loss': 0.15819953, 'lr': 3.19e-06, 'params': 276757, 'time_iter': 0.00974, 'accuracy': 0.94982, 'f1': 0.94978, 'auc': 0.99928}
val: {'epoch': 241, 'time_epoch': 0.07898, 'loss': 2.1446848, 'lr': 0, 'params': 276757, 'time_iter': 0.00564, 'accuracy': 0.45714, 'f1': 0.43728, 'auc': 0.92568}
test: {'epoch': 241, 'time_epoch': 0.08779, 'loss': 4.50424417, 'lr': 0, 'params': 276757, 'time_iter': 0.00627, 'accuracy': 0.27381, 'f1': 0.20963, 'auc': 0.87345}
> Epoch 241: took 2.0s (avg 2.1s) | Best so far: epoch 194	train_loss: 0.2078 train_accuracy: 0.9308	val_loss: 2.0874 val_accuracy: 0.4809	test_loss: 4.2879 test_accuracy: 0.2833	F1: 0.2079 Prec: 0.3357 Rec: 0.2833
train: {'epoch': 242, 'time_epoch': 1.82573, 'eta': 12.9567, 'eta_hours': 0.0036, 'loss': 0.17373134, 'lr': 2.52e-06, 'params': 276757, 'time_iter': 0.01043, 'accuracy': 0.9457, 'f1': 0.94564, 'auc': 0.99914}
val: {'epoch': 242, 'time_epoch': 0.06801, 'loss': 2.12910699, 'lr': 0, 'params': 276757, 'time_iter': 0.00486, 'accuracy': 0.47381, 'f1': 0.44917, 'auc': 0.9266}
test: {'epoch': 242, 'time_epoch': 0.06497, 'loss': 4.4369278, 'lr': 0, 'params': 276757, 'time_iter': 0.00464, 'accuracy': 0.29048, 'f1': 0.22041, 'auc': 0.87539}
> Epoch 242: took 2.0s (avg 2.1s) | Best so far: epoch 194	train_loss: 0.2078 train_accuracy: 0.9308	val_loss: 2.0874 val_accuracy: 0.4809	test_loss: 4.2879 test_accuracy: 0.2833	F1: 0.2079 Prec: 0.3357 Rec: 0.2833
train: {'epoch': 243, 'time_epoch': 1.78406, 'eta': 11.1041, 'eta_hours': 0.00308, 'loss': 0.16490326, 'lr': 1.93e-06, 'params': 276757, 'time_iter': 0.01019, 'accuracy': 0.94982, 'f1': 0.94983, 'auc': 0.99923}
val: {'epoch': 243, 'time_epoch': 0.06676, 'loss': 2.18242857, 'lr': 0, 'params': 276757, 'time_iter': 0.00477, 'accuracy': 0.45714, 'f1': 0.42938, 'auc': 0.92529}
test: {'epoch': 243, 'time_epoch': 0.09803, 'loss': 4.59745139, 'lr': 0, 'params': 276757, 'time_iter': 0.007, 'accuracy': 0.27381, 'f1': 0.20766, 'auc': 0.87115}
> Epoch 243: took 2.0s (avg 2.1s) | Best so far: epoch 194	train_loss: 0.2078 train_accuracy: 0.9308	val_loss: 2.0874 val_accuracy: 0.4809	test_loss: 4.2879 test_accuracy: 0.2833	F1: 0.2079 Prec: 0.3357 Rec: 0.2833
train: {'epoch': 244, 'time_epoch': 1.97336, 'eta': 9.25592, 'eta_hours': 0.00257, 'loss': 0.162437, 'lr': 1.42e-06, 'params': 276757, 'time_iter': 0.01128, 'accuracy': 0.94803, 'f1': 0.94799, 'auc': 0.99927}
val: {'epoch': 244, 'time_epoch': 0.08093, 'loss': 2.15799818, 'lr': 0, 'params': 276757, 'time_iter': 0.00578, 'accuracy': 0.4619, 'f1': 0.44161, 'auc': 0.92574}
test: {'epoch': 244, 'time_epoch': 0.10786, 'loss': 4.63246042, 'lr': 0, 'params': 276757, 'time_iter': 0.0077, 'accuracy': 0.27857, 'f1': 0.21044, 'auc': 0.8712}
> Epoch 244: took 2.2s (avg 2.1s) | Best so far: epoch 194	train_loss: 0.2078 train_accuracy: 0.9308	val_loss: 2.0874 val_accuracy: 0.4809	test_loss: 4.2879 test_accuracy: 0.2833	F1: 0.2079 Prec: 0.3357 Rec: 0.2833
train: {'epoch': 245, 'time_epoch': 1.75459, 'eta': 7.40317, 'eta_hours': 0.00206, 'loss': 0.17391892, 'lr': 9.9e-07, 'params': 276757, 'time_iter': 0.01003, 'accuracy': 0.94444, 'f1': 0.94441, 'auc': 0.9991}
val: {'epoch': 245, 'time_epoch': 0.08624, 'loss': 2.19399831, 'lr': 0, 'params': 276757, 'time_iter': 0.00616, 'accuracy': 0.45238, 'f1': 0.4264, 'auc': 0.92474}
test: {'epoch': 245, 'time_epoch': 0.08092, 'loss': 4.38302155, 'lr': 0, 'params': 276757, 'time_iter': 0.00578, 'accuracy': 0.28095, 'f1': 0.21671, 'auc': 0.87676}
> Epoch 245: took 2.0s (avg 2.1s) | Best so far: epoch 194	train_loss: 0.2078 train_accuracy: 0.9308	val_loss: 2.0874 val_accuracy: 0.4809	test_loss: 4.2879 test_accuracy: 0.2833	F1: 0.2079 Prec: 0.3357 Rec: 0.2833
train: {'epoch': 246, 'time_epoch': 1.84471, 'eta': 5.5523, 'eta_hours': 0.00154, 'loss': 0.1669083, 'lr': 6.3e-07, 'params': 276757, 'time_iter': 0.01054, 'accuracy': 0.94695, 'f1': 0.94693, 'auc': 0.99924}
val: {'epoch': 246, 'time_epoch': 0.06686, 'loss': 2.18905319, 'lr': 0, 'params': 276757, 'time_iter': 0.00478, 'accuracy': 0.45952, 'f1': 0.43104, 'auc': 0.92494}
test: {'epoch': 246, 'time_epoch': 0.06411, 'loss': 4.51701458, 'lr': 0, 'params': 276757, 'time_iter': 0.00458, 'accuracy': 0.26667, 'f1': 0.19827, 'auc': 0.87193}
> Epoch 246: took 2.1s (avg 2.1s) | Best so far: epoch 194	train_loss: 0.2078 train_accuracy: 0.9308	val_loss: 2.0874 val_accuracy: 0.4809	test_loss: 4.2879 test_accuracy: 0.2833	F1: 0.2079 Prec: 0.3357 Rec: 0.2833
train: {'epoch': 247, 'time_epoch': 1.76822, 'eta': 3.70087, 'eta_hours': 0.00103, 'loss': 0.16097085, 'lr': 3.6e-07, 'params': 276757, 'time_iter': 0.0101, 'accuracy': 0.94659, 'f1': 0.94656, 'auc': 0.99931}
val: {'epoch': 247, 'time_epoch': 0.06925, 'loss': 2.13740278, 'lr': 0, 'params': 276757, 'time_iter': 0.00495, 'accuracy': 0.45952, 'f1': 0.43074, 'auc': 0.92578}
test: {'epoch': 247, 'time_epoch': 0.06491, 'loss': 4.48669127, 'lr': 0, 'params': 276757, 'time_iter': 0.00464, 'accuracy': 0.27381, 'f1': 0.2027, 'auc': 0.8728}
> Epoch 247: took 2.0s (avg 2.1s) | Best so far: epoch 194	train_loss: 0.2078 train_accuracy: 0.9308	val_loss: 2.0874 val_accuracy: 0.4809	test_loss: 4.2879 test_accuracy: 0.2833	F1: 0.2079 Prec: 0.3357 Rec: 0.2833
train: {'epoch': 248, 'time_epoch': 1.85699, 'eta': 1.85046, 'eta_hours': 0.00051, 'loss': 0.16505143, 'lr': 1.6e-07, 'params': 276757, 'time_iter': 0.01061, 'accuracy': 0.94355, 'f1': 0.94345, 'auc': 0.99919}
val: {'epoch': 248, 'time_epoch': 0.09199, 'loss': 2.1878005, 'lr': 0, 'params': 276757, 'time_iter': 0.00657, 'accuracy': 0.45238, 'f1': 0.42512, 'auc': 0.92533}
test: {'epoch': 248, 'time_epoch': 0.09525, 'loss': 4.46652218, 'lr': 0, 'params': 276757, 'time_iter': 0.0068, 'accuracy': 0.28333, 'f1': 0.21121, 'auc': 0.87635}
> Epoch 248: took 2.1s (avg 2.1s) | Best so far: epoch 194	train_loss: 0.2078 train_accuracy: 0.9308	val_loss: 2.0874 val_accuracy: 0.4809	test_loss: 4.2879 test_accuracy: 0.2833	F1: 0.2079 Prec: 0.3357 Rec: 0.2833
train: {'epoch': 249, 'time_epoch': 1.84201, 'eta': 0.0, 'eta_hours': 0.0, 'loss': 0.16568812, 'lr': 4e-08, 'params': 276757, 'time_iter': 0.01053, 'accuracy': 0.94821, 'f1': 0.94818, 'auc': 0.99921}
val: {'epoch': 249, 'time_epoch': 0.08253, 'loss': 2.12705543, 'lr': 0, 'params': 276757, 'time_iter': 0.0059, 'accuracy': 0.46905, 'f1': 0.4419, 'auc': 0.9272}
test: {'epoch': 249, 'time_epoch': 0.08334, 'loss': 4.58564028, 'lr': 0, 'params': 276757, 'time_iter': 0.00595, 'accuracy': 0.27857, 'f1': 0.21195, 'auc': 0.87225}
> Epoch 249: took 2.1s (avg 2.1s) | Best so far: epoch 194	train_loss: 0.2078 train_accuracy: 0.9308	val_loss: 2.0874 val_accuracy: 0.4809	test_loss: 4.2879 test_accuracy: 0.2833	F1: 0.2079 Prec: 0.3357 Rec: 0.2833
Avg time per epoch: 2.09s
Total train loop time: 0.15h
Task done, results saved in results_lopo_none/FQ_3m
[*] All done: 2026-04-01 13:27:04.467381
