[*] Run ID 0: seed=0, split_index=0
    Starting now: 2026-04-01 14:38:23.463574
[*] Loaded dataset 'rfid' from 'RFID':
  Data(x=[51360, 60], edge_index=[2, 51360], y=[6420], y_user=[6420], subject=[6420])
  undirected: True
  num graphs: 6420
  avg num_nodes/graph: 8
  num node features: 60
  num edge features: 0
  num classes: 21
[*] LOPO Split: Test Subj=NI 3m, Val Subj=NS 3m
    Train: 5580 | Val: 420 | Test: 420
GraphGymModule(
  (model): CustomGNN(
    (encoder): FeatureEncoder()
    (pre_mp): GeneralMultiLayer(
      (Layer_0): GeneralLayer(
        (layer): Linear(
          (model): Linear(60, 128, bias=False)
        )
        (post_layer): Sequential(
          (0): BatchNorm1d(128, eps=1e-05, momentum=0.1, affine=True, track_running_stats=True)
          (1): Dropout(p=0.2, inplace=False)
          (2): ReLU()
        )
      )
    )
    (gnn_layers): Sequential(
      (0): GCNConvLayer(
        (bn_node_x): BatchNorm1d(128, eps=1e-05, momentum=0.1, affine=True, track_running_stats=True)
        (act): Sequential(
          (0): ReLU()
          (1): Dropout(p=0.2, inplace=False)
        )
        (model): GCNConv(128, 128)
        (norm1_local): BatchNorm1d(128, eps=1e-05, momentum=0.1, affine=True, track_running_stats=True)
        (ff_linear1): Linear(in_features=128, out_features=256, bias=True)
        (ff_linear2): Linear(in_features=256, out_features=128, bias=True)
        (act_fn_ff): ReLU()
        (norm2): BatchNorm1d(128, eps=1e-05, momentum=0.1, affine=True, track_running_stats=True)
        (ff_dropout1): Dropout(p=0.2, inplace=False)
        (ff_dropout2): Dropout(p=0.2, inplace=False)
      )
      (1): GCNConvLayer(
        (bn_node_x): BatchNorm1d(128, eps=1e-05, momentum=0.1, affine=True, track_running_stats=True)
        (act): Sequential(
          (0): ReLU()
          (1): Dropout(p=0.2, inplace=False)
        )
        (model): GCNConv(128, 128)
        (norm1_local): BatchNorm1d(128, eps=1e-05, momentum=0.1, affine=True, track_running_stats=True)
        (ff_linear1): Linear(in_features=128, out_features=256, bias=True)
        (ff_linear2): Linear(in_features=256, out_features=128, bias=True)
        (act_fn_ff): ReLU()
        (norm2): BatchNorm1d(128, eps=1e-05, momentum=0.1, affine=True, track_running_stats=True)
        (ff_dropout1): Dropout(p=0.2, inplace=False)
        (ff_dropout2): Dropout(p=0.2, inplace=False)
      )
      (2): GCNConvLayer(
        (bn_node_x): BatchNorm1d(128, eps=1e-05, momentum=0.1, affine=True, track_running_stats=True)
        (act): Sequential(
          (0): ReLU()
          (1): Dropout(p=0.2, inplace=False)
        )
        (model): GCNConv(128, 128)
        (norm1_local): BatchNorm1d(128, eps=1e-05, momentum=0.1, affine=True, track_running_stats=True)
        (ff_linear1): Linear(in_features=128, out_features=256, bias=True)
        (ff_linear2): Linear(in_features=256, out_features=128, bias=True)
        (act_fn_ff): ReLU()
        (norm2): BatchNorm1d(128, eps=1e-05, momentum=0.1, affine=True, track_running_stats=True)
        (ff_dropout1): Dropout(p=0.2, inplace=False)
        (ff_dropout2): Dropout(p=0.2, inplace=False)
      )
    )
    (post_mp): MLPGraphHead(
      (mlp): Sequential(
        (0): Dropout(p=0.2, inplace=False)
        (1): Linear(in_features=128, out_features=128, bias=True)
        (2): ReLU()
        (3): Dropout(p=0.2, inplace=False)
        (4): Linear(in_features=128, out_features=21, bias=True)
      )
    )
  )
)
accelerator: cuda
adv:
  lambda_u: 0.1
  num_users: 16
  use: False
benchmark: False
bn:
  eps: 1e-05
  mom: 0.1
cfg_dest: config.yaml
custom_metrics: []
dataset:
  cache_load: False
  cache_save: False
  dir: C:\Users\PC\Desktop\AdversarialLearningProject 1\ICML\Adversarial_Learning\Daniel\RFIDDataSet\DataSetLOPO
  edge_dim: 128
  edge_encoder: False
  edge_encoder_bn: True
  edge_encoder_name: Bond
  edge_encoder_num_types: 0
  edge_message_ratio: 0.8
  edge_negative_sampling_ratio: 1.0
  edge_train_mode: all
  encoder: True
  encoder_bn: True
  encoder_dim: 128
  encoder_name: db
  format: RFID
  infer_link_label: None
  label_column: none
  label_table: none
  location: local
  name: rfid
  node_encoder: False
  node_encoder_bn: True
  node_encoder_name: Atom
  node_encoder_num_types: 0
  remove_feature: False
  resample_disjoint: False
  resample_negative: False
  shuffle_split: True
  slic_compactness: 10
  split: [0.8, 0.1, 0.1]
  split_dir: ./splits
  split_index: 0
  split_mode: lopo-subject
  task: graph
  task_type: classification
  test_subj: NI 3m
  to_undirected: False
  transductive: False
  transform: none
  tu_simple: True
  val_subj: NS 3m
devices: 1
example_arg: example
example_group:
  example_arg: example
gnn:
  act: relu
  agg: add
  att_final_linear: False
  att_final_linear_bn: False
  att_heads: 1
  batchnorm: True
  clear_feature: True
  dim_inner: 128
  dropout: 0.2
  ffn: True
  head: mlp_graph
  keep_edge: 0.5
  l2norm: True
  layer_type: gcn
  layers_mp: 3
  layers_post_mp: 2
  layers_pre_mp: 1
  msg_direction: single
  normalize_adj: False
  residual: False
  self_msg: concat
  skip_every: 1
  stage_type: stack
gpu_mem: False
mem:
  inplace: False
metric_agg: argmax
metric_best: accuracy
model:
  edge_decoding: dot
  graph_pooling: mean
  loss_fun: cross_entropy
  match_upper: True
  size_average: mean
  thresh: 0.5
  type: custom_gnn
name_tag: 
num_threads: 6
num_workers: 0
optim:
  base_lr: 0.001
  batch_accumulation: 1
  clip_grad_norm: False
  clip_grad_norm_value: 1.0
  lr_decay: 0.1
  max_epoch: 250
  min_lr: 0.0
  momentum: 0.9
  num_warmup_epochs: 50
  optimizer: adam
  reduce_factor: 0.1
  schedule_patience: 10
  scheduler: cos
  steps: [30, 60, 90]
  weight_decay: 0.0005
out_dir: results_lopo_none/NI_3m
posenc_RWSE:
  dim_pe: 16
  enable: False
  kernel:
    times: []
    times_func: 
  layers: 3
  model: none
  n_heads: 4
  pass_as_var: False
  post_layers: 0
  raw_norm_type: none
pretrained:
  dir: 
  freeze_main: False
  reset_prediction_head: True
print: both
round: 5
run_dir: results_lopo_none/NI_3m
run_id: 0
run_multiple_splits: []
seed: 0
share:
  dim_in: 60
  dim_out: 21
  num_splits: 3
tensorboard_agg: True
tensorboard_each_run: False
train:
  auto_resume: False
  batch_size: 32
  ckpt_best: False
  ckpt_clean: True
  ckpt_period: 100
  enable_ckpt: True
  epoch_resume: -1
  eval_period: 1
  eval_smoothing_metrics: False
  iter_per_epoch: 32
  mode: custom
  neighbor_sizes: [20, 15, 10, 5]
  node_per_graph: 32
  radius: extend
  sample_node: False
  sampler: full_batch
  skip_train_eval: False
  walk_length: 4
val:
  node_per_graph: 32
  radius: extend
  sample_node: False
  sampler: full_batch
view_emb: False
wandb:
  entity: gnn
  name: 
  project: rfid_lopo
  use: False
Num parameters: 276757
Start from epoch 0
train: {'epoch': 0, 'time_epoch': 2.60648, 'eta': 649.0126, 'eta_hours': 0.18028, 'loss': 2.6579753, 'lr': 0.001, 'params': 276757, 'time_iter': 0.01489, 'accuracy': 0.17384, 'f1': 0.15745, 'auc': 0.75009}
...computing epoch stats took: 0.08s
val: {'epoch': 0, 'time_epoch': 0.0934, 'loss': 4.27110169, 'lr': 0, 'params': 276757, 'time_iter': 0.00667, 'accuracy': 0.06905, 'f1': 0.03277, 'auc': 0.66593}
...computing epoch stats took: 0.03s
test: {'epoch': 0, 'time_epoch': 0.09687, 'loss': 5.38588593, 'lr': 0, 'params': 276757, 'time_iter': 0.00692, 'accuracy': 0.05238, 'f1': 0.01266, 'auc': 0.60643}
...computing epoch stats took: 0.02s
[*] Confusion Matrix saved to: results_lopo_none/NI_3m\Conf\confusion_matrix_epoch_0.png
> Epoch 0: took 2.9s (avg 2.9s) | Best so far: epoch 0	train_loss: 2.6580 train_accuracy: 0.1738	val_loss: 4.2711 val_accuracy: 0.0691	test_loss: 5.3859 test_accuracy: 0.0524	F1: 0.0127 Prec: 0.0340 Rec: 0.0524
train: {'epoch': 1, 'time_epoch': 1.83547, 'eta': 550.80095, 'eta_hours': 0.153, 'loss': 2.16866942, 'lr': 0.00099996, 'params': 276757, 'time_iter': 0.01049, 'accuracy': 0.28961, 'f1': 0.27432, 'auc': 0.85695}
...computing epoch stats took: 0.02s
val: {'epoch': 1, 'time_epoch': 0.07263, 'loss': 4.0614244, 'lr': 0, 'params': 276757, 'time_iter': 0.00519, 'accuracy': 0.07619, 'f1': 0.02795, 'auc': 0.74564}
...computing epoch stats took: 0.02s
test: {'epoch': 1, 'time_epoch': 0.07059, 'loss': 5.71810907, 'lr': 0, 'params': 276757, 'time_iter': 0.00504, 'accuracy': 0.0381, 'f1': 0.0082, 'auc': 0.60333}
...computing epoch stats took: 0.02s
[*] Confusion Matrix saved to: results_lopo_none/NI_3m\Conf\confusion_matrix_epoch_1.png
> Epoch 1: took 2.1s (avg 2.5s) | Best so far: epoch 1	train_loss: 2.1687 train_accuracy: 0.2896	val_loss: 4.0614 val_accuracy: 0.0762	test_loss: 5.7181 test_accuracy: 0.0381	F1: 0.0082 Prec: 0.0047 Rec: 0.0381
train: {'epoch': 2, 'time_epoch': 1.98807, 'eta': 529.4045, 'eta_hours': 0.14706, 'loss': 1.99382484, 'lr': 0.00099984, 'params': 276757, 'time_iter': 0.01136, 'accuracy': 0.34211, 'f1': 0.33158, 'auc': 0.88308}
...computing epoch stats took: 0.03s
val: {'epoch': 2, 'time_epoch': 0.07066, 'loss': 5.5712851, 'lr': 0, 'params': 276757, 'time_iter': 0.00505, 'accuracy': 0.09048, 'f1': 0.05138, 'auc': 0.6799}
...computing epoch stats took: 0.02s
test: {'epoch': 2, 'time_epoch': 0.0771, 'loss': 7.8700565, 'lr': 0, 'params': 276757, 'time_iter': 0.00551, 'accuracy': 0.05, 'f1': 0.00929, 'auc': 0.66574}
...computing epoch stats took: 0.02s
[*] Confusion Matrix saved to: results_lopo_none/NI_3m\Conf\confusion_matrix_epoch_2.png
> Epoch 2: took 2.2s (avg 2.4s) | Best so far: epoch 2	train_loss: 1.9938 train_accuracy: 0.3421	val_loss: 5.5713 val_accuracy: 0.0905	test_loss: 7.8701 test_accuracy: 0.0500	F1: 0.0093 Prec: 0.0501 Rec: 0.0500
train: {'epoch': 3, 'time_epoch': 1.95652, 'eta': 515.7719, 'eta_hours': 0.14327, 'loss': 1.86444523, 'lr': 0.00099964, 'params': 276757, 'time_iter': 0.01118, 'accuracy': 0.3724, 'f1': 0.36454, 'auc': 0.90056}
val: {'epoch': 3, 'time_epoch': 0.07058, 'loss': 5.59035266, 'lr': 0, 'params': 276757, 'time_iter': 0.00504, 'accuracy': 0.10952, 'f1': 0.05658, 'auc': 0.72869}
test: {'epoch': 3, 'time_epoch': 0.08554, 'loss': 8.78251316, 'lr': 0, 'params': 276757, 'time_iter': 0.00611, 'accuracy': 0.0381, 'f1': 0.00397, 'auc': 0.63001}
[*] Confusion Matrix saved to: results_lopo_none/NI_3m\Conf\confusion_matrix_epoch_3.png
> Epoch 3: took 2.2s (avg 2.3s) | Best so far: epoch 3	train_loss: 1.8644 train_accuracy: 0.3724	val_loss: 5.5904 val_accuracy: 0.1095	test_loss: 8.7825 test_accuracy: 0.0381	F1: 0.0040 Prec: 0.0021 Rec: 0.0381
train: {'epoch': 4, 'time_epoch': 1.78042, 'eta': 498.18078, 'eta_hours': 0.13838, 'loss': 1.77969701, 'lr': 0.00099937, 'params': 276757, 'time_iter': 0.01017, 'accuracy': 0.40609, 'f1': 0.39885, 'auc': 0.9098}
val: {'epoch': 4, 'time_epoch': 0.06518, 'loss': 6.38648569, 'lr': 0, 'params': 276757, 'time_iter': 0.00466, 'accuracy': 0.06905, 'f1': 0.03454, 'auc': 0.74833}
test: {'epoch': 4, 'time_epoch': 0.06699, 'loss': 10.11270306, 'lr': 0, 'params': 276757, 'time_iter': 0.00479, 'accuracy': 0.04762, 'f1': 0.00433, 'auc': 0.62455}
> Epoch 4: took 2.0s (avg 2.3s) | Best so far: epoch 3	train_loss: 1.8644 train_accuracy: 0.3724	val_loss: 5.5904 val_accuracy: 0.1095	test_loss: 8.7825 test_accuracy: 0.0381	F1: 0.0040 Prec: 0.0021 Rec: 0.0381
train: {'epoch': 5, 'time_epoch': 1.57234, 'eta': 477.39802, 'eta_hours': 0.13261, 'loss': 1.70312021, 'lr': 0.00099901, 'params': 276757, 'time_iter': 0.00898, 'accuracy': 0.42921, 'f1': 0.42134, 'auc': 0.91797}
val: {'epoch': 5, 'time_epoch': 0.07577, 'loss': 3.4601969, 'lr': 0, 'params': 276757, 'time_iter': 0.00541, 'accuracy': 0.14048, 'f1': 0.08514, 'auc': 0.80803}
test: {'epoch': 5, 'time_epoch': 0.07349, 'loss': 4.45678527, 'lr': 0, 'params': 276757, 'time_iter': 0.00525, 'accuracy': 0.05476, 'f1': 0.01907, 'auc': 0.77095}
[*] Confusion Matrix saved to: results_lopo_none/NI_3m\Conf\confusion_matrix_epoch_5.png
> Epoch 5: took 1.8s (avg 2.2s) | Best so far: epoch 5	train_loss: 1.7031 train_accuracy: 0.4292	val_loss: 3.4602 val_accuracy: 0.1405	test_loss: 4.4568 test_accuracy: 0.0548	F1: 0.0191 Prec: 0.0132 Rec: 0.0548
train: {'epoch': 6, 'time_epoch': 1.76139, 'eta': 468.66679, 'eta_hours': 0.13019, 'loss': 1.65723043, 'lr': 0.00099858, 'params': 276757, 'time_iter': 0.01007, 'accuracy': 0.4457, 'f1': 0.44027, 'auc': 0.92306}
val: {'epoch': 6, 'time_epoch': 0.0676, 'loss': 7.86062354, 'lr': 0, 'params': 276757, 'time_iter': 0.00483, 'accuracy': 0.04762, 'f1': 0.00512, 'auc': 0.65593}
test: {'epoch': 6, 'time_epoch': 0.06635, 'loss': 11.1328332, 'lr': 0, 'params': 276757, 'time_iter': 0.00474, 'accuracy': 0.04762, 'f1': 0.00433, 'auc': 0.63284}
> Epoch 6: took 2.0s (avg 2.2s) | Best so far: epoch 5	train_loss: 1.7031 train_accuracy: 0.4292	val_loss: 3.4602 val_accuracy: 0.1405	test_loss: 4.4568 test_accuracy: 0.0548	F1: 0.0191 Prec: 0.0132 Rec: 0.0548
train: {'epoch': 7, 'time_epoch': 1.9512, 'eta': 467.41964, 'eta_hours': 0.12984, 'loss': 1.62894166, 'lr': 0.00099807, 'params': 276757, 'time_iter': 0.01115, 'accuracy': 0.44875, 'f1': 0.44374, 'auc': 0.92615}
val: {'epoch': 7, 'time_epoch': 0.07805, 'loss': 5.5216565, 'lr': 0, 'params': 276757, 'time_iter': 0.00557, 'accuracy': 0.1, 'f1': 0.0589, 'auc': 0.71558}
test: {'epoch': 7, 'time_epoch': 0.07123, 'loss': 7.44146368, 'lr': 0, 'params': 276757, 'time_iter': 0.00509, 'accuracy': 0.07619, 'f1': 0.03278, 'auc': 0.69871}
> Epoch 7: took 2.2s (avg 2.2s) | Best so far: epoch 5	train_loss: 1.7031 train_accuracy: 0.4292	val_loss: 3.4602 val_accuracy: 0.1405	test_loss: 4.4568 test_accuracy: 0.0548	F1: 0.0191 Prec: 0.0132 Rec: 0.0548
train: {'epoch': 8, 'time_epoch': 1.76257, 'eta': 460.96503, 'eta_hours': 0.12805, 'loss': 1.56381673, 'lr': 0.00099748, 'params': 276757, 'time_iter': 0.01007, 'accuracy': 0.48566, 'f1': 0.47944, 'auc': 0.93174}
val: {'epoch': 8, 'time_epoch': 0.08158, 'loss': 3.42616277, 'lr': 0, 'params': 276757, 'time_iter': 0.00583, 'accuracy': 0.19762, 'f1': 0.11676, 'auc': 0.82537}
test: {'epoch': 8, 'time_epoch': 0.07033, 'loss': 5.19494314, 'lr': 0, 'params': 276757, 'time_iter': 0.00502, 'accuracy': 0.12857, 'f1': 0.03735, 'auc': 0.77992}
[*] Confusion Matrix saved to: results_lopo_none/NI_3m\Conf\confusion_matrix_epoch_8.png
> Epoch 8: took 2.0s (avg 2.2s) | Best so far: epoch 8	train_loss: 1.5638 train_accuracy: 0.4857	val_loss: 3.4262 val_accuracy: 0.1976	test_loss: 5.1949 test_accuracy: 0.1286	F1: 0.0373 Prec: 0.0224 Rec: 0.1286
train: {'epoch': 9, 'time_epoch': 1.90632, 'eta': 458.89866, 'eta_hours': 0.12747, 'loss': 1.51322992, 'lr': 0.00099681, 'params': 276757, 'time_iter': 0.01089, 'accuracy': 0.48781, 'f1': 0.48258, 'auc': 0.93695}
val: {'epoch': 9, 'time_epoch': 0.08176, 'loss': 4.12360311, 'lr': 0, 'params': 276757, 'time_iter': 0.00584, 'accuracy': 0.24286, 'f1': 0.16653, 'auc': 0.85219}
test: {'epoch': 9, 'time_epoch': 0.07058, 'loss': 6.37244663, 'lr': 0, 'params': 276757, 'time_iter': 0.00504, 'accuracy': 0.08095, 'f1': 0.01914, 'auc': 0.73865}
[*] Confusion Matrix saved to: results_lopo_none/NI_3m\Conf\confusion_matrix_epoch_9.png
> Epoch 9: took 2.1s (avg 2.2s) | Best so far: epoch 9	train_loss: 1.5132 train_accuracy: 0.4878	val_loss: 4.1236 val_accuracy: 0.2429	test_loss: 6.3724 test_accuracy: 0.0809	F1: 0.0191 Prec: 0.0111 Rec: 0.0810
train: {'epoch': 10, 'time_epoch': 1.8145, 'eta': 454.86648, 'eta_hours': 0.12635, 'loss': 1.47558341, 'lr': 0.00099606, 'params': 276757, 'time_iter': 0.01037, 'accuracy': 0.50054, 'f1': 0.4962, 'auc': 0.93973}
val: {'epoch': 10, 'time_epoch': 0.06773, 'loss': 6.29897863, 'lr': 0, 'params': 276757, 'time_iter': 0.00484, 'accuracy': 0.12143, 'f1': 0.05706, 'auc': 0.7139}
test: {'epoch': 10, 'time_epoch': 0.07855, 'loss': 9.47484313, 'lr': 0, 'params': 276757, 'time_iter': 0.00561, 'accuracy': 0.05, 'f1': 0.00926, 'auc': 0.60878}
> Epoch 10: took 2.1s (avg 2.1s) | Best so far: epoch 9	train_loss: 1.5132 train_accuracy: 0.4878	val_loss: 4.1236 val_accuracy: 0.2429	test_loss: 6.3724 test_accuracy: 0.0809	F1: 0.0191 Prec: 0.0111 Rec: 0.0810
train: {'epoch': 11, 'time_epoch': 1.79775, 'eta': 450.87168, 'eta_hours': 0.12524, 'loss': 1.41381878, 'lr': 0.00099523, 'params': 276757, 'time_iter': 0.01027, 'accuracy': 0.5267, 'f1': 0.52417, 'auc': 0.94519}
val: {'epoch': 11, 'time_epoch': 0.0767, 'loss': 3.39938593, 'lr': 0, 'params': 276757, 'time_iter': 0.00548, 'accuracy': 0.26429, 'f1': 0.16417, 'auc': 0.83947}
test: {'epoch': 11, 'time_epoch': 0.08427, 'loss': 4.60458406, 'lr': 0, 'params': 276757, 'time_iter': 0.00602, 'accuracy': 0.12143, 'f1': 0.06216, 'auc': 0.74756}
[*] Confusion Matrix saved to: results_lopo_none/NI_3m\Conf\confusion_matrix_epoch_11.png
> Epoch 11: took 2.0s (avg 2.1s) | Best so far: epoch 11	train_loss: 1.4138 train_accuracy: 0.5267	val_loss: 3.3994 val_accuracy: 0.2643	test_loss: 4.6046 test_accuracy: 0.1214	F1: 0.0622 Prec: 0.1063 Rec: 0.1214
train: {'epoch': 12, 'time_epoch': 1.60885, 'eta': 443.77117, 'eta_hours': 0.12327, 'loss': 1.38533116, 'lr': 0.00099433, 'params': 276757, 'time_iter': 0.00919, 'accuracy': 0.53548, 'f1': 0.53312, 'auc': 0.94734}
val: {'epoch': 12, 'time_epoch': 0.05838, 'loss': 7.66318012, 'lr': 0, 'params': 276757, 'time_iter': 0.00417, 'accuracy': 0.05714, 'f1': 0.02094, 'auc': 0.70352}
test: {'epoch': 12, 'time_epoch': 0.06949, 'loss': 11.13821394, 'lr': 0, 'params': 276757, 'time_iter': 0.00496, 'accuracy': 0.05238, 'f1': 0.0127, 'auc': 0.68552}
> Epoch 12: took 1.9s (avg 2.1s) | Best so far: epoch 11	train_loss: 1.4138 train_accuracy: 0.5267	val_loss: 3.3994 val_accuracy: 0.2643	test_loss: 4.6046 test_accuracy: 0.1214	F1: 0.0622 Prec: 0.1063 Rec: 0.1214
train: {'epoch': 13, 'time_epoch': 1.74692, 'eta': 439.78254, 'eta_hours': 0.12216, 'loss': 1.34496789, 'lr': 0.00099334, 'params': 276757, 'time_iter': 0.00998, 'accuracy': 0.54857, 'f1': 0.54632, 'auc': 0.9507}
val: {'epoch': 13, 'time_epoch': 0.07118, 'loss': 5.98404381, 'lr': 0, 'params': 276757, 'time_iter': 0.00508, 'accuracy': 0.11667, 'f1': 0.03614, 'auc': 0.77069}
test: {'epoch': 13, 'time_epoch': 0.07155, 'loss': 8.96236487, 'lr': 0, 'params': 276757, 'time_iter': 0.00511, 'accuracy': 0.05714, 'f1': 0.01029, 'auc': 0.64292}
> Epoch 13: took 2.0s (avg 2.1s) | Best so far: epoch 11	train_loss: 1.4138 train_accuracy: 0.5267	val_loss: 3.3994 val_accuracy: 0.2643	test_loss: 4.6046 test_accuracy: 0.1214	F1: 0.0622 Prec: 0.1063 Rec: 0.1214
train: {'epoch': 14, 'time_epoch': 1.79825, 'eta': 436.89712, 'eta_hours': 0.12136, 'loss': 1.32681226, 'lr': 0.00099228, 'params': 276757, 'time_iter': 0.01028, 'accuracy': 0.55287, 'f1': 0.55066, 'auc': 0.95223}
val: {'epoch': 14, 'time_epoch': 0.09329, 'loss': 6.59869338, 'lr': 0, 'params': 276757, 'time_iter': 0.00666, 'accuracy': 0.08333, 'f1': 0.01699, 'auc': 0.73584}
test: {'epoch': 14, 'time_epoch': 0.08003, 'loss': 8.95600511, 'lr': 0, 'params': 276757, 'time_iter': 0.00572, 'accuracy': 0.05238, 'f1': 0.00906, 'auc': 0.68861}
> Epoch 14: took 2.0s (avg 2.1s) | Best so far: epoch 11	train_loss: 1.4138 train_accuracy: 0.5267	val_loss: 3.3994 val_accuracy: 0.2643	test_loss: 4.6046 test_accuracy: 0.1214	F1: 0.0622 Prec: 0.1063 Rec: 0.1214
train: {'epoch': 15, 'time_epoch': 1.88421, 'eta': 435.40466, 'eta_hours': 0.12095, 'loss': 1.23829669, 'lr': 0.00099114, 'params': 276757, 'time_iter': 0.01077, 'accuracy': 0.57312, 'f1': 0.57132, 'auc': 0.95868}
val: {'epoch': 15, 'time_epoch': 0.07658, 'loss': 6.40540825, 'lr': 0, 'params': 276757, 'time_iter': 0.00547, 'accuracy': 0.04762, 'f1': 0.00486, 'auc': 0.72406}
test: {'epoch': 15, 'time_epoch': 0.07956, 'loss': 9.68069529, 'lr': 0, 'params': 276757, 'time_iter': 0.00568, 'accuracy': 0.07143, 'f1': 0.03025, 'auc': 0.68716}
> Epoch 15: took 2.1s (avg 2.1s) | Best so far: epoch 11	train_loss: 1.4138 train_accuracy: 0.5267	val_loss: 3.3994 val_accuracy: 0.2643	test_loss: 4.6046 test_accuracy: 0.1214	F1: 0.0622 Prec: 0.1063 Rec: 0.1214
train: {'epoch': 16, 'time_epoch': 2.0432, 'eta': 436.04516, 'eta_hours': 0.12112, 'loss': 1.24595854, 'lr': 0.00098993, 'params': 276757, 'time_iter': 0.01168, 'accuracy': 0.58423, 'f1': 0.58236, 'auc': 0.95781}
val: {'epoch': 16, 'time_epoch': 0.11878, 'loss': 5.89949834, 'lr': 0, 'params': 276757, 'time_iter': 0.00848, 'accuracy': 0.2, 'f1': 0.10672, 'auc': 0.78796}
test: {'epoch': 16, 'time_epoch': 0.10186, 'loss': 9.77219025, 'lr': 0, 'params': 276757, 'time_iter': 0.00728, 'accuracy': 0.12143, 'f1': 0.03834, 'auc': 0.75266}
> Epoch 16: took 2.3s (avg 2.1s) | Best so far: epoch 11	train_loss: 1.4138 train_accuracy: 0.5267	val_loss: 3.3994 val_accuracy: 0.2643	test_loss: 4.6046 test_accuracy: 0.1214	F1: 0.0622 Prec: 0.1063 Rec: 0.1214
train: {'epoch': 17, 'time_epoch': 1.66965, 'eta': 431.57288, 'eta_hours': 0.11988, 'loss': 1.2062062, 'lr': 0.00098863, 'params': 276757, 'time_iter': 0.00954, 'accuracy': 0.5991, 'f1': 0.59715, 'auc': 0.96036}
val: {'epoch': 17, 'time_epoch': 0.07009, 'loss': 5.74027746, 'lr': 0, 'params': 276757, 'time_iter': 0.00501, 'accuracy': 0.13333, 'f1': 0.08395, 'auc': 0.76607}
test: {'epoch': 17, 'time_epoch': 0.07037, 'loss': 9.28900973, 'lr': 0, 'params': 276757, 'time_iter': 0.00503, 'accuracy': 0.08333, 'f1': 0.02814, 'auc': 0.68826}
> Epoch 17: took 1.9s (avg 2.1s) | Best so far: epoch 11	train_loss: 1.4138 train_accuracy: 0.5267	val_loss: 3.3994 val_accuracy: 0.2643	test_loss: 4.6046 test_accuracy: 0.1214	F1: 0.0622 Prec: 0.1063 Rec: 0.1214
train: {'epoch': 18, 'time_epoch': 2.33803, 'eta': 435.52167, 'eta_hours': 0.12098, 'loss': 1.17951345, 'lr': 0.00098726, 'params': 276757, 'time_iter': 0.01336, 'accuracy': 0.6052, 'f1': 0.60349, 'auc': 0.96255}
val: {'epoch': 18, 'time_epoch': 0.12195, 'loss': 6.62593332, 'lr': 0, 'params': 276757, 'time_iter': 0.00871, 'accuracy': 0.08333, 'f1': 0.04308, 'auc': 0.70168}
test: {'epoch': 18, 'time_epoch': 0.08746, 'loss': 9.69231823, 'lr': 0, 'params': 276757, 'time_iter': 0.00625, 'accuracy': 0.09524, 'f1': 0.01954, 'auc': 0.68355}
> Epoch 18: took 2.6s (avg 2.1s) | Best so far: epoch 11	train_loss: 1.4138 train_accuracy: 0.5267	val_loss: 3.3994 val_accuracy: 0.2643	test_loss: 4.6046 test_accuracy: 0.1214	F1: 0.0622 Prec: 0.1063 Rec: 0.1214
train: {'epoch': 19, 'time_epoch': 2.04691, 'eta': 435.494, 'eta_hours': 0.12097, 'loss': 1.14278746, 'lr': 0.00098582, 'params': 276757, 'time_iter': 0.0117, 'accuracy': 0.62079, 'f1': 0.62003, 'auc': 0.96468}
val: {'epoch': 19, 'time_epoch': 0.08402, 'loss': 6.41645705, 'lr': 0, 'params': 276757, 'time_iter': 0.006, 'accuracy': 0.15952, 'f1': 0.0578, 'auc': 0.83682}
test: {'epoch': 19, 'time_epoch': 0.06522, 'loss': 11.13359108, 'lr': 0, 'params': 276757, 'time_iter': 0.00466, 'accuracy': 0.0881, 'f1': 0.03027, 'auc': 0.62783}
> Epoch 19: took 2.3s (avg 2.1s) | Best so far: epoch 11	train_loss: 1.4138 train_accuracy: 0.5267	val_loss: 3.3994 val_accuracy: 0.2643	test_loss: 4.6046 test_accuracy: 0.1214	F1: 0.0622 Prec: 0.1063 Rec: 0.1214
train: {'epoch': 20, 'time_epoch': 2.35025, 'eta': 438.58183, 'eta_hours': 0.12183, 'loss': 1.09929853, 'lr': 0.00098429, 'params': 276757, 'time_iter': 0.01343, 'accuracy': 0.63405, 'f1': 0.63258, 'auc': 0.96731}
val: {'epoch': 20, 'time_epoch': 0.07235, 'loss': 6.26369762, 'lr': 0, 'params': 276757, 'time_iter': 0.00517, 'accuracy': 0.15952, 'f1': 0.06578, 'auc': 0.79988}
test: {'epoch': 20, 'time_epoch': 0.07365, 'loss': 11.10250851, 'lr': 0, 'params': 276757, 'time_iter': 0.00526, 'accuracy': 0.07619, 'f1': 0.05735, 'auc': 0.65583}
> Epoch 20: took 2.6s (avg 2.2s) | Best so far: epoch 11	train_loss: 1.4138 train_accuracy: 0.5267	val_loss: 3.3994 val_accuracy: 0.2643	test_loss: 4.6046 test_accuracy: 0.1214	F1: 0.0622 Prec: 0.1063 Rec: 0.1214
train: {'epoch': 21, 'time_epoch': 1.75878, 'eta': 435.0455, 'eta_hours': 0.12085, 'loss': 1.10907839, 'lr': 0.00098269, 'params': 276757, 'time_iter': 0.01005, 'accuracy': 0.6276, 'f1': 0.62672, 'auc': 0.96689}
val: {'epoch': 21, 'time_epoch': 0.06744, 'loss': 8.2482416, 'lr': 0, 'params': 276757, 'time_iter': 0.00482, 'accuracy': 0.05952, 'f1': 0.01637, 'auc': 0.70438}
test: {'epoch': 21, 'time_epoch': 0.06622, 'loss': 12.21699426, 'lr': 0, 'params': 276757, 'time_iter': 0.00473, 'accuracy': 0.0619, 'f1': 0.01096, 'auc': 0.65425}
> Epoch 21: took 2.0s (avg 2.1s) | Best so far: epoch 11	train_loss: 1.4138 train_accuracy: 0.5267	val_loss: 3.3994 val_accuracy: 0.2643	test_loss: 4.6046 test_accuracy: 0.1214	F1: 0.0622 Prec: 0.1063 Rec: 0.1214
train: {'epoch': 22, 'time_epoch': 1.7852, 'eta': 431.92444, 'eta_hours': 0.11998, 'loss': 1.06312946, 'lr': 0.00098101, 'params': 276757, 'time_iter': 0.0102, 'accuracy': 0.64247, 'f1': 0.64107, 'auc': 0.9697}
val: {'epoch': 22, 'time_epoch': 0.06842, 'loss': 5.9035431, 'lr': 0, 'params': 276757, 'time_iter': 0.00489, 'accuracy': 0.14048, 'f1': 0.09758, 'auc': 0.75907}
test: {'epoch': 22, 'time_epoch': 0.07441, 'loss': 8.02292724, 'lr': 0, 'params': 276757, 'time_iter': 0.00532, 'accuracy': 0.09286, 'f1': 0.03394, 'auc': 0.67836}
> Epoch 22: took 2.0s (avg 2.1s) | Best so far: epoch 11	train_loss: 1.4138 train_accuracy: 0.5267	val_loss: 3.3994 val_accuracy: 0.2643	test_loss: 4.6046 test_accuracy: 0.1214	F1: 0.0622 Prec: 0.1063 Rec: 0.1214
train: {'epoch': 23, 'time_epoch': 1.74924, 'eta': 428.57615, 'eta_hours': 0.11905, 'loss': 1.04604836, 'lr': 0.00097926, 'params': 276757, 'time_iter': 0.01, 'accuracy': 0.65251, 'f1': 0.65159, 'auc': 0.9702}
val: {'epoch': 23, 'time_epoch': 0.07348, 'loss': 3.71625511, 'lr': 0, 'params': 276757, 'time_iter': 0.00525, 'accuracy': 0.15476, 'f1': 0.10011, 'auc': 0.81904}
test: {'epoch': 23, 'time_epoch': 0.08871, 'loss': 3.75354483, 'lr': 0, 'params': 276757, 'time_iter': 0.00634, 'accuracy': 0.16905, 'f1': 0.09237, 'auc': 0.82201}
> Epoch 23: took 2.0s (avg 2.1s) | Best so far: epoch 11	train_loss: 1.4138 train_accuracy: 0.5267	val_loss: 3.3994 val_accuracy: 0.2643	test_loss: 4.6046 test_accuracy: 0.1214	F1: 0.0622 Prec: 0.1063 Rec: 0.1214
train: {'epoch': 24, 'time_epoch': 1.87038, 'eta': 426.44601, 'eta_hours': 0.11846, 'loss': 1.02503689, 'lr': 0.00097743, 'params': 276757, 'time_iter': 0.01069, 'accuracy': 0.65824, 'f1': 0.65782, 'auc': 0.97165}
val: {'epoch': 24, 'time_epoch': 0.09655, 'loss': 5.07555879, 'lr': 0, 'params': 276757, 'time_iter': 0.0069, 'accuracy': 0.11905, 'f1': 0.06705, 'auc': 0.81967}
test: {'epoch': 24, 'time_epoch': 0.06996, 'loss': 5.60099691, 'lr': 0, 'params': 276757, 'time_iter': 0.005, 'accuracy': 0.11667, 'f1': 0.08377, 'auc': 0.78855}
> Epoch 24: took 2.1s (avg 2.1s) | Best so far: epoch 11	train_loss: 1.4138 train_accuracy: 0.5267	val_loss: 3.3994 val_accuracy: 0.2643	test_loss: 4.6046 test_accuracy: 0.1214	F1: 0.0622 Prec: 0.1063 Rec: 0.1214
train: {'epoch': 25, 'time_epoch': 1.92572, 'eta': 424.8126, 'eta_hours': 0.118, 'loss': 1.04653959, 'lr': 0.00097553, 'params': 276757, 'time_iter': 0.011, 'accuracy': 0.65448, 'f1': 0.65316, 'auc': 0.97057}
val: {'epoch': 25, 'time_epoch': 0.07974, 'loss': 8.13148152, 'lr': 0, 'params': 276757, 'time_iter': 0.0057, 'accuracy': 0.11429, 'f1': 0.06211, 'auc': 0.7561}
test: {'epoch': 25, 'time_epoch': 0.07498, 'loss': 13.41938342, 'lr': 0, 'params': 276757, 'time_iter': 0.00536, 'accuracy': 0.06667, 'f1': 0.03162, 'auc': 0.67351}
> Epoch 25: took 2.2s (avg 2.1s) | Best so far: epoch 11	train_loss: 1.4138 train_accuracy: 0.5267	val_loss: 3.3994 val_accuracy: 0.2643	test_loss: 4.6046 test_accuracy: 0.1214	F1: 0.0622 Prec: 0.1063 Rec: 0.1214
train: {'epoch': 26, 'time_epoch': 1.75485, 'eta': 421.74636, 'eta_hours': 0.11715, 'loss': 0.99491135, 'lr': 0.00097355, 'params': 276757, 'time_iter': 0.01003, 'accuracy': 0.66416, 'f1': 0.66349, 'auc': 0.97344}
val: {'epoch': 26, 'time_epoch': 0.06605, 'loss': 5.38822923, 'lr': 0, 'params': 276757, 'time_iter': 0.00472, 'accuracy': 0.17857, 'f1': 0.11875, 'auc': 0.80045}
test: {'epoch': 26, 'time_epoch': 0.06855, 'loss': 8.64767917, 'lr': 0, 'params': 276757, 'time_iter': 0.0049, 'accuracy': 0.09762, 'f1': 0.04471, 'auc': 0.70793}
> Epoch 26: took 2.0s (avg 2.1s) | Best so far: epoch 11	train_loss: 1.4138 train_accuracy: 0.5267	val_loss: 3.3994 val_accuracy: 0.2643	test_loss: 4.6046 test_accuracy: 0.1214	F1: 0.0622 Prec: 0.1063 Rec: 0.1214
train: {'epoch': 27, 'time_epoch': 1.64737, 'eta': 417.92156, 'eta_hours': 0.11609, 'loss': 0.97338205, 'lr': 0.0009715, 'params': 276757, 'time_iter': 0.00941, 'accuracy': 0.67222, 'f1': 0.67143, 'auc': 0.97468}
val: {'epoch': 27, 'time_epoch': 0.11617, 'loss': 5.73645484, 'lr': 0, 'params': 276757, 'time_iter': 0.0083, 'accuracy': 0.14048, 'f1': 0.06753, 'auc': 0.75832}
test: {'epoch': 27, 'time_epoch': 0.07353, 'loss': 9.19955361, 'lr': 0, 'params': 276757, 'time_iter': 0.00525, 'accuracy': 0.09286, 'f1': 0.02047, 'auc': 0.69774}
> Epoch 27: took 1.9s (avg 2.1s) | Best so far: epoch 11	train_loss: 1.4138 train_accuracy: 0.5267	val_loss: 3.3994 val_accuracy: 0.2643	test_loss: 4.6046 test_accuracy: 0.1214	F1: 0.0622 Prec: 0.1063 Rec: 0.1214
train: {'epoch': 28, 'time_epoch': 1.73785, 'eta': 414.9365, 'eta_hours': 0.11526, 'loss': 0.9628154, 'lr': 0.00096937, 'params': 276757, 'time_iter': 0.00993, 'accuracy': 0.68674, 'f1': 0.68625, 'auc': 0.97481}
val: {'epoch': 28, 'time_epoch': 0.06745, 'loss': 2.92201816, 'lr': 0, 'params': 276757, 'time_iter': 0.00482, 'accuracy': 0.22381, 'f1': 0.1532, 'auc': 0.86837}
test: {'epoch': 28, 'time_epoch': 0.0672, 'loss': 2.83838307, 'lr': 0, 'params': 276757, 'time_iter': 0.0048, 'accuracy': 0.16905, 'f1': 0.1281, 'auc': 0.85338}
> Epoch 28: took 2.0s (avg 2.1s) | Best so far: epoch 11	train_loss: 1.4138 train_accuracy: 0.5267	val_loss: 3.3994 val_accuracy: 0.2643	test_loss: 4.6046 test_accuracy: 0.1214	F1: 0.0622 Prec: 0.1063 Rec: 0.1214
train: {'epoch': 29, 'time_epoch': 1.80998, 'eta': 412.56351, 'eta_hours': 0.1146, 'loss': 0.93656801, 'lr': 0.00096716, 'params': 276757, 'time_iter': 0.01034, 'accuracy': 0.68118, 'f1': 0.68058, 'auc': 0.97667}
val: {'epoch': 29, 'time_epoch': 0.06079, 'loss': 5.34681639, 'lr': 0, 'params': 276757, 'time_iter': 0.00434, 'accuracy': 0.13571, 'f1': 0.07499, 'auc': 0.80151}
test: {'epoch': 29, 'time_epoch': 0.07417, 'loss': 8.27739637, 'lr': 0, 'params': 276757, 'time_iter': 0.0053, 'accuracy': 0.1, 'f1': 0.02333, 'auc': 0.76961}
> Epoch 29: took 2.0s (avg 2.1s) | Best so far: epoch 11	train_loss: 1.4138 train_accuracy: 0.5267	val_loss: 3.3994 val_accuracy: 0.2643	test_loss: 4.6046 test_accuracy: 0.1214	F1: 0.0622 Prec: 0.1063 Rec: 0.1214
train: {'epoch': 30, 'time_epoch': 1.71116, 'eta': 409.52876, 'eta_hours': 0.11376, 'loss': 0.93108941, 'lr': 0.00096489, 'params': 276757, 'time_iter': 0.00978, 'accuracy': 0.68477, 'f1': 0.68411, 'auc': 0.97661}
val: {'epoch': 30, 'time_epoch': 0.07562, 'loss': 7.0936895, 'lr': 0, 'params': 276757, 'time_iter': 0.0054, 'accuracy': 0.11429, 'f1': 0.03769, 'auc': 0.78963}
test: {'epoch': 30, 'time_epoch': 0.07697, 'loss': 11.27226821, 'lr': 0, 'params': 276757, 'time_iter': 0.0055, 'accuracy': 0.09762, 'f1': 0.03565, 'auc': 0.68285}
> Epoch 30: took 1.9s (avg 2.1s) | Best so far: epoch 11	train_loss: 1.4138 train_accuracy: 0.5267	val_loss: 3.3994 val_accuracy: 0.2643	test_loss: 4.6046 test_accuracy: 0.1214	F1: 0.0622 Prec: 0.1063 Rec: 0.1214
train: {'epoch': 31, 'time_epoch': 1.81823, 'eta': 407.3061, 'eta_hours': 0.11314, 'loss': 0.94826496, 'lr': 0.00096254, 'params': 276757, 'time_iter': 0.01039, 'accuracy': 0.68011, 'f1': 0.67953, 'auc': 0.9761}
val: {'epoch': 31, 'time_epoch': 0.0985, 'loss': 6.87686481, 'lr': 0, 'params': 276757, 'time_iter': 0.00704, 'accuracy': 0.09762, 'f1': 0.02286, 'auc': 0.78288}
test: {'epoch': 31, 'time_epoch': 0.06576, 'loss': 11.33350923, 'lr': 0, 'params': 276757, 'time_iter': 0.0047, 'accuracy': 0.09048, 'f1': 0.0231, 'auc': 0.6794}
> Epoch 31: took 2.1s (avg 2.1s) | Best so far: epoch 11	train_loss: 1.4138 train_accuracy: 0.5267	val_loss: 3.3994 val_accuracy: 0.2643	test_loss: 4.6046 test_accuracy: 0.1214	F1: 0.0622 Prec: 0.1063 Rec: 0.1214
train: {'epoch': 32, 'time_epoch': 1.51202, 'eta': 403.09441, 'eta_hours': 0.11197, 'loss': 0.90395033, 'lr': 0.00096012, 'params': 276757, 'time_iter': 0.00864, 'accuracy': 0.70108, 'f1': 0.70062, 'auc': 0.97829}
val: {'epoch': 32, 'time_epoch': 0.06819, 'loss': 4.45371353, 'lr': 0, 'params': 276757, 'time_iter': 0.00487, 'accuracy': 0.2119, 'f1': 0.11436, 'auc': 0.82124}
test: {'epoch': 32, 'time_epoch': 0.06757, 'loss': 8.73033672, 'lr': 0, 'params': 276757, 'time_iter': 0.00483, 'accuracy': 0.10476, 'f1': 0.03097, 'auc': 0.74171}
> Epoch 32: took 1.7s (avg 2.1s) | Best so far: epoch 11	train_loss: 1.4138 train_accuracy: 0.5267	val_loss: 3.3994 val_accuracy: 0.2643	test_loss: 4.6046 test_accuracy: 0.1214	F1: 0.0622 Prec: 0.1063 Rec: 0.1214
train: {'epoch': 33, 'time_epoch': 1.71272, 'eta': 400.31659, 'eta_hours': 0.1112, 'loss': 0.9054255, 'lr': 0.00095762, 'params': 276757, 'time_iter': 0.00979, 'accuracy': 0.70036, 'f1': 0.69953, 'auc': 0.97782}
val: {'epoch': 33, 'time_epoch': 0.07692, 'loss': 5.04253241, 'lr': 0, 'params': 276757, 'time_iter': 0.00549, 'accuracy': 0.15, 'f1': 0.09457, 'auc': 0.79968}
test: {'epoch': 33, 'time_epoch': 0.06287, 'loss': 7.9681521, 'lr': 0, 'params': 276757, 'time_iter': 0.00449, 'accuracy': 0.10476, 'f1': 0.03241, 'auc': 0.77399}
> Epoch 33: took 1.9s (avg 2.1s) | Best so far: epoch 11	train_loss: 1.4138 train_accuracy: 0.5267	val_loss: 3.3994 val_accuracy: 0.2643	test_loss: 4.6046 test_accuracy: 0.1214	F1: 0.0622 Prec: 0.1063 Rec: 0.1214
train: {'epoch': 34, 'time_epoch': 1.77242, 'eta': 397.96632, 'eta_hours': 0.11055, 'loss': 0.91547665, 'lr': 0.00095505, 'params': 276757, 'time_iter': 0.01013, 'accuracy': 0.69355, 'f1': 0.69313, 'auc': 0.97751}
val: {'epoch': 34, 'time_epoch': 0.084, 'loss': 4.13416421, 'lr': 0, 'params': 276757, 'time_iter': 0.006, 'accuracy': 0.18095, 'f1': 0.11156, 'auc': 0.82118}
test: {'epoch': 34, 'time_epoch': 0.07006, 'loss': 6.66836092, 'lr': 0, 'params': 276757, 'time_iter': 0.005, 'accuracy': 0.11429, 'f1': 0.04791, 'auc': 0.71351}
> Epoch 34: took 2.0s (avg 2.1s) | Best so far: epoch 11	train_loss: 1.4138 train_accuracy: 0.5267	val_loss: 3.3994 val_accuracy: 0.2643	test_loss: 4.6046 test_accuracy: 0.1214	F1: 0.0622 Prec: 0.1063 Rec: 0.1214
train: {'epoch': 35, 'time_epoch': 1.80579, 'eta': 395.84655, 'eta_hours': 0.10996, 'loss': 0.85883533, 'lr': 0.00095241, 'params': 276757, 'time_iter': 0.01032, 'accuracy': 0.71541, 'f1': 0.71488, 'auc': 0.9803}
val: {'epoch': 35, 'time_epoch': 0.07059, 'loss': 4.10228024, 'lr': 0, 'params': 276757, 'time_iter': 0.00504, 'accuracy': 0.15476, 'f1': 0.11367, 'auc': 0.81148}
test: {'epoch': 35, 'time_epoch': 0.07223, 'loss': 5.57013278, 'lr': 0, 'params': 276757, 'time_iter': 0.00516, 'accuracy': 0.10952, 'f1': 0.0662, 'auc': 0.73133}
> Epoch 35: took 2.0s (avg 2.1s) | Best so far: epoch 11	train_loss: 1.4138 train_accuracy: 0.5267	val_loss: 3.3994 val_accuracy: 0.2643	test_loss: 4.6046 test_accuracy: 0.1214	F1: 0.0622 Prec: 0.1063 Rec: 0.1214
train: {'epoch': 36, 'time_epoch': 2.03586, 'eta': 395.06818, 'eta_hours': 0.10974, 'loss': 0.8590305, 'lr': 0.0009497, 'params': 276757, 'time_iter': 0.01163, 'accuracy': 0.71738, 'f1': 0.7167, 'auc': 0.98017}
val: {'epoch': 36, 'time_epoch': 0.08454, 'loss': 9.14076581, 'lr': 0, 'params': 276757, 'time_iter': 0.00604, 'accuracy': 0.04762, 'f1': 0.00486, 'auc': 0.69188}
test: {'epoch': 36, 'time_epoch': 0.06702, 'loss': 13.62831762, 'lr': 0, 'params': 276757, 'time_iter': 0.00479, 'accuracy': 0.04762, 'f1': 0.00434, 'auc': 0.67561}
> Epoch 36: took 2.3s (avg 2.1s) | Best so far: epoch 11	train_loss: 1.4138 train_accuracy: 0.5267	val_loss: 3.3994 val_accuracy: 0.2643	test_loss: 4.6046 test_accuracy: 0.1214	F1: 0.0622 Prec: 0.1063 Rec: 0.1214
train: {'epoch': 37, 'time_epoch': 1.83304, 'eta': 393.09212, 'eta_hours': 0.10919, 'loss': 0.85120405, 'lr': 0.00094692, 'params': 276757, 'time_iter': 0.01047, 'accuracy': 0.70986, 'f1': 0.70973, 'auc': 0.98071}
val: {'epoch': 37, 'time_epoch': 0.07139, 'loss': 7.54351107, 'lr': 0, 'params': 276757, 'time_iter': 0.0051, 'accuracy': 0.05238, 'f1': 0.01395, 'auc': 0.72818}
test: {'epoch': 37, 'time_epoch': 0.07209, 'loss': 11.73410826, 'lr': 0, 'params': 276757, 'time_iter': 0.00515, 'accuracy': 0.05, 'f1': 0.00749, 'auc': 0.67415}
> Epoch 37: took 2.0s (avg 2.1s) | Best so far: epoch 11	train_loss: 1.4138 train_accuracy: 0.5267	val_loss: 3.3994 val_accuracy: 0.2643	test_loss: 4.6046 test_accuracy: 0.1214	F1: 0.0622 Prec: 0.1063 Rec: 0.1214
train: {'epoch': 38, 'time_epoch': 1.85635, 'eta': 391.24951, 'eta_hours': 0.10868, 'loss': 0.82074134, 'lr': 0.00094407, 'params': 276757, 'time_iter': 0.01061, 'accuracy': 0.72312, 'f1': 0.72258, 'auc': 0.98207}
val: {'epoch': 38, 'time_epoch': 0.0679, 'loss': 3.27802697, 'lr': 0, 'params': 276757, 'time_iter': 0.00485, 'accuracy': 0.24524, 'f1': 0.16373, 'auc': 0.86473}
test: {'epoch': 38, 'time_epoch': 0.06731, 'loss': 6.21563783, 'lr': 0, 'params': 276757, 'time_iter': 0.00481, 'accuracy': 0.07143, 'f1': 0.03661, 'auc': 0.71211}
> Epoch 38: took 2.1s (avg 2.1s) | Best so far: epoch 11	train_loss: 1.4138 train_accuracy: 0.5267	val_loss: 3.3994 val_accuracy: 0.2643	test_loss: 4.6046 test_accuracy: 0.1214	F1: 0.0622 Prec: 0.1063 Rec: 0.1214
train: {'epoch': 39, 'time_epoch': 1.80313, 'eta': 389.1268, 'eta_hours': 0.10809, 'loss': 0.81144879, 'lr': 0.00094115, 'params': 276757, 'time_iter': 0.0103, 'accuracy': 0.7276, 'f1': 0.72738, 'auc': 0.9823}
val: {'epoch': 39, 'time_epoch': 0.06394, 'loss': 4.49720522, 'lr': 0, 'params': 276757, 'time_iter': 0.00457, 'accuracy': 0.17619, 'f1': 0.12324, 'auc': 0.80955}
test: {'epoch': 39, 'time_epoch': 0.10594, 'loss': 7.33473604, 'lr': 0, 'params': 276757, 'time_iter': 0.00757, 'accuracy': 0.0881, 'f1': 0.01868, 'auc': 0.73705}
> Epoch 39: took 2.0s (avg 2.1s) | Best so far: epoch 11	train_loss: 1.4138 train_accuracy: 0.5267	val_loss: 3.3994 val_accuracy: 0.2643	test_loss: 4.6046 test_accuracy: 0.1214	F1: 0.0622 Prec: 0.1063 Rec: 0.1214
train: {'epoch': 40, 'time_epoch': 1.7045, 'eta': 386.51692, 'eta_hours': 0.10737, 'loss': 0.79373611, 'lr': 0.00093815, 'params': 276757, 'time_iter': 0.00974, 'accuracy': 0.73692, 'f1': 0.7367, 'auc': 0.98291}
val: {'epoch': 40, 'time_epoch': 0.07288, 'loss': 5.88426854, 'lr': 0, 'params': 276757, 'time_iter': 0.00521, 'accuracy': 0.15952, 'f1': 0.0716, 'auc': 0.79517}
test: {'epoch': 40, 'time_epoch': 0.06549, 'loss': 8.48147673, 'lr': 0, 'params': 276757, 'time_iter': 0.00468, 'accuracy': 0.14286, 'f1': 0.05595, 'auc': 0.72282}
> Epoch 40: took 1.9s (avg 2.1s) | Best so far: epoch 11	train_loss: 1.4138 train_accuracy: 0.5267	val_loss: 3.3994 val_accuracy: 0.2643	test_loss: 4.6046 test_accuracy: 0.1214	F1: 0.0622 Prec: 0.1063 Rec: 0.1214
train: {'epoch': 41, 'time_epoch': 1.76145, 'eta': 384.23217, 'eta_hours': 0.10673, 'loss': 0.81625043, 'lr': 0.00093509, 'params': 276757, 'time_iter': 0.01007, 'accuracy': 0.72258, 'f1': 0.72227, 'auc': 0.98228}
val: {'epoch': 41, 'time_epoch': 0.06555, 'loss': 6.79408209, 'lr': 0, 'params': 276757, 'time_iter': 0.00468, 'accuracy': 0.14048, 'f1': 0.08508, 'auc': 0.76911}
test: {'epoch': 41, 'time_epoch': 0.06644, 'loss': 13.86216405, 'lr': 0, 'params': 276757, 'time_iter': 0.00475, 'accuracy': 0.05714, 'f1': 0.04362, 'auc': 0.60411}
> Epoch 41: took 2.0s (avg 2.1s) | Best so far: epoch 11	train_loss: 1.4138 train_accuracy: 0.5267	val_loss: 3.3994 val_accuracy: 0.2643	test_loss: 4.6046 test_accuracy: 0.1214	F1: 0.0622 Prec: 0.1063 Rec: 0.1214
train: {'epoch': 42, 'time_epoch': 1.62171, 'eta': 381.29905, 'eta_hours': 0.10592, 'loss': 0.78364496, 'lr': 0.00093196, 'params': 276757, 'time_iter': 0.00927, 'accuracy': 0.73513, 'f1': 0.7349, 'auc': 0.98343}
val: {'epoch': 42, 'time_epoch': 0.07034, 'loss': 5.59952026, 'lr': 0, 'params': 276757, 'time_iter': 0.00502, 'accuracy': 0.08095, 'f1': 0.04729, 'auc': 0.75907}
test: {'epoch': 42, 'time_epoch': 0.07085, 'loss': 8.69998561, 'lr': 0, 'params': 276757, 'time_iter': 0.00506, 'accuracy': 0.0881, 'f1': 0.03256, 'auc': 0.70186}
> Epoch 42: took 1.8s (avg 2.1s) | Best so far: epoch 11	train_loss: 1.4138 train_accuracy: 0.5267	val_loss: 3.3994 val_accuracy: 0.2643	test_loss: 4.6046 test_accuracy: 0.1214	F1: 0.0622 Prec: 0.1063 Rec: 0.1214
train: {'epoch': 43, 'time_epoch': 1.6766, 'eta': 378.68252, 'eta_hours': 0.10519, 'loss': 0.77061868, 'lr': 0.00092876, 'params': 276757, 'time_iter': 0.00958, 'accuracy': 0.74086, 'f1': 0.74063, 'auc': 0.98409}
val: {'epoch': 43, 'time_epoch': 0.06811, 'loss': 2.87409143, 'lr': 0, 'params': 276757, 'time_iter': 0.00486, 'accuracy': 0.25, 'f1': 0.18607, 'auc': 0.85621}
test: {'epoch': 43, 'time_epoch': 0.06901, 'loss': 4.05313975, 'lr': 0, 'params': 276757, 'time_iter': 0.00493, 'accuracy': 0.1119, 'f1': 0.0662, 'auc': 0.80574}
> Epoch 43: took 1.9s (avg 2.1s) | Best so far: epoch 11	train_loss: 1.4138 train_accuracy: 0.5267	val_loss: 3.3994 val_accuracy: 0.2643	test_loss: 4.6046 test_accuracy: 0.1214	F1: 0.0622 Prec: 0.1063 Rec: 0.1214
train: {'epoch': 44, 'time_epoch': 1.8268, 'eta': 376.79203, 'eta_hours': 0.10466, 'loss': 0.75197785, 'lr': 0.0009255, 'params': 276757, 'time_iter': 0.01044, 'accuracy': 0.74839, 'f1': 0.74818, 'auc': 0.98467}
val: {'epoch': 44, 'time_epoch': 0.06613, 'loss': 5.79948538, 'lr': 0, 'params': 276757, 'time_iter': 0.00472, 'accuracy': 0.20714, 'f1': 0.10725, 'auc': 0.81332}
test: {'epoch': 44, 'time_epoch': 0.07087, 'loss': 10.6853142, 'lr': 0, 'params': 276757, 'time_iter': 0.00506, 'accuracy': 0.10952, 'f1': 0.05122, 'auc': 0.7262}
> Epoch 44: took 2.0s (avg 2.1s) | Best so far: epoch 11	train_loss: 1.4138 train_accuracy: 0.5267	val_loss: 3.3994 val_accuracy: 0.2643	test_loss: 4.6046 test_accuracy: 0.1214	F1: 0.0622 Prec: 0.1063 Rec: 0.1214
train: {'epoch': 45, 'time_epoch': 1.65941, 'eta': 374.16198, 'eta_hours': 0.10393, 'loss': 0.7644776, 'lr': 0.00092216, 'params': 276757, 'time_iter': 0.00948, 'accuracy': 0.74014, 'f1': 0.7396, 'auc': 0.98434}
val: {'epoch': 45, 'time_epoch': 0.06434, 'loss': 7.77832925, 'lr': 0, 'params': 276757, 'time_iter': 0.0046, 'accuracy': 0.14286, 'f1': 0.04869, 'auc': 0.79403}
test: {'epoch': 45, 'time_epoch': 0.06886, 'loss': 12.42604545, 'lr': 0, 'params': 276757, 'time_iter': 0.00492, 'accuracy': 0.10952, 'f1': 0.03101, 'auc': 0.69827}
> Epoch 45: took 1.9s (avg 2.1s) | Best so far: epoch 11	train_loss: 1.4138 train_accuracy: 0.5267	val_loss: 3.3994 val_accuracy: 0.2643	test_loss: 4.6046 test_accuracy: 0.1214	F1: 0.0622 Prec: 0.1063 Rec: 0.1214
train: {'epoch': 46, 'time_epoch': 1.66855, 'eta': 371.61272, 'eta_hours': 0.10323, 'loss': 0.74569562, 'lr': 0.00091876, 'params': 276757, 'time_iter': 0.00953, 'accuracy': 0.74803, 'f1': 0.74778, 'auc': 0.985}
val: {'epoch': 46, 'time_epoch': 0.07104, 'loss': 3.38812368, 'lr': 0, 'params': 276757, 'time_iter': 0.00507, 'accuracy': 0.21667, 'f1': 0.15195, 'auc': 0.84194}
test: {'epoch': 46, 'time_epoch': 0.07743, 'loss': 5.21597038, 'lr': 0, 'params': 276757, 'time_iter': 0.00553, 'accuracy': 0.14048, 'f1': 0.09972, 'auc': 0.72199}
> Epoch 46: took 1.9s (avg 2.1s) | Best so far: epoch 11	train_loss: 1.4138 train_accuracy: 0.5267	val_loss: 3.3994 val_accuracy: 0.2643	test_loss: 4.6046 test_accuracy: 0.1214	F1: 0.0622 Prec: 0.1063 Rec: 0.1214
train: {'epoch': 47, 'time_epoch': 1.85935, 'eta': 369.9031, 'eta_hours': 0.10275, 'loss': 0.75167854, 'lr': 0.0009153, 'params': 276757, 'time_iter': 0.01062, 'accuracy': 0.75341, 'f1': 0.75314, 'auc': 0.98464}
val: {'epoch': 47, 'time_epoch': 0.07068, 'loss': 5.12580824, 'lr': 0, 'params': 276757, 'time_iter': 0.00505, 'accuracy': 0.15, 'f1': 0.08638, 'auc': 0.807}
test: {'epoch': 47, 'time_epoch': 0.09601, 'loss': 7.88898758, 'lr': 0, 'params': 276757, 'time_iter': 0.00686, 'accuracy': 0.10476, 'f1': 0.02653, 'auc': 0.78861}
> Epoch 47: took 2.1s (avg 2.1s) | Best so far: epoch 11	train_loss: 1.4138 train_accuracy: 0.5267	val_loss: 3.3994 val_accuracy: 0.2643	test_loss: 4.6046 test_accuracy: 0.1214	F1: 0.0622 Prec: 0.1063 Rec: 0.1214
train: {'epoch': 48, 'time_epoch': 1.51177, 'eta': 366.76156, 'eta_hours': 0.10188, 'loss': 0.74020714, 'lr': 0.00091177, 'params': 276757, 'time_iter': 0.00864, 'accuracy': 0.75412, 'f1': 0.75389, 'auc': 0.98515}
val: {'epoch': 48, 'time_epoch': 0.07714, 'loss': 2.82816591, 'lr': 0, 'params': 276757, 'time_iter': 0.00551, 'accuracy': 0.29286, 'f1': 0.22681, 'auc': 0.88852}
test: {'epoch': 48, 'time_epoch': 0.09057, 'loss': 4.12785779, 'lr': 0, 'params': 276757, 'time_iter': 0.00647, 'accuracy': 0.2, 'f1': 0.13467, 'auc': 0.80547}
[*] Confusion Matrix saved to: results_lopo_none/NI_3m\Conf\confusion_matrix_epoch_48.png
> Epoch 48: took 1.8s (avg 2.1s) | Best so far: epoch 48	train_loss: 0.7402 train_accuracy: 0.7541	val_loss: 2.8282 val_accuracy: 0.2929	test_loss: 4.1279 test_accuracy: 0.2000	F1: 0.1347 Prec: 0.1469 Rec: 0.2000
train: {'epoch': 49, 'time_epoch': 1.85478, 'eta': 365.05724, 'eta_hours': 0.1014, 'loss': 0.71018216, 'lr': 0.00090817, 'params': 276757, 'time_iter': 0.0106, 'accuracy': 0.76201, 'f1': 0.76168, 'auc': 0.98657}
val: {'epoch': 49, 'time_epoch': 0.06677, 'loss': 6.07830512, 'lr': 0, 'params': 276757, 'time_iter': 0.00477, 'accuracy': 0.14762, 'f1': 0.07716, 'auc': 0.77358}
test: {'epoch': 49, 'time_epoch': 0.07138, 'loss': 9.590159, 'lr': 0, 'params': 276757, 'time_iter': 0.0051, 'accuracy': 0.08571, 'f1': 0.03159, 'auc': 0.6551}
> Epoch 49: took 2.1s (avg 2.1s) | Best so far: epoch 48	train_loss: 0.7402 train_accuracy: 0.7541	val_loss: 2.8282 val_accuracy: 0.2929	test_loss: 4.1279 test_accuracy: 0.2000	F1: 0.1347 Prec: 0.1469 Rec: 0.2000
train: {'epoch': 50, 'time_epoch': 1.80121, 'eta': 363.13799, 'eta_hours': 0.10087, 'loss': 0.71808376, 'lr': 0.00090451, 'params': 276757, 'time_iter': 0.01029, 'accuracy': 0.76057, 'f1': 0.7603, 'auc': 0.98601}
val: {'epoch': 50, 'time_epoch': 0.06727, 'loss': 3.34983782, 'lr': 0, 'params': 276757, 'time_iter': 0.00481, 'accuracy': 0.23095, 'f1': 0.15514, 'auc': 0.85402}
test: {'epoch': 50, 'time_epoch': 0.06985, 'loss': 4.68159566, 'lr': 0, 'params': 276757, 'time_iter': 0.00499, 'accuracy': 0.15952, 'f1': 0.09039, 'auc': 0.82283}
> Epoch 50: took 2.0s (avg 2.1s) | Best so far: epoch 48	train_loss: 0.7402 train_accuracy: 0.7541	val_loss: 2.8282 val_accuracy: 0.2929	test_loss: 4.1279 test_accuracy: 0.2000	F1: 0.1347 Prec: 0.1469 Rec: 0.2000
train: {'epoch': 51, 'time_epoch': 1.91925, 'eta': 361.67274, 'eta_hours': 0.10046, 'loss': 0.70382864, 'lr': 0.00090078, 'params': 276757, 'time_iter': 0.01097, 'accuracy': 0.76846, 'f1': 0.76797, 'auc': 0.9867}
val: {'epoch': 51, 'time_epoch': 0.07144, 'loss': 7.26026663, 'lr': 0, 'params': 276757, 'time_iter': 0.0051, 'accuracy': 0.15, 'f1': 0.07346, 'auc': 0.77455}
test: {'epoch': 51, 'time_epoch': 0.06644, 'loss': 12.03859487, 'lr': 0, 'params': 276757, 'time_iter': 0.00475, 'accuracy': 0.1381, 'f1': 0.04526, 'auc': 0.69878}
> Epoch 51: took 2.1s (avg 2.1s) | Best so far: epoch 48	train_loss: 0.7402 train_accuracy: 0.7541	val_loss: 2.8282 val_accuracy: 0.2929	test_loss: 4.1279 test_accuracy: 0.2000	F1: 0.1347 Prec: 0.1469 Rec: 0.2000
train: {'epoch': 52, 'time_epoch': 1.80421, 'eta': 359.76279, 'eta_hours': 0.09993, 'loss': 0.72985102, 'lr': 0.000897, 'params': 276757, 'time_iter': 0.01031, 'accuracy': 0.75323, 'f1': 0.75308, 'auc': 0.98594}
val: {'epoch': 52, 'time_epoch': 0.07544, 'loss': 7.02045935, 'lr': 0, 'params': 276757, 'time_iter': 0.00539, 'accuracy': 0.11905, 'f1': 0.0776, 'auc': 0.75181}
test: {'epoch': 52, 'time_epoch': 0.08819, 'loss': 12.82396172, 'lr': 0, 'params': 276757, 'time_iter': 0.0063, 'accuracy': 0.03571, 'f1': 0.02993, 'auc': 0.60108}
> Epoch 52: took 2.1s (avg 2.1s) | Best so far: epoch 48	train_loss: 0.7402 train_accuracy: 0.7541	val_loss: 2.8282 val_accuracy: 0.2929	test_loss: 4.1279 test_accuracy: 0.2000	F1: 0.1347 Prec: 0.1469 Rec: 0.2000
train: {'epoch': 53, 'time_epoch': 1.88096, 'eta': 358.13532, 'eta_hours': 0.09948, 'loss': 0.71312917, 'lr': 0.00089314, 'params': 276757, 'time_iter': 0.01075, 'accuracy': 0.76595, 'f1': 0.76553, 'auc': 0.98627}
val: {'epoch': 53, 'time_epoch': 0.06975, 'loss': 4.32510952, 'lr': 0, 'params': 276757, 'time_iter': 0.00498, 'accuracy': 0.22857, 'f1': 0.15705, 'auc': 0.81322}
test: {'epoch': 53, 'time_epoch': 0.07081, 'loss': 5.52147754, 'lr': 0, 'params': 276757, 'time_iter': 0.00506, 'accuracy': 0.12381, 'f1': 0.09389, 'auc': 0.77739}
> Epoch 53: took 2.1s (avg 2.1s) | Best so far: epoch 48	train_loss: 0.7402 train_accuracy: 0.7541	val_loss: 2.8282 val_accuracy: 0.2929	test_loss: 4.1279 test_accuracy: 0.2000	F1: 0.1347 Prec: 0.1469 Rec: 0.2000
train: {'epoch': 54, 'time_epoch': 1.9722, 'eta': 356.82212, 'eta_hours': 0.09912, 'loss': 0.66378903, 'lr': 0.00088923, 'params': 276757, 'time_iter': 0.01127, 'accuracy': 0.77867, 'f1': 0.77862, 'auc': 0.9882}
val: {'epoch': 54, 'time_epoch': 0.06891, 'loss': 3.51080535, 'lr': 0, 'params': 276757, 'time_iter': 0.00492, 'accuracy': 0.25238, 'f1': 0.20585, 'auc': 0.83879}
test: {'epoch': 54, 'time_epoch': 0.07176, 'loss': 5.69230928, 'lr': 0, 'params': 276757, 'time_iter': 0.00513, 'accuracy': 0.14524, 'f1': 0.08515, 'auc': 0.79457}
> Epoch 54: took 2.2s (avg 2.1s) | Best so far: epoch 48	train_loss: 0.7402 train_accuracy: 0.7541	val_loss: 2.8282 val_accuracy: 0.2929	test_loss: 4.1279 test_accuracy: 0.2000	F1: 0.1347 Prec: 0.1469 Rec: 0.2000
train: {'epoch': 55, 'time_epoch': 1.85528, 'eta': 355.08035, 'eta_hours': 0.09863, 'loss': 0.68627476, 'lr': 0.00088526, 'params': 276757, 'time_iter': 0.0106, 'accuracy': 0.77115, 'f1': 0.77099, 'auc': 0.98738}
val: {'epoch': 55, 'time_epoch': 0.06665, 'loss': 9.45421893, 'lr': 0, 'params': 276757, 'time_iter': 0.00476, 'accuracy': 0.09762, 'f1': 0.06282, 'auc': 0.72193}
test: {'epoch': 55, 'time_epoch': 0.06722, 'loss': 14.38596888, 'lr': 0, 'params': 276757, 'time_iter': 0.0048, 'accuracy': 0.1, 'f1': 0.03387, 'auc': 0.68433}
> Epoch 55: took 2.1s (avg 2.1s) | Best so far: epoch 48	train_loss: 0.7402 train_accuracy: 0.7541	val_loss: 2.8282 val_accuracy: 0.2929	test_loss: 4.1279 test_accuracy: 0.2000	F1: 0.1347 Prec: 0.1469 Rec: 0.2000
train: {'epoch': 56, 'time_epoch': 2.0553, 'eta': 354.01183, 'eta_hours': 0.09834, 'loss': 0.65963667, 'lr': 0.00088122, 'params': 276757, 'time_iter': 0.01174, 'accuracy': 0.77688, 'f1': 0.77664, 'auc': 0.98828}
val: {'epoch': 56, 'time_epoch': 0.08201, 'loss': 6.06367171, 'lr': 0, 'params': 276757, 'time_iter': 0.00586, 'accuracy': 0.10952, 'f1': 0.07337, 'auc': 0.75217}
test: {'epoch': 56, 'time_epoch': 0.0836, 'loss': 9.46521036, 'lr': 0, 'params': 276757, 'time_iter': 0.00597, 'accuracy': 0.09762, 'f1': 0.02412, 'auc': 0.74456}
> Epoch 56: took 2.3s (avg 2.1s) | Best so far: epoch 48	train_loss: 0.7402 train_accuracy: 0.7541	val_loss: 2.8282 val_accuracy: 0.2929	test_loss: 4.1279 test_accuracy: 0.2000	F1: 0.1347 Prec: 0.1469 Rec: 0.2000
train: {'epoch': 57, 'time_epoch': 1.79241, 'eta': 352.03904, 'eta_hours': 0.09779, 'loss': 0.68595401, 'lr': 0.00087713, 'params': 276757, 'time_iter': 0.01024, 'accuracy': 0.77186, 'f1': 0.77178, 'auc': 0.98736}
val: {'epoch': 57, 'time_epoch': 0.09998, 'loss': 3.94869628, 'lr': 0, 'params': 276757, 'time_iter': 0.00714, 'accuracy': 0.16667, 'f1': 0.10242, 'auc': 0.83057}
test: {'epoch': 57, 'time_epoch': 0.07193, 'loss': 7.40042454, 'lr': 0, 'params': 276757, 'time_iter': 0.00514, 'accuracy': 0.10714, 'f1': 0.03357, 'auc': 0.73294}
> Epoch 57: took 2.0s (avg 2.1s) | Best so far: epoch 48	train_loss: 0.7402 train_accuracy: 0.7541	val_loss: 2.8282 val_accuracy: 0.2929	test_loss: 4.1279 test_accuracy: 0.2000	F1: 0.1347 Prec: 0.1469 Rec: 0.2000
train: {'epoch': 58, 'time_epoch': 1.64785, 'eta': 349.60438, 'eta_hours': 0.09711, 'loss': 0.64133117, 'lr': 0.00087297, 'params': 276757, 'time_iter': 0.00942, 'accuracy': 0.78423, 'f1': 0.78406, 'auc': 0.98895}
val: {'epoch': 58, 'time_epoch': 0.06989, 'loss': 5.74846081, 'lr': 0, 'params': 276757, 'time_iter': 0.00499, 'accuracy': 0.17857, 'f1': 0.12989, 'auc': 0.79173}
test: {'epoch': 58, 'time_epoch': 0.06311, 'loss': 11.6903318, 'lr': 0, 'params': 276757, 'time_iter': 0.00451, 'accuracy': 0.06905, 'f1': 0.04668, 'auc': 0.60914}
> Epoch 58: took 1.9s (avg 2.1s) | Best so far: epoch 48	train_loss: 0.7402 train_accuracy: 0.7541	val_loss: 2.8282 val_accuracy: 0.2929	test_loss: 4.1279 test_accuracy: 0.2000	F1: 0.1347 Prec: 0.1469 Rec: 0.2000
train: {'epoch': 59, 'time_epoch': 1.8034, 'eta': 347.68852, 'eta_hours': 0.09658, 'loss': 0.67374649, 'lr': 0.00086876, 'params': 276757, 'time_iter': 0.01031, 'accuracy': 0.77724, 'f1': 0.77685, 'auc': 0.98743}
val: {'epoch': 59, 'time_epoch': 0.07107, 'loss': 5.25528618, 'lr': 0, 'params': 276757, 'time_iter': 0.00508, 'accuracy': 0.16667, 'f1': 0.11648, 'auc': 0.79749}
test: {'epoch': 59, 'time_epoch': 0.06981, 'loss': 5.7263787, 'lr': 0, 'params': 276757, 'time_iter': 0.00499, 'accuracy': 0.14286, 'f1': 0.08031, 'auc': 0.77942}
> Epoch 59: took 2.0s (avg 2.1s) | Best so far: epoch 48	train_loss: 0.7402 train_accuracy: 0.7541	val_loss: 2.8282 val_accuracy: 0.2929	test_loss: 4.1279 test_accuracy: 0.2000	F1: 0.1347 Prec: 0.1469 Rec: 0.2000
train: {'epoch': 60, 'time_epoch': 1.7824, 'eta': 345.71128, 'eta_hours': 0.09603, 'loss': 0.61806219, 'lr': 0.00086448, 'params': 276757, 'time_iter': 0.01019, 'accuracy': 0.79642, 'f1': 0.79639, 'auc': 0.98977}
val: {'epoch': 60, 'time_epoch': 0.06717, 'loss': 8.39713009, 'lr': 0, 'params': 276757, 'time_iter': 0.0048, 'accuracy': 0.1119, 'f1': 0.03781, 'auc': 0.75468}
test: {'epoch': 60, 'time_epoch': 0.07119, 'loss': 13.66370044, 'lr': 0, 'params': 276757, 'time_iter': 0.00508, 'accuracy': 0.11905, 'f1': 0.04828, 'auc': 0.67791}
> Epoch 60: took 2.0s (avg 2.1s) | Best so far: epoch 48	train_loss: 0.7402 train_accuracy: 0.7541	val_loss: 2.8282 val_accuracy: 0.2929	test_loss: 4.1279 test_accuracy: 0.2000	F1: 0.1347 Prec: 0.1469 Rec: 0.2000
train: {'epoch': 61, 'time_epoch': 1.73935, 'eta': 343.60978, 'eta_hours': 0.09545, 'loss': 0.62351685, 'lr': 0.00086015, 'params': 276757, 'time_iter': 0.00994, 'accuracy': 0.79659, 'f1': 0.79618, 'auc': 0.98939}
val: {'epoch': 61, 'time_epoch': 0.06748, 'loss': 5.92837256, 'lr': 0, 'params': 276757, 'time_iter': 0.00482, 'accuracy': 0.19286, 'f1': 0.11917, 'auc': 0.82576}
test: {'epoch': 61, 'time_epoch': 0.06794, 'loss': 10.40119433, 'lr': 0, 'params': 276757, 'time_iter': 0.00485, 'accuracy': 0.08095, 'f1': 0.03307, 'auc': 0.66933}
> Epoch 61: took 2.0s (avg 2.1s) | Best so far: epoch 48	train_loss: 0.7402 train_accuracy: 0.7541	val_loss: 2.8282 val_accuracy: 0.2929	test_loss: 4.1279 test_accuracy: 0.2000	F1: 0.1347 Prec: 0.1469 Rec: 0.2000
train: {'epoch': 62, 'time_epoch': 1.75206, 'eta': 341.55752, 'eta_hours': 0.09488, 'loss': 0.63316592, 'lr': 0.00085577, 'params': 276757, 'time_iter': 0.01001, 'accuracy': 0.79373, 'f1': 0.79329, 'auc': 0.98909}
val: {'epoch': 62, 'time_epoch': 0.07317, 'loss': 5.58695901, 'lr': 0, 'params': 276757, 'time_iter': 0.00523, 'accuracy': 0.2381, 'f1': 0.13621, 'auc': 0.82552}
test: {'epoch': 62, 'time_epoch': 0.06921, 'loss': 10.44601471, 'lr': 0, 'params': 276757, 'time_iter': 0.00494, 'accuracy': 0.11905, 'f1': 0.05664, 'auc': 0.68712}
> Epoch 62: took 2.0s (avg 2.1s) | Best so far: epoch 48	train_loss: 0.7402 train_accuracy: 0.7541	val_loss: 2.8282 val_accuracy: 0.2929	test_loss: 4.1279 test_accuracy: 0.2000	F1: 0.1347 Prec: 0.1469 Rec: 0.2000
train: {'epoch': 63, 'time_epoch': 1.72186, 'eta': 339.42687, 'eta_hours': 0.09429, 'loss': 0.61874512, 'lr': 0.00085132, 'params': 276757, 'time_iter': 0.00984, 'accuracy': 0.79283, 'f1': 0.79253, 'auc': 0.98962}
val: {'epoch': 63, 'time_epoch': 0.07314, 'loss': 8.84935861, 'lr': 0, 'params': 276757, 'time_iter': 0.00522, 'accuracy': 0.09286, 'f1': 0.05527, 'auc': 0.70702}
test: {'epoch': 63, 'time_epoch': 0.07393, 'loss': 13.73623286, 'lr': 0, 'params': 276757, 'time_iter': 0.00528, 'accuracy': 0.07857, 'f1': 0.02782, 'auc': 0.69643}
> Epoch 63: took 1.9s (avg 2.1s) | Best so far: epoch 48	train_loss: 0.7402 train_accuracy: 0.7541	val_loss: 2.8282 val_accuracy: 0.2929	test_loss: 4.1279 test_accuracy: 0.2000	F1: 0.1347 Prec: 0.1469 Rec: 0.2000
train: {'epoch': 64, 'time_epoch': 1.82672, 'eta': 337.60723, 'eta_hours': 0.09378, 'loss': 0.60755908, 'lr': 0.00084683, 'params': 276757, 'time_iter': 0.01044, 'accuracy': 0.79695, 'f1': 0.79686, 'auc': 0.98999}
val: {'epoch': 64, 'time_epoch': 0.0693, 'loss': 5.0176931, 'lr': 0, 'params': 276757, 'time_iter': 0.00495, 'accuracy': 0.2, 'f1': 0.12552, 'auc': 0.80279}
test: {'epoch': 64, 'time_epoch': 0.07005, 'loss': 6.14767054, 'lr': 0, 'params': 276757, 'time_iter': 0.005, 'accuracy': 0.08333, 'f1': 0.04172, 'auc': 0.75473}
> Epoch 64: took 2.0s (avg 2.1s) | Best so far: epoch 48	train_loss: 0.7402 train_accuracy: 0.7541	val_loss: 2.8282 val_accuracy: 0.2929	test_loss: 4.1279 test_accuracy: 0.2000	F1: 0.1347 Prec: 0.1469 Rec: 0.2000
train: {'epoch': 65, 'time_epoch': 1.84971, 'eta': 335.8515, 'eta_hours': 0.09329, 'loss': 0.59513045, 'lr': 0.00084227, 'params': 276757, 'time_iter': 0.01057, 'accuracy': 0.80125, 'f1': 0.80124, 'auc': 0.9903}
val: {'epoch': 65, 'time_epoch': 0.09039, 'loss': 6.51249274, 'lr': 0, 'params': 276757, 'time_iter': 0.00646, 'accuracy': 0.08333, 'f1': 0.04659, 'auc': 0.76227}
test: {'epoch': 65, 'time_epoch': 0.07212, 'loss': 10.59884687, 'lr': 0, 'params': 276757, 'time_iter': 0.00515, 'accuracy': 0.09286, 'f1': 0.03712, 'auc': 0.70233}
> Epoch 65: took 2.1s (avg 2.1s) | Best so far: epoch 48	train_loss: 0.7402 train_accuracy: 0.7541	val_loss: 2.8282 val_accuracy: 0.2929	test_loss: 4.1279 test_accuracy: 0.2000	F1: 0.1347 Prec: 0.1469 Rec: 0.2000
train: {'epoch': 66, 'time_epoch': 1.69009, 'eta': 333.65697, 'eta_hours': 0.09268, 'loss': 0.60588185, 'lr': 0.00083767, 'params': 276757, 'time_iter': 0.00966, 'accuracy': 0.8, 'f1': 0.7999, 'auc': 0.99002}
val: {'epoch': 66, 'time_epoch': 0.09198, 'loss': 6.44266698, 'lr': 0, 'params': 276757, 'time_iter': 0.00657, 'accuracy': 0.13571, 'f1': 0.07236, 'auc': 0.75342}
test: {'epoch': 66, 'time_epoch': 0.06793, 'loss': 8.58570153, 'lr': 0, 'params': 276757, 'time_iter': 0.00485, 'accuracy': 0.10238, 'f1': 0.04902, 'auc': 0.70641}
> Epoch 66: took 2.0s (avg 2.1s) | Best so far: epoch 48	train_loss: 0.7402 train_accuracy: 0.7541	val_loss: 2.8282 val_accuracy: 0.2929	test_loss: 4.1279 test_accuracy: 0.2000	F1: 0.1347 Prec: 0.1469 Rec: 0.2000
train: {'epoch': 67, 'time_epoch': 1.75548, 'eta': 331.65229, 'eta_hours': 0.09213, 'loss': 0.60348345, 'lr': 0.00083301, 'params': 276757, 'time_iter': 0.01003, 'accuracy': 0.79964, 'f1': 0.79952, 'auc': 0.99}
val: {'epoch': 67, 'time_epoch': 0.07447, 'loss': 4.93362379, 'lr': 0, 'params': 276757, 'time_iter': 0.00532, 'accuracy': 0.17619, 'f1': 0.11025, 'auc': 0.83702}
test: {'epoch': 67, 'time_epoch': 0.07059, 'loss': 6.83560688, 'lr': 0, 'params': 276757, 'time_iter': 0.00504, 'accuracy': 0.13333, 'f1': 0.04942, 'auc': 0.75253}
> Epoch 67: took 2.0s (avg 2.1s) | Best so far: epoch 48	train_loss: 0.7402 train_accuracy: 0.7541	val_loss: 2.8282 val_accuracy: 0.2929	test_loss: 4.1279 test_accuracy: 0.2000	F1: 0.1347 Prec: 0.1469 Rec: 0.2000
train: {'epoch': 68, 'time_epoch': 1.69968, 'eta': 329.50846, 'eta_hours': 0.09153, 'loss': 0.60054616, 'lr': 0.00082829, 'params': 276757, 'time_iter': 0.00971, 'accuracy': 0.80054, 'f1': 0.80052, 'auc': 0.99017}
val: {'epoch': 68, 'time_epoch': 0.06924, 'loss': 2.78616405, 'lr': 0, 'params': 276757, 'time_iter': 0.00495, 'accuracy': 0.35238, 'f1': 0.30058, 'auc': 0.87549}
test: {'epoch': 68, 'time_epoch': 0.07149, 'loss': 5.38221276, 'lr': 0, 'params': 276757, 'time_iter': 0.00511, 'accuracy': 0.14762, 'f1': 0.11629, 'auc': 0.74705}
[*] Confusion Matrix saved to: results_lopo_none/NI_3m\Conf\confusion_matrix_epoch_68.png
> Epoch 68: took 1.9s (avg 2.1s) | Best so far: epoch 68	train_loss: 0.6005 train_accuracy: 0.8005	val_loss: 2.7862 val_accuracy: 0.3524	test_loss: 5.3822 test_accuracy: 0.1476	F1: 0.1163 Prec: 0.1895 Rec: 0.1476
train: {'epoch': 69, 'time_epoch': 1.7717, 'eta': 327.56251, 'eta_hours': 0.09099, 'loss': 0.56156035, 'lr': 0.00082353, 'params': 276757, 'time_iter': 0.01012, 'accuracy': 0.8095, 'f1': 0.80925, 'auc': 0.99142}
val: {'epoch': 69, 'time_epoch': 0.07022, 'loss': 3.43734646, 'lr': 0, 'params': 276757, 'time_iter': 0.00502, 'accuracy': 0.27143, 'f1': 0.21249, 'auc': 0.8427}
test: {'epoch': 69, 'time_epoch': 0.07232, 'loss': 7.09506428, 'lr': 0, 'params': 276757, 'time_iter': 0.00517, 'accuracy': 0.12619, 'f1': 0.06502, 'auc': 0.76558}
> Epoch 69: took 2.0s (avg 2.1s) | Best so far: epoch 68	train_loss: 0.6005 train_accuracy: 0.8005	val_loss: 2.7862 val_accuracy: 0.3524	test_loss: 5.3822 test_accuracy: 0.1476	F1: 0.1163 Prec: 0.1895 Rec: 0.1476
train: {'epoch': 70, 'time_epoch': 1.83565, 'eta': 325.7827, 'eta_hours': 0.0905, 'loss': 0.58489459, 'lr': 0.00081871, 'params': 276757, 'time_iter': 0.01049, 'accuracy': 0.80645, 'f1': 0.8063, 'auc': 0.99059}
val: {'epoch': 70, 'time_epoch': 0.07881, 'loss': 6.59183429, 'lr': 0, 'params': 276757, 'time_iter': 0.00563, 'accuracy': 0.10714, 'f1': 0.07274, 'auc': 0.73726}
test: {'epoch': 70, 'time_epoch': 0.07917, 'loss': 10.15039251, 'lr': 0, 'params': 276757, 'time_iter': 0.00565, 'accuracy': 0.09762, 'f1': 0.04244, 'auc': 0.68548}
> Epoch 70: took 2.1s (avg 2.1s) | Best so far: epoch 68	train_loss: 0.6005 train_accuracy: 0.8005	val_loss: 2.7862 val_accuracy: 0.3524	test_loss: 5.3822 test_accuracy: 0.1476	F1: 0.1163 Prec: 0.1895 Rec: 0.1476
train: {'epoch': 71, 'time_epoch': 1.81738, 'eta': 323.95616, 'eta_hours': 0.08999, 'loss': 0.58327353, 'lr': 0.00081385, 'params': 276757, 'time_iter': 0.01039, 'accuracy': 0.80556, 'f1': 0.80524, 'auc': 0.99065}
val: {'epoch': 71, 'time_epoch': 0.06954, 'loss': 5.37948337, 'lr': 0, 'params': 276757, 'time_iter': 0.00497, 'accuracy': 0.19286, 'f1': 0.10484, 'auc': 0.82219}
test: {'epoch': 71, 'time_epoch': 0.06843, 'loss': 9.28674093, 'lr': 0, 'params': 276757, 'time_iter': 0.00489, 'accuracy': 0.13571, 'f1': 0.03869, 'auc': 0.7664}
> Epoch 71: took 2.0s (avg 2.1s) | Best so far: epoch 68	train_loss: 0.6005 train_accuracy: 0.8005	val_loss: 2.7862 val_accuracy: 0.3524	test_loss: 5.3822 test_accuracy: 0.1476	F1: 0.1163 Prec: 0.1895 Rec: 0.1476
train: {'epoch': 72, 'time_epoch': 1.98016, 'eta': 322.52456, 'eta_hours': 0.08959, 'loss': 0.55502021, 'lr': 0.00080893, 'params': 276757, 'time_iter': 0.01132, 'accuracy': 0.81631, 'f1': 0.81619, 'auc': 0.99135}
val: {'epoch': 72, 'time_epoch': 0.07145, 'loss': 6.52894326, 'lr': 0, 'params': 276757, 'time_iter': 0.0051, 'accuracy': 0.14524, 'f1': 0.08621, 'auc': 0.76405}
test: {'epoch': 72, 'time_epoch': 0.08158, 'loss': 11.59878277, 'lr': 0, 'params': 276757, 'time_iter': 0.00583, 'accuracy': 0.1119, 'f1': 0.03541, 'auc': 0.71306}
> Epoch 72: took 2.2s (avg 2.1s) | Best so far: epoch 68	train_loss: 0.6005 train_accuracy: 0.8005	val_loss: 2.7862 val_accuracy: 0.3524	test_loss: 5.3822 test_accuracy: 0.1476	F1: 0.1163 Prec: 0.1895 Rec: 0.1476
train: {'epoch': 73, 'time_epoch': 1.91403, 'eta': 320.92087, 'eta_hours': 0.08914, 'loss': 0.5439922, 'lr': 0.00080397, 'params': 276757, 'time_iter': 0.01094, 'accuracy': 0.81792, 'f1': 0.81803, 'auc': 0.99191}
val: {'epoch': 73, 'time_epoch': 0.07089, 'loss': 9.89525118, 'lr': 0, 'params': 276757, 'time_iter': 0.00506, 'accuracy': 0.15476, 'f1': 0.10256, 'auc': 0.76205}
test: {'epoch': 73, 'time_epoch': 0.10096, 'loss': 17.42388344, 'lr': 0, 'params': 276757, 'time_iter': 0.00721, 'accuracy': 0.09048, 'f1': 0.05116, 'auc': 0.63462}
> Epoch 73: took 2.2s (avg 2.1s) | Best so far: epoch 68	train_loss: 0.6005 train_accuracy: 0.8005	val_loss: 2.7862 val_accuracy: 0.3524	test_loss: 5.3822 test_accuracy: 0.1476	F1: 0.1163 Prec: 0.1895 Rec: 0.1476
train: {'epoch': 74, 'time_epoch': 2.27415, 'eta': 320.14917, 'eta_hours': 0.08893, 'loss': 0.552253, 'lr': 0.00079895, 'params': 276757, 'time_iter': 0.013, 'accuracy': 0.81595, 'f1': 0.8158, 'auc': 0.99171}
val: {'epoch': 74, 'time_epoch': 0.09178, 'loss': 4.48353689, 'lr': 0, 'params': 276757, 'time_iter': 0.00656, 'accuracy': 0.20238, 'f1': 0.10066, 'auc': 0.82202}
test: {'epoch': 74, 'time_epoch': 0.07153, 'loss': 10.06210714, 'lr': 0, 'params': 276757, 'time_iter': 0.00511, 'accuracy': 0.12143, 'f1': 0.05049, 'auc': 0.69418}
> Epoch 74: took 2.5s (avg 2.1s) | Best so far: epoch 68	train_loss: 0.6005 train_accuracy: 0.8005	val_loss: 2.7862 val_accuracy: 0.3524	test_loss: 5.3822 test_accuracy: 0.1476	F1: 0.1163 Prec: 0.1895 Rec: 0.1476
train: {'epoch': 75, 'time_epoch': 2.05184, 'eta': 318.82897, 'eta_hours': 0.08856, 'loss': 0.56271217, 'lr': 0.00079389, 'params': 276757, 'time_iter': 0.01172, 'accuracy': 0.81022, 'f1': 0.81015, 'auc': 0.99141}
val: {'epoch': 75, 'time_epoch': 0.07198, 'loss': 5.37399196, 'lr': 0, 'params': 276757, 'time_iter': 0.00514, 'accuracy': 0.2119, 'f1': 0.11796, 'auc': 0.85555}
test: {'epoch': 75, 'time_epoch': 0.07947, 'loss': 9.13075681, 'lr': 0, 'params': 276757, 'time_iter': 0.00568, 'accuracy': 0.15, 'f1': 0.06533, 'auc': 0.82001}
> Epoch 75: took 2.3s (avg 2.1s) | Best so far: epoch 68	train_loss: 0.6005 train_accuracy: 0.8005	val_loss: 2.7862 val_accuracy: 0.3524	test_loss: 5.3822 test_accuracy: 0.1476	F1: 0.1163 Prec: 0.1895 Rec: 0.1476
train: {'epoch': 76, 'time_epoch': 2.08185, 'eta': 317.55718, 'eta_hours': 0.08821, 'loss': 0.57806968, 'lr': 0.00078879, 'params': 276757, 'time_iter': 0.0119, 'accuracy': 0.81039, 'f1': 0.81035, 'auc': 0.9908}
val: {'epoch': 76, 'time_epoch': 0.07937, 'loss': 1.96800129, 'lr': 0, 'params': 276757, 'time_iter': 0.00567, 'accuracy': 0.49762, 'f1': 0.42901, 'auc': 0.93177}
test: {'epoch': 76, 'time_epoch': 0.0834, 'loss': 2.6050746, 'lr': 0, 'params': 276757, 'time_iter': 0.00596, 'accuracy': 0.3119, 'f1': 0.28914, 'auc': 0.87496}
[*] Confusion Matrix saved to: results_lopo_none/NI_3m\Conf\confusion_matrix_epoch_76.png
> Epoch 76: took 2.3s (avg 2.1s) | Best so far: epoch 76	train_loss: 0.5781 train_accuracy: 0.8104	val_loss: 1.9680 val_accuracy: 0.4976	test_loss: 2.6051 test_accuracy: 0.3119	F1: 0.2891 Prec: 0.3387 Rec: 0.3119
train: {'epoch': 77, 'time_epoch': 2.04312, 'eta': 316.17923, 'eta_hours': 0.08783, 'loss': 0.58368258, 'lr': 0.00078363, 'params': 276757, 'time_iter': 0.01167, 'accuracy': 0.80394, 'f1': 0.80391, 'auc': 0.99076}
val: {'epoch': 77, 'time_epoch': 0.09719, 'loss': 3.22401248, 'lr': 0, 'params': 276757, 'time_iter': 0.00694, 'accuracy': 0.27857, 'f1': 0.18745, 'auc': 0.86942}
test: {'epoch': 77, 'time_epoch': 0.07944, 'loss': 4.03312322, 'lr': 0, 'params': 276757, 'time_iter': 0.00567, 'accuracy': 0.20714, 'f1': 0.15526, 'auc': 0.80036}
> Epoch 77: took 2.3s (avg 2.1s) | Best so far: epoch 76	train_loss: 0.5781 train_accuracy: 0.8104	val_loss: 1.9680 val_accuracy: 0.4976	test_loss: 2.6051 test_accuracy: 0.3119	F1: 0.2891 Prec: 0.3387 Rec: 0.3119
train: {'epoch': 78, 'time_epoch': 1.9249, 'eta': 314.52853, 'eta_hours': 0.08737, 'loss': 0.56014901, 'lr': 0.00077844, 'params': 276757, 'time_iter': 0.011, 'accuracy': 0.81685, 'f1': 0.81674, 'auc': 0.99155}
val: {'epoch': 78, 'time_epoch': 0.06829, 'loss': 3.28548232, 'lr': 0, 'params': 276757, 'time_iter': 0.00488, 'accuracy': 0.25714, 'f1': 0.19116, 'auc': 0.85267}
test: {'epoch': 78, 'time_epoch': 0.09237, 'loss': 4.67574768, 'lr': 0, 'params': 276757, 'time_iter': 0.0066, 'accuracy': 0.16905, 'f1': 0.09654, 'auc': 0.81304}
> Epoch 78: took 2.2s (avg 2.1s) | Best so far: epoch 76	train_loss: 0.5781 train_accuracy: 0.8104	val_loss: 1.9680 val_accuracy: 0.4976	test_loss: 2.6051 test_accuracy: 0.3119	F1: 0.2891 Prec: 0.3387 Rec: 0.3119
train: {'epoch': 79, 'time_epoch': 1.72805, 'eta': 312.45268, 'eta_hours': 0.08679, 'loss': 0.52419957, 'lr': 0.0007732, 'params': 276757, 'time_iter': 0.00987, 'accuracy': 0.82563, 'f1': 0.82555, 'auc': 0.99243}
val: {'epoch': 79, 'time_epoch': 0.07166, 'loss': 5.96404363, 'lr': 0, 'params': 276757, 'time_iter': 0.00512, 'accuracy': 0.11905, 'f1': 0.05812, 'auc': 0.7949}
test: {'epoch': 79, 'time_epoch': 0.0733, 'loss': 10.026786, 'lr': 0, 'params': 276757, 'time_iter': 0.00524, 'accuracy': 0.12619, 'f1': 0.03877, 'auc': 0.72137}
> Epoch 79: took 2.0s (avg 2.1s) | Best so far: epoch 76	train_loss: 0.5781 train_accuracy: 0.8104	val_loss: 1.9680 val_accuracy: 0.4976	test_loss: 2.6051 test_accuracy: 0.3119	F1: 0.2891 Prec: 0.3387 Rec: 0.3119
train: {'epoch': 80, 'time_epoch': 1.71492, 'eta': 310.35801, 'eta_hours': 0.08621, 'loss': 0.53044684, 'lr': 0.00076791, 'params': 276757, 'time_iter': 0.0098, 'accuracy': 0.82437, 'f1': 0.82444, 'auc': 0.9922}
val: {'epoch': 80, 'time_epoch': 0.08332, 'loss': 5.36707223, 'lr': 0, 'params': 276757, 'time_iter': 0.00595, 'accuracy': 0.15952, 'f1': 0.1022, 'auc': 0.81449}
test: {'epoch': 80, 'time_epoch': 0.06824, 'loss': 10.13630315, 'lr': 0, 'params': 276757, 'time_iter': 0.00487, 'accuracy': 0.11667, 'f1': 0.06754, 'auc': 0.66422}
> Epoch 80: took 1.9s (avg 2.1s) | Best so far: epoch 76	train_loss: 0.5781 train_accuracy: 0.8104	val_loss: 1.9680 val_accuracy: 0.4976	test_loss: 2.6051 test_accuracy: 0.3119	F1: 0.2891 Prec: 0.3387 Rec: 0.3119
train: {'epoch': 81, 'time_epoch': 1.77946, 'eta': 308.40483, 'eta_hours': 0.08567, 'loss': 0.54183558, 'lr': 0.00076259, 'params': 276757, 'time_iter': 0.01017, 'accuracy': 0.82509, 'f1': 0.82488, 'auc': 0.99159}
val: {'epoch': 81, 'time_epoch': 0.0756, 'loss': 9.12088817, 'lr': 0, 'params': 276757, 'time_iter': 0.0054, 'accuracy': 0.15, 'f1': 0.09789, 'auc': 0.74862}
test: {'epoch': 81, 'time_epoch': 0.06882, 'loss': 16.66876486, 'lr': 0, 'params': 276757, 'time_iter': 0.00492, 'accuracy': 0.05714, 'f1': 0.02278, 'auc': 0.60886}
> Epoch 81: took 2.0s (avg 2.1s) | Best so far: epoch 76	train_loss: 0.5781 train_accuracy: 0.8104	val_loss: 1.9680 val_accuracy: 0.4976	test_loss: 2.6051 test_accuracy: 0.3119	F1: 0.2891 Prec: 0.3387 Rec: 0.3119
train: {'epoch': 82, 'time_epoch': 1.8405, 'eta': 306.57866, 'eta_hours': 0.08516, 'loss': 0.53282638, 'lr': 0.00075722, 'params': 276757, 'time_iter': 0.01052, 'accuracy': 0.8233, 'f1': 0.82322, 'auc': 0.9922}
val: {'epoch': 82, 'time_epoch': 0.07866, 'loss': 5.13668729, 'lr': 0, 'params': 276757, 'time_iter': 0.00562, 'accuracy': 0.1, 'f1': 0.04978, 'auc': 0.8012}
test: {'epoch': 82, 'time_epoch': 0.08764, 'loss': 8.21437217, 'lr': 0, 'params': 276757, 'time_iter': 0.00626, 'accuracy': 0.11667, 'f1': 0.03411, 'auc': 0.76404}
> Epoch 82: took 2.1s (avg 2.1s) | Best so far: epoch 76	train_loss: 0.5781 train_accuracy: 0.8104	val_loss: 1.9680 val_accuracy: 0.4976	test_loss: 2.6051 test_accuracy: 0.3119	F1: 0.2891 Prec: 0.3387 Rec: 0.3119
train: {'epoch': 83, 'time_epoch': 1.81522, 'eta': 304.70219, 'eta_hours': 0.08464, 'loss': 0.54057963, 'lr': 0.00075181, 'params': 276757, 'time_iter': 0.01037, 'accuracy': 0.82276, 'f1': 0.82261, 'auc': 0.99178}
val: {'epoch': 83, 'time_epoch': 0.08944, 'loss': 4.49716677, 'lr': 0, 'params': 276757, 'time_iter': 0.00639, 'accuracy': 0.25952, 'f1': 0.17177, 'auc': 0.84408}
test: {'epoch': 83, 'time_epoch': 0.11069, 'loss': 8.54860734, 'lr': 0, 'params': 276757, 'time_iter': 0.00791, 'accuracy': 0.13333, 'f1': 0.03912, 'auc': 0.77747}
> Epoch 83: took 2.1s (avg 2.1s) | Best so far: epoch 76	train_loss: 0.5781 train_accuracy: 0.8104	val_loss: 1.9680 val_accuracy: 0.4976	test_loss: 2.6051 test_accuracy: 0.3119	F1: 0.2891 Prec: 0.3387 Rec: 0.3119
train: {'epoch': 84, 'time_epoch': 2.01506, 'eta': 303.21509, 'eta_hours': 0.08423, 'loss': 0.50522821, 'lr': 0.00074636, 'params': 276757, 'time_iter': 0.01151, 'accuracy': 0.83584, 'f1': 0.83568, 'auc': 0.99293}
val: {'epoch': 84, 'time_epoch': 0.07422, 'loss': 6.20612391, 'lr': 0, 'params': 276757, 'time_iter': 0.0053, 'accuracy': 0.09048, 'f1': 0.0638, 'auc': 0.76915}
test: {'epoch': 84, 'time_epoch': 0.06971, 'loss': 9.60177733, 'lr': 0, 'params': 276757, 'time_iter': 0.00498, 'accuracy': 0.06429, 'f1': 0.0175, 'auc': 0.68893}
> Epoch 84: took 2.2s (avg 2.1s) | Best so far: epoch 76	train_loss: 0.5781 train_accuracy: 0.8104	val_loss: 1.9680 val_accuracy: 0.4976	test_loss: 2.6051 test_accuracy: 0.3119	F1: 0.2891 Prec: 0.3387 Rec: 0.3119
train: {'epoch': 85, 'time_epoch': 1.79419, 'eta': 301.29451, 'eta_hours': 0.08369, 'loss': 0.50905293, 'lr': 0.00074088, 'params': 276757, 'time_iter': 0.01025, 'accuracy': 0.83459, 'f1': 0.83451, 'auc': 0.99277}
val: {'epoch': 85, 'time_epoch': 0.06261, 'loss': 2.23609809, 'lr': 0, 'params': 276757, 'time_iter': 0.00447, 'accuracy': 0.42143, 'f1': 0.37122, 'auc': 0.91782}
test: {'epoch': 85, 'time_epoch': 0.09519, 'loss': 4.39235248, 'lr': 0, 'params': 276757, 'time_iter': 0.0068, 'accuracy': 0.15476, 'f1': 0.1215, 'auc': 0.81568}
> Epoch 85: took 2.1s (avg 2.1s) | Best so far: epoch 76	train_loss: 0.5781 train_accuracy: 0.8104	val_loss: 1.9680 val_accuracy: 0.4976	test_loss: 2.6051 test_accuracy: 0.3119	F1: 0.2891 Prec: 0.3387 Rec: 0.3119
train: {'epoch': 86, 'time_epoch': 1.87051, 'eta': 299.51983, 'eta_hours': 0.0832, 'loss': 0.49370498, 'lr': 0.00073535, 'params': 276757, 'time_iter': 0.01069, 'accuracy': 0.83423, 'f1': 0.83409, 'auc': 0.99342}
val: {'epoch': 86, 'time_epoch': 0.08803, 'loss': 4.27375151, 'lr': 0, 'params': 276757, 'time_iter': 0.00629, 'accuracy': 0.20952, 'f1': 0.11513, 'auc': 0.84824}
test: {'epoch': 86, 'time_epoch': 0.13118, 'loss': 8.4656851, 'lr': 0, 'params': 276757, 'time_iter': 0.00937, 'accuracy': 0.12619, 'f1': 0.04629, 'auc': 0.76562}
> Epoch 86: took 2.2s (avg 2.1s) | Best so far: epoch 76	train_loss: 0.5781 train_accuracy: 0.8104	val_loss: 1.9680 val_accuracy: 0.4976	test_loss: 2.6051 test_accuracy: 0.3119	F1: 0.2891 Prec: 0.3387 Rec: 0.3119
train: {'epoch': 87, 'time_epoch': 1.80092, 'eta': 297.61486, 'eta_hours': 0.08267, 'loss': 0.49962312, 'lr': 0.00072979, 'params': 276757, 'time_iter': 0.01029, 'accuracy': 0.82724, 'f1': 0.82722, 'auc': 0.99331}
val: {'epoch': 87, 'time_epoch': 0.09435, 'loss': 5.91063976, 'lr': 0, 'params': 276757, 'time_iter': 0.00674, 'accuracy': 0.20476, 'f1': 0.11762, 'auc': 0.83603}
test: {'epoch': 87, 'time_epoch': 0.07599, 'loss': 8.19702838, 'lr': 0, 'params': 276757, 'time_iter': 0.00543, 'accuracy': 0.15476, 'f1': 0.09825, 'auc': 0.78166}
> Epoch 87: took 2.0s (avg 2.1s) | Best so far: epoch 76	train_loss: 0.5781 train_accuracy: 0.8104	val_loss: 1.9680 val_accuracy: 0.4976	test_loss: 2.6051 test_accuracy: 0.3119	F1: 0.2891 Prec: 0.3387 Rec: 0.3119
train: {'epoch': 88, 'time_epoch': 1.68696, 'eta': 295.50607, 'eta_hours': 0.08209, 'loss': 0.51188117, 'lr': 0.00072419, 'params': 276757, 'time_iter': 0.00964, 'accuracy': 0.82903, 'f1': 0.82897, 'auc': 0.99285}
val: {'epoch': 88, 'time_epoch': 0.06791, 'loss': 6.160526, 'lr': 0, 'params': 276757, 'time_iter': 0.00485, 'accuracy': 0.1619, 'f1': 0.08164, 'auc': 0.80663}
test: {'epoch': 88, 'time_epoch': 0.07359, 'loss': 9.53689997, 'lr': 0, 'params': 276757, 'time_iter': 0.00526, 'accuracy': 0.1119, 'f1': 0.04171, 'auc': 0.77913}
> Epoch 88: took 1.9s (avg 2.1s) | Best so far: epoch 76	train_loss: 0.5781 train_accuracy: 0.8104	val_loss: 1.9680 val_accuracy: 0.4976	test_loss: 2.6051 test_accuracy: 0.3119	F1: 0.2891 Prec: 0.3387 Rec: 0.3119
train: {'epoch': 89, 'time_epoch': 1.77927, 'eta': 293.57076, 'eta_hours': 0.08155, 'loss': 0.50507499, 'lr': 0.00071856, 'params': 276757, 'time_iter': 0.01017, 'accuracy': 0.83728, 'f1': 0.83715, 'auc': 0.9928}
val: {'epoch': 89, 'time_epoch': 0.06861, 'loss': 6.06638862, 'lr': 0, 'params': 276757, 'time_iter': 0.0049, 'accuracy': 0.19286, 'f1': 0.13553, 'auc': 0.81438}
test: {'epoch': 89, 'time_epoch': 0.07593, 'loss': 10.38430755, 'lr': 0, 'params': 276757, 'time_iter': 0.00542, 'accuracy': 0.11905, 'f1': 0.04831, 'auc': 0.70601}
> Epoch 89: took 2.0s (avg 2.1s) | Best so far: epoch 76	train_loss: 0.5781 train_accuracy: 0.8104	val_loss: 1.9680 val_accuracy: 0.4976	test_loss: 2.6051 test_accuracy: 0.3119	F1: 0.2891 Prec: 0.3387 Rec: 0.3119
train: {'epoch': 90, 'time_epoch': 1.80335, 'eta': 291.68096, 'eta_hours': 0.08102, 'loss': 0.49249778, 'lr': 0.00071289, 'params': 276757, 'time_iter': 0.0103, 'accuracy': 0.83656, 'f1': 0.83653, 'auc': 0.99347}
val: {'epoch': 90, 'time_epoch': 0.09013, 'loss': 3.28535199, 'lr': 0, 'params': 276757, 'time_iter': 0.00644, 'accuracy': 0.33095, 'f1': 0.25638, 'auc': 0.87223}
test: {'epoch': 90, 'time_epoch': 0.09847, 'loss': 5.19619262, 'lr': 0, 'params': 276757, 'time_iter': 0.00703, 'accuracy': 0.2, 'f1': 0.12973, 'auc': 0.79775}
> Epoch 90: took 2.1s (avg 2.1s) | Best so far: epoch 76	train_loss: 0.5781 train_accuracy: 0.8104	val_loss: 1.9680 val_accuracy: 0.4976	test_loss: 2.6051 test_accuracy: 0.3119	F1: 0.2891 Prec: 0.3387 Rec: 0.3119
train: {'epoch': 91, 'time_epoch': 1.85699, 'eta': 289.88516, 'eta_hours': 0.08052, 'loss': 0.47566148, 'lr': 0.00070719, 'params': 276757, 'time_iter': 0.01061, 'accuracy': 0.84821, 'f1': 0.84812, 'auc': 0.99368}
val: {'epoch': 91, 'time_epoch': 0.06721, 'loss': 5.90578147, 'lr': 0, 'params': 276757, 'time_iter': 0.0048, 'accuracy': 0.12857, 'f1': 0.06204, 'auc': 0.78983}
test: {'epoch': 91, 'time_epoch': 0.06826, 'loss': 9.18269287, 'lr': 0, 'params': 276757, 'time_iter': 0.00488, 'accuracy': 0.09524, 'f1': 0.03373, 'auc': 0.72057}
> Epoch 91: took 2.1s (avg 2.1s) | Best so far: epoch 76	train_loss: 0.5781 train_accuracy: 0.8104	val_loss: 1.9680 val_accuracy: 0.4976	test_loss: 2.6051 test_accuracy: 0.3119	F1: 0.2891 Prec: 0.3387 Rec: 0.3119
train: {'epoch': 92, 'time_epoch': 1.94026, 'eta': 288.22863, 'eta_hours': 0.08006, 'loss': 0.48803986, 'lr': 0.00070145, 'params': 276757, 'time_iter': 0.01109, 'accuracy': 0.8448, 'f1': 0.84478, 'auc': 0.99323}
val: {'epoch': 92, 'time_epoch': 0.10786, 'loss': 6.55565337, 'lr': 0, 'params': 276757, 'time_iter': 0.0077, 'accuracy': 0.14762, 'f1': 0.06662, 'auc': 0.81476}
test: {'epoch': 92, 'time_epoch': 0.09274, 'loss': 11.55077725, 'lr': 0, 'params': 276757, 'time_iter': 0.00662, 'accuracy': 0.10952, 'f1': 0.04867, 'auc': 0.6983}
> Epoch 92: took 2.2s (avg 2.1s) | Best so far: epoch 76	train_loss: 0.5781 train_accuracy: 0.8104	val_loss: 1.9680 val_accuracy: 0.4976	test_loss: 2.6051 test_accuracy: 0.3119	F1: 0.2891 Prec: 0.3387 Rec: 0.3119
train: {'epoch': 93, 'time_epoch': 1.80868, 'eta': 286.34767, 'eta_hours': 0.07954, 'loss': 0.4961932, 'lr': 0.00069569, 'params': 276757, 'time_iter': 0.01034, 'accuracy': 0.83047, 'f1': 0.8303, 'auc': 0.99331}
val: {'epoch': 93, 'time_epoch': 0.06424, 'loss': 7.94471375, 'lr': 0, 'params': 276757, 'time_iter': 0.00459, 'accuracy': 0.1, 'f1': 0.04594, 'auc': 0.772}
test: {'epoch': 93, 'time_epoch': 0.08188, 'loss': 13.70593936, 'lr': 0, 'params': 276757, 'time_iter': 0.00585, 'accuracy': 0.06429, 'f1': 0.02969, 'auc': 0.63993}
> Epoch 93: took 2.0s (avg 2.1s) | Best so far: epoch 76	train_loss: 0.5781 train_accuracy: 0.8104	val_loss: 1.9680 val_accuracy: 0.4976	test_loss: 2.6051 test_accuracy: 0.3119	F1: 0.2891 Prec: 0.3387 Rec: 0.3119
train: {'epoch': 94, 'time_epoch': 2.06552, 'eta': 284.8873, 'eta_hours': 0.07914, 'loss': 0.4759538, 'lr': 0.00068989, 'params': 276757, 'time_iter': 0.0118, 'accuracy': 0.84409, 'f1': 0.844, 'auc': 0.99371}
val: {'epoch': 94, 'time_epoch': 0.06515, 'loss': 6.16493599, 'lr': 0, 'params': 276757, 'time_iter': 0.00465, 'accuracy': 0.17381, 'f1': 0.09575, 'auc': 0.81832}
test: {'epoch': 94, 'time_epoch': 0.10119, 'loss': 9.82441609, 'lr': 0, 'params': 276757, 'time_iter': 0.00723, 'accuracy': 0.14048, 'f1': 0.05739, 'auc': 0.75118}
> Epoch 94: took 2.3s (avg 2.1s) | Best so far: epoch 76	train_loss: 0.5781 train_accuracy: 0.8104	val_loss: 1.9680 val_accuracy: 0.4976	test_loss: 2.6051 test_accuracy: 0.3119	F1: 0.2891 Prec: 0.3387 Rec: 0.3119
train: {'epoch': 95, 'time_epoch': 1.8258, 'eta': 283.02977, 'eta_hours': 0.07862, 'loss': 0.47835087, 'lr': 0.00068406, 'params': 276757, 'time_iter': 0.01043, 'accuracy': 0.84462, 'f1': 0.84443, 'auc': 0.99365}
val: {'epoch': 95, 'time_epoch': 0.11314, 'loss': 3.18882798, 'lr': 0, 'params': 276757, 'time_iter': 0.00808, 'accuracy': 0.30238, 'f1': 0.23818, 'auc': 0.87715}
test: {'epoch': 95, 'time_epoch': 0.07081, 'loss': 5.86909283, 'lr': 0, 'params': 276757, 'time_iter': 0.00506, 'accuracy': 0.13333, 'f1': 0.08889, 'auc': 0.77585}
> Epoch 95: took 2.1s (avg 2.1s) | Best so far: epoch 76	train_loss: 0.5781 train_accuracy: 0.8104	val_loss: 1.9680 val_accuracy: 0.4976	test_loss: 2.6051 test_accuracy: 0.3119	F1: 0.2891 Prec: 0.3387 Rec: 0.3119
train: {'epoch': 96, 'time_epoch': 2.094, 'eta': 281.59593, 'eta_hours': 0.07822, 'loss': 0.45284732, 'lr': 0.00067821, 'params': 276757, 'time_iter': 0.01197, 'accuracy': 0.8509, 'f1': 0.85082, 'auc': 0.99437}
val: {'epoch': 96, 'time_epoch': 0.07141, 'loss': 4.82954946, 'lr': 0, 'params': 276757, 'time_iter': 0.0051, 'accuracy': 0.24762, 'f1': 0.15721, 'auc': 0.85307}
test: {'epoch': 96, 'time_epoch': 0.07199, 'loss': 8.02467344, 'lr': 0, 'params': 276757, 'time_iter': 0.00514, 'accuracy': 0.1381, 'f1': 0.07474, 'auc': 0.75315}
> Epoch 96: took 2.3s (avg 2.1s) | Best so far: epoch 76	train_loss: 0.5781 train_accuracy: 0.8104	val_loss: 1.9680 val_accuracy: 0.4976	test_loss: 2.6051 test_accuracy: 0.3119	F1: 0.2891 Prec: 0.3387 Rec: 0.3119
train: {'epoch': 97, 'time_epoch': 1.75998, 'eta': 279.63056, 'eta_hours': 0.07768, 'loss': 0.45884704, 'lr': 0.00067232, 'params': 276757, 'time_iter': 0.01006, 'accuracy': 0.84534, 'f1': 0.84519, 'auc': 0.9942}
val: {'epoch': 97, 'time_epoch': 0.08849, 'loss': 8.07542533, 'lr': 0, 'params': 276757, 'time_iter': 0.00632, 'accuracy': 0.11905, 'f1': 0.05503, 'auc': 0.74221}
test: {'epoch': 97, 'time_epoch': 0.07848, 'loss': 12.63918873, 'lr': 0, 'params': 276757, 'time_iter': 0.00561, 'accuracy': 0.06905, 'f1': 0.02162, 'auc': 0.64865}
> Epoch 97: took 2.0s (avg 2.1s) | Best so far: epoch 76	train_loss: 0.5781 train_accuracy: 0.8104	val_loss: 1.9680 val_accuracy: 0.4976	test_loss: 2.6051 test_accuracy: 0.3119	F1: 0.2891 Prec: 0.3387 Rec: 0.3119
train: {'epoch': 98, 'time_epoch': 1.75331, 'eta': 277.65915, 'eta_hours': 0.07713, 'loss': 0.45083307, 'lr': 0.00066641, 'params': 276757, 'time_iter': 0.01002, 'accuracy': 0.84857, 'f1': 0.84851, 'auc': 0.99431}
val: {'epoch': 98, 'time_epoch': 0.07108, 'loss': 5.97071542, 'lr': 0, 'params': 276757, 'time_iter': 0.00508, 'accuracy': 0.2119, 'f1': 0.1177, 'auc': 0.84289}
test: {'epoch': 98, 'time_epoch': 0.06472, 'loss': 10.37735113, 'lr': 0, 'params': 276757, 'time_iter': 0.00462, 'accuracy': 0.12381, 'f1': 0.05708, 'auc': 0.73053}
> Epoch 98: took 2.0s (avg 2.1s) | Best so far: epoch 76	train_loss: 0.5781 train_accuracy: 0.8104	val_loss: 1.9680 val_accuracy: 0.4976	test_loss: 2.6051 test_accuracy: 0.3119	F1: 0.2891 Prec: 0.3387 Rec: 0.3119
train: {'epoch': 99, 'time_epoch': 1.79262, 'eta': 275.75108, 'eta_hours': 0.0766, 'loss': 0.47849639, 'lr': 0.00066047, 'params': 276757, 'time_iter': 0.01024, 'accuracy': 0.84427, 'f1': 0.84407, 'auc': 0.9936}
val: {'epoch': 99, 'time_epoch': 0.08083, 'loss': 8.3512763, 'lr': 0, 'params': 276757, 'time_iter': 0.00577, 'accuracy': 0.09762, 'f1': 0.03662, 'auc': 0.79649}
test: {'epoch': 99, 'time_epoch': 0.07454, 'loss': 14.74207351, 'lr': 0, 'params': 276757, 'time_iter': 0.00532, 'accuracy': 0.09048, 'f1': 0.0523, 'auc': 0.67238}
> Epoch 99: took 2.0s (avg 2.1s) | Best so far: epoch 76	train_loss: 0.5781 train_accuracy: 0.8104	val_loss: 1.9680 val_accuracy: 0.4976	test_loss: 2.6051 test_accuracy: 0.3119	F1: 0.2891 Prec: 0.3387 Rec: 0.3119
train: {'epoch': 100, 'time_epoch': 1.84801, 'eta': 273.92701, 'eta_hours': 0.07609, 'loss': 0.4575645, 'lr': 0.00065451, 'params': 276757, 'time_iter': 0.01056, 'accuracy': 0.85054, 'f1': 0.85049, 'auc': 0.99414}
val: {'epoch': 100, 'time_epoch': 0.08477, 'loss': 3.9973725, 'lr': 0, 'params': 276757, 'time_iter': 0.00605, 'accuracy': 0.24524, 'f1': 0.17357, 'auc': 0.85099}
test: {'epoch': 100, 'time_epoch': 0.07755, 'loss': 5.99895483, 'lr': 0, 'params': 276757, 'time_iter': 0.00554, 'accuracy': 0.12619, 'f1': 0.06015, 'auc': 0.80587}
> Epoch 100: took 2.1s (avg 2.1s) | Best so far: epoch 76	train_loss: 0.5781 train_accuracy: 0.8104	val_loss: 1.9680 val_accuracy: 0.4976	test_loss: 2.6051 test_accuracy: 0.3119	F1: 0.2891 Prec: 0.3387 Rec: 0.3119
train: {'epoch': 101, 'time_epoch': 1.83595, 'eta': 272.08496, 'eta_hours': 0.07558, 'loss': 0.43278472, 'lr': 0.00064852, 'params': 276757, 'time_iter': 0.01049, 'accuracy': 0.85681, 'f1': 0.85673, 'auc': 0.99477}
val: {'epoch': 101, 'time_epoch': 0.10331, 'loss': 3.2305946, 'lr': 0, 'params': 276757, 'time_iter': 0.00738, 'accuracy': 0.21667, 'f1': 0.16179, 'auc': 0.88171}
test: {'epoch': 101, 'time_epoch': 0.07004, 'loss': 5.83508592, 'lr': 0, 'params': 276757, 'time_iter': 0.005, 'accuracy': 0.11905, 'f1': 0.04878, 'auc': 0.78332}
> Epoch 101: took 2.1s (avg 2.1s) | Best so far: epoch 76	train_loss: 0.5781 train_accuracy: 0.8104	val_loss: 1.9680 val_accuracy: 0.4976	test_loss: 2.6051 test_accuracy: 0.3119	F1: 0.2891 Prec: 0.3387 Rec: 0.3119
train: {'epoch': 102, 'time_epoch': 1.86452, 'eta': 270.2838, 'eta_hours': 0.07508, 'loss': 0.43668828, 'lr': 0.00064251, 'params': 276757, 'time_iter': 0.01065, 'accuracy': 0.85412, 'f1': 0.85408, 'auc': 0.99475}
val: {'epoch': 102, 'time_epoch': 0.06606, 'loss': 6.09375759, 'lr': 0, 'params': 276757, 'time_iter': 0.00472, 'accuracy': 0.20476, 'f1': 0.12329, 'auc': 0.80975}
test: {'epoch': 102, 'time_epoch': 0.1038, 'loss': 10.12495626, 'lr': 0, 'params': 276757, 'time_iter': 0.00741, 'accuracy': 0.10952, 'f1': 0.03285, 'auc': 0.75033}
> Epoch 102: took 2.1s (avg 2.1s) | Best so far: epoch 76	train_loss: 0.5781 train_accuracy: 0.8104	val_loss: 1.9680 val_accuracy: 0.4976	test_loss: 2.6051 test_accuracy: 0.3119	F1: 0.2891 Prec: 0.3387 Rec: 0.3119
train: {'epoch': 103, 'time_epoch': 1.76615, 'eta': 268.34334, 'eta_hours': 0.07454, 'loss': 0.42724401, 'lr': 0.00063648, 'params': 276757, 'time_iter': 0.01009, 'accuracy': 0.85968, 'f1': 0.85966, 'auc': 0.99506}
val: {'epoch': 103, 'time_epoch': 0.06697, 'loss': 3.96604965, 'lr': 0, 'params': 276757, 'time_iter': 0.00478, 'accuracy': 0.22857, 'f1': 0.1645, 'auc': 0.86099}
test: {'epoch': 103, 'time_epoch': 0.07374, 'loss': 8.07518479, 'lr': 0, 'params': 276757, 'time_iter': 0.00527, 'accuracy': 0.14524, 'f1': 0.06846, 'auc': 0.73167}
> Epoch 103: took 2.0s (avg 2.1s) | Best so far: epoch 76	train_loss: 0.5781 train_accuracy: 0.8104	val_loss: 1.9680 val_accuracy: 0.4976	test_loss: 2.6051 test_accuracy: 0.3119	F1: 0.2891 Prec: 0.3387 Rec: 0.3119
train: {'epoch': 104, 'time_epoch': 1.73388, 'eta': 266.36162, 'eta_hours': 0.07399, 'loss': 0.41470356, 'lr': 0.00063042, 'params': 276757, 'time_iter': 0.00991, 'accuracy': 0.86416, 'f1': 0.86411, 'auc': 0.99529}
val: {'epoch': 104, 'time_epoch': 0.0689, 'loss': 3.47853602, 'lr': 0, 'params': 276757, 'time_iter': 0.00492, 'accuracy': 0.27381, 'f1': 0.2201, 'auc': 0.8652}
test: {'epoch': 104, 'time_epoch': 0.06818, 'loss': 3.59986182, 'lr': 0, 'params': 276757, 'time_iter': 0.00487, 'accuracy': 0.27143, 'f1': 0.21016, 'auc': 0.85424}
> Epoch 104: took 1.9s (avg 2.1s) | Best so far: epoch 76	train_loss: 0.5781 train_accuracy: 0.8104	val_loss: 1.9680 val_accuracy: 0.4976	test_loss: 2.6051 test_accuracy: 0.3119	F1: 0.2891 Prec: 0.3387 Rec: 0.3119
train: {'epoch': 105, 'time_epoch': 1.77994, 'eta': 264.44716, 'eta_hours': 0.07346, 'loss': 0.44025958, 'lr': 0.00062434, 'params': 276757, 'time_iter': 0.01017, 'accuracy': 0.85358, 'f1': 0.85349, 'auc': 0.99467}
val: {'epoch': 105, 'time_epoch': 0.08022, 'loss': 5.33861061, 'lr': 0, 'params': 276757, 'time_iter': 0.00573, 'accuracy': 0.15476, 'f1': 0.09888, 'auc': 0.81256}
test: {'epoch': 105, 'time_epoch': 0.07049, 'loss': 10.00785896, 'lr': 0, 'params': 276757, 'time_iter': 0.00504, 'accuracy': 0.11429, 'f1': 0.03535, 'auc': 0.73957}
> Epoch 105: took 2.0s (avg 2.1s) | Best so far: epoch 76	train_loss: 0.5781 train_accuracy: 0.8104	val_loss: 1.9680 val_accuracy: 0.4976	test_loss: 2.6051 test_accuracy: 0.3119	F1: 0.2891 Prec: 0.3387 Rec: 0.3119
train: {'epoch': 106, 'time_epoch': 1.77729, 'eta': 262.53167, 'eta_hours': 0.07293, 'loss': 0.42395579, 'lr': 0.00061825, 'params': 276757, 'time_iter': 0.01016, 'accuracy': 0.85538, 'f1': 0.85529, 'auc': 0.99521}
val: {'epoch': 106, 'time_epoch': 0.0698, 'loss': 2.40346623, 'lr': 0, 'params': 276757, 'time_iter': 0.00499, 'accuracy': 0.40714, 'f1': 0.38324, 'auc': 0.88303}
test: {'epoch': 106, 'time_epoch': 0.06727, 'loss': 3.11155879, 'lr': 0, 'params': 276757, 'time_iter': 0.0048, 'accuracy': 0.26429, 'f1': 0.22269, 'auc': 0.87116}
> Epoch 106: took 2.0s (avg 2.1s) | Best so far: epoch 76	train_loss: 0.5781 train_accuracy: 0.8104	val_loss: 1.9680 val_accuracy: 0.4976	test_loss: 2.6051 test_accuracy: 0.3119	F1: 0.2891 Prec: 0.3387 Rec: 0.3119
train: {'epoch': 107, 'time_epoch': 1.6878, 'eta': 260.50107, 'eta_hours': 0.07236, 'loss': 0.43554077, 'lr': 0.00061214, 'params': 276757, 'time_iter': 0.00964, 'accuracy': 0.85968, 'f1': 0.85968, 'auc': 0.99465}
val: {'epoch': 107, 'time_epoch': 0.07063, 'loss': 8.76371215, 'lr': 0, 'params': 276757, 'time_iter': 0.00505, 'accuracy': 0.09524, 'f1': 0.0646, 'auc': 0.74454}
test: {'epoch': 107, 'time_epoch': 0.08952, 'loss': 12.26187326, 'lr': 0, 'params': 276757, 'time_iter': 0.00639, 'accuracy': 0.10476, 'f1': 0.03493, 'auc': 0.71735}
> Epoch 107: took 1.9s (avg 2.1s) | Best so far: epoch 76	train_loss: 0.5781 train_accuracy: 0.8104	val_loss: 1.9680 val_accuracy: 0.4976	test_loss: 2.6051 test_accuracy: 0.3119	F1: 0.2891 Prec: 0.3387 Rec: 0.3119
train: {'epoch': 108, 'time_epoch': 1.62026, 'eta': 258.3894, 'eta_hours': 0.07177, 'loss': 0.42668364, 'lr': 0.000606, 'params': 276757, 'time_iter': 0.00926, 'accuracy': 0.85896, 'f1': 0.85871, 'auc': 0.99493}
val: {'epoch': 108, 'time_epoch': 0.09558, 'loss': 3.17459802, 'lr': 0, 'params': 276757, 'time_iter': 0.00683, 'accuracy': 0.26667, 'f1': 0.1866, 'auc': 0.87222}
test: {'epoch': 108, 'time_epoch': 0.06589, 'loss': 5.87097618, 'lr': 0, 'params': 276757, 'time_iter': 0.00471, 'accuracy': 0.13095, 'f1': 0.06358, 'auc': 0.81443}
> Epoch 108: took 1.9s (avg 2.1s) | Best so far: epoch 76	train_loss: 0.5781 train_accuracy: 0.8104	val_loss: 1.9680 val_accuracy: 0.4976	test_loss: 2.6051 test_accuracy: 0.3119	F1: 0.2891 Prec: 0.3387 Rec: 0.3119
train: {'epoch': 109, 'time_epoch': 1.77974, 'eta': 256.48964, 'eta_hours': 0.07125, 'loss': 0.43265297, 'lr': 0.00059985, 'params': 276757, 'time_iter': 0.01017, 'accuracy': 0.86165, 'f1': 0.86157, 'auc': 0.99451}
val: {'epoch': 109, 'time_epoch': 0.06405, 'loss': 10.05222529, 'lr': 0, 'params': 276757, 'time_iter': 0.00458, 'accuracy': 0.0881, 'f1': 0.05932, 'auc': 0.70541}
test: {'epoch': 109, 'time_epoch': 0.06802, 'loss': 14.06018535, 'lr': 0, 'params': 276757, 'time_iter': 0.00486, 'accuracy': 0.1, 'f1': 0.03083, 'auc': 0.6971}
> Epoch 109: took 2.0s (avg 2.1s) | Best so far: epoch 76	train_loss: 0.5781 train_accuracy: 0.8104	val_loss: 1.9680 val_accuracy: 0.4976	test_loss: 2.6051 test_accuracy: 0.3119	F1: 0.2891 Prec: 0.3387 Rec: 0.3119
train: {'epoch': 110, 'time_epoch': 1.75601, 'eta': 254.56233, 'eta_hours': 0.07071, 'loss': 0.41729247, 'lr': 0.00059369, 'params': 276757, 'time_iter': 0.01003, 'accuracy': 0.85878, 'f1': 0.85866, 'auc': 0.99519}
val: {'epoch': 110, 'time_epoch': 0.089, 'loss': 5.29242682, 'lr': 0, 'params': 276757, 'time_iter': 0.00636, 'accuracy': 0.20714, 'f1': 0.11605, 'auc': 0.82688}
test: {'epoch': 110, 'time_epoch': 0.0814, 'loss': 8.88431103, 'lr': 0, 'params': 276757, 'time_iter': 0.00581, 'accuracy': 0.14048, 'f1': 0.06208, 'auc': 0.73483}
> Epoch 110: took 2.0s (avg 2.1s) | Best so far: epoch 76	train_loss: 0.5781 train_accuracy: 0.8104	val_loss: 1.9680 val_accuracy: 0.4976	test_loss: 2.6051 test_accuracy: 0.3119	F1: 0.2891 Prec: 0.3387 Rec: 0.3119
train: {'epoch': 111, 'time_epoch': 1.67665, 'eta': 252.54029, 'eta_hours': 0.07015, 'loss': 0.42906534, 'lr': 0.00058751, 'params': 276757, 'time_iter': 0.00958, 'accuracy': 0.86022, 'f1': 0.86017, 'auc': 0.99481}
val: {'epoch': 111, 'time_epoch': 0.07244, 'loss': 5.07275031, 'lr': 0, 'params': 276757, 'time_iter': 0.00517, 'accuracy': 0.19762, 'f1': 0.13266, 'auc': 0.81231}
test: {'epoch': 111, 'time_epoch': 0.06547, 'loss': 8.88429582, 'lr': 0, 'params': 276757, 'time_iter': 0.00468, 'accuracy': 0.12381, 'f1': 0.04345, 'auc': 0.74622}
> Epoch 111: took 1.9s (avg 2.1s) | Best so far: epoch 76	train_loss: 0.5781 train_accuracy: 0.8104	val_loss: 1.9680 val_accuracy: 0.4976	test_loss: 2.6051 test_accuracy: 0.3119	F1: 0.2891 Prec: 0.3387 Rec: 0.3119
train: {'epoch': 112, 'time_epoch': 1.76068, 'eta': 250.62624, 'eta_hours': 0.06962, 'loss': 0.39180296, 'lr': 0.00058132, 'params': 276757, 'time_iter': 0.01006, 'accuracy': 0.87204, 'f1': 0.87192, 'auc': 0.99579}
val: {'epoch': 112, 'time_epoch': 0.07663, 'loss': 6.18782275, 'lr': 0, 'params': 276757, 'time_iter': 0.00547, 'accuracy': 0.14762, 'f1': 0.08806, 'auc': 0.81851}
test: {'epoch': 112, 'time_epoch': 0.06969, 'loss': 9.81322056, 'lr': 0, 'params': 276757, 'time_iter': 0.00498, 'accuracy': 0.1, 'f1': 0.03462, 'auc': 0.78847}
> Epoch 112: took 2.0s (avg 2.1s) | Best so far: epoch 76	train_loss: 0.5781 train_accuracy: 0.8104	val_loss: 1.9680 val_accuracy: 0.4976	test_loss: 2.6051 test_accuracy: 0.3119	F1: 0.2891 Prec: 0.3387 Rec: 0.3119
train: {'epoch': 113, 'time_epoch': 1.83753, 'eta': 248.80657, 'eta_hours': 0.06911, 'loss': 0.41281387, 'lr': 0.00057511, 'params': 276757, 'time_iter': 0.0105, 'accuracy': 0.86004, 'f1': 0.86001, 'auc': 0.99522}
val: {'epoch': 113, 'time_epoch': 0.07216, 'loss': 3.13313544, 'lr': 0, 'params': 276757, 'time_iter': 0.00515, 'accuracy': 0.29762, 'f1': 0.23666, 'auc': 0.89075}
test: {'epoch': 113, 'time_epoch': 0.07678, 'loss': 3.94341368, 'lr': 0, 'params': 276757, 'time_iter': 0.00548, 'accuracy': 0.21429, 'f1': 0.12808, 'auc': 0.84634}
> Epoch 113: took 2.1s (avg 2.1s) | Best so far: epoch 76	train_loss: 0.5781 train_accuracy: 0.8104	val_loss: 1.9680 val_accuracy: 0.4976	test_loss: 2.6051 test_accuracy: 0.3119	F1: 0.2891 Prec: 0.3387 Rec: 0.3119
train: {'epoch': 114, 'time_epoch': 1.88007, 'eta': 247.03653, 'eta_hours': 0.06862, 'loss': 0.42925462, 'lr': 0.0005689, 'params': 276757, 'time_iter': 0.01074, 'accuracy': 0.86057, 'f1': 0.8605, 'auc': 0.99483}
val: {'epoch': 114, 'time_epoch': 0.08834, 'loss': 4.66636061, 'lr': 0, 'params': 276757, 'time_iter': 0.00631, 'accuracy': 0.22143, 'f1': 0.15225, 'auc': 0.84916}
test: {'epoch': 114, 'time_epoch': 0.06821, 'loss': 7.93546639, 'lr': 0, 'params': 276757, 'time_iter': 0.00487, 'accuracy': 0.11429, 'f1': 0.05973, 'auc': 0.74921}
> Epoch 114: took 2.1s (avg 2.1s) | Best so far: epoch 76	train_loss: 0.5781 train_accuracy: 0.8104	val_loss: 1.9680 val_accuracy: 0.4976	test_loss: 2.6051 test_accuracy: 0.3119	F1: 0.2891 Prec: 0.3387 Rec: 0.3119
train: {'epoch': 115, 'time_epoch': 2.02839, 'eta': 245.43591, 'eta_hours': 0.06818, 'loss': 0.40873088, 'lr': 0.00056267, 'params': 276757, 'time_iter': 0.01159, 'accuracy': 0.86523, 'f1': 0.86524, 'auc': 0.99525}
val: {'epoch': 115, 'time_epoch': 0.10855, 'loss': 8.66708198, 'lr': 0, 'params': 276757, 'time_iter': 0.00775, 'accuracy': 0.13095, 'f1': 0.06322, 'auc': 0.75535}
test: {'epoch': 115, 'time_epoch': 0.07883, 'loss': 12.99751389, 'lr': 0, 'params': 276757, 'time_iter': 0.00563, 'accuracy': 0.13095, 'f1': 0.04563, 'auc': 0.73554}
> Epoch 115: took 2.3s (avg 2.1s) | Best so far: epoch 76	train_loss: 0.5781 train_accuracy: 0.8104	val_loss: 1.9680 val_accuracy: 0.4976	test_loss: 2.6051 test_accuracy: 0.3119	F1: 0.2891 Prec: 0.3387 Rec: 0.3119
train: {'epoch': 116, 'time_epoch': 1.91553, 'eta': 243.6997, 'eta_hours': 0.06769, 'loss': 0.40079373, 'lr': 0.00055643, 'params': 276757, 'time_iter': 0.01095, 'accuracy': 0.86631, 'f1': 0.86626, 'auc': 0.99552}
val: {'epoch': 116, 'time_epoch': 0.0711, 'loss': 3.08993495, 'lr': 0, 'params': 276757, 'time_iter': 0.00508, 'accuracy': 0.28095, 'f1': 0.23147, 'auc': 0.87279}
test: {'epoch': 116, 'time_epoch': 0.06495, 'loss': 3.82168783, 'lr': 0, 'params': 276757, 'time_iter': 0.00464, 'accuracy': 0.25476, 'f1': 0.17289, 'auc': 0.86054}
> Epoch 116: took 2.1s (avg 2.1s) | Best so far: epoch 76	train_loss: 0.5781 train_accuracy: 0.8104	val_loss: 1.9680 val_accuracy: 0.4976	test_loss: 2.6051 test_accuracy: 0.3119	F1: 0.2891 Prec: 0.3387 Rec: 0.3119
train: {'epoch': 117, 'time_epoch': 2.1169, 'eta': 242.18571, 'eta_hours': 0.06727, 'loss': 0.38284136, 'lr': 0.00055018, 'params': 276757, 'time_iter': 0.0121, 'accuracy': 0.87366, 'f1': 0.8736, 'auc': 0.99602}
val: {'epoch': 117, 'time_epoch': 0.08088, 'loss': 3.9756563, 'lr': 0, 'params': 276757, 'time_iter': 0.00578, 'accuracy': 0.19286, 'f1': 0.14914, 'auc': 0.8464}
test: {'epoch': 117, 'time_epoch': 0.08434, 'loss': 6.4182418, 'lr': 0, 'params': 276757, 'time_iter': 0.00602, 'accuracy': 0.14286, 'f1': 0.07889, 'auc': 0.81679}
> Epoch 117: took 2.4s (avg 2.1s) | Best so far: epoch 76	train_loss: 0.5781 train_accuracy: 0.8104	val_loss: 1.9680 val_accuracy: 0.4976	test_loss: 2.6051 test_accuracy: 0.3119	F1: 0.2891 Prec: 0.3387 Rec: 0.3119
train: {'epoch': 118, 'time_epoch': 1.72129, 'eta': 240.22608, 'eta_hours': 0.06673, 'loss': 0.36892226, 'lr': 0.00054393, 'params': 276757, 'time_iter': 0.00984, 'accuracy': 0.87634, 'f1': 0.87639, 'auc': 0.99614}
val: {'epoch': 118, 'time_epoch': 0.08212, 'loss': 3.04149917, 'lr': 0, 'params': 276757, 'time_iter': 0.00587, 'accuracy': 0.31429, 'f1': 0.26731, 'auc': 0.89088}
test: {'epoch': 118, 'time_epoch': 0.10312, 'loss': 5.19533006, 'lr': 0, 'params': 276757, 'time_iter': 0.00737, 'accuracy': 0.19286, 'f1': 0.13355, 'auc': 0.83011}
> Epoch 118: took 2.0s (avg 2.1s) | Best so far: epoch 76	train_loss: 0.5781 train_accuracy: 0.8104	val_loss: 1.9680 val_accuracy: 0.4976	test_loss: 2.6051 test_accuracy: 0.3119	F1: 0.2891 Prec: 0.3387 Rec: 0.3119
train: {'epoch': 119, 'time_epoch': 1.76104, 'eta': 238.31349, 'eta_hours': 0.0662, 'loss': 0.37605449, 'lr': 0.00053766, 'params': 276757, 'time_iter': 0.01006, 'accuracy': 0.87312, 'f1': 0.87302, 'auc': 0.99608}
val: {'epoch': 119, 'time_epoch': 0.07417, 'loss': 2.84287776, 'lr': 0, 'params': 276757, 'time_iter': 0.0053, 'accuracy': 0.37857, 'f1': 0.3469, 'auc': 0.90615}
test: {'epoch': 119, 'time_epoch': 0.07377, 'loss': 4.84760975, 'lr': 0, 'params': 276757, 'time_iter': 0.00527, 'accuracy': 0.22619, 'f1': 0.19921, 'auc': 0.8186}
> Epoch 119: took 2.0s (avg 2.1s) | Best so far: epoch 76	train_loss: 0.5781 train_accuracy: 0.8104	val_loss: 1.9680 val_accuracy: 0.4976	test_loss: 2.6051 test_accuracy: 0.3119	F1: 0.2891 Prec: 0.3387 Rec: 0.3119
train: {'epoch': 120, 'time_epoch': 1.87612, 'eta': 236.52608, 'eta_hours': 0.0657, 'loss': 0.39651146, 'lr': 0.0005314, 'params': 276757, 'time_iter': 0.01072, 'accuracy': 0.8681, 'f1': 0.86807, 'auc': 0.99552}
val: {'epoch': 120, 'time_epoch': 0.06725, 'loss': 3.99610908, 'lr': 0, 'params': 276757, 'time_iter': 0.0048, 'accuracy': 0.26667, 'f1': 0.20138, 'auc': 0.87079}
test: {'epoch': 120, 'time_epoch': 0.07536, 'loss': 7.56260816, 'lr': 0, 'params': 276757, 'time_iter': 0.00538, 'accuracy': 0.11905, 'f1': 0.04489, 'auc': 0.79496}
> Epoch 120: took 2.1s (avg 2.1s) | Best so far: epoch 76	train_loss: 0.5781 train_accuracy: 0.8104	val_loss: 1.9680 val_accuracy: 0.4976	test_loss: 2.6051 test_accuracy: 0.3119	F1: 0.2891 Prec: 0.3387 Rec: 0.3119
train: {'epoch': 121, 'time_epoch': 1.7271, 'eta': 234.58088, 'eta_hours': 0.06516, 'loss': 0.35902667, 'lr': 0.00052512, 'params': 276757, 'time_iter': 0.00987, 'accuracy': 0.88423, 'f1': 0.88412, 'auc': 0.99639}
val: {'epoch': 121, 'time_epoch': 0.07273, 'loss': 4.60004688, 'lr': 0, 'params': 276757, 'time_iter': 0.0052, 'accuracy': 0.24524, 'f1': 0.16758, 'auc': 0.85327}
test: {'epoch': 121, 'time_epoch': 0.08575, 'loss': 7.26814948, 'lr': 0, 'params': 276757, 'time_iter': 0.00612, 'accuracy': 0.13095, 'f1': 0.07449, 'auc': 0.81204}
> Epoch 121: took 2.0s (avg 2.1s) | Best so far: epoch 76	train_loss: 0.5781 train_accuracy: 0.8104	val_loss: 1.9680 val_accuracy: 0.4976	test_loss: 2.6051 test_accuracy: 0.3119	F1: 0.2891 Prec: 0.3387 Rec: 0.3119
train: {'epoch': 122, 'time_epoch': 1.83199, 'eta': 232.74752, 'eta_hours': 0.06465, 'loss': 0.38856043, 'lr': 0.00051885, 'params': 276757, 'time_iter': 0.01047, 'accuracy': 0.87025, 'f1': 0.87027, 'auc': 0.99571}
val: {'epoch': 122, 'time_epoch': 0.07214, 'loss': 3.31428378, 'lr': 0, 'params': 276757, 'time_iter': 0.00515, 'accuracy': 0.29762, 'f1': 0.25854, 'auc': 0.88455}
test: {'epoch': 122, 'time_epoch': 0.07922, 'loss': 5.77072693, 'lr': 0, 'params': 276757, 'time_iter': 0.00566, 'accuracy': 0.13095, 'f1': 0.06574, 'auc': 0.82221}
> Epoch 122: took 2.1s (avg 2.1s) | Best so far: epoch 76	train_loss: 0.5781 train_accuracy: 0.8104	val_loss: 1.9680 val_accuracy: 0.4976	test_loss: 2.6051 test_accuracy: 0.3119	F1: 0.2891 Prec: 0.3387 Rec: 0.3119
train: {'epoch': 123, 'time_epoch': 1.83197, 'eta': 230.91417, 'eta_hours': 0.06414, 'loss': 0.36777126, 'lr': 0.00051257, 'params': 276757, 'time_iter': 0.01047, 'accuracy': 0.88244, 'f1': 0.88235, 'auc': 0.99627}
val: {'epoch': 123, 'time_epoch': 0.07774, 'loss': 6.37091877, 'lr': 0, 'params': 276757, 'time_iter': 0.00555, 'accuracy': 0.16905, 'f1': 0.10138, 'auc': 0.81943}
test: {'epoch': 123, 'time_epoch': 0.07298, 'loss': 11.45848545, 'lr': 0, 'params': 276757, 'time_iter': 0.00521, 'accuracy': 0.11667, 'f1': 0.03379, 'auc': 0.78596}
> Epoch 123: took 2.1s (avg 2.1s) | Best so far: epoch 76	train_loss: 0.5781 train_accuracy: 0.8104	val_loss: 1.9680 val_accuracy: 0.4976	test_loss: 2.6051 test_accuracy: 0.3119	F1: 0.2891 Prec: 0.3387 Rec: 0.3119
train: {'epoch': 124, 'time_epoch': 1.8674, 'eta': 229.11626, 'eta_hours': 0.06364, 'loss': 0.35613044, 'lr': 0.00050628, 'params': 276757, 'time_iter': 0.01067, 'accuracy': 0.8819, 'f1': 0.88177, 'auc': 0.99653}
val: {'epoch': 124, 'time_epoch': 0.06942, 'loss': 4.11871005, 'lr': 0, 'params': 276757, 'time_iter': 0.00496, 'accuracy': 0.27619, 'f1': 0.20147, 'auc': 0.86867}
test: {'epoch': 124, 'time_epoch': 0.06568, 'loss': 5.34938023, 'lr': 0, 'params': 276757, 'time_iter': 0.00469, 'accuracy': 0.20714, 'f1': 0.12664, 'auc': 0.85949}
> Epoch 124: took 2.1s (avg 2.1s) | Best so far: epoch 76	train_loss: 0.5781 train_accuracy: 0.8104	val_loss: 1.9680 val_accuracy: 0.4976	test_loss: 2.6051 test_accuracy: 0.3119	F1: 0.2891 Prec: 0.3387 Rec: 0.3119
train: {'epoch': 125, 'time_epoch': 1.78042, 'eta': 227.23165, 'eta_hours': 0.06312, 'loss': 0.35229106, 'lr': 0.0005, 'params': 276757, 'time_iter': 0.01017, 'accuracy': 0.88029, 'f1': 0.8802, 'auc': 0.99661}
val: {'epoch': 125, 'time_epoch': 0.0974, 'loss': 4.45723159, 'lr': 0, 'params': 276757, 'time_iter': 0.00696, 'accuracy': 0.24762, 'f1': 0.16836, 'auc': 0.86003}
test: {'epoch': 125, 'time_epoch': 0.08074, 'loss': 7.68689557, 'lr': 0, 'params': 276757, 'time_iter': 0.00577, 'accuracy': 0.12857, 'f1': 0.05464, 'auc': 0.77892}
> Epoch 125: took 2.0s (avg 2.1s) | Best so far: epoch 76	train_loss: 0.5781 train_accuracy: 0.8104	val_loss: 1.9680 val_accuracy: 0.4976	test_loss: 2.6051 test_accuracy: 0.3119	F1: 0.2891 Prec: 0.3387 Rec: 0.3119
train: {'epoch': 126, 'time_epoch': 1.5247, 'eta': 225.10102, 'eta_hours': 0.06253, 'loss': 0.35682612, 'lr': 0.00049372, 'params': 276757, 'time_iter': 0.00871, 'accuracy': 0.88011, 'f1': 0.88, 'auc': 0.99658}
val: {'epoch': 126, 'time_epoch': 0.06734, 'loss': 3.63316444, 'lr': 0, 'params': 276757, 'time_iter': 0.00481, 'accuracy': 0.26429, 'f1': 0.21509, 'auc': 0.88192}
test: {'epoch': 126, 'time_epoch': 0.07073, 'loss': 6.25752189, 'lr': 0, 'params': 276757, 'time_iter': 0.00505, 'accuracy': 0.14048, 'f1': 0.07179, 'auc': 0.80687}
> Epoch 126: took 1.7s (avg 2.1s) | Best so far: epoch 76	train_loss: 0.5781 train_accuracy: 0.8104	val_loss: 1.9680 val_accuracy: 0.4976	test_loss: 2.6051 test_accuracy: 0.3119	F1: 0.2891 Prec: 0.3387 Rec: 0.3119
train: {'epoch': 127, 'time_epoch': 1.76353, 'eta': 223.20749, 'eta_hours': 0.062, 'loss': 0.37664877, 'lr': 0.00048743, 'params': 276757, 'time_iter': 0.01008, 'accuracy': 0.87294, 'f1': 0.87286, 'auc': 0.996}
val: {'epoch': 127, 'time_epoch': 0.07147, 'loss': 6.28819517, 'lr': 0, 'params': 276757, 'time_iter': 0.0051, 'accuracy': 0.1381, 'f1': 0.08457, 'auc': 0.80122}
test: {'epoch': 127, 'time_epoch': 0.0696, 'loss': 10.21280384, 'lr': 0, 'params': 276757, 'time_iter': 0.00497, 'accuracy': 0.1119, 'f1': 0.02796, 'auc': 0.75292}
> Epoch 127: took 2.0s (avg 2.1s) | Best so far: epoch 76	train_loss: 0.5781 train_accuracy: 0.8104	val_loss: 1.9680 val_accuracy: 0.4976	test_loss: 2.6051 test_accuracy: 0.3119	F1: 0.2891 Prec: 0.3387 Rec: 0.3119
train: {'epoch': 128, 'time_epoch': 1.85771, 'eta': 221.40431, 'eta_hours': 0.0615, 'loss': 0.35719221, 'lr': 0.00048115, 'params': 276757, 'time_iter': 0.01062, 'accuracy': 0.88118, 'f1': 0.88109, 'auc': 0.99634}
val: {'epoch': 128, 'time_epoch': 0.06736, 'loss': 5.8459115, 'lr': 0, 'params': 276757, 'time_iter': 0.00481, 'accuracy': 0.16429, 'f1': 0.12097, 'auc': 0.83004}
test: {'epoch': 128, 'time_epoch': 0.06406, 'loss': 10.12282662, 'lr': 0, 'params': 276757, 'time_iter': 0.00458, 'accuracy': 0.09762, 'f1': 0.03705, 'auc': 0.75958}
> Epoch 128: took 2.1s (avg 2.1s) | Best so far: epoch 76	train_loss: 0.5781 train_accuracy: 0.8104	val_loss: 1.9680 val_accuracy: 0.4976	test_loss: 2.6051 test_accuracy: 0.3119	F1: 0.2891 Prec: 0.3387 Rec: 0.3119
train: {'epoch': 129, 'time_epoch': 1.76743, 'eta': 219.51696, 'eta_hours': 0.06098, 'loss': 0.34434073, 'lr': 0.00047488, 'params': 276757, 'time_iter': 0.0101, 'accuracy': 0.88799, 'f1': 0.88789, 'auc': 0.99674}
val: {'epoch': 129, 'time_epoch': 0.07807, 'loss': 2.20167471, 'lr': 0, 'params': 276757, 'time_iter': 0.00558, 'accuracy': 0.41905, 'f1': 0.39191, 'auc': 0.92462}
test: {'epoch': 129, 'time_epoch': 0.08439, 'loss': 2.84481907, 'lr': 0, 'params': 276757, 'time_iter': 0.00603, 'accuracy': 0.32143, 'f1': 0.28676, 'auc': 0.88146}
> Epoch 129: took 2.0s (avg 2.1s) | Best so far: epoch 76	train_loss: 0.5781 train_accuracy: 0.8104	val_loss: 1.9680 val_accuracy: 0.4976	test_loss: 2.6051 test_accuracy: 0.3119	F1: 0.2891 Prec: 0.3387 Rec: 0.3119
train: {'epoch': 130, 'time_epoch': 1.85707, 'eta': 217.71287, 'eta_hours': 0.06048, 'loss': 0.34468013, 'lr': 0.0004686, 'params': 276757, 'time_iter': 0.01061, 'accuracy': 0.88387, 'f1': 0.88381, 'auc': 0.99673}
val: {'epoch': 130, 'time_epoch': 0.06932, 'loss': 2.97699379, 'lr': 0, 'params': 276757, 'time_iter': 0.00495, 'accuracy': 0.35476, 'f1': 0.27746, 'auc': 0.90881}
test: {'epoch': 130, 'time_epoch': 0.06752, 'loss': 6.48719049, 'lr': 0, 'params': 276757, 'time_iter': 0.00482, 'accuracy': 0.12381, 'f1': 0.05237, 'auc': 0.81933}
> Epoch 130: took 2.1s (avg 2.1s) | Best so far: epoch 76	train_loss: 0.5781 train_accuracy: 0.8104	val_loss: 1.9680 val_accuracy: 0.4976	test_loss: 2.6051 test_accuracy: 0.3119	F1: 0.2891 Prec: 0.3387 Rec: 0.3119
train: {'epoch': 131, 'time_epoch': 1.73837, 'eta': 215.80187, 'eta_hours': 0.05994, 'loss': 0.35165352, 'lr': 0.00046234, 'params': 276757, 'time_iter': 0.00993, 'accuracy': 0.88262, 'f1': 0.88254, 'auc': 0.99655}
val: {'epoch': 131, 'time_epoch': 0.07459, 'loss': 4.56160781, 'lr': 0, 'params': 276757, 'time_iter': 0.00533, 'accuracy': 0.20238, 'f1': 0.12101, 'auc': 0.86709}
test: {'epoch': 131, 'time_epoch': 0.06928, 'loss': 8.12251295, 'lr': 0, 'params': 276757, 'time_iter': 0.00495, 'accuracy': 0.13571, 'f1': 0.06896, 'auc': 0.7642}
> Epoch 131: took 2.0s (avg 2.1s) | Best so far: epoch 76	train_loss: 0.5781 train_accuracy: 0.8104	val_loss: 1.9680 val_accuracy: 0.4976	test_loss: 2.6051 test_accuracy: 0.3119	F1: 0.2891 Prec: 0.3387 Rec: 0.3119
train: {'epoch': 132, 'time_epoch': 2.09278, 'eta': 214.20524, 'eta_hours': 0.0595, 'loss': 0.34563564, 'lr': 0.00045607, 'params': 276757, 'time_iter': 0.01196, 'accuracy': 0.88423, 'f1': 0.8842, 'auc': 0.99674}
val: {'epoch': 132, 'time_epoch': 0.079, 'loss': 4.42706407, 'lr': 0, 'params': 276757, 'time_iter': 0.00564, 'accuracy': 0.29524, 'f1': 0.24875, 'auc': 0.85141}
test: {'epoch': 132, 'time_epoch': 0.08345, 'loss': 6.42803178, 'lr': 0, 'params': 276757, 'time_iter': 0.00596, 'accuracy': 0.19286, 'f1': 0.10929, 'auc': 0.80676}
> Epoch 132: took 2.3s (avg 2.1s) | Best so far: epoch 76	train_loss: 0.5781 train_accuracy: 0.8104	val_loss: 1.9680 val_accuracy: 0.4976	test_loss: 2.6051 test_accuracy: 0.3119	F1: 0.2891 Prec: 0.3387 Rec: 0.3119
train: {'epoch': 133, 'time_epoch': 2.04027, 'eta': 212.55575, 'eta_hours': 0.05904, 'loss': 0.33515034, 'lr': 0.00044982, 'params': 276757, 'time_iter': 0.01166, 'accuracy': 0.88978, 'f1': 0.88967, 'auc': 0.9968}
val: {'epoch': 133, 'time_epoch': 0.11083, 'loss': 4.5006299, 'lr': 0, 'params': 276757, 'time_iter': 0.00792, 'accuracy': 0.21429, 'f1': 0.14343, 'auc': 0.84659}
test: {'epoch': 133, 'time_epoch': 0.08137, 'loss': 6.59303839, 'lr': 0, 'params': 276757, 'time_iter': 0.00581, 'accuracy': 0.13333, 'f1': 0.07302, 'auc': 0.77157}
> Epoch 133: took 2.3s (avg 2.1s) | Best so far: epoch 76	train_loss: 0.5781 train_accuracy: 0.8104	val_loss: 1.9680 val_accuracy: 0.4976	test_loss: 2.6051 test_accuracy: 0.3119	F1: 0.2891 Prec: 0.3387 Rec: 0.3119
train: {'epoch': 134, 'time_epoch': 1.96342, 'eta': 210.835, 'eta_hours': 0.05857, 'loss': 0.32852314, 'lr': 0.00044357, 'params': 276757, 'time_iter': 0.01122, 'accuracy': 0.89534, 'f1': 0.8953, 'auc': 0.99689}
val: {'epoch': 134, 'time_epoch': 0.07398, 'loss': 3.90007566, 'lr': 0, 'params': 276757, 'time_iter': 0.00528, 'accuracy': 0.27143, 'f1': 0.19859, 'auc': 0.87205}
test: {'epoch': 134, 'time_epoch': 0.06961, 'loss': 6.8657308, 'lr': 0, 'params': 276757, 'time_iter': 0.00497, 'accuracy': 0.14524, 'f1': 0.06954, 'auc': 0.79935}
> Epoch 134: took 2.2s (avg 2.1s) | Best so far: epoch 76	train_loss: 0.5781 train_accuracy: 0.8104	val_loss: 1.9680 val_accuracy: 0.4976	test_loss: 2.6051 test_accuracy: 0.3119	F1: 0.2891 Prec: 0.3387 Rec: 0.3119
train: {'epoch': 135, 'time_epoch': 1.85014, 'eta': 209.01572, 'eta_hours': 0.05806, 'loss': 0.34080924, 'lr': 0.00043733, 'params': 276757, 'time_iter': 0.01057, 'accuracy': 0.88728, 'f1': 0.88728, 'auc': 0.99679}
val: {'epoch': 135, 'time_epoch': 0.05763, 'loss': 4.01947825, 'lr': 0, 'params': 276757, 'time_iter': 0.00412, 'accuracy': 0.31429, 'f1': 0.22951, 'auc': 0.89086}
test: {'epoch': 135, 'time_epoch': 0.06415, 'loss': 5.34674912, 'lr': 0, 'params': 276757, 'time_iter': 0.00458, 'accuracy': 0.21429, 'f1': 0.18494, 'auc': 0.8161}
> Epoch 135: took 2.1s (avg 2.1s) | Best so far: epoch 76	train_loss: 0.5781 train_accuracy: 0.8104	val_loss: 1.9680 val_accuracy: 0.4976	test_loss: 2.6051 test_accuracy: 0.3119	F1: 0.2891 Prec: 0.3387 Rec: 0.3119
train: {'epoch': 136, 'time_epoch': 1.68119, 'eta': 207.05665, 'eta_hours': 0.05752, 'loss': 0.33567521, 'lr': 0.0004311, 'params': 276757, 'time_iter': 0.00961, 'accuracy': 0.89229, 'f1': 0.89216, 'auc': 0.99672}
val: {'epoch': 136, 'time_epoch': 0.06919, 'loss': 5.48895609, 'lr': 0, 'params': 276757, 'time_iter': 0.00494, 'accuracy': 0.20238, 'f1': 0.10981, 'auc': 0.83858}
test: {'epoch': 136, 'time_epoch': 0.07023, 'loss': 8.96032692, 'lr': 0, 'params': 276757, 'time_iter': 0.00502, 'accuracy': 0.12381, 'f1': 0.03884, 'auc': 0.78308}
> Epoch 136: took 1.9s (avg 2.1s) | Best so far: epoch 76	train_loss: 0.5781 train_accuracy: 0.8104	val_loss: 1.9680 val_accuracy: 0.4976	test_loss: 2.6051 test_accuracy: 0.3119	F1: 0.2891 Prec: 0.3387 Rec: 0.3119
train: {'epoch': 137, 'time_epoch': 1.76653, 'eta': 205.17086, 'eta_hours': 0.05699, 'loss': 0.32533555, 'lr': 0.00042489, 'params': 276757, 'time_iter': 0.01009, 'accuracy': 0.88961, 'f1': 0.88956, 'auc': 0.99706}
val: {'epoch': 137, 'time_epoch': 0.07092, 'loss': 6.17703233, 'lr': 0, 'params': 276757, 'time_iter': 0.00507, 'accuracy': 0.18095, 'f1': 0.11073, 'auc': 0.82772}
test: {'epoch': 137, 'time_epoch': 0.05974, 'loss': 10.88599066, 'lr': 0, 'params': 276757, 'time_iter': 0.00427, 'accuracy': 0.1119, 'f1': 0.02914, 'auc': 0.76834}
> Epoch 137: took 2.0s (avg 2.1s) | Best so far: epoch 76	train_loss: 0.5781 train_accuracy: 0.8104	val_loss: 1.9680 val_accuracy: 0.4976	test_loss: 2.6051 test_accuracy: 0.3119	F1: 0.2891 Prec: 0.3387 Rec: 0.3119
train: {'epoch': 138, 'time_epoch': 1.71883, 'eta': 203.2487, 'eta_hours': 0.05646, 'loss': 0.33243899, 'lr': 0.00041868, 'params': 276757, 'time_iter': 0.00982, 'accuracy': 0.89014, 'f1': 0.89015, 'auc': 0.99689}
val: {'epoch': 138, 'time_epoch': 0.06879, 'loss': 2.78635095, 'lr': 0, 'params': 276757, 'time_iter': 0.00491, 'accuracy': 0.45476, 'f1': 0.40954, 'auc': 0.91593}
test: {'epoch': 138, 'time_epoch': 0.07257, 'loss': 4.08067792, 'lr': 0, 'params': 276757, 'time_iter': 0.00518, 'accuracy': 0.28571, 'f1': 0.21377, 'auc': 0.87361}
> Epoch 138: took 1.9s (avg 2.1s) | Best so far: epoch 76	train_loss: 0.5781 train_accuracy: 0.8104	val_loss: 1.9680 val_accuracy: 0.4976	test_loss: 2.6051 test_accuracy: 0.3119	F1: 0.2891 Prec: 0.3387 Rec: 0.3119
train: {'epoch': 139, 'time_epoch': 1.71923, 'eta': 201.32976, 'eta_hours': 0.05592, 'loss': 0.33212546, 'lr': 0.00041249, 'params': 276757, 'time_iter': 0.00982, 'accuracy': 0.88996, 'f1': 0.88988, 'auc': 0.9969}
val: {'epoch': 139, 'time_epoch': 0.06441, 'loss': 3.68348709, 'lr': 0, 'params': 276757, 'time_iter': 0.0046, 'accuracy': 0.31667, 'f1': 0.23233, 'auc': 0.89211}
test: {'epoch': 139, 'time_epoch': 0.06606, 'loss': 7.46250143, 'lr': 0, 'params': 276757, 'time_iter': 0.00472, 'accuracy': 0.15714, 'f1': 0.11824, 'auc': 0.75721}
> Epoch 139: took 1.9s (avg 2.1s) | Best so far: epoch 76	train_loss: 0.5781 train_accuracy: 0.8104	val_loss: 1.9680 val_accuracy: 0.4976	test_loss: 2.6051 test_accuracy: 0.3119	F1: 0.2891 Prec: 0.3387 Rec: 0.3119
train: {'epoch': 140, 'time_epoch': 1.74522, 'eta': 199.43374, 'eta_hours': 0.0554, 'loss': 0.32786199, 'lr': 0.00040631, 'params': 276757, 'time_iter': 0.00997, 'accuracy': 0.89158, 'f1': 0.89152, 'auc': 0.9971}
val: {'epoch': 140, 'time_epoch': 0.07539, 'loss': 3.13045789, 'lr': 0, 'params': 276757, 'time_iter': 0.00539, 'accuracy': 0.40952, 'f1': 0.37684, 'auc': 0.8898}
test: {'epoch': 140, 'time_epoch': 0.06837, 'loss': 3.40443371, 'lr': 0, 'params': 276757, 'time_iter': 0.00488, 'accuracy': 0.28095, 'f1': 0.23479, 'auc': 0.8934}
> Epoch 140: took 2.0s (avg 2.1s) | Best so far: epoch 76	train_loss: 0.5781 train_accuracy: 0.8104	val_loss: 1.9680 val_accuracy: 0.4976	test_loss: 2.6051 test_accuracy: 0.3119	F1: 0.2891 Prec: 0.3387 Rec: 0.3119
train: {'epoch': 141, 'time_epoch': 1.84231, 'eta': 197.61369, 'eta_hours': 0.05489, 'loss': 0.33757483, 'lr': 0.00040015, 'params': 276757, 'time_iter': 0.01053, 'accuracy': 0.89068, 'f1': 0.89054, 'auc': 0.99677}
val: {'epoch': 141, 'time_epoch': 0.06733, 'loss': 3.19833176, 'lr': 0, 'params': 276757, 'time_iter': 0.00481, 'accuracy': 0.32619, 'f1': 0.30689, 'auc': 0.88977}
test: {'epoch': 141, 'time_epoch': 0.06391, 'loss': 4.83571975, 'lr': 0, 'params': 276757, 'time_iter': 0.00456, 'accuracy': 0.25238, 'f1': 0.18645, 'auc': 0.85099}
> Epoch 141: took 2.0s (avg 2.1s) | Best so far: epoch 76	train_loss: 0.5781 train_accuracy: 0.8104	val_loss: 1.9680 val_accuracy: 0.4976	test_loss: 2.6051 test_accuracy: 0.3119	F1: 0.2891 Prec: 0.3387 Rec: 0.3119
train: {'epoch': 142, 'time_epoch': 1.70755, 'eta': 195.69249, 'eta_hours': 0.05436, 'loss': 0.32293224, 'lr': 0.000394, 'params': 276757, 'time_iter': 0.00976, 'accuracy': 0.89391, 'f1': 0.89381, 'auc': 0.99703}
val: {'epoch': 142, 'time_epoch': 0.07352, 'loss': 3.01940853, 'lr': 0, 'params': 276757, 'time_iter': 0.00525, 'accuracy': 0.39286, 'f1': 0.34459, 'auc': 0.8983}
test: {'epoch': 142, 'time_epoch': 0.09001, 'loss': 4.28830325, 'lr': 0, 'params': 276757, 'time_iter': 0.00643, 'accuracy': 0.24762, 'f1': 0.19216, 'auc': 0.8844}
> Epoch 142: took 1.9s (avg 2.1s) | Best so far: epoch 76	train_loss: 0.5781 train_accuracy: 0.8104	val_loss: 1.9680 val_accuracy: 0.4976	test_loss: 2.6051 test_accuracy: 0.3119	F1: 0.2891 Prec: 0.3387 Rec: 0.3119
train: {'epoch': 143, 'time_epoch': 1.82303, 'eta': 193.85927, 'eta_hours': 0.05385, 'loss': 0.32456111, 'lr': 0.00038786, 'params': 276757, 'time_iter': 0.01042, 'accuracy': 0.89373, 'f1': 0.89369, 'auc': 0.9969}
val: {'epoch': 143, 'time_epoch': 0.06764, 'loss': 2.49937788, 'lr': 0, 'params': 276757, 'time_iter': 0.00483, 'accuracy': 0.41905, 'f1': 0.3764, 'auc': 0.92705}
test: {'epoch': 143, 'time_epoch': 0.07446, 'loss': 2.45923343, 'lr': 0, 'params': 276757, 'time_iter': 0.00532, 'accuracy': 0.40238, 'f1': 0.38019, 'auc': 0.92733}
> Epoch 143: took 2.0s (avg 2.1s) | Best so far: epoch 76	train_loss: 0.5781 train_accuracy: 0.8104	val_loss: 1.9680 val_accuracy: 0.4976	test_loss: 2.6051 test_accuracy: 0.3119	F1: 0.2891 Prec: 0.3387 Rec: 0.3119
train: {'epoch': 144, 'time_epoch': 1.7038, 'eta': 191.93984, 'eta_hours': 0.05332, 'loss': 0.30078448, 'lr': 0.00038175, 'params': 276757, 'time_iter': 0.00974, 'accuracy': 0.9009, 'f1': 0.90088, 'auc': 0.99747}
val: {'epoch': 144, 'time_epoch': 0.06762, 'loss': 2.64171406, 'lr': 0, 'params': 276757, 'time_iter': 0.00483, 'accuracy': 0.45952, 'f1': 0.41115, 'auc': 0.91077}
test: {'epoch': 144, 'time_epoch': 0.0681, 'loss': 3.97371441, 'lr': 0, 'params': 276757, 'time_iter': 0.00486, 'accuracy': 0.26905, 'f1': 0.23908, 'auc': 0.83242}
> Epoch 144: took 1.9s (avg 2.1s) | Best so far: epoch 76	train_loss: 0.5781 train_accuracy: 0.8104	val_loss: 1.9680 val_accuracy: 0.4976	test_loss: 2.6051 test_accuracy: 0.3119	F1: 0.2891 Prec: 0.3387 Rec: 0.3119
train: {'epoch': 145, 'time_epoch': 1.78161, 'eta': 190.0788, 'eta_hours': 0.0528, 'loss': 0.30073172, 'lr': 0.00037566, 'params': 276757, 'time_iter': 0.01018, 'accuracy': 0.9009, 'f1': 0.90083, 'auc': 0.99745}
val: {'epoch': 145, 'time_epoch': 0.06971, 'loss': 4.30755515, 'lr': 0, 'params': 276757, 'time_iter': 0.00498, 'accuracy': 0.25238, 'f1': 0.19192, 'auc': 0.87337}
test: {'epoch': 145, 'time_epoch': 0.07474, 'loss': 6.9085297, 'lr': 0, 'params': 276757, 'time_iter': 0.00534, 'accuracy': 0.12381, 'f1': 0.04921, 'auc': 0.7936}
> Epoch 145: took 2.0s (avg 2.1s) | Best so far: epoch 76	train_loss: 0.5781 train_accuracy: 0.8104	val_loss: 1.9680 val_accuracy: 0.4976	test_loss: 2.6051 test_accuracy: 0.3119	F1: 0.2891 Prec: 0.3387 Rec: 0.3119
train: {'epoch': 146, 'time_epoch': 1.90947, 'eta': 188.30843, 'eta_hours': 0.05231, 'loss': 0.30974565, 'lr': 0.00036958, 'params': 276757, 'time_iter': 0.01091, 'accuracy': 0.89731, 'f1': 0.89736, 'auc': 0.99735}
val: {'epoch': 146, 'time_epoch': 0.08042, 'loss': 3.15324403, 'lr': 0, 'params': 276757, 'time_iter': 0.00574, 'accuracy': 0.38333, 'f1': 0.32784, 'auc': 0.9064}
test: {'epoch': 146, 'time_epoch': 0.07574, 'loss': 5.87545584, 'lr': 0, 'params': 276757, 'time_iter': 0.00541, 'accuracy': 0.15952, 'f1': 0.09718, 'auc': 0.82118}
> Epoch 146: took 2.1s (avg 2.1s) | Best so far: epoch 76	train_loss: 0.5781 train_accuracy: 0.8104	val_loss: 1.9680 val_accuracy: 0.4976	test_loss: 2.6051 test_accuracy: 0.3119	F1: 0.2891 Prec: 0.3387 Rec: 0.3119
train: {'epoch': 147, 'time_epoch': 1.66289, 'eta': 186.36624, 'eta_hours': 0.05177, 'loss': 0.3066656, 'lr': 0.00036352, 'params': 276757, 'time_iter': 0.0095, 'accuracy': 0.89713, 'f1': 0.89712, 'auc': 0.99737}
val: {'epoch': 147, 'time_epoch': 0.07727, 'loss': 4.67868648, 'lr': 0, 'params': 276757, 'time_iter': 0.00552, 'accuracy': 0.22143, 'f1': 0.15885, 'auc': 0.84311}
test: {'epoch': 147, 'time_epoch': 0.06684, 'loss': 7.70275935, 'lr': 0, 'params': 276757, 'time_iter': 0.00477, 'accuracy': 0.11429, 'f1': 0.0529, 'auc': 0.798}
> Epoch 147: took 1.9s (avg 2.1s) | Best so far: epoch 76	train_loss: 0.5781 train_accuracy: 0.8104	val_loss: 1.9680 val_accuracy: 0.4976	test_loss: 2.6051 test_accuracy: 0.3119	F1: 0.2891 Prec: 0.3387 Rec: 0.3119
train: {'epoch': 148, 'time_epoch': 1.86512, 'eta': 184.56488, 'eta_hours': 0.05127, 'loss': 0.29946921, 'lr': 0.00035749, 'params': 276757, 'time_iter': 0.01066, 'accuracy': 0.90036, 'f1': 0.90029, 'auc': 0.99743}
val: {'epoch': 148, 'time_epoch': 0.06982, 'loss': 2.84816337, 'lr': 0, 'params': 276757, 'time_iter': 0.00499, 'accuracy': 0.39286, 'f1': 0.32517, 'auc': 0.91974}
test: {'epoch': 148, 'time_epoch': 0.08494, 'loss': 3.91721196, 'lr': 0, 'params': 276757, 'time_iter': 0.00607, 'accuracy': 0.3119, 'f1': 0.29002, 'auc': 0.86115}
> Epoch 148: took 2.1s (avg 2.1s) | Best so far: epoch 76	train_loss: 0.5781 train_accuracy: 0.8104	val_loss: 1.9680 val_accuracy: 0.4976	test_loss: 2.6051 test_accuracy: 0.3119	F1: 0.2891 Prec: 0.3387 Rec: 0.3119
train: {'epoch': 149, 'time_epoch': 1.80927, 'eta': 182.72543, 'eta_hours': 0.05076, 'loss': 0.29210246, 'lr': 0.00035148, 'params': 276757, 'time_iter': 0.01034, 'accuracy': 0.90197, 'f1': 0.90195, 'auc': 0.99759}
val: {'epoch': 149, 'time_epoch': 0.06686, 'loss': 3.55833513, 'lr': 0, 'params': 276757, 'time_iter': 0.00478, 'accuracy': 0.30714, 'f1': 0.24697, 'auc': 0.87089}
test: {'epoch': 149, 'time_epoch': 0.07008, 'loss': 5.04105773, 'lr': 0, 'params': 276757, 'time_iter': 0.00501, 'accuracy': 0.23095, 'f1': 0.17376, 'auc': 0.84624}
> Epoch 149: took 2.0s (avg 2.1s) | Best so far: epoch 76	train_loss: 0.5781 train_accuracy: 0.8104	val_loss: 1.9680 val_accuracy: 0.4976	test_loss: 2.6051 test_accuracy: 0.3119	F1: 0.2891 Prec: 0.3387 Rec: 0.3119
train: {'epoch': 150, 'time_epoch': 1.98526, 'eta': 181.00177, 'eta_hours': 0.05028, 'loss': 0.31680965, 'lr': 0.00034549, 'params': 276757, 'time_iter': 0.01134, 'accuracy': 0.88996, 'f1': 0.88996, 'auc': 0.99721}
val: {'epoch': 150, 'time_epoch': 0.07896, 'loss': 2.4522854, 'lr': 0, 'params': 276757, 'time_iter': 0.00564, 'accuracy': 0.39048, 'f1': 0.34675, 'auc': 0.92433}
test: {'epoch': 150, 'time_epoch': 0.06273, 'loss': 3.30577203, 'lr': 0, 'params': 276757, 'time_iter': 0.00448, 'accuracy': 0.3, 'f1': 0.25526, 'auc': 0.88144}
> Epoch 150: took 2.2s (avg 2.1s) | Best so far: epoch 76	train_loss: 0.5781 train_accuracy: 0.8104	val_loss: 1.9680 val_accuracy: 0.4976	test_loss: 2.6051 test_accuracy: 0.3119	F1: 0.2891 Prec: 0.3387 Rec: 0.3119
train: {'epoch': 151, 'time_epoch': 1.91773, 'eta': 179.23112, 'eta_hours': 0.04979, 'loss': 0.30636432, 'lr': 0.00033953, 'params': 276757, 'time_iter': 0.01096, 'accuracy': 0.90125, 'f1': 0.90118, 'auc': 0.99736}
val: {'epoch': 151, 'time_epoch': 0.06682, 'loss': 2.73698221, 'lr': 0, 'params': 276757, 'time_iter': 0.00477, 'accuracy': 0.35, 'f1': 0.31379, 'auc': 0.90855}
test: {'epoch': 151, 'time_epoch': 0.10455, 'loss': 4.39461122, 'lr': 0, 'params': 276757, 'time_iter': 0.00747, 'accuracy': 0.2619, 'f1': 0.19389, 'auc': 0.86247}
> Epoch 151: took 2.2s (avg 2.1s) | Best so far: epoch 76	train_loss: 0.5781 train_accuracy: 0.8104	val_loss: 1.9680 val_accuracy: 0.4976	test_loss: 2.6051 test_accuracy: 0.3119	F1: 0.2891 Prec: 0.3387 Rec: 0.3119
train: {'epoch': 152, 'time_epoch': 1.68784, 'eta': 177.31282, 'eta_hours': 0.04925, 'loss': 0.29948938, 'lr': 0.00033359, 'params': 276757, 'time_iter': 0.00964, 'accuracy': 0.90287, 'f1': 0.90286, 'auc': 0.99749}
val: {'epoch': 152, 'time_epoch': 0.07512, 'loss': 3.23930359, 'lr': 0, 'params': 276757, 'time_iter': 0.00537, 'accuracy': 0.32857, 'f1': 0.27259, 'auc': 0.89765}
test: {'epoch': 152, 'time_epoch': 0.09046, 'loss': 6.01075477, 'lr': 0, 'params': 276757, 'time_iter': 0.00646, 'accuracy': 0.16905, 'f1': 0.10727, 'auc': 0.82562}
> Epoch 152: took 1.9s (avg 2.1s) | Best so far: epoch 76	train_loss: 0.5781 train_accuracy: 0.8104	val_loss: 1.9680 val_accuracy: 0.4976	test_loss: 2.6051 test_accuracy: 0.3119	F1: 0.2891 Prec: 0.3387 Rec: 0.3119
train: {'epoch': 153, 'time_epoch': 2.02595, 'eta': 175.60827, 'eta_hours': 0.04878, 'loss': 0.29260735, 'lr': 0.00032768, 'params': 276757, 'time_iter': 0.01158, 'accuracy': 0.90824, 'f1': 0.90827, 'auc': 0.99757}
val: {'epoch': 153, 'time_epoch': 0.08067, 'loss': 1.81945135, 'lr': 0, 'params': 276757, 'time_iter': 0.00576, 'accuracy': 0.51905, 'f1': 0.48709, 'auc': 0.94571}
test: {'epoch': 153, 'time_epoch': 0.09858, 'loss': 3.01833786, 'lr': 0, 'params': 276757, 'time_iter': 0.00704, 'accuracy': 0.36667, 'f1': 0.33457, 'auc': 0.91858}
[*] Confusion Matrix saved to: results_lopo_none/NI_3m\Conf\confusion_matrix_epoch_153.png
> Epoch 153: took 2.3s (avg 2.1s) | Best so far: epoch 153	train_loss: 0.2926 train_accuracy: 0.9082	val_loss: 1.8195 val_accuracy: 0.5191	test_loss: 3.0183 test_accuracy: 0.3667	F1: 0.3346 Prec: 0.4519 Rec: 0.3667
train: {'epoch': 154, 'time_epoch': 1.80646, 'eta': 173.76505, 'eta_hours': 0.04827, 'loss': 0.26504367, 'lr': 0.00032179, 'params': 276757, 'time_iter': 0.01032, 'accuracy': 0.91523, 'f1': 0.91518, 'auc': 0.99811}
val: {'epoch': 154, 'time_epoch': 0.06529, 'loss': 2.05317794, 'lr': 0, 'params': 276757, 'time_iter': 0.00466, 'accuracy': 0.53095, 'f1': 0.49807, 'auc': 0.93587}
test: {'epoch': 154, 'time_epoch': 0.06881, 'loss': 2.82836594, 'lr': 0, 'params': 276757, 'time_iter': 0.00492, 'accuracy': 0.36667, 'f1': 0.32583, 'auc': 0.90485}
[*] Confusion Matrix saved to: results_lopo_none/NI_3m\Conf\confusion_matrix_epoch_154.png
> Epoch 154: took 2.0s (avg 2.1s) | Best so far: epoch 154	train_loss: 0.2650 train_accuracy: 0.9152	val_loss: 2.0532 val_accuracy: 0.5310	test_loss: 2.8284 test_accuracy: 0.3667	F1: 0.3258 Prec: 0.4034 Rec: 0.3667
train: {'epoch': 155, 'time_epoch': 1.71668, 'eta': 171.8682, 'eta_hours': 0.04774, 'loss': 0.29338133, 'lr': 0.00031594, 'params': 276757, 'time_iter': 0.00981, 'accuracy': 0.90287, 'f1': 0.9028, 'auc': 0.99762}
val: {'epoch': 155, 'time_epoch': 0.06932, 'loss': 2.39916496, 'lr': 0, 'params': 276757, 'time_iter': 0.00495, 'accuracy': 0.45952, 'f1': 0.41764, 'auc': 0.93227}
test: {'epoch': 155, 'time_epoch': 0.06678, 'loss': 2.82843624, 'lr': 0, 'params': 276757, 'time_iter': 0.00477, 'accuracy': 0.37619, 'f1': 0.33275, 'auc': 0.91053}
> Epoch 155: took 1.9s (avg 2.1s) | Best so far: epoch 154	train_loss: 0.2650 train_accuracy: 0.9152	val_loss: 2.0532 val_accuracy: 0.5310	test_loss: 2.8284 test_accuracy: 0.3667	F1: 0.3258 Prec: 0.4034 Rec: 0.3667
train: {'epoch': 156, 'time_epoch': 1.81105, 'eta': 170.02954, 'eta_hours': 0.04723, 'loss': 0.30986795, 'lr': 0.00031011, 'params': 276757, 'time_iter': 0.01035, 'accuracy': 0.89355, 'f1': 0.89348, 'auc': 0.99737}
val: {'epoch': 156, 'time_epoch': 0.06547, 'loss': 2.86010249, 'lr': 0, 'params': 276757, 'time_iter': 0.00468, 'accuracy': 0.41905, 'f1': 0.37882, 'auc': 0.90908}
test: {'epoch': 156, 'time_epoch': 0.06718, 'loss': 4.37619825, 'lr': 0, 'params': 276757, 'time_iter': 0.0048, 'accuracy': 0.27143, 'f1': 0.23311, 'auc': 0.84164}
> Epoch 156: took 2.0s (avg 2.1s) | Best so far: epoch 154	train_loss: 0.2650 train_accuracy: 0.9152	val_loss: 2.0532 val_accuracy: 0.5310	test_loss: 2.8284 test_accuracy: 0.3667	F1: 0.3258 Prec: 0.4034 Rec: 0.3667
train: {'epoch': 157, 'time_epoch': 1.67276, 'eta': 168.11071, 'eta_hours': 0.0467, 'loss': 0.28692048, 'lr': 0.00030431, 'params': 276757, 'time_iter': 0.00956, 'accuracy': 0.90609, 'f1': 0.90599, 'auc': 0.99764}
val: {'epoch': 157, 'time_epoch': 0.06865, 'loss': 3.23355457, 'lr': 0, 'params': 276757, 'time_iter': 0.0049, 'accuracy': 0.36429, 'f1': 0.29292, 'auc': 0.90517}
test: {'epoch': 157, 'time_epoch': 0.06749, 'loss': 5.40728106, 'lr': 0, 'params': 276757, 'time_iter': 0.00482, 'accuracy': 0.19048, 'f1': 0.13487, 'auc': 0.8203}
> Epoch 157: took 1.9s (avg 2.1s) | Best so far: epoch 154	train_loss: 0.2650 train_accuracy: 0.9152	val_loss: 2.0532 val_accuracy: 0.5310	test_loss: 2.8284 test_accuracy: 0.3667	F1: 0.3258 Prec: 0.4034 Rec: 0.3667
train: {'epoch': 158, 'time_epoch': 2.14395, 'eta': 166.46465, 'eta_hours': 0.04624, 'loss': 0.27254642, 'lr': 0.00029855, 'params': 276757, 'time_iter': 0.01225, 'accuracy': 0.91039, 'f1': 0.9104, 'auc': 0.99798}
val: {'epoch': 158, 'time_epoch': 0.06776, 'loss': 2.20313869, 'lr': 0, 'params': 276757, 'time_iter': 0.00484, 'accuracy': 0.52619, 'f1': 0.49931, 'auc': 0.93027}
test: {'epoch': 158, 'time_epoch': 0.0668, 'loss': 3.23621796, 'lr': 0, 'params': 276757, 'time_iter': 0.00477, 'accuracy': 0.2881, 'f1': 0.25384, 'auc': 0.87705}
> Epoch 158: took 2.3s (avg 2.1s) | Best so far: epoch 154	train_loss: 0.2650 train_accuracy: 0.9152	val_loss: 2.0532 val_accuracy: 0.5310	test_loss: 2.8284 test_accuracy: 0.3667	F1: 0.3258 Prec: 0.4034 Rec: 0.3667
train: {'epoch': 159, 'time_epoch': 1.84778, 'eta': 164.64578, 'eta_hours': 0.04573, 'loss': 0.29500322, 'lr': 0.00029281, 'params': 276757, 'time_iter': 0.01056, 'accuracy': 0.90215, 'f1': 0.90212, 'auc': 0.99751}
val: {'epoch': 159, 'time_epoch': 0.05687, 'loss': 2.45828668, 'lr': 0, 'params': 276757, 'time_iter': 0.00406, 'accuracy': 0.45, 'f1': 0.39231, 'auc': 0.92819}
test: {'epoch': 159, 'time_epoch': 0.07509, 'loss': 3.15898882, 'lr': 0, 'params': 276757, 'time_iter': 0.00536, 'accuracy': 0.34048, 'f1': 0.30724, 'auc': 0.88666}
> Epoch 159: took 2.1s (avg 2.1s) | Best so far: epoch 154	train_loss: 0.2650 train_accuracy: 0.9152	val_loss: 2.0532 val_accuracy: 0.5310	test_loss: 2.8284 test_accuracy: 0.3667	F1: 0.3258 Prec: 0.4034 Rec: 0.3667
train: {'epoch': 160, 'time_epoch': 2.25422, 'eta': 163.05121, 'eta_hours': 0.04529, 'loss': 0.27983069, 'lr': 0.00028711, 'params': 276757, 'time_iter': 0.01288, 'accuracy': 0.91022, 'f1': 0.91015, 'auc': 0.99782}
val: {'epoch': 160, 'time_epoch': 0.07302, 'loss': 2.26022472, 'lr': 0, 'params': 276757, 'time_iter': 0.00522, 'accuracy': 0.51667, 'f1': 0.4824, 'auc': 0.93756}
test: {'epoch': 160, 'time_epoch': 0.07939, 'loss': 3.9807638, 'lr': 0, 'params': 276757, 'time_iter': 0.00567, 'accuracy': 0.27857, 'f1': 0.23486, 'auc': 0.87996}
> Epoch 160: took 2.5s (avg 2.1s) | Best so far: epoch 154	train_loss: 0.2650 train_accuracy: 0.9152	val_loss: 2.0532 val_accuracy: 0.5310	test_loss: 2.8284 test_accuracy: 0.3667	F1: 0.3258 Prec: 0.4034 Rec: 0.3667
train: {'epoch': 161, 'time_epoch': 2.22726, 'eta': 161.43387, 'eta_hours': 0.04484, 'loss': 0.26685301, 'lr': 0.00028144, 'params': 276757, 'time_iter': 0.01273, 'accuracy': 0.91452, 'f1': 0.91455, 'auc': 0.998}
val: {'epoch': 161, 'time_epoch': 0.06918, 'loss': 1.96322203, 'lr': 0, 'params': 276757, 'time_iter': 0.00494, 'accuracy': 0.51667, 'f1': 0.49369, 'auc': 0.9371}
test: {'epoch': 161, 'time_epoch': 0.07492, 'loss': 3.1456443, 'lr': 0, 'params': 276757, 'time_iter': 0.00535, 'accuracy': 0.33333, 'f1': 0.29465, 'auc': 0.91036}
> Epoch 161: took 2.4s (avg 2.1s) | Best so far: epoch 154	train_loss: 0.2650 train_accuracy: 0.9152	val_loss: 2.0532 val_accuracy: 0.5310	test_loss: 2.8284 test_accuracy: 0.3667	F1: 0.3258 Prec: 0.4034 Rec: 0.3667
train: {'epoch': 162, 'time_epoch': 2.27017, 'eta': 159.83194, 'eta_hours': 0.0444, 'loss': 0.26753087, 'lr': 0.00027581, 'params': 276757, 'time_iter': 0.01297, 'accuracy': 0.91452, 'f1': 0.91445, 'auc': 0.99803}
val: {'epoch': 162, 'time_epoch': 0.08312, 'loss': 2.70495457, 'lr': 0, 'params': 276757, 'time_iter': 0.00594, 'accuracy': 0.37143, 'f1': 0.32836, 'auc': 0.91218}
test: {'epoch': 162, 'time_epoch': 0.07676, 'loss': 3.73141282, 'lr': 0, 'params': 276757, 'time_iter': 0.00548, 'accuracy': 0.27143, 'f1': 0.21703, 'auc': 0.86493}
> Epoch 162: took 2.5s (avg 2.1s) | Best so far: epoch 154	train_loss: 0.2650 train_accuracy: 0.9152	val_loss: 2.0532 val_accuracy: 0.5310	test_loss: 2.8284 test_accuracy: 0.3667	F1: 0.3258 Prec: 0.4034 Rec: 0.3667
train: {'epoch': 163, 'time_epoch': 2.11079, 'eta': 158.13829, 'eta_hours': 0.04393, 'loss': 0.26600983, 'lr': 0.00027021, 'params': 276757, 'time_iter': 0.01206, 'accuracy': 0.9138, 'f1': 0.91373, 'auc': 0.99798}
val: {'epoch': 163, 'time_epoch': 0.07076, 'loss': 1.69009081, 'lr': 0, 'params': 276757, 'time_iter': 0.00505, 'accuracy': 0.6, 'f1': 0.57044, 'auc': 0.95412}
test: {'epoch': 163, 'time_epoch': 0.06884, 'loss': 2.39149877, 'lr': 0, 'params': 276757, 'time_iter': 0.00492, 'accuracy': 0.40952, 'f1': 0.3824, 'auc': 0.92902}
[*] Confusion Matrix saved to: results_lopo_none/NI_3m\Conf\confusion_matrix_epoch_163.png
> Epoch 163: took 2.3s (avg 2.1s) | Best so far: epoch 163	train_loss: 0.2660 train_accuracy: 0.9138	val_loss: 1.6901 val_accuracy: 0.6000	test_loss: 2.3915 test_accuracy: 0.4095	F1: 0.3824 Prec: 0.4980 Rec: 0.4095
train: {'epoch': 164, 'time_epoch': 1.74646, 'eta': 156.2519, 'eta_hours': 0.0434, 'loss': 0.25982072, 'lr': 0.00026465, 'params': 276757, 'time_iter': 0.00998, 'accuracy': 0.91667, 'f1': 0.91661, 'auc': 0.99815}
val: {'epoch': 164, 'time_epoch': 0.07159, 'loss': 3.43690987, 'lr': 0, 'params': 276757, 'time_iter': 0.00511, 'accuracy': 0.39286, 'f1': 0.33114, 'auc': 0.90297}
test: {'epoch': 164, 'time_epoch': 0.06443, 'loss': 4.81044603, 'lr': 0, 'params': 276757, 'time_iter': 0.0046, 'accuracy': 0.24048, 'f1': 0.1857, 'auc': 0.86711}
> Epoch 164: took 2.0s (avg 2.1s) | Best so far: epoch 163	train_loss: 0.2660 train_accuracy: 0.9138	val_loss: 1.6901 val_accuracy: 0.6000	test_loss: 2.3915 test_accuracy: 0.4095	F1: 0.3824 Prec: 0.4980 Rec: 0.4095
train: {'epoch': 165, 'time_epoch': 1.74687, 'eta': 154.3674, 'eta_hours': 0.04288, 'loss': 0.29065394, 'lr': 0.00025912, 'params': 276757, 'time_iter': 0.00998, 'accuracy': 0.90609, 'f1': 0.90606, 'auc': 0.9977}
val: {'epoch': 165, 'time_epoch': 0.06797, 'loss': 2.29771593, 'lr': 0, 'params': 276757, 'time_iter': 0.00486, 'accuracy': 0.41905, 'f1': 0.39595, 'auc': 0.92223}
test: {'epoch': 165, 'time_epoch': 0.06022, 'loss': 3.51833967, 'lr': 0, 'params': 276757, 'time_iter': 0.0043, 'accuracy': 0.31429, 'f1': 0.2722, 'auc': 0.8891}
> Epoch 165: took 2.0s (avg 2.1s) | Best so far: epoch 163	train_loss: 0.2660 train_accuracy: 0.9138	val_loss: 1.6901 val_accuracy: 0.6000	test_loss: 2.3915 test_accuracy: 0.4095	F1: 0.3824 Prec: 0.4980 Rec: 0.4095
train: {'epoch': 166, 'time_epoch': 1.7521, 'eta': 152.48714, 'eta_hours': 0.04236, 'loss': 0.26675276, 'lr': 0.00025364, 'params': 276757, 'time_iter': 0.01001, 'accuracy': 0.91595, 'f1': 0.91594, 'auc': 0.99792}
val: {'epoch': 166, 'time_epoch': 0.07037, 'loss': 2.96010204, 'lr': 0, 'params': 276757, 'time_iter': 0.00503, 'accuracy': 0.36667, 'f1': 0.33899, 'auc': 0.90421}
test: {'epoch': 166, 'time_epoch': 0.06859, 'loss': 4.5882409, 'lr': 0, 'params': 276757, 'time_iter': 0.0049, 'accuracy': 0.19762, 'f1': 0.15306, 'auc': 0.84998}
> Epoch 166: took 2.0s (avg 2.1s) | Best so far: epoch 163	train_loss: 0.2660 train_accuracy: 0.9138	val_loss: 1.6901 val_accuracy: 0.6000	test_loss: 2.3915 test_accuracy: 0.4095	F1: 0.3824 Prec: 0.4980 Rec: 0.4095
train: {'epoch': 167, 'time_epoch': 1.78004, 'eta': 150.62205, 'eta_hours': 0.04184, 'loss': 0.26676533, 'lr': 0.00024819, 'params': 276757, 'time_iter': 0.01017, 'accuracy': 0.91075, 'f1': 0.91067, 'auc': 0.99805}
val: {'epoch': 167, 'time_epoch': 0.0695, 'loss': 2.27188414, 'lr': 0, 'params': 276757, 'time_iter': 0.00496, 'accuracy': 0.4619, 'f1': 0.42132, 'auc': 0.93372}
test: {'epoch': 167, 'time_epoch': 0.07553, 'loss': 2.7253365, 'lr': 0, 'params': 276757, 'time_iter': 0.0054, 'accuracy': 0.37381, 'f1': 0.34831, 'auc': 0.90429}
> Epoch 167: took 2.0s (avg 2.1s) | Best so far: epoch 163	train_loss: 0.2660 train_accuracy: 0.9138	val_loss: 1.6901 val_accuracy: 0.6000	test_loss: 2.3915 test_accuracy: 0.4095	F1: 0.3824 Prec: 0.4980 Rec: 0.4095
train: {'epoch': 168, 'time_epoch': 1.85963, 'eta': 148.79611, 'eta_hours': 0.04133, 'loss': 0.24085736, 'lr': 0.00024278, 'params': 276757, 'time_iter': 0.01063, 'accuracy': 0.92634, 'f1': 0.92629, 'auc': 0.99831}
val: {'epoch': 168, 'time_epoch': 0.07683, 'loss': 2.17361181, 'lr': 0, 'params': 276757, 'time_iter': 0.00549, 'accuracy': 0.49762, 'f1': 0.46723, 'auc': 0.93425}
test: {'epoch': 168, 'time_epoch': 0.08403, 'loss': 2.84537388, 'lr': 0, 'params': 276757, 'time_iter': 0.006, 'accuracy': 0.35238, 'f1': 0.3115, 'auc': 0.91257}
> Epoch 168: took 2.1s (avg 2.1s) | Best so far: epoch 163	train_loss: 0.2660 train_accuracy: 0.9138	val_loss: 1.6901 val_accuracy: 0.6000	test_loss: 2.3915 test_accuracy: 0.4095	F1: 0.3824 Prec: 0.4980 Rec: 0.4095
train: {'epoch': 169, 'time_epoch': 1.68626, 'eta': 146.88819, 'eta_hours': 0.0408, 'loss': 0.26467172, 'lr': 0.00023741, 'params': 276757, 'time_iter': 0.00964, 'accuracy': 0.91613, 'f1': 0.9161, 'auc': 0.99794}
val: {'epoch': 169, 'time_epoch': 0.07463, 'loss': 2.32557964, 'lr': 0, 'params': 276757, 'time_iter': 0.00533, 'accuracy': 0.48571, 'f1': 0.46062, 'auc': 0.92776}
test: {'epoch': 169, 'time_epoch': 0.06541, 'loss': 2.53137734, 'lr': 0, 'params': 276757, 'time_iter': 0.00467, 'accuracy': 0.42143, 'f1': 0.38772, 'auc': 0.9141}
> Epoch 169: took 1.9s (avg 2.1s) | Best so far: epoch 163	train_loss: 0.2660 train_accuracy: 0.9138	val_loss: 1.6901 val_accuracy: 0.6000	test_loss: 2.3915 test_accuracy: 0.4095	F1: 0.3824 Prec: 0.4980 Rec: 0.4095
train: {'epoch': 170, 'time_epoch': 1.7357, 'eta': 145.0057, 'eta_hours': 0.04028, 'loss': 0.25730908, 'lr': 0.00023209, 'params': 276757, 'time_iter': 0.00992, 'accuracy': 0.91738, 'f1': 0.91734, 'auc': 0.99808}
val: {'epoch': 170, 'time_epoch': 0.07411, 'loss': 1.76999285, 'lr': 0, 'params': 276757, 'time_iter': 0.00529, 'accuracy': 0.55, 'f1': 0.51199, 'auc': 0.95212}
test: {'epoch': 170, 'time_epoch': 0.09386, 'loss': 2.28337772, 'lr': 0, 'params': 276757, 'time_iter': 0.0067, 'accuracy': 0.42619, 'f1': 0.4041, 'auc': 0.93429}
> Epoch 170: took 2.0s (avg 2.1s) | Best so far: epoch 163	train_loss: 0.2660 train_accuracy: 0.9138	val_loss: 1.6901 val_accuracy: 0.6000	test_loss: 2.3915 test_accuracy: 0.4095	F1: 0.3824 Prec: 0.4980 Rec: 0.4095
train: {'epoch': 171, 'time_epoch': 1.69602, 'eta': 143.10693, 'eta_hours': 0.03975, 'loss': 0.25009394, 'lr': 0.0002268, 'params': 276757, 'time_iter': 0.00969, 'accuracy': 0.91774, 'f1': 0.91769, 'auc': 0.99823}
val: {'epoch': 171, 'time_epoch': 0.06951, 'loss': 2.05888644, 'lr': 0, 'params': 276757, 'time_iter': 0.00497, 'accuracy': 0.51667, 'f1': 0.48607, 'auc': 0.9354}
test: {'epoch': 171, 'time_epoch': 0.06538, 'loss': 2.42416462, 'lr': 0, 'params': 276757, 'time_iter': 0.00467, 'accuracy': 0.4119, 'f1': 0.38521, 'auc': 0.92676}
> Epoch 171: took 1.9s (avg 2.1s) | Best so far: epoch 163	train_loss: 0.2660 train_accuracy: 0.9138	val_loss: 1.6901 val_accuracy: 0.6000	test_loss: 2.3915 test_accuracy: 0.4095	F1: 0.3824 Prec: 0.4980 Rec: 0.4095
train: {'epoch': 172, 'time_epoch': 1.72365, 'eta': 141.2228, 'eta_hours': 0.03923, 'loss': 0.24201568, 'lr': 0.00022156, 'params': 276757, 'time_iter': 0.00985, 'accuracy': 0.92151, 'f1': 0.92139, 'auc': 0.99832}
val: {'epoch': 172, 'time_epoch': 0.06933, 'loss': 1.70707146, 'lr': 0, 'params': 276757, 'time_iter': 0.00495, 'accuracy': 0.58333, 'f1': 0.54854, 'auc': 0.95514}
test: {'epoch': 172, 'time_epoch': 0.06897, 'loss': 2.28801841, 'lr': 0, 'params': 276757, 'time_iter': 0.00493, 'accuracy': 0.44524, 'f1': 0.42652, 'auc': 0.92893}
> Epoch 172: took 1.9s (avg 2.1s) | Best so far: epoch 163	train_loss: 0.2660 train_accuracy: 0.9138	val_loss: 1.6901 val_accuracy: 0.6000	test_loss: 2.3915 test_accuracy: 0.4095	F1: 0.3824 Prec: 0.4980 Rec: 0.4095
train: {'epoch': 173, 'time_epoch': 1.74014, 'eta': 139.34771, 'eta_hours': 0.03871, 'loss': 0.26064042, 'lr': 0.00021637, 'params': 276757, 'time_iter': 0.00994, 'accuracy': 0.91416, 'f1': 0.91408, 'auc': 0.99807}
val: {'epoch': 173, 'time_epoch': 0.07922, 'loss': 2.21535542, 'lr': 0, 'params': 276757, 'time_iter': 0.00566, 'accuracy': 0.49286, 'f1': 0.46063, 'auc': 0.93167}
test: {'epoch': 173, 'time_epoch': 0.06593, 'loss': 2.62694706, 'lr': 0, 'params': 276757, 'time_iter': 0.00471, 'accuracy': 0.38571, 'f1': 0.3542, 'auc': 0.92036}
> Epoch 173: took 1.9s (avg 2.1s) | Best so far: epoch 163	train_loss: 0.2660 train_accuracy: 0.9138	val_loss: 1.6901 val_accuracy: 0.6000	test_loss: 2.3915 test_accuracy: 0.4095	F1: 0.3824 Prec: 0.4980 Rec: 0.4095
train: {'epoch': 174, 'time_epoch': 1.74493, 'eta': 137.47622, 'eta_hours': 0.03819, 'loss': 0.25271959, 'lr': 0.00021121, 'params': 276757, 'time_iter': 0.00997, 'accuracy': 0.9181, 'f1': 0.91809, 'auc': 0.99818}
val: {'epoch': 174, 'time_epoch': 0.06332, 'loss': 1.73923153, 'lr': 0, 'params': 276757, 'time_iter': 0.00452, 'accuracy': 0.57381, 'f1': 0.55101, 'auc': 0.94925}
test: {'epoch': 174, 'time_epoch': 0.06785, 'loss': 2.839389, 'lr': 0, 'params': 276757, 'time_iter': 0.00485, 'accuracy': 0.3619, 'f1': 0.33457, 'auc': 0.91886}
> Epoch 174: took 2.0s (avg 2.1s) | Best so far: epoch 163	train_loss: 0.2660 train_accuracy: 0.9138	val_loss: 1.6901 val_accuracy: 0.6000	test_loss: 2.3915 test_accuracy: 0.4095	F1: 0.3824 Prec: 0.4980 Rec: 0.4095
train: {'epoch': 175, 'time_epoch': 1.76566, 'eta': 135.61489, 'eta_hours': 0.03767, 'loss': 0.27134749, 'lr': 0.00020611, 'params': 276757, 'time_iter': 0.01009, 'accuracy': 0.9172, 'f1': 0.9172, 'auc': 0.99788}
val: {'epoch': 175, 'time_epoch': 0.06898, 'loss': 1.83182421, 'lr': 0, 'params': 276757, 'time_iter': 0.00493, 'accuracy': 0.55238, 'f1': 0.51888, 'auc': 0.95205}
test: {'epoch': 175, 'time_epoch': 0.0711, 'loss': 2.38600532, 'lr': 0, 'params': 276757, 'time_iter': 0.00508, 'accuracy': 0.4619, 'f1': 0.42575, 'auc': 0.93914}
> Epoch 175: took 2.0s (avg 2.1s) | Best so far: epoch 163	train_loss: 0.2660 train_accuracy: 0.9138	val_loss: 1.6901 val_accuracy: 0.6000	test_loss: 2.3915 test_accuracy: 0.4095	F1: 0.3824 Prec: 0.4980 Rec: 0.4095
train: {'epoch': 176, 'time_epoch': 1.7551, 'eta': 133.75027, 'eta_hours': 0.03715, 'loss': 0.23763401, 'lr': 0.00020105, 'params': 276757, 'time_iter': 0.01003, 'accuracy': 0.92222, 'f1': 0.92219, 'auc': 0.99844}
val: {'epoch': 176, 'time_epoch': 0.07372, 'loss': 1.86104395, 'lr': 0, 'params': 276757, 'time_iter': 0.00527, 'accuracy': 0.56667, 'f1': 0.52839, 'auc': 0.95308}
test: {'epoch': 176, 'time_epoch': 0.07487, 'loss': 2.36278518, 'lr': 0, 'params': 276757, 'time_iter': 0.00535, 'accuracy': 0.42857, 'f1': 0.39575, 'auc': 0.9317}
> Epoch 176: took 2.0s (avg 2.1s) | Best so far: epoch 163	train_loss: 0.2660 train_accuracy: 0.9138	val_loss: 1.6901 val_accuracy: 0.6000	test_loss: 2.3915 test_accuracy: 0.4095	F1: 0.3824 Prec: 0.4980 Rec: 0.4095
train: {'epoch': 177, 'time_epoch': 1.57386, 'eta': 131.81358, 'eta_hours': 0.03661, 'loss': 0.24479753, 'lr': 0.00019603, 'params': 276757, 'time_iter': 0.00899, 'accuracy': 0.92097, 'f1': 0.92098, 'auc': 0.99835}
val: {'epoch': 177, 'time_epoch': 0.06266, 'loss': 2.05829177, 'lr': 0, 'params': 276757, 'time_iter': 0.00448, 'accuracy': 0.5381, 'f1': 0.50384, 'auc': 0.94336}
test: {'epoch': 177, 'time_epoch': 0.06678, 'loss': 2.99082879, 'lr': 0, 'params': 276757, 'time_iter': 0.00477, 'accuracy': 0.40476, 'f1': 0.35833, 'auc': 0.9209}
> Epoch 177: took 1.8s (avg 2.1s) | Best so far: epoch 163	train_loss: 0.2660 train_accuracy: 0.9138	val_loss: 1.6901 val_accuracy: 0.6000	test_loss: 2.3915 test_accuracy: 0.4095	F1: 0.3824 Prec: 0.4980 Rec: 0.4095
train: {'epoch': 178, 'time_epoch': 1.81641, 'eta': 129.97715, 'eta_hours': 0.0361, 'loss': 0.24155721, 'lr': 0.00019107, 'params': 276757, 'time_iter': 0.01038, 'accuracy': 0.9233, 'f1': 0.92321, 'auc': 0.99831}
val: {'epoch': 178, 'time_epoch': 0.07678, 'loss': 1.86358591, 'lr': 0, 'params': 276757, 'time_iter': 0.00548, 'accuracy': 0.52381, 'f1': 0.50606, 'auc': 0.94336}
test: {'epoch': 178, 'time_epoch': 0.1246, 'loss': 2.95567559, 'lr': 0, 'params': 276757, 'time_iter': 0.0089, 'accuracy': 0.37381, 'f1': 0.33704, 'auc': 0.92748}
> Epoch 178: took 2.1s (avg 2.1s) | Best so far: epoch 163	train_loss: 0.2660 train_accuracy: 0.9138	val_loss: 1.6901 val_accuracy: 0.6000	test_loss: 2.3915 test_accuracy: 0.4095	F1: 0.3824 Prec: 0.4980 Rec: 0.4095
train: {'epoch': 179, 'time_epoch': 1.78175, 'eta': 128.12746, 'eta_hours': 0.03559, 'loss': 0.2449428, 'lr': 0.00018615, 'params': 276757, 'time_iter': 0.01018, 'accuracy': 0.92115, 'f1': 0.92109, 'auc': 0.99834}
val: {'epoch': 179, 'time_epoch': 0.08661, 'loss': 1.83121357, 'lr': 0, 'params': 276757, 'time_iter': 0.00619, 'accuracy': 0.55714, 'f1': 0.52348, 'auc': 0.9453}
test: {'epoch': 179, 'time_epoch': 0.06987, 'loss': 2.88632529, 'lr': 0, 'params': 276757, 'time_iter': 0.00499, 'accuracy': 0.39286, 'f1': 0.34834, 'auc': 0.91764}
> Epoch 179: took 2.0s (avg 2.1s) | Best so far: epoch 163	train_loss: 0.2660 train_accuracy: 0.9138	val_loss: 1.6901 val_accuracy: 0.6000	test_loss: 2.3915 test_accuracy: 0.4095	F1: 0.3824 Prec: 0.4980 Rec: 0.4095
train: {'epoch': 180, 'time_epoch': 1.69061, 'eta': 126.24378, 'eta_hours': 0.03507, 'loss': 0.23534974, 'lr': 0.00018129, 'params': 276757, 'time_iter': 0.00966, 'accuracy': 0.92401, 'f1': 0.92396, 'auc': 0.99844}
val: {'epoch': 180, 'time_epoch': 0.06867, 'loss': 2.05271316, 'lr': 0, 'params': 276757, 'time_iter': 0.00491, 'accuracy': 0.55238, 'f1': 0.51278, 'auc': 0.93839}
test: {'epoch': 180, 'time_epoch': 0.08413, 'loss': 2.68112532, 'lr': 0, 'params': 276757, 'time_iter': 0.00601, 'accuracy': 0.40952, 'f1': 0.3787, 'auc': 0.92412}
> Epoch 180: took 1.9s (avg 2.1s) | Best so far: epoch 163	train_loss: 0.2660 train_accuracy: 0.9138	val_loss: 1.6901 val_accuracy: 0.6000	test_loss: 2.3915 test_accuracy: 0.4095	F1: 0.3824 Prec: 0.4980 Rec: 0.4095
train: {'epoch': 181, 'time_epoch': 2.00859, 'eta': 124.48103, 'eta_hours': 0.03458, 'loss': 0.23231695, 'lr': 0.00017647, 'params': 276757, 'time_iter': 0.01148, 'accuracy': 0.92437, 'f1': 0.92427, 'auc': 0.9985}
val: {'epoch': 181, 'time_epoch': 0.07156, 'loss': 1.84591636, 'lr': 0, 'params': 276757, 'time_iter': 0.00511, 'accuracy': 0.55238, 'f1': 0.50657, 'auc': 0.94976}
test: {'epoch': 181, 'time_epoch': 0.0907, 'loss': 2.677746, 'lr': 0, 'params': 276757, 'time_iter': 0.00648, 'accuracy': 0.45, 'f1': 0.4157, 'auc': 0.92758}
> Epoch 181: took 2.3s (avg 2.1s) | Best so far: epoch 163	train_loss: 0.2660 train_accuracy: 0.9138	val_loss: 1.6901 val_accuracy: 0.6000	test_loss: 2.3915 test_accuracy: 0.4095	F1: 0.3824 Prec: 0.4980 Rec: 0.4095
train: {'epoch': 182, 'time_epoch': 1.84889, 'eta': 122.65713, 'eta_hours': 0.03407, 'loss': 0.24121375, 'lr': 0.00017171, 'params': 276757, 'time_iter': 0.01057, 'accuracy': 0.92043, 'f1': 0.92044, 'auc': 0.99827}
val: {'epoch': 182, 'time_epoch': 0.07252, 'loss': 1.89926268, 'lr': 0, 'params': 276757, 'time_iter': 0.00518, 'accuracy': 0.53333, 'f1': 0.50772, 'auc': 0.94778}
test: {'epoch': 182, 'time_epoch': 0.07809, 'loss': 2.51752021, 'lr': 0, 'params': 276757, 'time_iter': 0.00558, 'accuracy': 0.41667, 'f1': 0.3731, 'auc': 0.92539}
> Epoch 182: took 2.1s (avg 2.1s) | Best so far: epoch 163	train_loss: 0.2660 train_accuracy: 0.9138	val_loss: 1.6901 val_accuracy: 0.6000	test_loss: 2.3915 test_accuracy: 0.4095	F1: 0.3824 Prec: 0.4980 Rec: 0.4095
train: {'epoch': 183, 'time_epoch': 1.97612, 'eta': 120.87858, 'eta_hours': 0.03358, 'loss': 0.24289427, 'lr': 0.00016699, 'params': 276757, 'time_iter': 0.01129, 'accuracy': 0.9233, 'f1': 0.92335, 'auc': 0.99828}
val: {'epoch': 183, 'time_epoch': 0.09555, 'loss': 3.09845519, 'lr': 0, 'params': 276757, 'time_iter': 0.00682, 'accuracy': 0.39286, 'f1': 0.35578, 'auc': 0.89835}
test: {'epoch': 183, 'time_epoch': 0.0667, 'loss': 5.17874817, 'lr': 0, 'params': 276757, 'time_iter': 0.00476, 'accuracy': 0.22857, 'f1': 0.1563, 'auc': 0.87236}
> Epoch 183: took 2.2s (avg 2.1s) | Best so far: epoch 163	train_loss: 0.2660 train_accuracy: 0.9138	val_loss: 1.6901 val_accuracy: 0.6000	test_loss: 2.3915 test_accuracy: 0.4095	F1: 0.3824 Prec: 0.4980 Rec: 0.4095
train: {'epoch': 184, 'time_epoch': 1.90339, 'eta': 119.07235, 'eta_hours': 0.03308, 'loss': 0.23138846, 'lr': 0.00016233, 'params': 276757, 'time_iter': 0.01088, 'accuracy': 0.92437, 'f1': 0.92442, 'auc': 0.9985}
val: {'epoch': 184, 'time_epoch': 0.06802, 'loss': 1.91609858, 'lr': 0, 'params': 276757, 'time_iter': 0.00486, 'accuracy': 0.58571, 'f1': 0.55554, 'auc': 0.94998}
test: {'epoch': 184, 'time_epoch': 0.06973, 'loss': 2.3708254, 'lr': 0, 'params': 276757, 'time_iter': 0.00498, 'accuracy': 0.43333, 'f1': 0.40157, 'auc': 0.93326}
> Epoch 184: took 2.1s (avg 2.1s) | Best so far: epoch 163	train_loss: 0.2660 train_accuracy: 0.9138	val_loss: 1.6901 val_accuracy: 0.6000	test_loss: 2.3915 test_accuracy: 0.4095	F1: 0.3824 Prec: 0.4980 Rec: 0.4095
train: {'epoch': 185, 'time_epoch': 2.04063, 'eta': 117.3123, 'eta_hours': 0.03259, 'loss': 0.24199936, 'lr': 0.00015773, 'params': 276757, 'time_iter': 0.01166, 'accuracy': 0.92061, 'f1': 0.92059, 'auc': 0.99832}
val: {'epoch': 185, 'time_epoch': 0.07561, 'loss': 1.87076259, 'lr': 0, 'params': 276757, 'time_iter': 0.0054, 'accuracy': 0.55238, 'f1': 0.51552, 'auc': 0.95091}
test: {'epoch': 185, 'time_epoch': 0.0717, 'loss': 2.51659162, 'lr': 0, 'params': 276757, 'time_iter': 0.00512, 'accuracy': 0.42381, 'f1': 0.39225, 'auc': 0.92947}
> Epoch 185: took 2.3s (avg 2.1s) | Best so far: epoch 163	train_loss: 0.2660 train_accuracy: 0.9138	val_loss: 1.6901 val_accuracy: 0.6000	test_loss: 2.3915 test_accuracy: 0.4095	F1: 0.3824 Prec: 0.4980 Rec: 0.4095
train: {'epoch': 186, 'time_epoch': 1.79275, 'eta': 115.46573, 'eta_hours': 0.03207, 'loss': 0.23279808, 'lr': 0.00015317, 'params': 276757, 'time_iter': 0.01024, 'accuracy': 0.9233, 'f1': 0.92332, 'auc': 0.99844}
val: {'epoch': 186, 'time_epoch': 0.08829, 'loss': 1.81569058, 'lr': 0, 'params': 276757, 'time_iter': 0.00631, 'accuracy': 0.57381, 'f1': 0.54612, 'auc': 0.95323}
test: {'epoch': 186, 'time_epoch': 0.07524, 'loss': 2.54772215, 'lr': 0, 'params': 276757, 'time_iter': 0.00537, 'accuracy': 0.4381, 'f1': 0.38391, 'auc': 0.93865}
> Epoch 186: took 2.0s (avg 2.1s) | Best so far: epoch 163	train_loss: 0.2660 train_accuracy: 0.9138	val_loss: 1.6901 val_accuracy: 0.6000	test_loss: 2.3915 test_accuracy: 0.4095	F1: 0.3824 Prec: 0.4980 Rec: 0.4095
train: {'epoch': 187, 'time_epoch': 1.6733, 'eta': 113.58034, 'eta_hours': 0.03155, 'loss': 0.23246465, 'lr': 0.00014868, 'params': 276757, 'time_iter': 0.00956, 'accuracy': 0.91918, 'f1': 0.91909, 'auc': 0.9985}
val: {'epoch': 187, 'time_epoch': 0.06848, 'loss': 1.96269898, 'lr': 0, 'params': 276757, 'time_iter': 0.00489, 'accuracy': 0.55476, 'f1': 0.52426, 'auc': 0.94795}
test: {'epoch': 187, 'time_epoch': 0.06362, 'loss': 2.1569897, 'lr': 0, 'params': 276757, 'time_iter': 0.00454, 'accuracy': 0.46905, 'f1': 0.44016, 'auc': 0.94325}
> Epoch 187: took 1.9s (avg 2.1s) | Best so far: epoch 163	train_loss: 0.2660 train_accuracy: 0.9138	val_loss: 1.6901 val_accuracy: 0.6000	test_loss: 2.3915 test_accuracy: 0.4095	F1: 0.3824 Prec: 0.4980 Rec: 0.4095
train: {'epoch': 188, 'time_epoch': 1.76537, 'eta': 111.72692, 'eta_hours': 0.03104, 'loss': 0.22958584, 'lr': 0.00014423, 'params': 276757, 'time_iter': 0.01009, 'accuracy': 0.92437, 'f1': 0.9243, 'auc': 0.99854}
val: {'epoch': 188, 'time_epoch': 0.07694, 'loss': 1.89450623, 'lr': 0, 'params': 276757, 'time_iter': 0.0055, 'accuracy': 0.53571, 'f1': 0.50353, 'auc': 0.94948}
test: {'epoch': 188, 'time_epoch': 0.08465, 'loss': 2.53500067, 'lr': 0, 'params': 276757, 'time_iter': 0.00605, 'accuracy': 0.44762, 'f1': 0.41874, 'auc': 0.92835}
> Epoch 188: took 2.0s (avg 2.1s) | Best so far: epoch 163	train_loss: 0.2660 train_accuracy: 0.9138	val_loss: 1.6901 val_accuracy: 0.6000	test_loss: 2.3915 test_accuracy: 0.4095	F1: 0.3824 Prec: 0.4980 Rec: 0.4095
train: {'epoch': 189, 'time_epoch': 1.81824, 'eta': 109.89111, 'eta_hours': 0.03053, 'loss': 0.22173164, 'lr': 0.00013985, 'params': 276757, 'time_iter': 0.01039, 'accuracy': 0.93136, 'f1': 0.93131, 'auc': 0.99852}
val: {'epoch': 189, 'time_epoch': 0.06362, 'loss': 2.06567239, 'lr': 0, 'params': 276757, 'time_iter': 0.00454, 'accuracy': 0.57143, 'f1': 0.54318, 'auc': 0.94424}
test: {'epoch': 189, 'time_epoch': 0.07524, 'loss': 2.69907629, 'lr': 0, 'params': 276757, 'time_iter': 0.00537, 'accuracy': 0.39762, 'f1': 0.35808, 'auc': 0.93227}
> Epoch 189: took 2.0s (avg 2.1s) | Best so far: epoch 163	train_loss: 0.2660 train_accuracy: 0.9138	val_loss: 1.6901 val_accuracy: 0.6000	test_loss: 2.3915 test_accuracy: 0.4095	F1: 0.3824 Prec: 0.4980 Rec: 0.4095
train: {'epoch': 190, 'time_epoch': 1.68057, 'eta': 108.01297, 'eta_hours': 0.03, 'loss': 0.22525361, 'lr': 0.00013552, 'params': 276757, 'time_iter': 0.0096, 'accuracy': 0.92724, 'f1': 0.92721, 'auc': 0.99859}
val: {'epoch': 190, 'time_epoch': 0.0756, 'loss': 1.97933201, 'lr': 0, 'params': 276757, 'time_iter': 0.0054, 'accuracy': 0.54524, 'f1': 0.51335, 'auc': 0.94719}
test: {'epoch': 190, 'time_epoch': 0.0691, 'loss': 2.64589158, 'lr': 0, 'params': 276757, 'time_iter': 0.00494, 'accuracy': 0.41667, 'f1': 0.39291, 'auc': 0.92602}
> Epoch 190: took 1.9s (avg 2.1s) | Best so far: epoch 163	train_loss: 0.2660 train_accuracy: 0.9138	val_loss: 1.6901 val_accuracy: 0.6000	test_loss: 2.3915 test_accuracy: 0.4095	F1: 0.3824 Prec: 0.4980 Rec: 0.4095
train: {'epoch': 191, 'time_epoch': 2.01783, 'eta': 106.23876, 'eta_hours': 0.02951, 'loss': 0.21742288, 'lr': 0.00013124, 'params': 276757, 'time_iter': 0.01153, 'accuracy': 0.92993, 'f1': 0.92987, 'auc': 0.99876}
val: {'epoch': 191, 'time_epoch': 0.07203, 'loss': 1.8650348, 'lr': 0, 'params': 276757, 'time_iter': 0.00514, 'accuracy': 0.56667, 'f1': 0.55082, 'auc': 0.9462}
test: {'epoch': 191, 'time_epoch': 0.08931, 'loss': 2.75732744, 'lr': 0, 'params': 276757, 'time_iter': 0.00638, 'accuracy': 0.39524, 'f1': 0.3423, 'auc': 0.92512}
> Epoch 191: took 2.3s (avg 2.1s) | Best so far: epoch 163	train_loss: 0.2660 train_accuracy: 0.9138	val_loss: 1.6901 val_accuracy: 0.6000	test_loss: 2.3915 test_accuracy: 0.4095	F1: 0.3824 Prec: 0.4980 Rec: 0.4095
train: {'epoch': 192, 'time_epoch': 1.77148, 'eta': 104.38927, 'eta_hours': 0.029, 'loss': 0.21334626, 'lr': 0.00012703, 'params': 276757, 'time_iter': 0.01012, 'accuracy': 0.93047, 'f1': 0.93039, 'auc': 0.99876}
val: {'epoch': 192, 'time_epoch': 0.07094, 'loss': 1.98321236, 'lr': 0, 'params': 276757, 'time_iter': 0.00507, 'accuracy': 0.54048, 'f1': 0.51151, 'auc': 0.94544}
test: {'epoch': 192, 'time_epoch': 0.06841, 'loss': 2.52511723, 'lr': 0, 'params': 276757, 'time_iter': 0.00489, 'accuracy': 0.42143, 'f1': 0.38048, 'auc': 0.93308}
> Epoch 192: took 2.0s (avg 2.1s) | Best so far: epoch 163	train_loss: 0.2660 train_accuracy: 0.9138	val_loss: 1.6901 val_accuracy: 0.6000	test_loss: 2.3915 test_accuracy: 0.4095	F1: 0.3824 Prec: 0.4980 Rec: 0.4095
train: {'epoch': 193, 'time_epoch': 1.88017, 'eta': 102.57196, 'eta_hours': 0.02849, 'loss': 0.21545302, 'lr': 0.00012287, 'params': 276757, 'time_iter': 0.01074, 'accuracy': 0.931, 'f1': 0.93095, 'auc': 0.99868}
val: {'epoch': 193, 'time_epoch': 0.06916, 'loss': 1.90050308, 'lr': 0, 'params': 276757, 'time_iter': 0.00494, 'accuracy': 0.57381, 'f1': 0.53739, 'auc': 0.95304}
test: {'epoch': 193, 'time_epoch': 0.11257, 'loss': 2.54422918, 'lr': 0, 'params': 276757, 'time_iter': 0.00804, 'accuracy': 0.42381, 'f1': 0.39594, 'auc': 0.92932}
> Epoch 193: took 2.2s (avg 2.1s) | Best so far: epoch 163	train_loss: 0.2660 train_accuracy: 0.9138	val_loss: 1.6901 val_accuracy: 0.6000	test_loss: 2.3915 test_accuracy: 0.4095	F1: 0.3824 Prec: 0.4980 Rec: 0.4095
train: {'epoch': 194, 'time_epoch': 2.00786, 'eta': 100.79002, 'eta_hours': 0.028, 'loss': 0.21296138, 'lr': 0.00011878, 'params': 276757, 'time_iter': 0.01147, 'accuracy': 0.93011, 'f1': 0.93001, 'auc': 0.99871}
val: {'epoch': 194, 'time_epoch': 0.06481, 'loss': 1.80361966, 'lr': 0, 'params': 276757, 'time_iter': 0.00463, 'accuracy': 0.55714, 'f1': 0.5126, 'auc': 0.95293}
test: {'epoch': 194, 'time_epoch': 0.07139, 'loss': 2.77402911, 'lr': 0, 'params': 276757, 'time_iter': 0.0051, 'accuracy': 0.42381, 'f1': 0.40959, 'auc': 0.91815}
> Epoch 194: took 2.2s (avg 2.1s) | Best so far: epoch 163	train_loss: 0.2660 train_accuracy: 0.9138	val_loss: 1.6901 val_accuracy: 0.6000	test_loss: 2.3915 test_accuracy: 0.4095	F1: 0.3824 Prec: 0.4980 Rec: 0.4095
train: {'epoch': 195, 'time_epoch': 1.74195, 'eta': 98.93251, 'eta_hours': 0.02748, 'loss': 0.21394245, 'lr': 0.00011474, 'params': 276757, 'time_iter': 0.00995, 'accuracy': 0.93262, 'f1': 0.9326, 'auc': 0.99871}
val: {'epoch': 195, 'time_epoch': 0.07454, 'loss': 1.922211, 'lr': 0, 'params': 276757, 'time_iter': 0.00532, 'accuracy': 0.54762, 'f1': 0.51296, 'auc': 0.94913}
test: {'epoch': 195, 'time_epoch': 0.06698, 'loss': 2.57561634, 'lr': 0, 'params': 276757, 'time_iter': 0.00478, 'accuracy': 0.43571, 'f1': 0.41249, 'auc': 0.91939}
> Epoch 195: took 2.0s (avg 2.1s) | Best so far: epoch 163	train_loss: 0.2660 train_accuracy: 0.9138	val_loss: 1.6901 val_accuracy: 0.6000	test_loss: 2.3915 test_accuracy: 0.4095	F1: 0.3824 Prec: 0.4980 Rec: 0.4095
train: {'epoch': 196, 'time_epoch': 1.76498, 'eta': 97.08238, 'eta_hours': 0.02697, 'loss': 0.20910574, 'lr': 0.00011077, 'params': 276757, 'time_iter': 0.01009, 'accuracy': 0.93351, 'f1': 0.93347, 'auc': 0.99878}
val: {'epoch': 196, 'time_epoch': 0.08296, 'loss': 1.80305596, 'lr': 0, 'params': 276757, 'time_iter': 0.00593, 'accuracy': 0.57381, 'f1': 0.54434, 'auc': 0.95573}
test: {'epoch': 196, 'time_epoch': 0.06795, 'loss': 2.70594617, 'lr': 0, 'params': 276757, 'time_iter': 0.00485, 'accuracy': 0.44048, 'f1': 0.39414, 'auc': 0.93379}
> Epoch 196: took 2.0s (avg 2.1s) | Best so far: epoch 163	train_loss: 0.2660 train_accuracy: 0.9138	val_loss: 1.6901 val_accuracy: 0.6000	test_loss: 2.3915 test_accuracy: 0.4095	F1: 0.3824 Prec: 0.4980 Rec: 0.4095
train: {'epoch': 197, 'time_epoch': 1.70535, 'eta': 95.21744, 'eta_hours': 0.02645, 'loss': 0.204299, 'lr': 0.00010686, 'params': 276757, 'time_iter': 0.00974, 'accuracy': 0.93226, 'f1': 0.9322, 'auc': 0.99884}
val: {'epoch': 197, 'time_epoch': 0.08888, 'loss': 1.74253056, 'lr': 0, 'params': 276757, 'time_iter': 0.00635, 'accuracy': 0.60714, 'f1': 0.58754, 'auc': 0.95218}
test: {'epoch': 197, 'time_epoch': 0.0795, 'loss': 2.76284974, 'lr': 0, 'params': 276757, 'time_iter': 0.00568, 'accuracy': 0.39762, 'f1': 0.36733, 'auc': 0.92525}
[*] Confusion Matrix saved to: results_lopo_none/NI_3m\Conf\confusion_matrix_epoch_197.png
> Epoch 197: took 2.0s (avg 2.1s) | Best so far: epoch 197	train_loss: 0.2043 train_accuracy: 0.9323	val_loss: 1.7425 val_accuracy: 0.6071	test_loss: 2.7628 test_accuracy: 0.3976	F1: 0.3673 Prec: 0.4385 Rec: 0.3976
train: {'epoch': 198, 'time_epoch': 1.83376, 'eta': 93.38702, 'eta_hours': 0.02594, 'loss': 0.1979643, 'lr': 0.000103, 'params': 276757, 'time_iter': 0.01048, 'accuracy': 0.93423, 'f1': 0.9342, 'auc': 0.99896}
val: {'epoch': 198, 'time_epoch': 0.07, 'loss': 2.11837772, 'lr': 0, 'params': 276757, 'time_iter': 0.005, 'accuracy': 0.54286, 'f1': 0.51567, 'auc': 0.94215}
test: {'epoch': 198, 'time_epoch': 0.06747, 'loss': 2.59548882, 'lr': 0, 'params': 276757, 'time_iter': 0.00482, 'accuracy': 0.41905, 'f1': 0.37969, 'auc': 0.9301}
> Epoch 198: took 2.1s (avg 2.1s) | Best so far: epoch 197	train_loss: 0.2043 train_accuracy: 0.9323	val_loss: 1.7425 val_accuracy: 0.6071	test_loss: 2.7628 test_accuracy: 0.3976	F1: 0.3673 Prec: 0.4385 Rec: 0.3976
train: {'epoch': 199, 'time_epoch': 1.91254, 'eta': 91.57625, 'eta_hours': 0.02544, 'loss': 0.20765668, 'lr': 9.922e-05, 'params': 276757, 'time_iter': 0.01093, 'accuracy': 0.93065, 'f1': 0.93062, 'auc': 0.99883}
val: {'epoch': 199, 'time_epoch': 0.06807, 'loss': 1.89303781, 'lr': 0, 'params': 276757, 'time_iter': 0.00486, 'accuracy': 0.55952, 'f1': 0.52941, 'auc': 0.95178}
test: {'epoch': 199, 'time_epoch': 0.06298, 'loss': 2.84386329, 'lr': 0, 'params': 276757, 'time_iter': 0.0045, 'accuracy': 0.41429, 'f1': 0.37982, 'auc': 0.92179}
> Epoch 199: took 2.1s (avg 2.1s) | Best so far: epoch 197	train_loss: 0.2043 train_accuracy: 0.9323	val_loss: 1.7425 val_accuracy: 0.6071	test_loss: 2.7628 test_accuracy: 0.3976	F1: 0.3673 Prec: 0.4385 Rec: 0.3976
train: {'epoch': 200, 'time_epoch': 2.08077, 'eta': 89.80549, 'eta_hours': 0.02495, 'loss': 0.19981584, 'lr': 9.549e-05, 'params': 276757, 'time_iter': 0.01189, 'accuracy': 0.94122, 'f1': 0.9412, 'auc': 0.9988}
val: {'epoch': 200, 'time_epoch': 0.07456, 'loss': 1.8863576, 'lr': 0, 'params': 276757, 'time_iter': 0.00533, 'accuracy': 0.57381, 'f1': 0.54563, 'auc': 0.95036}
test: {'epoch': 200, 'time_epoch': 0.08398, 'loss': 2.48594263, 'lr': 0, 'params': 276757, 'time_iter': 0.006, 'accuracy': 0.45238, 'f1': 0.43623, 'auc': 0.93138}
> Epoch 200: took 2.3s (avg 2.1s) | Best so far: epoch 197	train_loss: 0.2043 train_accuracy: 0.9323	val_loss: 1.7425 val_accuracy: 0.6071	test_loss: 2.7628 test_accuracy: 0.3976	F1: 0.3673 Prec: 0.4385 Rec: 0.3976
train: {'epoch': 201, 'time_epoch': 2.05163, 'eta': 88.02473, 'eta_hours': 0.02445, 'loss': 0.20998631, 'lr': 9.183e-05, 'params': 276757, 'time_iter': 0.01172, 'accuracy': 0.93262, 'f1': 0.93261, 'auc': 0.99878}
val: {'epoch': 201, 'time_epoch': 0.08925, 'loss': 1.85107312, 'lr': 0, 'params': 276757, 'time_iter': 0.00638, 'accuracy': 0.57857, 'f1': 0.55576, 'auc': 0.95041}
test: {'epoch': 201, 'time_epoch': 0.09991, 'loss': 2.55809388, 'lr': 0, 'params': 276757, 'time_iter': 0.00714, 'accuracy': 0.44048, 'f1': 0.39923, 'auc': 0.93239}
> Epoch 201: took 2.3s (avg 2.1s) | Best so far: epoch 197	train_loss: 0.2043 train_accuracy: 0.9323	val_loss: 1.7425 val_accuracy: 0.6071	test_loss: 2.7628 test_accuracy: 0.3976	F1: 0.3673 Prec: 0.4385 Rec: 0.3976
train: {'epoch': 202, 'time_epoch': 1.78002, 'eta': 86.17842, 'eta_hours': 0.02394, 'loss': 0.21250069, 'lr': 8.823e-05, 'params': 276757, 'time_iter': 0.01017, 'accuracy': 0.93333, 'f1': 0.93328, 'auc': 0.99862}
val: {'epoch': 202, 'time_epoch': 0.05885, 'loss': 1.85095356, 'lr': 0, 'params': 276757, 'time_iter': 0.0042, 'accuracy': 0.5619, 'f1': 0.53615, 'auc': 0.95071}
test: {'epoch': 202, 'time_epoch': 0.07334, 'loss': 2.85517648, 'lr': 0, 'params': 276757, 'time_iter': 0.00524, 'accuracy': 0.41429, 'f1': 0.38247, 'auc': 0.919}
> Epoch 202: took 2.0s (avg 2.1s) | Best so far: epoch 197	train_loss: 0.2043 train_accuracy: 0.9323	val_loss: 1.7425 val_accuracy: 0.6071	test_loss: 2.7628 test_accuracy: 0.3976	F1: 0.3673 Prec: 0.4385 Rec: 0.3976
train: {'epoch': 203, 'time_epoch': 2.0151, 'eta': 84.38577, 'eta_hours': 0.02344, 'loss': 0.20285691, 'lr': 8.47e-05, 'params': 276757, 'time_iter': 0.01151, 'accuracy': 0.93871, 'f1': 0.93865, 'auc': 0.99886}
val: {'epoch': 203, 'time_epoch': 0.08686, 'loss': 1.86427865, 'lr': 0, 'params': 276757, 'time_iter': 0.0062, 'accuracy': 0.57619, 'f1': 0.54493, 'auc': 0.95092}
test: {'epoch': 203, 'time_epoch': 0.06218, 'loss': 2.4268392, 'lr': 0, 'params': 276757, 'time_iter': 0.00444, 'accuracy': 0.44762, 'f1': 0.42298, 'auc': 0.9334}
> Epoch 203: took 2.2s (avg 2.1s) | Best so far: epoch 197	train_loss: 0.2043 train_accuracy: 0.9323	val_loss: 1.7425 val_accuracy: 0.6071	test_loss: 2.7628 test_accuracy: 0.3976	F1: 0.3673 Prec: 0.4385 Rec: 0.3976
train: {'epoch': 204, 'time_epoch': 1.63656, 'eta': 82.50785, 'eta_hours': 0.02292, 'loss': 0.20755603, 'lr': 8.124e-05, 'params': 276757, 'time_iter': 0.00935, 'accuracy': 0.93423, 'f1': 0.93416, 'auc': 0.99878}
val: {'epoch': 204, 'time_epoch': 0.0914, 'loss': 1.83245819, 'lr': 0, 'params': 276757, 'time_iter': 0.00653, 'accuracy': 0.57857, 'f1': 0.54851, 'auc': 0.95378}
test: {'epoch': 204, 'time_epoch': 0.07217, 'loss': 2.5654095, 'lr': 0, 'params': 276757, 'time_iter': 0.00515, 'accuracy': 0.42857, 'f1': 0.40564, 'auc': 0.93099}
> Epoch 204: took 1.9s (avg 2.1s) | Best so far: epoch 197	train_loss: 0.2043 train_accuracy: 0.9323	val_loss: 1.7425 val_accuracy: 0.6071	test_loss: 2.7628 test_accuracy: 0.3976	F1: 0.3673 Prec: 0.4385 Rec: 0.3976
train: {'epoch': 205, 'time_epoch': 1.80512, 'eta': 80.66828, 'eta_hours': 0.02241, 'loss': 0.2084027, 'lr': 7.784e-05, 'params': 276757, 'time_iter': 0.01031, 'accuracy': 0.92885, 'f1': 0.92886, 'auc': 0.99875}
val: {'epoch': 205, 'time_epoch': 0.07579, 'loss': 1.87382126, 'lr': 0, 'params': 276757, 'time_iter': 0.00541, 'accuracy': 0.56429, 'f1': 0.52522, 'auc': 0.95312}
test: {'epoch': 205, 'time_epoch': 0.06858, 'loss': 2.66715597, 'lr': 0, 'params': 276757, 'time_iter': 0.0049, 'accuracy': 0.43095, 'f1': 0.39957, 'auc': 0.92714}
> Epoch 205: took 2.0s (avg 2.1s) | Best so far: epoch 197	train_loss: 0.2043 train_accuracy: 0.9323	val_loss: 1.7425 val_accuracy: 0.6071	test_loss: 2.7628 test_accuracy: 0.3976	F1: 0.3673 Prec: 0.4385 Rec: 0.3976
train: {'epoch': 206, 'time_epoch': 1.80521, 'eta': 78.82906, 'eta_hours': 0.0219, 'loss': 0.20587554, 'lr': 7.45e-05, 'params': 276757, 'time_iter': 0.01032, 'accuracy': 0.93226, 'f1': 0.93221, 'auc': 0.99881}
val: {'epoch': 206, 'time_epoch': 0.07073, 'loss': 1.8152089, 'lr': 0, 'params': 276757, 'time_iter': 0.00505, 'accuracy': 0.58571, 'f1': 0.5579, 'auc': 0.9539}
test: {'epoch': 206, 'time_epoch': 0.09776, 'loss': 2.51687183, 'lr': 0, 'params': 276757, 'time_iter': 0.00698, 'accuracy': 0.45952, 'f1': 0.43831, 'auc': 0.93114}
> Epoch 206: took 2.0s (avg 2.1s) | Best so far: epoch 197	train_loss: 0.2043 train_accuracy: 0.9323	val_loss: 1.7425 val_accuracy: 0.6071	test_loss: 2.7628 test_accuracy: 0.3976	F1: 0.3673 Prec: 0.4385 Rec: 0.3976
train: {'epoch': 207, 'time_epoch': 1.69644, 'eta': 76.96821, 'eta_hours': 0.02138, 'loss': 0.2044029, 'lr': 7.124e-05, 'params': 276757, 'time_iter': 0.00969, 'accuracy': 0.93513, 'f1': 0.9351, 'auc': 0.99878}
val: {'epoch': 207, 'time_epoch': 0.06498, 'loss': 1.87505145, 'lr': 0, 'params': 276757, 'time_iter': 0.00464, 'accuracy': 0.56667, 'f1': 0.52758, 'auc': 0.95603}
test: {'epoch': 207, 'time_epoch': 0.08032, 'loss': 2.64128722, 'lr': 0, 'params': 276757, 'time_iter': 0.00574, 'accuracy': 0.45238, 'f1': 0.42285, 'auc': 0.93046}
> Epoch 207: took 1.9s (avg 2.1s) | Best so far: epoch 197	train_loss: 0.2043 train_accuracy: 0.9323	val_loss: 1.7425 val_accuracy: 0.6071	test_loss: 2.7628 test_accuracy: 0.3976	F1: 0.3673 Prec: 0.4385 Rec: 0.3976
train: {'epoch': 208, 'time_epoch': 1.84191, 'eta': 75.13746, 'eta_hours': 0.02087, 'loss': 0.208245, 'lr': 6.804e-05, 'params': 276757, 'time_iter': 0.01053, 'accuracy': 0.93387, 'f1': 0.9338, 'auc': 0.99881}
val: {'epoch': 208, 'time_epoch': 0.09461, 'loss': 1.82042687, 'lr': 0, 'params': 276757, 'time_iter': 0.00676, 'accuracy': 0.55714, 'f1': 0.5263, 'auc': 0.9541}
test: {'epoch': 208, 'time_epoch': 0.06803, 'loss': 2.84169256, 'lr': 0, 'params': 276757, 'time_iter': 0.00486, 'accuracy': 0.40238, 'f1': 0.36442, 'auc': 0.92206}
> Epoch 208: took 2.1s (avg 2.1s) | Best so far: epoch 197	train_loss: 0.2043 train_accuracy: 0.9323	val_loss: 1.7425 val_accuracy: 0.6071	test_loss: 2.7628 test_accuracy: 0.3976	F1: 0.3673 Prec: 0.4385 Rec: 0.3976
train: {'epoch': 209, 'time_epoch': 1.84698, 'eta': 73.30757, 'eta_hours': 0.02036, 'loss': 0.20680272, 'lr': 6.491e-05, 'params': 276757, 'time_iter': 0.01055, 'accuracy': 0.9328, 'f1': 0.93277, 'auc': 0.99882}
val: {'epoch': 209, 'time_epoch': 0.07617, 'loss': 1.71729231, 'lr': 0, 'params': 276757, 'time_iter': 0.00544, 'accuracy': 0.59286, 'f1': 0.56967, 'auc': 0.95815}
test: {'epoch': 209, 'time_epoch': 0.06878, 'loss': 2.86754143, 'lr': 0, 'params': 276757, 'time_iter': 0.00491, 'accuracy': 0.40714, 'f1': 0.37501, 'auc': 0.92668}
> Epoch 209: took 2.1s (avg 2.1s) | Best so far: epoch 197	train_loss: 0.2043 train_accuracy: 0.9323	val_loss: 1.7425 val_accuracy: 0.6071	test_loss: 2.7628 test_accuracy: 0.3976	F1: 0.3673 Prec: 0.4385 Rec: 0.3976
train: {'epoch': 210, 'time_epoch': 1.87117, 'eta': 71.482, 'eta_hours': 0.01986, 'loss': 0.19772837, 'lr': 6.185e-05, 'params': 276757, 'time_iter': 0.01069, 'accuracy': 0.93513, 'f1': 0.93513, 'auc': 0.99894}
val: {'epoch': 210, 'time_epoch': 0.05877, 'loss': 1.85244105, 'lr': 0, 'params': 276757, 'time_iter': 0.0042, 'accuracy': 0.55714, 'f1': 0.52597, 'auc': 0.95176}
test: {'epoch': 210, 'time_epoch': 0.07016, 'loss': 2.94263468, 'lr': 0, 'params': 276757, 'time_iter': 0.00501, 'accuracy': 0.38571, 'f1': 0.35225, 'auc': 0.92009}
> Epoch 210: took 2.1s (avg 2.1s) | Best so far: epoch 197	train_loss: 0.2043 train_accuracy: 0.9323	val_loss: 1.7425 val_accuracy: 0.6071	test_loss: 2.7628 test_accuracy: 0.3976	F1: 0.3673 Prec: 0.4385 Rec: 0.3976
train: {'epoch': 211, 'time_epoch': 1.85196, 'eta': 69.65255, 'eta_hours': 0.01935, 'loss': 0.21400128, 'lr': 5.885e-05, 'params': 276757, 'time_iter': 0.01058, 'accuracy': 0.92993, 'f1': 0.92988, 'auc': 0.99873}
val: {'epoch': 211, 'time_epoch': 0.0676, 'loss': 1.89949825, 'lr': 0, 'params': 276757, 'time_iter': 0.00483, 'accuracy': 0.56667, 'f1': 0.53337, 'auc': 0.95004}
test: {'epoch': 211, 'time_epoch': 0.0691, 'loss': 2.93038734, 'lr': 0, 'params': 276757, 'time_iter': 0.00494, 'accuracy': 0.42381, 'f1': 0.38387, 'auc': 0.92467}
> Epoch 211: took 2.1s (avg 2.1s) | Best so far: epoch 197	train_loss: 0.2043 train_accuracy: 0.9323	val_loss: 1.7425 val_accuracy: 0.6071	test_loss: 2.7628 test_accuracy: 0.3976	F1: 0.3673 Prec: 0.4385 Rec: 0.3976
train: {'epoch': 212, 'time_epoch': 1.83364, 'eta': 67.8197, 'eta_hours': 0.01884, 'loss': 0.20211404, 'lr': 5.593e-05, 'params': 276757, 'time_iter': 0.01048, 'accuracy': 0.9353, 'f1': 0.93525, 'auc': 0.99887}
val: {'epoch': 212, 'time_epoch': 0.10506, 'loss': 1.8500245, 'lr': 0, 'params': 276757, 'time_iter': 0.0075, 'accuracy': 0.58333, 'f1': 0.55087, 'auc': 0.95281}
test: {'epoch': 212, 'time_epoch': 0.06533, 'loss': 2.69161015, 'lr': 0, 'params': 276757, 'time_iter': 0.00467, 'accuracy': 0.43333, 'f1': 0.40226, 'auc': 0.93032}
> Epoch 212: took 2.1s (avg 2.1s) | Best so far: epoch 197	train_loss: 0.2043 train_accuracy: 0.9323	val_loss: 1.7425 val_accuracy: 0.6071	test_loss: 2.7628 test_accuracy: 0.3976	F1: 0.3673 Prec: 0.4385 Rec: 0.3976
train: {'epoch': 213, 'time_epoch': 1.79147, 'eta': 65.97976, 'eta_hours': 0.01833, 'loss': 0.20058912, 'lr': 5.308e-05, 'params': 276757, 'time_iter': 0.01024, 'accuracy': 0.93548, 'f1': 0.93544, 'auc': 0.99883}
val: {'epoch': 213, 'time_epoch': 0.07122, 'loss': 1.86919393, 'lr': 0, 'params': 276757, 'time_iter': 0.00509, 'accuracy': 0.56905, 'f1': 0.53293, 'auc': 0.9546}
test: {'epoch': 213, 'time_epoch': 0.10891, 'loss': 2.77470752, 'lr': 0, 'params': 276757, 'time_iter': 0.00778, 'accuracy': 0.42857, 'f1': 0.40351, 'auc': 0.92505}
> Epoch 213: took 2.1s (avg 2.1s) | Best so far: epoch 197	train_loss: 0.2043 train_accuracy: 0.9323	val_loss: 1.7425 val_accuracy: 0.6071	test_loss: 2.7628 test_accuracy: 0.3976	F1: 0.3673 Prec: 0.4385 Rec: 0.3976
train: {'epoch': 214, 'time_epoch': 1.874, 'eta': 64.1537, 'eta_hours': 0.01782, 'loss': 0.20159843, 'lr': 5.03e-05, 'params': 276757, 'time_iter': 0.01071, 'accuracy': 0.93961, 'f1': 0.93959, 'auc': 0.99876}
val: {'epoch': 214, 'time_epoch': 0.07127, 'loss': 1.8772353, 'lr': 0, 'params': 276757, 'time_iter': 0.00509, 'accuracy': 0.56667, 'f1': 0.52479, 'auc': 0.95413}
test: {'epoch': 214, 'time_epoch': 0.08367, 'loss': 2.67230152, 'lr': 0, 'params': 276757, 'time_iter': 0.00598, 'accuracy': 0.43333, 'f1': 0.41274, 'auc': 0.92809}
> Epoch 214: took 2.1s (avg 2.1s) | Best so far: epoch 197	train_loss: 0.2043 train_accuracy: 0.9323	val_loss: 1.7425 val_accuracy: 0.6071	test_loss: 2.7628 test_accuracy: 0.3976	F1: 0.3673 Prec: 0.4385 Rec: 0.3976
train: {'epoch': 215, 'time_epoch': 1.84323, 'eta': 62.32235, 'eta_hours': 0.01731, 'loss': 0.19008834, 'lr': 4.759e-05, 'params': 276757, 'time_iter': 0.01053, 'accuracy': 0.93692, 'f1': 0.93691, 'auc': 0.99901}
val: {'epoch': 215, 'time_epoch': 0.0708, 'loss': 1.76545612, 'lr': 0, 'params': 276757, 'time_iter': 0.00506, 'accuracy': 0.59286, 'f1': 0.56749, 'auc': 0.9573}
test: {'epoch': 215, 'time_epoch': 0.07001, 'loss': 2.62588387, 'lr': 0, 'params': 276757, 'time_iter': 0.005, 'accuracy': 0.43333, 'f1': 0.39734, 'auc': 0.93299}
> Epoch 215: took 2.1s (avg 2.1s) | Best so far: epoch 197	train_loss: 0.2043 train_accuracy: 0.9323	val_loss: 1.7425 val_accuracy: 0.6071	test_loss: 2.7628 test_accuracy: 0.3976	F1: 0.3673 Prec: 0.4385 Rec: 0.3976
train: {'epoch': 216, 'time_epoch': 1.75346, 'eta': 60.47724, 'eta_hours': 0.0168, 'loss': 0.19432043, 'lr': 4.495e-05, 'params': 276757, 'time_iter': 0.01002, 'accuracy': 0.93978, 'f1': 0.93977, 'auc': 0.99892}
val: {'epoch': 216, 'time_epoch': 0.09067, 'loss': 1.83700329, 'lr': 0, 'params': 276757, 'time_iter': 0.00648, 'accuracy': 0.57143, 'f1': 0.52984, 'auc': 0.9567}
test: {'epoch': 216, 'time_epoch': 0.09168, 'loss': 2.6006561, 'lr': 0, 'params': 276757, 'time_iter': 0.00655, 'accuracy': 0.42381, 'f1': 0.40088, 'auc': 0.93267}
> Epoch 216: took 2.0s (avg 2.1s) | Best so far: epoch 197	train_loss: 0.2043 train_accuracy: 0.9323	val_loss: 1.7425 val_accuracy: 0.6071	test_loss: 2.7628 test_accuracy: 0.3976	F1: 0.3673 Prec: 0.4385 Rec: 0.3976
train: {'epoch': 217, 'time_epoch': 1.95005, 'eta': 58.66184, 'eta_hours': 0.01629, 'loss': 0.19126569, 'lr': 4.238e-05, 'params': 276757, 'time_iter': 0.01114, 'accuracy': 0.93477, 'f1': 0.93466, 'auc': 0.99902}
val: {'epoch': 217, 'time_epoch': 0.09755, 'loss': 1.75522546, 'lr': 0, 'params': 276757, 'time_iter': 0.00697, 'accuracy': 0.58571, 'f1': 0.55341, 'auc': 0.95515}
test: {'epoch': 217, 'time_epoch': 0.07144, 'loss': 2.86404766, 'lr': 0, 'params': 276757, 'time_iter': 0.0051, 'accuracy': 0.40476, 'f1': 0.37488, 'auc': 0.92205}
> Epoch 217: took 2.2s (avg 2.1s) | Best so far: epoch 197	train_loss: 0.2043 train_accuracy: 0.9323	val_loss: 1.7425 val_accuracy: 0.6071	test_loss: 2.7628 test_accuracy: 0.3976	F1: 0.3673 Prec: 0.4385 Rec: 0.3976
train: {'epoch': 218, 'time_epoch': 2.01258, 'eta': 56.85405, 'eta_hours': 0.01579, 'loss': 0.18975118, 'lr': 3.988e-05, 'params': 276757, 'time_iter': 0.0115, 'accuracy': 0.93513, 'f1': 0.93507, 'auc': 0.99908}
val: {'epoch': 218, 'time_epoch': 0.06767, 'loss': 1.84278938, 'lr': 0, 'params': 276757, 'time_iter': 0.00483, 'accuracy': 0.56429, 'f1': 0.53173, 'auc': 0.95508}
test: {'epoch': 218, 'time_epoch': 0.07414, 'loss': 2.68389388, 'lr': 0, 'params': 276757, 'time_iter': 0.0053, 'accuracy': 0.4381, 'f1': 0.41738, 'auc': 0.92636}
> Epoch 218: took 2.2s (avg 2.1s) | Best so far: epoch 197	train_loss: 0.2043 train_accuracy: 0.9323	val_loss: 1.7425 val_accuracy: 0.6071	test_loss: 2.7628 test_accuracy: 0.3976	F1: 0.3673 Prec: 0.4385 Rec: 0.3976
train: {'epoch': 219, 'time_epoch': 2.11248, 'eta': 55.05802, 'eta_hours': 0.01529, 'loss': 0.20605318, 'lr': 3.746e-05, 'params': 276757, 'time_iter': 0.01207, 'accuracy': 0.93763, 'f1': 0.93756, 'auc': 0.9987}
val: {'epoch': 219, 'time_epoch': 0.07132, 'loss': 1.69179689, 'lr': 0, 'params': 276757, 'time_iter': 0.00509, 'accuracy': 0.57619, 'f1': 0.55226, 'auc': 0.95894}
test: {'epoch': 219, 'time_epoch': 0.07517, 'loss': 2.71149424, 'lr': 0, 'params': 276757, 'time_iter': 0.00537, 'accuracy': 0.43333, 'f1': 0.40608, 'auc': 0.92863}
> Epoch 219: took 2.3s (avg 2.1s) | Best so far: epoch 197	train_loss: 0.2043 train_accuracy: 0.9323	val_loss: 1.7425 val_accuracy: 0.6071	test_loss: 2.7628 test_accuracy: 0.3976	F1: 0.3673 Prec: 0.4385 Rec: 0.3976
train: {'epoch': 220, 'time_epoch': 1.86017, 'eta': 53.22602, 'eta_hours': 0.01479, 'loss': 0.18781404, 'lr': 3.511e-05, 'params': 276757, 'time_iter': 0.01063, 'accuracy': 0.93674, 'f1': 0.93672, 'auc': 0.99899}
val: {'epoch': 220, 'time_epoch': 0.0751, 'loss': 1.84886682, 'lr': 0, 'params': 276757, 'time_iter': 0.00536, 'accuracy': 0.56429, 'f1': 0.53237, 'auc': 0.95411}
test: {'epoch': 220, 'time_epoch': 0.09556, 'loss': 2.72759185, 'lr': 0, 'params': 276757, 'time_iter': 0.00683, 'accuracy': 0.41667, 'f1': 0.39785, 'auc': 0.92726}
> Epoch 220: took 2.1s (avg 2.1s) | Best so far: epoch 197	train_loss: 0.2043 train_accuracy: 0.9323	val_loss: 1.7425 val_accuracy: 0.6071	test_loss: 2.7628 test_accuracy: 0.3976	F1: 0.3673 Prec: 0.4385 Rec: 0.3976
train: {'epoch': 221, 'time_epoch': 2.025, 'eta': 51.41456, 'eta_hours': 0.01428, 'loss': 0.18955065, 'lr': 3.284e-05, 'params': 276757, 'time_iter': 0.01157, 'accuracy': 0.93889, 'f1': 0.93881, 'auc': 0.99898}
val: {'epoch': 221, 'time_epoch': 0.06778, 'loss': 1.78818023, 'lr': 0, 'params': 276757, 'time_iter': 0.00484, 'accuracy': 0.58333, 'f1': 0.55874, 'auc': 0.95493}
test: {'epoch': 221, 'time_epoch': 0.11027, 'loss': 2.82760728, 'lr': 0, 'params': 276757, 'time_iter': 0.00788, 'accuracy': 0.40714, 'f1': 0.37364, 'auc': 0.92521}
> Epoch 221: took 2.3s (avg 2.1s) | Best so far: epoch 197	train_loss: 0.2043 train_accuracy: 0.9323	val_loss: 1.7425 val_accuracy: 0.6071	test_loss: 2.7628 test_accuracy: 0.3976	F1: 0.3673 Prec: 0.4385 Rec: 0.3976
train: {'epoch': 222, 'time_epoch': 1.75126, 'eta': 49.56803, 'eta_hours': 0.01377, 'loss': 0.19784824, 'lr': 3.063e-05, 'params': 276757, 'time_iter': 0.01001, 'accuracy': 0.93566, 'f1': 0.93562, 'auc': 0.99892}
val: {'epoch': 222, 'time_epoch': 0.09085, 'loss': 1.76827841, 'lr': 0, 'params': 276757, 'time_iter': 0.00649, 'accuracy': 0.58571, 'f1': 0.55729, 'auc': 0.95587}
test: {'epoch': 222, 'time_epoch': 0.06486, 'loss': 2.63697051, 'lr': 0, 'params': 276757, 'time_iter': 0.00463, 'accuracy': 0.42381, 'f1': 0.39875, 'auc': 0.92955}
> Epoch 222: took 2.0s (avg 2.1s) | Best so far: epoch 197	train_loss: 0.2043 train_accuracy: 0.9323	val_loss: 1.7425 val_accuracy: 0.6071	test_loss: 2.7628 test_accuracy: 0.3976	F1: 0.3673 Prec: 0.4385 Rec: 0.3976
train: {'epoch': 223, 'time_epoch': 1.93734, 'eta': 47.74396, 'eta_hours': 0.01326, 'loss': 0.20657462, 'lr': 2.85e-05, 'params': 276757, 'time_iter': 0.01107, 'accuracy': 0.9353, 'f1': 0.9353, 'auc': 0.99869}
val: {'epoch': 223, 'time_epoch': 0.07492, 'loss': 1.69025656, 'lr': 0, 'params': 276757, 'time_iter': 0.00535, 'accuracy': 0.58571, 'f1': 0.55302, 'auc': 0.95951}
test: {'epoch': 223, 'time_epoch': 0.06308, 'loss': 2.87023192, 'lr': 0, 'params': 276757, 'time_iter': 0.00451, 'accuracy': 0.40238, 'f1': 0.38219, 'auc': 0.92232}
> Epoch 223: took 2.2s (avg 2.1s) | Best so far: epoch 197	train_loss: 0.2043 train_accuracy: 0.9323	val_loss: 1.7425 val_accuracy: 0.6071	test_loss: 2.7628 test_accuracy: 0.3976	F1: 0.3673 Prec: 0.4385 Rec: 0.3976
train: {'epoch': 224, 'time_epoch': 1.86374, 'eta': 45.9107, 'eta_hours': 0.01275, 'loss': 0.19061318, 'lr': 2.645e-05, 'params': 276757, 'time_iter': 0.01065, 'accuracy': 0.93728, 'f1': 0.93719, 'auc': 0.99891}
val: {'epoch': 224, 'time_epoch': 0.06868, 'loss': 1.76200338, 'lr': 0, 'params': 276757, 'time_iter': 0.00491, 'accuracy': 0.58095, 'f1': 0.55302, 'auc': 0.95557}
test: {'epoch': 224, 'time_epoch': 0.08827, 'loss': 2.91097929, 'lr': 0, 'params': 276757, 'time_iter': 0.00631, 'accuracy': 0.4119, 'f1': 0.38277, 'auc': 0.92336}
> Epoch 224: took 2.1s (avg 2.1s) | Best so far: epoch 197	train_loss: 0.2043 train_accuracy: 0.9323	val_loss: 1.7425 val_accuracy: 0.6071	test_loss: 2.7628 test_accuracy: 0.3976	F1: 0.3673 Prec: 0.4385 Rec: 0.3976
train: {'epoch': 225, 'time_epoch': 1.92718, 'eta': 44.08391, 'eta_hours': 0.01225, 'loss': 0.19037384, 'lr': 2.447e-05, 'params': 276757, 'time_iter': 0.01101, 'accuracy': 0.94014, 'f1': 0.94012, 'auc': 0.99896}
val: {'epoch': 225, 'time_epoch': 0.07132, 'loss': 1.80979157, 'lr': 0, 'params': 276757, 'time_iter': 0.00509, 'accuracy': 0.58095, 'f1': 0.54949, 'auc': 0.95635}
test: {'epoch': 225, 'time_epoch': 0.06492, 'loss': 2.74391376, 'lr': 0, 'params': 276757, 'time_iter': 0.00464, 'accuracy': 0.44048, 'f1': 0.40266, 'auc': 0.92934}
> Epoch 225: took 2.1s (avg 2.1s) | Best so far: epoch 197	train_loss: 0.2043 train_accuracy: 0.9323	val_loss: 1.7425 val_accuracy: 0.6071	test_loss: 2.7628 test_accuracy: 0.3976	F1: 0.3673 Prec: 0.4385 Rec: 0.3976
train: {'epoch': 226, 'time_epoch': 1.74639, 'eta': 42.23792, 'eta_hours': 0.01173, 'loss': 0.17920721, 'lr': 2.257e-05, 'params': 276757, 'time_iter': 0.00998, 'accuracy': 0.94283, 'f1': 0.94283, 'auc': 0.99914}
val: {'epoch': 226, 'time_epoch': 0.07117, 'loss': 1.75747381, 'lr': 0, 'params': 276757, 'time_iter': 0.00508, 'accuracy': 0.56905, 'f1': 0.53351, 'auc': 0.95589}
test: {'epoch': 226, 'time_epoch': 0.08582, 'loss': 2.7278783, 'lr': 0, 'params': 276757, 'time_iter': 0.00613, 'accuracy': 0.42619, 'f1': 0.40447, 'auc': 0.92479}
> Epoch 226: took 2.0s (avg 2.1s) | Best so far: epoch 197	train_loss: 0.2043 train_accuracy: 0.9323	val_loss: 1.7425 val_accuracy: 0.6071	test_loss: 2.7628 test_accuracy: 0.3976	F1: 0.3673 Prec: 0.4385 Rec: 0.3976
train: {'epoch': 227, 'time_epoch': 1.81039, 'eta': 40.39897, 'eta_hours': 0.01122, 'loss': 0.19956348, 'lr': 2.074e-05, 'params': 276757, 'time_iter': 0.01035, 'accuracy': 0.93602, 'f1': 0.93599, 'auc': 0.99881}
val: {'epoch': 227, 'time_epoch': 0.07366, 'loss': 1.76631639, 'lr': 0, 'params': 276757, 'time_iter': 0.00526, 'accuracy': 0.58095, 'f1': 0.54504, 'auc': 0.95806}
test: {'epoch': 227, 'time_epoch': 0.06923, 'loss': 2.62066331, 'lr': 0, 'params': 276757, 'time_iter': 0.00495, 'accuracy': 0.43571, 'f1': 0.40865, 'auc': 0.93161}
> Epoch 227: took 2.0s (avg 2.1s) | Best so far: epoch 197	train_loss: 0.2043 train_accuracy: 0.9323	val_loss: 1.7425 val_accuracy: 0.6071	test_loss: 2.7628 test_accuracy: 0.3976	F1: 0.3673 Prec: 0.4385 Rec: 0.3976
train: {'epoch': 228, 'time_epoch': 1.92003, 'eta': 38.57033, 'eta_hours': 0.01071, 'loss': 0.17671321, 'lr': 1.899e-05, 'params': 276757, 'time_iter': 0.01097, 'accuracy': 0.94462, 'f1': 0.94464, 'auc': 0.99911}
val: {'epoch': 228, 'time_epoch': 0.07838, 'loss': 1.76999279, 'lr': 0, 'params': 276757, 'time_iter': 0.0056, 'accuracy': 0.57857, 'f1': 0.54783, 'auc': 0.95704}
test: {'epoch': 228, 'time_epoch': 0.08833, 'loss': 2.88251545, 'lr': 0, 'params': 276757, 'time_iter': 0.00631, 'accuracy': 0.40952, 'f1': 0.37663, 'auc': 0.92457}
> Epoch 228: took 2.2s (avg 2.1s) | Best so far: epoch 197	train_loss: 0.2043 train_accuracy: 0.9323	val_loss: 1.7425 val_accuracy: 0.6071	test_loss: 2.7628 test_accuracy: 0.3976	F1: 0.3673 Prec: 0.4385 Rec: 0.3976
train: {'epoch': 229, 'time_epoch': 1.86724, 'eta': 36.73631, 'eta_hours': 0.0102, 'loss': 0.18190515, 'lr': 1.731e-05, 'params': 276757, 'time_iter': 0.01067, 'accuracy': 0.9414, 'f1': 0.94137, 'auc': 0.9991}
val: {'epoch': 229, 'time_epoch': 0.08143, 'loss': 1.76700244, 'lr': 0, 'params': 276757, 'time_iter': 0.00582, 'accuracy': 0.57857, 'f1': 0.54335, 'auc': 0.9569}
test: {'epoch': 229, 'time_epoch': 0.07886, 'loss': 2.80744947, 'lr': 0, 'params': 276757, 'time_iter': 0.00563, 'accuracy': 0.41429, 'f1': 0.38674, 'auc': 0.92462}
> Epoch 229: took 2.1s (avg 2.1s) | Best so far: epoch 197	train_loss: 0.2043 train_accuracy: 0.9323	val_loss: 1.7425 val_accuracy: 0.6071	test_loss: 2.7628 test_accuracy: 0.3976	F1: 0.3673 Prec: 0.4385 Rec: 0.3976
train: {'epoch': 230, 'time_epoch': 1.92147, 'eta': 34.90645, 'eta_hours': 0.0097, 'loss': 0.18989758, 'lr': 1.571e-05, 'params': 276757, 'time_iter': 0.01098, 'accuracy': 0.93943, 'f1': 0.9394, 'auc': 0.99898}
val: {'epoch': 230, 'time_epoch': 0.06906, 'loss': 1.70003394, 'lr': 0, 'params': 276757, 'time_iter': 0.00493, 'accuracy': 0.58095, 'f1': 0.55368, 'auc': 0.95877}
test: {'epoch': 230, 'time_epoch': 0.09135, 'loss': 2.79528782, 'lr': 0, 'params': 276757, 'time_iter': 0.00653, 'accuracy': 0.42143, 'f1': 0.3953, 'auc': 0.92462}
> Epoch 230: took 2.2s (avg 2.1s) | Best so far: epoch 197	train_loss: 0.2043 train_accuracy: 0.9323	val_loss: 1.7425 val_accuracy: 0.6071	test_loss: 2.7628 test_accuracy: 0.3976	F1: 0.3673 Prec: 0.4385 Rec: 0.3976
train: {'epoch': 231, 'time_epoch': 1.79796, 'eta': 33.06623, 'eta_hours': 0.00919, 'loss': 0.18145288, 'lr': 1.418e-05, 'params': 276757, 'time_iter': 0.01027, 'accuracy': 0.94086, 'f1': 0.9408, 'auc': 0.9991}
val: {'epoch': 231, 'time_epoch': 0.09264, 'loss': 1.80623928, 'lr': 0, 'params': 276757, 'time_iter': 0.00662, 'accuracy': 0.57143, 'f1': 0.53434, 'auc': 0.95787}
test: {'epoch': 231, 'time_epoch': 0.09628, 'loss': 2.75884673, 'lr': 0, 'params': 276757, 'time_iter': 0.00688, 'accuracy': 0.42857, 'f1': 0.40498, 'auc': 0.92811}
> Epoch 231: took 2.1s (avg 2.1s) | Best so far: epoch 197	train_loss: 0.2043 train_accuracy: 0.9323	val_loss: 1.7425 val_accuracy: 0.6071	test_loss: 2.7628 test_accuracy: 0.3976	F1: 0.3673 Prec: 0.4385 Rec: 0.3976
train: {'epoch': 232, 'time_epoch': 1.76383, 'eta': 31.22388, 'eta_hours': 0.00867, 'loss': 0.18932052, 'lr': 1.274e-05, 'params': 276757, 'time_iter': 0.01008, 'accuracy': 0.93728, 'f1': 0.93729, 'auc': 0.99902}
val: {'epoch': 232, 'time_epoch': 0.07462, 'loss': 1.81267257, 'lr': 0, 'params': 276757, 'time_iter': 0.00533, 'accuracy': 0.56905, 'f1': 0.53647, 'auc': 0.9568}
test: {'epoch': 232, 'time_epoch': 0.07176, 'loss': 2.72864499, 'lr': 0, 'params': 276757, 'time_iter': 0.00513, 'accuracy': 0.43571, 'f1': 0.4146, 'auc': 0.92766}
> Epoch 232: took 2.0s (avg 2.1s) | Best so far: epoch 197	train_loss: 0.2043 train_accuracy: 0.9323	val_loss: 1.7425 val_accuracy: 0.6071	test_loss: 2.7628 test_accuracy: 0.3976	F1: 0.3673 Prec: 0.4385 Rec: 0.3976
train: {'epoch': 233, 'time_epoch': 1.87055, 'eta': 29.38949, 'eta_hours': 0.00816, 'loss': 0.18230651, 'lr': 1.137e-05, 'params': 276757, 'time_iter': 0.01069, 'accuracy': 0.94176, 'f1': 0.94175, 'auc': 0.99907}
val: {'epoch': 233, 'time_epoch': 0.06553, 'loss': 1.74931968, 'lr': 0, 'params': 276757, 'time_iter': 0.00468, 'accuracy': 0.57857, 'f1': 0.54552, 'auc': 0.95829}
test: {'epoch': 233, 'time_epoch': 0.08331, 'loss': 2.8635075, 'lr': 0, 'params': 276757, 'time_iter': 0.00595, 'accuracy': 0.41667, 'f1': 0.39121, 'auc': 0.92442}
> Epoch 233: took 2.1s (avg 2.1s) | Best so far: epoch 197	train_loss: 0.2043 train_accuracy: 0.9323	val_loss: 1.7425 val_accuracy: 0.6071	test_loss: 2.7628 test_accuracy: 0.3976	F1: 0.3673 Prec: 0.4385 Rec: 0.3976
train: {'epoch': 234, 'time_epoch': 1.91535, 'eta': 27.55766, 'eta_hours': 0.00765, 'loss': 0.18348944, 'lr': 1.007e-05, 'params': 276757, 'time_iter': 0.01094, 'accuracy': 0.94032, 'f1': 0.94029, 'auc': 0.99904}
val: {'epoch': 234, 'time_epoch': 0.07025, 'loss': 1.7554311, 'lr': 0, 'params': 276757, 'time_iter': 0.00502, 'accuracy': 0.57143, 'f1': 0.54304, 'auc': 0.95761}
test: {'epoch': 234, 'time_epoch': 0.06412, 'loss': 2.7387702, 'lr': 0, 'params': 276757, 'time_iter': 0.00458, 'accuracy': 0.43571, 'f1': 0.4144, 'auc': 0.92758}
> Epoch 234: took 2.1s (avg 2.1s) | Best so far: epoch 197	train_loss: 0.2043 train_accuracy: 0.9323	val_loss: 1.7425 val_accuracy: 0.6071	test_loss: 2.7628 test_accuracy: 0.3976	F1: 0.3673 Prec: 0.4385 Rec: 0.3976
train: {'epoch': 235, 'time_epoch': 1.93976, 'eta': 25.72657, 'eta_hours': 0.00715, 'loss': 0.17422255, 'lr': 8.86e-06, 'params': 276757, 'time_iter': 0.01108, 'accuracy': 0.94337, 'f1': 0.94331, 'auc': 0.99921}
val: {'epoch': 235, 'time_epoch': 0.08344, 'loss': 1.71389867, 'lr': 0, 'params': 276757, 'time_iter': 0.00596, 'accuracy': 0.58333, 'f1': 0.56066, 'auc': 0.95835}
test: {'epoch': 235, 'time_epoch': 0.07548, 'loss': 2.73156454, 'lr': 0, 'params': 276757, 'time_iter': 0.00539, 'accuracy': 0.42619, 'f1': 0.40185, 'auc': 0.92817}
> Epoch 235: took 2.2s (avg 2.1s) | Best so far: epoch 197	train_loss: 0.2043 train_accuracy: 0.9323	val_loss: 1.7425 val_accuracy: 0.6071	test_loss: 2.7628 test_accuracy: 0.3976	F1: 0.3673 Prec: 0.4385 Rec: 0.3976
train: {'epoch': 236, 'time_epoch': 2.10415, 'eta': 23.90358, 'eta_hours': 0.00664, 'loss': 0.18699712, 'lr': 7.72e-06, 'params': 276757, 'time_iter': 0.01202, 'accuracy': 0.93925, 'f1': 0.93916, 'auc': 0.99904}
val: {'epoch': 236, 'time_epoch': 0.09688, 'loss': 1.74605575, 'lr': 0, 'params': 276757, 'time_iter': 0.00692, 'accuracy': 0.58333, 'f1': 0.55173, 'auc': 0.95732}
test: {'epoch': 236, 'time_epoch': 0.07584, 'loss': 2.85149974, 'lr': 0, 'params': 276757, 'time_iter': 0.00542, 'accuracy': 0.42619, 'f1': 0.40238, 'auc': 0.92498}
> Epoch 236: took 2.3s (avg 2.1s) | Best so far: epoch 197	train_loss: 0.2043 train_accuracy: 0.9323	val_loss: 1.7425 val_accuracy: 0.6071	test_loss: 2.7628 test_accuracy: 0.3976	F1: 0.3673 Prec: 0.4385 Rec: 0.3976
train: {'epoch': 237, 'time_epoch': 1.7574, 'eta': 22.06074, 'eta_hours': 0.00613, 'loss': 0.18932071, 'lr': 6.66e-06, 'params': 276757, 'time_iter': 0.01004, 'accuracy': 0.93817, 'f1': 0.93815, 'auc': 0.99897}
val: {'epoch': 237, 'time_epoch': 0.07737, 'loss': 1.76981415, 'lr': 0, 'params': 276757, 'time_iter': 0.00553, 'accuracy': 0.56429, 'f1': 0.5272, 'auc': 0.95808}
test: {'epoch': 237, 'time_epoch': 0.08705, 'loss': 2.8475678, 'lr': 0, 'params': 276757, 'time_iter': 0.00622, 'accuracy': 0.42619, 'f1': 0.40139, 'auc': 0.92339}
> Epoch 237: took 2.0s (avg 2.1s) | Best so far: epoch 197	train_loss: 0.2043 train_accuracy: 0.9323	val_loss: 1.7425 val_accuracy: 0.6071	test_loss: 2.7628 test_accuracy: 0.3976	F1: 0.3673 Prec: 0.4385 Rec: 0.3976
train: {'epoch': 238, 'time_epoch': 2.14847, 'eta': 20.23662, 'eta_hours': 0.00562, 'loss': 0.17983523, 'lr': 5.67e-06, 'params': 276757, 'time_iter': 0.01228, 'accuracy': 0.94319, 'f1': 0.94313, 'auc': 0.99913}
val: {'epoch': 238, 'time_epoch': 0.06904, 'loss': 1.79929415, 'lr': 0, 'params': 276757, 'time_iter': 0.00493, 'accuracy': 0.58095, 'f1': 0.54493, 'auc': 0.95715}
test: {'epoch': 238, 'time_epoch': 0.06954, 'loss': 2.69041397, 'lr': 0, 'params': 276757, 'time_iter': 0.00497, 'accuracy': 0.43095, 'f1': 0.40619, 'auc': 0.92863}
> Epoch 238: took 2.4s (avg 2.1s) | Best so far: epoch 197	train_loss: 0.2043 train_accuracy: 0.9323	val_loss: 1.7425 val_accuracy: 0.6071	test_loss: 2.7628 test_accuracy: 0.3976	F1: 0.3673 Prec: 0.4385 Rec: 0.3976
train: {'epoch': 239, 'time_epoch': 1.81238, 'eta': 18.39579, 'eta_hours': 0.00511, 'loss': 0.1882797, 'lr': 4.77e-06, 'params': 276757, 'time_iter': 0.01036, 'accuracy': 0.94086, 'f1': 0.94087, 'auc': 0.999}
val: {'epoch': 239, 'time_epoch': 0.08972, 'loss': 1.78314738, 'lr': 0, 'params': 276757, 'time_iter': 0.00641, 'accuracy': 0.57143, 'f1': 0.53595, 'auc': 0.95635}
test: {'epoch': 239, 'time_epoch': 0.09292, 'loss': 2.74212269, 'lr': 0, 'params': 276757, 'time_iter': 0.00664, 'accuracy': 0.42381, 'f1': 0.40021, 'auc': 0.92481}
> Epoch 239: took 2.1s (avg 2.1s) | Best so far: epoch 197	train_loss: 0.2043 train_accuracy: 0.9323	val_loss: 1.7425 val_accuracy: 0.6071	test_loss: 2.7628 test_accuracy: 0.3976	F1: 0.3673 Prec: 0.4385 Rec: 0.3976
train: {'epoch': 240, 'time_epoch': 1.82475, 'eta': 16.55565, 'eta_hours': 0.0046, 'loss': 0.17457507, 'lr': 3.94e-06, 'params': 276757, 'time_iter': 0.01043, 'accuracy': 0.94194, 'f1': 0.9419, 'auc': 0.99922}
val: {'epoch': 240, 'time_epoch': 0.07781, 'loss': 1.821701, 'lr': 0, 'params': 276757, 'time_iter': 0.00556, 'accuracy': 0.57381, 'f1': 0.53714, 'auc': 0.95458}
test: {'epoch': 240, 'time_epoch': 0.07593, 'loss': 2.77204366, 'lr': 0, 'params': 276757, 'time_iter': 0.00542, 'accuracy': 0.43095, 'f1': 0.40835, 'auc': 0.92714}
> Epoch 240: took 2.0s (avg 2.1s) | Best so far: epoch 197	train_loss: 0.2043 train_accuracy: 0.9323	val_loss: 1.7425 val_accuracy: 0.6071	test_loss: 2.7628 test_accuracy: 0.3976	F1: 0.3673 Prec: 0.4385 Rec: 0.3976
train: {'epoch': 241, 'time_epoch': 1.77435, 'eta': 14.71398, 'eta_hours': 0.00409, 'loss': 0.18740232, 'lr': 3.19e-06, 'params': 276757, 'time_iter': 0.01014, 'accuracy': 0.94032, 'f1': 0.94029, 'auc': 0.99901}
val: {'epoch': 241, 'time_epoch': 0.06734, 'loss': 1.78354637, 'lr': 0, 'params': 276757, 'time_iter': 0.00481, 'accuracy': 0.57857, 'f1': 0.55204, 'auc': 0.95533}
test: {'epoch': 241, 'time_epoch': 0.08976, 'loss': 2.74404733, 'lr': 0, 'params': 276757, 'time_iter': 0.00641, 'accuracy': 0.43095, 'f1': 0.40857, 'auc': 0.92586}
> Epoch 241: took 2.0s (avg 2.1s) | Best so far: epoch 197	train_loss: 0.2043 train_accuracy: 0.9323	val_loss: 1.7425 val_accuracy: 0.6071	test_loss: 2.7628 test_accuracy: 0.3976	F1: 0.3673 Prec: 0.4385 Rec: 0.3976
train: {'epoch': 242, 'time_epoch': 1.78678, 'eta': 12.87322, 'eta_hours': 0.00358, 'loss': 0.16391802, 'lr': 2.52e-06, 'params': 276757, 'time_iter': 0.01021, 'accuracy': 0.94821, 'f1': 0.94823, 'auc': 0.99929}
val: {'epoch': 242, 'time_epoch': 0.09017, 'loss': 1.79880284, 'lr': 0, 'params': 276757, 'time_iter': 0.00644, 'accuracy': 0.57857, 'f1': 0.54368, 'auc': 0.95712}
test: {'epoch': 242, 'time_epoch': 0.09871, 'loss': 2.71980967, 'lr': 0, 'params': 276757, 'time_iter': 0.00705, 'accuracy': 0.43571, 'f1': 0.41576, 'auc': 0.92849}
> Epoch 242: took 2.1s (avg 2.1s) | Best so far: epoch 197	train_loss: 0.2043 train_accuracy: 0.9323	val_loss: 1.7425 val_accuracy: 0.6071	test_loss: 2.7628 test_accuracy: 0.3976	F1: 0.3673 Prec: 0.4385 Rec: 0.3976
train: {'epoch': 243, 'time_epoch': 1.73323, 'eta': 11.03159, 'eta_hours': 0.00306, 'loss': 0.17045282, 'lr': 1.93e-06, 'params': 276757, 'time_iter': 0.0099, 'accuracy': 0.9457, 'f1': 0.94566, 'auc': 0.99922}
val: {'epoch': 243, 'time_epoch': 0.07593, 'loss': 1.76669749, 'lr': 0, 'params': 276757, 'time_iter': 0.00542, 'accuracy': 0.5881, 'f1': 0.56008, 'auc': 0.95705}
test: {'epoch': 243, 'time_epoch': 0.06655, 'loss': 2.69774548, 'lr': 0, 'params': 276757, 'time_iter': 0.00475, 'accuracy': 0.43095, 'f1': 0.40362, 'auc': 0.92949}
> Epoch 243: took 1.9s (avg 2.1s) | Best so far: epoch 197	train_loss: 0.2043 train_accuracy: 0.9323	val_loss: 1.7425 val_accuracy: 0.6071	test_loss: 2.7628 test_accuracy: 0.3976	F1: 0.3673 Prec: 0.4385 Rec: 0.3976
train: {'epoch': 244, 'time_epoch': 1.84707, 'eta': 9.19316, 'eta_hours': 0.00255, 'loss': 0.17940009, 'lr': 1.42e-06, 'params': 276757, 'time_iter': 0.01055, 'accuracy': 0.94229, 'f1': 0.9423, 'auc': 0.99914}
val: {'epoch': 244, 'time_epoch': 0.08431, 'loss': 1.80996298, 'lr': 0, 'params': 276757, 'time_iter': 0.00602, 'accuracy': 0.57619, 'f1': 0.54308, 'auc': 0.95593}
test: {'epoch': 244, 'time_epoch': 0.06821, 'loss': 2.78203776, 'lr': 0, 'params': 276757, 'time_iter': 0.00487, 'accuracy': 0.42857, 'f1': 0.40913, 'auc': 0.92543}
> Epoch 244: took 2.1s (avg 2.1s) | Best so far: epoch 197	train_loss: 0.2043 train_accuracy: 0.9323	val_loss: 1.7425 val_accuracy: 0.6071	test_loss: 2.7628 test_accuracy: 0.3976	F1: 0.3673 Prec: 0.4385 Rec: 0.3976
train: {'epoch': 245, 'time_epoch': 1.91241, 'eta': 7.35573, 'eta_hours': 0.00204, 'loss': 0.17688636, 'lr': 9.9e-07, 'params': 276757, 'time_iter': 0.01093, 'accuracy': 0.94534, 'f1': 0.94535, 'auc': 0.99917}
val: {'epoch': 245, 'time_epoch': 0.1135, 'loss': 1.7823088, 'lr': 0, 'params': 276757, 'time_iter': 0.00811, 'accuracy': 0.57619, 'f1': 0.5394, 'auc': 0.95658}
test: {'epoch': 245, 'time_epoch': 0.07718, 'loss': 2.8485059, 'lr': 0, 'params': 276757, 'time_iter': 0.00551, 'accuracy': 0.42619, 'f1': 0.40425, 'auc': 0.92423}
> Epoch 245: took 2.2s (avg 2.1s) | Best so far: epoch 197	train_loss: 0.2043 train_accuracy: 0.9323	val_loss: 1.7425 val_accuracy: 0.6071	test_loss: 2.7628 test_accuracy: 0.3976	F1: 0.3673 Prec: 0.4385 Rec: 0.3976
train: {'epoch': 246, 'time_epoch': 1.89551, 'eta': 5.51749, 'eta_hours': 0.00153, 'loss': 0.17904962, 'lr': 6.3e-07, 'params': 276757, 'time_iter': 0.01083, 'accuracy': 0.94283, 'f1': 0.94279, 'auc': 0.99912}
val: {'epoch': 246, 'time_epoch': 0.07688, 'loss': 1.80735426, 'lr': 0, 'params': 276757, 'time_iter': 0.00549, 'accuracy': 0.57381, 'f1': 0.53781, 'auc': 0.95538}
test: {'epoch': 246, 'time_epoch': 0.11838, 'loss': 2.68146656, 'lr': 0, 'params': 276757, 'time_iter': 0.00846, 'accuracy': 0.43333, 'f1': 0.41225, 'auc': 0.92758}
> Epoch 246: took 2.2s (avg 2.1s) | Best so far: epoch 197	train_loss: 0.2043 train_accuracy: 0.9323	val_loss: 1.7425 val_accuracy: 0.6071	test_loss: 2.7628 test_accuracy: 0.3976	F1: 0.3673 Prec: 0.4385 Rec: 0.3976
train: {'epoch': 247, 'time_epoch': 1.85419, 'eta': 3.67844, 'eta_hours': 0.00102, 'loss': 0.18515499, 'lr': 3.6e-07, 'params': 276757, 'time_iter': 0.0106, 'accuracy': 0.9405, 'f1': 0.94048, 'auc': 0.99901}
val: {'epoch': 247, 'time_epoch': 0.09863, 'loss': 1.77101812, 'lr': 0, 'params': 276757, 'time_iter': 0.00705, 'accuracy': 0.58333, 'f1': 0.55413, 'auc': 0.95723}
test: {'epoch': 247, 'time_epoch': 0.07313, 'loss': 2.72431464, 'lr': 0, 'params': 276757, 'time_iter': 0.00522, 'accuracy': 0.42857, 'f1': 0.40517, 'auc': 0.9263}
> Epoch 247: took 2.1s (avg 2.1s) | Best so far: epoch 197	train_loss: 0.2043 train_accuracy: 0.9323	val_loss: 1.7425 val_accuracy: 0.6071	test_loss: 2.7628 test_accuracy: 0.3976	F1: 0.3673 Prec: 0.4385 Rec: 0.3976
train: {'epoch': 248, 'time_epoch': 1.83866, 'eta': 1.83922, 'eta_hours': 0.00051, 'loss': 0.18716086, 'lr': 1.6e-07, 'params': 276757, 'time_iter': 0.01051, 'accuracy': 0.9405, 'f1': 0.94048, 'auc': 0.99908}
val: {'epoch': 248, 'time_epoch': 0.0681, 'loss': 1.77769368, 'lr': 0, 'params': 276757, 'time_iter': 0.00486, 'accuracy': 0.57381, 'f1': 0.54167, 'auc': 0.95671}
test: {'epoch': 248, 'time_epoch': 0.07059, 'loss': 2.8016454, 'lr': 0, 'params': 276757, 'time_iter': 0.00504, 'accuracy': 0.41667, 'f1': 0.39146, 'auc': 0.9249}
> Epoch 248: took 2.1s (avg 2.1s) | Best so far: epoch 197	train_loss: 0.2043 train_accuracy: 0.9323	val_loss: 1.7425 val_accuracy: 0.6071	test_loss: 2.7628 test_accuracy: 0.3976	F1: 0.3673 Prec: 0.4385 Rec: 0.3976
train: {'epoch': 249, 'time_epoch': 1.92852, 'eta': 0.0, 'eta_hours': 0.0, 'loss': 0.17907168, 'lr': 4e-08, 'params': 276757, 'time_iter': 0.01102, 'accuracy': 0.94032, 'f1': 0.9403, 'auc': 0.99914}
val: {'epoch': 249, 'time_epoch': 0.0676, 'loss': 1.77737432, 'lr': 0, 'params': 276757, 'time_iter': 0.00483, 'accuracy': 0.58095, 'f1': 0.54385, 'auc': 0.95775}
test: {'epoch': 249, 'time_epoch': 0.08017, 'loss': 2.79676702, 'lr': 0, 'params': 276757, 'time_iter': 0.00573, 'accuracy': 0.42143, 'f1': 0.39977, 'auc': 0.92621}
> Epoch 249: took 2.2s (avg 2.1s) | Best so far: epoch 197	train_loss: 0.2043 train_accuracy: 0.9323	val_loss: 1.7425 val_accuracy: 0.6071	test_loss: 2.7628 test_accuracy: 0.3976	F1: 0.3673 Prec: 0.4385 Rec: 0.3976
Avg time per epoch: 2.07s
Total train loop time: 0.14h
Task done, results saved in results_lopo_none/NI_3m
[*] All done: 2026-04-01 14:47:07.911967
