[*] Run ID 0: seed=0, split_index=0
    Starting now: 2026-04-20 13:37:12.319917
[*] Loaded dataset 'rfid' from 'RFID':
  Data(x=[51360, 30, 2], edge_index=[2, 51360], y=[6420], y_user=[6420], subject=[6420])
  undirected: True
  num graphs: 6420
  avg num_nodes/graph: 8
  num node features: 2
  num edge features: 0
  num classes: 21
[*] LOPO Split: Test Subj=FQ 3m, Val Subj=GM 3m
    Train: 5580 | Val: 420 | Test: 420
GraphGymModule(
  (model): CustomGNN(
    (temporal_encoder): TemporalNodeEncoder(
      (lstm): LSTM(2, 30, batch_first=True, bidirectional=True)
    )
    (encoder): FeatureEncoder()
    (pre_mp): GeneralMultiLayer(
      (Layer_0): GeneralLayer(
        (layer): Linear(
          (model): Linear(60, 128, bias=False)
        )
        (post_layer): Sequential(
          (0): BatchNorm1d(128, eps=1e-05, momentum=0.1, affine=True, track_running_stats=True)
          (1): Dropout(p=0.2, inplace=False)
          (2): ReLU()
        )
      )
    )
    (gnn_layers): Sequential(
      (0): GCNConvLayer(
        (bn_node_x): BatchNorm1d(128, eps=1e-05, momentum=0.1, affine=True, track_running_stats=True)
        (act): Sequential(
          (0): ReLU()
          (1): Dropout(p=0.2, inplace=False)
        )
        (model): GCNConv(128, 128)
        (norm1_local): BatchNorm1d(128, eps=1e-05, momentum=0.1, affine=True, track_running_stats=True)
        (ff_linear1): Linear(in_features=128, out_features=256, bias=True)
        (ff_linear2): Linear(in_features=256, out_features=128, bias=True)
        (act_fn_ff): ReLU()
        (norm2): BatchNorm1d(128, eps=1e-05, momentum=0.1, affine=True, track_running_stats=True)
        (ff_dropout1): Dropout(p=0.2, inplace=False)
        (ff_dropout2): Dropout(p=0.2, inplace=False)
      )
      (1): GCNConvLayer(
        (bn_node_x): BatchNorm1d(128, eps=1e-05, momentum=0.1, affine=True, track_running_stats=True)
        (act): Sequential(
          (0): ReLU()
          (1): Dropout(p=0.2, inplace=False)
        )
        (model): GCNConv(128, 128)
        (norm1_local): BatchNorm1d(128, eps=1e-05, momentum=0.1, affine=True, track_running_stats=True)
        (ff_linear1): Linear(in_features=128, out_features=256, bias=True)
        (ff_linear2): Linear(in_features=256, out_features=128, bias=True)
        (act_fn_ff): ReLU()
        (norm2): BatchNorm1d(128, eps=1e-05, momentum=0.1, affine=True, track_running_stats=True)
        (ff_dropout1): Dropout(p=0.2, inplace=False)
        (ff_dropout2): Dropout(p=0.2, inplace=False)
      )
      (2): GCNConvLayer(
        (bn_node_x): BatchNorm1d(128, eps=1e-05, momentum=0.1, affine=True, track_running_stats=True)
        (act): Sequential(
          (0): ReLU()
          (1): Dropout(p=0.2, inplace=False)
        )
        (model): GCNConv(128, 128)
        (norm1_local): BatchNorm1d(128, eps=1e-05, momentum=0.1, affine=True, track_running_stats=True)
        (ff_linear1): Linear(in_features=128, out_features=256, bias=True)
        (ff_linear2): Linear(in_features=256, out_features=128, bias=True)
        (act_fn_ff): ReLU()
        (norm2): BatchNorm1d(128, eps=1e-05, momentum=0.1, affine=True, track_running_stats=True)
        (ff_dropout1): Dropout(p=0.2, inplace=False)
        (ff_dropout2): Dropout(p=0.2, inplace=False)
      )
    )
    (post_mp): MLPGraphHead(
      (mlp): Sequential(
        (0): Dropout(p=0.2, inplace=False)
        (1): Linear(in_features=128, out_features=128, bias=True)
        (2): ReLU()
        (3): Dropout(p=0.2, inplace=False)
        (4): Linear(in_features=128, out_features=21, bias=True)
      )
    )
  )
)
accelerator: cuda
adv:
  lambda_u: 1.0
  num_users: 16
  use: False
benchmark: False
bn:
  eps: 1e-05
  mom: 0.1
cfg_dest: config.yaml
custom_metrics: []
dataset:
  cache_load: False
  cache_save: False
  dir: C:\Users\PC\Desktop\AdversarialLearningProject 1\ICML\Adversarial_Learning\Daniel\RFIDDataSet\DataSetLOPO
  edge_dim: 128
  edge_encoder: False
  edge_encoder_bn: True
  edge_encoder_name: Bond
  edge_encoder_num_types: 0
  edge_message_ratio: 0.8
  edge_negative_sampling_ratio: 1.0
  edge_train_mode: all
  encoder: True
  encoder_bn: True
  encoder_dim: 128
  encoder_name: db
  format: RFID
  infer_link_label: None
  label_column: none
  label_table: none
  location: local
  name: rfid
  node_encoder: False
  node_encoder_bn: True
  node_encoder_name: Atom
  node_encoder_num_types: 0
  remove_feature: False
  resample_disjoint: False
  resample_negative: False
  shuffle_split: True
  slic_compactness: 10
  split: [0.8, 0.1, 0.1]
  split_dir: ./splits
  split_index: 0
  split_mode: lopo-subject
  task: graph
  task_type: classification
  test_subj: FQ 3m
  to_undirected: False
  transductive: False
  transform: none
  tu_simple: True
  val_subj: GM 3m
devices: 1
example_arg: example
example_group:
  example_arg: example
gnn:
  act: relu
  agg: add
  att_final_linear: False
  att_final_linear_bn: False
  att_heads: 1
  batchnorm: True
  clear_feature: True
  dim_inner: 128
  dropout: 0.2
  ffn: True
  head: mlp_graph
  keep_edge: 0.5
  l2norm: True
  layer_type: gcn
  layers_mp: 3
  layers_post_mp: 2
  layers_pre_mp: 1
  msg_direction: single
  normalize_adj: False
  residual: False
  self_msg: concat
  skip_every: 1
  stage_type: stack
gpu_mem: False
mem:
  inplace: False
metric_agg: argmax
metric_best: accuracy
model:
  edge_decoding: dot
  graph_pooling: mean
  loss_fun: cross_entropy
  match_upper: True
  size_average: mean
  thresh: 0.5
  type: custom_gnn
name_tag: 
num_threads: 6
num_workers: 0
optim:
  base_lr: 0.001
  batch_accumulation: 1
  clip_grad_norm: False
  clip_grad_norm_value: 1.0
  lr_decay: 0.1
  max_epoch: 250
  min_lr: 0.0
  momentum: 0.9
  num_warmup_epochs: 50
  optimizer: adam
  reduce_factor: 0.1
  schedule_patience: 10
  scheduler: cos
  steps: [30, 60, 90]
  weight_decay: 0.0005
out_dir: results_lopo_1.0/FQ_3m
posenc_RWSE:
  dim_pe: 16
  enable: False
  kernel:
    times: []
    times_func: 
  layers: 3
  model: none
  n_heads: 4
  pass_as_var: False
  post_layers: 0
  raw_norm_type: none
pretrained:
  dir: 
  freeze_main: False
  reset_prediction_head: True
print: both
round: 5
run_dir: results_lopo_1.0/FQ_3m
run_id: 0
run_multiple_splits: []
seed: 0
share:
  dim_in: 30
  dim_out: 21
  num_splits: 3
tensorboard_agg: True
tensorboard_each_run: False
train:
  auto_resume: False
  batch_size: 32
  ckpt_best: False
  ckpt_clean: True
  ckpt_period: 100
  enable_ckpt: True
  epoch_resume: -1
  eval_period: 1
  eval_smoothing_metrics: False
  iter_per_epoch: 32
  mode: custom
  neighbor_sizes: [20, 15, 10, 5]
  node_per_graph: 32
  radius: extend
  sample_node: False
  sampler: full_batch
  skip_train_eval: False
  walk_length: 4
val:
  node_per_graph: 32
  radius: extend
  sample_node: False
  sampler: full_batch
view_emb: False
wandb:
  entity: gnn
  name: 
  project: rfid_lopo
  use: False
Num parameters: 284917
Start from epoch 0
train: {'epoch': 0, 'time_epoch': 6.52049, 'eta': 1623.60211, 'eta_hours': 0.451, 'loss': 2.68473139, 'lr': 0.001, 'params': 284917, 'time_iter': 0.03726, 'accuracy': 0.15663, 'f1': 0.14441, 'auc': 0.74459}
...computing epoch stats took: 0.20s
val: {'epoch': 0, 'time_epoch': 0.32892, 'loss': 3.72003849, 'lr': 0, 'params': 284917, 'time_iter': 0.02349, 'accuracy': 0.04762, 'f1': 0.01817, 'auc': 0.67837}
...computing epoch stats took: 0.17s
test: {'epoch': 0, 'time_epoch': 0.25551, 'loss': 3.91198512, 'lr': 0, 'params': 284917, 'time_iter': 0.01825, 'accuracy': 0.06429, 'f1': 0.0289, 'auc': 0.69772}
...computing epoch stats took: 0.05s
[*] Confusion Matrix saved to: results_lopo_1.0/FQ_3m\Conf\confusion_matrix_epoch_0.png
> Epoch 0: took 7.6s (avg 7.6s) | Best so far: epoch 0	train_loss: 2.6847 train_accuracy: 0.1566	val_loss: 3.7200 val_accuracy: 0.0476	test_loss: 3.9120 test_accuracy: 0.0643	F1: 0.0289 Prec: 0.0465 Rec: 0.0643
train: {'epoch': 1, 'time_epoch': 4.86515, 'eta': 1411.8192, 'eta_hours': 0.39217, 'loss': 2.22111667, 'lr': 0.00099996, 'params': 284917, 'time_iter': 0.0278, 'accuracy': 0.26093, 'f1': 0.24517, 'auc': 0.84961}
...computing epoch stats took: 0.07s
val: {'epoch': 1, 'time_epoch': 0.28581, 'loss': 6.05942581, 'lr': 0, 'params': 284917, 'time_iter': 0.02041, 'accuracy': 0.05952, 'f1': 0.00962, 'auc': 0.61656}
...computing epoch stats took: 0.06s
test: {'epoch': 1, 'time_epoch': 0.2682, 'loss': 5.8611911, 'lr': 0, 'params': 284917, 'time_iter': 0.01916, 'accuracy': 0.05714, 'f1': 0.01364, 'auc': 0.69148}
...computing epoch stats took: 0.06s
[*] Confusion Matrix saved to: results_lopo_1.0/FQ_3m\Conf\confusion_matrix_epoch_1.png
> Epoch 1: took 5.6s (avg 6.6s) | Best so far: epoch 1	train_loss: 2.2211 train_accuracy: 0.2609	val_loss: 6.0594 val_accuracy: 0.0595	test_loss: 5.8612 test_accuracy: 0.0571	F1: 0.0136 Prec: 0.0111 Rec: 0.0571
train: {'epoch': 2, 'time_epoch': 4.87085, 'eta': 1338.45068, 'eta_hours': 0.37179, 'loss': 2.09452514, 'lr': 0.00099984, 'params': 284917, 'time_iter': 0.02783, 'accuracy': 0.30018, 'f1': 0.28836, 'auc': 0.87011}
...computing epoch stats took: 0.05s
val: {'epoch': 2, 'time_epoch': 0.2652, 'loss': 4.5011739, 'lr': 0, 'params': 284917, 'time_iter': 0.01894, 'accuracy': 0.05952, 'f1': 0.01744, 'auc': 0.65684}
...computing epoch stats took: 0.05s
test: {'epoch': 2, 'time_epoch': 0.24124, 'loss': 4.23973714, 'lr': 0, 'params': 284917, 'time_iter': 0.01723, 'accuracy': 0.07381, 'f1': 0.03989, 'auc': 0.71148}
...computing epoch stats took: 0.05s
> Epoch 2: took 5.5s (avg 6.3s) | Best so far: epoch 1	train_loss: 2.2211 train_accuracy: 0.2609	val_loss: 6.0594 val_accuracy: 0.0595	test_loss: 5.8612 test_accuracy: 0.0571	F1: 0.0136 Prec: 0.0111 Rec: 0.0571
train: {'epoch': 3, 'time_epoch': 5.05823, 'eta': 1310.85501, 'eta_hours': 0.36413, 'loss': 1.97876049, 'lr': 0.00099964, 'params': 284917, 'time_iter': 0.0289, 'accuracy': 0.32384, 'f1': 0.31454, 'auc': 0.8868}
val: {'epoch': 3, 'time_epoch': 0.08506, 'loss': 3.36330595, 'lr': 0, 'params': 284917, 'time_iter': 0.00608, 'accuracy': 0.12143, 'f1': 0.10124, 'auc': 0.71702}
test: {'epoch': 3, 'time_epoch': 0.07897, 'loss': 3.13872234, 'lr': 0, 'params': 284917, 'time_iter': 0.00564, 'accuracy': 0.14286, 'f1': 0.10176, 'auc': 0.8119}
[*] Confusion Matrix saved to: results_lopo_1.0/FQ_3m\Conf\confusion_matrix_epoch_3.png
> Epoch 3: took 5.3s (avg 6.0s) | Best so far: epoch 3	train_loss: 1.9788 train_accuracy: 0.3238	val_loss: 3.3633 val_accuracy: 0.1214	test_loss: 3.1387 test_accuracy: 0.1429	F1: 0.1018 Prec: 0.1517 Rec: 0.1429
train: {'epoch': 4, 'time_epoch': 1.8438, 'eta': 1134.76728, 'eta_hours': 0.31521, 'loss': 1.89782272, 'lr': 0.00099937, 'params': 284917, 'time_iter': 0.01054, 'accuracy': 0.34839, 'f1': 0.33995, 'auc': 0.89658}
val: {'epoch': 4, 'time_epoch': 0.07492, 'loss': 7.30322247, 'lr': 0, 'params': 284917, 'time_iter': 0.00535, 'accuracy': 0.06667, 'f1': 0.01844, 'auc': 0.60413}
test: {'epoch': 4, 'time_epoch': 0.07418, 'loss': 5.245395, 'lr': 0, 'params': 284917, 'time_iter': 0.0053, 'accuracy': 0.0619, 'f1': 0.02933, 'auc': 0.66465}
> Epoch 4: took 2.1s (avg 5.2s) | Best so far: epoch 3	train_loss: 1.9788 train_accuracy: 0.3238	val_loss: 3.3633 val_accuracy: 0.1214	test_loss: 3.1387 test_accuracy: 0.1429	F1: 0.1018 Prec: 0.1517 Rec: 0.1429
train: {'epoch': 5, 'time_epoch': 1.92114, 'eta': 1019.90604, 'eta_hours': 0.28331, 'loss': 1.83102689, 'lr': 0.00099901, 'params': 284917, 'time_iter': 0.01098, 'accuracy': 0.37007, 'f1': 0.36207, 'auc': 0.90476}
val: {'epoch': 5, 'time_epoch': 0.09326, 'loss': 3.22652178, 'lr': 0, 'params': 284917, 'time_iter': 0.00666, 'accuracy': 0.12381, 'f1': 0.06946, 'auc': 0.72823}
test: {'epoch': 5, 'time_epoch': 0.08465, 'loss': 3.46070388, 'lr': 0, 'params': 284917, 'time_iter': 0.00605, 'accuracy': 0.15476, 'f1': 0.07276, 'auc': 0.77324}
[*] Confusion Matrix saved to: results_lopo_1.0/FQ_3m\Conf\confusion_matrix_epoch_5.png
> Epoch 5: took 2.2s (avg 4.7s) | Best so far: epoch 5	train_loss: 1.8310 train_accuracy: 0.3701	val_loss: 3.2265 val_accuracy: 0.1238	test_loss: 3.4607 test_accuracy: 0.1548	F1: 0.0728 Prec: 0.0526 Rec: 0.1548
train: {'epoch': 6, 'time_epoch': 2.11022, 'eta': 943.87709, 'eta_hours': 0.26219, 'loss': 1.73828782, 'lr': 0.00099858, 'params': 284917, 'time_iter': 0.01206, 'accuracy': 0.39606, 'f1': 0.38919, 'auc': 0.91557}
val: {'epoch': 6, 'time_epoch': 0.08009, 'loss': 4.69737588, 'lr': 0, 'params': 284917, 'time_iter': 0.00572, 'accuracy': 0.11667, 'f1': 0.07385, 'auc': 0.66339}
test: {'epoch': 6, 'time_epoch': 0.07865, 'loss': 3.80674647, 'lr': 0, 'params': 284917, 'time_iter': 0.00562, 'accuracy': 0.12619, 'f1': 0.05506, 'auc': 0.72285}
> Epoch 6: took 2.4s (avg 4.4s) | Best so far: epoch 5	train_loss: 1.8310 train_accuracy: 0.3701	val_loss: 3.2265 val_accuracy: 0.1238	test_loss: 3.4607 test_accuracy: 0.1548	F1: 0.0728 Prec: 0.0526 Rec: 0.1548
train: {'epoch': 7, 'time_epoch': 1.91472, 'eta': 880.41414, 'eta_hours': 0.24456, 'loss': 1.70908694, 'lr': 0.00099807, 'params': 284917, 'time_iter': 0.01094, 'accuracy': 0.41272, 'f1': 0.4056, 'auc': 0.91848}
val: {'epoch': 7, 'time_epoch': 0.08272, 'loss': 7.36735627, 'lr': 0, 'params': 284917, 'time_iter': 0.00591, 'accuracy': 0.05952, 'f1': 0.01502, 'auc': 0.6513}
test: {'epoch': 7, 'time_epoch': 0.08499, 'loss': 4.65659871, 'lr': 0, 'params': 284917, 'time_iter': 0.00607, 'accuracy': 0.16905, 'f1': 0.06803, 'auc': 0.7531}
> Epoch 7: took 2.2s (avg 4.1s) | Best so far: epoch 5	train_loss: 1.8310 train_accuracy: 0.3701	val_loss: 3.2265 val_accuracy: 0.1238	test_loss: 3.4607 test_accuracy: 0.1548	F1: 0.0728 Prec: 0.0526 Rec: 0.1548
train: {'epoch': 8, 'time_epoch': 2.44221, 'eta': 844.75355, 'eta_hours': 0.23465, 'loss': 1.61153845, 'lr': 0.00099748, 'params': 284917, 'time_iter': 0.01396, 'accuracy': 0.44337, 'f1': 0.43969, 'auc': 0.92865}
val: {'epoch': 8, 'time_epoch': 0.2294, 'loss': 6.92137607, 'lr': 0, 'params': 284917, 'time_iter': 0.01639, 'accuracy': 0.07143, 'f1': 0.01825, 'auc': 0.6704}
test: {'epoch': 8, 'time_epoch': 0.18649, 'loss': 5.95370549, 'lr': 0, 'params': 284917, 'time_iter': 0.01332, 'accuracy': 0.12143, 'f1': 0.05961, 'auc': 0.75347}
> Epoch 8: took 3.0s (avg 4.0s) | Best so far: epoch 5	train_loss: 1.8310 train_accuracy: 0.3701	val_loss: 3.2265 val_accuracy: 0.1238	test_loss: 3.4607 test_accuracy: 0.1548	F1: 0.0728 Prec: 0.0526 Rec: 0.1548
train: {'epoch': 9, 'time_epoch': 5.17302, 'eta': 881.27594, 'eta_hours': 0.2448, 'loss': 1.54314197, 'lr': 0.00099681, 'params': 284917, 'time_iter': 0.02956, 'accuracy': 0.47168, 'f1': 0.46734, 'auc': 0.93509}
val: {'epoch': 9, 'time_epoch': 0.2419, 'loss': 6.87221057, 'lr': 0, 'params': 284917, 'time_iter': 0.01728, 'accuracy': 0.07143, 'f1': 0.01643, 'auc': 0.69525}
test: {'epoch': 9, 'time_epoch': 0.27558, 'loss': 5.0494745, 'lr': 0, 'params': 284917, 'time_iter': 0.01968, 'accuracy': 0.13095, 'f1': 0.05234, 'auc': 0.72479}
> Epoch 9: took 5.9s (avg 4.2s) | Best so far: epoch 5	train_loss: 1.8310 train_accuracy: 0.3701	val_loss: 3.2265 val_accuracy: 0.1238	test_loss: 3.4607 test_accuracy: 0.1548	F1: 0.0728 Prec: 0.0526 Rec: 0.1548
train: {'epoch': 10, 'time_epoch': 5.30638, 'eta': 913.11491, 'eta_hours': 0.25364, 'loss': 1.49955899, 'lr': 0.00099606, 'params': 284917, 'time_iter': 0.03032, 'accuracy': 0.48889, 'f1': 0.48511, 'auc': 0.9384}
val: {'epoch': 10, 'time_epoch': 0.19645, 'loss': 3.10600907, 'lr': 0, 'params': 284917, 'time_iter': 0.01403, 'accuracy': 0.21905, 'f1': 0.18012, 'auc': 0.82193}
test: {'epoch': 10, 'time_epoch': 0.17803, 'loss': 3.0692969, 'lr': 0, 'params': 284917, 'time_iter': 0.01272, 'accuracy': 0.29286, 'f1': 0.19397, 'auc': 0.8648}
[*] Confusion Matrix saved to: results_lopo_1.0/FQ_3m\Conf\confusion_matrix_epoch_10.png
> Epoch 10: took 5.9s (avg 4.3s) | Best so far: epoch 10	train_loss: 1.4996 train_accuracy: 0.4889	val_loss: 3.1060 val_accuracy: 0.2190	test_loss: 3.0693 test_accuracy: 0.2929	F1: 0.1940 Prec: 0.1812 Rec: 0.2929
train: {'epoch': 11, 'time_epoch': 5.46305, 'eta': 941.8704, 'eta_hours': 0.26163, 'loss': 1.46505451, 'lr': 0.00099523, 'params': 284917, 'time_iter': 0.03122, 'accuracy': 0.51308, 'f1': 0.50904, 'auc': 0.94099}
val: {'epoch': 11, 'time_epoch': 0.18483, 'loss': 7.55692725, 'lr': 0, 'params': 284917, 'time_iter': 0.0132, 'accuracy': 0.05952, 'f1': 0.02422, 'auc': 0.62927}
test: {'epoch': 11, 'time_epoch': 0.1771, 'loss': 5.16704829, 'lr': 0, 'params': 284917, 'time_iter': 0.01265, 'accuracy': 0.08571, 'f1': 0.04025, 'auc': 0.71796}
> Epoch 11: took 6.0s (avg 4.5s) | Best so far: epoch 10	train_loss: 1.4996 train_accuracy: 0.4889	val_loss: 3.1060 val_accuracy: 0.2190	test_loss: 3.0693 test_accuracy: 0.2929	F1: 0.1940 Prec: 0.1812 Rec: 0.2929
train: {'epoch': 12, 'time_epoch': 5.0981, 'eta': 958.70801, 'eta_hours': 0.26631, 'loss': 1.38505989, 'lr': 0.00099433, 'params': 284917, 'time_iter': 0.02913, 'accuracy': 0.52706, 'f1': 0.52396, 'auc': 0.94799}
val: {'epoch': 12, 'time_epoch': 0.21807, 'loss': 4.75469431, 'lr': 0, 'params': 284917, 'time_iter': 0.01558, 'accuracy': 0.06667, 'f1': 0.02061, 'auc': 0.68478}
test: {'epoch': 12, 'time_epoch': 0.20424, 'loss': 5.53686084, 'lr': 0, 'params': 284917, 'time_iter': 0.01459, 'accuracy': 0.15476, 'f1': 0.06517, 'auc': 0.77965}
> Epoch 12: took 5.7s (avg 4.6s) | Best so far: epoch 10	train_loss: 1.4996 train_accuracy: 0.4889	val_loss: 3.1060 val_accuracy: 0.2190	test_loss: 3.0693 test_accuracy: 0.2929	F1: 0.1940 Prec: 0.1812 Rec: 0.2929
train: {'epoch': 13, 'time_epoch': 4.99403, 'eta': 970.65765, 'eta_hours': 0.26963, 'loss': 1.33686298, 'lr': 0.00099334, 'params': 284917, 'time_iter': 0.02854, 'accuracy': 0.54247, 'f1': 0.54022, 'auc': 0.95141}
val: {'epoch': 13, 'time_epoch': 0.17866, 'loss': 5.06186982, 'lr': 0, 'params': 284917, 'time_iter': 0.01276, 'accuracy': 0.07619, 'f1': 0.02723, 'auc': 0.71504}
test: {'epoch': 13, 'time_epoch': 0.2305, 'loss': 4.23805376, 'lr': 0, 'params': 284917, 'time_iter': 0.01646, 'accuracy': 0.18571, 'f1': 0.136, 'auc': 0.8248}
> Epoch 13: took 5.6s (avg 4.6s) | Best so far: epoch 10	train_loss: 1.4996 train_accuracy: 0.4889	val_loss: 3.1060 val_accuracy: 0.2190	test_loss: 3.0693 test_accuracy: 0.2929	F1: 0.1940 Prec: 0.1812 Rec: 0.2929
train: {'epoch': 14, 'time_epoch': 5.17566, 'eta': 983.19369, 'eta_hours': 0.27311, 'loss': 1.30151461, 'lr': 0.00099228, 'params': 284917, 'time_iter': 0.02958, 'accuracy': 0.55394, 'f1': 0.55153, 'auc': 0.95398}
val: {'epoch': 14, 'time_epoch': 0.18534, 'loss': 4.85100163, 'lr': 0, 'params': 284917, 'time_iter': 0.01324, 'accuracy': 0.12381, 'f1': 0.08441, 'auc': 0.72826}
test: {'epoch': 14, 'time_epoch': 0.25793, 'loss': 4.3327076, 'lr': 0, 'params': 284917, 'time_iter': 0.01842, 'accuracy': 0.15, 'f1': 0.07224, 'auc': 0.80699}
> Epoch 14: took 5.8s (avg 4.7s) | Best so far: epoch 10	train_loss: 1.4996 train_accuracy: 0.4889	val_loss: 3.1060 val_accuracy: 0.2190	test_loss: 3.0693 test_accuracy: 0.2929	F1: 0.1940 Prec: 0.1812 Rec: 0.2929
train: {'epoch': 15, 'time_epoch': 5.19598, 'eta': 993.81293, 'eta_hours': 0.27606, 'loss': 1.25694417, 'lr': 0.00099114, 'params': 284917, 'time_iter': 0.02969, 'accuracy': 0.56971, 'f1': 0.56705, 'auc': 0.95737}
val: {'epoch': 15, 'time_epoch': 0.26729, 'loss': 8.45981402, 'lr': 0, 'params': 284917, 'time_iter': 0.01909, 'accuracy': 0.11905, 'f1': 0.06488, 'auc': 0.63479}
test: {'epoch': 15, 'time_epoch': 0.2687, 'loss': 6.14172832, 'lr': 0, 'params': 284917, 'time_iter': 0.01919, 'accuracy': 0.12619, 'f1': 0.04783, 'auc': 0.64878}
> Epoch 15: took 5.9s (avg 4.8s) | Best so far: epoch 10	train_loss: 1.4996 train_accuracy: 0.4889	val_loss: 3.1060 val_accuracy: 0.2190	test_loss: 3.0693 test_accuracy: 0.2929	F1: 0.1940 Prec: 0.1812 Rec: 0.2929
train: {'epoch': 16, 'time_epoch': 5.05859, 'eta': 1000.68857, 'eta_hours': 0.27797, 'loss': 1.23301895, 'lr': 0.00098993, 'params': 284917, 'time_iter': 0.02891, 'accuracy': 0.57652, 'f1': 0.57388, 'auc': 0.9587}
val: {'epoch': 16, 'time_epoch': 0.2663, 'loss': 3.17580064, 'lr': 0, 'params': 284917, 'time_iter': 0.01902, 'accuracy': 0.22381, 'f1': 0.16089, 'auc': 0.80908}
test: {'epoch': 16, 'time_epoch': 0.20557, 'loss': 2.48327628, 'lr': 0, 'params': 284917, 'time_iter': 0.01468, 'accuracy': 0.2619, 'f1': 0.24209, 'auc': 0.86925}
[*] Confusion Matrix saved to: results_lopo_1.0/FQ_3m\Conf\confusion_matrix_epoch_16.png
> Epoch 16: took 5.7s (avg 4.8s) | Best so far: epoch 16	train_loss: 1.2330 train_accuracy: 0.5765	val_loss: 3.1758 val_accuracy: 0.2238	test_loss: 2.4833 test_accuracy: 0.2619	F1: 0.2421 Prec: 0.3683 Rec: 0.2619
train: {'epoch': 17, 'time_epoch': 5.0989, 'eta': 1006.75774, 'eta_hours': 0.27965, 'loss': 1.20019385, 'lr': 0.00098863, 'params': 284917, 'time_iter': 0.02914, 'accuracy': 0.5862, 'f1': 0.58268, 'auc': 0.96115}
val: {'epoch': 17, 'time_epoch': 0.22356, 'loss': 3.83813392, 'lr': 0, 'params': 284917, 'time_iter': 0.01597, 'accuracy': 0.16429, 'f1': 0.12162, 'auc': 0.80085}
test: {'epoch': 17, 'time_epoch': 0.23417, 'loss': 5.39680405, 'lr': 0, 'params': 284917, 'time_iter': 0.01673, 'accuracy': 0.10714, 'f1': 0.04839, 'auc': 0.75946}
> Epoch 17: took 5.8s (avg 4.9s) | Best so far: epoch 16	train_loss: 1.2330 train_accuracy: 0.5765	val_loss: 3.1758 val_accuracy: 0.2238	test_loss: 2.4833 test_accuracy: 0.2619	F1: 0.2421 Prec: 0.3683 Rec: 0.2619
train: {'epoch': 18, 'time_epoch': 5.21623, 'eta': 1013.07775, 'eta_hours': 0.28141, 'loss': 1.14448343, 'lr': 0.00098726, 'params': 284917, 'time_iter': 0.02981, 'accuracy': 0.60502, 'f1': 0.60323, 'auc': 0.96482}
val: {'epoch': 18, 'time_epoch': 0.2188, 'loss': 3.27380059, 'lr': 0, 'params': 284917, 'time_iter': 0.01563, 'accuracy': 0.23571, 'f1': 0.20753, 'auc': 0.8129}
test: {'epoch': 18, 'time_epoch': 0.19367, 'loss': 3.57545307, 'lr': 0, 'params': 284917, 'time_iter': 0.01383, 'accuracy': 0.2619, 'f1': 0.16445, 'auc': 0.8689}
[*] Confusion Matrix saved to: results_lopo_1.0/FQ_3m\Conf\confusion_matrix_epoch_18.png
> Epoch 18: took 5.8s (avg 4.9s) | Best so far: epoch 18	train_loss: 1.1445 train_accuracy: 0.6050	val_loss: 3.2738 val_accuracy: 0.2357	test_loss: 3.5755 test_accuracy: 0.2619	F1: 0.1644 Prec: 0.1408 Rec: 0.2619
train: {'epoch': 19, 'time_epoch': 4.75862, 'eta': 1012.98165, 'eta_hours': 0.28138, 'loss': 1.13046541, 'lr': 0.00098582, 'params': 284917, 'time_iter': 0.02719, 'accuracy': 0.61774, 'f1': 0.61575, 'auc': 0.96543}
val: {'epoch': 19, 'time_epoch': 0.17434, 'loss': 3.23177625, 'lr': 0, 'params': 284917, 'time_iter': 0.01245, 'accuracy': 0.22619, 'f1': 0.18455, 'auc': 0.82227}
test: {'epoch': 19, 'time_epoch': 0.15447, 'loss': 3.33795184, 'lr': 0, 'params': 284917, 'time_iter': 0.01103, 'accuracy': 0.2619, 'f1': 0.2001, 'auc': 0.86698}
> Epoch 19: took 5.2s (avg 5.0s) | Best so far: epoch 18	train_loss: 1.1445 train_accuracy: 0.6050	val_loss: 3.2738 val_accuracy: 0.2357	test_loss: 3.5755 test_accuracy: 0.2619	F1: 0.1644 Prec: 0.1408 Rec: 0.2619
train: {'epoch': 20, 'time_epoch': 4.6931, 'eta': 1011.72706, 'eta_hours': 0.28104, 'loss': 1.11607669, 'lr': 0.00098429, 'params': 284917, 'time_iter': 0.02682, 'accuracy': 0.62509, 'f1': 0.62328, 'auc': 0.96607}
val: {'epoch': 20, 'time_epoch': 0.19174, 'loss': 4.22931509, 'lr': 0, 'params': 284917, 'time_iter': 0.0137, 'accuracy': 0.13095, 'f1': 0.10168, 'auc': 0.75869}
test: {'epoch': 20, 'time_epoch': 0.21286, 'loss': 3.379765, 'lr': 0, 'params': 284917, 'time_iter': 0.0152, 'accuracy': 0.18333, 'f1': 0.14707, 'auc': 0.78373}
> Epoch 20: took 5.3s (avg 5.0s) | Best so far: epoch 18	train_loss: 1.1445 train_accuracy: 0.6050	val_loss: 3.2738 val_accuracy: 0.2357	test_loss: 3.5755 test_accuracy: 0.2619	F1: 0.1644 Prec: 0.1408 Rec: 0.2619
train: {'epoch': 21, 'time_epoch': 5.30867, 'eta': 1016.53937, 'eta_hours': 0.28237, 'loss': 1.08914994, 'lr': 0.00098269, 'params': 284917, 'time_iter': 0.03034, 'accuracy': 0.62437, 'f1': 0.62313, 'auc': 0.96802}
val: {'epoch': 21, 'time_epoch': 0.20689, 'loss': 5.81433568, 'lr': 0, 'params': 284917, 'time_iter': 0.01478, 'accuracy': 0.09762, 'f1': 0.05424, 'auc': 0.69586}
test: {'epoch': 21, 'time_epoch': 0.21671, 'loss': 5.90504121, 'lr': 0, 'params': 284917, 'time_iter': 0.01548, 'accuracy': 0.12143, 'f1': 0.06521, 'auc': 0.77211}
> Epoch 21: took 5.9s (avg 5.0s) | Best so far: epoch 18	train_loss: 1.1445 train_accuracy: 0.6050	val_loss: 3.2738 val_accuracy: 0.2357	test_loss: 3.5755 test_accuracy: 0.2619	F1: 0.1644 Prec: 0.1408 Rec: 0.2619
train: {'epoch': 22, 'time_epoch': 6.34334, 'eta': 1030.68338, 'eta_hours': 0.2863, 'loss': 1.06811993, 'lr': 0.00098101, 'params': 284917, 'time_iter': 0.03625, 'accuracy': 0.63208, 'f1': 0.63065, 'auc': 0.96892}
val: {'epoch': 22, 'time_epoch': 0.19082, 'loss': 4.70360693, 'lr': 0, 'params': 284917, 'time_iter': 0.01363, 'accuracy': 0.10714, 'f1': 0.06089, 'auc': 0.77208}
test: {'epoch': 22, 'time_epoch': 0.21508, 'loss': 5.29860809, 'lr': 0, 'params': 284917, 'time_iter': 0.01536, 'accuracy': 0.14524, 'f1': 0.06614, 'auc': 0.79369}
> Epoch 22: took 6.9s (avg 5.1s) | Best so far: epoch 18	train_loss: 1.1445 train_accuracy: 0.6050	val_loss: 3.2738 val_accuracy: 0.2357	test_loss: 3.5755 test_accuracy: 0.2619	F1: 0.1644 Prec: 0.1408 Rec: 0.2619
train: {'epoch': 23, 'time_epoch': 5.49432, 'eta': 1035.12513, 'eta_hours': 0.28753, 'loss': 1.03819501, 'lr': 0.00097926, 'params': 284917, 'time_iter': 0.0314, 'accuracy': 0.64014, 'f1': 0.6387, 'auc': 0.97089}
val: {'epoch': 23, 'time_epoch': 0.19419, 'loss': 2.98293608, 'lr': 0, 'params': 284917, 'time_iter': 0.01387, 'accuracy': 0.20952, 'f1': 0.18621, 'auc': 0.82974}
test: {'epoch': 23, 'time_epoch': 0.18701, 'loss': 3.9219498, 'lr': 0, 'params': 284917, 'time_iter': 0.01336, 'accuracy': 0.18095, 'f1': 0.11076, 'auc': 0.80102}
> Epoch 23: took 6.1s (avg 5.1s) | Best so far: epoch 18	train_loss: 1.1445 train_accuracy: 0.6050	val_loss: 3.2738 val_accuracy: 0.2357	test_loss: 3.5755 test_accuracy: 0.2619	F1: 0.1644 Prec: 0.1408 Rec: 0.2619
train: {'epoch': 24, 'time_epoch': 5.08704, 'eta': 1035.10649, 'eta_hours': 0.28753, 'loss': 0.99405112, 'lr': 0.00097743, 'params': 284917, 'time_iter': 0.02907, 'accuracy': 0.65842, 'f1': 0.65683, 'auc': 0.97334}
val: {'epoch': 24, 'time_epoch': 0.16352, 'loss': 4.84512707, 'lr': 0, 'params': 284917, 'time_iter': 0.01168, 'accuracy': 0.12857, 'f1': 0.08515, 'auc': 0.72062}
test: {'epoch': 24, 'time_epoch': 0.18617, 'loss': 4.12913722, 'lr': 0, 'params': 284917, 'time_iter': 0.0133, 'accuracy': 0.14286, 'f1': 0.09502, 'auc': 0.74467}
> Epoch 24: took 5.6s (avg 5.2s) | Best so far: epoch 18	train_loss: 1.1445 train_accuracy: 0.6050	val_loss: 3.2738 val_accuracy: 0.2357	test_loss: 3.5755 test_accuracy: 0.2619	F1: 0.1644 Prec: 0.1408 Rec: 0.2619
train: {'epoch': 25, 'time_epoch': 5.16161, 'eta': 1035.34041, 'eta_hours': 0.28759, 'loss': 0.99115875, 'lr': 0.00097553, 'params': 284917, 'time_iter': 0.02949, 'accuracy': 0.66416, 'f1': 0.66261, 'auc': 0.97312}
val: {'epoch': 25, 'time_epoch': 0.24294, 'loss': 15.2314116, 'lr': 0, 'params': 284917, 'time_iter': 0.01735, 'accuracy': 0.04762, 'f1': 0.00488, 'auc': 0.62874}
test: {'epoch': 25, 'time_epoch': 0.27425, 'loss': 10.02832949, 'lr': 0, 'params': 284917, 'time_iter': 0.01959, 'accuracy': 0.08095, 'f1': 0.0257, 'auc': 0.70889}
> Epoch 25: took 5.9s (avg 5.2s) | Best so far: epoch 18	train_loss: 1.1445 train_accuracy: 0.6050	val_loss: 3.2738 val_accuracy: 0.2357	test_loss: 3.5755 test_accuracy: 0.2619	F1: 0.1644 Prec: 0.1408 Rec: 0.2619
train: {'epoch': 26, 'time_epoch': 5.1389, 'eta': 1034.98708, 'eta_hours': 0.2875, 'loss': 0.97060985, 'lr': 0.00097355, 'params': 284917, 'time_iter': 0.02937, 'accuracy': 0.67258, 'f1': 0.67105, 'auc': 0.97452}
val: {'epoch': 26, 'time_epoch': 0.23745, 'loss': 10.31284583, 'lr': 0, 'params': 284917, 'time_iter': 0.01696, 'accuracy': 0.05952, 'f1': 0.03368, 'auc': 0.64873}
test: {'epoch': 26, 'time_epoch': 0.18444, 'loss': 6.73328442, 'lr': 0, 'params': 284917, 'time_iter': 0.01317, 'accuracy': 0.12143, 'f1': 0.07796, 'auc': 0.70015}
> Epoch 26: took 5.7s (avg 5.2s) | Best so far: epoch 18	train_loss: 1.1445 train_accuracy: 0.6050	val_loss: 3.2738 val_accuracy: 0.2357	test_loss: 3.5755 test_accuracy: 0.2619	F1: 0.1644 Prec: 0.1408 Rec: 0.2619
train: {'epoch': 27, 'time_epoch': 5.02214, 'eta': 1033.36622, 'eta_hours': 0.28705, 'loss': 0.98916686, 'lr': 0.0009715, 'params': 284917, 'time_iter': 0.0287, 'accuracy': 0.66505, 'f1': 0.66462, 'auc': 0.97349}
val: {'epoch': 27, 'time_epoch': 0.20618, 'loss': 5.98849248, 'lr': 0, 'params': 284917, 'time_iter': 0.01473, 'accuracy': 0.1119, 'f1': 0.07455, 'auc': 0.71859}
test: {'epoch': 27, 'time_epoch': 0.25565, 'loss': 5.94254829, 'lr': 0, 'params': 284917, 'time_iter': 0.01826, 'accuracy': 0.15476, 'f1': 0.0916, 'auc': 0.78429}
> Epoch 27: took 5.7s (avg 5.2s) | Best so far: epoch 18	train_loss: 1.1445 train_accuracy: 0.6050	val_loss: 3.2738 val_accuracy: 0.2357	test_loss: 3.5755 test_accuracy: 0.2619	F1: 0.1644 Prec: 0.1408 Rec: 0.2619
train: {'epoch': 28, 'time_epoch': 5.47513, 'eta': 1034.96287, 'eta_hours': 0.28749, 'loss': 0.94084778, 'lr': 0.00096937, 'params': 284917, 'time_iter': 0.03129, 'accuracy': 0.67867, 'f1': 0.67807, 'auc': 0.97598}
val: {'epoch': 28, 'time_epoch': 0.24956, 'loss': 8.70284002, 'lr': 0, 'params': 284917, 'time_iter': 0.01783, 'accuracy': 0.10952, 'f1': 0.05014, 'auc': 0.7014}
test: {'epoch': 28, 'time_epoch': 0.20519, 'loss': 6.21917695, 'lr': 0, 'params': 284917, 'time_iter': 0.01466, 'accuracy': 0.14048, 'f1': 0.09629, 'auc': 0.76176}
> Epoch 28: took 6.1s (avg 5.3s) | Best so far: epoch 18	train_loss: 1.1445 train_accuracy: 0.6050	val_loss: 3.2738 val_accuracy: 0.2357	test_loss: 3.5755 test_accuracy: 0.2619	F1: 0.1644 Prec: 0.1408 Rec: 0.2619
train: {'epoch': 29, 'time_epoch': 4.80779, 'eta': 1031.19422, 'eta_hours': 0.28644, 'loss': 0.91338846, 'lr': 0.00096716, 'params': 284917, 'time_iter': 0.02747, 'accuracy': 0.6905, 'f1': 0.68869, 'auc': 0.97722}
val: {'epoch': 29, 'time_epoch': 0.24538, 'loss': 5.30128921, 'lr': 0, 'params': 284917, 'time_iter': 0.01753, 'accuracy': 0.14048, 'f1': 0.10044, 'auc': 0.72845}
test: {'epoch': 29, 'time_epoch': 0.2516, 'loss': 5.73886241, 'lr': 0, 'params': 284917, 'time_iter': 0.01797, 'accuracy': 0.10714, 'f1': 0.07354, 'auc': 0.76835}
> Epoch 29: took 5.5s (avg 5.3s) | Best so far: epoch 18	train_loss: 1.1445 train_accuracy: 0.6050	val_loss: 3.2738 val_accuracy: 0.2357	test_loss: 3.5755 test_accuracy: 0.2619	F1: 0.1644 Prec: 0.1408 Rec: 0.2619
train: {'epoch': 30, 'time_epoch': 5.3248, 'eta': 1031.01095, 'eta_hours': 0.28639, 'loss': 0.88698167, 'lr': 0.00096489, 'params': 284917, 'time_iter': 0.03043, 'accuracy': 0.69839, 'f1': 0.69773, 'auc': 0.9786}
val: {'epoch': 30, 'time_epoch': 0.17643, 'loss': 4.76715931, 'lr': 0, 'params': 284917, 'time_iter': 0.0126, 'accuracy': 0.15238, 'f1': 0.11593, 'auc': 0.72861}
test: {'epoch': 30, 'time_epoch': 0.293, 'loss': 5.70892624, 'lr': 0, 'params': 284917, 'time_iter': 0.02093, 'accuracy': 0.09524, 'f1': 0.06263, 'auc': 0.76127}
> Epoch 30: took 6.0s (avg 5.3s) | Best so far: epoch 18	train_loss: 1.1445 train_accuracy: 0.6050	val_loss: 3.2738 val_accuracy: 0.2357	test_loss: 3.5755 test_accuracy: 0.2619	F1: 0.1644 Prec: 0.1408 Rec: 0.2619
train: {'epoch': 31, 'time_epoch': 5.5665, 'eta': 1032.15295, 'eta_hours': 0.28671, 'loss': 0.89165389, 'lr': 0.00096254, 'params': 284917, 'time_iter': 0.03181, 'accuracy': 0.69624, 'f1': 0.69507, 'auc': 0.97834}
val: {'epoch': 31, 'time_epoch': 0.27352, 'loss': 3.58626835, 'lr': 0, 'params': 284917, 'time_iter': 0.01954, 'accuracy': 0.2381, 'f1': 0.18711, 'auc': 0.82561}
test: {'epoch': 31, 'time_epoch': 0.27081, 'loss': 2.70335857, 'lr': 0, 'params': 284917, 'time_iter': 0.01934, 'accuracy': 0.27143, 'f1': 0.23953, 'auc': 0.8717}
[*] Confusion Matrix saved to: results_lopo_1.0/FQ_3m\Conf\confusion_matrix_epoch_31.png
> Epoch 31: took 6.3s (avg 5.3s) | Best so far: epoch 31	train_loss: 0.8917 train_accuracy: 0.6962	val_loss: 3.5863 val_accuracy: 0.2381	test_loss: 2.7034 test_accuracy: 0.2714	F1: 0.2395 Prec: 0.2948 Rec: 0.2714
train: {'epoch': 32, 'time_epoch': 5.05654, 'eta': 1029.535, 'eta_hours': 0.28598, 'loss': 0.86797369, 'lr': 0.00096012, 'params': 284917, 'time_iter': 0.02889, 'accuracy': 0.69803, 'f1': 0.69749, 'auc': 0.97959}
val: {'epoch': 32, 'time_epoch': 0.23326, 'loss': 6.53765544, 'lr': 0, 'params': 284917, 'time_iter': 0.01666, 'accuracy': 0.10238, 'f1': 0.0382, 'auc': 0.71856}
test: {'epoch': 32, 'time_epoch': 0.22586, 'loss': 5.58958323, 'lr': 0, 'params': 284917, 'time_iter': 0.01613, 'accuracy': 0.09524, 'f1': 0.0444, 'auc': 0.732}
> Epoch 32: took 5.7s (avg 5.3s) | Best so far: epoch 31	train_loss: 0.8917 train_accuracy: 0.6962	val_loss: 3.5863 val_accuracy: 0.2381	test_loss: 2.7034 test_accuracy: 0.2714	F1: 0.2395 Prec: 0.2948 Rec: 0.2714
train: {'epoch': 33, 'time_epoch': 5.29085, 'eta': 1028.26215, 'eta_hours': 0.28563, 'loss': 0.85406165, 'lr': 0.00095762, 'params': 284917, 'time_iter': 0.03023, 'accuracy': 0.70753, 'f1': 0.70701, 'auc': 0.98031}
val: {'epoch': 33, 'time_epoch': 0.2507, 'loss': 5.21504448, 'lr': 0, 'params': 284917, 'time_iter': 0.01791, 'accuracy': 0.10952, 'f1': 0.07837, 'auc': 0.73198}
test: {'epoch': 33, 'time_epoch': 0.23028, 'loss': 4.93172887, 'lr': 0, 'params': 284917, 'time_iter': 0.01645, 'accuracy': 0.10476, 'f1': 0.06765, 'auc': 0.77296}
> Epoch 33: took 6.0s (avg 5.3s) | Best so far: epoch 31	train_loss: 0.8917 train_accuracy: 0.6962	val_loss: 3.5863 val_accuracy: 0.2381	test_loss: 2.7034 test_accuracy: 0.2714	F1: 0.2395 Prec: 0.2948 Rec: 0.2714
train: {'epoch': 34, 'time_epoch': 4.99876, 'eta': 1024.96543, 'eta_hours': 0.28471, 'loss': 0.81738785, 'lr': 0.00095505, 'params': 284917, 'time_iter': 0.02856, 'accuracy': 0.72455, 'f1': 0.72394, 'auc': 0.98158}
val: {'epoch': 34, 'time_epoch': 0.18064, 'loss': 3.14474644, 'lr': 0, 'params': 284917, 'time_iter': 0.0129, 'accuracy': 0.31905, 'f1': 0.27055, 'auc': 0.84684}
test: {'epoch': 34, 'time_epoch': 0.21592, 'loss': 3.67057024, 'lr': 0, 'params': 284917, 'time_iter': 0.01542, 'accuracy': 0.16429, 'f1': 0.13184, 'auc': 0.85212}
[*] Confusion Matrix saved to: results_lopo_1.0/FQ_3m\Conf\confusion_matrix_epoch_34.png
> Epoch 34: took 5.6s (avg 5.4s) | Best so far: epoch 34	train_loss: 0.8174 train_accuracy: 0.7246	val_loss: 3.1447 val_accuracy: 0.3191	test_loss: 3.6706 test_accuracy: 0.1643	F1: 0.1318 Prec: 0.2310 Rec: 0.1643
train: {'epoch': 35, 'time_epoch': 5.45681, 'eta': 1024.29699, 'eta_hours': 0.28453, 'loss': 0.84647359, 'lr': 0.00095241, 'params': 284917, 'time_iter': 0.03118, 'accuracy': 0.7129, 'f1': 0.71234, 'auc': 0.98024}
val: {'epoch': 35, 'time_epoch': 0.20738, 'loss': 5.36024994, 'lr': 0, 'params': 284917, 'time_iter': 0.01481, 'accuracy': 0.12143, 'f1': 0.08064, 'auc': 0.72436}
test: {'epoch': 35, 'time_epoch': 0.16202, 'loss': 4.32389649, 'lr': 0, 'params': 284917, 'time_iter': 0.01157, 'accuracy': 0.2119, 'f1': 0.12433, 'auc': 0.85337}
> Epoch 35: took 6.0s (avg 5.4s) | Best so far: epoch 34	train_loss: 0.8174 train_accuracy: 0.7246	val_loss: 3.1447 val_accuracy: 0.3191	test_loss: 3.6706 test_accuracy: 0.1643	F1: 0.1318 Prec: 0.2310 Rec: 0.1643
train: {'epoch': 36, 'time_epoch': 5.28835, 'eta': 1022.39994, 'eta_hours': 0.284, 'loss': 0.80276919, 'lr': 0.0009497, 'params': 284917, 'time_iter': 0.03022, 'accuracy': 0.72366, 'f1': 0.72314, 'auc': 0.98256}
val: {'epoch': 36, 'time_epoch': 0.25724, 'loss': 3.11091224, 'lr': 0, 'params': 284917, 'time_iter': 0.01837, 'accuracy': 0.19286, 'f1': 0.18257, 'auc': 0.84032}
test: {'epoch': 36, 'time_epoch': 0.21757, 'loss': 3.43376232, 'lr': 0, 'params': 284917, 'time_iter': 0.01554, 'accuracy': 0.23571, 'f1': 0.14833, 'auc': 0.8514}
> Epoch 36: took 5.9s (avg 5.4s) | Best so far: epoch 34	train_loss: 0.8174 train_accuracy: 0.7246	val_loss: 3.1447 val_accuracy: 0.3191	test_loss: 3.6706 test_accuracy: 0.1643	F1: 0.1318 Prec: 0.2310 Rec: 0.1643
train: {'epoch': 37, 'time_epoch': 5.01062, 'eta': 1018.77496, 'eta_hours': 0.28299, 'loss': 0.81548685, 'lr': 0.00094692, 'params': 284917, 'time_iter': 0.02863, 'accuracy': 0.71738, 'f1': 0.7167, 'auc': 0.982}
val: {'epoch': 37, 'time_epoch': 0.22907, 'loss': 6.74344036, 'lr': 0, 'params': 284917, 'time_iter': 0.01636, 'accuracy': 0.10476, 'f1': 0.0444, 'auc': 0.71684}
test: {'epoch': 37, 'time_epoch': 0.20641, 'loss': 6.45077225, 'lr': 0, 'params': 284917, 'time_iter': 0.01474, 'accuracy': 0.11905, 'f1': 0.07172, 'auc': 0.78337}
> Epoch 37: took 5.6s (avg 5.4s) | Best so far: epoch 34	train_loss: 0.8174 train_accuracy: 0.7246	val_loss: 3.1447 val_accuracy: 0.3191	test_loss: 3.6706 test_accuracy: 0.1643	F1: 0.1318 Prec: 0.2310 Rec: 0.1643
train: {'epoch': 38, 'time_epoch': 5.20228, 'eta': 1016.11589, 'eta_hours': 0.28225, 'loss': 0.77560473, 'lr': 0.00094407, 'params': 284917, 'time_iter': 0.02973, 'accuracy': 0.7328, 'f1': 0.73215, 'auc': 0.98342}
val: {'epoch': 38, 'time_epoch': 0.22566, 'loss': 3.24810471, 'lr': 0, 'params': 284917, 'time_iter': 0.01612, 'accuracy': 0.23095, 'f1': 0.18494, 'auc': 0.83296}
test: {'epoch': 38, 'time_epoch': 0.24898, 'loss': 4.72138856, 'lr': 0, 'params': 284917, 'time_iter': 0.01778, 'accuracy': 0.14524, 'f1': 0.09155, 'auc': 0.78799}
> Epoch 38: took 5.9s (avg 5.4s) | Best so far: epoch 34	train_loss: 0.8174 train_accuracy: 0.7246	val_loss: 3.1447 val_accuracy: 0.3191	test_loss: 3.6706 test_accuracy: 0.1643	F1: 0.1318 Prec: 0.2310 Rec: 0.1643
train: {'epoch': 39, 'time_epoch': 4.97931, 'eta': 1012.15902, 'eta_hours': 0.28116, 'loss': 0.73948254, 'lr': 0.00094115, 'params': 284917, 'time_iter': 0.02845, 'accuracy': 0.75179, 'f1': 0.75169, 'auc': 0.98494}
val: {'epoch': 39, 'time_epoch': 0.24953, 'loss': 7.75355377, 'lr': 0, 'params': 284917, 'time_iter': 0.01782, 'accuracy': 0.15, 'f1': 0.08377, 'auc': 0.68364}
test: {'epoch': 39, 'time_epoch': 0.21474, 'loss': 5.53472356, 'lr': 0, 'params': 284917, 'time_iter': 0.01534, 'accuracy': 0.1619, 'f1': 0.10812, 'auc': 0.75752}
> Epoch 39: took 5.6s (avg 5.4s) | Best so far: epoch 34	train_loss: 0.8174 train_accuracy: 0.7246	val_loss: 3.1447 val_accuracy: 0.3191	test_loss: 3.6706 test_accuracy: 0.1643	F1: 0.1318 Prec: 0.2310 Rec: 0.1643
train: {'epoch': 40, 'time_epoch': 5.23358, 'eta': 1009.44844, 'eta_hours': 0.2804, 'loss': 0.77527933, 'lr': 0.00093815, 'params': 284917, 'time_iter': 0.02991, 'accuracy': 0.73513, 'f1': 0.73447, 'auc': 0.98378}
val: {'epoch': 40, 'time_epoch': 0.169, 'loss': 4.50838678, 'lr': 0, 'params': 284917, 'time_iter': 0.01207, 'accuracy': 0.17857, 'f1': 0.14419, 'auc': 0.74423}
test: {'epoch': 40, 'time_epoch': 0.22514, 'loss': 3.72124018, 'lr': 0, 'params': 284917, 'time_iter': 0.01608, 'accuracy': 0.18095, 'f1': 0.14885, 'auc': 0.77585}
> Epoch 40: took 5.8s (avg 5.4s) | Best so far: epoch 34	train_loss: 0.8174 train_accuracy: 0.7246	val_loss: 3.1447 val_accuracy: 0.3191	test_loss: 3.6706 test_accuracy: 0.1643	F1: 0.1318 Prec: 0.2310 Rec: 0.1643
train: {'epoch': 41, 'time_epoch': 5.53147, 'eta': 1008.09301, 'eta_hours': 0.28003, 'loss': 0.75068933, 'lr': 0.00093509, 'params': 284917, 'time_iter': 0.03161, 'accuracy': 0.75018, 'f1': 0.74949, 'auc': 0.98448}
val: {'epoch': 41, 'time_epoch': 0.16265, 'loss': 6.87554803, 'lr': 0, 'params': 284917, 'time_iter': 0.01162, 'accuracy': 0.13333, 'f1': 0.1089, 'auc': 0.71836}
test: {'epoch': 41, 'time_epoch': 0.24614, 'loss': 4.23405242, 'lr': 0, 'params': 284917, 'time_iter': 0.01758, 'accuracy': 0.22143, 'f1': 0.16247, 'auc': 0.85414}
> Epoch 41: took 6.1s (avg 5.4s) | Best so far: epoch 34	train_loss: 0.8174 train_accuracy: 0.7246	val_loss: 3.1447 val_accuracy: 0.3191	test_loss: 3.6706 test_accuracy: 0.1643	F1: 0.1318 Prec: 0.2310 Rec: 0.1643
train: {'epoch': 42, 'time_epoch': 5.84081, 'eta': 1008.03246, 'eta_hours': 0.28001, 'loss': 0.72799207, 'lr': 0.00093196, 'params': 284917, 'time_iter': 0.03338, 'accuracy': 0.75233, 'f1': 0.75207, 'auc': 0.9854}
val: {'epoch': 42, 'time_epoch': 0.21492, 'loss': 3.61544522, 'lr': 0, 'params': 284917, 'time_iter': 0.01535, 'accuracy': 0.19286, 'f1': 0.17608, 'auc': 0.79948}
test: {'epoch': 42, 'time_epoch': 0.22355, 'loss': 4.17369207, 'lr': 0, 'params': 284917, 'time_iter': 0.01597, 'accuracy': 0.1619, 'f1': 0.13019, 'auc': 0.8102}
> Epoch 42: took 6.5s (avg 5.5s) | Best so far: epoch 34	train_loss: 0.8174 train_accuracy: 0.7246	val_loss: 3.1447 val_accuracy: 0.3191	test_loss: 3.6706 test_accuracy: 0.1643	F1: 0.1318 Prec: 0.2310 Rec: 0.1643
train: {'epoch': 43, 'time_epoch': 6.02184, 'eta': 1008.55676, 'eta_hours': 0.28015, 'loss': 0.73440729, 'lr': 0.00092876, 'params': 284917, 'time_iter': 0.03441, 'accuracy': 0.74427, 'f1': 0.74364, 'auc': 0.98523}
val: {'epoch': 43, 'time_epoch': 0.23447, 'loss': 4.64538823, 'lr': 0, 'params': 284917, 'time_iter': 0.01675, 'accuracy': 0.14524, 'f1': 0.10244, 'auc': 0.76003}
test: {'epoch': 43, 'time_epoch': 0.22507, 'loss': 4.46405229, 'lr': 0, 'params': 284917, 'time_iter': 0.01608, 'accuracy': 0.10952, 'f1': 0.05625, 'auc': 0.75933}
> Epoch 43: took 6.7s (avg 5.5s) | Best so far: epoch 34	train_loss: 0.8174 train_accuracy: 0.7246	val_loss: 3.1447 val_accuracy: 0.3191	test_loss: 3.6706 test_accuracy: 0.1643	F1: 0.1318 Prec: 0.2310 Rec: 0.1643
train: {'epoch': 44, 'time_epoch': 6.09939, 'eta': 1009.14339, 'eta_hours': 0.28032, 'loss': 0.72325821, 'lr': 0.0009255, 'params': 284917, 'time_iter': 0.03485, 'accuracy': 0.75341, 'f1': 0.75274, 'auc': 0.98546}
val: {'epoch': 44, 'time_epoch': 0.21677, 'loss': 2.832031, 'lr': 0, 'params': 284917, 'time_iter': 0.01548, 'accuracy': 0.25714, 'f1': 0.23889, 'auc': 0.85149}
test: {'epoch': 44, 'time_epoch': 0.24051, 'loss': 3.73084944, 'lr': 0, 'params': 284917, 'time_iter': 0.01718, 'accuracy': 0.1619, 'f1': 0.08711, 'auc': 0.84052}
> Epoch 44: took 6.8s (avg 5.5s) | Best so far: epoch 34	train_loss: 0.8174 train_accuracy: 0.7246	val_loss: 3.1447 val_accuracy: 0.3191	test_loss: 3.6706 test_accuracy: 0.1643	F1: 0.1318 Prec: 0.2310 Rec: 0.1643
train: {'epoch': 45, 'time_epoch': 6.02523, 'eta': 1009.11044, 'eta_hours': 0.28031, 'loss': 0.72065648, 'lr': 0.00092216, 'params': 284917, 'time_iter': 0.03443, 'accuracy': 0.75341, 'f1': 0.75251, 'auc': 0.98561}
val: {'epoch': 45, 'time_epoch': 0.19103, 'loss': 5.48438227, 'lr': 0, 'params': 284917, 'time_iter': 0.01365, 'accuracy': 0.09762, 'f1': 0.06871, 'auc': 0.74388}
test: {'epoch': 45, 'time_epoch': 0.16894, 'loss': 5.60338431, 'lr': 0, 'params': 284917, 'time_iter': 0.01207, 'accuracy': 0.09762, 'f1': 0.06338, 'auc': 0.75008}
> Epoch 45: took 6.6s (avg 5.5s) | Best so far: epoch 34	train_loss: 0.8174 train_accuracy: 0.7246	val_loss: 3.1447 val_accuracy: 0.3191	test_loss: 3.6706 test_accuracy: 0.1643	F1: 0.1318 Prec: 0.2310 Rec: 0.1643
train: {'epoch': 46, 'time_epoch': 6.01701, 'eta': 1008.78701, 'eta_hours': 0.28022, 'loss': 0.70576396, 'lr': 0.00091876, 'params': 284917, 'time_iter': 0.03438, 'accuracy': 0.76183, 'f1': 0.76123, 'auc': 0.98621}
val: {'epoch': 46, 'time_epoch': 0.221, 'loss': 6.09587446, 'lr': 0, 'params': 284917, 'time_iter': 0.01579, 'accuracy': 0.09524, 'f1': 0.04302, 'auc': 0.71068}
test: {'epoch': 46, 'time_epoch': 0.2468, 'loss': 4.98335131, 'lr': 0, 'params': 284917, 'time_iter': 0.01763, 'accuracy': 0.11429, 'f1': 0.05161, 'auc': 0.7701}
> Epoch 46: took 6.7s (avg 5.6s) | Best so far: epoch 34	train_loss: 0.8174 train_accuracy: 0.7246	val_loss: 3.1447 val_accuracy: 0.3191	test_loss: 3.6706 test_accuracy: 0.1643	F1: 0.1318 Prec: 0.2310 Rec: 0.1643
train: {'epoch': 47, 'time_epoch': 5.80271, 'eta': 1007.32449, 'eta_hours': 0.27981, 'loss': 0.69134716, 'lr': 0.0009153, 'params': 284917, 'time_iter': 0.03316, 'accuracy': 0.76075, 'f1': 0.76038, 'auc': 0.98699}
val: {'epoch': 47, 'time_epoch': 0.23559, 'loss': 5.3779007, 'lr': 0, 'params': 284917, 'time_iter': 0.01683, 'accuracy': 0.08095, 'f1': 0.08026, 'auc': 0.75689}
test: {'epoch': 47, 'time_epoch': 0.25704, 'loss': 5.7283186, 'lr': 0, 'params': 284917, 'time_iter': 0.01836, 'accuracy': 0.13333, 'f1': 0.06117, 'auc': 0.80208}
> Epoch 47: took 6.5s (avg 5.6s) | Best so far: epoch 34	train_loss: 0.8174 train_accuracy: 0.7246	val_loss: 3.1447 val_accuracy: 0.3191	test_loss: 3.6706 test_accuracy: 0.1643	F1: 0.1318 Prec: 0.2310 Rec: 0.1643
train: {'epoch': 48, 'time_epoch': 7.24752, 'eta': 1011.61149, 'eta_hours': 0.281, 'loss': 0.69479863, 'lr': 0.00091177, 'params': 284917, 'time_iter': 0.04141, 'accuracy': 0.76434, 'f1': 0.76394, 'auc': 0.98672}
val: {'epoch': 48, 'time_epoch': 0.29846, 'loss': 3.58388235, 'lr': 0, 'params': 284917, 'time_iter': 0.02132, 'accuracy': 0.21667, 'f1': 0.18128, 'auc': 0.85541}
test: {'epoch': 48, 'time_epoch': 0.23407, 'loss': 3.72603916, 'lr': 0, 'params': 284917, 'time_iter': 0.01672, 'accuracy': 0.19286, 'f1': 0.10347, 'auc': 0.881}
> Epoch 48: took 8.0s (avg 5.6s) | Best so far: epoch 34	train_loss: 0.8174 train_accuracy: 0.7246	val_loss: 3.1447 val_accuracy: 0.3191	test_loss: 3.6706 test_accuracy: 0.1643	F1: 0.1318 Prec: 0.2310 Rec: 0.1643
train: {'epoch': 49, 'time_epoch': 5.7785, 'eta': 1009.56102, 'eta_hours': 0.28043, 'loss': 0.66072798, 'lr': 0.00090817, 'params': 284917, 'time_iter': 0.03302, 'accuracy': 0.77814, 'f1': 0.77776, 'auc': 0.98783}
val: {'epoch': 49, 'time_epoch': 0.21651, 'loss': 13.45016663, 'lr': 0, 'params': 284917, 'time_iter': 0.01546, 'accuracy': 0.10476, 'f1': 0.0551, 'auc': 0.66501}
test: {'epoch': 49, 'time_epoch': 0.22881, 'loss': 10.39887574, 'lr': 0, 'params': 284917, 'time_iter': 0.01634, 'accuracy': 0.10476, 'f1': 0.03634, 'auc': 0.72037}
> Epoch 49: took 6.4s (avg 5.6s) | Best so far: epoch 34	train_loss: 0.8174 train_accuracy: 0.7246	val_loss: 3.1447 val_accuracy: 0.3191	test_loss: 3.6706 test_accuracy: 0.1643	F1: 0.1318 Prec: 0.2310 Rec: 0.1643
train: {'epoch': 50, 'time_epoch': 5.83517, 'eta': 1007.58547, 'eta_hours': 0.27988, 'loss': 0.66731167, 'lr': 0.00090451, 'params': 284917, 'time_iter': 0.03334, 'accuracy': 0.77222, 'f1': 0.77183, 'auc': 0.98767}
val: {'epoch': 50, 'time_epoch': 0.24644, 'loss': 2.73192114, 'lr': 0, 'params': 284917, 'time_iter': 0.0176, 'accuracy': 0.31905, 'f1': 0.29036, 'auc': 0.8656}
test: {'epoch': 50, 'time_epoch': 0.2298, 'loss': 3.5243511, 'lr': 0, 'params': 284917, 'time_iter': 0.01641, 'accuracy': 0.21905, 'f1': 0.15419, 'auc': 0.86613}
> Epoch 50: took 6.5s (avg 5.7s) | Best so far: epoch 34	train_loss: 0.8174 train_accuracy: 0.7246	val_loss: 3.1447 val_accuracy: 0.3191	test_loss: 3.6706 test_accuracy: 0.1643	F1: 0.1318 Prec: 0.2310 Rec: 0.1643
train: {'epoch': 51, 'time_epoch': 5.44585, 'eta': 1003.97908, 'eta_hours': 0.27888, 'loss': 0.65364707, 'lr': 0.00090078, 'params': 284917, 'time_iter': 0.03112, 'accuracy': 0.78262, 'f1': 0.78225, 'auc': 0.98814}
val: {'epoch': 51, 'time_epoch': 0.25572, 'loss': 3.6475368, 'lr': 0, 'params': 284917, 'time_iter': 0.01827, 'accuracy': 0.22143, 'f1': 0.20489, 'auc': 0.82077}
test: {'epoch': 51, 'time_epoch': 0.26757, 'loss': 4.35311258, 'lr': 0, 'params': 284917, 'time_iter': 0.01911, 'accuracy': 0.16429, 'f1': 0.12477, 'auc': 0.82046}
> Epoch 51: took 6.2s (avg 5.7s) | Best so far: epoch 34	train_loss: 0.8174 train_accuracy: 0.7246	val_loss: 3.1447 val_accuracy: 0.3191	test_loss: 3.6706 test_accuracy: 0.1643	F1: 0.1318 Prec: 0.2310 Rec: 0.1643
train: {'epoch': 52, 'time_epoch': 5.31825, 'eta': 999.829, 'eta_hours': 0.27773, 'loss': 0.67214316, 'lr': 0.000897, 'params': 284917, 'time_iter': 0.03039, 'accuracy': 0.77939, 'f1': 0.77912, 'auc': 0.98739}
val: {'epoch': 52, 'time_epoch': 0.24123, 'loss': 10.36195589, 'lr': 0, 'params': 284917, 'time_iter': 0.01723, 'accuracy': 0.10238, 'f1': 0.06429, 'auc': 0.66225}
test: {'epoch': 52, 'time_epoch': 0.24107, 'loss': 7.68922056, 'lr': 0, 'params': 284917, 'time_iter': 0.01722, 'accuracy': 0.14048, 'f1': 0.08059, 'auc': 0.72739}
> Epoch 52: took 6.0s (avg 5.7s) | Best so far: epoch 34	train_loss: 0.8174 train_accuracy: 0.7246	val_loss: 3.1447 val_accuracy: 0.3191	test_loss: 3.6706 test_accuracy: 0.1643	F1: 0.1318 Prec: 0.2310 Rec: 0.1643
train: {'epoch': 53, 'time_epoch': 6.60692, 'eta': 1000.31304, 'eta_hours': 0.27786, 'loss': 0.64399362, 'lr': 0.00089314, 'params': 284917, 'time_iter': 0.03775, 'accuracy': 0.78315, 'f1': 0.78292, 'auc': 0.98869}
val: {'epoch': 53, 'time_epoch': 0.25675, 'loss': 4.09186605, 'lr': 0, 'params': 284917, 'time_iter': 0.01834, 'accuracy': 0.25714, 'f1': 0.19001, 'auc': 0.82202}
test: {'epoch': 53, 'time_epoch': 0.20299, 'loss': 3.61556831, 'lr': 0, 'params': 284917, 'time_iter': 0.0145, 'accuracy': 0.19048, 'f1': 0.14714, 'auc': 0.86114}
> Epoch 53: took 7.3s (avg 5.7s) | Best so far: epoch 34	train_loss: 0.8174 train_accuracy: 0.7246	val_loss: 3.1447 val_accuracy: 0.3191	test_loss: 3.6706 test_accuracy: 0.1643	F1: 0.1318 Prec: 0.2310 Rec: 0.1643
train: {'epoch': 54, 'time_epoch': 5.69556, 'eta': 997.30802, 'eta_hours': 0.27703, 'loss': 0.64112858, 'lr': 0.00088923, 'params': 284917, 'time_iter': 0.03255, 'accuracy': 0.78781, 'f1': 0.78759, 'auc': 0.98859}
val: {'epoch': 54, 'time_epoch': 0.2268, 'loss': 5.39675641, 'lr': 0, 'params': 284917, 'time_iter': 0.0162, 'accuracy': 0.11905, 'f1': 0.08939, 'auc': 0.76257}
test: {'epoch': 54, 'time_epoch': 0.23343, 'loss': 5.24429216, 'lr': 0, 'params': 284917, 'time_iter': 0.01667, 'accuracy': 0.1381, 'f1': 0.0659, 'auc': 0.76988}
> Epoch 54: took 6.3s (avg 5.7s) | Best so far: epoch 34	train_loss: 0.8174 train_accuracy: 0.7246	val_loss: 3.1447 val_accuracy: 0.3191	test_loss: 3.6706 test_accuracy: 0.1643	F1: 0.1318 Prec: 0.2310 Rec: 0.1643
train: {'epoch': 55, 'time_epoch': 5.87291, 'eta': 994.82133, 'eta_hours': 0.27634, 'loss': 0.62310471, 'lr': 0.00088526, 'params': 284917, 'time_iter': 0.03356, 'accuracy': 0.78495, 'f1': 0.78473, 'auc': 0.9893}
val: {'epoch': 55, 'time_epoch': 0.24014, 'loss': 4.78444422, 'lr': 0, 'params': 284917, 'time_iter': 0.01715, 'accuracy': 0.15952, 'f1': 0.13008, 'auc': 0.77696}
test: {'epoch': 55, 'time_epoch': 0.22725, 'loss': 5.2048254, 'lr': 0, 'params': 284917, 'time_iter': 0.01623, 'accuracy': 0.10476, 'f1': 0.02946, 'auc': 0.79821}
> Epoch 55: took 6.5s (avg 5.7s) | Best so far: epoch 34	train_loss: 0.8174 train_accuracy: 0.7246	val_loss: 3.1447 val_accuracy: 0.3191	test_loss: 3.6706 test_accuracy: 0.1643	F1: 0.1318 Prec: 0.2310 Rec: 0.1643
train: {'epoch': 56, 'time_epoch': 6.04749, 'eta': 992.80694, 'eta_hours': 0.27578, 'loss': 0.62177189, 'lr': 0.00088122, 'params': 284917, 'time_iter': 0.03456, 'accuracy': 0.78817, 'f1': 0.78788, 'auc': 0.98945}
val: {'epoch': 56, 'time_epoch': 0.25624, 'loss': 3.49843293, 'lr': 0, 'params': 284917, 'time_iter': 0.0183, 'accuracy': 0.2119, 'f1': 0.19094, 'auc': 0.82888}
test: {'epoch': 56, 'time_epoch': 0.21617, 'loss': 4.27489711, 'lr': 0, 'params': 284917, 'time_iter': 0.01544, 'accuracy': 0.19524, 'f1': 0.14625, 'auc': 0.82393}
> Epoch 56: took 6.7s (avg 5.8s) | Best so far: epoch 34	train_loss: 0.8174 train_accuracy: 0.7246	val_loss: 3.1447 val_accuracy: 0.3191	test_loss: 3.6706 test_accuracy: 0.1643	F1: 0.1318 Prec: 0.2310 Rec: 0.1643
train: {'epoch': 57, 'time_epoch': 6.32618, 'eta': 991.57603, 'eta_hours': 0.27544, 'loss': 0.61656082, 'lr': 0.00087713, 'params': 284917, 'time_iter': 0.03615, 'accuracy': 0.79731, 'f1': 0.79701, 'auc': 0.98952}
val: {'epoch': 57, 'time_epoch': 0.21491, 'loss': 6.17379479, 'lr': 0, 'params': 284917, 'time_iter': 0.01535, 'accuracy': 0.1, 'f1': 0.05551, 'auc': 0.73201}
test: {'epoch': 57, 'time_epoch': 0.20461, 'loss': 5.38693373, 'lr': 0, 'params': 284917, 'time_iter': 0.01462, 'accuracy': 0.10238, 'f1': 0.03083, 'auc': 0.76564}
> Epoch 57: took 7.0s (avg 5.8s) | Best so far: epoch 34	train_loss: 0.8174 train_accuracy: 0.7246	val_loss: 3.1447 val_accuracy: 0.3191	test_loss: 3.6706 test_accuracy: 0.1643	F1: 0.1318 Prec: 0.2310 Rec: 0.1643
train: {'epoch': 58, 'time_epoch': 6.54657, 'eta': 990.88588, 'eta_hours': 0.27525, 'loss': 0.62125589, 'lr': 0.00087297, 'params': 284917, 'time_iter': 0.03741, 'accuracy': 0.79176, 'f1': 0.79144, 'auc': 0.98939}
val: {'epoch': 58, 'time_epoch': 0.24014, 'loss': 8.77328695, 'lr': 0, 'params': 284917, 'time_iter': 0.01715, 'accuracy': 0.11905, 'f1': 0.08053, 'auc': 0.7014}
test: {'epoch': 58, 'time_epoch': 0.24704, 'loss': 7.21796262, 'lr': 0, 'params': 284917, 'time_iter': 0.01765, 'accuracy': 0.11667, 'f1': 0.04659, 'auc': 0.7566}
> Epoch 58: took 7.3s (avg 5.8s) | Best so far: epoch 34	train_loss: 0.8174 train_accuracy: 0.7246	val_loss: 3.1447 val_accuracy: 0.3191	test_loss: 3.6706 test_accuracy: 0.1643	F1: 0.1318 Prec: 0.2310 Rec: 0.1643
train: {'epoch': 59, 'time_epoch': 6.7387, 'eta': 990.60891, 'eta_hours': 0.27517, 'loss': 0.60666075, 'lr': 0.00086876, 'params': 284917, 'time_iter': 0.03851, 'accuracy': 0.79265, 'f1': 0.79215, 'auc': 0.98985}
val: {'epoch': 59, 'time_epoch': 0.20316, 'loss': 2.75175607, 'lr': 0, 'params': 284917, 'time_iter': 0.01451, 'accuracy': 0.32857, 'f1': 0.29555, 'auc': 0.87848}
test: {'epoch': 59, 'time_epoch': 0.18554, 'loss': 3.46312926, 'lr': 0, 'params': 284917, 'time_iter': 0.01325, 'accuracy': 0.26905, 'f1': 0.19217, 'auc': 0.8841}
[*] Confusion Matrix saved to: results_lopo_1.0/FQ_3m\Conf\confusion_matrix_epoch_59.png
> Epoch 59: took 7.3s (avg 5.8s) | Best so far: epoch 59	train_loss: 0.6067 train_accuracy: 0.7926	val_loss: 2.7518 val_accuracy: 0.3286	test_loss: 3.4631 test_accuracy: 0.2691	F1: 0.1922 Prec: 0.2571 Rec: 0.2690
train: {'epoch': 60, 'time_epoch': 5.78225, 'eta': 987.15666, 'eta_hours': 0.27421, 'loss': 0.58873782, 'lr': 0.00086448, 'params': 284917, 'time_iter': 0.03304, 'accuracy': 0.80197, 'f1': 0.80171, 'auc': 0.99044}
val: {'epoch': 60, 'time_epoch': 0.22019, 'loss': 7.096674, 'lr': 0, 'params': 284917, 'time_iter': 0.01573, 'accuracy': 0.10238, 'f1': 0.07214, 'auc': 0.75568}
test: {'epoch': 60, 'time_epoch': 0.23467, 'loss': 4.74405469, 'lr': 0, 'params': 284917, 'time_iter': 0.01676, 'accuracy': 0.18095, 'f1': 0.12288, 'auc': 0.81851}
> Epoch 60: took 6.4s (avg 5.8s) | Best so far: epoch 59	train_loss: 0.6067 train_accuracy: 0.7926	val_loss: 2.7518 val_accuracy: 0.3286	test_loss: 3.4631 test_accuracy: 0.2691	F1: 0.1922 Prec: 0.2571 Rec: 0.2690
train: {'epoch': 61, 'time_epoch': 5.80599, 'eta': 983.70124, 'eta_hours': 0.27325, 'loss': 0.60286729, 'lr': 0.00086015, 'params': 284917, 'time_iter': 0.03318, 'accuracy': 0.79821, 'f1': 0.79797, 'auc': 0.98963}
val: {'epoch': 61, 'time_epoch': 0.22767, 'loss': 3.7865878, 'lr': 0, 'params': 284917, 'time_iter': 0.01626, 'accuracy': 0.22381, 'f1': 0.16492, 'auc': 0.81804}
test: {'epoch': 61, 'time_epoch': 0.17563, 'loss': 4.01265527, 'lr': 0, 'params': 284917, 'time_iter': 0.01254, 'accuracy': 0.1119, 'f1': 0.08726, 'auc': 0.84599}
> Epoch 61: took 6.4s (avg 5.8s) | Best so far: epoch 59	train_loss: 0.6067 train_accuracy: 0.7926	val_loss: 2.7518 val_accuracy: 0.3286	test_loss: 3.4631 test_accuracy: 0.2691	F1: 0.1922 Prec: 0.2571 Rec: 0.2690
train: {'epoch': 62, 'time_epoch': 5.81491, 'eta': 980.19767, 'eta_hours': 0.27228, 'loss': 0.56920328, 'lr': 0.00085577, 'params': 284917, 'time_iter': 0.03323, 'accuracy': 0.80932, 'f1': 0.80926, 'auc': 0.99103}
val: {'epoch': 62, 'time_epoch': 0.27051, 'loss': 5.01188785, 'lr': 0, 'params': 284917, 'time_iter': 0.01932, 'accuracy': 0.16905, 'f1': 0.12107, 'auc': 0.75955}
test: {'epoch': 62, 'time_epoch': 0.23433, 'loss': 3.97026704, 'lr': 0, 'params': 284917, 'time_iter': 0.01674, 'accuracy': 0.22619, 'f1': 0.17418, 'auc': 0.79383}
> Epoch 62: took 6.5s (avg 5.9s) | Best so far: epoch 59	train_loss: 0.6067 train_accuracy: 0.7926	val_loss: 2.7518 val_accuracy: 0.3286	test_loss: 3.4631 test_accuracy: 0.2691	F1: 0.1922 Prec: 0.2571 Rec: 0.2690
train: {'epoch': 63, 'time_epoch': 5.41275, 'eta': 975.4531, 'eta_hours': 0.27096, 'loss': 0.58335694, 'lr': 0.00085132, 'params': 284917, 'time_iter': 0.03093, 'accuracy': 0.79964, 'f1': 0.79938, 'auc': 0.99068}
val: {'epoch': 63, 'time_epoch': 0.26372, 'loss': 5.66548203, 'lr': 0, 'params': 284917, 'time_iter': 0.01884, 'accuracy': 0.16429, 'f1': 0.11218, 'auc': 0.78818}
test: {'epoch': 63, 'time_epoch': 0.2932, 'loss': 3.96928596, 'lr': 0, 'params': 284917, 'time_iter': 0.02094, 'accuracy': 0.16429, 'f1': 0.12374, 'auc': 0.83425}
> Epoch 63: took 6.2s (avg 5.9s) | Best so far: epoch 59	train_loss: 0.6067 train_accuracy: 0.7926	val_loss: 2.7518 val_accuracy: 0.3286	test_loss: 3.4631 test_accuracy: 0.2691	F1: 0.1922 Prec: 0.2571 Rec: 0.2690
train: {'epoch': 64, 'time_epoch': 6.2828, 'eta': 973.16424, 'eta_hours': 0.27032, 'loss': 0.57538869, 'lr': 0.00084683, 'params': 284917, 'time_iter': 0.0359, 'accuracy': 0.80161, 'f1': 0.80128, 'auc': 0.99087}
val: {'epoch': 64, 'time_epoch': 0.21792, 'loss': 3.26882566, 'lr': 0, 'params': 284917, 'time_iter': 0.01557, 'accuracy': 0.2619, 'f1': 0.23777, 'auc': 0.84562}
test: {'epoch': 64, 'time_epoch': 0.24634, 'loss': 3.48218291, 'lr': 0, 'params': 284917, 'time_iter': 0.0176, 'accuracy': 0.20714, 'f1': 0.1587, 'auc': 0.8541}
> Epoch 64: took 7.0s (avg 5.9s) | Best so far: epoch 59	train_loss: 0.6067 train_accuracy: 0.7926	val_loss: 2.7518 val_accuracy: 0.3286	test_loss: 3.4631 test_accuracy: 0.2691	F1: 0.1922 Prec: 0.2571 Rec: 0.2690
train: {'epoch': 65, 'time_epoch': 6.1825, 'eta': 970.47474, 'eta_hours': 0.26958, 'loss': 0.55022585, 'lr': 0.00084227, 'params': 284917, 'time_iter': 0.03533, 'accuracy': 0.81452, 'f1': 0.81412, 'auc': 0.99138}
val: {'epoch': 65, 'time_epoch': 0.18873, 'loss': 3.31462354, 'lr': 0, 'params': 284917, 'time_iter': 0.01348, 'accuracy': 0.29286, 'f1': 0.24524, 'auc': 0.85186}
test: {'epoch': 65, 'time_epoch': 0.2372, 'loss': 3.0212011, 'lr': 0, 'params': 284917, 'time_iter': 0.01694, 'accuracy': 0.23095, 'f1': 0.19461, 'auc': 0.8794}
> Epoch 65: took 6.8s (avg 5.9s) | Best so far: epoch 59	train_loss: 0.6067 train_accuracy: 0.7926	val_loss: 2.7518 val_accuracy: 0.3286	test_loss: 3.4631 test_accuracy: 0.2691	F1: 0.1922 Prec: 0.2571 Rec: 0.2690
train: {'epoch': 66, 'time_epoch': 6.21953, 'eta': 967.78211, 'eta_hours': 0.26883, 'loss': 0.5471099, 'lr': 0.00083767, 'params': 284917, 'time_iter': 0.03554, 'accuracy': 0.81667, 'f1': 0.81655, 'auc': 0.99174}
val: {'epoch': 66, 'time_epoch': 0.2279, 'loss': 6.01427476, 'lr': 0, 'params': 284917, 'time_iter': 0.01628, 'accuracy': 0.14524, 'f1': 0.10531, 'auc': 0.80556}
test: {'epoch': 66, 'time_epoch': 0.20175, 'loss': 5.2245113, 'lr': 0, 'params': 284917, 'time_iter': 0.01441, 'accuracy': 0.15238, 'f1': 0.0974, 'auc': 0.81265}
> Epoch 66: took 6.9s (avg 5.9s) | Best so far: epoch 59	train_loss: 0.6067 train_accuracy: 0.7926	val_loss: 2.7518 val_accuracy: 0.3286	test_loss: 3.4631 test_accuracy: 0.2691	F1: 0.1922 Prec: 0.2571 Rec: 0.2690
train: {'epoch': 67, 'time_epoch': 5.66661, 'eta': 963.50588, 'eta_hours': 0.26764, 'loss': 0.56114989, 'lr': 0.00083301, 'params': 284917, 'time_iter': 0.03238, 'accuracy': 0.81165, 'f1': 0.81124, 'auc': 0.99115}
val: {'epoch': 67, 'time_epoch': 0.26398, 'loss': 6.54151043, 'lr': 0, 'params': 284917, 'time_iter': 0.01886, 'accuracy': 0.18095, 'f1': 0.13701, 'auc': 0.73642}
test: {'epoch': 67, 'time_epoch': 0.26756, 'loss': 6.33882684, 'lr': 0, 'params': 284917, 'time_iter': 0.01911, 'accuracy': 0.13095, 'f1': 0.08204, 'auc': 0.78148}
> Epoch 67: took 6.4s (avg 5.9s) | Best so far: epoch 59	train_loss: 0.6067 train_accuracy: 0.7926	val_loss: 2.7518 val_accuracy: 0.3286	test_loss: 3.4631 test_accuracy: 0.2691	F1: 0.1922 Prec: 0.2571 Rec: 0.2690
train: {'epoch': 68, 'time_epoch': 4.98, 'eta': 957.38824, 'eta_hours': 0.26594, 'loss': 0.53761621, 'lr': 0.00082829, 'params': 284917, 'time_iter': 0.02846, 'accuracy': 0.81685, 'f1': 0.81668, 'auc': 0.99208}
val: {'epoch': 68, 'time_epoch': 0.08946, 'loss': 3.53869744, 'lr': 0, 'params': 284917, 'time_iter': 0.00639, 'accuracy': 0.29762, 'f1': 0.26273, 'auc': 0.86066}
test: {'epoch': 68, 'time_epoch': 0.08026, 'loss': 4.17839902, 'lr': 0, 'params': 284917, 'time_iter': 0.00573, 'accuracy': 0.23095, 'f1': 0.16431, 'auc': 0.86074}
> Epoch 68: took 5.2s (avg 5.9s) | Best so far: epoch 59	train_loss: 0.6067 train_accuracy: 0.7926	val_loss: 2.7518 val_accuracy: 0.3286	test_loss: 3.4631 test_accuracy: 0.2691	F1: 0.1922 Prec: 0.2571 Rec: 0.2690
train: {'epoch': 69, 'time_epoch': 1.95525, 'eta': 943.52516, 'eta_hours': 0.26209, 'loss': 0.51073102, 'lr': 0.00082353, 'params': 284917, 'time_iter': 0.01117, 'accuracy': 0.82796, 'f1': 0.8276, 'auc': 0.99277}
val: {'epoch': 69, 'time_epoch': 0.07811, 'loss': 9.50281727, 'lr': 0, 'params': 284917, 'time_iter': 0.00558, 'accuracy': 0.07143, 'f1': 0.03736, 'auc': 0.66213}
test: {'epoch': 69, 'time_epoch': 0.08317, 'loss': 7.55983569, 'lr': 0, 'params': 284917, 'time_iter': 0.00594, 'accuracy': 0.12619, 'f1': 0.0522, 'auc': 0.74835}
> Epoch 69: took 2.2s (avg 5.8s) | Best so far: epoch 59	train_loss: 0.6067 train_accuracy: 0.7926	val_loss: 2.7518 val_accuracy: 0.3286	test_loss: 3.4631 test_accuracy: 0.2691	F1: 0.1922 Prec: 0.2571 Rec: 0.2690
train: {'epoch': 70, 'time_epoch': 1.99687, 'eta': 930.10246, 'eta_hours': 0.25836, 'loss': 0.53502264, 'lr': 0.00081871, 'params': 284917, 'time_iter': 0.01141, 'accuracy': 0.81971, 'f1': 0.81931, 'auc': 0.99202}
val: {'epoch': 70, 'time_epoch': 0.08736, 'loss': 8.6204325, 'lr': 0, 'params': 284917, 'time_iter': 0.00624, 'accuracy': 0.1119, 'f1': 0.05773, 'auc': 0.70405}
test: {'epoch': 70, 'time_epoch': 0.08986, 'loss': 7.26616298, 'lr': 0, 'params': 284917, 'time_iter': 0.00642, 'accuracy': 0.16429, 'f1': 0.08358, 'auc': 0.7621}
> Epoch 70: took 2.3s (avg 5.8s) | Best so far: epoch 59	train_loss: 0.6067 train_accuracy: 0.7926	val_loss: 2.7518 val_accuracy: 0.3286	test_loss: 3.4631 test_accuracy: 0.2691	F1: 0.1922 Prec: 0.2571 Rec: 0.2690
train: {'epoch': 71, 'time_epoch': 2.31731, 'eta': 917.78934, 'eta_hours': 0.25494, 'loss': 0.5428873, 'lr': 0.00081385, 'params': 284917, 'time_iter': 0.01324, 'accuracy': 0.81559, 'f1': 0.81526, 'auc': 0.99179}
val: {'epoch': 71, 'time_epoch': 0.08608, 'loss': 6.26185754, 'lr': 0, 'params': 284917, 'time_iter': 0.00615, 'accuracy': 0.15952, 'f1': 0.11301, 'auc': 0.77365}
test: {'epoch': 71, 'time_epoch': 0.08169, 'loss': 7.45477404, 'lr': 0, 'params': 284917, 'time_iter': 0.00583, 'accuracy': 0.1119, 'f1': 0.04176, 'auc': 0.7439}
> Epoch 71: took 2.6s (avg 5.8s) | Best so far: epoch 59	train_loss: 0.6067 train_accuracy: 0.7926	val_loss: 2.7518 val_accuracy: 0.3286	test_loss: 3.4631 test_accuracy: 0.2691	F1: 0.1922 Prec: 0.2571 Rec: 0.2690
train: {'epoch': 72, 'time_epoch': 2.02065, 'eta': 905.03079, 'eta_hours': 0.2514, 'loss': 0.51766574, 'lr': 0.00080893, 'params': 284917, 'time_iter': 0.01155, 'accuracy': 0.82652, 'f1': 0.82643, 'auc': 0.99258}
val: {'epoch': 72, 'time_epoch': 0.08662, 'loss': 7.45345659, 'lr': 0, 'params': 284917, 'time_iter': 0.00619, 'accuracy': 0.08333, 'f1': 0.05851, 'auc': 0.72142}
test: {'epoch': 72, 'time_epoch': 0.08731, 'loss': 6.70604273, 'lr': 0, 'params': 284917, 'time_iter': 0.00624, 'accuracy': 0.10476, 'f1': 0.0388, 'auc': 0.76188}
> Epoch 72: took 2.3s (avg 5.7s) | Best so far: epoch 59	train_loss: 0.6067 train_accuracy: 0.7926	val_loss: 2.7518 val_accuracy: 0.3286	test_loss: 3.4631 test_accuracy: 0.2691	F1: 0.1922 Prec: 0.2571 Rec: 0.2690
train: {'epoch': 73, 'time_epoch': 2.06227, 'eta': 892.66142, 'eta_hours': 0.24796, 'loss': 0.526053, 'lr': 0.00080397, 'params': 284917, 'time_iter': 0.01178, 'accuracy': 0.82348, 'f1': 0.82323, 'auc': 0.9922}
val: {'epoch': 73, 'time_epoch': 0.08274, 'loss': 2.66431001, 'lr': 0, 'params': 284917, 'time_iter': 0.00591, 'accuracy': 0.32619, 'f1': 0.30534, 'auc': 0.87537}
test: {'epoch': 73, 'time_epoch': 0.08205, 'loss': 3.65461922, 'lr': 0, 'params': 284917, 'time_iter': 0.00586, 'accuracy': 0.2119, 'f1': 0.19211, 'auc': 0.86608}
> Epoch 73: took 2.3s (avg 5.7s) | Best so far: epoch 59	train_loss: 0.6067 train_accuracy: 0.7926	val_loss: 2.7518 val_accuracy: 0.3286	test_loss: 3.4631 test_accuracy: 0.2691	F1: 0.1922 Prec: 0.2571 Rec: 0.2690
train: {'epoch': 74, 'time_epoch': 1.94648, 'eta': 880.29674, 'eta_hours': 0.24453, 'loss': 0.53291869, 'lr': 0.00079895, 'params': 284917, 'time_iter': 0.01112, 'accuracy': 0.82168, 'f1': 0.8214, 'auc': 0.99198}
val: {'epoch': 74, 'time_epoch': 0.0858, 'loss': 6.55940522, 'lr': 0, 'params': 284917, 'time_iter': 0.00613, 'accuracy': 0.19048, 'f1': 0.13497, 'auc': 0.75678}
test: {'epoch': 74, 'time_epoch': 0.08395, 'loss': 5.36148131, 'lr': 0, 'params': 284917, 'time_iter': 0.006, 'accuracy': 0.13095, 'f1': 0.07572, 'auc': 0.80657}
> Epoch 74: took 2.2s (avg 5.6s) | Best so far: epoch 59	train_loss: 0.6067 train_accuracy: 0.7926	val_loss: 2.7518 val_accuracy: 0.3286	test_loss: 3.4631 test_accuracy: 0.2691	F1: 0.1922 Prec: 0.2571 Rec: 0.2690
train: {'epoch': 75, 'time_epoch': 2.14963, 'eta': 868.67134, 'eta_hours': 0.2413, 'loss': 0.5102173, 'lr': 0.00079389, 'params': 284917, 'time_iter': 0.01228, 'accuracy': 0.82222, 'f1': 0.82207, 'auc': 0.99315}
val: {'epoch': 75, 'time_epoch': 0.09211, 'loss': 4.68585088, 'lr': 0, 'params': 284917, 'time_iter': 0.00658, 'accuracy': 0.12619, 'f1': 0.10846, 'auc': 0.79461}
test: {'epoch': 75, 'time_epoch': 0.10432, 'loss': 6.67929021, 'lr': 0, 'params': 284917, 'time_iter': 0.00745, 'accuracy': 0.11905, 'f1': 0.05253, 'auc': 0.7633}
> Epoch 75: took 2.4s (avg 5.6s) | Best so far: epoch 59	train_loss: 0.6067 train_accuracy: 0.7926	val_loss: 2.7518 val_accuracy: 0.3286	test_loss: 3.4631 test_accuracy: 0.2691	F1: 0.1922 Prec: 0.2571 Rec: 0.2690
train: {'epoch': 76, 'time_epoch': 2.03257, 'eta': 857.02905, 'eta_hours': 0.23806, 'loss': 0.47627158, 'lr': 0.00078879, 'params': 284917, 'time_iter': 0.01161, 'accuracy': 0.84032, 'f1': 0.84019, 'auc': 0.99366}
val: {'epoch': 76, 'time_epoch': 0.08044, 'loss': 4.65577476, 'lr': 0, 'params': 284917, 'time_iter': 0.00575, 'accuracy': 0.17143, 'f1': 0.12507, 'auc': 0.80406}
test: {'epoch': 76, 'time_epoch': 0.08389, 'loss': 4.50698064, 'lr': 0, 'params': 284917, 'time_iter': 0.00599, 'accuracy': 0.14762, 'f1': 0.10251, 'auc': 0.81579}
> Epoch 76: took 2.3s (avg 5.5s) | Best so far: epoch 59	train_loss: 0.6067 train_accuracy: 0.7926	val_loss: 2.7518 val_accuracy: 0.3286	test_loss: 3.4631 test_accuracy: 0.2691	F1: 0.1922 Prec: 0.2571 Rec: 0.2690
train: {'epoch': 77, 'time_epoch': 2.02849, 'eta': 845.62416, 'eta_hours': 0.2349, 'loss': 0.49301944, 'lr': 0.00078363, 'params': 284917, 'time_iter': 0.01159, 'accuracy': 0.83351, 'f1': 0.83343, 'auc': 0.99338}
val: {'epoch': 77, 'time_epoch': 0.08761, 'loss': 2.92632824, 'lr': 0, 'params': 284917, 'time_iter': 0.00626, 'accuracy': 0.33571, 'f1': 0.30727, 'auc': 0.8666}
test: {'epoch': 77, 'time_epoch': 0.07982, 'loss': 3.05955306, 'lr': 0, 'params': 284917, 'time_iter': 0.0057, 'accuracy': 0.26905, 'f1': 0.20898, 'auc': 0.8912}
[*] Confusion Matrix saved to: results_lopo_1.0/FQ_3m\Conf\confusion_matrix_epoch_77.png
> Epoch 77: took 2.3s (avg 5.5s) | Best so far: epoch 77	train_loss: 0.4930 train_accuracy: 0.8335	val_loss: 2.9263 val_accuracy: 0.3357	test_loss: 3.0596 test_accuracy: 0.2691	F1: 0.2090 Prec: 0.2257 Rec: 0.2690
train: {'epoch': 78, 'time_epoch': 2.05833, 'eta': 834.52125, 'eta_hours': 0.23181, 'loss': 0.49366289, 'lr': 0.00077844, 'params': 284917, 'time_iter': 0.01176, 'accuracy': 0.83656, 'f1': 0.8363, 'auc': 0.99314}
val: {'epoch': 78, 'time_epoch': 0.07941, 'loss': 5.48404309, 'lr': 0, 'params': 284917, 'time_iter': 0.00567, 'accuracy': 0.17619, 'f1': 0.11966, 'auc': 0.79579}
test: {'epoch': 78, 'time_epoch': 0.07463, 'loss': 5.55191338, 'lr': 0, 'params': 284917, 'time_iter': 0.00533, 'accuracy': 0.22143, 'f1': 0.13956, 'auc': 0.85215}
> Epoch 78: took 2.3s (avg 5.4s) | Best so far: epoch 77	train_loss: 0.4930 train_accuracy: 0.8335	val_loss: 2.9263 val_accuracy: 0.3357	test_loss: 3.0596 test_accuracy: 0.2691	F1: 0.2090 Prec: 0.2257 Rec: 0.2690
train: {'epoch': 79, 'time_epoch': 1.9404, 'eta': 823.39384, 'eta_hours': 0.22872, 'loss': 0.51059446, 'lr': 0.0007732, 'params': 284917, 'time_iter': 0.01109, 'accuracy': 0.82993, 'f1': 0.82977, 'auc': 0.99283}
val: {'epoch': 79, 'time_epoch': 0.09999, 'loss': 6.97900656, 'lr': 0, 'params': 284917, 'time_iter': 0.00714, 'accuracy': 0.09762, 'f1': 0.06172, 'auc': 0.71561}
test: {'epoch': 79, 'time_epoch': 0.08107, 'loss': 7.6617949, 'lr': 0, 'params': 284917, 'time_iter': 0.00579, 'accuracy': 0.15476, 'f1': 0.11449, 'auc': 0.76681}
> Epoch 79: took 2.2s (avg 5.4s) | Best so far: epoch 77	train_loss: 0.4930 train_accuracy: 0.8335	val_loss: 2.9263 val_accuracy: 0.3357	test_loss: 3.0596 test_accuracy: 0.2691	F1: 0.2090 Prec: 0.2257 Rec: 0.2690
train: {'epoch': 80, 'time_epoch': 2.21438, 'eta': 813.06492, 'eta_hours': 0.22585, 'loss': 0.46861456, 'lr': 0.00076791, 'params': 284917, 'time_iter': 0.01265, 'accuracy': 0.84373, 'f1': 0.84333, 'auc': 0.99389}
val: {'epoch': 80, 'time_epoch': 0.08603, 'loss': 5.66856925, 'lr': 0, 'params': 284917, 'time_iter': 0.00614, 'accuracy': 0.2, 'f1': 0.13167, 'auc': 0.78571}
test: {'epoch': 80, 'time_epoch': 0.07898, 'loss': 4.60931012, 'lr': 0, 'params': 284917, 'time_iter': 0.00564, 'accuracy': 0.12619, 'f1': 0.10082, 'auc': 0.80272}
> Epoch 80: took 2.5s (avg 5.4s) | Best so far: epoch 77	train_loss: 0.4930 train_accuracy: 0.8335	val_loss: 2.9263 val_accuracy: 0.3357	test_loss: 3.0596 test_accuracy: 0.2691	F1: 0.2090 Prec: 0.2257 Rec: 0.2690
train: {'epoch': 81, 'time_epoch': 2.05273, 'eta': 802.60273, 'eta_hours': 0.22295, 'loss': 0.47527772, 'lr': 0.00076259, 'params': 284917, 'time_iter': 0.01173, 'accuracy': 0.83871, 'f1': 0.83835, 'auc': 0.9938}
val: {'epoch': 81, 'time_epoch': 0.11474, 'loss': 3.88043038, 'lr': 0, 'params': 284917, 'time_iter': 0.0082, 'accuracy': 0.29286, 'f1': 0.22243, 'auc': 0.85093}
test: {'epoch': 81, 'time_epoch': 0.09073, 'loss': 3.72712715, 'lr': 0, 'params': 284917, 'time_iter': 0.00648, 'accuracy': 0.21667, 'f1': 0.15382, 'auc': 0.8839}
> Epoch 81: took 2.4s (avg 5.3s) | Best so far: epoch 77	train_loss: 0.4930 train_accuracy: 0.8335	val_loss: 2.9263 val_accuracy: 0.3357	test_loss: 3.0596 test_accuracy: 0.2691	F1: 0.2090 Prec: 0.2257 Rec: 0.2690
train: {'epoch': 82, 'time_epoch': 3.00419, 'eta': 794.25755, 'eta_hours': 0.22063, 'loss': 0.47633491, 'lr': 0.00075722, 'params': 284917, 'time_iter': 0.01717, 'accuracy': 0.84373, 'f1': 0.84355, 'auc': 0.99357}
val: {'epoch': 82, 'time_epoch': 0.14848, 'loss': 4.97150749, 'lr': 0, 'params': 284917, 'time_iter': 0.01061, 'accuracy': 0.2619, 'f1': 0.19961, 'auc': 0.79234}
test: {'epoch': 82, 'time_epoch': 0.15886, 'loss': 4.50999026, 'lr': 0, 'params': 284917, 'time_iter': 0.01135, 'accuracy': 0.16667, 'f1': 0.1061, 'auc': 0.81817}
> Epoch 82: took 3.4s (avg 5.3s) | Best so far: epoch 77	train_loss: 0.4930 train_accuracy: 0.8335	val_loss: 2.9263 val_accuracy: 0.3357	test_loss: 3.0596 test_accuracy: 0.2691	F1: 0.2090 Prec: 0.2257 Rec: 0.2690
train: {'epoch': 83, 'time_epoch': 5.01124, 'eta': 790.00585, 'eta_hours': 0.21945, 'loss': 0.46105249, 'lr': 0.00075181, 'params': 284917, 'time_iter': 0.02864, 'accuracy': 0.84498, 'f1': 0.84478, 'auc': 0.99411}
val: {'epoch': 83, 'time_epoch': 0.27409, 'loss': 2.88998609, 'lr': 0, 'params': 284917, 'time_iter': 0.01958, 'accuracy': 0.37857, 'f1': 0.33342, 'auc': 0.88749}
test: {'epoch': 83, 'time_epoch': 0.19643, 'loss': 4.08344103, 'lr': 0, 'params': 284917, 'time_iter': 0.01403, 'accuracy': 0.17857, 'f1': 0.11486, 'auc': 0.85974}
[*] Confusion Matrix saved to: results_lopo_1.0/FQ_3m\Conf\confusion_matrix_epoch_83.png
> Epoch 83: took 5.7s (avg 5.3s) | Best so far: epoch 83	train_loss: 0.4611 train_accuracy: 0.8450	val_loss: 2.8900 val_accuracy: 0.3786	test_loss: 4.0834 test_accuracy: 0.1786	F1: 0.1149 Prec: 0.1688 Rec: 0.1786
train: {'epoch': 84, 'time_epoch': 5.57749, 'eta': 786.83547, 'eta_hours': 0.21857, 'loss': 0.45724097, 'lr': 0.00074636, 'params': 284917, 'time_iter': 0.03187, 'accuracy': 0.8448, 'f1': 0.8447, 'auc': 0.99425}
val: {'epoch': 84, 'time_epoch': 0.2142, 'loss': 3.43877901, 'lr': 0, 'params': 284917, 'time_iter': 0.0153, 'accuracy': 0.31905, 'f1': 0.26258, 'auc': 0.85171}
test: {'epoch': 84, 'time_epoch': 0.20675, 'loss': 2.83665629, 'lr': 0, 'params': 284917, 'time_iter': 0.01477, 'accuracy': 0.21905, 'f1': 0.2051, 'auc': 0.88643}
> Epoch 84: took 6.2s (avg 5.3s) | Best so far: epoch 83	train_loss: 0.4611 train_accuracy: 0.8450	val_loss: 2.8900 val_accuracy: 0.3786	test_loss: 4.0834 test_accuracy: 0.1786	F1: 0.1149 Prec: 0.1688 Rec: 0.1786
train: {'epoch': 85, 'time_epoch': 5.0638, 'eta': 782.62951, 'eta_hours': 0.2174, 'loss': 0.45888025, 'lr': 0.00074088, 'params': 284917, 'time_iter': 0.02894, 'accuracy': 0.84606, 'f1': 0.84586, 'auc': 0.9942}
val: {'epoch': 85, 'time_epoch': 0.19726, 'loss': 3.80461924, 'lr': 0, 'params': 284917, 'time_iter': 0.01409, 'accuracy': 0.20476, 'f1': 0.17264, 'auc': 0.83112}
test: {'epoch': 85, 'time_epoch': 0.21367, 'loss': 4.72234869, 'lr': 0, 'params': 284917, 'time_iter': 0.01526, 'accuracy': 0.16905, 'f1': 0.10185, 'auc': 0.82612}
> Epoch 85: took 5.7s (avg 5.3s) | Best so far: epoch 83	train_loss: 0.4611 train_accuracy: 0.8450	val_loss: 2.8900 val_accuracy: 0.3786	test_loss: 4.0834 test_accuracy: 0.1786	F1: 0.1149 Prec: 0.1688 Rec: 0.1786
train: {'epoch': 86, 'time_epoch': 5.39696, 'eta': 779.02803, 'eta_hours': 0.2164, 'loss': 0.43749297, 'lr': 0.00073535, 'params': 284917, 'time_iter': 0.03084, 'accuracy': 0.85376, 'f1': 0.85366, 'auc': 0.99447}
val: {'epoch': 86, 'time_epoch': 0.28084, 'loss': 4.2044815, 'lr': 0, 'params': 284917, 'time_iter': 0.02006, 'accuracy': 0.1881, 'f1': 0.16448, 'auc': 0.80982}
test: {'epoch': 86, 'time_epoch': 0.24728, 'loss': 6.21577401, 'lr': 0, 'params': 284917, 'time_iter': 0.01766, 'accuracy': 0.17619, 'f1': 0.10608, 'auc': 0.80488}
> Epoch 86: took 6.2s (avg 5.3s) | Best so far: epoch 83	train_loss: 0.4611 train_accuracy: 0.8450	val_loss: 2.8900 val_accuracy: 0.3786	test_loss: 4.0834 test_accuracy: 0.1786	F1: 0.1149 Prec: 0.1688 Rec: 0.1786
train: {'epoch': 87, 'time_epoch': 5.40174, 'eta': 775.39456, 'eta_hours': 0.21539, 'loss': 0.46311159, 'lr': 0.00072979, 'params': 284917, 'time_iter': 0.03087, 'accuracy': 0.84677, 'f1': 0.84663, 'auc': 0.99387}
val: {'epoch': 87, 'time_epoch': 0.24726, 'loss': 3.89138473, 'lr': 0, 'params': 284917, 'time_iter': 0.01766, 'accuracy': 0.19762, 'f1': 0.16109, 'auc': 0.83115}
test: {'epoch': 87, 'time_epoch': 0.28603, 'loss': 4.31409159, 'lr': 0, 'params': 284917, 'time_iter': 0.02043, 'accuracy': 0.19048, 'f1': 0.14186, 'auc': 0.83127}
> Epoch 87: took 6.1s (avg 5.3s) | Best so far: epoch 83	train_loss: 0.4611 train_accuracy: 0.8450	val_loss: 2.8900 val_accuracy: 0.3786	test_loss: 4.0834 test_accuracy: 0.1786	F1: 0.1149 Prec: 0.1688 Rec: 0.1786
train: {'epoch': 88, 'time_epoch': 5.4381, 'eta': 771.78712, 'eta_hours': 0.21439, 'loss': 0.44408482, 'lr': 0.00072419, 'params': 284917, 'time_iter': 0.03107, 'accuracy': 0.85717, 'f1': 0.85706, 'auc': 0.99436}
val: {'epoch': 88, 'time_epoch': 0.2171, 'loss': 3.13786579, 'lr': 0, 'params': 284917, 'time_iter': 0.01551, 'accuracy': 0.29524, 'f1': 0.26251, 'auc': 0.86499}
test: {'epoch': 88, 'time_epoch': 0.18272, 'loss': 3.88459474, 'lr': 0, 'params': 284917, 'time_iter': 0.01305, 'accuracy': 0.14524, 'f1': 0.12621, 'auc': 0.86631}
> Epoch 88: took 6.0s (avg 5.4s) | Best so far: epoch 83	train_loss: 0.4611 train_accuracy: 0.8450	val_loss: 2.8900 val_accuracy: 0.3786	test_loss: 4.0834 test_accuracy: 0.1786	F1: 0.1149 Prec: 0.1688 Rec: 0.1786
train: {'epoch': 89, 'time_epoch': 5.4488, 'eta': 768.15802, 'eta_hours': 0.21338, 'loss': 0.42666357, 'lr': 0.00071856, 'params': 284917, 'time_iter': 0.03114, 'accuracy': 0.86022, 'f1': 0.86016, 'auc': 0.99498}
val: {'epoch': 89, 'time_epoch': 0.28115, 'loss': 2.8920731, 'lr': 0, 'params': 284917, 'time_iter': 0.02008, 'accuracy': 0.29524, 'f1': 0.28867, 'auc': 0.86281}
test: {'epoch': 89, 'time_epoch': 0.23075, 'loss': 4.94507852, 'lr': 0, 'params': 284917, 'time_iter': 0.01648, 'accuracy': 0.20476, 'f1': 0.16101, 'auc': 0.84867}
> Epoch 89: took 6.2s (avg 5.4s) | Best so far: epoch 83	train_loss: 0.4611 train_accuracy: 0.8450	val_loss: 2.8900 val_accuracy: 0.3786	test_loss: 4.0834 test_accuracy: 0.1786	F1: 0.1149 Prec: 0.1688 Rec: 0.1786
train: {'epoch': 90, 'time_epoch': 5.55398, 'eta': 764.67269, 'eta_hours': 0.21241, 'loss': 0.44576563, 'lr': 0.00071289, 'params': 284917, 'time_iter': 0.03174, 'accuracy': 0.84892, 'f1': 0.8487, 'auc': 0.99447}
val: {'epoch': 90, 'time_epoch': 0.25047, 'loss': 2.52829998, 'lr': 0, 'params': 284917, 'time_iter': 0.01789, 'accuracy': 0.35238, 'f1': 0.32439, 'auc': 0.89718}
test: {'epoch': 90, 'time_epoch': 0.2218, 'loss': 3.46346544, 'lr': 0, 'params': 284917, 'time_iter': 0.01584, 'accuracy': 0.24524, 'f1': 0.18064, 'auc': 0.87756}
> Epoch 90: took 6.2s (avg 5.4s) | Best so far: epoch 83	train_loss: 0.4611 train_accuracy: 0.8450	val_loss: 2.8900 val_accuracy: 0.3786	test_loss: 4.0834 test_accuracy: 0.1786	F1: 0.1149 Prec: 0.1688 Rec: 0.1786
train: {'epoch': 91, 'time_epoch': 5.17768, 'eta': 760.49614, 'eta_hours': 0.21125, 'loss': 0.41159006, 'lr': 0.00070719, 'params': 284917, 'time_iter': 0.02959, 'accuracy': 0.86022, 'f1': 0.86028, 'auc': 0.99519}
val: {'epoch': 91, 'time_epoch': 0.26516, 'loss': 3.29276187, 'lr': 0, 'params': 284917, 'time_iter': 0.01894, 'accuracy': 0.33095, 'f1': 0.26854, 'auc': 0.87514}
test: {'epoch': 91, 'time_epoch': 0.2553, 'loss': 3.60086522, 'lr': 0, 'params': 284917, 'time_iter': 0.01824, 'accuracy': 0.22143, 'f1': 0.16902, 'auc': 0.88242}
> Epoch 91: took 5.9s (avg 5.4s) | Best so far: epoch 83	train_loss: 0.4611 train_accuracy: 0.8450	val_loss: 2.8900 val_accuracy: 0.3786	test_loss: 4.0834 test_accuracy: 0.1786	F1: 0.1149 Prec: 0.1688 Rec: 0.1786
train: {'epoch': 92, 'time_epoch': 5.74253, 'eta': 757.25163, 'eta_hours': 0.21035, 'loss': 0.43071505, 'lr': 0.00070145, 'params': 284917, 'time_iter': 0.03281, 'accuracy': 0.8552, 'f1': 0.85502, 'auc': 0.99472}
val: {'epoch': 92, 'time_epoch': 0.24089, 'loss': 5.47976438, 'lr': 0, 'params': 284917, 'time_iter': 0.01721, 'accuracy': 0.18333, 'f1': 0.15461, 'auc': 0.79523}
test: {'epoch': 92, 'time_epoch': 0.33543, 'loss': 4.87673652, 'lr': 0, 'params': 284917, 'time_iter': 0.02396, 'accuracy': 0.20714, 'f1': 0.15709, 'auc': 0.83056}
> Epoch 92: took 6.5s (avg 5.4s) | Best so far: epoch 83	train_loss: 0.4611 train_accuracy: 0.8450	val_loss: 2.8900 val_accuracy: 0.3786	test_loss: 4.0834 test_accuracy: 0.1786	F1: 0.1149 Prec: 0.1688 Rec: 0.1786
train: {'epoch': 93, 'time_epoch': 5.05178, 'eta': 752.80763, 'eta_hours': 0.20911, 'loss': 0.43758121, 'lr': 0.00069569, 'params': 284917, 'time_iter': 0.02887, 'accuracy': 0.85466, 'f1': 0.85464, 'auc': 0.99447}
val: {'epoch': 93, 'time_epoch': 0.25684, 'loss': 3.36558192, 'lr': 0, 'params': 284917, 'time_iter': 0.01835, 'accuracy': 0.29286, 'f1': 0.24841, 'auc': 0.86415}
test: {'epoch': 93, 'time_epoch': 0.23903, 'loss': 4.79803803, 'lr': 0, 'params': 284917, 'time_iter': 0.01707, 'accuracy': 0.1881, 'f1': 0.13084, 'auc': 0.83113}
> Epoch 93: took 5.7s (avg 5.4s) | Best so far: epoch 83	train_loss: 0.4611 train_accuracy: 0.8450	val_loss: 2.8900 val_accuracy: 0.3786	test_loss: 4.0834 test_accuracy: 0.1786	F1: 0.1149 Prec: 0.1688 Rec: 0.1786
train: {'epoch': 94, 'time_epoch': 5.46414, 'eta': 749.02362, 'eta_hours': 0.20806, 'loss': 0.4200227, 'lr': 0.00068989, 'params': 284917, 'time_iter': 0.03122, 'accuracy': 0.8586, 'f1': 0.8584, 'auc': 0.99502}
val: {'epoch': 94, 'time_epoch': 0.27361, 'loss': 5.6644048, 'lr': 0, 'params': 284917, 'time_iter': 0.01954, 'accuracy': 0.11667, 'f1': 0.07826, 'auc': 0.76674}
test: {'epoch': 94, 'time_epoch': 0.25382, 'loss': 5.99241728, 'lr': 0, 'params': 284917, 'time_iter': 0.01813, 'accuracy': 0.1381, 'f1': 0.05819, 'auc': 0.77395}
> Epoch 94: took 6.2s (avg 5.4s) | Best so far: epoch 83	train_loss: 0.4611 train_accuracy: 0.8450	val_loss: 2.8900 val_accuracy: 0.3786	test_loss: 4.0834 test_accuracy: 0.1786	F1: 0.1149 Prec: 0.1688 Rec: 0.1786
train: {'epoch': 95, 'time_epoch': 5.457, 'eta': 745.19315, 'eta_hours': 0.207, 'loss': 0.41063401, 'lr': 0.00068406, 'params': 284917, 'time_iter': 0.03118, 'accuracy': 0.86004, 'f1': 0.8598, 'auc': 0.9954}
val: {'epoch': 95, 'time_epoch': 0.28149, 'loss': 3.5087753, 'lr': 0, 'params': 284917, 'time_iter': 0.02011, 'accuracy': 0.29048, 'f1': 0.22758, 'auc': 0.85711}
test: {'epoch': 95, 'time_epoch': 0.24757, 'loss': 4.88105116, 'lr': 0, 'params': 284917, 'time_iter': 0.01768, 'accuracy': 0.18333, 'f1': 0.15135, 'auc': 0.82993}
> Epoch 95: took 6.2s (avg 5.4s) | Best so far: epoch 83	train_loss: 0.4611 train_accuracy: 0.8450	val_loss: 2.8900 val_accuracy: 0.3786	test_loss: 4.0834 test_accuracy: 0.1786	F1: 0.1149 Prec: 0.1688 Rec: 0.1786
train: {'epoch': 96, 'time_epoch': 5.10556, 'eta': 740.77482, 'eta_hours': 0.20577, 'loss': 0.41120314, 'lr': 0.00067821, 'params': 284917, 'time_iter': 0.02917, 'accuracy': 0.86201, 'f1': 0.86201, 'auc': 0.99528}
val: {'epoch': 96, 'time_epoch': 0.25255, 'loss': 4.41307502, 'lr': 0, 'params': 284917, 'time_iter': 0.01804, 'accuracy': 0.22381, 'f1': 0.192, 'auc': 0.81792}
test: {'epoch': 96, 'time_epoch': 0.27389, 'loss': 3.74523019, 'lr': 0, 'params': 284917, 'time_iter': 0.01956, 'accuracy': 0.2, 'f1': 0.14608, 'auc': 0.85077}
> Epoch 96: took 5.8s (avg 5.4s) | Best so far: epoch 83	train_loss: 0.4611 train_accuracy: 0.8450	val_loss: 2.8900 val_accuracy: 0.3786	test_loss: 4.0834 test_accuracy: 0.1786	F1: 0.1149 Prec: 0.1688 Rec: 0.1786
train: {'epoch': 97, 'time_epoch': 5.54998, 'eta': 737.03177, 'eta_hours': 0.20473, 'loss': 0.43916919, 'lr': 0.00067232, 'params': 284917, 'time_iter': 0.03171, 'accuracy': 0.85197, 'f1': 0.85182, 'auc': 0.99464}
val: {'epoch': 97, 'time_epoch': 0.18311, 'loss': 3.69155778, 'lr': 0, 'params': 284917, 'time_iter': 0.01308, 'accuracy': 0.27143, 'f1': 0.22905, 'auc': 0.83862}
test: {'epoch': 97, 'time_epoch': 0.172, 'loss': 4.49734895, 'lr': 0, 'params': 284917, 'time_iter': 0.01229, 'accuracy': 0.19286, 'f1': 0.14329, 'auc': 0.84697}
> Epoch 97: took 6.1s (avg 5.4s) | Best so far: epoch 83	train_loss: 0.4611 train_accuracy: 0.8450	val_loss: 2.8900 val_accuracy: 0.3786	test_loss: 4.0834 test_accuracy: 0.1786	F1: 0.1149 Prec: 0.1688 Rec: 0.1786
train: {'epoch': 98, 'time_epoch': 6.32451, 'eta': 734.43357, 'eta_hours': 0.20401, 'loss': 0.43590922, 'lr': 0.00066641, 'params': 284917, 'time_iter': 0.03614, 'accuracy': 0.85699, 'f1': 0.85691, 'auc': 0.99466}
val: {'epoch': 98, 'time_epoch': 0.27006, 'loss': 7.22417562, 'lr': 0, 'params': 284917, 'time_iter': 0.01929, 'accuracy': 0.18333, 'f1': 0.11862, 'auc': 0.7874}
test: {'epoch': 98, 'time_epoch': 0.28071, 'loss': 6.69254684, 'lr': 0, 'params': 284917, 'time_iter': 0.02005, 'accuracy': 0.16429, 'f1': 0.09794, 'auc': 0.79583}
> Epoch 98: took 7.1s (avg 5.4s) | Best so far: epoch 83	train_loss: 0.4611 train_accuracy: 0.8450	val_loss: 2.8900 val_accuracy: 0.3786	test_loss: 4.0834 test_accuracy: 0.1786	F1: 0.1149 Prec: 0.1688 Rec: 0.1786
train: {'epoch': 99, 'time_epoch': 5.52693, 'eta': 730.56447, 'eta_hours': 0.20293, 'loss': 0.40723152, 'lr': 0.00066047, 'params': 284917, 'time_iter': 0.03158, 'accuracy': 0.85932, 'f1': 0.85915, 'auc': 0.9954}
val: {'epoch': 99, 'time_epoch': 0.2806, 'loss': 2.8527919, 'lr': 0, 'params': 284917, 'time_iter': 0.02004, 'accuracy': 0.33095, 'f1': 0.29034, 'auc': 0.88729}
test: {'epoch': 99, 'time_epoch': 0.27781, 'loss': 3.68801967, 'lr': 0, 'params': 284917, 'time_iter': 0.01984, 'accuracy': 0.25714, 'f1': 0.20793, 'auc': 0.8883}
> Epoch 99: took 6.3s (avg 5.4s) | Best so far: epoch 83	train_loss: 0.4611 train_accuracy: 0.8450	val_loss: 2.8900 val_accuracy: 0.3786	test_loss: 4.0834 test_accuracy: 0.1786	F1: 0.1149 Prec: 0.1688 Rec: 0.1786
train: {'epoch': 100, 'time_epoch': 4.95801, 'eta': 725.82325, 'eta_hours': 0.20162, 'loss': 0.41954, 'lr': 0.00065451, 'params': 284917, 'time_iter': 0.02833, 'accuracy': 0.85771, 'f1': 0.85742, 'auc': 0.99498}
val: {'epoch': 100, 'time_epoch': 0.23219, 'loss': 4.38168312, 'lr': 0, 'params': 284917, 'time_iter': 0.01658, 'accuracy': 0.25714, 'f1': 0.19478, 'auc': 0.83124}
test: {'epoch': 100, 'time_epoch': 0.19758, 'loss': 4.64570756, 'lr': 0, 'params': 284917, 'time_iter': 0.01411, 'accuracy': 0.15952, 'f1': 0.108, 'auc': 0.8533}
> Epoch 100: took 5.6s (avg 5.5s) | Best so far: epoch 83	train_loss: 0.4611 train_accuracy: 0.8450	val_loss: 2.8900 val_accuracy: 0.3786	test_loss: 4.0834 test_accuracy: 0.1786	F1: 0.1149 Prec: 0.1688 Rec: 0.1786
train: {'epoch': 101, 'time_epoch': 5.35717, 'eta': 721.65695, 'eta_hours': 0.20046, 'loss': 0.37488867, 'lr': 0.00064852, 'params': 284917, 'time_iter': 0.03061, 'accuracy': 0.87384, 'f1': 0.87378, 'auc': 0.99602}
val: {'epoch': 101, 'time_epoch': 0.25347, 'loss': 2.53322508, 'lr': 0, 'params': 284917, 'time_iter': 0.01811, 'accuracy': 0.35714, 'f1': 0.32498, 'auc': 0.89154}
test: {'epoch': 101, 'time_epoch': 0.27826, 'loss': 3.64261377, 'lr': 0, 'params': 284917, 'time_iter': 0.01988, 'accuracy': 0.22381, 'f1': 0.171, 'auc': 0.85227}
> Epoch 101: took 6.1s (avg 5.5s) | Best so far: epoch 83	train_loss: 0.4611 train_accuracy: 0.8450	val_loss: 2.8900 val_accuracy: 0.3786	test_loss: 4.0834 test_accuracy: 0.1786	F1: 0.1149 Prec: 0.1688 Rec: 0.1786
train: {'epoch': 102, 'time_epoch': 6.10019, 'eta': 718.52795, 'eta_hours': 0.19959, 'loss': 0.37577929, 'lr': 0.00064251, 'params': 284917, 'time_iter': 0.03486, 'accuracy': 0.87652, 'f1': 0.87655, 'auc': 0.99603}
val: {'epoch': 102, 'time_epoch': 0.19645, 'loss': 3.06609606, 'lr': 0, 'params': 284917, 'time_iter': 0.01403, 'accuracy': 0.31667, 'f1': 0.26966, 'auc': 0.86972}
test: {'epoch': 102, 'time_epoch': 0.24211, 'loss': 4.17159825, 'lr': 0, 'params': 284917, 'time_iter': 0.01729, 'accuracy': 0.23571, 'f1': 0.1771, 'auc': 0.85495}
> Epoch 102: took 6.7s (avg 5.5s) | Best so far: epoch 83	train_loss: 0.4611 train_accuracy: 0.8450	val_loss: 2.8900 val_accuracy: 0.3786	test_loss: 4.0834 test_accuracy: 0.1786	F1: 0.1149 Prec: 0.1688 Rec: 0.1786
train: {'epoch': 103, 'time_epoch': 6.21926, 'eta': 715.50897, 'eta_hours': 0.19875, 'loss': 0.3966072, 'lr': 0.00063648, 'params': 284917, 'time_iter': 0.03554, 'accuracy': 0.87007, 'f1': 0.87003, 'auc': 0.99565}
val: {'epoch': 103, 'time_epoch': 0.40363, 'loss': 5.8088544, 'lr': 0, 'params': 284917, 'time_iter': 0.02883, 'accuracy': 0.17381, 'f1': 0.12483, 'auc': 0.75925}
test: {'epoch': 103, 'time_epoch': 0.34024, 'loss': 4.51635211, 'lr': 0, 'params': 284917, 'time_iter': 0.0243, 'accuracy': 0.19524, 'f1': 0.16694, 'auc': 0.80606}
> Epoch 103: took 7.2s (avg 5.5s) | Best so far: epoch 83	train_loss: 0.4611 train_accuracy: 0.8450	val_loss: 2.8900 val_accuracy: 0.3786	test_loss: 4.0834 test_accuracy: 0.1786	F1: 0.1149 Prec: 0.1688 Rec: 0.1786
train: {'epoch': 104, 'time_epoch': 7.65533, 'eta': 714.41218, 'eta_hours': 0.19845, 'loss': 0.38003931, 'lr': 0.00063042, 'params': 284917, 'time_iter': 0.04374, 'accuracy': 0.87133, 'f1': 0.87115, 'auc': 0.99602}
val: {'epoch': 104, 'time_epoch': 0.21765, 'loss': 4.84691938, 'lr': 0, 'params': 284917, 'time_iter': 0.01555, 'accuracy': 0.20238, 'f1': 0.14746, 'auc': 0.83922}
test: {'epoch': 104, 'time_epoch': 0.31177, 'loss': 6.35550492, 'lr': 0, 'params': 284917, 'time_iter': 0.02227, 'accuracy': 0.16667, 'f1': 0.09283, 'auc': 0.82243}
> Epoch 104: took 8.4s (avg 5.5s) | Best so far: epoch 83	train_loss: 0.4611 train_accuracy: 0.8450	val_loss: 2.8900 val_accuracy: 0.3786	test_loss: 4.0834 test_accuracy: 0.1786	F1: 0.1149 Prec: 0.1688 Rec: 0.1786
train: {'epoch': 105, 'time_epoch': 6.07784, 'eta': 711.04862, 'eta_hours': 0.19751, 'loss': 0.37466284, 'lr': 0.00062434, 'params': 284917, 'time_iter': 0.03473, 'accuracy': 0.87133, 'f1': 0.87112, 'auc': 0.9961}
val: {'epoch': 105, 'time_epoch': 0.27274, 'loss': 3.34355681, 'lr': 0, 'params': 284917, 'time_iter': 0.01948, 'accuracy': 0.33095, 'f1': 0.28731, 'auc': 0.85317}
test: {'epoch': 105, 'time_epoch': 0.19617, 'loss': 3.48251982, 'lr': 0, 'params': 284917, 'time_iter': 0.01401, 'accuracy': 0.27143, 'f1': 0.24397, 'auc': 0.87529}
> Epoch 105: took 6.7s (avg 5.5s) | Best so far: epoch 83	train_loss: 0.4611 train_accuracy: 0.8450	val_loss: 2.8900 val_accuracy: 0.3786	test_loss: 4.0834 test_accuracy: 0.1786	F1: 0.1149 Prec: 0.1688 Rec: 0.1786
train: {'epoch': 106, 'time_epoch': 5.95466, 'eta': 707.46971, 'eta_hours': 0.19652, 'loss': 0.37192726, 'lr': 0.00061825, 'params': 284917, 'time_iter': 0.03403, 'accuracy': 0.8767, 'f1': 0.87653, 'auc': 0.99597}
val: {'epoch': 106, 'time_epoch': 0.24106, 'loss': 3.90939661, 'lr': 0, 'params': 284917, 'time_iter': 0.01722, 'accuracy': 0.20714, 'f1': 0.16554, 'auc': 0.82073}
test: {'epoch': 106, 'time_epoch': 0.23648, 'loss': 5.04591484, 'lr': 0, 'params': 284917, 'time_iter': 0.01689, 'accuracy': 0.25714, 'f1': 0.18461, 'auc': 0.84258}
> Epoch 106: took 6.6s (avg 5.5s) | Best so far: epoch 83	train_loss: 0.4611 train_accuracy: 0.8450	val_loss: 2.8900 val_accuracy: 0.3786	test_loss: 4.0834 test_accuracy: 0.1786	F1: 0.1149 Prec: 0.1688 Rec: 0.1786
train: {'epoch': 107, 'time_epoch': 6.1503, 'eta': 704.10405, 'eta_hours': 0.19558, 'loss': 0.36595295, 'lr': 0.00061214, 'params': 284917, 'time_iter': 0.03514, 'accuracy': 0.87527, 'f1': 0.87516, 'auc': 0.99627}
val: {'epoch': 107, 'time_epoch': 0.19974, 'loss': 3.04230794, 'lr': 0, 'params': 284917, 'time_iter': 0.01427, 'accuracy': 0.29524, 'f1': 0.29642, 'auc': 0.8704}
test: {'epoch': 107, 'time_epoch': 0.26944, 'loss': 4.20975117, 'lr': 0, 'params': 284917, 'time_iter': 0.01925, 'accuracy': 0.26905, 'f1': 0.20562, 'auc': 0.87304}
> Epoch 107: took 6.8s (avg 5.5s) | Best so far: epoch 83	train_loss: 0.4611 train_accuracy: 0.8450	val_loss: 2.8900 val_accuracy: 0.3786	test_loss: 4.0834 test_accuracy: 0.1786	F1: 0.1149 Prec: 0.1688 Rec: 0.1786
train: {'epoch': 108, 'time_epoch': 6.2694, 'eta': 700.84135, 'eta_hours': 0.19468, 'loss': 0.3601316, 'lr': 0.000606, 'params': 284917, 'time_iter': 0.03583, 'accuracy': 0.881, 'f1': 0.88095, 'auc': 0.99636}
val: {'epoch': 108, 'time_epoch': 0.23663, 'loss': 5.93064568, 'lr': 0, 'params': 284917, 'time_iter': 0.0169, 'accuracy': 0.21667, 'f1': 0.16403, 'auc': 0.78993}
test: {'epoch': 108, 'time_epoch': 0.21488, 'loss': 4.23653201, 'lr': 0, 'params': 284917, 'time_iter': 0.01535, 'accuracy': 0.19286, 'f1': 0.13386, 'auc': 0.86088}
> Epoch 108: took 6.9s (avg 5.6s) | Best so far: epoch 83	train_loss: 0.4611 train_accuracy: 0.8450	val_loss: 2.8900 val_accuracy: 0.3786	test_loss: 4.0834 test_accuracy: 0.1786	F1: 0.1149 Prec: 0.1688 Rec: 0.1786
train: {'epoch': 109, 'time_epoch': 5.49614, 'eta': 696.53984, 'eta_hours': 0.19348, 'loss': 0.36958992, 'lr': 0.00059985, 'params': 284917, 'time_iter': 0.03141, 'accuracy': 0.87491, 'f1': 0.87485, 'auc': 0.99619}
val: {'epoch': 109, 'time_epoch': 0.20791, 'loss': 3.21705232, 'lr': 0, 'params': 284917, 'time_iter': 0.01485, 'accuracy': 0.26667, 'f1': 0.23705, 'auc': 0.87149}
test: {'epoch': 109, 'time_epoch': 0.26487, 'loss': 5.18854676, 'lr': 0, 'params': 284917, 'time_iter': 0.01892, 'accuracy': 0.17143, 'f1': 0.11515, 'auc': 0.84186}
> Epoch 109: took 6.2s (avg 5.6s) | Best so far: epoch 83	train_loss: 0.4611 train_accuracy: 0.8450	val_loss: 2.8900 val_accuracy: 0.3786	test_loss: 4.0834 test_accuracy: 0.1786	F1: 0.1149 Prec: 0.1688 Rec: 0.1786
train: {'epoch': 110, 'time_epoch': 6.30773, 'eta': 693.23311, 'eta_hours': 0.19256, 'loss': 0.36168726, 'lr': 0.00059369, 'params': 284917, 'time_iter': 0.03604, 'accuracy': 0.88172, 'f1': 0.88145, 'auc': 0.99622}
val: {'epoch': 110, 'time_epoch': 0.2372, 'loss': 4.30273048, 'lr': 0, 'params': 284917, 'time_iter': 0.01694, 'accuracy': 0.17619, 'f1': 0.1466, 'auc': 0.79871}
test: {'epoch': 110, 'time_epoch': 0.37341, 'loss': 5.51637634, 'lr': 0, 'params': 284917, 'time_iter': 0.02667, 'accuracy': 0.2119, 'f1': 0.16313, 'auc': 0.8318}
> Epoch 110: took 7.1s (avg 5.6s) | Best so far: epoch 83	train_loss: 0.4611 train_accuracy: 0.8450	val_loss: 2.8900 val_accuracy: 0.3786	test_loss: 4.0834 test_accuracy: 0.1786	F1: 0.1149 Prec: 0.1688 Rec: 0.1786
train: {'epoch': 111, 'time_epoch': 5.67084, 'eta': 689.08805, 'eta_hours': 0.19141, 'loss': 0.35618266, 'lr': 0.00058751, 'params': 284917, 'time_iter': 0.0324, 'accuracy': 0.88154, 'f1': 0.88138, 'auc': 0.99638}
val: {'epoch': 111, 'time_epoch': 0.23997, 'loss': 3.14643417, 'lr': 0, 'params': 284917, 'time_iter': 0.01714, 'accuracy': 0.30952, 'f1': 0.28887, 'auc': 0.8699}
test: {'epoch': 111, 'time_epoch': 0.2512, 'loss': 4.22282508, 'lr': 0, 'params': 284917, 'time_iter': 0.01794, 'accuracy': 0.29762, 'f1': 0.22737, 'auc': 0.88777}
> Epoch 111: took 6.3s (avg 5.6s) | Best so far: epoch 83	train_loss: 0.4611 train_accuracy: 0.8450	val_loss: 2.8900 val_accuracy: 0.3786	test_loss: 4.0834 test_accuracy: 0.1786	F1: 0.1149 Prec: 0.1688 Rec: 0.1786
train: {'epoch': 112, 'time_epoch': 6.49425, 'eta': 685.91428, 'eta_hours': 0.19053, 'loss': 0.36074337, 'lr': 0.00058132, 'params': 284917, 'time_iter': 0.03711, 'accuracy': 0.88315, 'f1': 0.88308, 'auc': 0.9962}
val: {'epoch': 112, 'time_epoch': 0.24603, 'loss': 3.87384491, 'lr': 0, 'params': 284917, 'time_iter': 0.01757, 'accuracy': 0.23333, 'f1': 0.19944, 'auc': 0.81984}
test: {'epoch': 112, 'time_epoch': 0.23378, 'loss': 3.75916468, 'lr': 0, 'params': 284917, 'time_iter': 0.0167, 'accuracy': 0.18333, 'f1': 0.15438, 'auc': 0.85198}
> Epoch 112: took 7.2s (avg 5.6s) | Best so far: epoch 83	train_loss: 0.4611 train_accuracy: 0.8450	val_loss: 2.8900 val_accuracy: 0.3786	test_loss: 4.0834 test_accuracy: 0.1786	F1: 0.1149 Prec: 0.1688 Rec: 0.1786
train: {'epoch': 113, 'time_epoch': 6.65852, 'eta': 682.87823, 'eta_hours': 0.18969, 'loss': 0.350882, 'lr': 0.00057511, 'params': 284917, 'time_iter': 0.03805, 'accuracy': 0.88244, 'f1': 0.88237, 'auc': 0.99646}
val: {'epoch': 113, 'time_epoch': 0.19275, 'loss': 3.63632575, 'lr': 0, 'params': 284917, 'time_iter': 0.01377, 'accuracy': 0.31667, 'f1': 0.27024, 'auc': 0.84471}
test: {'epoch': 113, 'time_epoch': 0.1804, 'loss': 4.2788094, 'lr': 0, 'params': 284917, 'time_iter': 0.01289, 'accuracy': 0.19286, 'f1': 0.16382, 'auc': 0.82844}
> Epoch 113: took 7.2s (avg 5.6s) | Best so far: epoch 83	train_loss: 0.4611 train_accuracy: 0.8450	val_loss: 2.8900 val_accuracy: 0.3786	test_loss: 4.0834 test_accuracy: 0.1786	F1: 0.1149 Prec: 0.1688 Rec: 0.1786
train: {'epoch': 114, 'time_epoch': 6.52122, 'eta': 679.618, 'eta_hours': 0.18878, 'loss': 0.35712373, 'lr': 0.0005689, 'params': 284917, 'time_iter': 0.03726, 'accuracy': 0.88297, 'f1': 0.88289, 'auc': 0.99646}
val: {'epoch': 114, 'time_epoch': 0.20288, 'loss': 3.60753768, 'lr': 0, 'params': 284917, 'time_iter': 0.01449, 'accuracy': 0.2619, 'f1': 0.21489, 'auc': 0.85809}
test: {'epoch': 114, 'time_epoch': 0.2145, 'loss': 7.06590715, 'lr': 0, 'params': 284917, 'time_iter': 0.01532, 'accuracy': 0.16429, 'f1': 0.11358, 'auc': 0.79261}
> Epoch 114: took 7.1s (avg 5.6s) | Best so far: epoch 83	train_loss: 0.4611 train_accuracy: 0.8450	val_loss: 2.8900 val_accuracy: 0.3786	test_loss: 4.0834 test_accuracy: 0.1786	F1: 0.1149 Prec: 0.1688 Rec: 0.1786
train: {'epoch': 115, 'time_epoch': 6.11719, 'eta': 675.83483, 'eta_hours': 0.18773, 'loss': 0.35014144, 'lr': 0.00056267, 'params': 284917, 'time_iter': 0.03496, 'accuracy': 0.87957, 'f1': 0.87955, 'auc': 0.99671}
val: {'epoch': 115, 'time_epoch': 0.28894, 'loss': 2.52641921, 'lr': 0, 'params': 284917, 'time_iter': 0.02064, 'accuracy': 0.35952, 'f1': 0.33492, 'auc': 0.89501}
test: {'epoch': 115, 'time_epoch': 0.31151, 'loss': 3.70702208, 'lr': 0, 'params': 284917, 'time_iter': 0.02225, 'accuracy': 0.27381, 'f1': 0.22586, 'auc': 0.88065}
> Epoch 115: took 6.9s (avg 5.6s) | Best so far: epoch 83	train_loss: 0.4611 train_accuracy: 0.8450	val_loss: 2.8900 val_accuracy: 0.3786	test_loss: 4.0834 test_accuracy: 0.1786	F1: 0.1149 Prec: 0.1688 Rec: 0.1786
train: {'epoch': 116, 'time_epoch': 7.06493, 'eta': 673.0891, 'eta_hours': 0.18697, 'loss': 0.33322826, 'lr': 0.00055643, 'params': 284917, 'time_iter': 0.04037, 'accuracy': 0.89068, 'f1': 0.89049, 'auc': 0.99678}
val: {'epoch': 116, 'time_epoch': 0.22554, 'loss': 3.92487762, 'lr': 0, 'params': 284917, 'time_iter': 0.01611, 'accuracy': 0.25952, 'f1': 0.23232, 'auc': 0.83938}
test: {'epoch': 116, 'time_epoch': 0.23788, 'loss': 3.47924666, 'lr': 0, 'params': 284917, 'time_iter': 0.01699, 'accuracy': 0.25714, 'f1': 0.18686, 'auc': 0.87664}
> Epoch 116: took 7.7s (avg 5.7s) | Best so far: epoch 83	train_loss: 0.4611 train_accuracy: 0.8450	val_loss: 2.8900 val_accuracy: 0.3786	test_loss: 4.0834 test_accuracy: 0.1786	F1: 0.1149 Prec: 0.1688 Rec: 0.1786
train: {'epoch': 117, 'time_epoch': 7.07563, 'eta': 670.28213, 'eta_hours': 0.18619, 'loss': 0.34402717, 'lr': 0.00055018, 'params': 284917, 'time_iter': 0.04043, 'accuracy': 0.88387, 'f1': 0.88389, 'auc': 0.99675}
val: {'epoch': 117, 'time_epoch': 0.22768, 'loss': 6.84017408, 'lr': 0, 'params': 284917, 'time_iter': 0.01626, 'accuracy': 0.14048, 'f1': 0.11677, 'auc': 0.78613}
test: {'epoch': 117, 'time_epoch': 0.22052, 'loss': 5.32296449, 'lr': 0, 'params': 284917, 'time_iter': 0.01575, 'accuracy': 0.20714, 'f1': 0.13871, 'auc': 0.82364}
> Epoch 117: took 7.7s (avg 5.7s) | Best so far: epoch 83	train_loss: 0.4611 train_accuracy: 0.8450	val_loss: 2.8900 val_accuracy: 0.3786	test_loss: 4.0834 test_accuracy: 0.1786	F1: 0.1149 Prec: 0.1688 Rec: 0.1786
train: {'epoch': 118, 'time_epoch': 6.85727, 'eta': 667.16305, 'eta_hours': 0.18532, 'loss': 0.33473262, 'lr': 0.00054393, 'params': 284917, 'time_iter': 0.03918, 'accuracy': 0.88925, 'f1': 0.88915, 'auc': 0.99685}
val: {'epoch': 118, 'time_epoch': 0.19498, 'loss': 2.81327722, 'lr': 0, 'params': 284917, 'time_iter': 0.01393, 'accuracy': 0.35952, 'f1': 0.33212, 'auc': 0.88585}
test: {'epoch': 118, 'time_epoch': 0.20443, 'loss': 3.96786256, 'lr': 0, 'params': 284917, 'time_iter': 0.0146, 'accuracy': 0.27143, 'f1': 0.20035, 'auc': 0.87923}
> Epoch 118: took 7.4s (avg 5.7s) | Best so far: epoch 83	train_loss: 0.4611 train_accuracy: 0.8450	val_loss: 2.8900 val_accuracy: 0.3786	test_loss: 4.0834 test_accuracy: 0.1786	F1: 0.1149 Prec: 0.1688 Rec: 0.1786
train: {'epoch': 119, 'time_epoch': 6.78571, 'eta': 663.90413, 'eta_hours': 0.18442, 'loss': 0.33920224, 'lr': 0.00053766, 'params': 284917, 'time_iter': 0.03878, 'accuracy': 0.88244, 'f1': 0.88228, 'auc': 0.99681}
val: {'epoch': 119, 'time_epoch': 0.23229, 'loss': 3.81518218, 'lr': 0, 'params': 284917, 'time_iter': 0.01659, 'accuracy': 0.24286, 'f1': 0.20808, 'auc': 0.85089}
test: {'epoch': 119, 'time_epoch': 0.2402, 'loss': 4.67658121, 'lr': 0, 'params': 284917, 'time_iter': 0.01716, 'accuracy': 0.20952, 'f1': 0.15574, 'auc': 0.85309}
> Epoch 119: took 7.5s (avg 5.7s) | Best so far: epoch 83	train_loss: 0.4611 train_accuracy: 0.8450	val_loss: 2.8900 val_accuracy: 0.3786	test_loss: 4.0834 test_accuracy: 0.1786	F1: 0.1149 Prec: 0.1688 Rec: 0.1786
train: {'epoch': 120, 'time_epoch': 6.60546, 'eta': 660.39476, 'eta_hours': 0.18344, 'loss': 0.33817347, 'lr': 0.0005314, 'params': 284917, 'time_iter': 0.03775, 'accuracy': 0.88584, 'f1': 0.88571, 'auc': 0.99685}
val: {'epoch': 120, 'time_epoch': 0.29151, 'loss': 4.95274378, 'lr': 0, 'params': 284917, 'time_iter': 0.02082, 'accuracy': 0.14524, 'f1': 0.13112, 'auc': 0.79749}
test: {'epoch': 120, 'time_epoch': 0.264, 'loss': 4.90798593, 'lr': 0, 'params': 284917, 'time_iter': 0.01886, 'accuracy': 0.21667, 'f1': 0.13199, 'auc': 0.8384}
> Epoch 120: took 7.4s (avg 5.7s) | Best so far: epoch 83	train_loss: 0.4611 train_accuracy: 0.8450	val_loss: 2.8900 val_accuracy: 0.3786	test_loss: 4.0834 test_accuracy: 0.1786	F1: 0.1149 Prec: 0.1688 Rec: 0.1786
train: {'epoch': 121, 'time_epoch': 7.31361, 'eta': 657.57761, 'eta_hours': 0.18266, 'loss': 0.34620289, 'lr': 0.00052512, 'params': 284917, 'time_iter': 0.04179, 'accuracy': 0.88656, 'f1': 0.88646, 'auc': 0.99654}
val: {'epoch': 121, 'time_epoch': 0.24325, 'loss': 3.60613917, 'lr': 0, 'params': 284917, 'time_iter': 0.01738, 'accuracy': 0.22857, 'f1': 0.21254, 'auc': 0.84282}
test: {'epoch': 121, 'time_epoch': 0.23461, 'loss': 4.85081954, 'lr': 0, 'params': 284917, 'time_iter': 0.01676, 'accuracy': 0.16905, 'f1': 0.1378, 'auc': 0.84645}
> Epoch 121: took 8.0s (avg 5.7s) | Best so far: epoch 83	train_loss: 0.4611 train_accuracy: 0.8450	val_loss: 2.8900 val_accuracy: 0.3786	test_loss: 4.0834 test_accuracy: 0.1786	F1: 0.1149 Prec: 0.1688 Rec: 0.1786
train: {'epoch': 122, 'time_epoch': 6.6619, 'eta': 654.01444, 'eta_hours': 0.18167, 'loss': 0.33507306, 'lr': 0.00051885, 'params': 284917, 'time_iter': 0.03807, 'accuracy': 0.8862, 'f1': 0.88607, 'auc': 0.99681}
val: {'epoch': 122, 'time_epoch': 0.26024, 'loss': 5.9054602, 'lr': 0, 'params': 284917, 'time_iter': 0.01859, 'accuracy': 0.19762, 'f1': 0.15142, 'auc': 0.8174}
test: {'epoch': 122, 'time_epoch': 0.30231, 'loss': 5.15184255, 'lr': 0, 'params': 284917, 'time_iter': 0.02159, 'accuracy': 0.16667, 'f1': 0.08732, 'auc': 0.84654}
> Epoch 122: took 7.5s (avg 5.7s) | Best so far: epoch 83	train_loss: 0.4611 train_accuracy: 0.8450	val_loss: 2.8900 val_accuracy: 0.3786	test_loss: 4.0834 test_accuracy: 0.1786	F1: 0.1149 Prec: 0.1688 Rec: 0.1786
train: {'epoch': 123, 'time_epoch': 6.00453, 'eta': 649.73332, 'eta_hours': 0.18048, 'loss': 0.31066119, 'lr': 0.00051257, 'params': 284917, 'time_iter': 0.03431, 'accuracy': 0.89409, 'f1': 0.8939, 'auc': 0.99731}
val: {'epoch': 123, 'time_epoch': 0.20615, 'loss': 3.67772177, 'lr': 0, 'params': 284917, 'time_iter': 0.01472, 'accuracy': 0.30238, 'f1': 0.25652, 'auc': 0.84611}
test: {'epoch': 123, 'time_epoch': 0.31742, 'loss': 3.09450279, 'lr': 0, 'params': 284917, 'time_iter': 0.02267, 'accuracy': 0.32381, 'f1': 0.26856, 'auc': 0.89088}
> Epoch 123: took 6.7s (avg 5.8s) | Best so far: epoch 83	train_loss: 0.4611 train_accuracy: 0.8450	val_loss: 2.8900 val_accuracy: 0.3786	test_loss: 4.0834 test_accuracy: 0.1786	F1: 0.1149 Prec: 0.1688 Rec: 0.1786
train: {'epoch': 124, 'time_epoch': 7.05649, 'eta': 646.47658, 'eta_hours': 0.17958, 'loss': 0.31166803, 'lr': 0.00050628, 'params': 284917, 'time_iter': 0.04032, 'accuracy': 0.8948, 'f1': 0.89471, 'auc': 0.99736}
val: {'epoch': 124, 'time_epoch': 0.23099, 'loss': 2.93400408, 'lr': 0, 'params': 284917, 'time_iter': 0.0165, 'accuracy': 0.36429, 'f1': 0.31557, 'auc': 0.87123}
test: {'epoch': 124, 'time_epoch': 0.19062, 'loss': 2.97260911, 'lr': 0, 'params': 284917, 'time_iter': 0.01362, 'accuracy': 0.2881, 'f1': 0.25106, 'auc': 0.89607}
> Epoch 124: took 7.6s (avg 5.8s) | Best so far: epoch 83	train_loss: 0.4611 train_accuracy: 0.8450	val_loss: 2.8900 val_accuracy: 0.3786	test_loss: 4.0834 test_accuracy: 0.1786	F1: 0.1149 Prec: 0.1688 Rec: 0.1786
train: {'epoch': 125, 'time_epoch': 7.28007, 'eta': 643.37956, 'eta_hours': 0.17872, 'loss': 0.31647318, 'lr': 0.0005, 'params': 284917, 'time_iter': 0.0416, 'accuracy': 0.89534, 'f1': 0.89531, 'auc': 0.99714}
val: {'epoch': 125, 'time_epoch': 0.21731, 'loss': 2.75089491, 'lr': 0, 'params': 284917, 'time_iter': 0.01552, 'accuracy': 0.33571, 'f1': 0.30812, 'auc': 0.8822}
test: {'epoch': 125, 'time_epoch': 0.25422, 'loss': 4.60309185, 'lr': 0, 'params': 284917, 'time_iter': 0.01816, 'accuracy': 0.24524, 'f1': 0.18712, 'auc': 0.84101}
> Epoch 125: took 7.9s (avg 5.8s) | Best so far: epoch 83	train_loss: 0.4611 train_accuracy: 0.8450	val_loss: 2.8900 val_accuracy: 0.3786	test_loss: 4.0834 test_accuracy: 0.1786	F1: 0.1149 Prec: 0.1688 Rec: 0.1786
train: {'epoch': 126, 'time_epoch': 7.0814, 'eta': 640.02425, 'eta_hours': 0.17778, 'loss': 0.31539347, 'lr': 0.00049372, 'params': 284917, 'time_iter': 0.04047, 'accuracy': 0.89677, 'f1': 0.89659, 'auc': 0.99722}
val: {'epoch': 126, 'time_epoch': 0.2893, 'loss': 3.58848887, 'lr': 0, 'params': 284917, 'time_iter': 0.02066, 'accuracy': 0.32857, 'f1': 0.2669, 'auc': 0.86099}
test: {'epoch': 126, 'time_epoch': 0.36378, 'loss': 6.14486875, 'lr': 0, 'params': 284917, 'time_iter': 0.02598, 'accuracy': 0.10952, 'f1': 0.06091, 'auc': 0.80679}
> Epoch 126: took 8.0s (avg 5.8s) | Best so far: epoch 83	train_loss: 0.4611 train_accuracy: 0.8450	val_loss: 2.8900 val_accuracy: 0.3786	test_loss: 4.0834 test_accuracy: 0.1786	F1: 0.1149 Prec: 0.1688 Rec: 0.1786
train: {'epoch': 127, 'time_epoch': 7.02212, 'eta': 636.55423, 'eta_hours': 0.17682, 'loss': 0.30217768, 'lr': 0.00048743, 'params': 284917, 'time_iter': 0.04013, 'accuracy': 0.89642, 'f1': 0.89634, 'auc': 0.99746}
val: {'epoch': 127, 'time_epoch': 0.3904, 'loss': 2.78567163, 'lr': 0, 'params': 284917, 'time_iter': 0.02789, 'accuracy': 0.37143, 'f1': 0.33884, 'auc': 0.88708}
test: {'epoch': 127, 'time_epoch': 0.26071, 'loss': 3.22478358, 'lr': 0, 'params': 284917, 'time_iter': 0.01862, 'accuracy': 0.32857, 'f1': 0.26, 'auc': 0.89731}
> Epoch 127: took 7.9s (avg 5.8s) | Best so far: epoch 83	train_loss: 0.4611 train_accuracy: 0.8450	val_loss: 2.8900 val_accuracy: 0.3786	test_loss: 4.0834 test_accuracy: 0.1786	F1: 0.1149 Prec: 0.1688 Rec: 0.1786
train: {'epoch': 128, 'time_epoch': 7.58913, 'eta': 633.56097, 'eta_hours': 0.17599, 'loss': 0.31766978, 'lr': 0.00048115, 'params': 284917, 'time_iter': 0.04337, 'accuracy': 0.89462, 'f1': 0.89457, 'auc': 0.9971}
val: {'epoch': 128, 'time_epoch': 0.30805, 'loss': 3.14752784, 'lr': 0, 'params': 284917, 'time_iter': 0.022, 'accuracy': 0.35, 'f1': 0.30875, 'auc': 0.87178}
test: {'epoch': 128, 'time_epoch': 0.33431, 'loss': 3.07072528, 'lr': 0, 'params': 284917, 'time_iter': 0.02388, 'accuracy': 0.30476, 'f1': 0.27955, 'auc': 0.89434}
> Epoch 128: took 8.5s (avg 5.8s) | Best so far: epoch 83	train_loss: 0.4611 train_accuracy: 0.8450	val_loss: 2.8900 val_accuracy: 0.3786	test_loss: 4.0834 test_accuracy: 0.1786	F1: 0.1149 Prec: 0.1688 Rec: 0.1786
train: {'epoch': 129, 'time_epoch': 9.66805, 'eta': 632.41602, 'eta_hours': 0.17567, 'loss': 0.31045254, 'lr': 0.00047488, 'params': 284917, 'time_iter': 0.05525, 'accuracy': 0.89552, 'f1': 0.89547, 'auc': 0.99725}
val: {'epoch': 129, 'time_epoch': 0.34877, 'loss': 3.32438997, 'lr': 0, 'params': 284917, 'time_iter': 0.02491, 'accuracy': 0.33095, 'f1': 0.30978, 'auc': 0.86417}
test: {'epoch': 129, 'time_epoch': 0.30655, 'loss': 3.85483511, 'lr': 0, 'params': 284917, 'time_iter': 0.0219, 'accuracy': 0.29286, 'f1': 0.22484, 'auc': 0.87488}
> Epoch 129: took 10.6s (avg 5.9s) | Best so far: epoch 83	train_loss: 0.4611 train_accuracy: 0.8450	val_loss: 2.8900 val_accuracy: 0.3786	test_loss: 4.0834 test_accuracy: 0.1786	F1: 0.1149 Prec: 0.1688 Rec: 0.1786
train: {'epoch': 130, 'time_epoch': 3.82676, 'eta': 625.83473, 'eta_hours': 0.17384, 'loss': 0.29077009, 'lr': 0.0004686, 'params': 284917, 'time_iter': 0.02187, 'accuracy': 0.9086, 'f1': 0.90853, 'auc': 0.99767}
val: {'epoch': 130, 'time_epoch': 0.16534, 'loss': 5.73130814, 'lr': 0, 'params': 284917, 'time_iter': 0.01181, 'accuracy': 0.15476, 'f1': 0.13661, 'auc': 0.77352}
test: {'epoch': 130, 'time_epoch': 0.14256, 'loss': 5.66572874, 'lr': 0, 'params': 284917, 'time_iter': 0.01018, 'accuracy': 0.19048, 'f1': 0.11494, 'auc': 0.79921}
> Epoch 130: took 4.3s (avg 5.9s) | Best so far: epoch 83	train_loss: 0.4611 train_accuracy: 0.8450	val_loss: 2.8900 val_accuracy: 0.3786	test_loss: 4.0834 test_accuracy: 0.1786	F1: 0.1149 Prec: 0.1688 Rec: 0.1786
train: {'epoch': 131, 'time_epoch': 3.24826, 'eta': 618.77803, 'eta_hours': 0.17188, 'loss': 0.33298485, 'lr': 0.00046234, 'params': 284917, 'time_iter': 0.01856, 'accuracy': 0.88961, 'f1': 0.88938, 'auc': 0.99676}
val: {'epoch': 131, 'time_epoch': 0.11647, 'loss': 2.8770767, 'lr': 0, 'params': 284917, 'time_iter': 0.00832, 'accuracy': 0.32619, 'f1': 0.29886, 'auc': 0.88752}
test: {'epoch': 131, 'time_epoch': 0.13747, 'loss': 5.14788653, 'lr': 0, 'params': 284917, 'time_iter': 0.00982, 'accuracy': 0.22143, 'f1': 0.15978, 'auc': 0.85117}
> Epoch 131: took 3.6s (avg 5.9s) | Best so far: epoch 83	train_loss: 0.4611 train_accuracy: 0.8450	val_loss: 2.8900 val_accuracy: 0.3786	test_loss: 4.0834 test_accuracy: 0.1786	F1: 0.1149 Prec: 0.1688 Rec: 0.1786
train: {'epoch': 132, 'time_epoch': 3.79621, 'eta': 612.26063, 'eta_hours': 0.17007, 'loss': 0.30119967, 'lr': 0.00045607, 'params': 284917, 'time_iter': 0.02169, 'accuracy': 0.90269, 'f1': 0.90253, 'auc': 0.99738}
val: {'epoch': 132, 'time_epoch': 0.12502, 'loss': 3.51015373, 'lr': 0, 'params': 284917, 'time_iter': 0.00893, 'accuracy': 0.30714, 'f1': 0.26326, 'auc': 0.86386}
test: {'epoch': 132, 'time_epoch': 0.12265, 'loss': 5.02325102, 'lr': 0, 'params': 284917, 'time_iter': 0.00876, 'accuracy': 0.24286, 'f1': 0.17609, 'auc': 0.85541}
> Epoch 132: took 4.2s (avg 5.8s) | Best so far: epoch 83	train_loss: 0.4611 train_accuracy: 0.8450	val_loss: 2.8900 val_accuracy: 0.3786	test_loss: 4.0834 test_accuracy: 0.1786	F1: 0.1149 Prec: 0.1688 Rec: 0.1786
train: {'epoch': 133, 'time_epoch': 3.2338, 'eta': 605.29699, 'eta_hours': 0.16814, 'loss': 0.30899237, 'lr': 0.00044982, 'params': 284917, 'time_iter': 0.01848, 'accuracy': 0.89982, 'f1': 0.89981, 'auc': 0.99709}
val: {'epoch': 133, 'time_epoch': 0.14299, 'loss': 2.77575202, 'lr': 0, 'params': 284917, 'time_iter': 0.01021, 'accuracy': 0.35476, 'f1': 0.31877, 'auc': 0.89211}
test: {'epoch': 133, 'time_epoch': 0.14525, 'loss': 3.34102911, 'lr': 0, 'params': 284917, 'time_iter': 0.01038, 'accuracy': 0.27619, 'f1': 0.22148, 'auc': 0.89197}
> Epoch 133: took 3.6s (avg 5.8s) | Best so far: epoch 83	train_loss: 0.4611 train_accuracy: 0.8450	val_loss: 2.8900 val_accuracy: 0.3786	test_loss: 4.0834 test_accuracy: 0.1786	F1: 0.1149 Prec: 0.1688 Rec: 0.1786
train: {'epoch': 134, 'time_epoch': 3.06819, 'eta': 598.24753, 'eta_hours': 0.16618, 'loss': 0.29516406, 'lr': 0.00044357, 'params': 284917, 'time_iter': 0.01753, 'accuracy': 0.90591, 'f1': 0.9058, 'auc': 0.99735}
val: {'epoch': 134, 'time_epoch': 0.11299, 'loss': 2.86205061, 'lr': 0, 'params': 284917, 'time_iter': 0.00807, 'accuracy': 0.4, 'f1': 0.36006, 'auc': 0.8824}
test: {'epoch': 134, 'time_epoch': 0.11723, 'loss': 2.39206466, 'lr': 0, 'params': 284917, 'time_iter': 0.00837, 'accuracy': 0.39048, 'f1': 0.33853, 'auc': 0.92314}
[*] Confusion Matrix saved to: results_lopo_1.0/FQ_3m\Conf\confusion_matrix_epoch_134.png
> Epoch 134: took 3.4s (avg 5.8s) | Best so far: epoch 134	train_loss: 0.2952 train_accuracy: 0.9059	val_loss: 2.8621 val_accuracy: 0.4000	test_loss: 2.3921 test_accuracy: 0.3905	F1: 0.3385 Prec: 0.4276 Rec: 0.3905
train: {'epoch': 135, 'time_epoch': 6.40952, 'eta': 594.05744, 'eta_hours': 0.16502, 'loss': 0.27545002, 'lr': 0.00043733, 'params': 284917, 'time_iter': 0.03663, 'accuracy': 0.90645, 'f1': 0.90641, 'auc': 0.99792}
val: {'epoch': 135, 'time_epoch': 0.38541, 'loss': 3.54454308, 'lr': 0, 'params': 284917, 'time_iter': 0.02753, 'accuracy': 0.25714, 'f1': 0.2241, 'auc': 0.85885}
test: {'epoch': 135, 'time_epoch': 0.29268, 'loss': 5.11294051, 'lr': 0, 'params': 284917, 'time_iter': 0.02091, 'accuracy': 0.1881, 'f1': 0.14868, 'auc': 0.82827}
> Epoch 135: took 7.3s (avg 5.8s) | Best so far: epoch 134	train_loss: 0.2952 train_accuracy: 0.9059	val_loss: 2.8621 val_accuracy: 0.4000	test_loss: 2.3921 test_accuracy: 0.3905	F1: 0.3385 Prec: 0.4276 Rec: 0.3905
train: {'epoch': 136, 'time_epoch': 9.47997, 'eta': 592.36751, 'eta_hours': 0.16455, 'loss': 0.29632476, 'lr': 0.0004311, 'params': 284917, 'time_iter': 0.05417, 'accuracy': 0.89875, 'f1': 0.89869, 'auc': 0.99756}
val: {'epoch': 136, 'time_epoch': 0.3163, 'loss': 2.73915226, 'lr': 0, 'params': 284917, 'time_iter': 0.02259, 'accuracy': 0.36667, 'f1': 0.33394, 'auc': 0.88992}
test: {'epoch': 136, 'time_epoch': 0.30338, 'loss': 3.08536896, 'lr': 0, 'params': 284917, 'time_iter': 0.02167, 'accuracy': 0.33571, 'f1': 0.27425, 'auc': 0.90336}
> Epoch 136: took 10.4s (avg 5.8s) | Best so far: epoch 134	train_loss: 0.2952 train_accuracy: 0.9059	val_loss: 2.8621 val_accuracy: 0.4000	test_loss: 2.3921 test_accuracy: 0.3905	F1: 0.3385 Prec: 0.4276 Rec: 0.3905
train: {'epoch': 137, 'time_epoch': 10.60009, 'eta': 591.47375, 'eta_hours': 0.1643, 'loss': 0.28489448, 'lr': 0.00042489, 'params': 284917, 'time_iter': 0.06057, 'accuracy': 0.90609, 'f1': 0.90596, 'auc': 0.99769}
val: {'epoch': 137, 'time_epoch': 0.53939, 'loss': 3.30324598, 'lr': 0, 'params': 284917, 'time_iter': 0.03853, 'accuracy': 0.3119, 'f1': 0.28835, 'auc': 0.86433}
test: {'epoch': 137, 'time_epoch': 0.51709, 'loss': 3.90309823, 'lr': 0, 'params': 284917, 'time_iter': 0.03694, 'accuracy': 0.20714, 'f1': 0.17891, 'auc': 0.86782}
> Epoch 137: took 12.0s (avg 5.9s) | Best so far: epoch 134	train_loss: 0.2952 train_accuracy: 0.9059	val_loss: 2.8621 val_accuracy: 0.4000	test_loss: 2.3921 test_accuracy: 0.3905	F1: 0.3385 Prec: 0.4276 Rec: 0.3905
train: {'epoch': 138, 'time_epoch': 10.44073, 'eta': 590.31308, 'eta_hours': 0.16398, 'loss': 0.28816383, 'lr': 0.00041868, 'params': 284917, 'time_iter': 0.05966, 'accuracy': 0.90251, 'f1': 0.90248, 'auc': 0.99768}
val: {'epoch': 138, 'time_epoch': 0.33138, 'loss': 3.16082601, 'lr': 0, 'params': 284917, 'time_iter': 0.02367, 'accuracy': 0.32143, 'f1': 0.29818, 'auc': 0.8666}
test: {'epoch': 138, 'time_epoch': 0.43211, 'loss': 3.77829228, 'lr': 0, 'params': 284917, 'time_iter': 0.03086, 'accuracy': 0.22143, 'f1': 0.19651, 'auc': 0.87357}
> Epoch 138: took 11.5s (avg 5.9s) | Best so far: epoch 134	train_loss: 0.2952 train_accuracy: 0.9059	val_loss: 2.8621 val_accuracy: 0.4000	test_loss: 2.3921 test_accuracy: 0.3905	F1: 0.3385 Prec: 0.4276 Rec: 0.3905
train: {'epoch': 139, 'time_epoch': 5.33075, 'eta': 585.00486, 'eta_hours': 0.1625, 'loss': 0.28187233, 'lr': 0.00041249, 'params': 284917, 'time_iter': 0.03046, 'accuracy': 0.90914, 'f1': 0.909, 'auc': 0.9978}
val: {'epoch': 139, 'time_epoch': 0.21085, 'loss': 2.58797258, 'lr': 0, 'params': 284917, 'time_iter': 0.01506, 'accuracy': 0.40238, 'f1': 0.36138, 'auc': 0.89778}
test: {'epoch': 139, 'time_epoch': 0.17235, 'loss': 3.89243063, 'lr': 0, 'params': 284917, 'time_iter': 0.01231, 'accuracy': 0.22857, 'f1': 0.17987, 'auc': 0.88506}
[*] Confusion Matrix saved to: results_lopo_1.0/FQ_3m\Conf\confusion_matrix_epoch_139.png
> Epoch 139: took 5.9s (avg 5.9s) | Best so far: epoch 139	train_loss: 0.2819 train_accuracy: 0.9091	val_loss: 2.5880 val_accuracy: 0.4024	test_loss: 3.8924 test_accuracy: 0.2286	F1: 0.1799 Prec: 0.2763 Rec: 0.2286
train: {'epoch': 140, 'time_epoch': 4.15001, 'eta': 578.78354, 'eta_hours': 0.16077, 'loss': 0.26611945, 'lr': 0.00040631, 'params': 284917, 'time_iter': 0.02371, 'accuracy': 0.91254, 'f1': 0.91248, 'auc': 0.99795}
val: {'epoch': 140, 'time_epoch': 0.18446, 'loss': 2.74354692, 'lr': 0, 'params': 284917, 'time_iter': 0.01318, 'accuracy': 0.34762, 'f1': 0.32238, 'auc': 0.88777}
test: {'epoch': 140, 'time_epoch': 0.18969, 'loss': 3.8610464, 'lr': 0, 'params': 284917, 'time_iter': 0.01355, 'accuracy': 0.27857, 'f1': 0.20901, 'auc': 0.88896}
> Epoch 140: took 4.7s (avg 5.9s) | Best so far: epoch 139	train_loss: 0.2819 train_accuracy: 0.9091	val_loss: 2.5880 val_accuracy: 0.4024	test_loss: 3.8924 test_accuracy: 0.2286	F1: 0.1799 Prec: 0.2763 Rec: 0.2286
train: {'epoch': 141, 'time_epoch': 4.29533, 'eta': 572.70192, 'eta_hours': 0.15908, 'loss': 0.27001399, 'lr': 0.00040015, 'params': 284917, 'time_iter': 0.02454, 'accuracy': 0.91237, 'f1': 0.91229, 'auc': 0.99802}
val: {'epoch': 141, 'time_epoch': 0.17548, 'loss': 2.96046726, 'lr': 0, 'params': 284917, 'time_iter': 0.01253, 'accuracy': 0.34524, 'f1': 0.31971, 'auc': 0.87937}
test: {'epoch': 141, 'time_epoch': 0.16993, 'loss': 3.48979209, 'lr': 0, 'params': 284917, 'time_iter': 0.01214, 'accuracy': 0.32857, 'f1': 0.25083, 'auc': 0.90179}
> Epoch 141: took 4.8s (avg 5.9s) | Best so far: epoch 139	train_loss: 0.2819 train_accuracy: 0.9091	val_loss: 2.5880 val_accuracy: 0.4024	test_loss: 3.8924 test_accuracy: 0.2286	F1: 0.1799 Prec: 0.2763 Rec: 0.2286
train: {'epoch': 142, 'time_epoch': 4.12343, 'eta': 566.51666, 'eta_hours': 0.15737, 'loss': 0.28234651, 'lr': 0.000394, 'params': 284917, 'time_iter': 0.02356, 'accuracy': 0.90627, 'f1': 0.90614, 'auc': 0.9977}
val: {'epoch': 142, 'time_epoch': 0.17884, 'loss': 2.82908884, 'lr': 0, 'params': 284917, 'time_iter': 0.01277, 'accuracy': 0.3381, 'f1': 0.31885, 'auc': 0.88382}
test: {'epoch': 142, 'time_epoch': 0.17556, 'loss': 4.60918677, 'lr': 0, 'params': 284917, 'time_iter': 0.01254, 'accuracy': 0.26429, 'f1': 0.1886, 'auc': 0.87251}
> Epoch 142: took 4.6s (avg 5.9s) | Best so far: epoch 139	train_loss: 0.2819 train_accuracy: 0.9091	val_loss: 2.5880 val_accuracy: 0.4024	test_loss: 3.8924 test_accuracy: 0.2286	F1: 0.1799 Prec: 0.2763 Rec: 0.2286
train: {'epoch': 143, 'time_epoch': 4.21061, 'eta': 560.42422, 'eta_hours': 0.15567, 'loss': 0.27097511, 'lr': 0.00038786, 'params': 284917, 'time_iter': 0.02406, 'accuracy': 0.91147, 'f1': 0.91144, 'auc': 0.99792}
val: {'epoch': 143, 'time_epoch': 0.18283, 'loss': 3.01650255, 'lr': 0, 'params': 284917, 'time_iter': 0.01306, 'accuracy': 0.30714, 'f1': 0.29128, 'auc': 0.86901}
test: {'epoch': 143, 'time_epoch': 0.19267, 'loss': 5.01148046, 'lr': 0, 'params': 284917, 'time_iter': 0.01376, 'accuracy': 0.20238, 'f1': 0.14972, 'auc': 0.84331}
> Epoch 143: took 4.7s (avg 5.9s) | Best so far: epoch 139	train_loss: 0.2819 train_accuracy: 0.9091	val_loss: 2.5880 val_accuracy: 0.4024	test_loss: 3.8924 test_accuracy: 0.2286	F1: 0.1799 Prec: 0.2763 Rec: 0.2286
train: {'epoch': 144, 'time_epoch': 4.09858, 'eta': 554.2766, 'eta_hours': 0.15397, 'loss': 0.25456514, 'lr': 0.00038175, 'params': 284917, 'time_iter': 0.02342, 'accuracy': 0.91595, 'f1': 0.91591, 'auc': 0.99824}
val: {'epoch': 144, 'time_epoch': 0.22899, 'loss': 6.6040766, 'lr': 0, 'params': 284917, 'time_iter': 0.01636, 'accuracy': 0.13571, 'f1': 0.10445, 'auc': 0.77651}
test: {'epoch': 144, 'time_epoch': 0.41005, 'loss': 5.48137405, 'lr': 0, 'params': 284917, 'time_iter': 0.02929, 'accuracy': 0.20952, 'f1': 0.12933, 'auc': 0.81584}
> Epoch 144: took 4.9s (avg 5.9s) | Best so far: epoch 139	train_loss: 0.2819 train_accuracy: 0.9091	val_loss: 2.5880 val_accuracy: 0.4024	test_loss: 3.8924 test_accuracy: 0.2286	F1: 0.1799 Prec: 0.2763 Rec: 0.2286
train: {'epoch': 145, 'time_epoch': 5.29042, 'eta': 549.00604, 'eta_hours': 0.1525, 'loss': 0.26220273, 'lr': 0.00037566, 'params': 284917, 'time_iter': 0.03023, 'accuracy': 0.91541, 'f1': 0.91529, 'auc': 0.99804}
val: {'epoch': 145, 'time_epoch': 0.16903, 'loss': 2.88487225, 'lr': 0, 'params': 284917, 'time_iter': 0.01207, 'accuracy': 0.37381, 'f1': 0.32122, 'auc': 0.8893}
test: {'epoch': 145, 'time_epoch': 0.17724, 'loss': 3.27715341, 'lr': 0, 'params': 284917, 'time_iter': 0.01266, 'accuracy': 0.30476, 'f1': 0.26296, 'auc': 0.89442}
> Epoch 145: took 5.8s (avg 5.9s) | Best so far: epoch 139	train_loss: 0.2819 train_accuracy: 0.9091	val_loss: 2.5880 val_accuracy: 0.4024	test_loss: 3.8924 test_accuracy: 0.2286	F1: 0.1799 Prec: 0.2763 Rec: 0.2286
train: {'epoch': 146, 'time_epoch': 5.03352, 'eta': 543.5552, 'eta_hours': 0.15099, 'loss': 0.26025976, 'lr': 0.00036958, 'params': 284917, 'time_iter': 0.02876, 'accuracy': 0.9172, 'f1': 0.91721, 'auc': 0.99798}
val: {'epoch': 146, 'time_epoch': 0.19972, 'loss': 2.92153457, 'lr': 0, 'params': 284917, 'time_iter': 0.01427, 'accuracy': 0.38571, 'f1': 0.35533, 'auc': 0.88813}
test: {'epoch': 146, 'time_epoch': 0.24378, 'loss': 3.68222669, 'lr': 0, 'params': 284917, 'time_iter': 0.01741, 'accuracy': 0.3381, 'f1': 0.27683, 'auc': 0.89479}
> Epoch 146: took 5.6s (avg 5.9s) | Best so far: epoch 139	train_loss: 0.2819 train_accuracy: 0.9091	val_loss: 2.5880 val_accuracy: 0.4024	test_loss: 3.8924 test_accuracy: 0.2286	F1: 0.1799 Prec: 0.2763 Rec: 0.2286
train: {'epoch': 147, 'time_epoch': 5.06745, 'eta': 538.13338, 'eta_hours': 0.14948, 'loss': 0.27064885, 'lr': 0.00036352, 'params': 284917, 'time_iter': 0.02896, 'accuracy': 0.91022, 'f1': 0.91022, 'auc': 0.99793}
val: {'epoch': 147, 'time_epoch': 0.19595, 'loss': 2.78320976, 'lr': 0, 'params': 284917, 'time_iter': 0.014, 'accuracy': 0.33333, 'f1': 0.31775, 'auc': 0.89065}
test: {'epoch': 147, 'time_epoch': 0.18788, 'loss': 4.85083831, 'lr': 0, 'params': 284917, 'time_iter': 0.01342, 'accuracy': 0.22857, 'f1': 0.19651, 'auc': 0.85968}
> Epoch 147: took 5.6s (avg 5.9s) | Best so far: epoch 139	train_loss: 0.2819 train_accuracy: 0.9091	val_loss: 2.5880 val_accuracy: 0.4024	test_loss: 3.8924 test_accuracy: 0.2286	F1: 0.1799 Prec: 0.2763 Rec: 0.2286
train: {'epoch': 148, 'time_epoch': 4.56175, 'eta': 532.37353, 'eta_hours': 0.14788, 'loss': 0.2612334, 'lr': 0.00035749, 'params': 284917, 'time_iter': 0.02607, 'accuracy': 0.91523, 'f1': 0.91514, 'auc': 0.99795}
val: {'epoch': 148, 'time_epoch': 0.19077, 'loss': 2.68305835, 'lr': 0, 'params': 284917, 'time_iter': 0.01363, 'accuracy': 0.37619, 'f1': 0.34457, 'auc': 0.89064}
test: {'epoch': 148, 'time_epoch': 0.20731, 'loss': 3.66053526, 'lr': 0, 'params': 284917, 'time_iter': 0.01481, 'accuracy': 0.25476, 'f1': 0.21975, 'auc': 0.87992}
> Epoch 148: took 5.1s (avg 5.9s) | Best so far: epoch 139	train_loss: 0.2819 train_accuracy: 0.9091	val_loss: 2.5880 val_accuracy: 0.4024	test_loss: 3.8924 test_accuracy: 0.2286	F1: 0.1799 Prec: 0.2763 Rec: 0.2286
train: {'epoch': 149, 'time_epoch': 4.98938, 'eta': 526.91474, 'eta_hours': 0.14637, 'loss': 0.25795316, 'lr': 0.00035148, 'params': 284917, 'time_iter': 0.02851, 'accuracy': 0.91434, 'f1': 0.91431, 'auc': 0.99809}
val: {'epoch': 149, 'time_epoch': 0.21404, 'loss': 3.47118127, 'lr': 0, 'params': 284917, 'time_iter': 0.01529, 'accuracy': 0.30952, 'f1': 0.29301, 'auc': 0.86924}
test: {'epoch': 149, 'time_epoch': 0.24619, 'loss': 4.86519326, 'lr': 0, 'params': 284917, 'time_iter': 0.01758, 'accuracy': 0.2381, 'f1': 0.1637, 'auc': 0.85401}
> Epoch 149: took 5.6s (avg 5.9s) | Best so far: epoch 139	train_loss: 0.2819 train_accuracy: 0.9091	val_loss: 2.5880 val_accuracy: 0.4024	test_loss: 3.8924 test_accuracy: 0.2286	F1: 0.1799 Prec: 0.2763 Rec: 0.2286
train: {'epoch': 150, 'time_epoch': 5.09067, 'eta': 521.52858, 'eta_hours': 0.14487, 'loss': 0.25418166, 'lr': 0.00034549, 'params': 284917, 'time_iter': 0.02909, 'accuracy': 0.92097, 'f1': 0.92097, 'auc': 0.99813}
val: {'epoch': 150, 'time_epoch': 0.24973, 'loss': 3.08177499, 'lr': 0, 'params': 284917, 'time_iter': 0.01784, 'accuracy': 0.36667, 'f1': 0.3363, 'auc': 0.88376}
test: {'epoch': 150, 'time_epoch': 0.209, 'loss': 4.3119258, 'lr': 0, 'params': 284917, 'time_iter': 0.01493, 'accuracy': 0.27619, 'f1': 0.19394, 'auc': 0.88053}
> Epoch 150: took 5.8s (avg 5.9s) | Best so far: epoch 139	train_loss: 0.2819 train_accuracy: 0.9091	val_loss: 2.5880 val_accuracy: 0.4024	test_loss: 3.8924 test_accuracy: 0.2286	F1: 0.1799 Prec: 0.2763 Rec: 0.2286
train: {'epoch': 151, 'time_epoch': 5.53239, 'eta': 516.4311, 'eta_hours': 0.14345, 'loss': 0.24345441, 'lr': 0.00033953, 'params': 284917, 'time_iter': 0.03161, 'accuracy': 0.92401, 'f1': 0.92397, 'auc': 0.99829}
val: {'epoch': 151, 'time_epoch': 0.26488, 'loss': 5.10015613, 'lr': 0, 'params': 284917, 'time_iter': 0.01892, 'accuracy': 0.22143, 'f1': 0.17709, 'auc': 0.83045}
test: {'epoch': 151, 'time_epoch': 0.23521, 'loss': 5.4761524, 'lr': 0, 'params': 284917, 'time_iter': 0.0168, 'accuracy': 0.26905, 'f1': 0.19189, 'auc': 0.85908}
> Epoch 151: took 6.2s (avg 5.9s) | Best so far: epoch 139	train_loss: 0.2819 train_accuracy: 0.9091	val_loss: 2.5880 val_accuracy: 0.4024	test_loss: 3.8924 test_accuracy: 0.2286	F1: 0.1799 Prec: 0.2763 Rec: 0.2286
train: {'epoch': 152, 'time_epoch': 5.39523, 'eta': 511.24097, 'eta_hours': 0.14201, 'loss': 0.23405577, 'lr': 0.00033359, 'params': 284917, 'time_iter': 0.03083, 'accuracy': 0.92366, 'f1': 0.92362, 'auc': 0.99848}
val: {'epoch': 152, 'time_epoch': 0.201, 'loss': 3.24614286, 'lr': 0, 'params': 284917, 'time_iter': 0.01436, 'accuracy': 0.31667, 'f1': 0.3002, 'auc': 0.8797}
test: {'epoch': 152, 'time_epoch': 0.25509, 'loss': 4.76360024, 'lr': 0, 'params': 284917, 'time_iter': 0.01822, 'accuracy': 0.2119, 'f1': 0.14716, 'auc': 0.86165}
> Epoch 152: took 6.0s (avg 5.9s) | Best so far: epoch 139	train_loss: 0.2819 train_accuracy: 0.9091	val_loss: 2.5880 val_accuracy: 0.4024	test_loss: 3.8924 test_accuracy: 0.2286	F1: 0.1799 Prec: 0.2763 Rec: 0.2286
train: {'epoch': 153, 'time_epoch': 5.76639, 'eta': 506.27955, 'eta_hours': 0.14063, 'loss': 0.24559615, 'lr': 0.00032768, 'params': 284917, 'time_iter': 0.03295, 'accuracy': 0.92061, 'f1': 0.92059, 'auc': 0.99821}
val: {'epoch': 153, 'time_epoch': 0.27271, 'loss': 3.143646, 'lr': 0, 'params': 284917, 'time_iter': 0.01948, 'accuracy': 0.38333, 'f1': 0.34442, 'auc': 0.8852}
test: {'epoch': 153, 'time_epoch': 0.19501, 'loss': 3.39982778, 'lr': 0, 'params': 284917, 'time_iter': 0.01393, 'accuracy': 0.33095, 'f1': 0.26952, 'auc': 0.90078}
> Epoch 153: took 6.4s (avg 5.9s) | Best so far: epoch 139	train_loss: 0.2819 train_accuracy: 0.9091	val_loss: 2.5880 val_accuracy: 0.4024	test_loss: 3.8924 test_accuracy: 0.2286	F1: 0.1799 Prec: 0.2763 Rec: 0.2286
train: {'epoch': 154, 'time_epoch': 5.96798, 'eta': 501.43131, 'eta_hours': 0.13929, 'loss': 0.23140595, 'lr': 0.00032179, 'params': 284917, 'time_iter': 0.0341, 'accuracy': 0.92222, 'f1': 0.92215, 'auc': 0.99855}
val: {'epoch': 154, 'time_epoch': 0.21634, 'loss': 3.18223071, 'lr': 0, 'params': 284917, 'time_iter': 0.01545, 'accuracy': 0.30952, 'f1': 0.2749, 'auc': 0.8761}
test: {'epoch': 154, 'time_epoch': 0.22426, 'loss': 5.07293655, 'lr': 0, 'params': 284917, 'time_iter': 0.01602, 'accuracy': 0.21905, 'f1': 0.16503, 'auc': 0.83068}
> Epoch 154: took 6.6s (avg 5.9s) | Best so far: epoch 139	train_loss: 0.2819 train_accuracy: 0.9091	val_loss: 2.5880 val_accuracy: 0.4024	test_loss: 3.8924 test_accuracy: 0.2286	F1: 0.1799 Prec: 0.2763 Rec: 0.2286
train: {'epoch': 155, 'time_epoch': 5.81111, 'eta': 496.47418, 'eta_hours': 0.13791, 'loss': 0.23050687, 'lr': 0.00031594, 'params': 284917, 'time_iter': 0.03321, 'accuracy': 0.92616, 'f1': 0.92615, 'auc': 0.99845}
val: {'epoch': 155, 'time_epoch': 0.18819, 'loss': 2.93446882, 'lr': 0, 'params': 284917, 'time_iter': 0.01344, 'accuracy': 0.35714, 'f1': 0.33705, 'auc': 0.88273}
test: {'epoch': 155, 'time_epoch': 0.20646, 'loss': 3.55871664, 'lr': 0, 'params': 284917, 'time_iter': 0.01475, 'accuracy': 0.29524, 'f1': 0.23641, 'auc': 0.89266}
> Epoch 155: took 6.4s (avg 5.9s) | Best so far: epoch 139	train_loss: 0.2819 train_accuracy: 0.9091	val_loss: 2.5880 val_accuracy: 0.4024	test_loss: 3.8924 test_accuracy: 0.2286	F1: 0.1799 Prec: 0.2763 Rec: 0.2286
train: {'epoch': 156, 'time_epoch': 5.52314, 'eta': 491.3356, 'eta_hours': 0.13648, 'loss': 0.23343462, 'lr': 0.00031011, 'params': 284917, 'time_iter': 0.03156, 'accuracy': 0.92455, 'f1': 0.92451, 'auc': 0.99845}
val: {'epoch': 156, 'time_epoch': 0.20861, 'loss': 2.58893102, 'lr': 0, 'params': 284917, 'time_iter': 0.0149, 'accuracy': 0.38333, 'f1': 0.35721, 'auc': 0.9032}
test: {'epoch': 156, 'time_epoch': 0.20839, 'loss': 4.26378644, 'lr': 0, 'params': 284917, 'time_iter': 0.01489, 'accuracy': 0.3, 'f1': 0.23812, 'auc': 0.87572}
> Epoch 156: took 6.1s (avg 5.9s) | Best so far: epoch 139	train_loss: 0.2819 train_accuracy: 0.9091	val_loss: 2.5880 val_accuracy: 0.4024	test_loss: 3.8924 test_accuracy: 0.2286	F1: 0.1799 Prec: 0.2763 Rec: 0.2286
train: {'epoch': 157, 'time_epoch': 5.27864, 'eta': 486.04978, 'eta_hours': 0.13501, 'loss': 0.25378261, 'lr': 0.00030431, 'params': 284917, 'time_iter': 0.03016, 'accuracy': 0.91935, 'f1': 0.91938, 'auc': 0.99806}
val: {'epoch': 157, 'time_epoch': 0.2431, 'loss': 2.75826526, 'lr': 0, 'params': 284917, 'time_iter': 0.01736, 'accuracy': 0.36905, 'f1': 0.34975, 'auc': 0.8953}
test: {'epoch': 157, 'time_epoch': 0.26108, 'loss': 3.98363694, 'lr': 0, 'params': 284917, 'time_iter': 0.01865, 'accuracy': 0.22857, 'f1': 0.18958, 'auc': 0.8793}
> Epoch 157: took 6.0s (avg 5.9s) | Best so far: epoch 139	train_loss: 0.2819 train_accuracy: 0.9091	val_loss: 2.5880 val_accuracy: 0.4024	test_loss: 3.8924 test_accuracy: 0.2286	F1: 0.1799 Prec: 0.2763 Rec: 0.2286
train: {'epoch': 158, 'time_epoch': 5.20121, 'eta': 480.71973, 'eta_hours': 0.13353, 'loss': 0.23352724, 'lr': 0.00029855, 'params': 284917, 'time_iter': 0.02972, 'accuracy': 0.92455, 'f1': 0.9245, 'auc': 0.99841}
val: {'epoch': 158, 'time_epoch': 0.1979, 'loss': 2.98560905, 'lr': 0, 'params': 284917, 'time_iter': 0.01414, 'accuracy': 0.3381, 'f1': 0.31105, 'auc': 0.88531}
test: {'epoch': 158, 'time_epoch': 0.1957, 'loss': 3.4754189, 'lr': 0, 'params': 284917, 'time_iter': 0.01398, 'accuracy': 0.25238, 'f1': 0.2279, 'auc': 0.88898}
> Epoch 158: took 5.8s (avg 5.9s) | Best so far: epoch 139	train_loss: 0.2819 train_accuracy: 0.9091	val_loss: 2.5880 val_accuracy: 0.4024	test_loss: 3.8924 test_accuracy: 0.2286	F1: 0.1799 Prec: 0.2763 Rec: 0.2286
train: {'epoch': 159, 'time_epoch': 5.5561, 'eta': 475.59092, 'eta_hours': 0.13211, 'loss': 0.24056038, 'lr': 0.00029281, 'params': 284917, 'time_iter': 0.03175, 'accuracy': 0.92312, 'f1': 0.92312, 'auc': 0.99826}
val: {'epoch': 159, 'time_epoch': 0.20223, 'loss': 2.67542981, 'lr': 0, 'params': 284917, 'time_iter': 0.01445, 'accuracy': 0.35476, 'f1': 0.32581, 'auc': 0.90095}
test: {'epoch': 159, 'time_epoch': 0.20014, 'loss': 3.6107381, 'lr': 0, 'params': 284917, 'time_iter': 0.0143, 'accuracy': 0.28571, 'f1': 0.2425, 'auc': 0.88898}
> Epoch 159: took 6.1s (avg 5.9s) | Best so far: epoch 139	train_loss: 0.2819 train_accuracy: 0.9091	val_loss: 2.5880 val_accuracy: 0.4024	test_loss: 3.8924 test_accuracy: 0.2286	F1: 0.1799 Prec: 0.2763 Rec: 0.2286
train: {'epoch': 160, 'time_epoch': 5.51439, 'eta': 470.43375, 'eta_hours': 0.13068, 'loss': 0.23908957, 'lr': 0.00028711, 'params': 284917, 'time_iter': 0.03151, 'accuracy': 0.92384, 'f1': 0.92383, 'auc': 0.99833}
val: {'epoch': 160, 'time_epoch': 0.23834, 'loss': 2.44151345, 'lr': 0, 'params': 284917, 'time_iter': 0.01702, 'accuracy': 0.4119, 'f1': 0.38951, 'auc': 0.90468}
test: {'epoch': 160, 'time_epoch': 0.2458, 'loss': 4.01300492, 'lr': 0, 'params': 284917, 'time_iter': 0.01756, 'accuracy': 0.24762, 'f1': 0.23083, 'auc': 0.86952}
[*] Confusion Matrix saved to: results_lopo_1.0/FQ_3m\Conf\confusion_matrix_epoch_160.png
> Epoch 160: took 6.2s (avg 5.9s) | Best so far: epoch 160	train_loss: 0.2391 train_accuracy: 0.9238	val_loss: 2.4415 val_accuracy: 0.4119	test_loss: 4.0130 test_accuracy: 0.2476	F1: 0.2308 Prec: 0.4097 Rec: 0.2476
train: {'epoch': 161, 'time_epoch': 5.13277, 'eta': 465.06486, 'eta_hours': 0.12918, 'loss': 0.21719382, 'lr': 0.00028144, 'params': 284917, 'time_iter': 0.02933, 'accuracy': 0.92796, 'f1': 0.92793, 'auc': 0.99873}
val: {'epoch': 161, 'time_epoch': 0.19125, 'loss': 2.28515617, 'lr': 0, 'params': 284917, 'time_iter': 0.01366, 'accuracy': 0.42619, 'f1': 0.40439, 'auc': 0.91616}
test: {'epoch': 161, 'time_epoch': 0.2077, 'loss': 3.53956261, 'lr': 0, 'params': 284917, 'time_iter': 0.01484, 'accuracy': 0.30714, 'f1': 0.2465, 'auc': 0.89756}
[*] Confusion Matrix saved to: results_lopo_1.0/FQ_3m\Conf\confusion_matrix_epoch_161.png
> Epoch 161: took 5.7s (avg 5.9s) | Best so far: epoch 161	train_loss: 0.2172 train_accuracy: 0.9280	val_loss: 2.2852 val_accuracy: 0.4262	test_loss: 3.5396 test_accuracy: 0.3071	F1: 0.2465 Prec: 0.2903 Rec: 0.3071
train: {'epoch': 162, 'time_epoch': 5.71391, 'eta': 460.00905, 'eta_hours': 0.12778, 'loss': 0.23963433, 'lr': 0.00027581, 'params': 284917, 'time_iter': 0.03265, 'accuracy': 0.92384, 'f1': 0.92376, 'auc': 0.99826}
val: {'epoch': 162, 'time_epoch': 0.21802, 'loss': 2.48316453, 'lr': 0, 'params': 284917, 'time_iter': 0.01557, 'accuracy': 0.40952, 'f1': 0.403, 'auc': 0.90278}
test: {'epoch': 162, 'time_epoch': 0.23629, 'loss': 4.14527325, 'lr': 0, 'params': 284917, 'time_iter': 0.01688, 'accuracy': 0.2881, 'f1': 0.25019, 'auc': 0.87964}
> Epoch 162: took 6.4s (avg 5.9s) | Best so far: epoch 161	train_loss: 0.2172 train_accuracy: 0.9280	val_loss: 2.2852 val_accuracy: 0.4262	test_loss: 3.5396 test_accuracy: 0.3071	F1: 0.2465 Prec: 0.2903 Rec: 0.3071
train: {'epoch': 163, 'time_epoch': 5.48968, 'eta': 454.82764, 'eta_hours': 0.12634, 'loss': 0.2333987, 'lr': 0.00027021, 'params': 284917, 'time_iter': 0.03137, 'accuracy': 0.92563, 'f1': 0.92556, 'auc': 0.99834}
val: {'epoch': 163, 'time_epoch': 0.27875, 'loss': 4.69443225, 'lr': 0, 'params': 284917, 'time_iter': 0.01991, 'accuracy': 0.22381, 'f1': 0.19325, 'auc': 0.82989}
test: {'epoch': 163, 'time_epoch': 0.30631, 'loss': 4.43922659, 'lr': 0, 'params': 284917, 'time_iter': 0.02188, 'accuracy': 0.23095, 'f1': 0.16993, 'auc': 0.84594}
> Epoch 163: took 6.3s (avg 5.9s) | Best so far: epoch 161	train_loss: 0.2172 train_accuracy: 0.9280	val_loss: 2.2852 val_accuracy: 0.4262	test_loss: 3.5396 test_accuracy: 0.3071	F1: 0.2465 Prec: 0.2903 Rec: 0.3071
train: {'epoch': 164, 'time_epoch': 5.44384, 'eta': 449.61887, 'eta_hours': 0.12489, 'loss': 0.24310322, 'lr': 0.00026465, 'params': 284917, 'time_iter': 0.03111, 'accuracy': 0.92133, 'f1': 0.92126, 'auc': 0.9983}
val: {'epoch': 164, 'time_epoch': 0.3292, 'loss': 3.21762626, 'lr': 0, 'params': 284917, 'time_iter': 0.02351, 'accuracy': 0.33571, 'f1': 0.30112, 'auc': 0.87873}
test: {'epoch': 164, 'time_epoch': 0.2945, 'loss': 4.3254407, 'lr': 0, 'params': 284917, 'time_iter': 0.02104, 'accuracy': 0.2381, 'f1': 0.18688, 'auc': 0.86765}
> Epoch 164: took 6.2s (avg 5.9s) | Best so far: epoch 161	train_loss: 0.2172 train_accuracy: 0.9280	val_loss: 2.2852 val_accuracy: 0.4262	test_loss: 3.5396 test_accuracy: 0.3071	F1: 0.2465 Prec: 0.2903 Rec: 0.3071
train: {'epoch': 165, 'time_epoch': 5.71979, 'eta': 444.5469, 'eta_hours': 0.12349, 'loss': 0.23333936, 'lr': 0.00025912, 'params': 284917, 'time_iter': 0.03268, 'accuracy': 0.92133, 'f1': 0.92128, 'auc': 0.99843}
val: {'epoch': 165, 'time_epoch': 0.1792, 'loss': 2.88135579, 'lr': 0, 'params': 284917, 'time_iter': 0.0128, 'accuracy': 0.34286, 'f1': 0.31223, 'auc': 0.89397}
test: {'epoch': 165, 'time_epoch': 0.19104, 'loss': 4.81894699, 'lr': 0, 'params': 284917, 'time_iter': 0.01365, 'accuracy': 0.23095, 'f1': 0.18252, 'auc': 0.86108}
> Epoch 165: took 6.3s (avg 5.9s) | Best so far: epoch 161	train_loss: 0.2172 train_accuracy: 0.9280	val_loss: 2.2852 val_accuracy: 0.4262	test_loss: 3.5396 test_accuracy: 0.3071	F1: 0.2465 Prec: 0.2903 Rec: 0.3071
train: {'epoch': 166, 'time_epoch': 5.60724, 'eta': 439.41124, 'eta_hours': 0.12206, 'loss': 0.22355568, 'lr': 0.00025364, 'params': 284917, 'time_iter': 0.03204, 'accuracy': 0.92993, 'f1': 0.9299, 'auc': 0.99849}
val: {'epoch': 166, 'time_epoch': 0.27361, 'loss': 2.84017116, 'lr': 0, 'params': 284917, 'time_iter': 0.01954, 'accuracy': 0.39048, 'f1': 0.34496, 'auc': 0.89846}
test: {'epoch': 166, 'time_epoch': 0.22003, 'loss': 3.83274528, 'lr': 0, 'params': 284917, 'time_iter': 0.01572, 'accuracy': 0.27619, 'f1': 0.24059, 'auc': 0.87783}
> Epoch 166: took 6.3s (avg 5.9s) | Best so far: epoch 161	train_loss: 0.2172 train_accuracy: 0.9280	val_loss: 2.2852 val_accuracy: 0.4262	test_loss: 3.5396 test_accuracy: 0.3071	F1: 0.2465 Prec: 0.2903 Rec: 0.3071
train: {'epoch': 167, 'time_epoch': 5.80427, 'eta': 434.36613, 'eta_hours': 0.12066, 'loss': 0.22281025, 'lr': 0.00024819, 'params': 284917, 'time_iter': 0.03317, 'accuracy': 0.92993, 'f1': 0.92985, 'auc': 0.99848}
val: {'epoch': 167, 'time_epoch': 0.17784, 'loss': 3.54330468, 'lr': 0, 'params': 284917, 'time_iter': 0.0127, 'accuracy': 0.30238, 'f1': 0.26615, 'auc': 0.86304}
test: {'epoch': 167, 'time_epoch': 0.19369, 'loss': 4.83006428, 'lr': 0, 'params': 284917, 'time_iter': 0.01384, 'accuracy': 0.22857, 'f1': 0.17598, 'auc': 0.83052}
> Epoch 167: took 6.3s (avg 5.9s) | Best so far: epoch 161	train_loss: 0.2172 train_accuracy: 0.9280	val_loss: 2.2852 val_accuracy: 0.4262	test_loss: 3.5396 test_accuracy: 0.3071	F1: 0.2465 Prec: 0.2903 Rec: 0.3071
train: {'epoch': 168, 'time_epoch': 5.96587, 'eta': 429.3895, 'eta_hours': 0.11927, 'loss': 0.230644, 'lr': 0.00024278, 'params': 284917, 'time_iter': 0.03409, 'accuracy': 0.92222, 'f1': 0.92217, 'auc': 0.99847}
val: {'epoch': 168, 'time_epoch': 0.26516, 'loss': 2.85438151, 'lr': 0, 'params': 284917, 'time_iter': 0.01894, 'accuracy': 0.37143, 'f1': 0.33858, 'auc': 0.89855}
test: {'epoch': 168, 'time_epoch': 0.27024, 'loss': 4.8611428, 'lr': 0, 'params': 284917, 'time_iter': 0.0193, 'accuracy': 0.22143, 'f1': 0.16789, 'auc': 0.85627}
> Epoch 168: took 6.7s (avg 5.9s) | Best so far: epoch 161	train_loss: 0.2172 train_accuracy: 0.9280	val_loss: 2.2852 val_accuracy: 0.4262	test_loss: 3.5396 test_accuracy: 0.3071	F1: 0.2465 Prec: 0.2903 Rec: 0.3071
train: {'epoch': 169, 'time_epoch': 5.58935, 'eta': 424.22404, 'eta_hours': 0.11784, 'loss': 0.20680498, 'lr': 0.00023741, 'params': 284917, 'time_iter': 0.03194, 'accuracy': 0.93118, 'f1': 0.93112, 'auc': 0.99881}
val: {'epoch': 169, 'time_epoch': 0.24862, 'loss': 2.93495112, 'lr': 0, 'params': 284917, 'time_iter': 0.01776, 'accuracy': 0.3381, 'f1': 0.31809, 'auc': 0.89233}
test: {'epoch': 169, 'time_epoch': 0.25731, 'loss': 3.89110506, 'lr': 0, 'params': 284917, 'time_iter': 0.01838, 'accuracy': 0.27857, 'f1': 0.22745, 'auc': 0.87932}
> Epoch 169: took 6.3s (avg 5.9s) | Best so far: epoch 161	train_loss: 0.2172 train_accuracy: 0.9280	val_loss: 2.2852 val_accuracy: 0.4262	test_loss: 3.5396 test_accuracy: 0.3071	F1: 0.2465 Prec: 0.2903 Rec: 0.3071
train: {'epoch': 170, 'time_epoch': 5.76474, 'eta': 419.13465, 'eta_hours': 0.11643, 'loss': 0.20359914, 'lr': 0.00023209, 'params': 284917, 'time_iter': 0.03294, 'accuracy': 0.9319, 'f1': 0.93186, 'auc': 0.99889}
val: {'epoch': 170, 'time_epoch': 0.25173, 'loss': 2.56705006, 'lr': 0, 'params': 284917, 'time_iter': 0.01798, 'accuracy': 0.39048, 'f1': 0.35518, 'auc': 0.90957}
test: {'epoch': 170, 'time_epoch': 0.2729, 'loss': 4.43799912, 'lr': 0, 'params': 284917, 'time_iter': 0.01949, 'accuracy': 0.26667, 'f1': 0.22396, 'auc': 0.8779}
> Epoch 170: took 6.5s (avg 5.9s) | Best so far: epoch 161	train_loss: 0.2172 train_accuracy: 0.9280	val_loss: 2.2852 val_accuracy: 0.4262	test_loss: 3.5396 test_accuracy: 0.3071	F1: 0.2465 Prec: 0.2903 Rec: 0.3071
train: {'epoch': 171, 'time_epoch': 5.676, 'eta': 413.99716, 'eta_hours': 0.115, 'loss': 0.2171196, 'lr': 0.0002268, 'params': 284917, 'time_iter': 0.03243, 'accuracy': 0.92796, 'f1': 0.9279, 'auc': 0.99865}
val: {'epoch': 171, 'time_epoch': 0.24889, 'loss': 2.88235105, 'lr': 0, 'params': 284917, 'time_iter': 0.01778, 'accuracy': 0.39524, 'f1': 0.35624, 'auc': 0.89904}
test: {'epoch': 171, 'time_epoch': 0.27356, 'loss': 3.77253721, 'lr': 0, 'params': 284917, 'time_iter': 0.01954, 'accuracy': 0.30238, 'f1': 0.23137, 'auc': 0.8976}
> Epoch 171: took 6.4s (avg 5.9s) | Best so far: epoch 161	train_loss: 0.2172 train_accuracy: 0.9280	val_loss: 2.2852 val_accuracy: 0.4262	test_loss: 3.5396 test_accuracy: 0.3071	F1: 0.2465 Prec: 0.2903 Rec: 0.3071
train: {'epoch': 172, 'time_epoch': 5.71088, 'eta': 408.86897, 'eta_hours': 0.11357, 'loss': 0.20476141, 'lr': 0.00022156, 'params': 284917, 'time_iter': 0.03263, 'accuracy': 0.9319, 'f1': 0.93189, 'auc': 0.99882}
val: {'epoch': 172, 'time_epoch': 0.24789, 'loss': 2.91550559, 'lr': 0, 'params': 284917, 'time_iter': 0.01771, 'accuracy': 0.34762, 'f1': 0.31868, 'auc': 0.89193}
test: {'epoch': 172, 'time_epoch': 0.25628, 'loss': 5.4372623, 'lr': 0, 'params': 284917, 'time_iter': 0.01831, 'accuracy': 0.21667, 'f1': 0.15064, 'auc': 0.84505}
> Epoch 172: took 6.5s (avg 5.9s) | Best so far: epoch 161	train_loss: 0.2172 train_accuracy: 0.9280	val_loss: 2.2852 val_accuracy: 0.4262	test_loss: 3.5396 test_accuracy: 0.3071	F1: 0.2465 Prec: 0.2903 Rec: 0.3071
train: {'epoch': 173, 'time_epoch': 5.74198, 'eta': 403.74768, 'eta_hours': 0.11215, 'loss': 0.21166755, 'lr': 0.00021637, 'params': 284917, 'time_iter': 0.03281, 'accuracy': 0.931, 'f1': 0.93096, 'auc': 0.99877}
val: {'epoch': 173, 'time_epoch': 0.27411, 'loss': 3.48334042, 'lr': 0, 'params': 284917, 'time_iter': 0.01958, 'accuracy': 0.3381, 'f1': 0.29314, 'auc': 0.87436}
test: {'epoch': 173, 'time_epoch': 0.22045, 'loss': 4.38931094, 'lr': 0, 'params': 284917, 'time_iter': 0.01575, 'accuracy': 0.27143, 'f1': 0.23064, 'auc': 0.86302}
> Epoch 173: took 6.5s (avg 5.9s) | Best so far: epoch 161	train_loss: 0.2172 train_accuracy: 0.9280	val_loss: 2.2852 val_accuracy: 0.4262	test_loss: 3.5396 test_accuracy: 0.3071	F1: 0.2465 Prec: 0.2903 Rec: 0.3071
train: {'epoch': 174, 'time_epoch': 6.27322, 'eta': 398.84695, 'eta_hours': 0.11079, 'loss': 0.20132061, 'lr': 0.00021121, 'params': 284917, 'time_iter': 0.03585, 'accuracy': 0.9353, 'f1': 0.93518, 'auc': 0.99884}
val: {'epoch': 174, 'time_epoch': 0.22106, 'loss': 2.73467528, 'lr': 0, 'params': 284917, 'time_iter': 0.01579, 'accuracy': 0.4119, 'f1': 0.37021, 'auc': 0.90167}
test: {'epoch': 174, 'time_epoch': 0.21087, 'loss': 3.96794562, 'lr': 0, 'params': 284917, 'time_iter': 0.01506, 'accuracy': 0.24762, 'f1': 0.21436, 'auc': 0.88715}
> Epoch 174: took 6.9s (avg 5.9s) | Best so far: epoch 161	train_loss: 0.2172 train_accuracy: 0.9280	val_loss: 2.2852 val_accuracy: 0.4262	test_loss: 3.5396 test_accuracy: 0.3071	F1: 0.2465 Prec: 0.2903 Rec: 0.3071
train: {'epoch': 175, 'time_epoch': 5.91049, 'eta': 393.77813, 'eta_hours': 0.10938, 'loss': 0.19565173, 'lr': 0.00020611, 'params': 284917, 'time_iter': 0.03377, 'accuracy': 0.9353, 'f1': 0.9353, 'auc': 0.99891}
val: {'epoch': 175, 'time_epoch': 0.21188, 'loss': 2.71133195, 'lr': 0, 'params': 284917, 'time_iter': 0.01513, 'accuracy': 0.41429, 'f1': 0.37335, 'auc': 0.90388}
test: {'epoch': 175, 'time_epoch': 0.23867, 'loss': 3.95268104, 'lr': 0, 'params': 284917, 'time_iter': 0.01705, 'accuracy': 0.23571, 'f1': 0.20334, 'auc': 0.88148}
> Epoch 175: took 6.5s (avg 5.9s) | Best so far: epoch 161	train_loss: 0.2172 train_accuracy: 0.9280	val_loss: 2.2852 val_accuracy: 0.4262	test_loss: 3.5396 test_accuracy: 0.3071	F1: 0.2465 Prec: 0.2903 Rec: 0.3071
train: {'epoch': 176, 'time_epoch': 6.09332, 'eta': 388.7752, 'eta_hours': 0.10799, 'loss': 0.20389662, 'lr': 0.00020105, 'params': 284917, 'time_iter': 0.03482, 'accuracy': 0.93315, 'f1': 0.93312, 'auc': 0.99876}
val: {'epoch': 176, 'time_epoch': 0.21596, 'loss': 2.6398178, 'lr': 0, 'params': 284917, 'time_iter': 0.01543, 'accuracy': 0.37857, 'f1': 0.3464, 'auc': 0.90414}
test: {'epoch': 176, 'time_epoch': 0.23481, 'loss': 5.15429564, 'lr': 0, 'params': 284917, 'time_iter': 0.01677, 'accuracy': 0.23571, 'f1': 0.18259, 'auc': 0.85177}
> Epoch 176: took 6.7s (avg 5.9s) | Best so far: epoch 161	train_loss: 0.2172 train_accuracy: 0.9280	val_loss: 2.2852 val_accuracy: 0.4262	test_loss: 3.5396 test_accuracy: 0.3071	F1: 0.2465 Prec: 0.2903 Rec: 0.3071
train: {'epoch': 177, 'time_epoch': 6.33686, 'eta': 383.85852, 'eta_hours': 0.10663, 'loss': 0.20962589, 'lr': 0.00019603, 'params': 284917, 'time_iter': 0.03621, 'accuracy': 0.93262, 'f1': 0.93256, 'auc': 0.99873}
val: {'epoch': 177, 'time_epoch': 0.23493, 'loss': 3.63238978, 'lr': 0, 'params': 284917, 'time_iter': 0.01678, 'accuracy': 0.31667, 'f1': 0.29254, 'auc': 0.8774}
test: {'epoch': 177, 'time_epoch': 0.19161, 'loss': 4.91789207, 'lr': 0, 'params': 284917, 'time_iter': 0.01369, 'accuracy': 0.25714, 'f1': 0.17545, 'auc': 0.86549}
> Epoch 177: took 7.0s (avg 5.9s) | Best so far: epoch 161	train_loss: 0.2172 train_accuracy: 0.9280	val_loss: 2.2852 val_accuracy: 0.4262	test_loss: 3.5396 test_accuracy: 0.3071	F1: 0.2465 Prec: 0.2903 Rec: 0.3071
train: {'epoch': 178, 'time_epoch': 5.8218, 'eta': 378.72168, 'eta_hours': 0.1052, 'loss': 0.19610125, 'lr': 0.00019107, 'params': 284917, 'time_iter': 0.03327, 'accuracy': 0.93996, 'f1': 0.93993, 'auc': 0.99891}
val: {'epoch': 178, 'time_epoch': 0.18648, 'loss': 2.84682048, 'lr': 0, 'params': 284917, 'time_iter': 0.01332, 'accuracy': 0.35714, 'f1': 0.32118, 'auc': 0.90159}
test: {'epoch': 178, 'time_epoch': 0.22491, 'loss': 4.95033639, 'lr': 0, 'params': 284917, 'time_iter': 0.01606, 'accuracy': 0.23095, 'f1': 0.16528, 'auc': 0.86048}
> Epoch 178: took 6.4s (avg 6.0s) | Best so far: epoch 161	train_loss: 0.2172 train_accuracy: 0.9280	val_loss: 2.2852 val_accuracy: 0.4262	test_loss: 3.5396 test_accuracy: 0.3071	F1: 0.2465 Prec: 0.2903 Rec: 0.3071
train: {'epoch': 179, 'time_epoch': 5.73518, 'eta': 373.54354, 'eta_hours': 0.10376, 'loss': 0.19821832, 'lr': 0.00018615, 'params': 284917, 'time_iter': 0.03277, 'accuracy': 0.93172, 'f1': 0.93167, 'auc': 0.99894}
val: {'epoch': 179, 'time_epoch': 0.19687, 'loss': 2.55301836, 'lr': 0, 'params': 284917, 'time_iter': 0.01406, 'accuracy': 0.39762, 'f1': 0.36738, 'auc': 0.90304}
test: {'epoch': 179, 'time_epoch': 0.22976, 'loss': 4.22006376, 'lr': 0, 'params': 284917, 'time_iter': 0.01641, 'accuracy': 0.26667, 'f1': 0.23316, 'auc': 0.87819}
> Epoch 179: took 6.3s (avg 6.0s) | Best so far: epoch 161	train_loss: 0.2172 train_accuracy: 0.9280	val_loss: 2.2852 val_accuracy: 0.4262	test_loss: 3.5396 test_accuracy: 0.3071	F1: 0.2465 Prec: 0.2903 Rec: 0.3071
train: {'epoch': 180, 'time_epoch': 5.87615, 'eta': 368.41299, 'eta_hours': 0.10234, 'loss': 0.20578542, 'lr': 0.00018129, 'params': 284917, 'time_iter': 0.03358, 'accuracy': 0.92778, 'f1': 0.92779, 'auc': 0.99882}
val: {'epoch': 180, 'time_epoch': 0.25485, 'loss': 3.70810697, 'lr': 0, 'params': 284917, 'time_iter': 0.0182, 'accuracy': 0.3119, 'f1': 0.2893, 'auc': 0.86482}
test: {'epoch': 180, 'time_epoch': 0.20253, 'loss': 4.41207911, 'lr': 0, 'params': 284917, 'time_iter': 0.01447, 'accuracy': 0.23095, 'f1': 0.18364, 'auc': 0.85187}
> Epoch 180: took 6.5s (avg 6.0s) | Best so far: epoch 161	train_loss: 0.2172 train_accuracy: 0.9280	val_loss: 2.2852 val_accuracy: 0.4262	test_loss: 3.5396 test_accuracy: 0.3071	F1: 0.2465 Prec: 0.2903 Rec: 0.3071
train: {'epoch': 181, 'time_epoch': 6.30654, 'eta': 363.43505, 'eta_hours': 0.10095, 'loss': 0.2132679, 'lr': 0.00017647, 'params': 284917, 'time_iter': 0.03604, 'accuracy': 0.93172, 'f1': 0.9317, 'auc': 0.99866}
val: {'epoch': 181, 'time_epoch': 0.19378, 'loss': 2.67968754, 'lr': 0, 'params': 284917, 'time_iter': 0.01384, 'accuracy': 0.39286, 'f1': 0.37052, 'auc': 0.9028}
test: {'epoch': 181, 'time_epoch': 0.21786, 'loss': 4.20479842, 'lr': 0, 'params': 284917, 'time_iter': 0.01556, 'accuracy': 0.27619, 'f1': 0.22825, 'auc': 0.86732}
> Epoch 181: took 6.9s (avg 6.0s) | Best so far: epoch 161	train_loss: 0.2172 train_accuracy: 0.9280	val_loss: 2.2852 val_accuracy: 0.4262	test_loss: 3.5396 test_accuracy: 0.3071	F1: 0.2465 Prec: 0.2903 Rec: 0.3071
train: {'epoch': 182, 'time_epoch': 6.00752, 'eta': 358.33312, 'eta_hours': 0.09954, 'loss': 0.19020989, 'lr': 0.00017171, 'params': 284917, 'time_iter': 0.03433, 'accuracy': 0.93978, 'f1': 0.93976, 'auc': 0.99898}
val: {'epoch': 182, 'time_epoch': 0.27281, 'loss': 2.95218413, 'lr': 0, 'params': 284917, 'time_iter': 0.01949, 'accuracy': 0.34524, 'f1': 0.31774, 'auc': 0.893}
test: {'epoch': 182, 'time_epoch': 0.29438, 'loss': 4.31075894, 'lr': 0, 'params': 284917, 'time_iter': 0.02103, 'accuracy': 0.2119, 'f1': 0.17859, 'auc': 0.85989}
> Epoch 182: took 6.8s (avg 6.0s) | Best so far: epoch 161	train_loss: 0.2172 train_accuracy: 0.9280	val_loss: 2.2852 val_accuracy: 0.4262	test_loss: 3.5396 test_accuracy: 0.3071	F1: 0.2465 Prec: 0.2903 Rec: 0.3071
train: {'epoch': 183, 'time_epoch': 6.06072, 'eta': 353.24042, 'eta_hours': 0.09812, 'loss': 0.19245804, 'lr': 0.00016699, 'params': 284917, 'time_iter': 0.03463, 'accuracy': 0.93996, 'f1': 0.93991, 'auc': 0.99885}
val: {'epoch': 183, 'time_epoch': 0.29563, 'loss': 2.48434853, 'lr': 0, 'params': 284917, 'time_iter': 0.02112, 'accuracy': 0.40476, 'f1': 0.37625, 'auc': 0.90709}
test: {'epoch': 183, 'time_epoch': 0.26994, 'loss': 3.86243546, 'lr': 0, 'params': 284917, 'time_iter': 0.01928, 'accuracy': 0.2881, 'f1': 0.23938, 'auc': 0.88389}
> Epoch 183: took 6.8s (avg 6.0s) | Best so far: epoch 161	train_loss: 0.2172 train_accuracy: 0.9280	val_loss: 2.2852 val_accuracy: 0.4262	test_loss: 3.5396 test_accuracy: 0.3071	F1: 0.2465 Prec: 0.2903 Rec: 0.3071
train: {'epoch': 184, 'time_epoch': 5.99636, 'eta': 348.11464, 'eta_hours': 0.0967, 'loss': 0.19574332, 'lr': 0.00016233, 'params': 284917, 'time_iter': 0.03426, 'accuracy': 0.93799, 'f1': 0.93789, 'auc': 0.99874}
val: {'epoch': 184, 'time_epoch': 0.34645, 'loss': 2.56878125, 'lr': 0, 'params': 284917, 'time_iter': 0.02475, 'accuracy': 0.37143, 'f1': 0.3526, 'auc': 0.90732}
test: {'epoch': 184, 'time_epoch': 0.2243, 'loss': 3.98483208, 'lr': 0, 'params': 284917, 'time_iter': 0.01602, 'accuracy': 0.30238, 'f1': 0.26688, 'auc': 0.88327}
> Epoch 184: took 6.8s (avg 6.0s) | Best so far: epoch 161	train_loss: 0.2172 train_accuracy: 0.9280	val_loss: 2.2852 val_accuracy: 0.4262	test_loss: 3.5396 test_accuracy: 0.3071	F1: 0.2465 Prec: 0.2903 Rec: 0.3071
train: {'epoch': 185, 'time_epoch': 5.82143, 'eta': 342.91931, 'eta_hours': 0.09526, 'loss': 0.18167124, 'lr': 0.00015773, 'params': 284917, 'time_iter': 0.03327, 'accuracy': 0.94068, 'f1': 0.94067, 'auc': 0.99899}
val: {'epoch': 185, 'time_epoch': 0.25861, 'loss': 2.66702592, 'lr': 0, 'params': 284917, 'time_iter': 0.01847, 'accuracy': 0.38571, 'f1': 0.37042, 'auc': 0.90072}
test: {'epoch': 185, 'time_epoch': 0.27536, 'loss': 3.68692297, 'lr': 0, 'params': 284917, 'time_iter': 0.01967, 'accuracy': 0.30476, 'f1': 0.25536, 'auc': 0.8925}
> Epoch 185: took 6.6s (avg 6.0s) | Best so far: epoch 161	train_loss: 0.2172 train_accuracy: 0.9280	val_loss: 2.2852 val_accuracy: 0.4262	test_loss: 3.5396 test_accuracy: 0.3071	F1: 0.2465 Prec: 0.2903 Rec: 0.3071
train: {'epoch': 186, 'time_epoch': 5.5219, 'eta': 337.61638, 'eta_hours': 0.09378, 'loss': 0.18298088, 'lr': 0.00015317, 'params': 284917, 'time_iter': 0.03155, 'accuracy': 0.93907, 'f1': 0.93901, 'auc': 0.99907}
val: {'epoch': 186, 'time_epoch': 0.30785, 'loss': 2.65744274, 'lr': 0, 'params': 284917, 'time_iter': 0.02199, 'accuracy': 0.39048, 'f1': 0.3653, 'auc': 0.90825}
test: {'epoch': 186, 'time_epoch': 0.23871, 'loss': 4.87891184, 'lr': 0, 'params': 284917, 'time_iter': 0.01705, 'accuracy': 0.22381, 'f1': 0.17634, 'auc': 0.85658}
> Epoch 186: took 6.3s (avg 6.0s) | Best so far: epoch 161	train_loss: 0.2172 train_accuracy: 0.9280	val_loss: 2.2852 val_accuracy: 0.4262	test_loss: 3.5396 test_accuracy: 0.3071	F1: 0.2465 Prec: 0.2903 Rec: 0.3071
train: {'epoch': 187, 'time_epoch': 5.89282, 'eta': 332.43344, 'eta_hours': 0.09234, 'loss': 0.18410282, 'lr': 0.00014868, 'params': 284917, 'time_iter': 0.03367, 'accuracy': 0.93728, 'f1': 0.93727, 'auc': 0.99909}
val: {'epoch': 187, 'time_epoch': 0.25483, 'loss': 2.73122245, 'lr': 0, 'params': 284917, 'time_iter': 0.0182, 'accuracy': 0.39762, 'f1': 0.36913, 'auc': 0.8988}
test: {'epoch': 187, 'time_epoch': 0.26249, 'loss': 3.67520052, 'lr': 0, 'params': 284917, 'time_iter': 0.01875, 'accuracy': 0.29524, 'f1': 0.25028, 'auc': 0.89289}
> Epoch 187: took 6.6s (avg 6.0s) | Best so far: epoch 161	train_loss: 0.2172 train_accuracy: 0.9280	val_loss: 2.2852 val_accuracy: 0.4262	test_loss: 3.5396 test_accuracy: 0.3071	F1: 0.2465 Prec: 0.2903 Rec: 0.3071
train: {'epoch': 188, 'time_epoch': 6.75032, 'eta': 327.51975, 'eta_hours': 0.09098, 'loss': 0.18243537, 'lr': 0.00014423, 'params': 284917, 'time_iter': 0.03857, 'accuracy': 0.94104, 'f1': 0.94095, 'auc': 0.99903}
val: {'epoch': 188, 'time_epoch': 0.22778, 'loss': 2.59818714, 'lr': 0, 'params': 284917, 'time_iter': 0.01627, 'accuracy': 0.40476, 'f1': 0.38503, 'auc': 0.90537}
test: {'epoch': 188, 'time_epoch': 0.25209, 'loss': 4.80622881, 'lr': 0, 'params': 284917, 'time_iter': 0.01801, 'accuracy': 0.26667, 'f1': 0.22156, 'auc': 0.86514}
> Epoch 188: took 7.4s (avg 6.0s) | Best so far: epoch 161	train_loss: 0.2172 train_accuracy: 0.9280	val_loss: 2.2852 val_accuracy: 0.4262	test_loss: 3.5396 test_accuracy: 0.3071	F1: 0.2465 Prec: 0.2903 Rec: 0.3071
train: {'epoch': 189, 'time_epoch': 5.98221, 'eta': 322.34416, 'eta_hours': 0.08954, 'loss': 0.19015499, 'lr': 0.00013985, 'params': 284917, 'time_iter': 0.03418, 'accuracy': 0.93602, 'f1': 0.93594, 'auc': 0.99893}
val: {'epoch': 189, 'time_epoch': 0.22623, 'loss': 2.71378557, 'lr': 0, 'params': 284917, 'time_iter': 0.01616, 'accuracy': 0.37143, 'f1': 0.36144, 'auc': 0.90344}
test: {'epoch': 189, 'time_epoch': 0.21197, 'loss': 4.157634, 'lr': 0, 'params': 284917, 'time_iter': 0.01514, 'accuracy': 0.25, 'f1': 0.19702, 'auc': 0.87792}
> Epoch 189: took 6.6s (avg 6.0s) | Best so far: epoch 161	train_loss: 0.2172 train_accuracy: 0.9280	val_loss: 2.2852 val_accuracy: 0.4262	test_loss: 3.5396 test_accuracy: 0.3071	F1: 0.2465 Prec: 0.2903 Rec: 0.3071
train: {'epoch': 190, 'time_epoch': 5.89704, 'eta': 317.13382, 'eta_hours': 0.08809, 'loss': 0.18254912, 'lr': 0.00013552, 'params': 284917, 'time_iter': 0.0337, 'accuracy': 0.94194, 'f1': 0.94192, 'auc': 0.99908}
val: {'epoch': 190, 'time_epoch': 0.30507, 'loss': 2.89841818, 'lr': 0, 'params': 284917, 'time_iter': 0.02179, 'accuracy': 0.40952, 'f1': 0.38166, 'auc': 0.89655}
test: {'epoch': 190, 'time_epoch': 0.23525, 'loss': 3.92416241, 'lr': 0, 'params': 284917, 'time_iter': 0.0168, 'accuracy': 0.31905, 'f1': 0.26911, 'auc': 0.89618}
> Epoch 190: took 6.7s (avg 6.0s) | Best so far: epoch 161	train_loss: 0.2172 train_accuracy: 0.9280	val_loss: 2.2852 val_accuracy: 0.4262	test_loss: 3.5396 test_accuracy: 0.3071	F1: 0.2465 Prec: 0.2903 Rec: 0.3071
train: {'epoch': 191, 'time_epoch': 6.59223, 'eta': 312.12633, 'eta_hours': 0.0867, 'loss': 0.1927513, 'lr': 0.00013124, 'params': 284917, 'time_iter': 0.03767, 'accuracy': 0.9362, 'f1': 0.93614, 'auc': 0.99893}
val: {'epoch': 191, 'time_epoch': 0.25092, 'loss': 2.65299804, 'lr': 0, 'params': 284917, 'time_iter': 0.01792, 'accuracy': 0.37381, 'f1': 0.35364, 'auc': 0.90303}
test: {'epoch': 191, 'time_epoch': 0.24931, 'loss': 4.10529585, 'lr': 0, 'params': 284917, 'time_iter': 0.01781, 'accuracy': 0.29762, 'f1': 0.25097, 'auc': 0.87784}
> Epoch 191: took 7.3s (avg 6.0s) | Best so far: epoch 161	train_loss: 0.2172 train_accuracy: 0.9280	val_loss: 2.2852 val_accuracy: 0.4262	test_loss: 3.5396 test_accuracy: 0.3071	F1: 0.2465 Prec: 0.2903 Rec: 0.3071
train: {'epoch': 192, 'time_epoch': 6.58846, 'eta': 307.1013, 'eta_hours': 0.08531, 'loss': 0.19001113, 'lr': 0.00012703, 'params': 284917, 'time_iter': 0.03765, 'accuracy': 0.93656, 'f1': 0.9365, 'auc': 0.99897}
val: {'epoch': 192, 'time_epoch': 0.25359, 'loss': 2.67255113, 'lr': 0, 'params': 284917, 'time_iter': 0.01811, 'accuracy': 0.37857, 'f1': 0.35243, 'auc': 0.90505}
test: {'epoch': 192, 'time_epoch': 0.2384, 'loss': 5.07118201, 'lr': 0, 'params': 284917, 'time_iter': 0.01703, 'accuracy': 0.22857, 'f1': 0.19544, 'auc': 0.84858}
> Epoch 192: took 7.3s (avg 6.0s) | Best so far: epoch 161	train_loss: 0.2172 train_accuracy: 0.9280	val_loss: 2.2852 val_accuracy: 0.4262	test_loss: 3.5396 test_accuracy: 0.3071	F1: 0.2465 Prec: 0.2903 Rec: 0.3071
train: {'epoch': 193, 'time_epoch': 5.81338, 'eta': 301.83643, 'eta_hours': 0.08384, 'loss': 0.18763108, 'lr': 0.00012287, 'params': 284917, 'time_iter': 0.03322, 'accuracy': 0.94301, 'f1': 0.94298, 'auc': 0.99899}
val: {'epoch': 193, 'time_epoch': 0.23375, 'loss': 2.71252092, 'lr': 0, 'params': 284917, 'time_iter': 0.0167, 'accuracy': 0.3881, 'f1': 0.35782, 'auc': 0.90777}
test: {'epoch': 193, 'time_epoch': 0.27495, 'loss': 4.43827938, 'lr': 0, 'params': 284917, 'time_iter': 0.01964, 'accuracy': 0.23571, 'f1': 0.19312, 'auc': 0.87183}
> Epoch 193: took 6.5s (avg 6.0s) | Best so far: epoch 161	train_loss: 0.2172 train_accuracy: 0.9280	val_loss: 2.2852 val_accuracy: 0.4262	test_loss: 3.5396 test_accuracy: 0.3071	F1: 0.2465 Prec: 0.2903 Rec: 0.3071
train: {'epoch': 194, 'time_epoch': 7.21071, 'eta': 296.96004, 'eta_hours': 0.08249, 'loss': 0.1850518, 'lr': 0.00011878, 'params': 284917, 'time_iter': 0.0412, 'accuracy': 0.93799, 'f1': 0.93797, 'auc': 0.99908}
val: {'epoch': 194, 'time_epoch': 0.27759, 'loss': 2.67571229, 'lr': 0, 'params': 284917, 'time_iter': 0.01983, 'accuracy': 0.37143, 'f1': 0.35138, 'auc': 0.90385}
test: {'epoch': 194, 'time_epoch': 0.26239, 'loss': 4.97690159, 'lr': 0, 'params': 284917, 'time_iter': 0.01874, 'accuracy': 0.23571, 'f1': 0.1994, 'auc': 0.86221}
> Epoch 194: took 8.0s (avg 6.0s) | Best so far: epoch 161	train_loss: 0.2172 train_accuracy: 0.9280	val_loss: 2.2852 val_accuracy: 0.4262	test_loss: 3.5396 test_accuracy: 0.3071	F1: 0.2465 Prec: 0.2903 Rec: 0.3071
train: {'epoch': 195, 'time_epoch': 6.59637, 'eta': 291.89058, 'eta_hours': 0.08108, 'loss': 0.18671883, 'lr': 0.00011474, 'params': 284917, 'time_iter': 0.03769, 'accuracy': 0.94122, 'f1': 0.94119, 'auc': 0.99902}
val: {'epoch': 195, 'time_epoch': 0.23339, 'loss': 2.69396437, 'lr': 0, 'params': 284917, 'time_iter': 0.01667, 'accuracy': 0.39524, 'f1': 0.37084, 'auc': 0.90005}
test: {'epoch': 195, 'time_epoch': 0.25007, 'loss': 3.46809051, 'lr': 0, 'params': 284917, 'time_iter': 0.01786, 'accuracy': 0.30952, 'f1': 0.26919, 'auc': 0.89035}
> Epoch 195: took 7.3s (avg 6.0s) | Best so far: epoch 161	train_loss: 0.2172 train_accuracy: 0.9280	val_loss: 2.2852 val_accuracy: 0.4262	test_loss: 3.5396 test_accuracy: 0.3071	F1: 0.2465 Prec: 0.2903 Rec: 0.3071
train: {'epoch': 196, 'time_epoch': 5.99521, 'eta': 286.64389, 'eta_hours': 0.07962, 'loss': 0.17168733, 'lr': 0.00011077, 'params': 284917, 'time_iter': 0.03426, 'accuracy': 0.94785, 'f1': 0.9478, 'auc': 0.99915}
val: {'epoch': 196, 'time_epoch': 0.21748, 'loss': 2.7034414, 'lr': 0, 'params': 284917, 'time_iter': 0.01553, 'accuracy': 0.38571, 'f1': 0.35674, 'auc': 0.90664}
test: {'epoch': 196, 'time_epoch': 0.24819, 'loss': 4.59608946, 'lr': 0, 'params': 284917, 'time_iter': 0.01773, 'accuracy': 0.20714, 'f1': 0.16505, 'auc': 0.86032}
> Epoch 196: took 6.6s (avg 6.0s) | Best so far: epoch 161	train_loss: 0.2172 train_accuracy: 0.9280	val_loss: 2.2852 val_accuracy: 0.4262	test_loss: 3.5396 test_accuracy: 0.3071	F1: 0.2465 Prec: 0.2903 Rec: 0.3071
train: {'epoch': 197, 'time_epoch': 5.48079, 'eta': 281.25453, 'eta_hours': 0.07813, 'loss': 0.17540527, 'lr': 0.00010686, 'params': 284917, 'time_iter': 0.03132, 'accuracy': 0.94462, 'f1': 0.94462, 'auc': 0.99915}
val: {'epoch': 197, 'time_epoch': 0.26865, 'loss': 2.56619056, 'lr': 0, 'params': 284917, 'time_iter': 0.01919, 'accuracy': 0.4119, 'f1': 0.3858, 'auc': 0.90451}
test: {'epoch': 197, 'time_epoch': 0.19581, 'loss': 3.34262919, 'lr': 0, 'params': 284917, 'time_iter': 0.01399, 'accuracy': 0.30714, 'f1': 0.25314, 'auc': 0.90182}
> Epoch 197: took 6.2s (avg 6.0s) | Best so far: epoch 161	train_loss: 0.2172 train_accuracy: 0.9280	val_loss: 2.2852 val_accuracy: 0.4262	test_loss: 3.5396 test_accuracy: 0.3071	F1: 0.2465 Prec: 0.2903 Rec: 0.3071
train: {'epoch': 198, 'time_epoch': 6.11987, 'eta': 276.02804, 'eta_hours': 0.07667, 'loss': 0.16813369, 'lr': 0.000103, 'params': 284917, 'time_iter': 0.03497, 'accuracy': 0.94659, 'f1': 0.94646, 'auc': 0.99916}
val: {'epoch': 198, 'time_epoch': 0.29428, 'loss': 2.52782919, 'lr': 0, 'params': 284917, 'time_iter': 0.02102, 'accuracy': 0.4, 'f1': 0.36573, 'auc': 0.91058}
test: {'epoch': 198, 'time_epoch': 0.18624, 'loss': 3.88047608, 'lr': 0, 'params': 284917, 'time_iter': 0.0133, 'accuracy': 0.29524, 'f1': 0.25264, 'auc': 0.88811}
> Epoch 198: took 6.8s (avg 6.0s) | Best so far: epoch 161	train_loss: 0.2172 train_accuracy: 0.9280	val_loss: 2.2852 val_accuracy: 0.4262	test_loss: 3.5396 test_accuracy: 0.3071	F1: 0.2465 Prec: 0.2903 Rec: 0.3071
train: {'epoch': 199, 'time_epoch': 6.16479, 'eta': 270.80384, 'eta_hours': 0.07522, 'loss': 0.16518789, 'lr': 9.922e-05, 'params': 284917, 'time_iter': 0.03523, 'accuracy': 0.95072, 'f1': 0.95067, 'auc': 0.99926}
val: {'epoch': 199, 'time_epoch': 0.27674, 'loss': 2.66883814, 'lr': 0, 'params': 284917, 'time_iter': 0.01977, 'accuracy': 0.39286, 'f1': 0.3556, 'auc': 0.90381}
test: {'epoch': 199, 'time_epoch': 0.23839, 'loss': 4.07752722, 'lr': 0, 'params': 284917, 'time_iter': 0.01703, 'accuracy': 0.28571, 'f1': 0.24343, 'auc': 0.88678}
> Epoch 199: took 6.9s (avg 6.0s) | Best so far: epoch 161	train_loss: 0.2172 train_accuracy: 0.9280	val_loss: 2.2852 val_accuracy: 0.4262	test_loss: 3.5396 test_accuracy: 0.3071	F1: 0.2465 Prec: 0.2903 Rec: 0.3071
train: {'epoch': 200, 'time_epoch': 6.10586, 'eta': 265.55592, 'eta_hours': 0.07377, 'loss': 0.17674365, 'lr': 9.549e-05, 'params': 284917, 'time_iter': 0.03489, 'accuracy': 0.93961, 'f1': 0.9396, 'auc': 0.99913}
val: {'epoch': 200, 'time_epoch': 0.2348, 'loss': 2.82135625, 'lr': 0, 'params': 284917, 'time_iter': 0.01677, 'accuracy': 0.36905, 'f1': 0.35632, 'auc': 0.89667}
test: {'epoch': 200, 'time_epoch': 0.25522, 'loss': 3.80280259, 'lr': 0, 'params': 284917, 'time_iter': 0.01823, 'accuracy': 0.27381, 'f1': 0.22852, 'auc': 0.88593}
> Epoch 200: took 6.8s (avg 6.0s) | Best so far: epoch 161	train_loss: 0.2172 train_accuracy: 0.9280	val_loss: 2.2852 val_accuracy: 0.4262	test_loss: 3.5396 test_accuracy: 0.3071	F1: 0.2465 Prec: 0.2903 Rec: 0.3071
train: {'epoch': 201, 'time_epoch': 5.75954, 'eta': 260.21721, 'eta_hours': 0.07228, 'loss': 0.17313768, 'lr': 9.183e-05, 'params': 284917, 'time_iter': 0.03291, 'accuracy': 0.94319, 'f1': 0.94317, 'auc': 0.99915}
val: {'epoch': 201, 'time_epoch': 0.27408, 'loss': 2.65058168, 'lr': 0, 'params': 284917, 'time_iter': 0.01958, 'accuracy': 0.37619, 'f1': 0.34912, 'auc': 0.9078}
test: {'epoch': 201, 'time_epoch': 0.24537, 'loss': 4.3466521, 'lr': 0, 'params': 284917, 'time_iter': 0.01753, 'accuracy': 0.27619, 'f1': 0.23212, 'auc': 0.88047}
> Epoch 201: took 6.5s (avg 6.0s) | Best so far: epoch 161	train_loss: 0.2172 train_accuracy: 0.9280	val_loss: 2.2852 val_accuracy: 0.4262	test_loss: 3.5396 test_accuracy: 0.3071	F1: 0.2465 Prec: 0.2903 Rec: 0.3071
train: {'epoch': 202, 'time_epoch': 5.79687, 'eta': 254.883, 'eta_hours': 0.0708, 'loss': 0.17253522, 'lr': 8.823e-05, 'params': 284917, 'time_iter': 0.03312, 'accuracy': 0.94642, 'f1': 0.94634, 'auc': 0.99911}
val: {'epoch': 202, 'time_epoch': 0.20287, 'loss': 2.60058095, 'lr': 0, 'params': 284917, 'time_iter': 0.01449, 'accuracy': 0.4, 'f1': 0.36877, 'auc': 0.90948}
test: {'epoch': 202, 'time_epoch': 0.22811, 'loss': 4.24568274, 'lr': 0, 'params': 284917, 'time_iter': 0.01629, 'accuracy': 0.27143, 'f1': 0.23237, 'auc': 0.88287}
> Epoch 202: took 6.4s (avg 6.1s) | Best so far: epoch 161	train_loss: 0.2172 train_accuracy: 0.9280	val_loss: 2.2852 val_accuracy: 0.4262	test_loss: 3.5396 test_accuracy: 0.3071	F1: 0.2465 Prec: 0.2903 Rec: 0.3071
train: {'epoch': 203, 'time_epoch': 6.1619, 'eta': 249.62656, 'eta_hours': 0.06934, 'loss': 0.15993597, 'lr': 8.47e-05, 'params': 284917, 'time_iter': 0.03521, 'accuracy': 0.95054, 'f1': 0.95053, 'auc': 0.99929}
val: {'epoch': 203, 'time_epoch': 0.2808, 'loss': 2.59328968, 'lr': 0, 'params': 284917, 'time_iter': 0.02006, 'accuracy': 0.39524, 'f1': 0.37664, 'auc': 0.90736}
test: {'epoch': 203, 'time_epoch': 0.2984, 'loss': 4.12843485, 'lr': 0, 'params': 284917, 'time_iter': 0.02131, 'accuracy': 0.27619, 'f1': 0.23272, 'auc': 0.87742}
> Epoch 203: took 7.0s (avg 6.1s) | Best so far: epoch 161	train_loss: 0.2172 train_accuracy: 0.9280	val_loss: 2.2852 val_accuracy: 0.4262	test_loss: 3.5396 test_accuracy: 0.3071	F1: 0.2465 Prec: 0.2903 Rec: 0.3071
train: {'epoch': 204, 'time_epoch': 7.19358, 'eta': 244.58776, 'eta_hours': 0.06794, 'loss': 0.18104253, 'lr': 8.124e-05, 'params': 284917, 'time_iter': 0.04111, 'accuracy': 0.93996, 'f1': 0.93993, 'auc': 0.99909}
val: {'epoch': 204, 'time_epoch': 0.27539, 'loss': 2.82840112, 'lr': 0, 'params': 284917, 'time_iter': 0.01967, 'accuracy': 0.36429, 'f1': 0.34835, 'auc': 0.89788}
test: {'epoch': 204, 'time_epoch': 0.25329, 'loss': 4.06458902, 'lr': 0, 'params': 284917, 'time_iter': 0.01809, 'accuracy': 0.25952, 'f1': 0.2142, 'auc': 0.87764}
> Epoch 204: took 7.9s (avg 6.1s) | Best so far: epoch 161	train_loss: 0.2172 train_accuracy: 0.9280	val_loss: 2.2852 val_accuracy: 0.4262	test_loss: 3.5396 test_accuracy: 0.3071	F1: 0.2465 Prec: 0.2903 Rec: 0.3071
train: {'epoch': 205, 'time_epoch': 7.07126, 'eta': 239.5019, 'eta_hours': 0.06653, 'loss': 0.16671855, 'lr': 7.784e-05, 'params': 284917, 'time_iter': 0.04041, 'accuracy': 0.94695, 'f1': 0.94691, 'auc': 0.99922}
val: {'epoch': 205, 'time_epoch': 0.2393, 'loss': 2.59122929, 'lr': 0, 'params': 284917, 'time_iter': 0.01709, 'accuracy': 0.39524, 'f1': 0.37189, 'auc': 0.90551}
test: {'epoch': 205, 'time_epoch': 0.19861, 'loss': 3.82443676, 'lr': 0, 'params': 284917, 'time_iter': 0.01419, 'accuracy': 0.27143, 'f1': 0.23048, 'auc': 0.88651}
> Epoch 205: took 7.7s (avg 6.1s) | Best so far: epoch 161	train_loss: 0.2172 train_accuracy: 0.9280	val_loss: 2.2852 val_accuracy: 0.4262	test_loss: 3.5396 test_accuracy: 0.3071	F1: 0.2465 Prec: 0.2903 Rec: 0.3071
train: {'epoch': 206, 'time_epoch': 5.4381, 'eta': 234.05761, 'eta_hours': 0.06502, 'loss': 0.17571702, 'lr': 7.45e-05, 'params': 284917, 'time_iter': 0.03107, 'accuracy': 0.94176, 'f1': 0.94173, 'auc': 0.99914}
val: {'epoch': 206, 'time_epoch': 0.20818, 'loss': 2.48896721, 'lr': 0, 'params': 284917, 'time_iter': 0.01487, 'accuracy': 0.41905, 'f1': 0.39065, 'auc': 0.91229}
test: {'epoch': 206, 'time_epoch': 0.23812, 'loss': 3.79613214, 'lr': 0, 'params': 284917, 'time_iter': 0.01701, 'accuracy': 0.29524, 'f1': 0.25783, 'auc': 0.89255}
> Epoch 206: took 6.1s (avg 6.1s) | Best so far: epoch 161	train_loss: 0.2172 train_accuracy: 0.9280	val_loss: 2.2852 val_accuracy: 0.4262	test_loss: 3.5396 test_accuracy: 0.3071	F1: 0.2465 Prec: 0.2903 Rec: 0.3071
train: {'epoch': 207, 'time_epoch': 5.47411, 'eta': 228.62066, 'eta_hours': 0.06351, 'loss': 0.16960946, 'lr': 7.124e-05, 'params': 284917, 'time_iter': 0.03128, 'accuracy': 0.94409, 'f1': 0.944, 'auc': 0.99917}
val: {'epoch': 207, 'time_epoch': 0.19721, 'loss': 2.57784678, 'lr': 0, 'params': 284917, 'time_iter': 0.01409, 'accuracy': 0.3881, 'f1': 0.35925, 'auc': 0.90995}
test: {'epoch': 207, 'time_epoch': 0.25814, 'loss': 4.28025517, 'lr': 0, 'params': 284917, 'time_iter': 0.01844, 'accuracy': 0.27143, 'f1': 0.22464, 'auc': 0.88162}
> Epoch 207: took 6.1s (avg 6.1s) | Best so far: epoch 161	train_loss: 0.2172 train_accuracy: 0.9280	val_loss: 2.2852 val_accuracy: 0.4262	test_loss: 3.5396 test_accuracy: 0.3071	F1: 0.2465 Prec: 0.2903 Rec: 0.3071
train: {'epoch': 208, 'time_epoch': 5.11281, 'eta': 223.11246, 'eta_hours': 0.06198, 'loss': 0.15831505, 'lr': 6.804e-05, 'params': 284917, 'time_iter': 0.02922, 'accuracy': 0.95054, 'f1': 0.95052, 'auc': 0.99922}
val: {'epoch': 208, 'time_epoch': 0.20861, 'loss': 2.46799486, 'lr': 0, 'params': 284917, 'time_iter': 0.0149, 'accuracy': 0.40238, 'f1': 0.37343, 'auc': 0.91276}
test: {'epoch': 208, 'time_epoch': 0.17875, 'loss': 4.2583907, 'lr': 0, 'params': 284917, 'time_iter': 0.01277, 'accuracy': 0.28333, 'f1': 0.24588, 'auc': 0.88385}
> Epoch 208: took 5.7s (avg 6.1s) | Best so far: epoch 161	train_loss: 0.2172 train_accuracy: 0.9280	val_loss: 2.2852 val_accuracy: 0.4262	test_loss: 3.5396 test_accuracy: 0.3071	F1: 0.2465 Prec: 0.2903 Rec: 0.3071
train: {'epoch': 209, 'time_epoch': 4.80524, 'eta': 217.54945, 'eta_hours': 0.06043, 'loss': 0.15864774, 'lr': 6.491e-05, 'params': 284917, 'time_iter': 0.02746, 'accuracy': 0.9491, 'f1': 0.9491, 'auc': 0.99934}
val: {'epoch': 209, 'time_epoch': 0.18515, 'loss': 2.54120565, 'lr': 0, 'params': 284917, 'time_iter': 0.01322, 'accuracy': 0.41905, 'f1': 0.38717, 'auc': 0.91057}
test: {'epoch': 209, 'time_epoch': 0.23484, 'loss': 3.58461775, 'lr': 0, 'params': 284917, 'time_iter': 0.01677, 'accuracy': 0.32381, 'f1': 0.28193, 'auc': 0.89877}
> Epoch 209: took 5.4s (avg 6.1s) | Best so far: epoch 161	train_loss: 0.2172 train_accuracy: 0.9280	val_loss: 2.2852 val_accuracy: 0.4262	test_loss: 3.5396 test_accuracy: 0.3071	F1: 0.2465 Prec: 0.2903 Rec: 0.3071
train: {'epoch': 210, 'time_epoch': 4.95342, 'eta': 212.02101, 'eta_hours': 0.05889, 'loss': 0.17289316, 'lr': 6.185e-05, 'params': 284917, 'time_iter': 0.02831, 'accuracy': 0.94391, 'f1': 0.94384, 'auc': 0.99917}
val: {'epoch': 210, 'time_epoch': 0.18904, 'loss': 2.53811487, 'lr': 0, 'params': 284917, 'time_iter': 0.0135, 'accuracy': 0.39286, 'f1': 0.36828, 'auc': 0.9121}
test: {'epoch': 210, 'time_epoch': 0.23574, 'loss': 3.93024345, 'lr': 0, 'params': 284917, 'time_iter': 0.01684, 'accuracy': 0.30714, 'f1': 0.27501, 'auc': 0.89021}
> Epoch 210: took 5.5s (avg 6.1s) | Best so far: epoch 161	train_loss: 0.2172 train_accuracy: 0.9280	val_loss: 2.2852 val_accuracy: 0.4262	test_loss: 3.5396 test_accuracy: 0.3071	F1: 0.2465 Prec: 0.2903 Rec: 0.3071
train: {'epoch': 211, 'time_epoch': 4.75788, 'eta': 206.46295, 'eta_hours': 0.05735, 'loss': 0.16539136, 'lr': 5.885e-05, 'params': 284917, 'time_iter': 0.02719, 'accuracy': 0.94695, 'f1': 0.94691, 'auc': 0.99917}
val: {'epoch': 211, 'time_epoch': 0.24191, 'loss': 2.6316765, 'lr': 0, 'params': 284917, 'time_iter': 0.01728, 'accuracy': 0.39762, 'f1': 0.37641, 'auc': 0.90818}
test: {'epoch': 211, 'time_epoch': 0.25296, 'loss': 4.45752861, 'lr': 0, 'params': 284917, 'time_iter': 0.01807, 'accuracy': 0.24286, 'f1': 0.20119, 'auc': 0.86883}
> Epoch 211: took 5.4s (avg 6.1s) | Best so far: epoch 161	train_loss: 0.2172 train_accuracy: 0.9280	val_loss: 2.2852 val_accuracy: 0.4262	test_loss: 3.5396 test_accuracy: 0.3071	F1: 0.2465 Prec: 0.2903 Rec: 0.3071
train: {'epoch': 212, 'time_epoch': 4.91868, 'eta': 200.94033, 'eta_hours': 0.05582, 'loss': 0.16716509, 'lr': 5.593e-05, 'params': 284917, 'time_iter': 0.02811, 'accuracy': 0.94427, 'f1': 0.94424, 'auc': 0.99921}
val: {'epoch': 212, 'time_epoch': 0.21032, 'loss': 2.41382231, 'lr': 0, 'params': 284917, 'time_iter': 0.01502, 'accuracy': 0.42143, 'f1': 0.4041, 'auc': 0.91134}
test: {'epoch': 212, 'time_epoch': 0.23058, 'loss': 3.88536683, 'lr': 0, 'params': 284917, 'time_iter': 0.01647, 'accuracy': 0.33095, 'f1': 0.28302, 'auc': 0.89189}
> Epoch 212: took 5.5s (avg 6.1s) | Best so far: epoch 161	train_loss: 0.2172 train_accuracy: 0.9280	val_loss: 2.2852 val_accuracy: 0.4262	test_loss: 3.5396 test_accuracy: 0.3071	F1: 0.2465 Prec: 0.2903 Rec: 0.3071
train: {'epoch': 213, 'time_epoch': 4.82837, 'eta': 195.40816, 'eta_hours': 0.05428, 'loss': 0.16687536, 'lr': 5.308e-05, 'params': 284917, 'time_iter': 0.02759, 'accuracy': 0.94427, 'f1': 0.94425, 'auc': 0.99925}
val: {'epoch': 213, 'time_epoch': 0.24857, 'loss': 2.61082252, 'lr': 0, 'params': 284917, 'time_iter': 0.01776, 'accuracy': 0.39286, 'f1': 0.37483, 'auc': 0.90797}
test: {'epoch': 213, 'time_epoch': 0.20942, 'loss': 4.44094406, 'lr': 0, 'params': 284917, 'time_iter': 0.01496, 'accuracy': 0.26429, 'f1': 0.21588, 'auc': 0.87201}
> Epoch 213: took 5.5s (avg 6.1s) | Best so far: epoch 161	train_loss: 0.2172 train_accuracy: 0.9280	val_loss: 2.2852 val_accuracy: 0.4262	test_loss: 3.5396 test_accuracy: 0.3071	F1: 0.2465 Prec: 0.2903 Rec: 0.3071
train: {'epoch': 214, 'time_epoch': 5.1504, 'eta': 189.93497, 'eta_hours': 0.05276, 'loss': 0.1587001, 'lr': 5.03e-05, 'params': 284917, 'time_iter': 0.02943, 'accuracy': 0.95036, 'f1': 0.95031, 'auc': 0.9993}
val: {'epoch': 214, 'time_epoch': 0.25919, 'loss': 2.57527602, 'lr': 0, 'params': 284917, 'time_iter': 0.01851, 'accuracy': 0.4, 'f1': 0.3766, 'auc': 0.91026}
test: {'epoch': 214, 'time_epoch': 0.19429, 'loss': 4.36416674, 'lr': 0, 'params': 284917, 'time_iter': 0.01388, 'accuracy': 0.26667, 'f1': 0.2213, 'auc': 0.8807}
> Epoch 214: took 5.8s (avg 6.1s) | Best so far: epoch 161	train_loss: 0.2172 train_accuracy: 0.9280	val_loss: 2.2852 val_accuracy: 0.4262	test_loss: 3.5396 test_accuracy: 0.3071	F1: 0.2465 Prec: 0.2903 Rec: 0.3071
train: {'epoch': 215, 'time_epoch': 5.13841, 'eta': 184.46287, 'eta_hours': 0.05124, 'loss': 0.16395801, 'lr': 4.759e-05, 'params': 284917, 'time_iter': 0.02936, 'accuracy': 0.94785, 'f1': 0.94784, 'auc': 0.99924}
val: {'epoch': 215, 'time_epoch': 0.25281, 'loss': 2.56203978, 'lr': 0, 'params': 284917, 'time_iter': 0.01806, 'accuracy': 0.38333, 'f1': 0.36157, 'auc': 0.90704}
test: {'epoch': 215, 'time_epoch': 0.22546, 'loss': 4.4269197, 'lr': 0, 'params': 284917, 'time_iter': 0.0161, 'accuracy': 0.27857, 'f1': 0.24418, 'auc': 0.87459}
> Epoch 215: took 5.8s (avg 6.1s) | Best so far: epoch 161	train_loss: 0.2172 train_accuracy: 0.9280	val_loss: 2.2852 val_accuracy: 0.4262	test_loss: 3.5396 test_accuracy: 0.3071	F1: 0.2465 Prec: 0.2903 Rec: 0.3071
train: {'epoch': 216, 'time_epoch': 3.12098, 'eta': 178.68705, 'eta_hours': 0.04964, 'loss': 0.1683165, 'lr': 4.495e-05, 'params': 284917, 'time_iter': 0.01783, 'accuracy': 0.94534, 'f1': 0.94524, 'auc': 0.99918}
val: {'epoch': 216, 'time_epoch': 0.09739, 'loss': 2.60877721, 'lr': 0, 'params': 284917, 'time_iter': 0.00696, 'accuracy': 0.39762, 'f1': 0.36896, 'auc': 0.90648}
test: {'epoch': 216, 'time_epoch': 0.09726, 'loss': 3.93586642, 'lr': 0, 'params': 284917, 'time_iter': 0.00695, 'accuracy': 0.27619, 'f1': 0.24499, 'auc': 0.88641}
> Epoch 216: took 3.4s (avg 6.0s) | Best so far: epoch 161	train_loss: 0.2172 train_accuracy: 0.9280	val_loss: 2.2852 val_accuracy: 0.4262	test_loss: 3.5396 test_accuracy: 0.3071	F1: 0.2465 Prec: 0.2903 Rec: 0.3071
train: {'epoch': 217, 'time_epoch': 2.24419, 'eta': 172.80689, 'eta_hours': 0.048, 'loss': 0.15752906, 'lr': 4.238e-05, 'params': 284917, 'time_iter': 0.01282, 'accuracy': 0.94875, 'f1': 0.94873, 'auc': 0.99927}
val: {'epoch': 217, 'time_epoch': 0.12654, 'loss': 2.56309255, 'lr': 0, 'params': 284917, 'time_iter': 0.00904, 'accuracy': 0.39762, 'f1': 0.3808, 'auc': 0.90844}
test: {'epoch': 217, 'time_epoch': 0.09665, 'loss': 3.67139239, 'lr': 0, 'params': 284917, 'time_iter': 0.0069, 'accuracy': 0.2881, 'f1': 0.24914, 'auc': 0.88917}
> Epoch 217: took 2.6s (avg 6.0s) | Best so far: epoch 161	train_loss: 0.2172 train_accuracy: 0.9280	val_loss: 2.2852 val_accuracy: 0.4262	test_loss: 3.5396 test_accuracy: 0.3071	F1: 0.2465 Prec: 0.2903 Rec: 0.3071
train: {'epoch': 218, 'time_epoch': 5.52469, 'eta': 167.4243, 'eta_hours': 0.04651, 'loss': 0.14525123, 'lr': 3.988e-05, 'params': 284917, 'time_iter': 0.03157, 'accuracy': 0.95502, 'f1': 0.955, 'auc': 0.99942}
val: {'epoch': 218, 'time_epoch': 0.2374, 'loss': 2.57084663, 'lr': 0, 'params': 284917, 'time_iter': 0.01696, 'accuracy': 0.39762, 'f1': 0.37625, 'auc': 0.90934}
test: {'epoch': 218, 'time_epoch': 0.35629, 'loss': 4.25041723, 'lr': 0, 'params': 284917, 'time_iter': 0.02545, 'accuracy': 0.25476, 'f1': 0.21803, 'auc': 0.8771}
> Epoch 218: took 6.3s (avg 6.0s) | Best so far: epoch 161	train_loss: 0.2172 train_accuracy: 0.9280	val_loss: 2.2852 val_accuracy: 0.4262	test_loss: 3.5396 test_accuracy: 0.3071	F1: 0.2465 Prec: 0.2903 Rec: 0.3071
train: {'epoch': 219, 'time_epoch': 5.65632, 'eta': 162.05836, 'eta_hours': 0.04502, 'loss': 0.16498748, 'lr': 3.746e-05, 'params': 284917, 'time_iter': 0.03232, 'accuracy': 0.94731, 'f1': 0.94725, 'auc': 0.99921}
val: {'epoch': 219, 'time_epoch': 0.20793, 'loss': 2.56677323, 'lr': 0, 'params': 284917, 'time_iter': 0.01485, 'accuracy': 0.40238, 'f1': 0.38039, 'auc': 0.9098}
test: {'epoch': 219, 'time_epoch': 0.19904, 'loss': 4.15342111, 'lr': 0, 'params': 284917, 'time_iter': 0.01422, 'accuracy': 0.2619, 'f1': 0.22706, 'auc': 0.87765}
> Epoch 219: took 6.2s (avg 6.0s) | Best so far: epoch 161	train_loss: 0.2172 train_accuracy: 0.9280	val_loss: 2.2852 val_accuracy: 0.4262	test_loss: 3.5396 test_accuracy: 0.3071	F1: 0.2465 Prec: 0.2903 Rec: 0.3071
train: {'epoch': 220, 'time_epoch': 5.39808, 'eta': 156.65591, 'eta_hours': 0.04352, 'loss': 0.15338015, 'lr': 3.511e-05, 'params': 284917, 'time_iter': 0.03085, 'accuracy': 0.95054, 'f1': 0.95051, 'auc': 0.99936}
val: {'epoch': 220, 'time_epoch': 0.19397, 'loss': 2.56066504, 'lr': 0, 'params': 284917, 'time_iter': 0.01386, 'accuracy': 0.39762, 'f1': 0.37203, 'auc': 0.90991}
test: {'epoch': 220, 'time_epoch': 0.22132, 'loss': 3.95118537, 'lr': 0, 'params': 284917, 'time_iter': 0.01581, 'accuracy': 0.2881, 'f1': 0.24692, 'auc': 0.88477}
> Epoch 220: took 6.0s (avg 6.0s) | Best so far: epoch 161	train_loss: 0.2172 train_accuracy: 0.9280	val_loss: 2.2852 val_accuracy: 0.4262	test_loss: 3.5396 test_accuracy: 0.3071	F1: 0.2465 Prec: 0.2903 Rec: 0.3071
train: {'epoch': 221, 'time_epoch': 5.44776, 'eta': 151.25976, 'eta_hours': 0.04202, 'loss': 0.15588883, 'lr': 3.284e-05, 'params': 284917, 'time_iter': 0.03113, 'accuracy': 0.94749, 'f1': 0.94741, 'auc': 0.99935}
val: {'epoch': 221, 'time_epoch': 0.22265, 'loss': 2.5968444, 'lr': 0, 'params': 284917, 'time_iter': 0.0159, 'accuracy': 0.3881, 'f1': 0.36869, 'auc': 0.90804}
test: {'epoch': 221, 'time_epoch': 0.23112, 'loss': 4.26096772, 'lr': 0, 'params': 284917, 'time_iter': 0.01651, 'accuracy': 0.26905, 'f1': 0.23103, 'auc': 0.87913}
> Epoch 221: took 6.1s (avg 6.0s) | Best so far: epoch 161	train_loss: 0.2172 train_accuracy: 0.9280	val_loss: 2.2852 val_accuracy: 0.4262	test_loss: 3.5396 test_accuracy: 0.3071	F1: 0.2465 Prec: 0.2903 Rec: 0.3071
train: {'epoch': 222, 'time_epoch': 4.59921, 'eta': 145.76041, 'eta_hours': 0.04049, 'loss': 0.15588226, 'lr': 3.063e-05, 'params': 284917, 'time_iter': 0.02628, 'accuracy': 0.95125, 'f1': 0.95125, 'auc': 0.99933}
val: {'epoch': 222, 'time_epoch': 0.18824, 'loss': 2.57240629, 'lr': 0, 'params': 284917, 'time_iter': 0.01345, 'accuracy': 0.4, 'f1': 0.37665, 'auc': 0.90918}
test: {'epoch': 222, 'time_epoch': 0.20094, 'loss': 4.22167466, 'lr': 0, 'params': 284917, 'time_iter': 0.01435, 'accuracy': 0.28333, 'f1': 0.24757, 'auc': 0.88041}
> Epoch 222: took 5.1s (avg 6.0s) | Best so far: epoch 161	train_loss: 0.2172 train_accuracy: 0.9280	val_loss: 2.2852 val_accuracy: 0.4262	test_loss: 3.5396 test_accuracy: 0.3071	F1: 0.2465 Prec: 0.2903 Rec: 0.3071
train: {'epoch': 223, 'time_epoch': 5.83699, 'eta': 140.41277, 'eta_hours': 0.039, 'loss': 0.15748252, 'lr': 2.85e-05, 'params': 284917, 'time_iter': 0.03335, 'accuracy': 0.95054, 'f1': 0.95047, 'auc': 0.9993}
val: {'epoch': 223, 'time_epoch': 0.22979, 'loss': 2.49032096, 'lr': 0, 'params': 284917, 'time_iter': 0.01641, 'accuracy': 0.40714, 'f1': 0.38317, 'auc': 0.91113}
test: {'epoch': 223, 'time_epoch': 0.21828, 'loss': 3.95231369, 'lr': 0, 'params': 284917, 'time_iter': 0.01559, 'accuracy': 0.3, 'f1': 0.26816, 'auc': 0.88667}
> Epoch 223: took 6.5s (avg 6.0s) | Best so far: epoch 161	train_loss: 0.2172 train_accuracy: 0.9280	val_loss: 2.2852 val_accuracy: 0.4262	test_loss: 3.5396 test_accuracy: 0.3071	F1: 0.2465 Prec: 0.2903 Rec: 0.3071
train: {'epoch': 224, 'time_epoch': 5.20213, 'eta': 134.99024, 'eta_hours': 0.0375, 'loss': 0.16092899, 'lr': 2.645e-05, 'params': 284917, 'time_iter': 0.02973, 'accuracy': 0.95215, 'f1': 0.95214, 'auc': 0.99926}
val: {'epoch': 224, 'time_epoch': 0.19698, 'loss': 2.606605, 'lr': 0, 'params': 284917, 'time_iter': 0.01407, 'accuracy': 0.40238, 'f1': 0.3783, 'auc': 0.90793}
test: {'epoch': 224, 'time_epoch': 0.20576, 'loss': 3.93530884, 'lr': 0, 'params': 284917, 'time_iter': 0.0147, 'accuracy': 0.27381, 'f1': 0.23932, 'auc': 0.88214}
> Epoch 224: took 5.8s (avg 6.0s) | Best so far: epoch 161	train_loss: 0.2172 train_accuracy: 0.9280	val_loss: 2.2852 val_accuracy: 0.4262	test_loss: 3.5396 test_accuracy: 0.3071	F1: 0.2465 Prec: 0.2903 Rec: 0.3071
train: {'epoch': 225, 'time_epoch': 5.26931, 'eta': 129.57679, 'eta_hours': 0.03599, 'loss': 0.15796163, 'lr': 2.447e-05, 'params': 284917, 'time_iter': 0.03011, 'accuracy': 0.95036, 'f1': 0.95027, 'auc': 0.99928}
val: {'epoch': 225, 'time_epoch': 0.21571, 'loss': 2.52126618, 'lr': 0, 'params': 284917, 'time_iter': 0.01541, 'accuracy': 0.40476, 'f1': 0.38907, 'auc': 0.90934}
test: {'epoch': 225, 'time_epoch': 0.24925, 'loss': 3.98518274, 'lr': 0, 'params': 284917, 'time_iter': 0.0178, 'accuracy': 0.29524, 'f1': 0.25594, 'auc': 0.8901}
> Epoch 225: took 5.9s (avg 6.0s) | Best so far: epoch 161	train_loss: 0.2172 train_accuracy: 0.9280	val_loss: 2.2852 val_accuracy: 0.4262	test_loss: 3.5396 test_accuracy: 0.3071	F1: 0.2465 Prec: 0.2903 Rec: 0.3071
train: {'epoch': 226, 'time_epoch': 5.8434, 'eta': 124.22278, 'eta_hours': 0.03451, 'loss': 0.14865454, 'lr': 2.257e-05, 'params': 284917, 'time_iter': 0.03339, 'accuracy': 0.95233, 'f1': 0.95226, 'auc': 0.9994}
val: {'epoch': 226, 'time_epoch': 0.27667, 'loss': 2.58711116, 'lr': 0, 'params': 284917, 'time_iter': 0.01976, 'accuracy': 0.4, 'f1': 0.37135, 'auc': 0.91101}
test: {'epoch': 226, 'time_epoch': 0.23387, 'loss': 4.10406161, 'lr': 0, 'params': 284917, 'time_iter': 0.0167, 'accuracy': 0.28333, 'f1': 0.24831, 'auc': 0.88444}
> Epoch 226: took 6.6s (avg 6.0s) | Best so far: epoch 161	train_loss: 0.2172 train_accuracy: 0.9280	val_loss: 2.2852 val_accuracy: 0.4262	test_loss: 3.5396 test_accuracy: 0.3071	F1: 0.2465 Prec: 0.2903 Rec: 0.3071
train: {'epoch': 227, 'time_epoch': 5.44252, 'eta': 118.8258, 'eta_hours': 0.03301, 'loss': 0.14775954, 'lr': 2.074e-05, 'params': 284917, 'time_iter': 0.0311, 'accuracy': 0.95341, 'f1': 0.95336, 'auc': 0.99938}
val: {'epoch': 227, 'time_epoch': 0.26383, 'loss': 2.52877808, 'lr': 0, 'params': 284917, 'time_iter': 0.01884, 'accuracy': 0.4, 'f1': 0.37977, 'auc': 0.91057}
test: {'epoch': 227, 'time_epoch': 0.23875, 'loss': 4.07058497, 'lr': 0, 'params': 284917, 'time_iter': 0.01705, 'accuracy': 0.29048, 'f1': 0.24717, 'auc': 0.88716}
> Epoch 227: took 6.1s (avg 6.0s) | Best so far: epoch 161	train_loss: 0.2172 train_accuracy: 0.9280	val_loss: 2.2852 val_accuracy: 0.4262	test_loss: 3.5396 test_accuracy: 0.3071	F1: 0.2465 Prec: 0.2903 Rec: 0.3071
train: {'epoch': 228, 'time_epoch': 5.4714, 'eta': 113.43107, 'eta_hours': 0.03151, 'loss': 0.15709641, 'lr': 1.899e-05, 'params': 284917, 'time_iter': 0.03127, 'accuracy': 0.95072, 'f1': 0.95073, 'auc': 0.99934}
val: {'epoch': 228, 'time_epoch': 0.20191, 'loss': 2.53134494, 'lr': 0, 'params': 284917, 'time_iter': 0.01442, 'accuracy': 0.40476, 'f1': 0.38279, 'auc': 0.90973}
test: {'epoch': 228, 'time_epoch': 0.23962, 'loss': 3.92543196, 'lr': 0, 'params': 284917, 'time_iter': 0.01712, 'accuracy': 0.3, 'f1': 0.25722, 'auc': 0.88813}
> Epoch 228: took 6.1s (avg 6.0s) | Best so far: epoch 161	train_loss: 0.2172 train_accuracy: 0.9280	val_loss: 2.2852 val_accuracy: 0.4262	test_loss: 3.5396 test_accuracy: 0.3071	F1: 0.2465 Prec: 0.2903 Rec: 0.3071
train: {'epoch': 229, 'time_epoch': 5.30961, 'eta': 108.0216, 'eta_hours': 0.03001, 'loss': 0.15371846, 'lr': 1.731e-05, 'params': 284917, 'time_iter': 0.03034, 'accuracy': 0.95448, 'f1': 0.95445, 'auc': 0.99932}
val: {'epoch': 229, 'time_epoch': 0.24333, 'loss': 2.5750425, 'lr': 0, 'params': 284917, 'time_iter': 0.01738, 'accuracy': 0.3881, 'f1': 0.3663, 'auc': 0.90906}
test: {'epoch': 229, 'time_epoch': 0.25717, 'loss': 4.39538568, 'lr': 0, 'params': 284917, 'time_iter': 0.01837, 'accuracy': 0.26905, 'f1': 0.23426, 'auc': 0.8772}
> Epoch 229: took 6.0s (avg 6.0s) | Best so far: epoch 161	train_loss: 0.2172 train_accuracy: 0.9280	val_loss: 2.2852 val_accuracy: 0.4262	test_loss: 3.5396 test_accuracy: 0.3071	F1: 0.2465 Prec: 0.2903 Rec: 0.3071
train: {'epoch': 230, 'time_epoch': 5.49212, 'eta': 102.62801, 'eta_hours': 0.02851, 'loss': 0.15381716, 'lr': 1.571e-05, 'params': 284917, 'time_iter': 0.03138, 'accuracy': 0.95233, 'f1': 0.95235, 'auc': 0.9993}
val: {'epoch': 230, 'time_epoch': 0.22302, 'loss': 2.50455965, 'lr': 0, 'params': 284917, 'time_iter': 0.01593, 'accuracy': 0.39762, 'f1': 0.37362, 'auc': 0.91197}
test: {'epoch': 230, 'time_epoch': 0.23543, 'loss': 4.07058879, 'lr': 0, 'params': 284917, 'time_iter': 0.01682, 'accuracy': 0.30476, 'f1': 0.25906, 'auc': 0.88553}
> Epoch 230: took 6.1s (avg 6.0s) | Best so far: epoch 161	train_loss: 0.2172 train_accuracy: 0.9280	val_loss: 2.2852 val_accuracy: 0.4262	test_loss: 3.5396 test_accuracy: 0.3071	F1: 0.2465 Prec: 0.2903 Rec: 0.3071
train: {'epoch': 231, 'time_epoch': 5.65714, 'eta': 97.24637, 'eta_hours': 0.02701, 'loss': 0.14711184, 'lr': 1.418e-05, 'params': 284917, 'time_iter': 0.03233, 'accuracy': 0.95412, 'f1': 0.95416, 'auc': 0.99941}
val: {'epoch': 231, 'time_epoch': 0.26002, 'loss': 2.49701376, 'lr': 0, 'params': 284917, 'time_iter': 0.01857, 'accuracy': 0.40952, 'f1': 0.38505, 'auc': 0.91165}
test: {'epoch': 231, 'time_epoch': 0.24828, 'loss': 3.94789747, 'lr': 0, 'params': 284917, 'time_iter': 0.01773, 'accuracy': 0.3, 'f1': 0.26489, 'auc': 0.88728}
> Epoch 231: took 6.4s (avg 6.0s) | Best so far: epoch 161	train_loss: 0.2172 train_accuracy: 0.9280	val_loss: 2.2852 val_accuracy: 0.4262	test_loss: 3.5396 test_accuracy: 0.3071	F1: 0.2465 Prec: 0.2903 Rec: 0.3071
train: {'epoch': 232, 'time_epoch': 5.29678, 'eta': 91.83607, 'eta_hours': 0.02551, 'loss': 0.14444529, 'lr': 1.274e-05, 'params': 284917, 'time_iter': 0.03027, 'accuracy': 0.95376, 'f1': 0.95369, 'auc': 0.99942}
val: {'epoch': 232, 'time_epoch': 0.22573, 'loss': 2.57478932, 'lr': 0, 'params': 284917, 'time_iter': 0.01612, 'accuracy': 0.40238, 'f1': 0.37626, 'auc': 0.91129}
test: {'epoch': 232, 'time_epoch': 0.25007, 'loss': 3.69934768, 'lr': 0, 'params': 284917, 'time_iter': 0.01786, 'accuracy': 0.31667, 'f1': 0.27007, 'auc': 0.89521}
> Epoch 232: took 6.0s (avg 6.0s) | Best so far: epoch 161	train_loss: 0.2172 train_accuracy: 0.9280	val_loss: 2.2852 val_accuracy: 0.4262	test_loss: 3.5396 test_accuracy: 0.3071	F1: 0.2465 Prec: 0.2903 Rec: 0.3071
train: {'epoch': 233, 'time_epoch': 5.58286, 'eta': 86.44631, 'eta_hours': 0.02401, 'loss': 0.13876893, 'lr': 1.137e-05, 'params': 284917, 'time_iter': 0.0319, 'accuracy': 0.95806, 'f1': 0.95804, 'auc': 0.99948}
val: {'epoch': 233, 'time_epoch': 0.27569, 'loss': 2.50744281, 'lr': 0, 'params': 284917, 'time_iter': 0.01969, 'accuracy': 0.40238, 'f1': 0.376, 'auc': 0.91107}
test: {'epoch': 233, 'time_epoch': 0.25521, 'loss': 4.10841729, 'lr': 0, 'params': 284917, 'time_iter': 0.01823, 'accuracy': 0.28333, 'f1': 0.25075, 'auc': 0.88133}
> Epoch 233: took 6.3s (avg 6.0s) | Best so far: epoch 161	train_loss: 0.2172 train_accuracy: 0.9280	val_loss: 2.2852 val_accuracy: 0.4262	test_loss: 3.5396 test_accuracy: 0.3071	F1: 0.2465 Prec: 0.2903 Rec: 0.3071
train: {'epoch': 234, 'time_epoch': 5.4813, 'eta': 81.04842, 'eta_hours': 0.02251, 'loss': 0.15039144, 'lr': 1.007e-05, 'params': 284917, 'time_iter': 0.03132, 'accuracy': 0.9491, 'f1': 0.94911, 'auc': 0.99937}
val: {'epoch': 234, 'time_epoch': 0.19123, 'loss': 2.5597733, 'lr': 0, 'params': 284917, 'time_iter': 0.01366, 'accuracy': 0.4, 'f1': 0.37087, 'auc': 0.91227}
test: {'epoch': 234, 'time_epoch': 0.16368, 'loss': 4.36562898, 'lr': 0, 'params': 284917, 'time_iter': 0.01169, 'accuracy': 0.27381, 'f1': 0.23859, 'auc': 0.87992}
> Epoch 234: took 6.0s (avg 6.0s) | Best so far: epoch 161	train_loss: 0.2172 train_accuracy: 0.9280	val_loss: 2.2852 val_accuracy: 0.4262	test_loss: 3.5396 test_accuracy: 0.3071	F1: 0.2465 Prec: 0.2903 Rec: 0.3071
train: {'epoch': 235, 'time_epoch': 5.59876, 'eta': 75.65679, 'eta_hours': 0.02102, 'loss': 0.15216072, 'lr': 8.86e-06, 'params': 284917, 'time_iter': 0.03199, 'accuracy': 0.95287, 'f1': 0.95282, 'auc': 0.99934}
val: {'epoch': 235, 'time_epoch': 0.29879, 'loss': 2.5471272, 'lr': 0, 'params': 284917, 'time_iter': 0.02134, 'accuracy': 0.4119, 'f1': 0.38523, 'auc': 0.91133}
test: {'epoch': 235, 'time_epoch': 0.27247, 'loss': 4.09206773, 'lr': 0, 'params': 284917, 'time_iter': 0.01946, 'accuracy': 0.29286, 'f1': 0.25646, 'auc': 0.88395}
> Epoch 235: took 6.4s (avg 6.0s) | Best so far: epoch 161	train_loss: 0.2172 train_accuracy: 0.9280	val_loss: 2.2852 val_accuracy: 0.4262	test_loss: 3.5396 test_accuracy: 0.3071	F1: 0.2465 Prec: 0.2903 Rec: 0.3071
train: {'epoch': 236, 'time_epoch': 5.37673, 'eta': 70.25124, 'eta_hours': 0.01951, 'loss': 0.14722942, 'lr': 7.72e-06, 'params': 284917, 'time_iter': 0.03072, 'accuracy': 0.9543, 'f1': 0.95429, 'auc': 0.99937}
val: {'epoch': 236, 'time_epoch': 0.24333, 'loss': 2.55168145, 'lr': 0, 'params': 284917, 'time_iter': 0.01738, 'accuracy': 0.39762, 'f1': 0.37373, 'auc': 0.91057}
test: {'epoch': 236, 'time_epoch': 0.19787, 'loss': 4.17345871, 'lr': 0, 'params': 284917, 'time_iter': 0.01413, 'accuracy': 0.28571, 'f1': 0.25331, 'auc': 0.8824}
> Epoch 236: took 6.0s (avg 6.0s) | Best so far: epoch 161	train_loss: 0.2172 train_accuracy: 0.9280	val_loss: 2.2852 val_accuracy: 0.4262	test_loss: 3.5396 test_accuracy: 0.3071	F1: 0.2465 Prec: 0.2903 Rec: 0.3071
train: {'epoch': 237, 'time_epoch': 5.30149, 'eta': 64.84213, 'eta_hours': 0.01801, 'loss': 0.14385487, 'lr': 6.66e-06, 'params': 284917, 'time_iter': 0.03029, 'accuracy': 0.95125, 'f1': 0.95122, 'auc': 0.99945}
val: {'epoch': 237, 'time_epoch': 0.19282, 'loss': 2.50568604, 'lr': 0, 'params': 284917, 'time_iter': 0.01377, 'accuracy': 0.42143, 'f1': 0.39792, 'auc': 0.91057}
test: {'epoch': 237, 'time_epoch': 0.23411, 'loss': 4.05405823, 'lr': 0, 'params': 284917, 'time_iter': 0.01672, 'accuracy': 0.29762, 'f1': 0.25403, 'auc': 0.88771}
> Epoch 237: took 5.9s (avg 6.0s) | Best so far: epoch 161	train_loss: 0.2172 train_accuracy: 0.9280	val_loss: 2.2852 val_accuracy: 0.4262	test_loss: 3.5396 test_accuracy: 0.3071	F1: 0.2465 Prec: 0.2903 Rec: 0.3071
train: {'epoch': 238, 'time_epoch': 5.32943, 'eta': 59.43521, 'eta_hours': 0.01651, 'loss': 0.15920949, 'lr': 5.67e-06, 'params': 284917, 'time_iter': 0.03045, 'accuracy': 0.95018, 'f1': 0.95015, 'auc': 0.99924}
val: {'epoch': 238, 'time_epoch': 0.31931, 'loss': 2.47416737, 'lr': 0, 'params': 284917, 'time_iter': 0.02281, 'accuracy': 0.42143, 'f1': 0.39857, 'auc': 0.91255}
test: {'epoch': 238, 'time_epoch': 0.28498, 'loss': 4.07577959, 'lr': 0, 'params': 284917, 'time_iter': 0.02036, 'accuracy': 0.29762, 'f1': 0.25825, 'auc': 0.8854}
> Epoch 238: took 6.2s (avg 6.0s) | Best so far: epoch 161	train_loss: 0.2172 train_accuracy: 0.9280	val_loss: 2.2852 val_accuracy: 0.4262	test_loss: 3.5396 test_accuracy: 0.3071	F1: 0.2465 Prec: 0.2903 Rec: 0.3071
train: {'epoch': 239, 'time_epoch': 5.63382, 'eta': 54.04162, 'eta_hours': 0.01501, 'loss': 0.1533299, 'lr': 4.77e-06, 'params': 284917, 'time_iter': 0.03219, 'accuracy': 0.95215, 'f1': 0.95212, 'auc': 0.99932}
val: {'epoch': 239, 'time_epoch': 0.23794, 'loss': 2.5728833, 'lr': 0, 'params': 284917, 'time_iter': 0.017, 'accuracy': 0.4119, 'f1': 0.39146, 'auc': 0.91071}
test: {'epoch': 239, 'time_epoch': 0.27327, 'loss': 4.09330354, 'lr': 0, 'params': 284917, 'time_iter': 0.01952, 'accuracy': 0.29762, 'f1': 0.25319, 'auc': 0.88674}
> Epoch 239: took 6.3s (avg 6.0s) | Best so far: epoch 161	train_loss: 0.2172 train_accuracy: 0.9280	val_loss: 2.2852 val_accuracy: 0.4262	test_loss: 3.5396 test_accuracy: 0.3071	F1: 0.2465 Prec: 0.2903 Rec: 0.3071
train: {'epoch': 240, 'time_epoch': 5.93324, 'eta': 48.65721, 'eta_hours': 0.01352, 'loss': 0.15666331, 'lr': 3.94e-06, 'params': 284917, 'time_iter': 0.0339, 'accuracy': 0.95125, 'f1': 0.95123, 'auc': 0.99925}
val: {'epoch': 240, 'time_epoch': 0.22416, 'loss': 2.57903558, 'lr': 0, 'params': 284917, 'time_iter': 0.01601, 'accuracy': 0.4119, 'f1': 0.3819, 'auc': 0.90963}
test: {'epoch': 240, 'time_epoch': 0.24658, 'loss': 4.05794637, 'lr': 0, 'params': 284917, 'time_iter': 0.01761, 'accuracy': 0.29048, 'f1': 0.25231, 'auc': 0.88615}
> Epoch 240: took 6.6s (avg 6.0s) | Best so far: epoch 161	train_loss: 0.2172 train_accuracy: 0.9280	val_loss: 2.2852 val_accuracy: 0.4262	test_loss: 3.5396 test_accuracy: 0.3071	F1: 0.2465 Prec: 0.2903 Rec: 0.3071
train: {'epoch': 241, 'time_epoch': 5.45025, 'eta': 43.25231, 'eta_hours': 0.01201, 'loss': 0.14776053, 'lr': 3.19e-06, 'params': 284917, 'time_iter': 0.03114, 'accuracy': 0.95412, 'f1': 0.95409, 'auc': 0.99936}
val: {'epoch': 241, 'time_epoch': 0.2151, 'loss': 2.54345981, 'lr': 0, 'params': 284917, 'time_iter': 0.01536, 'accuracy': 0.42381, 'f1': 0.39681, 'auc': 0.91218}
test: {'epoch': 241, 'time_epoch': 0.19149, 'loss': 3.95654849, 'lr': 0, 'params': 284917, 'time_iter': 0.01368, 'accuracy': 0.27857, 'f1': 0.23312, 'auc': 0.88974}
> Epoch 241: took 6.0s (avg 6.0s) | Best so far: epoch 161	train_loss: 0.2172 train_accuracy: 0.9280	val_loss: 2.2852 val_accuracy: 0.4262	test_loss: 3.5396 test_accuracy: 0.3071	F1: 0.2465 Prec: 0.2903 Rec: 0.3071
train: {'epoch': 242, 'time_epoch': 5.82665, 'eta': 37.85787, 'eta_hours': 0.01052, 'loss': 0.14825277, 'lr': 2.52e-06, 'params': 284917, 'time_iter': 0.0333, 'accuracy': 0.95376, 'f1': 0.9537, 'auc': 0.9994}
val: {'epoch': 242, 'time_epoch': 0.27851, 'loss': 2.56187519, 'lr': 0, 'params': 284917, 'time_iter': 0.01989, 'accuracy': 0.4, 'f1': 0.37401, 'auc': 0.90997}
test: {'epoch': 242, 'time_epoch': 0.37942, 'loss': 4.04911081, 'lr': 0, 'params': 284917, 'time_iter': 0.0271, 'accuracy': 0.2881, 'f1': 0.25225, 'auc': 0.88332}
> Epoch 242: took 6.7s (avg 6.0s) | Best so far: epoch 161	train_loss: 0.2172 train_accuracy: 0.9280	val_loss: 2.2852 val_accuracy: 0.4262	test_loss: 3.5396 test_accuracy: 0.3071	F1: 0.2465 Prec: 0.2903 Rec: 0.3071
train: {'epoch': 243, 'time_epoch': 6.98073, 'eta': 32.48827, 'eta_hours': 0.00902, 'loss': 0.14179129, 'lr': 1.93e-06, 'params': 284917, 'time_iter': 0.03989, 'accuracy': 0.95627, 'f1': 0.95624, 'auc': 0.99946}
val: {'epoch': 243, 'time_epoch': 0.34147, 'loss': 2.54002327, 'lr': 0, 'params': 284917, 'time_iter': 0.02439, 'accuracy': 0.40952, 'f1': 0.38421, 'auc': 0.91121}
test: {'epoch': 243, 'time_epoch': 0.28958, 'loss': 3.99120629, 'lr': 0, 'params': 284917, 'time_iter': 0.02068, 'accuracy': 0.29048, 'f1': 0.25166, 'auc': 0.88705}
> Epoch 243: took 7.8s (avg 6.0s) | Best so far: epoch 161	train_loss: 0.2172 train_accuracy: 0.9280	val_loss: 2.2852 val_accuracy: 0.4262	test_loss: 3.5396 test_accuracy: 0.3071	F1: 0.2465 Prec: 0.2903 Rec: 0.3071
train: {'epoch': 244, 'time_epoch': 6.65286, 'eta': 27.09883, 'eta_hours': 0.00753, 'loss': 0.14584026, 'lr': 1.42e-06, 'params': 284917, 'time_iter': 0.03802, 'accuracy': 0.95394, 'f1': 0.95393, 'auc': 0.99943}
val: {'epoch': 244, 'time_epoch': 0.26459, 'loss': 2.5425828, 'lr': 0, 'params': 284917, 'time_iter': 0.0189, 'accuracy': 0.39286, 'f1': 0.36876, 'auc': 0.91019}
test: {'epoch': 244, 'time_epoch': 0.27185, 'loss': 3.7869054, 'lr': 0, 'params': 284917, 'time_iter': 0.01942, 'accuracy': 0.30238, 'f1': 0.26158, 'auc': 0.89128}
> Epoch 244: took 7.4s (avg 6.1s) | Best so far: epoch 161	train_loss: 0.2172 train_accuracy: 0.9280	val_loss: 2.2852 val_accuracy: 0.4262	test_loss: 3.5396 test_accuracy: 0.3071	F1: 0.2465 Prec: 0.2903 Rec: 0.3071
train: {'epoch': 245, 'time_epoch': 5.93845, 'eta': 21.6875, 'eta_hours': 0.00602, 'loss': 0.16268817, 'lr': 9.9e-07, 'params': 284917, 'time_iter': 0.03393, 'accuracy': 0.9457, 'f1': 0.94569, 'auc': 0.99928}
val: {'epoch': 245, 'time_epoch': 0.26324, 'loss': 2.5463695, 'lr': 0, 'params': 284917, 'time_iter': 0.0188, 'accuracy': 0.39524, 'f1': 0.36959, 'auc': 0.91016}
test: {'epoch': 245, 'time_epoch': 0.25642, 'loss': 4.26456947, 'lr': 0, 'params': 284917, 'time_iter': 0.01832, 'accuracy': 0.28095, 'f1': 0.24746, 'auc': 0.87845}
> Epoch 245: took 6.7s (avg 6.1s) | Best so far: epoch 161	train_loss: 0.2172 train_accuracy: 0.9280	val_loss: 2.2852 val_accuracy: 0.4262	test_loss: 3.5396 test_accuracy: 0.3071	F1: 0.2465 Prec: 0.2903 Rec: 0.3071
train: {'epoch': 246, 'time_epoch': 6.19575, 'eta': 16.27502, 'eta_hours': 0.00452, 'loss': 0.15180733, 'lr': 6.3e-07, 'params': 284917, 'time_iter': 0.0354, 'accuracy': 0.95215, 'f1': 0.95209, 'auc': 0.99934}
val: {'epoch': 246, 'time_epoch': 0.27174, 'loss': 2.5242079, 'lr': 0, 'params': 284917, 'time_iter': 0.01941, 'accuracy': 0.40952, 'f1': 0.39143, 'auc': 0.91102}
test: {'epoch': 246, 'time_epoch': 0.24056, 'loss': 3.80048871, 'lr': 0, 'params': 284917, 'time_iter': 0.01718, 'accuracy': 0.30238, 'f1': 0.25966, 'auc': 0.89089}
> Epoch 246: took 6.9s (avg 6.1s) | Best so far: epoch 161	train_loss: 0.2172 train_accuracy: 0.9280	val_loss: 2.2852 val_accuracy: 0.4262	test_loss: 3.5396 test_accuracy: 0.3071	F1: 0.2465 Prec: 0.2903 Rec: 0.3071
train: {'epoch': 247, 'time_epoch': 7.19339, 'eta': 10.86428, 'eta_hours': 0.00302, 'loss': 0.15089937, 'lr': 3.6e-07, 'params': 284917, 'time_iter': 0.04111, 'accuracy': 0.95018, 'f1': 0.95015, 'auc': 0.99938}
val: {'epoch': 247, 'time_epoch': 0.21565, 'loss': 2.50867224, 'lr': 0, 'params': 284917, 'time_iter': 0.0154, 'accuracy': 0.4119, 'f1': 0.38963, 'auc': 0.90968}
test: {'epoch': 247, 'time_epoch': 0.24176, 'loss': 4.00578376, 'lr': 0, 'params': 284917, 'time_iter': 0.01727, 'accuracy': 0.2881, 'f1': 0.25362, 'auc': 0.88392}
> Epoch 247: took 7.8s (avg 6.1s) | Best so far: epoch 161	train_loss: 0.2172 train_accuracy: 0.9280	val_loss: 2.2852 val_accuracy: 0.4262	test_loss: 3.5396 test_accuracy: 0.3071	F1: 0.2465 Prec: 0.2903 Rec: 0.3071
train: {'epoch': 248, 'time_epoch': 2.83983, 'eta': 5.42173, 'eta_hours': 0.00151, 'loss': 0.14323857, 'lr': 1.6e-07, 'params': 284917, 'time_iter': 0.01623, 'accuracy': 0.95376, 'f1': 0.95375, 'auc': 0.99947}
val: {'epoch': 248, 'time_epoch': 0.09533, 'loss': 2.5400557, 'lr': 0, 'params': 284917, 'time_iter': 0.00681, 'accuracy': 0.4, 'f1': 0.37643, 'auc': 0.90999}
test: {'epoch': 248, 'time_epoch': 0.10332, 'loss': 4.14011679, 'lr': 0, 'params': 284917, 'time_iter': 0.00738, 'accuracy': 0.28333, 'f1': 0.25108, 'auc': 0.88245}
> Epoch 248: took 3.1s (avg 6.1s) | Best so far: epoch 161	train_loss: 0.2172 train_accuracy: 0.9280	val_loss: 2.2852 val_accuracy: 0.4262	test_loss: 3.5396 test_accuracy: 0.3071	F1: 0.2465 Prec: 0.2903 Rec: 0.3071
train: {'epoch': 249, 'time_epoch': 4.92083, 'eta': 0.0, 'eta_hours': 0.0, 'loss': 0.15166672, 'lr': 4e-08, 'params': 284917, 'time_iter': 0.02812, 'accuracy': 0.95018, 'f1': 0.95014, 'auc': 0.99935}
val: {'epoch': 249, 'time_epoch': 0.37544, 'loss': 2.54214995, 'lr': 0, 'params': 284917, 'time_iter': 0.02682, 'accuracy': 0.40476, 'f1': 0.38297, 'auc': 0.91062}
test: {'epoch': 249, 'time_epoch': 0.48261, 'loss': 3.92510066, 'lr': 0, 'params': 284917, 'time_iter': 0.03447, 'accuracy': 0.29524, 'f1': 0.25154, 'auc': 0.88807}
> Epoch 249: took 6.1s (avg 6.1s) | Best so far: epoch 161	train_loss: 0.2172 train_accuracy: 0.9280	val_loss: 2.2852 val_accuracy: 0.4262	test_loss: 3.5396 test_accuracy: 0.3071	F1: 0.2465 Prec: 0.2903 Rec: 0.3071
Avg time per epoch: 6.05s
Total train loop time: 0.42h
Task done, results saved in results_lopo_1.0/FQ_3m
[*] All done: 2026-04-20 14:02:40.704333
