[*] Run ID 0: seed=0, split_index=0
    Starting now: 2026-04-01 14:29:34.169069
[*] Loaded dataset 'rfid' from 'RFID':
  Data(x=[51360, 60], edge_index=[2, 51360], y=[6420], y_user=[6420], subject=[6420])
  undirected: True
  num graphs: 6420
  avg num_nodes/graph: 8
  num node features: 60
  num edge features: 0
  num classes: 21
[*] LOPO Split: Test Subj=NH 3m, Val Subj=NI 3m
    Train: 5580 | Val: 420 | Test: 420
GraphGymModule(
  (model): CustomGNN(
    (encoder): FeatureEncoder()
    (pre_mp): GeneralMultiLayer(
      (Layer_0): GeneralLayer(
        (layer): Linear(
          (model): Linear(60, 128, bias=False)
        )
        (post_layer): Sequential(
          (0): BatchNorm1d(128, eps=1e-05, momentum=0.1, affine=True, track_running_stats=True)
          (1): Dropout(p=0.2, inplace=False)
          (2): ReLU()
        )
      )
    )
    (gnn_layers): Sequential(
      (0): GCNConvLayer(
        (bn_node_x): BatchNorm1d(128, eps=1e-05, momentum=0.1, affine=True, track_running_stats=True)
        (act): Sequential(
          (0): ReLU()
          (1): Dropout(p=0.2, inplace=False)
        )
        (model): GCNConv(128, 128)
        (norm1_local): BatchNorm1d(128, eps=1e-05, momentum=0.1, affine=True, track_running_stats=True)
        (ff_linear1): Linear(in_features=128, out_features=256, bias=True)
        (ff_linear2): Linear(in_features=256, out_features=128, bias=True)
        (act_fn_ff): ReLU()
        (norm2): BatchNorm1d(128, eps=1e-05, momentum=0.1, affine=True, track_running_stats=True)
        (ff_dropout1): Dropout(p=0.2, inplace=False)
        (ff_dropout2): Dropout(p=0.2, inplace=False)
      )
      (1): GCNConvLayer(
        (bn_node_x): BatchNorm1d(128, eps=1e-05, momentum=0.1, affine=True, track_running_stats=True)
        (act): Sequential(
          (0): ReLU()
          (1): Dropout(p=0.2, inplace=False)
        )
        (model): GCNConv(128, 128)
        (norm1_local): BatchNorm1d(128, eps=1e-05, momentum=0.1, affine=True, track_running_stats=True)
        (ff_linear1): Linear(in_features=128, out_features=256, bias=True)
        (ff_linear2): Linear(in_features=256, out_features=128, bias=True)
        (act_fn_ff): ReLU()
        (norm2): BatchNorm1d(128, eps=1e-05, momentum=0.1, affine=True, track_running_stats=True)
        (ff_dropout1): Dropout(p=0.2, inplace=False)
        (ff_dropout2): Dropout(p=0.2, inplace=False)
      )
      (2): GCNConvLayer(
        (bn_node_x): BatchNorm1d(128, eps=1e-05, momentum=0.1, affine=True, track_running_stats=True)
        (act): Sequential(
          (0): ReLU()
          (1): Dropout(p=0.2, inplace=False)
        )
        (model): GCNConv(128, 128)
        (norm1_local): BatchNorm1d(128, eps=1e-05, momentum=0.1, affine=True, track_running_stats=True)
        (ff_linear1): Linear(in_features=128, out_features=256, bias=True)
        (ff_linear2): Linear(in_features=256, out_features=128, bias=True)
        (act_fn_ff): ReLU()
        (norm2): BatchNorm1d(128, eps=1e-05, momentum=0.1, affine=True, track_running_stats=True)
        (ff_dropout1): Dropout(p=0.2, inplace=False)
        (ff_dropout2): Dropout(p=0.2, inplace=False)
      )
    )
    (post_mp): MLPGraphHead(
      (mlp): Sequential(
        (0): Dropout(p=0.2, inplace=False)
        (1): Linear(in_features=128, out_features=128, bias=True)
        (2): ReLU()
        (3): Dropout(p=0.2, inplace=False)
        (4): Linear(in_features=128, out_features=21, bias=True)
      )
    )
  )
)
accelerator: cuda
adv:
  lambda_u: 0.1
  num_users: 16
  use: False
benchmark: False
bn:
  eps: 1e-05
  mom: 0.1
cfg_dest: config.yaml
custom_metrics: []
dataset:
  cache_load: False
  cache_save: False
  dir: C:\Users\PC\Desktop\AdversarialLearningProject 1\ICML\Adversarial_Learning\Daniel\RFIDDataSet\DataSetLOPO
  edge_dim: 128
  edge_encoder: False
  edge_encoder_bn: True
  edge_encoder_name: Bond
  edge_encoder_num_types: 0
  edge_message_ratio: 0.8
  edge_negative_sampling_ratio: 1.0
  edge_train_mode: all
  encoder: True
  encoder_bn: True
  encoder_dim: 128
  encoder_name: db
  format: RFID
  infer_link_label: None
  label_column: none
  label_table: none
  location: local
  name: rfid
  node_encoder: False
  node_encoder_bn: True
  node_encoder_name: Atom
  node_encoder_num_types: 0
  remove_feature: False
  resample_disjoint: False
  resample_negative: False
  shuffle_split: True
  slic_compactness: 10
  split: [0.8, 0.1, 0.1]
  split_dir: ./splits
  split_index: 0
  split_mode: lopo-subject
  task: graph
  task_type: classification
  test_subj: NH 3m
  to_undirected: False
  transductive: False
  transform: none
  tu_simple: True
  val_subj: NI 3m
devices: 1
example_arg: example
example_group:
  example_arg: example
gnn:
  act: relu
  agg: add
  att_final_linear: False
  att_final_linear_bn: False
  att_heads: 1
  batchnorm: True
  clear_feature: True
  dim_inner: 128
  dropout: 0.2
  ffn: True
  head: mlp_graph
  keep_edge: 0.5
  l2norm: True
  layer_type: gcn
  layers_mp: 3
  layers_post_mp: 2
  layers_pre_mp: 1
  msg_direction: single
  normalize_adj: False
  residual: False
  self_msg: concat
  skip_every: 1
  stage_type: stack
gpu_mem: False
mem:
  inplace: False
metric_agg: argmax
metric_best: accuracy
model:
  edge_decoding: dot
  graph_pooling: mean
  loss_fun: cross_entropy
  match_upper: True
  size_average: mean
  thresh: 0.5
  type: custom_gnn
name_tag: 
num_threads: 6
num_workers: 0
optim:
  base_lr: 0.001
  batch_accumulation: 1
  clip_grad_norm: False
  clip_grad_norm_value: 1.0
  lr_decay: 0.1
  max_epoch: 250
  min_lr: 0.0
  momentum: 0.9
  num_warmup_epochs: 50
  optimizer: adam
  reduce_factor: 0.1
  schedule_patience: 10
  scheduler: cos
  steps: [30, 60, 90]
  weight_decay: 0.0005
out_dir: results_lopo_none/NH_3m
posenc_RWSE:
  dim_pe: 16
  enable: False
  kernel:
    times: []
    times_func: 
  layers: 3
  model: none
  n_heads: 4
  pass_as_var: False
  post_layers: 0
  raw_norm_type: none
pretrained:
  dir: 
  freeze_main: False
  reset_prediction_head: True
print: both
round: 5
run_dir: results_lopo_none/NH_3m
run_id: 0
run_multiple_splits: []
seed: 0
share:
  dim_in: 60
  dim_out: 21
  num_splits: 3
tensorboard_agg: True
tensorboard_each_run: False
train:
  auto_resume: False
  batch_size: 32
  ckpt_best: False
  ckpt_clean: True
  ckpt_period: 100
  enable_ckpt: True
  epoch_resume: -1
  eval_period: 1
  eval_smoothing_metrics: False
  iter_per_epoch: 32
  mode: custom
  neighbor_sizes: [20, 15, 10, 5]
  node_per_graph: 32
  radius: extend
  sample_node: False
  sampler: full_batch
  skip_train_eval: False
  walk_length: 4
val:
  node_per_graph: 32
  radius: extend
  sample_node: False
  sampler: full_batch
view_emb: False
wandb:
  entity: gnn
  name: 
  project: rfid_lopo
  use: False
Num parameters: 276757
Start from epoch 0
train: {'epoch': 0, 'time_epoch': 2.61981, 'eta': 652.33147, 'eta_hours': 0.1812, 'loss': 2.63303542, 'lr': 0.001, 'params': 276757, 'time_iter': 0.01497, 'accuracy': 0.18656, 'f1': 0.16594, 'auc': 0.7559}
...computing epoch stats took: 0.08s
val: {'epoch': 0, 'time_epoch': 0.09865, 'loss': 5.57870478, 'lr': 0, 'params': 276757, 'time_iter': 0.00705, 'accuracy': 0.04762, 'f1': 0.00433, 'auc': 0.64123}
...computing epoch stats took: 0.04s
test: {'epoch': 0, 'time_epoch': 0.11325, 'loss': 5.83127408, 'lr': 0, 'params': 276757, 'time_iter': 0.00809, 'accuracy': 0.06667, 'f1': 0.03163, 'auc': 0.60736}
...computing epoch stats took: 0.02s
[*] Confusion Matrix saved to: results_lopo_none/NH_3m\Conf\confusion_matrix_epoch_0.png
> Epoch 0: took 3.0s (avg 3.0s) | Best so far: epoch 0	train_loss: 2.6330 train_accuracy: 0.1866	val_loss: 5.5787 val_accuracy: 0.0476	test_loss: 5.8313 test_accuracy: 0.0667	F1: 0.0316 Prec: 0.0499 Rec: 0.0667
train: {'epoch': 1, 'time_epoch': 1.7705, 'eta': 544.39783, 'eta_hours': 0.15122, 'loss': 2.17125535, 'lr': 0.00099996, 'params': 276757, 'time_iter': 0.01012, 'accuracy': 0.30143, 'f1': 0.28408, 'auc': 0.85356}
...computing epoch stats took: 0.02s
val: {'epoch': 1, 'time_epoch': 0.06885, 'loss': 8.4325575, 'lr': 0, 'params': 276757, 'time_iter': 0.00492, 'accuracy': 0.02381, 'f1': 0.00259, 'auc': 0.57555}
...computing epoch stats took: 0.02s
test: {'epoch': 1, 'time_epoch': 0.07335, 'loss': 7.75638522, 'lr': 0, 'params': 276757, 'time_iter': 0.00524, 'accuracy': 0.04762, 'f1': 0.00549, 'auc': 0.62435}
...computing epoch stats took: 0.02s
> Epoch 1: took 2.0s (avg 2.5s) | Best so far: epoch 0	train_loss: 2.6330 train_accuracy: 0.1866	val_loss: 5.5787 val_accuracy: 0.0476	test_loss: 5.8313 test_accuracy: 0.0667	F1: 0.0316 Prec: 0.0499 Rec: 0.0667
train: {'epoch': 2, 'time_epoch': 1.85109, 'eta': 513.87484, 'eta_hours': 0.14274, 'loss': 1.98147555, 'lr': 0.00099984, 'params': 276757, 'time_iter': 0.01058, 'accuracy': 0.34731, 'f1': 0.33513, 'auc': 0.88273}
...computing epoch stats took: 0.03s
val: {'epoch': 2, 'time_epoch': 0.06504, 'loss': 5.26976297, 'lr': 0, 'params': 276757, 'time_iter': 0.00465, 'accuracy': 0.13333, 'f1': 0.03829, 'auc': 0.7606}
...computing epoch stats took: 0.02s
test: {'epoch': 2, 'time_epoch': 0.07898, 'loss': 5.04626973, 'lr': 0, 'params': 276757, 'time_iter': 0.00564, 'accuracy': 0.09524, 'f1': 0.03385, 'auc': 0.77655}
...computing epoch stats took: 0.02s
[*] Confusion Matrix saved to: results_lopo_none/NH_3m\Conf\confusion_matrix_epoch_2.png
> Epoch 2: took 2.1s (avg 2.3s) | Best so far: epoch 2	train_loss: 1.9815 train_accuracy: 0.3473	val_loss: 5.2698 val_accuracy: 0.1333	test_loss: 5.0463 test_accuracy: 0.0952	F1: 0.0339 Prec: 0.0656 Rec: 0.0952
train: {'epoch': 3, 'time_epoch': 2.03836, 'eta': 509.20488, 'eta_hours': 0.14145, 'loss': 1.87592694, 'lr': 0.00099964, 'params': 276757, 'time_iter': 0.01165, 'accuracy': 0.3776, 'f1': 0.3684, 'auc': 0.89707}
val: {'epoch': 3, 'time_epoch': 0.06854, 'loss': 5.11531459, 'lr': 0, 'params': 276757, 'time_iter': 0.0049, 'accuracy': 0.09762, 'f1': 0.04097, 'auc': 0.72307}
test: {'epoch': 3, 'time_epoch': 0.06656, 'loss': 4.64928533, 'lr': 0, 'params': 276757, 'time_iter': 0.00475, 'accuracy': 0.07143, 'f1': 0.02948, 'auc': 0.79155}
> Epoch 3: took 2.3s (avg 2.3s) | Best so far: epoch 2	train_loss: 1.9815 train_accuracy: 0.3473	val_loss: 5.2698 val_accuracy: 0.1333	test_loss: 5.0463 test_accuracy: 0.0952	F1: 0.0339 Prec: 0.0656 Rec: 0.0952
train: {'epoch': 4, 'time_epoch': 1.80969, 'eta': 494.38281, 'eta_hours': 0.13733, 'loss': 1.7948386, 'lr': 0.00099937, 'params': 276757, 'time_iter': 0.01034, 'accuracy': 0.40663, 'f1': 0.3994, 'auc': 0.90762}
val: {'epoch': 4, 'time_epoch': 0.06901, 'loss': 10.54538132, 'lr': 0, 'params': 276757, 'time_iter': 0.00493, 'accuracy': 0.04762, 'f1': 0.00515, 'auc': 0.62725}
test: {'epoch': 4, 'time_epoch': 0.06901, 'loss': 9.96545944, 'lr': 0, 'params': 276757, 'time_iter': 0.00493, 'accuracy': 0.0619, 'f1': 0.01179, 'auc': 0.66795}
> Epoch 4: took 2.0s (avg 2.3s) | Best so far: epoch 2	train_loss: 1.9815 train_accuracy: 0.3473	val_loss: 5.2698 val_accuracy: 0.1333	test_loss: 5.0463 test_accuracy: 0.0952	F1: 0.0339 Prec: 0.0656 Rec: 0.0952
train: {'epoch': 5, 'time_epoch': 1.99542, 'eta': 491.45108, 'eta_hours': 0.13651, 'loss': 1.70989937, 'lr': 0.00099901, 'params': 276757, 'time_iter': 0.0114, 'accuracy': 0.42921, 'f1': 0.42229, 'auc': 0.91708}
val: {'epoch': 5, 'time_epoch': 0.08496, 'loss': 5.65089738, 'lr': 0, 'params': 276757, 'time_iter': 0.00607, 'accuracy': 0.04762, 'f1': 0.00507, 'auc': 0.6372}
test: {'epoch': 5, 'time_epoch': 0.08208, 'loss': 5.1598729, 'lr': 0, 'params': 276757, 'time_iter': 0.00586, 'accuracy': 0.07381, 'f1': 0.02283, 'auc': 0.66867}
> Epoch 5: took 2.3s (avg 2.3s) | Best so far: epoch 2	train_loss: 1.9815 train_accuracy: 0.3473	val_loss: 5.2698 val_accuracy: 0.1333	test_loss: 5.0463 test_accuracy: 0.0952	F1: 0.0339 Prec: 0.0656 Rec: 0.0952
train: {'epoch': 6, 'time_epoch': 1.97508, 'eta': 488.08074, 'eta_hours': 0.13558, 'loss': 1.66087408, 'lr': 0.00099858, 'params': 276757, 'time_iter': 0.01129, 'accuracy': 0.44964, 'f1': 0.44336, 'auc': 0.92171}
val: {'epoch': 6, 'time_epoch': 0.07491, 'loss': 5.86251664, 'lr': 0, 'params': 276757, 'time_iter': 0.00535, 'accuracy': 0.09524, 'f1': 0.02171, 'auc': 0.72367}
test: {'epoch': 6, 'time_epoch': 0.08918, 'loss': 5.60962542, 'lr': 0, 'params': 276757, 'time_iter': 0.00637, 'accuracy': 0.06429, 'f1': 0.023, 'auc': 0.7288}
> Epoch 6: took 2.2s (avg 2.3s) | Best so far: epoch 2	train_loss: 1.9815 train_accuracy: 0.3473	val_loss: 5.2698 val_accuracy: 0.1333	test_loss: 5.0463 test_accuracy: 0.0952	F1: 0.0339 Prec: 0.0656 Rec: 0.0952
train: {'epoch': 7, 'time_epoch': 1.86655, 'eta': 481.77643, 'eta_hours': 0.13383, 'loss': 1.60674079, 'lr': 0.00099807, 'params': 276757, 'time_iter': 0.01067, 'accuracy': 0.45806, 'f1': 0.45363, 'auc': 0.92752}
val: {'epoch': 7, 'time_epoch': 0.07633, 'loss': 7.07005304, 'lr': 0, 'params': 276757, 'time_iter': 0.00545, 'accuracy': 0.0619, 'f1': 0.02585, 'auc': 0.64008}
test: {'epoch': 7, 'time_epoch': 0.06723, 'loss': 6.3558741, 'lr': 0, 'params': 276757, 'time_iter': 0.0048, 'accuracy': 0.07619, 'f1': 0.03759, 'auc': 0.69509}
> Epoch 7: took 2.1s (avg 2.2s) | Best so far: epoch 2	train_loss: 1.9815 train_accuracy: 0.3473	val_loss: 5.2698 val_accuracy: 0.1333	test_loss: 5.0463 test_accuracy: 0.0952	F1: 0.0339 Prec: 0.0656 Rec: 0.0952
train: {'epoch': 8, 'time_epoch': 1.89424, 'eta': 477.19964, 'eta_hours': 0.13256, 'loss': 1.53622149, 'lr': 0.00099748, 'params': 276757, 'time_iter': 0.01082, 'accuracy': 0.4853, 'f1': 0.48112, 'auc': 0.93473}
val: {'epoch': 8, 'time_epoch': 0.0724, 'loss': 9.47867225, 'lr': 0, 'params': 276757, 'time_iter': 0.00517, 'accuracy': 0.09286, 'f1': 0.03915, 'auc': 0.60669}
test: {'epoch': 8, 'time_epoch': 0.08584, 'loss': 8.68603629, 'lr': 0, 'params': 276757, 'time_iter': 0.00613, 'accuracy': 0.05238, 'f1': 0.00777, 'auc': 0.60648}
> Epoch 8: took 2.1s (avg 2.2s) | Best so far: epoch 2	train_loss: 1.9815 train_accuracy: 0.3473	val_loss: 5.2698 val_accuracy: 0.1333	test_loss: 5.0463 test_accuracy: 0.0952	F1: 0.0339 Prec: 0.0656 Rec: 0.0952
train: {'epoch': 9, 'time_epoch': 1.78919, 'eta': 470.63817, 'eta_hours': 0.13073, 'loss': 1.49028421, 'lr': 0.00099681, 'params': 276757, 'time_iter': 0.01022, 'accuracy': 0.50394, 'f1': 0.49945, 'auc': 0.93857}
val: {'epoch': 9, 'time_epoch': 0.09872, 'loss': 4.33403429, 'lr': 0, 'params': 276757, 'time_iter': 0.00705, 'accuracy': 0.07857, 'f1': 0.02207, 'auc': 0.77206}
test: {'epoch': 9, 'time_epoch': 0.07269, 'loss': 3.98595289, 'lr': 0, 'params': 276757, 'time_iter': 0.00519, 'accuracy': 0.16667, 'f1': 0.09197, 'auc': 0.80374}
> Epoch 9: took 2.1s (avg 2.2s) | Best so far: epoch 2	train_loss: 1.9815 train_accuracy: 0.3473	val_loss: 5.2698 val_accuracy: 0.1333	test_loss: 5.0463 test_accuracy: 0.0952	F1: 0.0339 Prec: 0.0656 Rec: 0.0952
train: {'epoch': 10, 'time_epoch': 1.79956, 'eta': 465.16964, 'eta_hours': 0.12921, 'loss': 1.47226377, 'lr': 0.00099606, 'params': 276757, 'time_iter': 0.01028, 'accuracy': 0.51183, 'f1': 0.50838, 'auc': 0.93991}
val: {'epoch': 10, 'time_epoch': 0.06485, 'loss': 6.86657248, 'lr': 0, 'params': 276757, 'time_iter': 0.00463, 'accuracy': 0.05, 'f1': 0.02721, 'auc': 0.64969}
test: {'epoch': 10, 'time_epoch': 0.06735, 'loss': 5.43001364, 'lr': 0, 'params': 276757, 'time_iter': 0.00481, 'accuracy': 0.08333, 'f1': 0.04123, 'auc': 0.75082}
> Epoch 10: took 2.0s (avg 2.2s) | Best so far: epoch 2	train_loss: 1.9815 train_accuracy: 0.3473	val_loss: 5.2698 val_accuracy: 0.1333	test_loss: 5.0463 test_accuracy: 0.0952	F1: 0.0339 Prec: 0.0656 Rec: 0.0952
train: {'epoch': 11, 'time_epoch': 1.68132, 'eta': 457.96764, 'eta_hours': 0.12721, 'loss': 1.42125986, 'lr': 0.00099523, 'params': 276757, 'time_iter': 0.00961, 'accuracy': 0.5233, 'f1': 0.52023, 'auc': 0.94426}
val: {'epoch': 11, 'time_epoch': 0.08064, 'loss': 7.3226577, 'lr': 0, 'params': 276757, 'time_iter': 0.00576, 'accuracy': 0.11429, 'f1': 0.05136, 'auc': 0.71418}
test: {'epoch': 11, 'time_epoch': 0.07083, 'loss': 6.77700164, 'lr': 0, 'params': 276757, 'time_iter': 0.00506, 'accuracy': 0.08095, 'f1': 0.02019, 'auc': 0.74043}
> Epoch 11: took 1.9s (avg 2.2s) | Best so far: epoch 2	train_loss: 1.9815 train_accuracy: 0.3473	val_loss: 5.2698 val_accuracy: 0.1333	test_loss: 5.0463 test_accuracy: 0.0952	F1: 0.0339 Prec: 0.0656 Rec: 0.0952
train: {'epoch': 12, 'time_epoch': 1.81096, 'eta': 453.97839, 'eta_hours': 0.12611, 'loss': 1.39537211, 'lr': 0.00099433, 'params': 276757, 'time_iter': 0.01035, 'accuracy': 0.5353, 'f1': 0.53188, 'auc': 0.94679}
val: {'epoch': 12, 'time_epoch': 0.07098, 'loss': 7.04116661, 'lr': 0, 'params': 276757, 'time_iter': 0.00507, 'accuracy': 0.11905, 'f1': 0.03648, 'auc': 0.74063}
test: {'epoch': 12, 'time_epoch': 0.06757, 'loss': 7.25145573, 'lr': 0, 'params': 276757, 'time_iter': 0.00483, 'accuracy': 0.05714, 'f1': 0.01644, 'auc': 0.67743}
> Epoch 12: took 2.0s (avg 2.2s) | Best so far: epoch 2	train_loss: 1.9815 train_accuracy: 0.3473	val_loss: 5.2698 val_accuracy: 0.1333	test_loss: 5.0463 test_accuracy: 0.0952	F1: 0.0339 Prec: 0.0656 Rec: 0.0952
train: {'epoch': 13, 'time_epoch': 1.79208, 'eta': 449.98206, 'eta_hours': 0.125, 'loss': 1.34021116, 'lr': 0.00099334, 'params': 276757, 'time_iter': 0.01024, 'accuracy': 0.55681, 'f1': 0.55466, 'auc': 0.95072}
val: {'epoch': 13, 'time_epoch': 0.09465, 'loss': 2.55189884, 'lr': 0, 'params': 276757, 'time_iter': 0.00676, 'accuracy': 0.19762, 'f1': 0.15994, 'auc': 0.85608}
test: {'epoch': 13, 'time_epoch': 0.06954, 'loss': 2.45087172, 'lr': 0, 'params': 276757, 'time_iter': 0.00497, 'accuracy': 0.26905, 'f1': 0.23366, 'auc': 0.85449}
[*] Confusion Matrix saved to: results_lopo_none/NH_3m\Conf\confusion_matrix_epoch_13.png
> Epoch 13: took 2.0s (avg 2.2s) | Best so far: epoch 13	train_loss: 1.3402 train_accuracy: 0.5568	val_loss: 2.5519 val_accuracy: 0.1976	test_loss: 2.4509 test_accuracy: 0.2691	F1: 0.2337 Prec: 0.2631 Rec: 0.2690
train: {'epoch': 14, 'time_epoch': 1.73094, 'eta': 445.32172, 'eta_hours': 0.1237, 'loss': 1.32199041, 'lr': 0.00099228, 'params': 276757, 'time_iter': 0.00989, 'accuracy': 0.55789, 'f1': 0.55602, 'auc': 0.95226}
val: {'epoch': 14, 'time_epoch': 0.09018, 'loss': 5.02611771, 'lr': 0, 'params': 276757, 'time_iter': 0.00644, 'accuracy': 0.14524, 'f1': 0.06818, 'auc': 0.77111}
test: {'epoch': 14, 'time_epoch': 0.12167, 'loss': 5.02245541, 'lr': 0, 'params': 276757, 'time_iter': 0.00869, 'accuracy': 0.07619, 'f1': 0.04154, 'auc': 0.79876}
> Epoch 14: took 2.1s (avg 2.1s) | Best so far: epoch 13	train_loss: 1.3402 train_accuracy: 0.5568	val_loss: 2.5519 val_accuracy: 0.1976	test_loss: 2.4509 test_accuracy: 0.2691	F1: 0.2337 Prec: 0.2631 Rec: 0.2690
train: {'epoch': 15, 'time_epoch': 1.9534, 'eta': 444.28107, 'eta_hours': 0.12341, 'loss': 1.27239511, 'lr': 0.00099114, 'params': 276757, 'time_iter': 0.01116, 'accuracy': 0.57563, 'f1': 0.5738, 'auc': 0.9556}
val: {'epoch': 15, 'time_epoch': 0.06877, 'loss': 8.27166065, 'lr': 0, 'params': 276757, 'time_iter': 0.00491, 'accuracy': 0.11667, 'f1': 0.03143, 'auc': 0.74991}
test: {'epoch': 15, 'time_epoch': 0.06761, 'loss': 8.48604047, 'lr': 0, 'params': 276757, 'time_iter': 0.00483, 'accuracy': 0.07381, 'f1': 0.03742, 'auc': 0.71916}
> Epoch 15: took 2.2s (avg 2.1s) | Best so far: epoch 13	train_loss: 1.3402 train_accuracy: 0.5568	val_loss: 2.5519 val_accuracy: 0.1976	test_loss: 2.4509 test_accuracy: 0.2691	F1: 0.2337 Prec: 0.2631 Rec: 0.2690
train: {'epoch': 16, 'time_epoch': 1.75288, 'eta': 440.38464, 'eta_hours': 0.12233, 'loss': 1.28353578, 'lr': 0.00098993, 'params': 276757, 'time_iter': 0.01002, 'accuracy': 0.57366, 'f1': 0.57218, 'auc': 0.95504}
val: {'epoch': 16, 'time_epoch': 0.06303, 'loss': 9.90645877, 'lr': 0, 'params': 276757, 'time_iter': 0.0045, 'accuracy': 0.09524, 'f1': 0.01665, 'auc': 0.70723}
test: {'epoch': 16, 'time_epoch': 0.07233, 'loss': 8.94153815, 'lr': 0, 'params': 276757, 'time_iter': 0.00517, 'accuracy': 0.0619, 'f1': 0.01847, 'auc': 0.66223}
> Epoch 16: took 2.0s (avg 2.1s) | Best so far: epoch 13	train_loss: 1.3402 train_accuracy: 0.5568	val_loss: 2.5519 val_accuracy: 0.1976	test_loss: 2.4509 test_accuracy: 0.2691	F1: 0.2337 Prec: 0.2631 Rec: 0.2690
train: {'epoch': 17, 'time_epoch': 1.77757, 'eta': 437.04471, 'eta_hours': 0.1214, 'loss': 1.2371625, 'lr': 0.00098863, 'params': 276757, 'time_iter': 0.01016, 'accuracy': 0.5905, 'f1': 0.58868, 'auc': 0.95859}
val: {'epoch': 17, 'time_epoch': 0.06596, 'loss': 7.01692381, 'lr': 0, 'params': 276757, 'time_iter': 0.00471, 'accuracy': 0.10952, 'f1': 0.04757, 'auc': 0.71823}
test: {'epoch': 17, 'time_epoch': 0.0787, 'loss': 7.34038653, 'lr': 0, 'params': 276757, 'time_iter': 0.00562, 'accuracy': 0.07381, 'f1': 0.02985, 'auc': 0.73019}
> Epoch 17: took 2.0s (avg 2.1s) | Best so far: epoch 13	train_loss: 1.3402 train_accuracy: 0.5568	val_loss: 2.5519 val_accuracy: 0.1976	test_loss: 2.4509 test_accuracy: 0.2691	F1: 0.2337 Prec: 0.2631 Rec: 0.2690
train: {'epoch': 18, 'time_epoch': 1.89221, 'eta': 435.26299, 'eta_hours': 0.12091, 'loss': 1.19453524, 'lr': 0.00098726, 'params': 276757, 'time_iter': 0.01081, 'accuracy': 0.60233, 'f1': 0.60096, 'auc': 0.96145}
val: {'epoch': 18, 'time_epoch': 0.07012, 'loss': 7.31691192, 'lr': 0, 'params': 276757, 'time_iter': 0.00501, 'accuracy': 0.05238, 'f1': 0.01376, 'auc': 0.68801}
test: {'epoch': 18, 'time_epoch': 0.07319, 'loss': 6.82717886, 'lr': 0, 'params': 276757, 'time_iter': 0.00523, 'accuracy': 0.12143, 'f1': 0.08173, 'auc': 0.74356}
> Epoch 18: took 2.1s (avg 2.1s) | Best so far: epoch 13	train_loss: 1.3402 train_accuracy: 0.5568	val_loss: 2.5519 val_accuracy: 0.1976	test_loss: 2.4509 test_accuracy: 0.2691	F1: 0.2337 Prec: 0.2631 Rec: 0.2690
train: {'epoch': 19, 'time_epoch': 1.96204, 'eta': 434.27323, 'eta_hours': 0.12063, 'loss': 1.17206961, 'lr': 0.00098582, 'params': 276757, 'time_iter': 0.01121, 'accuracy': 0.60287, 'f1': 0.60066, 'auc': 0.96311}
val: {'epoch': 19, 'time_epoch': 0.07455, 'loss': 6.02545794, 'lr': 0, 'params': 276757, 'time_iter': 0.00533, 'accuracy': 0.07857, 'f1': 0.0282, 'auc': 0.73246}
test: {'epoch': 19, 'time_epoch': 0.07009, 'loss': 5.41267407, 'lr': 0, 'params': 276757, 'time_iter': 0.00501, 'accuracy': 0.10238, 'f1': 0.03984, 'auc': 0.77132}
> Epoch 19: took 2.2s (avg 2.1s) | Best so far: epoch 13	train_loss: 1.3402 train_accuracy: 0.5568	val_loss: 2.5519 val_accuracy: 0.1976	test_loss: 2.4509 test_accuracy: 0.2691	F1: 0.2337 Prec: 0.2631 Rec: 0.2690
train: {'epoch': 20, 'time_epoch': 2.13157, 'eta': 435.03963, 'eta_hours': 0.12084, 'loss': 1.15158586, 'lr': 0.00098429, 'params': 276757, 'time_iter': 0.01218, 'accuracy': 0.61237, 'f1': 0.61173, 'auc': 0.96434}
val: {'epoch': 20, 'time_epoch': 0.07177, 'loss': 9.06526171, 'lr': 0, 'params': 276757, 'time_iter': 0.00513, 'accuracy': 0.08095, 'f1': 0.02773, 'auc': 0.67418}
test: {'epoch': 20, 'time_epoch': 0.09278, 'loss': 8.3935246, 'lr': 0, 'params': 276757, 'time_iter': 0.00663, 'accuracy': 0.07857, 'f1': 0.03499, 'auc': 0.7469}
> Epoch 20: took 2.4s (avg 2.1s) | Best so far: epoch 13	train_loss: 1.3402 train_accuracy: 0.5568	val_loss: 2.5519 val_accuracy: 0.1976	test_loss: 2.4509 test_accuracy: 0.2691	F1: 0.2337 Prec: 0.2631 Rec: 0.2690
train: {'epoch': 21, 'time_epoch': 1.78647, 'eta': 431.96607, 'eta_hours': 0.11999, 'loss': 1.1347885, 'lr': 0.00098269, 'params': 276757, 'time_iter': 0.01021, 'accuracy': 0.62151, 'f1': 0.61989, 'auc': 0.96508}
val: {'epoch': 21, 'time_epoch': 0.09862, 'loss': 8.60139512, 'lr': 0, 'params': 276757, 'time_iter': 0.00704, 'accuracy': 0.09286, 'f1': 0.02238, 'auc': 0.71557}
test: {'epoch': 21, 'time_epoch': 0.07676, 'loss': 8.16060665, 'lr': 0, 'params': 276757, 'time_iter': 0.00548, 'accuracy': 0.09048, 'f1': 0.01704, 'auc': 0.75151}
> Epoch 21: took 2.0s (avg 2.1s) | Best so far: epoch 13	train_loss: 1.3402 train_accuracy: 0.5568	val_loss: 2.5519 val_accuracy: 0.1976	test_loss: 2.4509 test_accuracy: 0.2691	F1: 0.2337 Prec: 0.2631 Rec: 0.2690
train: {'epoch': 22, 'time_epoch': 1.94137, 'eta': 430.53318, 'eta_hours': 0.11959, 'loss': 1.11004649, 'lr': 0.00098101, 'params': 276757, 'time_iter': 0.01109, 'accuracy': 0.63065, 'f1': 0.62987, 'auc': 0.96681}
val: {'epoch': 22, 'time_epoch': 0.08602, 'loss': 8.98468263, 'lr': 0, 'params': 276757, 'time_iter': 0.00614, 'accuracy': 0.09048, 'f1': 0.03599, 'auc': 0.6769}
test: {'epoch': 22, 'time_epoch': 0.07125, 'loss': 8.43014753, 'lr': 0, 'params': 276757, 'time_iter': 0.00509, 'accuracy': 0.05714, 'f1': 0.01612, 'auc': 0.70237}
> Epoch 22: took 2.2s (avg 2.1s) | Best so far: epoch 13	train_loss: 1.3402 train_accuracy: 0.5568	val_loss: 2.5519 val_accuracy: 0.1976	test_loss: 2.4509 test_accuracy: 0.2691	F1: 0.2337 Prec: 0.2631 Rec: 0.2690
train: {'epoch': 23, 'time_epoch': 1.90921, 'eta': 428.75514, 'eta_hours': 0.1191, 'loss': 1.11154061, 'lr': 0.00097926, 'params': 276757, 'time_iter': 0.01091, 'accuracy': 0.62742, 'f1': 0.62587, 'auc': 0.96679}
val: {'epoch': 23, 'time_epoch': 0.07149, 'loss': 9.27459532, 'lr': 0, 'params': 276757, 'time_iter': 0.00511, 'accuracy': 0.09524, 'f1': 0.01777, 'auc': 0.7108}
test: {'epoch': 23, 'time_epoch': 0.06731, 'loss': 8.93612061, 'lr': 0, 'params': 276757, 'time_iter': 0.00481, 'accuracy': 0.07143, 'f1': 0.01683, 'auc': 0.70358}
> Epoch 23: took 2.1s (avg 2.1s) | Best so far: epoch 13	train_loss: 1.3402 train_accuracy: 0.5568	val_loss: 2.5519 val_accuracy: 0.1976	test_loss: 2.4509 test_accuracy: 0.2691	F1: 0.2337 Prec: 0.2631 Rec: 0.2690
train: {'epoch': 24, 'time_epoch': 1.70695, 'eta': 425.14622, 'eta_hours': 0.1181, 'loss': 1.04691254, 'lr': 0.00097743, 'params': 276757, 'time_iter': 0.00975, 'accuracy': 0.6543, 'f1': 0.65357, 'auc': 0.97069}
val: {'epoch': 24, 'time_epoch': 0.07233, 'loss': 13.16748377, 'lr': 0, 'params': 276757, 'time_iter': 0.00517, 'accuracy': 0.07857, 'f1': 0.04198, 'auc': 0.69179}
test: {'epoch': 24, 'time_epoch': 0.06516, 'loss': 12.10191594, 'lr': 0, 'params': 276757, 'time_iter': 0.00465, 'accuracy': 0.04762, 'f1': 0.00919, 'auc': 0.66318}
> Epoch 24: took 1.9s (avg 2.1s) | Best so far: epoch 13	train_loss: 1.3402 train_accuracy: 0.5568	val_loss: 2.5519 val_accuracy: 0.1976	test_loss: 2.4509 test_accuracy: 0.2691	F1: 0.2337 Prec: 0.2631 Rec: 0.2690
train: {'epoch': 25, 'time_epoch': 1.75831, 'eta': 422.12608, 'eta_hours': 0.11726, 'loss': 1.02184241, 'lr': 0.00097553, 'params': 276757, 'time_iter': 0.01005, 'accuracy': 0.66362, 'f1': 0.6629, 'auc': 0.97179}
val: {'epoch': 25, 'time_epoch': 0.07628, 'loss': 11.34145189, 'lr': 0, 'params': 276757, 'time_iter': 0.00545, 'accuracy': 0.08571, 'f1': 0.03005, 'auc': 0.64149}
test: {'epoch': 25, 'time_epoch': 0.08896, 'loss': 10.3209473, 'lr': 0, 'params': 276757, 'time_iter': 0.00635, 'accuracy': 0.05, 'f1': 0.00653, 'auc': 0.64478}
> Epoch 25: took 2.0s (avg 2.1s) | Best so far: epoch 13	train_loss: 1.3402 train_accuracy: 0.5568	val_loss: 2.5519 val_accuracy: 0.1976	test_loss: 2.4509 test_accuracy: 0.2691	F1: 0.2337 Prec: 0.2631 Rec: 0.2690
train: {'epoch': 26, 'time_epoch': 1.72467, 'eta': 418.92161, 'eta_hours': 0.11637, 'loss': 1.05620515, 'lr': 0.00097355, 'params': 276757, 'time_iter': 0.00986, 'accuracy': 0.64767, 'f1': 0.64707, 'auc': 0.96971}
val: {'epoch': 26, 'time_epoch': 0.06181, 'loss': 9.10116868, 'lr': 0, 'params': 276757, 'time_iter': 0.00441, 'accuracy': 0.09762, 'f1': 0.02437, 'auc': 0.6908}
test: {'epoch': 26, 'time_epoch': 0.09685, 'loss': 8.25768719, 'lr': 0, 'params': 276757, 'time_iter': 0.00692, 'accuracy': 0.08333, 'f1': 0.04549, 'auc': 0.75005}
> Epoch 26: took 2.0s (avg 2.1s) | Best so far: epoch 13	train_loss: 1.3402 train_accuracy: 0.5568	val_loss: 2.5519 val_accuracy: 0.1976	test_loss: 2.4509 test_accuracy: 0.2691	F1: 0.2337 Prec: 0.2631 Rec: 0.2690
train: {'epoch': 27, 'time_epoch': 1.92304, 'eta': 417.39561, 'eta_hours': 0.11594, 'loss': 1.02558725, 'lr': 0.0009715, 'params': 276757, 'time_iter': 0.01099, 'accuracy': 0.65502, 'f1': 0.65381, 'auc': 0.97165}
val: {'epoch': 27, 'time_epoch': 0.08414, 'loss': 7.21272978, 'lr': 0, 'params': 276757, 'time_iter': 0.00601, 'accuracy': 0.09524, 'f1': 0.02738, 'auc': 0.70439}
test: {'epoch': 27, 'time_epoch': 0.07178, 'loss': 6.27100554, 'lr': 0, 'params': 276757, 'time_iter': 0.00513, 'accuracy': 0.09048, 'f1': 0.04251, 'auc': 0.76052}
> Epoch 27: took 2.2s (avg 2.1s) | Best so far: epoch 13	train_loss: 1.3402 train_accuracy: 0.5568	val_loss: 2.5519 val_accuracy: 0.1976	test_loss: 2.4509 test_accuracy: 0.2691	F1: 0.2337 Prec: 0.2631 Rec: 0.2690
train: {'epoch': 28, 'time_epoch': 1.86468, 'eta': 415.39747, 'eta_hours': 0.11539, 'loss': 0.9865037, 'lr': 0.00096937, 'params': 276757, 'time_iter': 0.01066, 'accuracy': 0.66667, 'f1': 0.66597, 'auc': 0.97361}
val: {'epoch': 28, 'time_epoch': 0.08639, 'loss': 4.21927504, 'lr': 0, 'params': 276757, 'time_iter': 0.00617, 'accuracy': 0.15476, 'f1': 0.13022, 'auc': 0.80126}
test: {'epoch': 28, 'time_epoch': 0.0726, 'loss': 3.50985758, 'lr': 0, 'params': 276757, 'time_iter': 0.00519, 'accuracy': 0.22619, 'f1': 0.17433, 'auc': 0.86751}
> Epoch 28: took 2.1s (avg 2.1s) | Best so far: epoch 13	train_loss: 1.3402 train_accuracy: 0.5568	val_loss: 2.5519 val_accuracy: 0.1976	test_loss: 2.4509 test_accuracy: 0.2691	F1: 0.2337 Prec: 0.2631 Rec: 0.2690
train: {'epoch': 29, 'time_epoch': 1.78174, 'eta': 412.80001, 'eta_hours': 0.11467, 'loss': 0.99360968, 'lr': 0.00096716, 'params': 276757, 'time_iter': 0.01018, 'accuracy': 0.66685, 'f1': 0.66613, 'auc': 0.97318}
val: {'epoch': 29, 'time_epoch': 0.07668, 'loss': 7.23839052, 'lr': 0, 'params': 276757, 'time_iter': 0.00548, 'accuracy': 0.10238, 'f1': 0.02554, 'auc': 0.76305}
test: {'epoch': 29, 'time_epoch': 0.08008, 'loss': 6.58073304, 'lr': 0, 'params': 276757, 'time_iter': 0.00572, 'accuracy': 0.09762, 'f1': 0.03466, 'auc': 0.76843}
> Epoch 29: took 2.0s (avg 2.1s) | Best so far: epoch 13	train_loss: 1.3402 train_accuracy: 0.5568	val_loss: 2.5519 val_accuracy: 0.1976	test_loss: 2.4509 test_accuracy: 0.2691	F1: 0.2337 Prec: 0.2631 Rec: 0.2690
train: {'epoch': 30, 'time_epoch': 1.78649, 'eta': 410.28876, 'eta_hours': 0.11397, 'loss': 0.96712437, 'lr': 0.00096489, 'params': 276757, 'time_iter': 0.01021, 'accuracy': 0.67867, 'f1': 0.67818, 'auc': 0.9745}
val: {'epoch': 30, 'time_epoch': 0.10531, 'loss': 9.44046599, 'lr': 0, 'params': 276757, 'time_iter': 0.00752, 'accuracy': 0.12857, 'f1': 0.03957, 'auc': 0.6877}
test: {'epoch': 30, 'time_epoch': 0.0868, 'loss': 8.92973742, 'lr': 0, 'params': 276757, 'time_iter': 0.0062, 'accuracy': 0.06905, 'f1': 0.03257, 'auc': 0.71562}
> Epoch 30: took 2.1s (avg 2.1s) | Best so far: epoch 13	train_loss: 1.3402 train_accuracy: 0.5568	val_loss: 2.5519 val_accuracy: 0.1976	test_loss: 2.4509 test_accuracy: 0.2691	F1: 0.2337 Prec: 0.2631 Rec: 0.2690
train: {'epoch': 31, 'time_epoch': 1.85641, 'eta': 408.29911, 'eta_hours': 0.11342, 'loss': 0.94474267, 'lr': 0.00096254, 'params': 276757, 'time_iter': 0.01061, 'accuracy': 0.68674, 'f1': 0.68603, 'auc': 0.97586}
val: {'epoch': 31, 'time_epoch': 0.09607, 'loss': 6.2001448, 'lr': 0, 'params': 276757, 'time_iter': 0.00686, 'accuracy': 0.14286, 'f1': 0.08669, 'auc': 0.72799}
test: {'epoch': 31, 'time_epoch': 0.08577, 'loss': 5.40883393, 'lr': 0, 'params': 276757, 'time_iter': 0.00613, 'accuracy': 0.05714, 'f1': 0.01477, 'auc': 0.78557}
> Epoch 31: took 2.1s (avg 2.1s) | Best so far: epoch 13	train_loss: 1.3402 train_accuracy: 0.5568	val_loss: 2.5519 val_accuracy: 0.1976	test_loss: 2.4509 test_accuracy: 0.2691	F1: 0.2337 Prec: 0.2631 Rec: 0.2690
train: {'epoch': 32, 'time_epoch': 1.87355, 'eta': 406.43025, 'eta_hours': 0.1129, 'loss': 0.98192304, 'lr': 0.00096012, 'params': 276757, 'time_iter': 0.01071, 'accuracy': 0.67222, 'f1': 0.67161, 'auc': 0.9742}
val: {'epoch': 32, 'time_epoch': 0.06522, 'loss': 11.27519682, 'lr': 0, 'params': 276757, 'time_iter': 0.00466, 'accuracy': 0.09524, 'f1': 0.02101, 'auc': 0.69545}
test: {'epoch': 32, 'time_epoch': 0.06245, 'loss': 10.7794081, 'lr': 0, 'params': 276757, 'time_iter': 0.00446, 'accuracy': 0.06429, 'f1': 0.01079, 'auc': 0.74476}
> Epoch 32: took 2.1s (avg 2.1s) | Best so far: epoch 13	train_loss: 1.3402 train_accuracy: 0.5568	val_loss: 2.5519 val_accuracy: 0.1976	test_loss: 2.4509 test_accuracy: 0.2691	F1: 0.2337 Prec: 0.2631 Rec: 0.2690
train: {'epoch': 33, 'time_epoch': 1.83085, 'eta': 404.28985, 'eta_hours': 0.1123, 'loss': 0.94057954, 'lr': 0.00095762, 'params': 276757, 'time_iter': 0.01046, 'accuracy': 0.68387, 'f1': 0.68332, 'auc': 0.97612}
val: {'epoch': 33, 'time_epoch': 0.09125, 'loss': 10.6484975, 'lr': 0, 'params': 276757, 'time_iter': 0.00652, 'accuracy': 0.07857, 'f1': 0.02744, 'auc': 0.63279}
test: {'epoch': 33, 'time_epoch': 0.09023, 'loss': 8.53462477, 'lr': 0, 'params': 276757, 'time_iter': 0.00645, 'accuracy': 0.0619, 'f1': 0.01522, 'auc': 0.70259}
> Epoch 33: took 2.1s (avg 2.1s) | Best so far: epoch 13	train_loss: 1.3402 train_accuracy: 0.5568	val_loss: 2.5519 val_accuracy: 0.1976	test_loss: 2.4509 test_accuracy: 0.2691	F1: 0.2337 Prec: 0.2631 Rec: 0.2690
train: {'epoch': 34, 'time_epoch': 1.70109, 'eta': 401.37001, 'eta_hours': 0.11149, 'loss': 0.93817397, 'lr': 0.00095505, 'params': 276757, 'time_iter': 0.00972, 'accuracy': 0.68387, 'f1': 0.68315, 'auc': 0.97596}
val: {'epoch': 34, 'time_epoch': 0.06923, 'loss': 6.5855047, 'lr': 0, 'params': 276757, 'time_iter': 0.00494, 'accuracy': 0.13095, 'f1': 0.07419, 'auc': 0.7735}
test: {'epoch': 34, 'time_epoch': 0.06863, 'loss': 6.62575157, 'lr': 0, 'params': 276757, 'time_iter': 0.0049, 'accuracy': 0.12143, 'f1': 0.08401, 'auc': 0.7503}
> Epoch 34: took 1.9s (avg 2.1s) | Best so far: epoch 13	train_loss: 1.3402 train_accuracy: 0.5568	val_loss: 2.5519 val_accuracy: 0.1976	test_loss: 2.4509 test_accuracy: 0.2691	F1: 0.2337 Prec: 0.2631 Rec: 0.2690
train: {'epoch': 35, 'time_epoch': 1.78176, 'eta': 398.99743, 'eta_hours': 0.11083, 'loss': 0.87850479, 'lr': 0.00095241, 'params': 276757, 'time_iter': 0.01018, 'accuracy': 0.71272, 'f1': 0.71216, 'auc': 0.97896}
val: {'epoch': 35, 'time_epoch': 0.06636, 'loss': 9.71842514, 'lr': 0, 'params': 276757, 'time_iter': 0.00474, 'accuracy': 0.09286, 'f1': 0.02557, 'auc': 0.64273}
test: {'epoch': 35, 'time_epoch': 0.08522, 'loss': 8.98333192, 'lr': 0, 'params': 276757, 'time_iter': 0.00609, 'accuracy': 0.06905, 'f1': 0.03634, 'auc': 0.64923}
> Epoch 35: took 2.0s (avg 2.1s) | Best so far: epoch 13	train_loss: 1.3402 train_accuracy: 0.5568	val_loss: 2.5519 val_accuracy: 0.1976	test_loss: 2.4509 test_accuracy: 0.2691	F1: 0.2337 Prec: 0.2631 Rec: 0.2690
train: {'epoch': 36, 'time_epoch': 1.70738, 'eta': 396.22862, 'eta_hours': 0.11006, 'loss': 0.89546357, 'lr': 0.0009497, 'params': 276757, 'time_iter': 0.00976, 'accuracy': 0.69857, 'f1': 0.69833, 'auc': 0.97846}
val: {'epoch': 36, 'time_epoch': 0.0923, 'loss': 8.17871935, 'lr': 0, 'params': 276757, 'time_iter': 0.00659, 'accuracy': 0.1119, 'f1': 0.0415, 'auc': 0.74856}
test: {'epoch': 36, 'time_epoch': 0.09032, 'loss': 7.96075926, 'lr': 0, 'params': 276757, 'time_iter': 0.00645, 'accuracy': 0.1, 'f1': 0.06106, 'auc': 0.71667}
> Epoch 36: took 2.0s (avg 2.1s) | Best so far: epoch 13	train_loss: 1.3402 train_accuracy: 0.5568	val_loss: 2.5519 val_accuracy: 0.1976	test_loss: 2.4509 test_accuracy: 0.2691	F1: 0.2337 Prec: 0.2631 Rec: 0.2690
train: {'epoch': 37, 'time_epoch': 1.95609, 'eta': 394.90321, 'eta_hours': 0.1097, 'loss': 0.89623478, 'lr': 0.00094692, 'params': 276757, 'time_iter': 0.01118, 'accuracy': 0.70125, 'f1': 0.70037, 'auc': 0.97826}
val: {'epoch': 37, 'time_epoch': 0.0865, 'loss': 11.22408363, 'lr': 0, 'params': 276757, 'time_iter': 0.00618, 'accuracy': 0.05952, 'f1': 0.02415, 'auc': 0.61963}
test: {'epoch': 37, 'time_epoch': 0.07326, 'loss': 9.66835558, 'lr': 0, 'params': 276757, 'time_iter': 0.00523, 'accuracy': 0.05238, 'f1': 0.0109, 'auc': 0.71234}
> Epoch 37: took 2.2s (avg 2.1s) | Best so far: epoch 13	train_loss: 1.3402 train_accuracy: 0.5568	val_loss: 2.5519 val_accuracy: 0.1976	test_loss: 2.4509 test_accuracy: 0.2691	F1: 0.2337 Prec: 0.2631 Rec: 0.2690
train: {'epoch': 38, 'time_epoch': 1.91016, 'eta': 393.29693, 'eta_hours': 0.10925, 'loss': 0.85069017, 'lr': 0.00094407, 'params': 276757, 'time_iter': 0.01092, 'accuracy': 0.72025, 'f1': 0.71987, 'auc': 0.98028}
val: {'epoch': 38, 'time_epoch': 0.10731, 'loss': 13.28053235, 'lr': 0, 'params': 276757, 'time_iter': 0.00767, 'accuracy': 0.03095, 'f1': 0.0253, 'auc': 0.6182}
test: {'epoch': 38, 'time_epoch': 0.07641, 'loss': 10.47003443, 'lr': 0, 'params': 276757, 'time_iter': 0.00546, 'accuracy': 0.0619, 'f1': 0.01554, 'auc': 0.70557}
> Epoch 38: took 2.2s (avg 2.1s) | Best so far: epoch 13	train_loss: 1.3402 train_accuracy: 0.5568	val_loss: 2.5519 val_accuracy: 0.1976	test_loss: 2.4509 test_accuracy: 0.2691	F1: 0.2337 Prec: 0.2631 Rec: 0.2690
train: {'epoch': 39, 'time_epoch': 1.84147, 'eta': 391.31488, 'eta_hours': 0.1087, 'loss': 0.86437211, 'lr': 0.00094115, 'params': 276757, 'time_iter': 0.01052, 'accuracy': 0.71559, 'f1': 0.71521, 'auc': 0.97948}
val: {'epoch': 39, 'time_epoch': 0.08097, 'loss': 5.27768576, 'lr': 0, 'params': 276757, 'time_iter': 0.00578, 'accuracy': 0.17619, 'f1': 0.11708, 'auc': 0.76296}
test: {'epoch': 39, 'time_epoch': 0.10097, 'loss': 3.5984523, 'lr': 0, 'params': 276757, 'time_iter': 0.00721, 'accuracy': 0.25476, 'f1': 0.20607, 'auc': 0.88005}
> Epoch 39: took 2.1s (avg 2.1s) | Best so far: epoch 13	train_loss: 1.3402 train_accuracy: 0.5568	val_loss: 2.5519 val_accuracy: 0.1976	test_loss: 2.4509 test_accuracy: 0.2691	F1: 0.2337 Prec: 0.2631 Rec: 0.2690
train: {'epoch': 40, 'time_epoch': 2.16097, 'eta': 390.96836, 'eta_hours': 0.1086, 'loss': 0.85997176, 'lr': 0.00093815, 'params': 276757, 'time_iter': 0.01235, 'accuracy': 0.7172, 'f1': 0.71683, 'auc': 0.98026}
val: {'epoch': 40, 'time_epoch': 0.07773, 'loss': 11.69796866, 'lr': 0, 'params': 276757, 'time_iter': 0.00555, 'accuracy': 0.06667, 'f1': 0.0291, 'auc': 0.66749}
test: {'epoch': 40, 'time_epoch': 0.06571, 'loss': 10.11303572, 'lr': 0, 'params': 276757, 'time_iter': 0.00469, 'accuracy': 0.05, 'f1': 0.00925, 'auc': 0.71068}
> Epoch 40: took 2.4s (avg 2.1s) | Best so far: epoch 13	train_loss: 1.3402 train_accuracy: 0.5568	val_loss: 2.5519 val_accuracy: 0.1976	test_loss: 2.4509 test_accuracy: 0.2691	F1: 0.2337 Prec: 0.2631 Rec: 0.2690
train: {'epoch': 41, 'time_epoch': 1.78339, 'eta': 388.66551, 'eta_hours': 0.10796, 'loss': 0.83276437, 'lr': 0.00093509, 'params': 276757, 'time_iter': 0.01019, 'accuracy': 0.71953, 'f1': 0.71894, 'auc': 0.98119}
val: {'epoch': 41, 'time_epoch': 0.06719, 'loss': 12.12000923, 'lr': 0, 'params': 276757, 'time_iter': 0.0048, 'accuracy': 0.0381, 'f1': 0.03958, 'auc': 0.6326}
test: {'epoch': 41, 'time_epoch': 0.06764, 'loss': 8.77829936, 'lr': 0, 'params': 276757, 'time_iter': 0.00483, 'accuracy': 0.09286, 'f1': 0.04783, 'auc': 0.74178}
> Epoch 41: took 2.0s (avg 2.1s) | Best so far: epoch 13	train_loss: 1.3402 train_accuracy: 0.5568	val_loss: 2.5519 val_accuracy: 0.1976	test_loss: 2.4509 test_accuracy: 0.2691	F1: 0.2337 Prec: 0.2631 Rec: 0.2690
train: {'epoch': 42, 'time_epoch': 1.71234, 'eta': 386.04475, 'eta_hours': 0.10723, 'loss': 0.82185229, 'lr': 0.00093196, 'params': 276757, 'time_iter': 0.00978, 'accuracy': 0.72294, 'f1': 0.72255, 'auc': 0.98192}
val: {'epoch': 42, 'time_epoch': 0.0687, 'loss': 12.81675019, 'lr': 0, 'params': 276757, 'time_iter': 0.00491, 'accuracy': 0.1, 'f1': 0.02562, 'auc': 0.71582}
test: {'epoch': 42, 'time_epoch': 0.07242, 'loss': 12.39292508, 'lr': 0, 'params': 276757, 'time_iter': 0.00517, 'accuracy': 0.05238, 'f1': 0.01577, 'auc': 0.68012}
> Epoch 42: took 2.0s (avg 2.1s) | Best so far: epoch 13	train_loss: 1.3402 train_accuracy: 0.5568	val_loss: 2.5519 val_accuracy: 0.1976	test_loss: 2.4509 test_accuracy: 0.2691	F1: 0.2337 Prec: 0.2631 Rec: 0.2690
train: {'epoch': 43, 'time_epoch': 1.82246, 'eta': 383.98088, 'eta_hours': 0.10666, 'loss': 0.81455461, 'lr': 0.00092876, 'params': 276757, 'time_iter': 0.01041, 'accuracy': 0.731, 'f1': 0.73075, 'auc': 0.9819}
val: {'epoch': 43, 'time_epoch': 0.07046, 'loss': 9.4055315, 'lr': 0, 'params': 276757, 'time_iter': 0.00503, 'accuracy': 0.07381, 'f1': 0.01476, 'auc': 0.67793}
test: {'epoch': 43, 'time_epoch': 0.07791, 'loss': 8.34631301, 'lr': 0, 'params': 276757, 'time_iter': 0.00556, 'accuracy': 0.09762, 'f1': 0.04225, 'auc': 0.75721}
> Epoch 43: took 2.1s (avg 2.1s) | Best so far: epoch 13	train_loss: 1.3402 train_accuracy: 0.5568	val_loss: 2.5519 val_accuracy: 0.1976	test_loss: 2.4509 test_accuracy: 0.2691	F1: 0.2337 Prec: 0.2631 Rec: 0.2690
train: {'epoch': 44, 'time_epoch': 1.60839, 'eta': 380.95252, 'eta_hours': 0.10582, 'loss': 0.80013203, 'lr': 0.0009255, 'params': 276757, 'time_iter': 0.00919, 'accuracy': 0.73799, 'f1': 0.73793, 'auc': 0.98272}
val: {'epoch': 44, 'time_epoch': 0.0804, 'loss': 9.12186628, 'lr': 0, 'params': 276757, 'time_iter': 0.00574, 'accuracy': 0.09524, 'f1': 0.04314, 'auc': 0.67588}
test: {'epoch': 44, 'time_epoch': 0.07501, 'loss': 6.87138507, 'lr': 0, 'params': 276757, 'time_iter': 0.00536, 'accuracy': 0.13095, 'f1': 0.07379, 'auc': 0.77413}
> Epoch 44: took 1.9s (avg 2.1s) | Best so far: epoch 13	train_loss: 1.3402 train_accuracy: 0.5568	val_loss: 2.5519 val_accuracy: 0.1976	test_loss: 2.4509 test_accuracy: 0.2691	F1: 0.2337 Prec: 0.2631 Rec: 0.2690
train: {'epoch': 45, 'time_epoch': 1.77384, 'eta': 378.71963, 'eta_hours': 0.1052, 'loss': 0.7956799, 'lr': 0.00092216, 'params': 276757, 'time_iter': 0.01014, 'accuracy': 0.73477, 'f1': 0.73443, 'auc': 0.983}
val: {'epoch': 45, 'time_epoch': 0.07091, 'loss': 5.04494166, 'lr': 0, 'params': 276757, 'time_iter': 0.00507, 'accuracy': 0.15714, 'f1': 0.07792, 'auc': 0.76786}
test: {'epoch': 45, 'time_epoch': 0.06916, 'loss': 3.75651245, 'lr': 0, 'params': 276757, 'time_iter': 0.00494, 'accuracy': 0.19762, 'f1': 0.14208, 'auc': 0.82304}
> Epoch 45: took 2.0s (avg 2.1s) | Best so far: epoch 13	train_loss: 1.3402 train_accuracy: 0.5568	val_loss: 2.5519 val_accuracy: 0.1976	test_loss: 2.4509 test_accuracy: 0.2691	F1: 0.2337 Prec: 0.2631 Rec: 0.2690
train: {'epoch': 46, 'time_epoch': 1.76176, 'eta': 376.45408, 'eta_hours': 0.10457, 'loss': 0.78565617, 'lr': 0.00091876, 'params': 276757, 'time_iter': 0.01007, 'accuracy': 0.73638, 'f1': 0.73606, 'auc': 0.98325}
val: {'epoch': 46, 'time_epoch': 0.07067, 'loss': 2.89616054, 'lr': 0, 'params': 276757, 'time_iter': 0.00505, 'accuracy': 0.25476, 'f1': 0.18586, 'auc': 0.865}
test: {'epoch': 46, 'time_epoch': 0.06503, 'loss': 2.94544259, 'lr': 0, 'params': 276757, 'time_iter': 0.00465, 'accuracy': 0.23571, 'f1': 0.19357, 'auc': 0.86696}
[*] Confusion Matrix saved to: results_lopo_none/NH_3m\Conf\confusion_matrix_epoch_46.png
> Epoch 46: took 2.0s (avg 2.1s) | Best so far: epoch 46	train_loss: 0.7857 train_accuracy: 0.7364	val_loss: 2.8962 val_accuracy: 0.2548	test_loss: 2.9454 test_accuracy: 0.2357	F1: 0.1936 Prec: 0.2868 Rec: 0.2357
train: {'epoch': 47, 'time_epoch': 1.7592, 'eta': 374.19875, 'eta_hours': 0.10394, 'loss': 0.75602034, 'lr': 0.0009153, 'params': 276757, 'time_iter': 0.01005, 'accuracy': 0.75627, 'f1': 0.75587, 'auc': 0.9841}
val: {'epoch': 47, 'time_epoch': 0.07016, 'loss': 9.60951848, 'lr': 0, 'params': 276757, 'time_iter': 0.00501, 'accuracy': 0.09524, 'f1': 0.02479, 'auc': 0.74028}
test: {'epoch': 47, 'time_epoch': 0.07393, 'loss': 8.64636911, 'lr': 0, 'params': 276757, 'time_iter': 0.00528, 'accuracy': 0.05238, 'f1': 0.01523, 'auc': 0.69988}
> Epoch 47: took 2.0s (avg 2.1s) | Best so far: epoch 46	train_loss: 0.7857 train_accuracy: 0.7364	val_loss: 2.8962 val_accuracy: 0.2548	test_loss: 2.9454 test_accuracy: 0.2357	F1: 0.1936 Prec: 0.2868 Rec: 0.2357
train: {'epoch': 48, 'time_epoch': 1.68467, 'eta': 371.65798, 'eta_hours': 0.10324, 'loss': 0.7775023, 'lr': 0.00091177, 'params': 276757, 'time_iter': 0.00963, 'accuracy': 0.74247, 'f1': 0.74182, 'auc': 0.98359}
val: {'epoch': 48, 'time_epoch': 0.07954, 'loss': 8.19120475, 'lr': 0, 'params': 276757, 'time_iter': 0.00568, 'accuracy': 0.11429, 'f1': 0.03551, 'auc': 0.7045}
test: {'epoch': 48, 'time_epoch': 0.08852, 'loss': 7.67972072, 'lr': 0, 'params': 276757, 'time_iter': 0.00632, 'accuracy': 0.1, 'f1': 0.04109, 'auc': 0.75857}
> Epoch 48: took 1.9s (avg 2.1s) | Best so far: epoch 46	train_loss: 0.7857 train_accuracy: 0.7364	val_loss: 2.8962 val_accuracy: 0.2548	test_loss: 2.9454 test_accuracy: 0.2357	F1: 0.1936 Prec: 0.2868 Rec: 0.2357
train: {'epoch': 49, 'time_epoch': 1.52809, 'eta': 368.52512, 'eta_hours': 0.10237, 'loss': 0.75320062, 'lr': 0.00090817, 'params': 276757, 'time_iter': 0.00873, 'accuracy': 0.75054, 'f1': 0.75033, 'auc': 0.98437}
val: {'epoch': 49, 'time_epoch': 0.06704, 'loss': 15.49434186, 'lr': 0, 'params': 276757, 'time_iter': 0.00479, 'accuracy': 0.13095, 'f1': 0.05119, 'auc': 0.69582}
test: {'epoch': 49, 'time_epoch': 0.06667, 'loss': 14.36906594, 'lr': 0, 'params': 276757, 'time_iter': 0.00476, 'accuracy': 0.09762, 'f1': 0.04566, 'auc': 0.67579}
> Epoch 49: took 1.8s (avg 2.1s) | Best so far: epoch 46	train_loss: 0.7857 train_accuracy: 0.7364	val_loss: 2.8962 val_accuracy: 0.2548	test_loss: 2.9454 test_accuracy: 0.2357	F1: 0.1936 Prec: 0.2868 Rec: 0.2357
train: {'epoch': 50, 'time_epoch': 1.80878, 'eta': 366.55043, 'eta_hours': 0.10182, 'loss': 0.73496235, 'lr': 0.00090451, 'params': 276757, 'time_iter': 0.01034, 'accuracy': 0.75269, 'f1': 0.75231, 'auc': 0.98528}
val: {'epoch': 50, 'time_epoch': 0.07492, 'loss': 9.87233046, 'lr': 0, 'params': 276757, 'time_iter': 0.00535, 'accuracy': 0.12619, 'f1': 0.04075, 'auc': 0.75267}
test: {'epoch': 50, 'time_epoch': 0.08602, 'loss': 9.3173124, 'lr': 0, 'params': 276757, 'time_iter': 0.00614, 'accuracy': 0.10476, 'f1': 0.05511, 'auc': 0.75073}
> Epoch 50: took 2.0s (avg 2.1s) | Best so far: epoch 46	train_loss: 0.7857 train_accuracy: 0.7364	val_loss: 2.8962 val_accuracy: 0.2548	test_loss: 2.9454 test_accuracy: 0.2357	F1: 0.1936 Prec: 0.2868 Rec: 0.2357
train: {'epoch': 51, 'time_epoch': 1.63285, 'eta': 363.91223, 'eta_hours': 0.10109, 'loss': 0.7268143, 'lr': 0.00090078, 'params': 276757, 'time_iter': 0.00933, 'accuracy': 0.75896, 'f1': 0.75862, 'auc': 0.98572}
val: {'epoch': 51, 'time_epoch': 0.07622, 'loss': 13.31479182, 'lr': 0, 'params': 276757, 'time_iter': 0.00544, 'accuracy': 0.10238, 'f1': 0.02775, 'auc': 0.7265}
test: {'epoch': 51, 'time_epoch': 0.07773, 'loss': 12.61037905, 'lr': 0, 'params': 276757, 'time_iter': 0.00555, 'accuracy': 0.07143, 'f1': 0.01539, 'auc': 0.70146}
> Epoch 51: took 1.9s (avg 2.1s) | Best so far: epoch 46	train_loss: 0.7857 train_accuracy: 0.7364	val_loss: 2.8962 val_accuracy: 0.2548	test_loss: 2.9454 test_accuracy: 0.2357	F1: 0.1936 Prec: 0.2868 Rec: 0.2357
train: {'epoch': 52, 'time_epoch': 1.69636, 'eta': 361.54804, 'eta_hours': 0.10043, 'loss': 0.7492547, 'lr': 0.000897, 'params': 276757, 'time_iter': 0.00969, 'accuracy': 0.75018, 'f1': 0.74995, 'auc': 0.9848}
val: {'epoch': 52, 'time_epoch': 0.0793, 'loss': 5.97873772, 'lr': 0, 'params': 276757, 'time_iter': 0.00566, 'accuracy': 0.12143, 'f1': 0.07351, 'auc': 0.74892}
test: {'epoch': 52, 'time_epoch': 0.07085, 'loss': 6.0555848, 'lr': 0, 'params': 276757, 'time_iter': 0.00506, 'accuracy': 0.16667, 'f1': 0.11335, 'auc': 0.79908}
> Epoch 52: took 1.9s (avg 2.1s) | Best so far: epoch 46	train_loss: 0.7857 train_accuracy: 0.7364	val_loss: 2.8962 val_accuracy: 0.2548	test_loss: 2.9454 test_accuracy: 0.2357	F1: 0.1936 Prec: 0.2868 Rec: 0.2357
train: {'epoch': 53, 'time_epoch': 1.84099, 'eta': 359.73355, 'eta_hours': 0.09993, 'loss': 0.76222128, 'lr': 0.00089314, 'params': 276757, 'time_iter': 0.01052, 'accuracy': 0.75233, 'f1': 0.75201, 'auc': 0.98401}
val: {'epoch': 53, 'time_epoch': 0.09262, 'loss': 6.1662211, 'lr': 0, 'params': 276757, 'time_iter': 0.00662, 'accuracy': 0.1381, 'f1': 0.08123, 'auc': 0.761}
test: {'epoch': 53, 'time_epoch': 0.07238, 'loss': 4.68090743, 'lr': 0, 'params': 276757, 'time_iter': 0.00517, 'accuracy': 0.18095, 'f1': 0.14687, 'auc': 0.8285}
> Epoch 53: took 2.1s (avg 2.1s) | Best so far: epoch 46	train_loss: 0.7857 train_accuracy: 0.7364	val_loss: 2.8962 val_accuracy: 0.2548	test_loss: 2.9454 test_accuracy: 0.2357	F1: 0.1936 Prec: 0.2868 Rec: 0.2357
train: {'epoch': 54, 'time_epoch': 1.75816, 'eta': 357.6244, 'eta_hours': 0.09934, 'loss': 0.72240963, 'lr': 0.00088923, 'params': 276757, 'time_iter': 0.01005, 'accuracy': 0.75573, 'f1': 0.75517, 'auc': 0.98565}
val: {'epoch': 54, 'time_epoch': 0.07658, 'loss': 5.21126193, 'lr': 0, 'params': 276757, 'time_iter': 0.00547, 'accuracy': 0.14524, 'f1': 0.08252, 'auc': 0.80194}
test: {'epoch': 54, 'time_epoch': 0.07006, 'loss': 4.38690129, 'lr': 0, 'params': 276757, 'time_iter': 0.005, 'accuracy': 0.16429, 'f1': 0.10533, 'auc': 0.80295}
> Epoch 54: took 2.0s (avg 2.1s) | Best so far: epoch 46	train_loss: 0.7857 train_accuracy: 0.7364	val_loss: 2.8962 val_accuracy: 0.2548	test_loss: 2.9454 test_accuracy: 0.2357	F1: 0.1936 Prec: 0.2868 Rec: 0.2357
train: {'epoch': 55, 'time_epoch': 1.74232, 'eta': 355.47291, 'eta_hours': 0.09874, 'loss': 0.72207314, 'lr': 0.00088526, 'params': 276757, 'time_iter': 0.00996, 'accuracy': 0.75735, 'f1': 0.75708, 'auc': 0.98579}
val: {'epoch': 55, 'time_epoch': 0.06423, 'loss': 12.36912818, 'lr': 0, 'params': 276757, 'time_iter': 0.00459, 'accuracy': 0.0881, 'f1': 0.03097, 'auc': 0.6524}
test: {'epoch': 55, 'time_epoch': 0.0817, 'loss': 10.62347904, 'lr': 0, 'params': 276757, 'time_iter': 0.00584, 'accuracy': 0.05, 'f1': 0.01063, 'auc': 0.65336}
> Epoch 55: took 2.0s (avg 2.1s) | Best so far: epoch 46	train_loss: 0.7857 train_accuracy: 0.7364	val_loss: 2.8962 val_accuracy: 0.2548	test_loss: 2.9454 test_accuracy: 0.2357	F1: 0.1936 Prec: 0.2868 Rec: 0.2357
train: {'epoch': 56, 'time_epoch': 1.90362, 'eta': 353.88193, 'eta_hours': 0.0983, 'loss': 0.68827526, 'lr': 0.00088122, 'params': 276757, 'time_iter': 0.01088, 'accuracy': 0.7681, 'f1': 0.76793, 'auc': 0.98727}
val: {'epoch': 56, 'time_epoch': 0.08843, 'loss': 8.98948532, 'lr': 0, 'params': 276757, 'time_iter': 0.00632, 'accuracy': 0.14762, 'f1': 0.07116, 'auc': 0.70156}
test: {'epoch': 56, 'time_epoch': 0.08706, 'loss': 7.25514572, 'lr': 0, 'params': 276757, 'time_iter': 0.00622, 'accuracy': 0.0881, 'f1': 0.06865, 'auc': 0.7366}
> Epoch 56: took 2.2s (avg 2.1s) | Best so far: epoch 46	train_loss: 0.7857 train_accuracy: 0.7364	val_loss: 2.8962 val_accuracy: 0.2548	test_loss: 2.9454 test_accuracy: 0.2357	F1: 0.1936 Prec: 0.2868 Rec: 0.2357
train: {'epoch': 57, 'time_epoch': 1.7168, 'eta': 351.66175, 'eta_hours': 0.09768, 'loss': 0.72183869, 'lr': 0.00087713, 'params': 276757, 'time_iter': 0.00981, 'accuracy': 0.76631, 'f1': 0.76602, 'auc': 0.98569}
val: {'epoch': 57, 'time_epoch': 0.07118, 'loss': 12.33472489, 'lr': 0, 'params': 276757, 'time_iter': 0.00508, 'accuracy': 0.09048, 'f1': 0.04579, 'auc': 0.66765}
test: {'epoch': 57, 'time_epoch': 0.0742, 'loss': 10.76492734, 'lr': 0, 'params': 276757, 'time_iter': 0.0053, 'accuracy': 0.09524, 'f1': 0.04818, 'auc': 0.74803}
> Epoch 57: took 1.9s (avg 2.1s) | Best so far: epoch 46	train_loss: 0.7857 train_accuracy: 0.7364	val_loss: 2.8962 val_accuracy: 0.2548	test_loss: 2.9454 test_accuracy: 0.2357	F1: 0.1936 Prec: 0.2868 Rec: 0.2357
train: {'epoch': 58, 'time_epoch': 1.95952, 'eta': 350.24439, 'eta_hours': 0.09729, 'loss': 0.70443398, 'lr': 0.00087297, 'params': 276757, 'time_iter': 0.0112, 'accuracy': 0.76093, 'f1': 0.76076, 'auc': 0.98654}
val: {'epoch': 58, 'time_epoch': 0.06982, 'loss': 12.09157194, 'lr': 0, 'params': 276757, 'time_iter': 0.00499, 'accuracy': 0.09048, 'f1': 0.02189, 'auc': 0.73904}
test: {'epoch': 58, 'time_epoch': 0.07249, 'loss': 10.6037222, 'lr': 0, 'params': 276757, 'time_iter': 0.00518, 'accuracy': 0.05714, 'f1': 0.02195, 'auc': 0.71514}
> Epoch 58: took 2.2s (avg 2.1s) | Best so far: epoch 46	train_loss: 0.7857 train_accuracy: 0.7364	val_loss: 2.8962 val_accuracy: 0.2548	test_loss: 2.9454 test_accuracy: 0.2357	F1: 0.1936 Prec: 0.2868 Rec: 0.2357
train: {'epoch': 59, 'time_epoch': 1.87207, 'eta': 348.53204, 'eta_hours': 0.09681, 'loss': 0.65838753, 'lr': 0.00086876, 'params': 276757, 'time_iter': 0.0107, 'accuracy': 0.78136, 'f1': 0.78094, 'auc': 0.98815}
val: {'epoch': 59, 'time_epoch': 0.0914, 'loss': 10.73029407, 'lr': 0, 'params': 276757, 'time_iter': 0.00653, 'accuracy': 0.12143, 'f1': 0.06164, 'auc': 0.6706}
test: {'epoch': 59, 'time_epoch': 0.08208, 'loss': 9.13607472, 'lr': 0, 'params': 276757, 'time_iter': 0.00586, 'accuracy': 0.07381, 'f1': 0.02963, 'auc': 0.71062}
> Epoch 59: took 2.1s (avg 2.1s) | Best so far: epoch 46	train_loss: 0.7857 train_accuracy: 0.7364	val_loss: 2.8962 val_accuracy: 0.2548	test_loss: 2.9454 test_accuracy: 0.2357	F1: 0.1936 Prec: 0.2868 Rec: 0.2357
train: {'epoch': 60, 'time_epoch': 1.91929, 'eta': 346.96076, 'eta_hours': 0.09638, 'loss': 0.67827886, 'lr': 0.00086448, 'params': 276757, 'time_iter': 0.01097, 'accuracy': 0.78208, 'f1': 0.78205, 'auc': 0.98736}
val: {'epoch': 60, 'time_epoch': 0.07085, 'loss': 7.47279677, 'lr': 0, 'params': 276757, 'time_iter': 0.00506, 'accuracy': 0.10238, 'f1': 0.03187, 'auc': 0.78351}
test: {'epoch': 60, 'time_epoch': 0.07635, 'loss': 7.31649455, 'lr': 0, 'params': 276757, 'time_iter': 0.00545, 'accuracy': 0.09524, 'f1': 0.06667, 'auc': 0.77139}
> Epoch 60: took 2.1s (avg 2.1s) | Best so far: epoch 46	train_loss: 0.7857 train_accuracy: 0.7364	val_loss: 2.8962 val_accuracy: 0.2548	test_loss: 2.9454 test_accuracy: 0.2357	F1: 0.1936 Prec: 0.2868 Rec: 0.2357
train: {'epoch': 61, 'time_epoch': 1.71163, 'eta': 344.74856, 'eta_hours': 0.09576, 'loss': 0.66138912, 'lr': 0.00086015, 'params': 276757, 'time_iter': 0.00978, 'accuracy': 0.78011, 'f1': 0.77992, 'auc': 0.98802}
val: {'epoch': 61, 'time_epoch': 0.07935, 'loss': 9.77903572, 'lr': 0, 'params': 276757, 'time_iter': 0.00567, 'accuracy': 0.12143, 'f1': 0.03981, 'auc': 0.74847}
test: {'epoch': 61, 'time_epoch': 0.071, 'loss': 8.17214922, 'lr': 0, 'params': 276757, 'time_iter': 0.00507, 'accuracy': 0.10952, 'f1': 0.05884, 'auc': 0.76885}
> Epoch 61: took 1.9s (avg 2.1s) | Best so far: epoch 46	train_loss: 0.7857 train_accuracy: 0.7364	val_loss: 2.8962 val_accuracy: 0.2548	test_loss: 2.9454 test_accuracy: 0.2357	F1: 0.1936 Prec: 0.2868 Rec: 0.2357
train: {'epoch': 62, 'time_epoch': 1.58301, 'eta': 342.17047, 'eta_hours': 0.09505, 'loss': 0.64913208, 'lr': 0.00085577, 'params': 276757, 'time_iter': 0.00905, 'accuracy': 0.78495, 'f1': 0.78474, 'auc': 0.98837}
val: {'epoch': 62, 'time_epoch': 0.08331, 'loss': 10.54222067, 'lr': 0, 'params': 276757, 'time_iter': 0.00595, 'accuracy': 0.13333, 'f1': 0.04273, 'auc': 0.73574}
test: {'epoch': 62, 'time_epoch': 0.07289, 'loss': 8.92599008, 'lr': 0, 'params': 276757, 'time_iter': 0.00521, 'accuracy': 0.11429, 'f1': 0.0698, 'auc': 0.74468}
> Epoch 62: took 1.8s (avg 2.1s) | Best so far: epoch 46	train_loss: 0.7857 train_accuracy: 0.7364	val_loss: 2.8962 val_accuracy: 0.2548	test_loss: 2.9454 test_accuracy: 0.2357	F1: 0.1936 Prec: 0.2868 Rec: 0.2357
train: {'epoch': 63, 'time_epoch': 1.65785, 'eta': 339.84098, 'eta_hours': 0.0944, 'loss': 0.66950781, 'lr': 0.00085132, 'params': 276757, 'time_iter': 0.00947, 'accuracy': 0.7767, 'f1': 0.77662, 'auc': 0.98778}
val: {'epoch': 63, 'time_epoch': 0.06731, 'loss': 11.03117677, 'lr': 0, 'params': 276757, 'time_iter': 0.00481, 'accuracy': 0.09048, 'f1': 0.03321, 'auc': 0.73612}
test: {'epoch': 63, 'time_epoch': 0.06979, 'loss': 9.443288, 'lr': 0, 'params': 276757, 'time_iter': 0.00499, 'accuracy': 0.12143, 'f1': 0.04951, 'auc': 0.75123}
> Epoch 63: took 1.9s (avg 2.1s) | Best so far: epoch 46	train_loss: 0.7857 train_accuracy: 0.7364	val_loss: 2.8962 val_accuracy: 0.2548	test_loss: 2.9454 test_accuracy: 0.2357	F1: 0.1936 Prec: 0.2868 Rec: 0.2357
train: {'epoch': 64, 'time_epoch': 1.72454, 'eta': 337.72198, 'eta_hours': 0.09381, 'loss': 0.6193955, 'lr': 0.00084683, 'params': 276757, 'time_iter': 0.00985, 'accuracy': 0.79355, 'f1': 0.7933, 'auc': 0.98941}
val: {'epoch': 64, 'time_epoch': 0.06872, 'loss': 9.88288714, 'lr': 0, 'params': 276757, 'time_iter': 0.00491, 'accuracy': 0.09762, 'f1': 0.02335, 'auc': 0.7159}
test: {'epoch': 64, 'time_epoch': 0.11059, 'loss': 9.18193057, 'lr': 0, 'params': 276757, 'time_iter': 0.0079, 'accuracy': 0.08333, 'f1': 0.0389, 'auc': 0.70801}
> Epoch 64: took 2.0s (avg 2.1s) | Best so far: epoch 46	train_loss: 0.7857 train_accuracy: 0.7364	val_loss: 2.8962 val_accuracy: 0.2548	test_loss: 2.9454 test_accuracy: 0.2357	F1: 0.1936 Prec: 0.2868 Rec: 0.2357
train: {'epoch': 65, 'time_epoch': 1.60569, 'eta': 335.28359, 'eta_hours': 0.09313, 'loss': 0.66061559, 'lr': 0.00084227, 'params': 276757, 'time_iter': 0.00918, 'accuracy': 0.78656, 'f1': 0.78635, 'auc': 0.98795}
val: {'epoch': 65, 'time_epoch': 0.07048, 'loss': 3.43056806, 'lr': 0, 'params': 276757, 'time_iter': 0.00503, 'accuracy': 0.25714, 'f1': 0.19906, 'auc': 0.83839}
test: {'epoch': 65, 'time_epoch': 0.07075, 'loss': 3.39406721, 'lr': 0, 'params': 276757, 'time_iter': 0.00505, 'accuracy': 0.24524, 'f1': 0.18957, 'auc': 0.89487}
[*] Confusion Matrix saved to: results_lopo_none/NH_3m\Conf\confusion_matrix_epoch_65.png
> Epoch 65: took 1.8s (avg 2.1s) | Best so far: epoch 65	train_loss: 0.6606 train_accuracy: 0.7866	val_loss: 3.4306 val_accuracy: 0.2571	test_loss: 3.3941 test_accuracy: 0.2452	F1: 0.1896 Prec: 0.3790 Rec: 0.2452
train: {'epoch': 66, 'time_epoch': 1.86861, 'eta': 333.58816, 'eta_hours': 0.09266, 'loss': 0.64377574, 'lr': 0.00083767, 'params': 276757, 'time_iter': 0.01068, 'accuracy': 0.78817, 'f1': 0.78813, 'auc': 0.98879}
val: {'epoch': 66, 'time_epoch': 0.06684, 'loss': 8.74912627, 'lr': 0, 'params': 276757, 'time_iter': 0.00477, 'accuracy': 0.09286, 'f1': 0.04635, 'auc': 0.74642}
test: {'epoch': 66, 'time_epoch': 0.08379, 'loss': 7.88422513, 'lr': 0, 'params': 276757, 'time_iter': 0.00598, 'accuracy': 0.07619, 'f1': 0.0322, 'auc': 0.7857}
> Epoch 66: took 2.1s (avg 2.1s) | Best so far: epoch 65	train_loss: 0.6606 train_accuracy: 0.7866	val_loss: 3.4306 val_accuracy: 0.2571	test_loss: 3.3941 test_accuracy: 0.2452	F1: 0.1896 Prec: 0.3790 Rec: 0.2452
train: {'epoch': 67, 'time_epoch': 1.8681, 'eta': 331.88629, 'eta_hours': 0.09219, 'loss': 0.65013747, 'lr': 0.00083301, 'params': 276757, 'time_iter': 0.01067, 'accuracy': 0.77867, 'f1': 0.77842, 'auc': 0.98843}
val: {'epoch': 67, 'time_epoch': 0.07097, 'loss': 9.98120387, 'lr': 0, 'params': 276757, 'time_iter': 0.00507, 'accuracy': 0.12619, 'f1': 0.04437, 'auc': 0.7401}
test: {'epoch': 67, 'time_epoch': 0.0688, 'loss': 9.31408716, 'lr': 0, 'params': 276757, 'time_iter': 0.00491, 'accuracy': 0.07381, 'f1': 0.04911, 'auc': 0.69201}
> Epoch 67: took 2.1s (avg 2.1s) | Best so far: epoch 65	train_loss: 0.6606 train_accuracy: 0.7866	val_loss: 3.4306 val_accuracy: 0.2571	test_loss: 3.3941 test_accuracy: 0.2452	F1: 0.1896 Prec: 0.3790 Rec: 0.2452
train: {'epoch': 68, 'time_epoch': 1.76415, 'eta': 329.90693, 'eta_hours': 0.09164, 'loss': 0.60867197, 'lr': 0.00082829, 'params': 276757, 'time_iter': 0.01008, 'accuracy': 0.7957, 'f1': 0.7956, 'auc': 0.99003}
val: {'epoch': 68, 'time_epoch': 0.06679, 'loss': 13.80132515, 'lr': 0, 'params': 276757, 'time_iter': 0.00477, 'accuracy': 0.11667, 'f1': 0.0695, 'auc': 0.66288}
test: {'epoch': 68, 'time_epoch': 0.06932, 'loss': 12.340605, 'lr': 0, 'params': 276757, 'time_iter': 0.00495, 'accuracy': 0.07143, 'f1': 0.03505, 'auc': 0.7077}
> Epoch 68: took 2.0s (avg 2.1s) | Best so far: epoch 65	train_loss: 0.6606 train_accuracy: 0.7866	val_loss: 3.4306 val_accuracy: 0.2571	test_loss: 3.3941 test_accuracy: 0.2452	F1: 0.1896 Prec: 0.3790 Rec: 0.2452
train: {'epoch': 69, 'time_epoch': 1.73055, 'eta': 327.8473, 'eta_hours': 0.09107, 'loss': 0.63908298, 'lr': 0.00082353, 'params': 276757, 'time_iter': 0.00989, 'accuracy': 0.78799, 'f1': 0.78784, 'auc': 0.9887}
val: {'epoch': 69, 'time_epoch': 0.09329, 'loss': 9.49773133, 'lr': 0, 'params': 276757, 'time_iter': 0.00666, 'accuracy': 0.12143, 'f1': 0.0406, 'auc': 0.72438}
test: {'epoch': 69, 'time_epoch': 0.08403, 'loss': 7.89142884, 'lr': 0, 'params': 276757, 'time_iter': 0.006, 'accuracy': 0.12381, 'f1': 0.06224, 'auc': 0.75707}
> Epoch 69: took 2.0s (avg 2.1s) | Best so far: epoch 65	train_loss: 0.6606 train_accuracy: 0.7866	val_loss: 3.4306 val_accuracy: 0.2571	test_loss: 3.3941 test_accuracy: 0.2452	F1: 0.1896 Prec: 0.3790 Rec: 0.2452
train: {'epoch': 70, 'time_epoch': 1.86373, 'eta': 326.13271, 'eta_hours': 0.09059, 'loss': 0.65152225, 'lr': 0.00081871, 'params': 276757, 'time_iter': 0.01065, 'accuracy': 0.78746, 'f1': 0.78719, 'auc': 0.98838}
val: {'epoch': 70, 'time_epoch': 0.07312, 'loss': 14.71656274, 'lr': 0, 'params': 276757, 'time_iter': 0.00522, 'accuracy': 0.10238, 'f1': 0.02518, 'auc': 0.69223}
test: {'epoch': 70, 'time_epoch': 0.06822, 'loss': 14.21095359, 'lr': 0, 'params': 276757, 'time_iter': 0.00487, 'accuracy': 0.0881, 'f1': 0.03479, 'auc': 0.69917}
> Epoch 70: took 2.1s (avg 2.1s) | Best so far: epoch 65	train_loss: 0.6606 train_accuracy: 0.7866	val_loss: 3.4306 val_accuracy: 0.2571	test_loss: 3.3941 test_accuracy: 0.2452	F1: 0.1896 Prec: 0.3790 Rec: 0.2452
train: {'epoch': 71, 'time_epoch': 1.74594, 'eta': 324.12276, 'eta_hours': 0.09003, 'loss': 0.59881025, 'lr': 0.00081385, 'params': 276757, 'time_iter': 0.00998, 'accuracy': 0.79785, 'f1': 0.79775, 'auc': 0.99039}
val: {'epoch': 71, 'time_epoch': 0.07084, 'loss': 10.34225179, 'lr': 0, 'params': 276757, 'time_iter': 0.00506, 'accuracy': 0.07381, 'f1': 0.0246, 'auc': 0.66488}
test: {'epoch': 71, 'time_epoch': 0.07412, 'loss': 10.09875288, 'lr': 0, 'params': 276757, 'time_iter': 0.00529, 'accuracy': 0.07381, 'f1': 0.02395, 'auc': 0.72394}
> Epoch 71: took 2.0s (avg 2.1s) | Best so far: epoch 65	train_loss: 0.6606 train_accuracy: 0.7866	val_loss: 3.4306 val_accuracy: 0.2571	test_loss: 3.3941 test_accuracy: 0.2452	F1: 0.1896 Prec: 0.3790 Rec: 0.2452
train: {'epoch': 72, 'time_epoch': 1.90468, 'eta': 322.50495, 'eta_hours': 0.08958, 'loss': 0.61122609, 'lr': 0.00080893, 'params': 276757, 'time_iter': 0.01088, 'accuracy': 0.80197, 'f1': 0.80186, 'auc': 0.98971}
val: {'epoch': 72, 'time_epoch': 0.06115, 'loss': 6.32246211, 'lr': 0, 'params': 276757, 'time_iter': 0.00437, 'accuracy': 0.14762, 'f1': 0.07092, 'auc': 0.78899}
test: {'epoch': 72, 'time_epoch': 0.06737, 'loss': 5.686569, 'lr': 0, 'params': 276757, 'time_iter': 0.00481, 'accuracy': 0.11429, 'f1': 0.09044, 'auc': 0.76757}
> Epoch 72: took 2.1s (avg 2.1s) | Best so far: epoch 65	train_loss: 0.6606 train_accuracy: 0.7866	val_loss: 3.4306 val_accuracy: 0.2571	test_loss: 3.3941 test_accuracy: 0.2452	F1: 0.1896 Prec: 0.3790 Rec: 0.2452
train: {'epoch': 73, 'time_epoch': 1.69824, 'eta': 320.38839, 'eta_hours': 0.089, 'loss': 0.6186485, 'lr': 0.00080397, 'params': 276757, 'time_iter': 0.0097, 'accuracy': 0.79624, 'f1': 0.79584, 'auc': 0.98939}
val: {'epoch': 73, 'time_epoch': 0.0763, 'loss': 14.07822289, 'lr': 0, 'params': 276757, 'time_iter': 0.00545, 'accuracy': 0.11667, 'f1': 0.05128, 'auc': 0.68436}
test: {'epoch': 73, 'time_epoch': 0.06738, 'loss': 12.76406777, 'lr': 0, 'params': 276757, 'time_iter': 0.00481, 'accuracy': 0.07857, 'f1': 0.01943, 'auc': 0.70998}
> Epoch 73: took 1.9s (avg 2.1s) | Best so far: epoch 65	train_loss: 0.6606 train_accuracy: 0.7866	val_loss: 3.4306 val_accuracy: 0.2571	test_loss: 3.3941 test_accuracy: 0.2452	F1: 0.1896 Prec: 0.3790 Rec: 0.2452
train: {'epoch': 74, 'time_epoch': 1.82554, 'eta': 318.58003, 'eta_hours': 0.08849, 'loss': 0.59369211, 'lr': 0.00079895, 'params': 276757, 'time_iter': 0.01043, 'accuracy': 0.80323, 'f1': 0.80308, 'auc': 0.99026}
val: {'epoch': 74, 'time_epoch': 0.07769, 'loss': 14.3296437, 'lr': 0, 'params': 276757, 'time_iter': 0.00555, 'accuracy': 0.07857, 'f1': 0.03987, 'auc': 0.63183}
test: {'epoch': 74, 'time_epoch': 0.07698, 'loss': 12.24787196, 'lr': 0, 'params': 276757, 'time_iter': 0.0055, 'accuracy': 0.05714, 'f1': 0.02849, 'auc': 0.63688}
> Epoch 74: took 2.1s (avg 2.1s) | Best so far: epoch 65	train_loss: 0.6606 train_accuracy: 0.7866	val_loss: 3.4306 val_accuracy: 0.2571	test_loss: 3.3941 test_accuracy: 0.2452	F1: 0.1896 Prec: 0.3790 Rec: 0.2452
train: {'epoch': 75, 'time_epoch': 1.9082, 'eta': 316.96046, 'eta_hours': 0.08804, 'loss': 0.59711121, 'lr': 0.00079389, 'params': 276757, 'time_iter': 0.0109, 'accuracy': 0.80591, 'f1': 0.80568, 'auc': 0.99005}
val: {'epoch': 75, 'time_epoch': 0.06568, 'loss': 6.7266052, 'lr': 0, 'params': 276757, 'time_iter': 0.00469, 'accuracy': 0.13571, 'f1': 0.09141, 'auc': 0.76126}
test: {'epoch': 75, 'time_epoch': 0.08044, 'loss': 5.65523159, 'lr': 0, 'params': 276757, 'time_iter': 0.00575, 'accuracy': 0.24048, 'f1': 0.16714, 'auc': 0.8313}
> Epoch 75: took 2.1s (avg 2.1s) | Best so far: epoch 65	train_loss: 0.6606 train_accuracy: 0.7866	val_loss: 3.4306 val_accuracy: 0.2571	test_loss: 3.3941 test_accuracy: 0.2452	F1: 0.1896 Prec: 0.3790 Rec: 0.2452
train: {'epoch': 76, 'time_epoch': 2.13412, 'eta': 315.84098, 'eta_hours': 0.08773, 'loss': 0.59212227, 'lr': 0.00078879, 'params': 276757, 'time_iter': 0.01219, 'accuracy': 0.79749, 'f1': 0.79752, 'auc': 0.9906}
val: {'epoch': 76, 'time_epoch': 0.07385, 'loss': 7.73196577, 'lr': 0, 'params': 276757, 'time_iter': 0.00527, 'accuracy': 0.10476, 'f1': 0.05548, 'auc': 0.73411}
test: {'epoch': 76, 'time_epoch': 0.06686, 'loss': 5.76684721, 'lr': 0, 'params': 276757, 'time_iter': 0.00478, 'accuracy': 0.1619, 'f1': 0.13249, 'auc': 0.78318}
> Epoch 76: took 2.4s (avg 2.1s) | Best so far: epoch 65	train_loss: 0.6606 train_accuracy: 0.7866	val_loss: 3.4306 val_accuracy: 0.2571	test_loss: 3.3941 test_accuracy: 0.2452	F1: 0.1896 Prec: 0.3790 Rec: 0.2452
train: {'epoch': 77, 'time_epoch': 1.90965, 'eta': 314.2005, 'eta_hours': 0.08728, 'loss': 0.58961767, 'lr': 0.00078363, 'params': 276757, 'time_iter': 0.01091, 'accuracy': 0.80914, 'f1': 0.80885, 'auc': 0.99048}
val: {'epoch': 77, 'time_epoch': 0.06644, 'loss': 5.96501942, 'lr': 0, 'params': 276757, 'time_iter': 0.00475, 'accuracy': 0.16905, 'f1': 0.11825, 'auc': 0.78821}
test: {'epoch': 77, 'time_epoch': 0.06092, 'loss': 5.90399861, 'lr': 0, 'params': 276757, 'time_iter': 0.00435, 'accuracy': 0.17857, 'f1': 0.12244, 'auc': 0.83517}
> Epoch 77: took 2.1s (avg 2.1s) | Best so far: epoch 65	train_loss: 0.6606 train_accuracy: 0.7866	val_loss: 3.4306 val_accuracy: 0.2571	test_loss: 3.3941 test_accuracy: 0.2452	F1: 0.1896 Prec: 0.3790 Rec: 0.2452
train: {'epoch': 78, 'time_epoch': 1.89393, 'eta': 312.51918, 'eta_hours': 0.08681, 'loss': 0.59032034, 'lr': 0.00077844, 'params': 276757, 'time_iter': 0.01082, 'accuracy': 0.80591, 'f1': 0.80574, 'auc': 0.99028}
val: {'epoch': 78, 'time_epoch': 0.08015, 'loss': 10.56212199, 'lr': 0, 'params': 276757, 'time_iter': 0.00572, 'accuracy': 0.14048, 'f1': 0.04085, 'auc': 0.75354}
test: {'epoch': 78, 'time_epoch': 0.07407, 'loss': 9.0824549, 'lr': 0, 'params': 276757, 'time_iter': 0.00529, 'accuracy': 0.11905, 'f1': 0.06641, 'auc': 0.7772}
> Epoch 78: took 2.1s (avg 2.1s) | Best so far: epoch 65	train_loss: 0.6606 train_accuracy: 0.7866	val_loss: 3.4306 val_accuracy: 0.2571	test_loss: 3.3941 test_accuracy: 0.2452	F1: 0.1896 Prec: 0.3790 Rec: 0.2452
train: {'epoch': 79, 'time_epoch': 1.94833, 'eta': 310.94815, 'eta_hours': 0.08637, 'loss': 0.58044567, 'lr': 0.0007732, 'params': 276757, 'time_iter': 0.01113, 'accuracy': 0.80591, 'f1': 0.8057, 'auc': 0.99076}
val: {'epoch': 79, 'time_epoch': 0.06834, 'loss': 5.97983457, 'lr': 0, 'params': 276757, 'time_iter': 0.00488, 'accuracy': 0.15714, 'f1': 0.08197, 'auc': 0.78433}
test: {'epoch': 79, 'time_epoch': 0.07197, 'loss': 5.06845037, 'lr': 0, 'params': 276757, 'time_iter': 0.00514, 'accuracy': 0.16429, 'f1': 0.12341, 'auc': 0.81868}
> Epoch 79: took 2.2s (avg 2.1s) | Best so far: epoch 65	train_loss: 0.6606 train_accuracy: 0.7866	val_loss: 3.4306 val_accuracy: 0.2571	test_loss: 3.3941 test_accuracy: 0.2452	F1: 0.1896 Prec: 0.3790 Rec: 0.2452
train: {'epoch': 80, 'time_epoch': 1.60086, 'eta': 308.64283, 'eta_hours': 0.08573, 'loss': 0.54534914, 'lr': 0.00076791, 'params': 276757, 'time_iter': 0.00915, 'accuracy': 0.81613, 'f1': 0.81597, 'auc': 0.99207}
val: {'epoch': 80, 'time_epoch': 0.07324, 'loss': 4.68190581, 'lr': 0, 'params': 276757, 'time_iter': 0.00523, 'accuracy': 0.14048, 'f1': 0.0766, 'auc': 0.78812}
test: {'epoch': 80, 'time_epoch': 0.06449, 'loss': 3.13941669, 'lr': 0, 'params': 276757, 'time_iter': 0.00461, 'accuracy': 0.31429, 'f1': 0.27393, 'auc': 0.87344}
> Epoch 80: took 1.8s (avg 2.1s) | Best so far: epoch 65	train_loss: 0.6606 train_accuracy: 0.7866	val_loss: 3.4306 val_accuracy: 0.2571	test_loss: 3.3941 test_accuracy: 0.2452	F1: 0.1896 Prec: 0.3790 Rec: 0.2452
train: {'epoch': 81, 'time_epoch': 1.58855, 'eta': 306.32947, 'eta_hours': 0.08509, 'loss': 0.5579548, 'lr': 0.00076259, 'params': 276757, 'time_iter': 0.00908, 'accuracy': 0.82007, 'f1': 0.8198, 'auc': 0.99137}
val: {'epoch': 81, 'time_epoch': 0.06969, 'loss': 11.2633503, 'lr': 0, 'params': 276757, 'time_iter': 0.00498, 'accuracy': 0.10238, 'f1': 0.03137, 'auc': 0.73803}
test: {'epoch': 81, 'time_epoch': 0.06994, 'loss': 9.45463264, 'lr': 0, 'params': 276757, 'time_iter': 0.005, 'accuracy': 0.10238, 'f1': 0.05765, 'auc': 0.75336}
> Epoch 81: took 1.8s (avg 2.1s) | Best so far: epoch 65	train_loss: 0.6606 train_accuracy: 0.7866	val_loss: 3.4306 val_accuracy: 0.2571	test_loss: 3.3941 test_accuracy: 0.2452	F1: 0.1896 Prec: 0.3790 Rec: 0.2452
train: {'epoch': 82, 'time_epoch': 2.00498, 'eta': 304.87144, 'eta_hours': 0.08469, 'loss': 0.53712023, 'lr': 0.00075722, 'params': 276757, 'time_iter': 0.01146, 'accuracy': 0.82634, 'f1': 0.8261, 'auc': 0.9921}
val: {'epoch': 82, 'time_epoch': 0.06271, 'loss': 6.51890343, 'lr': 0, 'params': 276757, 'time_iter': 0.00448, 'accuracy': 0.15, 'f1': 0.11082, 'auc': 0.7668}
test: {'epoch': 82, 'time_epoch': 0.07666, 'loss': 6.79810455, 'lr': 0, 'params': 276757, 'time_iter': 0.00548, 'accuracy': 0.2119, 'f1': 0.14315, 'auc': 0.81353}
> Epoch 82: took 2.2s (avg 2.1s) | Best so far: epoch 65	train_loss: 0.6606 train_accuracy: 0.7866	val_loss: 3.4306 val_accuracy: 0.2571	test_loss: 3.3941 test_accuracy: 0.2452	F1: 0.1896 Prec: 0.3790 Rec: 0.2452
train: {'epoch': 83, 'time_epoch': 1.64295, 'eta': 302.68495, 'eta_hours': 0.08408, 'loss': 0.56505316, 'lr': 0.00075181, 'params': 276757, 'time_iter': 0.00939, 'accuracy': 0.81022, 'f1': 0.81015, 'auc': 0.99131}
val: {'epoch': 83, 'time_epoch': 0.07093, 'loss': 4.92995823, 'lr': 0, 'params': 276757, 'time_iter': 0.00507, 'accuracy': 0.26905, 'f1': 0.20326, 'auc': 0.83001}
test: {'epoch': 83, 'time_epoch': 0.06371, 'loss': 4.00452315, 'lr': 0, 'params': 276757, 'time_iter': 0.00455, 'accuracy': 0.23571, 'f1': 0.20538, 'auc': 0.84645}
[*] Confusion Matrix saved to: results_lopo_none/NH_3m\Conf\confusion_matrix_epoch_83.png
> Epoch 83: took 1.9s (avg 2.1s) | Best so far: epoch 83	train_loss: 0.5651 train_accuracy: 0.8102	val_loss: 4.9300 val_accuracy: 0.2691	test_loss: 4.0045 test_accuracy: 0.2357	F1: 0.2054 Prec: 0.3731 Rec: 0.2357
train: {'epoch': 84, 'time_epoch': 1.7817, 'eta': 300.78059, 'eta_hours': 0.08355, 'loss': 0.51446055, 'lr': 0.00074636, 'params': 276757, 'time_iter': 0.01018, 'accuracy': 0.83226, 'f1': 0.83201, 'auc': 0.9927}
val: {'epoch': 84, 'time_epoch': 0.07201, 'loss': 13.91516695, 'lr': 0, 'params': 276757, 'time_iter': 0.00514, 'accuracy': 0.09524, 'f1': 0.02063, 'auc': 0.6632}
test: {'epoch': 84, 'time_epoch': 0.07071, 'loss': 11.92151761, 'lr': 0, 'params': 276757, 'time_iter': 0.00505, 'accuracy': 0.0619, 'f1': 0.01682, 'auc': 0.67338}
> Epoch 84: took 2.0s (avg 2.1s) | Best so far: epoch 83	train_loss: 0.5651 train_accuracy: 0.8102	val_loss: 4.9300 val_accuracy: 0.2691	test_loss: 4.0045 test_accuracy: 0.2357	F1: 0.2054 Prec: 0.3731 Rec: 0.2357
train: {'epoch': 85, 'time_epoch': 1.81704, 'eta': 298.94647, 'eta_hours': 0.08304, 'loss': 0.52007644, 'lr': 0.00074088, 'params': 276757, 'time_iter': 0.01038, 'accuracy': 0.83082, 'f1': 0.83079, 'auc': 0.99258}
val: {'epoch': 85, 'time_epoch': 0.07335, 'loss': 9.8150655, 'lr': 0, 'params': 276757, 'time_iter': 0.00524, 'accuracy': 0.11429, 'f1': 0.0777, 'auc': 0.67982}
test: {'epoch': 85, 'time_epoch': 0.10423, 'loss': 7.21983638, 'lr': 0, 'params': 276757, 'time_iter': 0.00744, 'accuracy': 0.14286, 'f1': 0.11852, 'auc': 0.80235}
> Epoch 85: took 2.1s (avg 2.1s) | Best so far: epoch 83	train_loss: 0.5651 train_accuracy: 0.8102	val_loss: 4.9300 val_accuracy: 0.2691	test_loss: 4.0045 test_accuracy: 0.2357	F1: 0.2054 Prec: 0.3731 Rec: 0.2357
train: {'epoch': 86, 'time_epoch': 1.90274, 'eta': 297.27331, 'eta_hours': 0.08258, 'loss': 0.52602278, 'lr': 0.00073535, 'params': 276757, 'time_iter': 0.01087, 'accuracy': 0.82993, 'f1': 0.82968, 'auc': 0.99223}
val: {'epoch': 86, 'time_epoch': 0.0832, 'loss': 12.32052291, 'lr': 0, 'params': 276757, 'time_iter': 0.00594, 'accuracy': 0.1, 'f1': 0.04273, 'auc': 0.65375}
test: {'epoch': 86, 'time_epoch': 0.07507, 'loss': 10.39413687, 'lr': 0, 'params': 276757, 'time_iter': 0.00536, 'accuracy': 0.10714, 'f1': 0.0438, 'auc': 0.71723}
> Epoch 86: took 2.1s (avg 2.1s) | Best so far: epoch 83	train_loss: 0.5651 train_accuracy: 0.8102	val_loss: 4.9300 val_accuracy: 0.2691	test_loss: 4.0045 test_accuracy: 0.2357	F1: 0.2054 Prec: 0.3731 Rec: 0.2357
train: {'epoch': 87, 'time_epoch': 1.83083, 'eta': 295.46256, 'eta_hours': 0.08207, 'loss': 0.54028477, 'lr': 0.00072979, 'params': 276757, 'time_iter': 0.01046, 'accuracy': 0.81971, 'f1': 0.81959, 'auc': 0.99217}
val: {'epoch': 87, 'time_epoch': 0.08128, 'loss': 12.1143173, 'lr': 0, 'params': 276757, 'time_iter': 0.00581, 'accuracy': 0.10238, 'f1': 0.02829, 'auc': 0.69536}
test: {'epoch': 87, 'time_epoch': 0.11074, 'loss': 9.35467098, 'lr': 0, 'params': 276757, 'time_iter': 0.00791, 'accuracy': 0.09286, 'f1': 0.05022, 'auc': 0.71631}
> Epoch 87: took 2.1s (avg 2.1s) | Best so far: epoch 83	train_loss: 0.5651 train_accuracy: 0.8102	val_loss: 4.9300 val_accuracy: 0.2691	test_loss: 4.0045 test_accuracy: 0.2357	F1: 0.2054 Prec: 0.3731 Rec: 0.2357
train: {'epoch': 88, 'time_epoch': 1.66223, 'eta': 293.34636, 'eta_hours': 0.08149, 'loss': 0.53159456, 'lr': 0.00072419, 'params': 276757, 'time_iter': 0.0095, 'accuracy': 0.82796, 'f1': 0.82776, 'auc': 0.99209}
val: {'epoch': 88, 'time_epoch': 0.07413, 'loss': 9.47994569, 'lr': 0, 'params': 276757, 'time_iter': 0.00529, 'accuracy': 0.10714, 'f1': 0.0352, 'auc': 0.7473}
test: {'epoch': 88, 'time_epoch': 0.07801, 'loss': 8.46105373, 'lr': 0, 'params': 276757, 'time_iter': 0.00557, 'accuracy': 0.12143, 'f1': 0.07442, 'auc': 0.75956}
> Epoch 88: took 1.9s (avg 2.1s) | Best so far: epoch 83	train_loss: 0.5651 train_accuracy: 0.8102	val_loss: 4.9300 val_accuracy: 0.2691	test_loss: 4.0045 test_accuracy: 0.2357	F1: 0.2054 Prec: 0.3731 Rec: 0.2357
train: {'epoch': 89, 'time_epoch': 1.7942, 'eta': 291.47487, 'eta_hours': 0.08097, 'loss': 0.52096753, 'lr': 0.00071856, 'params': 276757, 'time_iter': 0.01025, 'accuracy': 0.82545, 'f1': 0.82549, 'auc': 0.99257}
val: {'epoch': 89, 'time_epoch': 0.08103, 'loss': 12.47074521, 'lr': 0, 'params': 276757, 'time_iter': 0.00579, 'accuracy': 0.1381, 'f1': 0.05874, 'auc': 0.73168}
test: {'epoch': 89, 'time_epoch': 0.07335, 'loss': 11.1115116, 'lr': 0, 'params': 276757, 'time_iter': 0.00524, 'accuracy': 0.08333, 'f1': 0.04327, 'auc': 0.70117}
> Epoch 89: took 2.0s (avg 2.1s) | Best so far: epoch 83	train_loss: 0.5651 train_accuracy: 0.8102	val_loss: 4.9300 val_accuracy: 0.2691	test_loss: 4.0045 test_accuracy: 0.2357	F1: 0.2054 Prec: 0.3731 Rec: 0.2357
train: {'epoch': 90, 'time_epoch': 1.69552, 'eta': 289.43265, 'eta_hours': 0.0804, 'loss': 0.50499821, 'lr': 0.00071289, 'params': 276757, 'time_iter': 0.00969, 'accuracy': 0.83495, 'f1': 0.83488, 'auc': 0.99304}
val: {'epoch': 90, 'time_epoch': 0.08412, 'loss': 3.25672562, 'lr': 0, 'params': 276757, 'time_iter': 0.00601, 'accuracy': 0.28333, 'f1': 0.24784, 'auc': 0.83225}
test: {'epoch': 90, 'time_epoch': 0.08094, 'loss': 2.88811439, 'lr': 0, 'params': 276757, 'time_iter': 0.00578, 'accuracy': 0.35, 'f1': 0.33012, 'auc': 0.89317}
[*] Confusion Matrix saved to: results_lopo_none/NH_3m\Conf\confusion_matrix_epoch_90.png
> Epoch 90: took 2.0s (avg 2.1s) | Best so far: epoch 90	train_loss: 0.5050 train_accuracy: 0.8349	val_loss: 3.2567 val_accuracy: 0.2833	test_loss: 2.8881 test_accuracy: 0.3500	F1: 0.3301 Prec: 0.4700 Rec: 0.3500
train: {'epoch': 91, 'time_epoch': 2.07482, 'eta': 288.04938, 'eta_hours': 0.08001, 'loss': 0.51960018, 'lr': 0.00070719, 'params': 276757, 'time_iter': 0.01186, 'accuracy': 0.83172, 'f1': 0.83158, 'auc': 0.9925}
val: {'epoch': 91, 'time_epoch': 0.0648, 'loss': 4.63663525, 'lr': 0, 'params': 276757, 'time_iter': 0.00463, 'accuracy': 0.19286, 'f1': 0.1364, 'auc': 0.83731}
test: {'epoch': 91, 'time_epoch': 0.06608, 'loss': 3.3513848, 'lr': 0, 'params': 276757, 'time_iter': 0.00472, 'accuracy': 0.28095, 'f1': 0.20489, 'auc': 0.89426}
> Epoch 91: took 2.3s (avg 2.1s) | Best so far: epoch 90	train_loss: 0.5050 train_accuracy: 0.8349	val_loss: 3.2567 val_accuracy: 0.2833	test_loss: 2.8881 test_accuracy: 0.3500	F1: 0.3301 Prec: 0.4700 Rec: 0.3500
train: {'epoch': 92, 'time_epoch': 1.91357, 'eta': 286.37902, 'eta_hours': 0.07955, 'loss': 0.5149242, 'lr': 0.00070145, 'params': 276757, 'time_iter': 0.01093, 'accuracy': 0.83065, 'f1': 0.83064, 'auc': 0.99267}
val: {'epoch': 92, 'time_epoch': 0.08789, 'loss': 8.57645079, 'lr': 0, 'params': 276757, 'time_iter': 0.00628, 'accuracy': 0.14048, 'f1': 0.05937, 'auc': 0.75707}
test: {'epoch': 92, 'time_epoch': 0.09297, 'loss': 7.59682479, 'lr': 0, 'params': 276757, 'time_iter': 0.00664, 'accuracy': 0.17381, 'f1': 0.11413, 'auc': 0.75914}
> Epoch 92: took 2.2s (avg 2.1s) | Best so far: epoch 90	train_loss: 0.5050 train_accuracy: 0.8349	val_loss: 3.2567 val_accuracy: 0.2833	test_loss: 2.8881 test_accuracy: 0.3500	F1: 0.3301 Prec: 0.4700 Rec: 0.3500
train: {'epoch': 93, 'time_epoch': 1.82485, 'eta': 284.55624, 'eta_hours': 0.07904, 'loss': 0.52880058, 'lr': 0.00069569, 'params': 276757, 'time_iter': 0.01043, 'accuracy': 0.82276, 'f1': 0.82249, 'auc': 0.99239}
val: {'epoch': 93, 'time_epoch': 0.07545, 'loss': 12.08548167, 'lr': 0, 'params': 276757, 'time_iter': 0.00539, 'accuracy': 0.10952, 'f1': 0.03307, 'auc': 0.71922}
test: {'epoch': 93, 'time_epoch': 0.09426, 'loss': 11.41859294, 'lr': 0, 'params': 276757, 'time_iter': 0.00673, 'accuracy': 0.08095, 'f1': 0.02366, 'auc': 0.72239}
> Epoch 93: took 2.1s (avg 2.1s) | Best so far: epoch 90	train_loss: 0.5050 train_accuracy: 0.8349	val_loss: 3.2567 val_accuracy: 0.2833	test_loss: 2.8881 test_accuracy: 0.3500	F1: 0.3301 Prec: 0.4700 Rec: 0.3500
train: {'epoch': 94, 'time_epoch': 1.98702, 'eta': 282.99802, 'eta_hours': 0.07861, 'loss': 0.50001801, 'lr': 0.00068989, 'params': 276757, 'time_iter': 0.01135, 'accuracy': 0.83297, 'f1': 0.83295, 'auc': 0.99314}
val: {'epoch': 94, 'time_epoch': 0.10758, 'loss': 9.4535474, 'lr': 0, 'params': 276757, 'time_iter': 0.00768, 'accuracy': 0.12857, 'f1': 0.04846, 'auc': 0.70956}
test: {'epoch': 94, 'time_epoch': 0.07169, 'loss': 7.41414759, 'lr': 0, 'params': 276757, 'time_iter': 0.00512, 'accuracy': 0.1381, 'f1': 0.09232, 'auc': 0.78484}
> Epoch 94: took 2.2s (avg 2.1s) | Best so far: epoch 90	train_loss: 0.5050 train_accuracy: 0.8349	val_loss: 3.2567 val_accuracy: 0.2833	test_loss: 2.8881 test_accuracy: 0.3500	F1: 0.3301 Prec: 0.4700 Rec: 0.3500
train: {'epoch': 95, 'time_epoch': 1.89031, 'eta': 281.27572, 'eta_hours': 0.07813, 'loss': 0.49830055, 'lr': 0.00068406, 'params': 276757, 'time_iter': 0.0108, 'accuracy': 0.83262, 'f1': 0.83254, 'auc': 0.99323}
val: {'epoch': 95, 'time_epoch': 0.07123, 'loss': 11.42121324, 'lr': 0, 'params': 276757, 'time_iter': 0.00509, 'accuracy': 0.09762, 'f1': 0.03052, 'auc': 0.68505}
test: {'epoch': 95, 'time_epoch': 0.06709, 'loss': 10.52764803, 'lr': 0, 'params': 276757, 'time_iter': 0.00479, 'accuracy': 0.10952, 'f1': 0.03535, 'auc': 0.74107}
> Epoch 95: took 2.1s (avg 2.1s) | Best so far: epoch 90	train_loss: 0.5050 train_accuracy: 0.8349	val_loss: 3.2567 val_accuracy: 0.2833	test_loss: 2.8881 test_accuracy: 0.3500	F1: 0.3301 Prec: 0.4700 Rec: 0.3500
train: {'epoch': 96, 'time_epoch': 1.98273, 'eta': 279.69573, 'eta_hours': 0.07769, 'loss': 0.48993797, 'lr': 0.00067821, 'params': 276757, 'time_iter': 0.01133, 'accuracy': 0.83817, 'f1': 0.83807, 'auc': 0.99341}
val: {'epoch': 96, 'time_epoch': 0.07873, 'loss': 7.22553455, 'lr': 0, 'params': 276757, 'time_iter': 0.00562, 'accuracy': 0.14524, 'f1': 0.11288, 'auc': 0.7274}
test: {'epoch': 96, 'time_epoch': 0.07073, 'loss': 5.62324051, 'lr': 0, 'params': 276757, 'time_iter': 0.00505, 'accuracy': 0.15952, 'f1': 0.14005, 'auc': 0.8148}
> Epoch 96: took 2.2s (avg 2.1s) | Best so far: epoch 90	train_loss: 0.5050 train_accuracy: 0.8349	val_loss: 3.2567 val_accuracy: 0.2833	test_loss: 2.8881 test_accuracy: 0.3500	F1: 0.3301 Prec: 0.4700 Rec: 0.3500
train: {'epoch': 97, 'time_epoch': 1.94701, 'eta': 278.05212, 'eta_hours': 0.07724, 'loss': 0.47049454, 'lr': 0.00067232, 'params': 276757, 'time_iter': 0.01113, 'accuracy': 0.84086, 'f1': 0.84053, 'auc': 0.99398}
val: {'epoch': 97, 'time_epoch': 0.06397, 'loss': 13.42640909, 'lr': 0, 'params': 276757, 'time_iter': 0.00457, 'accuracy': 0.09048, 'f1': 0.02836, 'auc': 0.69815}
test: {'epoch': 97, 'time_epoch': 0.07552, 'loss': 11.20626075, 'lr': 0, 'params': 276757, 'time_iter': 0.00539, 'accuracy': 0.09048, 'f1': 0.04681, 'auc': 0.74835}
> Epoch 97: took 2.2s (avg 2.1s) | Best so far: epoch 90	train_loss: 0.5050 train_accuracy: 0.8349	val_loss: 3.2567 val_accuracy: 0.2833	test_loss: 2.8881 test_accuracy: 0.3500	F1: 0.3301 Prec: 0.4700 Rec: 0.3500
train: {'epoch': 98, 'time_epoch': 1.75045, 'eta': 276.10258, 'eta_hours': 0.0767, 'loss': 0.45887997, 'lr': 0.00066641, 'params': 276757, 'time_iter': 0.01, 'accuracy': 0.84839, 'f1': 0.84836, 'auc': 0.99414}
val: {'epoch': 98, 'time_epoch': 0.07466, 'loss': 5.18041749, 'lr': 0, 'params': 276757, 'time_iter': 0.00533, 'accuracy': 0.14048, 'f1': 0.08626, 'auc': 0.7983}
test: {'epoch': 98, 'time_epoch': 0.06787, 'loss': 5.54440973, 'lr': 0, 'params': 276757, 'time_iter': 0.00485, 'accuracy': 0.21429, 'f1': 0.14271, 'auc': 0.81286}
> Epoch 98: took 2.0s (avg 2.1s) | Best so far: epoch 90	train_loss: 0.5050 train_accuracy: 0.8349	val_loss: 3.2567 val_accuracy: 0.2833	test_loss: 2.8881 test_accuracy: 0.3500	F1: 0.3301 Prec: 0.4700 Rec: 0.3500
train: {'epoch': 99, 'time_epoch': 2.14309, 'eta': 274.74597, 'eta_hours': 0.07632, 'loss': 0.47610703, 'lr': 0.00066047, 'params': 276757, 'time_iter': 0.01225, 'accuracy': 0.83674, 'f1': 0.83662, 'auc': 0.99396}
val: {'epoch': 99, 'time_epoch': 0.10129, 'loss': 12.88884613, 'lr': 0, 'params': 276757, 'time_iter': 0.00724, 'accuracy': 0.1119, 'f1': 0.03568, 'auc': 0.74718}
test: {'epoch': 99, 'time_epoch': 0.07206, 'loss': 11.27246987, 'lr': 0, 'params': 276757, 'time_iter': 0.00515, 'accuracy': 0.07143, 'f1': 0.02945, 'auc': 0.7042}
> Epoch 99: took 2.4s (avg 2.1s) | Best so far: epoch 90	train_loss: 0.5050 train_accuracy: 0.8349	val_loss: 3.2567 val_accuracy: 0.2833	test_loss: 2.8881 test_accuracy: 0.3500	F1: 0.3301 Prec: 0.4700 Rec: 0.3500
train: {'epoch': 100, 'time_epoch': 1.76403, 'eta': 272.81459, 'eta_hours': 0.07578, 'loss': 0.49035416, 'lr': 0.00065451, 'params': 276757, 'time_iter': 0.01008, 'accuracy': 0.83656, 'f1': 0.83649, 'auc': 0.99329}
val: {'epoch': 100, 'time_epoch': 0.09353, 'loss': 12.14387258, 'lr': 0, 'params': 276757, 'time_iter': 0.00668, 'accuracy': 0.06905, 'f1': 0.02772, 'auc': 0.66867}
test: {'epoch': 100, 'time_epoch': 0.07052, 'loss': 12.55320189, 'lr': 0, 'params': 276757, 'time_iter': 0.00504, 'accuracy': 0.05476, 'f1': 0.01771, 'auc': 0.69079}
> Epoch 100: took 2.0s (avg 2.1s) | Best so far: epoch 90	train_loss: 0.5050 train_accuracy: 0.8349	val_loss: 3.2567 val_accuracy: 0.2833	test_loss: 2.8881 test_accuracy: 0.3500	F1: 0.3301 Prec: 0.4700 Rec: 0.3500
train: {'epoch': 101, 'time_epoch': 1.89965, 'eta': 271.08327, 'eta_hours': 0.0753, 'loss': 0.49321053, 'lr': 0.00064852, 'params': 276757, 'time_iter': 0.01086, 'accuracy': 0.83405, 'f1': 0.83385, 'auc': 0.99326}
val: {'epoch': 101, 'time_epoch': 0.11452, 'loss': 7.86797444, 'lr': 0, 'params': 276757, 'time_iter': 0.00818, 'accuracy': 0.14762, 'f1': 0.10349, 'auc': 0.75585}
test: {'epoch': 101, 'time_epoch': 0.08058, 'loss': 6.2782465, 'lr': 0, 'params': 276757, 'time_iter': 0.00576, 'accuracy': 0.1381, 'f1': 0.07909, 'auc': 0.85048}
> Epoch 101: took 2.2s (avg 2.1s) | Best so far: epoch 90	train_loss: 0.5050 train_accuracy: 0.8349	val_loss: 3.2567 val_accuracy: 0.2833	test_loss: 2.8881 test_accuracy: 0.3500	F1: 0.3301 Prec: 0.4700 Rec: 0.3500
train: {'epoch': 102, 'time_epoch': 1.80101, 'eta': 269.20791, 'eta_hours': 0.07478, 'loss': 0.47637536, 'lr': 0.00064251, 'params': 276757, 'time_iter': 0.01029, 'accuracy': 0.84749, 'f1': 0.84734, 'auc': 0.9937}
val: {'epoch': 102, 'time_epoch': 0.07942, 'loss': 9.99137475, 'lr': 0, 'params': 276757, 'time_iter': 0.00567, 'accuracy': 0.10714, 'f1': 0.0321, 'auc': 0.77661}
test: {'epoch': 102, 'time_epoch': 0.06965, 'loss': 9.07584745, 'lr': 0, 'params': 276757, 'time_iter': 0.00497, 'accuracy': 0.11667, 'f1': 0.05398, 'auc': 0.77235}
> Epoch 102: took 2.0s (avg 2.1s) | Best so far: epoch 90	train_loss: 0.5050 train_accuracy: 0.8349	val_loss: 3.2567 val_accuracy: 0.2833	test_loss: 2.8881 test_accuracy: 0.3500	F1: 0.3301 Prec: 0.4700 Rec: 0.3500
train: {'epoch': 103, 'time_epoch': 1.8134, 'eta': 267.35137, 'eta_hours': 0.07426, 'loss': 0.46235419, 'lr': 0.00063648, 'params': 276757, 'time_iter': 0.01036, 'accuracy': 0.84606, 'f1': 0.84589, 'auc': 0.99414}
val: {'epoch': 103, 'time_epoch': 0.0732, 'loss': 3.25790873, 'lr': 0, 'params': 276757, 'time_iter': 0.00523, 'accuracy': 0.26905, 'f1': 0.2104, 'auc': 0.86967}
test: {'epoch': 103, 'time_epoch': 0.07562, 'loss': 2.20002117, 'lr': 0, 'params': 276757, 'time_iter': 0.0054, 'accuracy': 0.37143, 'f1': 0.36014, 'auc': 0.92018}
> Epoch 103: took 2.0s (avg 2.1s) | Best so far: epoch 90	train_loss: 0.5050 train_accuracy: 0.8349	val_loss: 3.2567 val_accuracy: 0.2833	test_loss: 2.8881 test_accuracy: 0.3500	F1: 0.3301 Prec: 0.4700 Rec: 0.3500
train: {'epoch': 104, 'time_epoch': 1.73636, 'eta': 265.38926, 'eta_hours': 0.07372, 'loss': 0.4597105, 'lr': 0.00063042, 'params': 276757, 'time_iter': 0.00992, 'accuracy': 0.84982, 'f1': 0.84977, 'auc': 0.99417}
val: {'epoch': 104, 'time_epoch': 0.06752, 'loss': 4.68895647, 'lr': 0, 'params': 276757, 'time_iter': 0.00482, 'accuracy': 0.18333, 'f1': 0.0997, 'auc': 0.86167}
test: {'epoch': 104, 'time_epoch': 0.06499, 'loss': 4.56072305, 'lr': 0, 'params': 276757, 'time_iter': 0.00464, 'accuracy': 0.19762, 'f1': 0.16009, 'auc': 0.84122}
> Epoch 104: took 1.9s (avg 2.1s) | Best so far: epoch 90	train_loss: 0.5050 train_accuracy: 0.8349	val_loss: 3.2567 val_accuracy: 0.2833	test_loss: 2.8881 test_accuracy: 0.3500	F1: 0.3301 Prec: 0.4700 Rec: 0.3500
train: {'epoch': 105, 'time_epoch': 1.82749, 'eta': 263.55521, 'eta_hours': 0.07321, 'loss': 0.47128878, 'lr': 0.00062434, 'params': 276757, 'time_iter': 0.01044, 'accuracy': 0.84767, 'f1': 0.84755, 'auc': 0.99369}
val: {'epoch': 105, 'time_epoch': 0.06833, 'loss': 8.86878404, 'lr': 0, 'params': 276757, 'time_iter': 0.00488, 'accuracy': 0.12143, 'f1': 0.0438, 'auc': 0.78021}
test: {'epoch': 105, 'time_epoch': 0.07385, 'loss': 7.87636722, 'lr': 0, 'params': 276757, 'time_iter': 0.00527, 'accuracy': 0.12143, 'f1': 0.05875, 'auc': 0.78675}
> Epoch 105: took 2.0s (avg 2.1s) | Best so far: epoch 90	train_loss: 0.5050 train_accuracy: 0.8349	val_loss: 3.2567 val_accuracy: 0.2833	test_loss: 2.8881 test_accuracy: 0.3500	F1: 0.3301 Prec: 0.4700 Rec: 0.3500
train: {'epoch': 106, 'time_epoch': 1.74137, 'eta': 261.60619, 'eta_hours': 0.07267, 'loss': 0.45810596, 'lr': 0.00061825, 'params': 276757, 'time_iter': 0.00995, 'accuracy': 0.84642, 'f1': 0.84641, 'auc': 0.99425}
val: {'epoch': 106, 'time_epoch': 0.06959, 'loss': 7.44476112, 'lr': 0, 'params': 276757, 'time_iter': 0.00497, 'accuracy': 0.10238, 'f1': 0.04599, 'auc': 0.77027}
test: {'epoch': 106, 'time_epoch': 0.06639, 'loss': 6.16824838, 'lr': 0, 'params': 276757, 'time_iter': 0.00474, 'accuracy': 0.17857, 'f1': 0.13146, 'auc': 0.82415}
> Epoch 106: took 2.0s (avg 2.1s) | Best so far: epoch 90	train_loss: 0.5050 train_accuracy: 0.8349	val_loss: 3.2567 val_accuracy: 0.2833	test_loss: 2.8881 test_accuracy: 0.3500	F1: 0.3301 Prec: 0.4700 Rec: 0.3500
train: {'epoch': 107, 'time_epoch': 1.77393, 'eta': 259.70383, 'eta_hours': 0.07214, 'loss': 0.43598184, 'lr': 0.00061214, 'params': 276757, 'time_iter': 0.01014, 'accuracy': 0.85878, 'f1': 0.8588, 'auc': 0.99482}
val: {'epoch': 107, 'time_epoch': 0.06965, 'loss': 3.95473709, 'lr': 0, 'params': 276757, 'time_iter': 0.00498, 'accuracy': 0.2381, 'f1': 0.1867, 'auc': 0.85751}
test: {'epoch': 107, 'time_epoch': 0.10785, 'loss': 4.23965777, 'lr': 0, 'params': 276757, 'time_iter': 0.0077, 'accuracy': 0.27619, 'f1': 0.22317, 'auc': 0.86554}
> Epoch 107: took 2.0s (avg 2.1s) | Best so far: epoch 90	train_loss: 0.5050 train_accuracy: 0.8349	val_loss: 3.2567 val_accuracy: 0.2833	test_loss: 2.8881 test_accuracy: 0.3500	F1: 0.3301 Prec: 0.4700 Rec: 0.3500
train: {'epoch': 108, 'time_epoch': 1.61271, 'eta': 257.59528, 'eta_hours': 0.07155, 'loss': 0.45205591, 'lr': 0.000606, 'params': 276757, 'time_iter': 0.00922, 'accuracy': 0.84606, 'f1': 0.84594, 'auc': 0.99438}
val: {'epoch': 108, 'time_epoch': 0.06355, 'loss': 10.19031888, 'lr': 0, 'params': 276757, 'time_iter': 0.00454, 'accuracy': 0.1119, 'f1': 0.05562, 'auc': 0.75253}
test: {'epoch': 108, 'time_epoch': 0.067, 'loss': 7.84003518, 'lr': 0, 'params': 276757, 'time_iter': 0.00479, 'accuracy': 0.1381, 'f1': 0.10484, 'auc': 0.8114}
> Epoch 108: took 1.8s (avg 2.1s) | Best so far: epoch 90	train_loss: 0.5050 train_accuracy: 0.8349	val_loss: 3.2567 val_accuracy: 0.2833	test_loss: 2.8881 test_accuracy: 0.3500	F1: 0.3301 Prec: 0.4700 Rec: 0.3500
train: {'epoch': 109, 'time_epoch': 1.92934, 'eta': 255.89872, 'eta_hours': 0.07108, 'loss': 0.44373448, 'lr': 0.00059985, 'params': 276757, 'time_iter': 0.01102, 'accuracy': 0.85609, 'f1': 0.85603, 'auc': 0.99454}
val: {'epoch': 109, 'time_epoch': 0.09979, 'loss': 7.24812656, 'lr': 0, 'params': 276757, 'time_iter': 0.00713, 'accuracy': 0.12857, 'f1': 0.0658, 'auc': 0.76508}
test: {'epoch': 109, 'time_epoch': 0.09546, 'loss': 5.42975988, 'lr': 0, 'params': 276757, 'time_iter': 0.00682, 'accuracy': 0.15238, 'f1': 0.1123, 'auc': 0.84018}
> Epoch 109: took 2.2s (avg 2.1s) | Best so far: epoch 90	train_loss: 0.5050 train_accuracy: 0.8349	val_loss: 3.2567 val_accuracy: 0.2833	test_loss: 2.8881 test_accuracy: 0.3500	F1: 0.3301 Prec: 0.4700 Rec: 0.3500
train: {'epoch': 110, 'time_epoch': 1.97311, 'eta': 254.25278, 'eta_hours': 0.07063, 'loss': 0.43578781, 'lr': 0.00059369, 'params': 276757, 'time_iter': 0.01127, 'accuracy': 0.85717, 'f1': 0.8571, 'auc': 0.99482}
val: {'epoch': 110, 'time_epoch': 0.0996, 'loss': 10.92859584, 'lr': 0, 'params': 276757, 'time_iter': 0.00711, 'accuracy': 0.1119, 'f1': 0.06182, 'auc': 0.72915}
test: {'epoch': 110, 'time_epoch': 0.06334, 'loss': 8.76639627, 'lr': 0, 'params': 276757, 'time_iter': 0.00452, 'accuracy': 0.14286, 'f1': 0.08692, 'auc': 0.78077}
> Epoch 110: took 2.2s (avg 2.1s) | Best so far: epoch 90	train_loss: 0.5050 train_accuracy: 0.8349	val_loss: 3.2567 val_accuracy: 0.2833	test_loss: 2.8881 test_accuracy: 0.3500	F1: 0.3301 Prec: 0.4700 Rec: 0.3500
train: {'epoch': 111, 'time_epoch': 1.95224, 'eta': 252.57527, 'eta_hours': 0.07016, 'loss': 0.4465928, 'lr': 0.00058751, 'params': 276757, 'time_iter': 0.01116, 'accuracy': 0.84875, 'f1': 0.84855, 'auc': 0.99461}
val: {'epoch': 111, 'time_epoch': 0.0955, 'loss': 6.44551071, 'lr': 0, 'params': 276757, 'time_iter': 0.00682, 'accuracy': 0.16429, 'f1': 0.10449, 'auc': 0.81057}
test: {'epoch': 111, 'time_epoch': 0.07083, 'loss': 4.52326996, 'lr': 0, 'params': 276757, 'time_iter': 0.00506, 'accuracy': 0.22857, 'f1': 0.19637, 'auc': 0.84143}
> Epoch 111: took 2.2s (avg 2.1s) | Best so far: epoch 90	train_loss: 0.5050 train_accuracy: 0.8349	val_loss: 3.2567 val_accuracy: 0.2833	test_loss: 2.8881 test_accuracy: 0.3500	F1: 0.3301 Prec: 0.4700 Rec: 0.3500
train: {'epoch': 112, 'time_epoch': 2.0602, 'eta': 251.02379, 'eta_hours': 0.06973, 'loss': 0.44637115, 'lr': 0.00058132, 'params': 276757, 'time_iter': 0.01177, 'accuracy': 0.85341, 'f1': 0.85318, 'auc': 0.99433}
val: {'epoch': 112, 'time_epoch': 0.1056, 'loss': 6.37224706, 'lr': 0, 'params': 276757, 'time_iter': 0.00754, 'accuracy': 0.1881, 'f1': 0.11827, 'auc': 0.79101}
test: {'epoch': 112, 'time_epoch': 0.10861, 'loss': 5.0099519, 'lr': 0, 'params': 276757, 'time_iter': 0.00776, 'accuracy': 0.17381, 'f1': 0.12062, 'auc': 0.83445}
> Epoch 112: took 2.4s (avg 2.1s) | Best so far: epoch 90	train_loss: 0.5050 train_accuracy: 0.8349	val_loss: 3.2567 val_accuracy: 0.2833	test_loss: 2.8881 test_accuracy: 0.3500	F1: 0.3301 Prec: 0.4700 Rec: 0.3500
train: {'epoch': 113, 'time_epoch': 1.89713, 'eta': 249.26885, 'eta_hours': 0.06924, 'loss': 0.4099099, 'lr': 0.00057511, 'params': 276757, 'time_iter': 0.01084, 'accuracy': 0.86703, 'f1': 0.86696, 'auc': 0.99542}
val: {'epoch': 113, 'time_epoch': 0.07408, 'loss': 10.60776974, 'lr': 0, 'params': 276757, 'time_iter': 0.00529, 'accuracy': 0.13095, 'f1': 0.06469, 'auc': 0.76233}
test: {'epoch': 113, 'time_epoch': 0.06862, 'loss': 8.79072036, 'lr': 0, 'params': 276757, 'time_iter': 0.0049, 'accuracy': 0.10952, 'f1': 0.0674, 'auc': 0.74029}
> Epoch 113: took 2.1s (avg 2.1s) | Best so far: epoch 90	train_loss: 0.5050 train_accuracy: 0.8349	val_loss: 3.2567 val_accuracy: 0.2833	test_loss: 2.8881 test_accuracy: 0.3500	F1: 0.3301 Prec: 0.4700 Rec: 0.3500
train: {'epoch': 114, 'time_epoch': 2.00643, 'eta': 247.63974, 'eta_hours': 0.06879, 'loss': 0.40735901, 'lr': 0.0005689, 'params': 276757, 'time_iter': 0.01147, 'accuracy': 0.87007, 'f1': 0.87002, 'auc': 0.99534}
val: {'epoch': 114, 'time_epoch': 0.0774, 'loss': 5.61387563, 'lr': 0, 'params': 276757, 'time_iter': 0.00553, 'accuracy': 0.1619, 'f1': 0.12671, 'auc': 0.79772}
test: {'epoch': 114, 'time_epoch': 0.06163, 'loss': 5.03832094, 'lr': 0, 'params': 276757, 'time_iter': 0.0044, 'accuracy': 0.23571, 'f1': 0.16498, 'auc': 0.87379}
> Epoch 114: took 2.2s (avg 2.1s) | Best so far: epoch 90	train_loss: 0.5050 train_accuracy: 0.8349	val_loss: 3.2567 val_accuracy: 0.2833	test_loss: 2.8881 test_accuracy: 0.3500	F1: 0.3301 Prec: 0.4700 Rec: 0.3500
train: {'epoch': 115, 'time_epoch': 1.89666, 'eta': 245.87734, 'eta_hours': 0.0683, 'loss': 0.45678406, 'lr': 0.00056267, 'params': 276757, 'time_iter': 0.01084, 'accuracy': 0.84928, 'f1': 0.84917, 'auc': 0.99409}
val: {'epoch': 115, 'time_epoch': 0.06843, 'loss': 8.31344189, 'lr': 0, 'params': 276757, 'time_iter': 0.00489, 'accuracy': 0.11667, 'f1': 0.04918, 'auc': 0.77217}
test: {'epoch': 115, 'time_epoch': 0.07524, 'loss': 8.19648205, 'lr': 0, 'params': 276757, 'time_iter': 0.00537, 'accuracy': 0.12143, 'f1': 0.08213, 'auc': 0.78011}
> Epoch 115: took 2.1s (avg 2.1s) | Best so far: epoch 90	train_loss: 0.5050 train_accuracy: 0.8349	val_loss: 3.2567 val_accuracy: 0.2833	test_loss: 2.8881 test_accuracy: 0.3500	F1: 0.3301 Prec: 0.4700 Rec: 0.3500
train: {'epoch': 116, 'time_epoch': 1.76459, 'eta': 243.9625, 'eta_hours': 0.06777, 'loss': 0.43725791, 'lr': 0.00055643, 'params': 276757, 'time_iter': 0.01008, 'accuracy': 0.85341, 'f1': 0.8533, 'auc': 0.99486}
val: {'epoch': 116, 'time_epoch': 0.07055, 'loss': 11.3795776, 'lr': 0, 'params': 276757, 'time_iter': 0.00504, 'accuracy': 0.12381, 'f1': 0.03367, 'auc': 0.76263}
test: {'epoch': 116, 'time_epoch': 0.06919, 'loss': 10.95833571, 'lr': 0, 'params': 276757, 'time_iter': 0.00494, 'accuracy': 0.0619, 'f1': 0.01997, 'auc': 0.71952}
> Epoch 116: took 2.0s (avg 2.1s) | Best so far: epoch 90	train_loss: 0.5050 train_accuracy: 0.8349	val_loss: 3.2567 val_accuracy: 0.2833	test_loss: 2.8881 test_accuracy: 0.3500	F1: 0.3301 Prec: 0.4700 Rec: 0.3500
train: {'epoch': 117, 'time_epoch': 1.81028, 'eta': 242.10132, 'eta_hours': 0.06725, 'loss': 0.41515145, 'lr': 0.00055018, 'params': 276757, 'time_iter': 0.01034, 'accuracy': 0.86577, 'f1': 0.86567, 'auc': 0.99526}
val: {'epoch': 117, 'time_epoch': 0.10239, 'loss': 5.37814536, 'lr': 0, 'params': 276757, 'time_iter': 0.00731, 'accuracy': 0.1619, 'f1': 0.12483, 'auc': 0.80204}
test: {'epoch': 117, 'time_epoch': 0.07908, 'loss': 5.39198297, 'lr': 0, 'params': 276757, 'time_iter': 0.00565, 'accuracy': 0.19762, 'f1': 0.16104, 'auc': 0.83237}
> Epoch 117: took 2.1s (avg 2.1s) | Best so far: epoch 90	train_loss: 0.5050 train_accuracy: 0.8349	val_loss: 3.2567 val_accuracy: 0.2833	test_loss: 2.8881 test_accuracy: 0.3500	F1: 0.3301 Prec: 0.4700 Rec: 0.3500
train: {'epoch': 118, 'time_epoch': 1.86786, 'eta': 240.30438, 'eta_hours': 0.06675, 'loss': 0.40323439, 'lr': 0.00054393, 'params': 276757, 'time_iter': 0.01067, 'accuracy': 0.86523, 'f1': 0.86512, 'auc': 0.9955}
val: {'epoch': 118, 'time_epoch': 0.06431, 'loss': 7.08081931, 'lr': 0, 'params': 276757, 'time_iter': 0.00459, 'accuracy': 0.14524, 'f1': 0.07468, 'auc': 0.80648}
test: {'epoch': 118, 'time_epoch': 0.07391, 'loss': 6.11464694, 'lr': 0, 'params': 276757, 'time_iter': 0.00528, 'accuracy': 0.20476, 'f1': 0.14348, 'auc': 0.80646}
> Epoch 118: took 2.1s (avg 2.1s) | Best so far: epoch 90	train_loss: 0.5050 train_accuracy: 0.8349	val_loss: 3.2567 val_accuracy: 0.2833	test_loss: 2.8881 test_accuracy: 0.3500	F1: 0.3301 Prec: 0.4700 Rec: 0.3500
train: {'epoch': 119, 'time_epoch': 1.74806, 'eta': 238.37647, 'eta_hours': 0.06622, 'loss': 0.40116697, 'lr': 0.00053766, 'params': 276757, 'time_iter': 0.00999, 'accuracy': 0.86523, 'f1': 0.86517, 'auc': 0.99565}
val: {'epoch': 119, 'time_epoch': 0.08409, 'loss': 7.42867388, 'lr': 0, 'params': 276757, 'time_iter': 0.00601, 'accuracy': 0.12619, 'f1': 0.04775, 'auc': 0.81233}
test: {'epoch': 119, 'time_epoch': 0.06901, 'loss': 7.12964966, 'lr': 0, 'params': 276757, 'time_iter': 0.00493, 'accuracy': 0.16667, 'f1': 0.13164, 'auc': 0.80891}
> Epoch 119: took 2.0s (avg 2.1s) | Best so far: epoch 90	train_loss: 0.5050 train_accuracy: 0.8349	val_loss: 3.2567 val_accuracy: 0.2833	test_loss: 2.8881 test_accuracy: 0.3500	F1: 0.3301 Prec: 0.4700 Rec: 0.3500
train: {'epoch': 120, 'time_epoch': 1.72641, 'eta': 236.42846, 'eta_hours': 0.06567, 'loss': 0.41396465, 'lr': 0.0005314, 'params': 276757, 'time_iter': 0.00987, 'accuracy': 0.86165, 'f1': 0.8615, 'auc': 0.9952}
val: {'epoch': 120, 'time_epoch': 0.0666, 'loss': 7.171773, 'lr': 0, 'params': 276757, 'time_iter': 0.00476, 'accuracy': 0.10714, 'f1': 0.04145, 'auc': 0.80852}
test: {'epoch': 120, 'time_epoch': 0.06951, 'loss': 6.01114754, 'lr': 0, 'params': 276757, 'time_iter': 0.00497, 'accuracy': 0.18095, 'f1': 0.12008, 'auc': 0.84267}
> Epoch 120: took 1.9s (avg 2.1s) | Best so far: epoch 90	train_loss: 0.5050 train_accuracy: 0.8349	val_loss: 3.2567 val_accuracy: 0.2833	test_loss: 2.8881 test_accuracy: 0.3500	F1: 0.3301 Prec: 0.4700 Rec: 0.3500
train: {'epoch': 121, 'time_epoch': 1.72267, 'eta': 234.48016, 'eta_hours': 0.06513, 'loss': 0.39212911, 'lr': 0.00052512, 'params': 276757, 'time_iter': 0.00984, 'accuracy': 0.87025, 'f1': 0.87024, 'auc': 0.99575}
val: {'epoch': 121, 'time_epoch': 0.0676, 'loss': 7.32449042, 'lr': 0, 'params': 276757, 'time_iter': 0.00483, 'accuracy': 0.12381, 'f1': 0.05428, 'auc': 0.79866}
test: {'epoch': 121, 'time_epoch': 0.06267, 'loss': 6.22146472, 'lr': 0, 'params': 276757, 'time_iter': 0.00448, 'accuracy': 0.17857, 'f1': 0.13386, 'auc': 0.82665}
> Epoch 121: took 1.9s (avg 2.1s) | Best so far: epoch 90	train_loss: 0.5050 train_accuracy: 0.8349	val_loss: 3.2567 val_accuracy: 0.2833	test_loss: 2.8881 test_accuracy: 0.3500	F1: 0.3301 Prec: 0.4700 Rec: 0.3500
train: {'epoch': 122, 'time_epoch': 1.77955, 'eta': 232.59426, 'eta_hours': 0.06461, 'loss': 0.40263144, 'lr': 0.00051885, 'params': 276757, 'time_iter': 0.01017, 'accuracy': 0.86631, 'f1': 0.86613, 'auc': 0.99547}
val: {'epoch': 122, 'time_epoch': 0.08066, 'loss': 3.95537958, 'lr': 0, 'params': 276757, 'time_iter': 0.00576, 'accuracy': 0.23095, 'f1': 0.19984, 'auc': 0.86409}
test: {'epoch': 122, 'time_epoch': 0.10445, 'loss': 2.38291685, 'lr': 0, 'params': 276757, 'time_iter': 0.00746, 'accuracy': 0.36429, 'f1': 0.33166, 'auc': 0.92301}
> Epoch 122: took 2.0s (avg 2.1s) | Best so far: epoch 90	train_loss: 0.5050 train_accuracy: 0.8349	val_loss: 3.2567 val_accuracy: 0.2833	test_loss: 2.8881 test_accuracy: 0.3500	F1: 0.3301 Prec: 0.4700 Rec: 0.3500
train: {'epoch': 123, 'time_epoch': 1.85927, 'eta': 230.79107, 'eta_hours': 0.06411, 'loss': 0.41356732, 'lr': 0.00051257, 'params': 276757, 'time_iter': 0.01062, 'accuracy': 0.86308, 'f1': 0.86306, 'auc': 0.99522}
val: {'epoch': 123, 'time_epoch': 0.07335, 'loss': 7.55119101, 'lr': 0, 'params': 276757, 'time_iter': 0.00524, 'accuracy': 0.12619, 'f1': 0.05241, 'auc': 0.7768}
test: {'epoch': 123, 'time_epoch': 0.07702, 'loss': 6.1144379, 'lr': 0, 'params': 276757, 'time_iter': 0.0055, 'accuracy': 0.1381, 'f1': 0.09988, 'auc': 0.81888}
> Epoch 123: took 2.1s (avg 2.1s) | Best so far: epoch 90	train_loss: 0.5050 train_accuracy: 0.8349	val_loss: 3.2567 val_accuracy: 0.2833	test_loss: 2.8881 test_accuracy: 0.3500	F1: 0.3301 Prec: 0.4700 Rec: 0.3500
train: {'epoch': 124, 'time_epoch': 1.94641, 'eta': 229.07413, 'eta_hours': 0.06363, 'loss': 0.40530257, 'lr': 0.00050628, 'params': 276757, 'time_iter': 0.01112, 'accuracy': 0.86792, 'f1': 0.86787, 'auc': 0.9954}
val: {'epoch': 124, 'time_epoch': 0.09426, 'loss': 6.05062005, 'lr': 0, 'params': 276757, 'time_iter': 0.00673, 'accuracy': 0.14762, 'f1': 0.08347, 'auc': 0.83209}
test: {'epoch': 124, 'time_epoch': 0.07013, 'loss': 5.30343161, 'lr': 0, 'params': 276757, 'time_iter': 0.00501, 'accuracy': 0.19762, 'f1': 0.15877, 'auc': 0.84418}
> Epoch 124: took 2.2s (avg 2.1s) | Best so far: epoch 90	train_loss: 0.5050 train_accuracy: 0.8349	val_loss: 3.2567 val_accuracy: 0.2833	test_loss: 2.8881 test_accuracy: 0.3500	F1: 0.3301 Prec: 0.4700 Rec: 0.3500
train: {'epoch': 125, 'time_epoch': 1.92585, 'eta': 227.33331, 'eta_hours': 0.06315, 'loss': 0.39113752, 'lr': 0.0005, 'params': 276757, 'time_iter': 0.011, 'accuracy': 0.87097, 'f1': 0.87085, 'auc': 0.99574}
val: {'epoch': 125, 'time_epoch': 0.07262, 'loss': 5.56743331, 'lr': 0, 'params': 276757, 'time_iter': 0.00519, 'accuracy': 0.1619, 'f1': 0.14151, 'auc': 0.75571}
test: {'epoch': 125, 'time_epoch': 0.05989, 'loss': 4.23110532, 'lr': 0, 'params': 276757, 'time_iter': 0.00428, 'accuracy': 0.25952, 'f1': 0.2093, 'auc': 0.87643}
> Epoch 125: took 2.1s (avg 2.1s) | Best so far: epoch 90	train_loss: 0.5050 train_accuracy: 0.8349	val_loss: 3.2567 val_accuracy: 0.2833	test_loss: 2.8881 test_accuracy: 0.3500	F1: 0.3301 Prec: 0.4700 Rec: 0.3500
train: {'epoch': 126, 'time_epoch': 1.82796, 'eta': 225.49478, 'eta_hours': 0.06264, 'loss': 0.38508805, 'lr': 0.00049372, 'params': 276757, 'time_iter': 0.01045, 'accuracy': 0.87419, 'f1': 0.87415, 'auc': 0.99587}
val: {'epoch': 126, 'time_epoch': 0.08288, 'loss': 4.25426876, 'lr': 0, 'params': 276757, 'time_iter': 0.00592, 'accuracy': 0.25952, 'f1': 0.22528, 'auc': 0.84214}
test: {'epoch': 126, 'time_epoch': 0.07237, 'loss': 3.55571704, 'lr': 0, 'params': 276757, 'time_iter': 0.00517, 'accuracy': 0.29524, 'f1': 0.24806, 'auc': 0.8961}
> Epoch 126: took 2.1s (avg 2.1s) | Best so far: epoch 90	train_loss: 0.5050 train_accuracy: 0.8349	val_loss: 3.2567 val_accuracy: 0.2833	test_loss: 2.8881 test_accuracy: 0.3500	F1: 0.3301 Prec: 0.4700 Rec: 0.3500
train: {'epoch': 127, 'time_epoch': 1.97427, 'eta': 223.79585, 'eta_hours': 0.06217, 'loss': 0.3742759, 'lr': 0.00048743, 'params': 276757, 'time_iter': 0.01128, 'accuracy': 0.87993, 'f1': 0.87987, 'auc': 0.99593}
val: {'epoch': 127, 'time_epoch': 0.08613, 'loss': 9.12443278, 'lr': 0, 'params': 276757, 'time_iter': 0.00615, 'accuracy': 0.12619, 'f1': 0.04206, 'auc': 0.77618}
test: {'epoch': 127, 'time_epoch': 0.12211, 'loss': 7.86953902, 'lr': 0, 'params': 276757, 'time_iter': 0.00872, 'accuracy': 0.13571, 'f1': 0.09524, 'auc': 0.79221}
> Epoch 127: took 2.3s (avg 2.1s) | Best so far: epoch 90	train_loss: 0.5050 train_accuracy: 0.8349	val_loss: 3.2567 val_accuracy: 0.2833	test_loss: 2.8881 test_accuracy: 0.3500	F1: 0.3301 Prec: 0.4700 Rec: 0.3500
train: {'epoch': 128, 'time_epoch': 1.8448, 'eta': 221.97123, 'eta_hours': 0.06166, 'loss': 0.40383453, 'lr': 0.00048115, 'params': 276757, 'time_iter': 0.01054, 'accuracy': 0.87025, 'f1': 0.87014, 'auc': 0.99541}
val: {'epoch': 128, 'time_epoch': 0.07073, 'loss': 4.02838806, 'lr': 0, 'params': 276757, 'time_iter': 0.00505, 'accuracy': 0.21905, 'f1': 0.1825, 'auc': 0.85462}
test: {'epoch': 128, 'time_epoch': 0.08295, 'loss': 3.62258228, 'lr': 0, 'params': 276757, 'time_iter': 0.00593, 'accuracy': 0.27619, 'f1': 0.24786, 'auc': 0.86752}
> Epoch 128: took 2.1s (avg 2.1s) | Best so far: epoch 90	train_loss: 0.5050 train_accuracy: 0.8349	val_loss: 3.2567 val_accuracy: 0.2833	test_loss: 2.8881 test_accuracy: 0.3500	F1: 0.3301 Prec: 0.4700 Rec: 0.3500
train: {'epoch': 129, 'time_epoch': 2.04553, 'eta': 220.33158, 'eta_hours': 0.0612, 'loss': 0.37952049, 'lr': 0.00047488, 'params': 276757, 'time_iter': 0.01169, 'accuracy': 0.87186, 'f1': 0.8718, 'auc': 0.99601}
val: {'epoch': 129, 'time_epoch': 0.06686, 'loss': 12.18832432, 'lr': 0, 'params': 276757, 'time_iter': 0.00478, 'accuracy': 0.09286, 'f1': 0.02251, 'auc': 0.74161}
test: {'epoch': 129, 'time_epoch': 0.0809, 'loss': 11.64952497, 'lr': 0, 'params': 276757, 'time_iter': 0.00578, 'accuracy': 0.08095, 'f1': 0.02446, 'auc': 0.72215}
> Epoch 129: took 2.3s (avg 2.1s) | Best so far: epoch 90	train_loss: 0.5050 train_accuracy: 0.8349	val_loss: 3.2567 val_accuracy: 0.2833	test_loss: 2.8881 test_accuracy: 0.3500	F1: 0.3301 Prec: 0.4700 Rec: 0.3500
train: {'epoch': 130, 'time_epoch': 1.81415, 'eta': 218.47555, 'eta_hours': 0.06069, 'loss': 0.36789995, 'lr': 0.0004686, 'params': 276757, 'time_iter': 0.01037, 'accuracy': 0.87814, 'f1': 0.87801, 'auc': 0.99626}
val: {'epoch': 130, 'time_epoch': 0.07572, 'loss': 6.47505069, 'lr': 0, 'params': 276757, 'time_iter': 0.00541, 'accuracy': 0.15, 'f1': 0.10147, 'auc': 0.78284}
test: {'epoch': 130, 'time_epoch': 0.08278, 'loss': 7.05319436, 'lr': 0, 'params': 276757, 'time_iter': 0.00591, 'accuracy': 0.15, 'f1': 0.12002, 'auc': 0.77869}
> Epoch 130: took 2.1s (avg 2.1s) | Best so far: epoch 90	train_loss: 0.5050 train_accuracy: 0.8349	val_loss: 3.2567 val_accuracy: 0.2833	test_loss: 2.8881 test_accuracy: 0.3500	F1: 0.3301 Prec: 0.4700 Rec: 0.3500
train: {'epoch': 131, 'time_epoch': 2.0707, 'eta': 216.84949, 'eta_hours': 0.06024, 'loss': 0.36990325, 'lr': 0.00046234, 'params': 276757, 'time_iter': 0.01183, 'accuracy': 0.87545, 'f1': 0.87528, 'auc': 0.99615}
val: {'epoch': 131, 'time_epoch': 0.06566, 'loss': 5.93031601, 'lr': 0, 'params': 276757, 'time_iter': 0.00469, 'accuracy': 0.15476, 'f1': 0.1086, 'auc': 0.81669}
test: {'epoch': 131, 'time_epoch': 0.13542, 'loss': 4.01563288, 'lr': 0, 'params': 276757, 'time_iter': 0.00967, 'accuracy': 0.25238, 'f1': 0.23194, 'auc': 0.8688}
> Epoch 131: took 2.3s (avg 2.1s) | Best so far: epoch 90	train_loss: 0.5050 train_accuracy: 0.8349	val_loss: 3.2567 val_accuracy: 0.2833	test_loss: 2.8881 test_accuracy: 0.3500	F1: 0.3301 Prec: 0.4700 Rec: 0.3500
train: {'epoch': 132, 'time_epoch': 1.89378, 'eta': 215.06111, 'eta_hours': 0.05974, 'loss': 0.34751769, 'lr': 0.00045607, 'params': 276757, 'time_iter': 0.01082, 'accuracy': 0.88244, 'f1': 0.88239, 'auc': 0.99667}
val: {'epoch': 132, 'time_epoch': 0.07163, 'loss': 9.23981923, 'lr': 0, 'params': 276757, 'time_iter': 0.00512, 'accuracy': 0.12619, 'f1': 0.04242, 'auc': 0.77032}
test: {'epoch': 132, 'time_epoch': 0.06234, 'loss': 7.67070487, 'lr': 0, 'params': 276757, 'time_iter': 0.00445, 'accuracy': 0.13571, 'f1': 0.08571, 'auc': 0.81693}
> Epoch 132: took 2.1s (avg 2.1s) | Best so far: epoch 90	train_loss: 0.5050 train_accuracy: 0.8349	val_loss: 3.2567 val_accuracy: 0.2833	test_loss: 2.8881 test_accuracy: 0.3500	F1: 0.3301 Prec: 0.4700 Rec: 0.3500
train: {'epoch': 133, 'time_epoch': 1.65908, 'eta': 213.06798, 'eta_hours': 0.05919, 'loss': 0.36436226, 'lr': 0.00044982, 'params': 276757, 'time_iter': 0.00948, 'accuracy': 0.88029, 'f1': 0.8803, 'auc': 0.99631}
val: {'epoch': 133, 'time_epoch': 0.0889, 'loss': 3.99155286, 'lr': 0, 'params': 276757, 'time_iter': 0.00635, 'accuracy': 0.26667, 'f1': 0.2231, 'auc': 0.87606}
test: {'epoch': 133, 'time_epoch': 0.09632, 'loss': 3.11401193, 'lr': 0, 'params': 276757, 'time_iter': 0.00688, 'accuracy': 0.39524, 'f1': 0.35239, 'auc': 0.89482}
> Epoch 133: took 2.0s (avg 2.1s) | Best so far: epoch 90	train_loss: 0.5050 train_accuracy: 0.8349	val_loss: 3.2567 val_accuracy: 0.2833	test_loss: 2.8881 test_accuracy: 0.3500	F1: 0.3301 Prec: 0.4700 Rec: 0.3500
train: {'epoch': 134, 'time_epoch': 1.78797, 'eta': 211.1896, 'eta_hours': 0.05866, 'loss': 0.37228529, 'lr': 0.00044357, 'params': 276757, 'time_iter': 0.01022, 'accuracy': 0.87814, 'f1': 0.87797, 'auc': 0.99605}
val: {'epoch': 134, 'time_epoch': 0.0693, 'loss': 3.09543978, 'lr': 0, 'params': 276757, 'time_iter': 0.00495, 'accuracy': 0.33571, 'f1': 0.30909, 'auc': 0.8893}
test: {'epoch': 134, 'time_epoch': 0.07533, 'loss': 2.66467394, 'lr': 0, 'params': 276757, 'time_iter': 0.00538, 'accuracy': 0.39048, 'f1': 0.37989, 'auc': 0.90416}
[*] Confusion Matrix saved to: results_lopo_none/NH_3m\Conf\confusion_matrix_epoch_134.png
> Epoch 134: took 2.0s (avg 2.1s) | Best so far: epoch 134	train_loss: 0.3723 train_accuracy: 0.8781	val_loss: 3.0954 val_accuracy: 0.3357	test_loss: 2.6647 test_accuracy: 0.3905	F1: 0.3799 Prec: 0.4584 Rec: 0.3905
train: {'epoch': 135, 'time_epoch': 1.80979, 'eta': 209.33084, 'eta_hours': 0.05815, 'loss': 0.34794037, 'lr': 0.00043733, 'params': 276757, 'time_iter': 0.01034, 'accuracy': 0.88638, 'f1': 0.8862, 'auc': 0.99667}
val: {'epoch': 135, 'time_epoch': 0.07881, 'loss': 6.41680822, 'lr': 0, 'params': 276757, 'time_iter': 0.00563, 'accuracy': 0.15, 'f1': 0.11167, 'auc': 0.81115}
test: {'epoch': 135, 'time_epoch': 0.06738, 'loss': 3.80347931, 'lr': 0, 'params': 276757, 'time_iter': 0.00481, 'accuracy': 0.26667, 'f1': 0.22126, 'auc': 0.89171}
> Epoch 135: took 2.0s (avg 2.1s) | Best so far: epoch 134	train_loss: 0.3723 train_accuracy: 0.8781	val_loss: 3.0954 val_accuracy: 0.3357	test_loss: 2.6647 test_accuracy: 0.3905	F1: 0.3799 Prec: 0.4584 Rec: 0.3905
train: {'epoch': 136, 'time_epoch': 1.68327, 'eta': 207.36843, 'eta_hours': 0.0576, 'loss': 0.37224433, 'lr': 0.0004311, 'params': 276757, 'time_iter': 0.00962, 'accuracy': 0.881, 'f1': 0.88094, 'auc': 0.99596}
val: {'epoch': 136, 'time_epoch': 0.0751, 'loss': 6.69806599, 'lr': 0, 'params': 276757, 'time_iter': 0.00536, 'accuracy': 0.15476, 'f1': 0.11888, 'auc': 0.79162}
test: {'epoch': 136, 'time_epoch': 0.0695, 'loss': 6.66650557, 'lr': 0, 'params': 276757, 'time_iter': 0.00496, 'accuracy': 0.16429, 'f1': 0.13989, 'auc': 0.82171}
> Epoch 136: took 1.9s (avg 2.1s) | Best so far: epoch 134	train_loss: 0.3723 train_accuracy: 0.8781	val_loss: 3.0954 val_accuracy: 0.3357	test_loss: 2.6647 test_accuracy: 0.3905	F1: 0.3799 Prec: 0.4584 Rec: 0.3905
train: {'epoch': 137, 'time_epoch': 1.80479, 'eta': 205.50869, 'eta_hours': 0.05709, 'loss': 0.36918644, 'lr': 0.00042489, 'params': 276757, 'time_iter': 0.01031, 'accuracy': 0.87437, 'f1': 0.87433, 'auc': 0.99612}
val: {'epoch': 137, 'time_epoch': 0.06599, 'loss': 3.05172662, 'lr': 0, 'params': 276757, 'time_iter': 0.00471, 'accuracy': 0.35, 'f1': 0.31697, 'auc': 0.89764}
test: {'epoch': 137, 'time_epoch': 0.09457, 'loss': 2.62217504, 'lr': 0, 'params': 276757, 'time_iter': 0.00675, 'accuracy': 0.36905, 'f1': 0.35469, 'auc': 0.90939}
[*] Confusion Matrix saved to: results_lopo_none/NH_3m\Conf\confusion_matrix_epoch_137.png
> Epoch 137: took 2.0s (avg 2.1s) | Best so far: epoch 137	train_loss: 0.3692 train_accuracy: 0.8744	val_loss: 3.0517 val_accuracy: 0.3500	test_loss: 2.6222 test_accuracy: 0.3690	F1: 0.3547 Prec: 0.4318 Rec: 0.3690
train: {'epoch': 138, 'time_epoch': 1.62366, 'eta': 203.5051, 'eta_hours': 0.05653, 'loss': 0.33846809, 'lr': 0.00041868, 'params': 276757, 'time_iter': 0.00928, 'accuracy': 0.89194, 'f1': 0.89181, 'auc': 0.99677}
val: {'epoch': 138, 'time_epoch': 0.06368, 'loss': 5.05018148, 'lr': 0, 'params': 276757, 'time_iter': 0.00455, 'accuracy': 0.29524, 'f1': 0.21146, 'auc': 0.85284}
test: {'epoch': 138, 'time_epoch': 0.05996, 'loss': 4.69865269, 'lr': 0, 'params': 276757, 'time_iter': 0.00428, 'accuracy': 0.29524, 'f1': 0.24787, 'auc': 0.88576}
> Epoch 138: took 1.8s (avg 2.1s) | Best so far: epoch 137	train_loss: 0.3692 train_accuracy: 0.8744	val_loss: 3.0517 val_accuracy: 0.3500	test_loss: 2.6222 test_accuracy: 0.3690	F1: 0.3547 Prec: 0.4318 Rec: 0.3690
train: {'epoch': 139, 'time_epoch': 1.80948, 'eta': 201.65295, 'eta_hours': 0.05601, 'loss': 0.35346157, 'lr': 0.00041249, 'params': 276757, 'time_iter': 0.01034, 'accuracy': 0.881, 'f1': 0.88097, 'auc': 0.99654}
val: {'epoch': 139, 'time_epoch': 0.06397, 'loss': 6.29379081, 'lr': 0, 'params': 276757, 'time_iter': 0.00457, 'accuracy': 0.20238, 'f1': 0.15341, 'auc': 0.82891}
test: {'epoch': 139, 'time_epoch': 0.10366, 'loss': 5.11025592, 'lr': 0, 'params': 276757, 'time_iter': 0.0074, 'accuracy': 0.2381, 'f1': 0.1888, 'auc': 0.86502}
> Epoch 139: took 2.1s (avg 2.1s) | Best so far: epoch 137	train_loss: 0.3692 train_accuracy: 0.8744	val_loss: 3.0517 val_accuracy: 0.3500	test_loss: 2.6222 test_accuracy: 0.3690	F1: 0.3547 Prec: 0.4318 Rec: 0.3690
train: {'epoch': 140, 'time_epoch': 1.65252, 'eta': 199.68006, 'eta_hours': 0.05547, 'loss': 0.36687957, 'lr': 0.00040631, 'params': 276757, 'time_iter': 0.00944, 'accuracy': 0.8819, 'f1': 0.88163, 'auc': 0.99615}
val: {'epoch': 140, 'time_epoch': 0.08677, 'loss': 4.65995464, 'lr': 0, 'params': 276757, 'time_iter': 0.0062, 'accuracy': 0.24524, 'f1': 0.20595, 'auc': 0.8573}
test: {'epoch': 140, 'time_epoch': 0.07812, 'loss': 4.05591486, 'lr': 0, 'params': 276757, 'time_iter': 0.00558, 'accuracy': 0.29524, 'f1': 0.26515, 'auc': 0.88458}
> Epoch 140: took 1.9s (avg 2.1s) | Best so far: epoch 137	train_loss: 0.3692 train_accuracy: 0.8744	val_loss: 3.0517 val_accuracy: 0.3500	test_loss: 2.6222 test_accuracy: 0.3690	F1: 0.3547 Prec: 0.4318 Rec: 0.3690
train: {'epoch': 141, 'time_epoch': 1.69225, 'eta': 197.7419, 'eta_hours': 0.05493, 'loss': 0.32654862, 'lr': 0.00040015, 'params': 276757, 'time_iter': 0.00967, 'accuracy': 0.8905, 'f1': 0.89046, 'auc': 0.99712}
val: {'epoch': 141, 'time_epoch': 0.07041, 'loss': 5.79643058, 'lr': 0, 'params': 276757, 'time_iter': 0.00503, 'accuracy': 0.21429, 'f1': 0.12246, 'auc': 0.85607}
test: {'epoch': 141, 'time_epoch': 0.0712, 'loss': 5.06827689, 'lr': 0, 'params': 276757, 'time_iter': 0.00509, 'accuracy': 0.24048, 'f1': 0.17291, 'auc': 0.85212}
> Epoch 141: took 1.9s (avg 2.1s) | Best so far: epoch 137	train_loss: 0.3692 train_accuracy: 0.8744	val_loss: 3.0517 val_accuracy: 0.3500	test_loss: 2.6222 test_accuracy: 0.3690	F1: 0.3547 Prec: 0.4318 Rec: 0.3690
train: {'epoch': 142, 'time_epoch': 1.77934, 'eta': 195.87235, 'eta_hours': 0.05441, 'loss': 0.3445331, 'lr': 0.000394, 'params': 276757, 'time_iter': 0.01017, 'accuracy': 0.88244, 'f1': 0.88229, 'auc': 0.99671}
val: {'epoch': 142, 'time_epoch': 0.1058, 'loss': 7.5300638, 'lr': 0, 'params': 276757, 'time_iter': 0.00756, 'accuracy': 0.16667, 'f1': 0.09233, 'auc': 0.81856}
test: {'epoch': 142, 'time_epoch': 0.09432, 'loss': 5.86144662, 'lr': 0, 'params': 276757, 'time_iter': 0.00674, 'accuracy': 0.17619, 'f1': 0.13793, 'auc': 0.84304}
> Epoch 142: took 2.1s (avg 2.1s) | Best so far: epoch 137	train_loss: 0.3692 train_accuracy: 0.8744	val_loss: 3.0517 val_accuracy: 0.3500	test_loss: 2.6222 test_accuracy: 0.3690	F1: 0.3547 Prec: 0.4318 Rec: 0.3690
train: {'epoch': 143, 'time_epoch': 1.73684, 'eta': 193.97276, 'eta_hours': 0.05388, 'loss': 0.34236108, 'lr': 0.00038786, 'params': 276757, 'time_iter': 0.00992, 'accuracy': 0.88889, 'f1': 0.88882, 'auc': 0.99673}
val: {'epoch': 143, 'time_epoch': 0.06566, 'loss': 5.85704688, 'lr': 0, 'params': 276757, 'time_iter': 0.00469, 'accuracy': 0.14762, 'f1': 0.08752, 'auc': 0.84633}
test: {'epoch': 143, 'time_epoch': 0.06911, 'loss': 4.01385492, 'lr': 0, 'params': 276757, 'time_iter': 0.00494, 'accuracy': 0.27857, 'f1': 0.24597, 'auc': 0.88008}
> Epoch 143: took 1.9s (avg 2.1s) | Best so far: epoch 137	train_loss: 0.3692 train_accuracy: 0.8744	val_loss: 3.0517 val_accuracy: 0.3500	test_loss: 2.6222 test_accuracy: 0.3690	F1: 0.3547 Prec: 0.4318 Rec: 0.3690
train: {'epoch': 144, 'time_epoch': 1.83839, 'eta': 192.14895, 'eta_hours': 0.05337, 'loss': 0.34407871, 'lr': 0.00038175, 'params': 276757, 'time_iter': 0.01051, 'accuracy': 0.89122, 'f1': 0.89115, 'auc': 0.99645}
val: {'epoch': 144, 'time_epoch': 0.06985, 'loss': 3.69346256, 'lr': 0, 'params': 276757, 'time_iter': 0.00499, 'accuracy': 0.2881, 'f1': 0.25833, 'auc': 0.86103}
test: {'epoch': 144, 'time_epoch': 0.07402, 'loss': 3.30833149, 'lr': 0, 'params': 276757, 'time_iter': 0.00529, 'accuracy': 0.3381, 'f1': 0.30869, 'auc': 0.90026}
> Epoch 144: took 2.1s (avg 2.1s) | Best so far: epoch 137	train_loss: 0.3692 train_accuracy: 0.8744	val_loss: 3.0517 val_accuracy: 0.3500	test_loss: 2.6222 test_accuracy: 0.3690	F1: 0.3547 Prec: 0.4318 Rec: 0.3690
train: {'epoch': 145, 'time_epoch': 1.78704, 'eta': 190.28837, 'eta_hours': 0.05286, 'loss': 0.3366837, 'lr': 0.00037566, 'params': 276757, 'time_iter': 0.01021, 'accuracy': 0.88889, 'f1': 0.88892, 'auc': 0.99688}
val: {'epoch': 145, 'time_epoch': 0.06873, 'loss': 4.64078301, 'lr': 0, 'params': 276757, 'time_iter': 0.00491, 'accuracy': 0.25476, 'f1': 0.21202, 'auc': 0.84833}
test: {'epoch': 145, 'time_epoch': 0.06403, 'loss': 3.67319852, 'lr': 0, 'params': 276757, 'time_iter': 0.00457, 'accuracy': 0.34286, 'f1': 0.27385, 'auc': 0.89636}
> Epoch 145: took 2.0s (avg 2.1s) | Best so far: epoch 137	train_loss: 0.3692 train_accuracy: 0.8744	val_loss: 3.0517 val_accuracy: 0.3500	test_loss: 2.6222 test_accuracy: 0.3690	F1: 0.3547 Prec: 0.4318 Rec: 0.3690
train: {'epoch': 146, 'time_epoch': 1.78156, 'eta': 188.42495, 'eta_hours': 0.05234, 'loss': 0.33562788, 'lr': 0.00036958, 'params': 276757, 'time_iter': 0.01018, 'accuracy': 0.88763, 'f1': 0.8876, 'auc': 0.99685}
val: {'epoch': 146, 'time_epoch': 0.09261, 'loss': 3.09901992, 'lr': 0, 'params': 276757, 'time_iter': 0.00662, 'accuracy': 0.33333, 'f1': 0.29774, 'auc': 0.89251}
test: {'epoch': 146, 'time_epoch': 0.06766, 'loss': 2.7173501, 'lr': 0, 'params': 276757, 'time_iter': 0.00483, 'accuracy': 0.38571, 'f1': 0.3611, 'auc': 0.92154}
> Epoch 146: took 2.0s (avg 2.1s) | Best so far: epoch 137	train_loss: 0.3692 train_accuracy: 0.8744	val_loss: 3.0517 val_accuracy: 0.3500	test_loss: 2.6222 test_accuracy: 0.3690	F1: 0.3547 Prec: 0.4318 Rec: 0.3690
train: {'epoch': 147, 'time_epoch': 2.06197, 'eta': 186.75588, 'eta_hours': 0.05188, 'loss': 0.30890354, 'lr': 0.00036352, 'params': 276757, 'time_iter': 0.01178, 'accuracy': 0.90054, 'f1': 0.90047, 'auc': 0.99736}
val: {'epoch': 147, 'time_epoch': 0.07286, 'loss': 3.32726939, 'lr': 0, 'params': 276757, 'time_iter': 0.0052, 'accuracy': 0.29286, 'f1': 0.24322, 'auc': 0.89174}
test: {'epoch': 147, 'time_epoch': 0.09075, 'loss': 2.19190447, 'lr': 0, 'params': 276757, 'time_iter': 0.00648, 'accuracy': 0.47857, 'f1': 0.46338, 'auc': 0.92766}
> Epoch 147: took 2.3s (avg 2.1s) | Best so far: epoch 137	train_loss: 0.3692 train_accuracy: 0.8744	val_loss: 3.0517 val_accuracy: 0.3500	test_loss: 2.6222 test_accuracy: 0.3690	F1: 0.3547 Prec: 0.4318 Rec: 0.3690
train: {'epoch': 148, 'time_epoch': 1.90721, 'eta': 184.97664, 'eta_hours': 0.05138, 'loss': 0.3136238, 'lr': 0.00035749, 'params': 276757, 'time_iter': 0.0109, 'accuracy': 0.89606, 'f1': 0.89602, 'auc': 0.99728}
val: {'epoch': 148, 'time_epoch': 0.06928, 'loss': 3.36587629, 'lr': 0, 'params': 276757, 'time_iter': 0.00495, 'accuracy': 0.30714, 'f1': 0.24999, 'auc': 0.90117}
test: {'epoch': 148, 'time_epoch': 0.06896, 'loss': 2.16467345, 'lr': 0, 'params': 276757, 'time_iter': 0.00493, 'accuracy': 0.47857, 'f1': 0.46931, 'auc': 0.92774}
> Epoch 148: took 2.1s (avg 2.1s) | Best so far: epoch 137	train_loss: 0.3692 train_accuracy: 0.8744	val_loss: 3.0517 val_accuracy: 0.3500	test_loss: 2.6222 test_accuracy: 0.3690	F1: 0.3547 Prec: 0.4318 Rec: 0.3690
train: {'epoch': 149, 'time_epoch': 1.90506, 'eta': 183.19426, 'eta_hours': 0.05089, 'loss': 0.33379955, 'lr': 0.00035148, 'params': 276757, 'time_iter': 0.01089, 'accuracy': 0.89265, 'f1': 0.89259, 'auc': 0.99666}
val: {'epoch': 149, 'time_epoch': 0.07754, 'loss': 5.98532781, 'lr': 0, 'params': 276757, 'time_iter': 0.00554, 'accuracy': 0.18095, 'f1': 0.13542, 'auc': 0.82564}
test: {'epoch': 149, 'time_epoch': 0.07903, 'loss': 4.77282079, 'lr': 0, 'params': 276757, 'time_iter': 0.00565, 'accuracy': 0.25238, 'f1': 0.21502, 'auc': 0.87293}
> Epoch 149: took 2.1s (avg 2.1s) | Best so far: epoch 137	train_loss: 0.3692 train_accuracy: 0.8744	val_loss: 3.0517 val_accuracy: 0.3500	test_loss: 2.6222 test_accuracy: 0.3690	F1: 0.3547 Prec: 0.4318 Rec: 0.3690
train: {'epoch': 150, 'time_epoch': 1.89605, 'eta': 181.40435, 'eta_hours': 0.05039, 'loss': 0.33740701, 'lr': 0.00034549, 'params': 276757, 'time_iter': 0.01083, 'accuracy': 0.89928, 'f1': 0.89923, 'auc': 0.99667}
val: {'epoch': 150, 'time_epoch': 0.08187, 'loss': 4.69413958, 'lr': 0, 'params': 276757, 'time_iter': 0.00585, 'accuracy': 0.27381, 'f1': 0.26904, 'auc': 0.84193}
test: {'epoch': 150, 'time_epoch': 0.07793, 'loss': 3.30560951, 'lr': 0, 'params': 276757, 'time_iter': 0.00557, 'accuracy': 0.35, 'f1': 0.31022, 'auc': 0.90677}
> Epoch 150: took 2.1s (avg 2.1s) | Best so far: epoch 137	train_loss: 0.3692 train_accuracy: 0.8744	val_loss: 3.0517 val_accuracy: 0.3500	test_loss: 2.6222 test_accuracy: 0.3690	F1: 0.3547 Prec: 0.4318 Rec: 0.3690
train: {'epoch': 151, 'time_epoch': 1.80734, 'eta': 179.55584, 'eta_hours': 0.04988, 'loss': 0.31647768, 'lr': 0.00033953, 'params': 276757, 'time_iter': 0.01033, 'accuracy': 0.89427, 'f1': 0.89425, 'auc': 0.99724}
val: {'epoch': 151, 'time_epoch': 0.0662, 'loss': 2.71801368, 'lr': 0, 'params': 276757, 'time_iter': 0.00473, 'accuracy': 0.39286, 'f1': 0.35741, 'auc': 0.91638}
test: {'epoch': 151, 'time_epoch': 0.07137, 'loss': 1.81507863, 'lr': 0, 'params': 276757, 'time_iter': 0.0051, 'accuracy': 0.55, 'f1': 0.5217, 'auc': 0.94107}
[*] Confusion Matrix saved to: results_lopo_none/NH_3m\Conf\confusion_matrix_epoch_151.png
> Epoch 151: took 2.0s (avg 2.1s) | Best so far: epoch 151	train_loss: 0.3165 train_accuracy: 0.8943	val_loss: 2.7180 val_accuracy: 0.3929	test_loss: 1.8151 test_accuracy: 0.5500	F1: 0.5217 Prec: 0.5688 Rec: 0.5500
train: {'epoch': 152, 'time_epoch': 1.93934, 'eta': 177.79156, 'eta_hours': 0.04939, 'loss': 0.32354908, 'lr': 0.00033359, 'params': 276757, 'time_iter': 0.01108, 'accuracy': 0.89677, 'f1': 0.89674, 'auc': 0.99688}
val: {'epoch': 152, 'time_epoch': 0.10714, 'loss': 4.36332083, 'lr': 0, 'params': 276757, 'time_iter': 0.00765, 'accuracy': 0.25238, 'f1': 0.19883, 'auc': 0.85726}
test: {'epoch': 152, 'time_epoch': 0.12994, 'loss': 3.94282251, 'lr': 0, 'params': 276757, 'time_iter': 0.00928, 'accuracy': 0.28333, 'f1': 0.23141, 'auc': 0.90384}
> Epoch 152: took 2.3s (avg 2.1s) | Best so far: epoch 151	train_loss: 0.3165 train_accuracy: 0.8943	val_loss: 2.7180 val_accuracy: 0.3929	test_loss: 1.8151 test_accuracy: 0.5500	F1: 0.5217 Prec: 0.5688 Rec: 0.5500
train: {'epoch': 153, 'time_epoch': 1.80967, 'eta': 175.94418, 'eta_hours': 0.04887, 'loss': 0.31556148, 'lr': 0.00032768, 'params': 276757, 'time_iter': 0.01034, 'accuracy': 0.89534, 'f1': 0.89528, 'auc': 0.99726}
val: {'epoch': 153, 'time_epoch': 0.08569, 'loss': 3.49470943, 'lr': 0, 'params': 276757, 'time_iter': 0.00612, 'accuracy': 0.30714, 'f1': 0.24971, 'auc': 0.90458}
test: {'epoch': 153, 'time_epoch': 0.07383, 'loss': 1.95523221, 'lr': 0, 'params': 276757, 'time_iter': 0.00527, 'accuracy': 0.49524, 'f1': 0.48231, 'auc': 0.94103}
> Epoch 153: took 2.0s (avg 2.1s) | Best so far: epoch 151	train_loss: 0.3165 train_accuracy: 0.8943	val_loss: 2.7180 val_accuracy: 0.3929	test_loss: 1.8151 test_accuracy: 0.5500	F1: 0.5217 Prec: 0.5688 Rec: 0.5500
train: {'epoch': 154, 'time_epoch': 1.72675, 'eta': 174.04646, 'eta_hours': 0.04835, 'loss': 0.30907374, 'lr': 0.00032179, 'params': 276757, 'time_iter': 0.00987, 'accuracy': 0.89373, 'f1': 0.89361, 'auc': 0.99736}
val: {'epoch': 154, 'time_epoch': 0.07261, 'loss': 3.0386356, 'lr': 0, 'params': 276757, 'time_iter': 0.00519, 'accuracy': 0.31905, 'f1': 0.28101, 'auc': 0.90916}
test: {'epoch': 154, 'time_epoch': 0.06873, 'loss': 2.60892736, 'lr': 0, 'params': 276757, 'time_iter': 0.00491, 'accuracy': 0.41429, 'f1': 0.40023, 'auc': 0.91715}
> Epoch 154: took 2.0s (avg 2.1s) | Best so far: epoch 151	train_loss: 0.3165 train_accuracy: 0.8943	val_loss: 2.7180 val_accuracy: 0.3929	test_loss: 1.8151 test_accuracy: 0.5500	F1: 0.5217 Prec: 0.5688 Rec: 0.5500
train: {'epoch': 155, 'time_epoch': 1.80394, 'eta': 172.19744, 'eta_hours': 0.04783, 'loss': 0.29927522, 'lr': 0.00031594, 'params': 276757, 'time_iter': 0.01031, 'accuracy': 0.89875, 'f1': 0.89867, 'auc': 0.99752}
val: {'epoch': 155, 'time_epoch': 0.07322, 'loss': 3.76580043, 'lr': 0, 'params': 276757, 'time_iter': 0.00523, 'accuracy': 0.30952, 'f1': 0.2372, 'auc': 0.90158}
test: {'epoch': 155, 'time_epoch': 0.07313, 'loss': 3.05265421, 'lr': 0, 'params': 276757, 'time_iter': 0.00522, 'accuracy': 0.35476, 'f1': 0.31247, 'auc': 0.91399}
> Epoch 155: took 2.0s (avg 2.1s) | Best so far: epoch 151	train_loss: 0.3165 train_accuracy: 0.8943	val_loss: 2.7180 val_accuracy: 0.3929	test_loss: 1.8151 test_accuracy: 0.5500	F1: 0.5217 Prec: 0.5688 Rec: 0.5500
train: {'epoch': 156, 'time_epoch': 2.62419, 'eta': 170.83488, 'eta_hours': 0.04745, 'loss': 0.28183621, 'lr': 0.00031011, 'params': 276757, 'time_iter': 0.015, 'accuracy': 0.90753, 'f1': 0.90752, 'auc': 0.99777}
val: {'epoch': 156, 'time_epoch': 0.0671, 'loss': 3.57877402, 'lr': 0, 'params': 276757, 'time_iter': 0.00479, 'accuracy': 0.26667, 'f1': 0.22304, 'auc': 0.87099}
test: {'epoch': 156, 'time_epoch': 0.07509, 'loss': 3.91386683, 'lr': 0, 'params': 276757, 'time_iter': 0.00536, 'accuracy': 0.27143, 'f1': 0.24092, 'auc': 0.88307}
> Epoch 156: took 2.9s (avg 2.1s) | Best so far: epoch 151	train_loss: 0.3165 train_accuracy: 0.8943	val_loss: 2.7180 val_accuracy: 0.3929	test_loss: 1.8151 test_accuracy: 0.5500	F1: 0.5217 Prec: 0.5688 Rec: 0.5500
train: {'epoch': 157, 'time_epoch': 1.88546, 'eta': 169.0262, 'eta_hours': 0.04695, 'loss': 0.29800658, 'lr': 0.00030431, 'params': 276757, 'time_iter': 0.01077, 'accuracy': 0.90197, 'f1': 0.90193, 'auc': 0.99752}
val: {'epoch': 157, 'time_epoch': 0.10189, 'loss': 5.36830234, 'lr': 0, 'params': 276757, 'time_iter': 0.00728, 'accuracy': 0.26667, 'f1': 0.22594, 'auc': 0.84556}
test: {'epoch': 157, 'time_epoch': 0.075, 'loss': 4.321926, 'lr': 0, 'params': 276757, 'time_iter': 0.00536, 'accuracy': 0.25238, 'f1': 0.18248, 'auc': 0.89195}
> Epoch 157: took 2.1s (avg 2.1s) | Best so far: epoch 151	train_loss: 0.3165 train_accuracy: 0.8943	val_loss: 2.7180 val_accuracy: 0.3929	test_loss: 1.8151 test_accuracy: 0.5500	F1: 0.5217 Prec: 0.5688 Rec: 0.5500
train: {'epoch': 158, 'time_epoch': 1.69571, 'eta': 167.10796, 'eta_hours': 0.04642, 'loss': 0.29889582, 'lr': 0.00029855, 'params': 276757, 'time_iter': 0.00969, 'accuracy': 0.90394, 'f1': 0.9039, 'auc': 0.99751}
val: {'epoch': 158, 'time_epoch': 0.07449, 'loss': 3.63632474, 'lr': 0, 'params': 276757, 'time_iter': 0.00532, 'accuracy': 0.30952, 'f1': 0.27291, 'auc': 0.90891}
test: {'epoch': 158, 'time_epoch': 0.06808, 'loss': 1.75365716, 'lr': 0, 'params': 276757, 'time_iter': 0.00486, 'accuracy': 0.5381, 'f1': 0.53431, 'auc': 0.94602}
> Epoch 158: took 1.9s (avg 2.1s) | Best so far: epoch 151	train_loss: 0.3165 train_accuracy: 0.8943	val_loss: 2.7180 val_accuracy: 0.3929	test_loss: 1.8151 test_accuracy: 0.5500	F1: 0.5217 Prec: 0.5688 Rec: 0.5500
train: {'epoch': 159, 'time_epoch': 1.75187, 'eta': 165.22408, 'eta_hours': 0.0459, 'loss': 0.27429743, 'lr': 0.00029281, 'params': 276757, 'time_iter': 0.01001, 'accuracy': 0.91201, 'f1': 0.91193, 'auc': 0.99792}
val: {'epoch': 159, 'time_epoch': 0.06663, 'loss': 2.38833964, 'lr': 0, 'params': 276757, 'time_iter': 0.00476, 'accuracy': 0.3881, 'f1': 0.36514, 'auc': 0.92624}
test: {'epoch': 159, 'time_epoch': 0.06688, 'loss': 1.72462913, 'lr': 0, 'params': 276757, 'time_iter': 0.00478, 'accuracy': 0.5119, 'f1': 0.51792, 'auc': 0.94197}
> Epoch 159: took 2.0s (avg 2.1s) | Best so far: epoch 151	train_loss: 0.3165 train_accuracy: 0.8943	val_loss: 2.7180 val_accuracy: 0.3929	test_loss: 1.8151 test_accuracy: 0.5500	F1: 0.5217 Prec: 0.5688 Rec: 0.5500
train: {'epoch': 160, 'time_epoch': 1.76356, 'eta': 163.34832, 'eta_hours': 0.04537, 'loss': 0.30713215, 'lr': 0.00028711, 'params': 276757, 'time_iter': 0.01008, 'accuracy': 0.89982, 'f1': 0.89982, 'auc': 0.99732}
val: {'epoch': 160, 'time_epoch': 0.06479, 'loss': 3.44138885, 'lr': 0, 'params': 276757, 'time_iter': 0.00463, 'accuracy': 0.3, 'f1': 0.26502, 'auc': 0.89629}
test: {'epoch': 160, 'time_epoch': 0.06611, 'loss': 2.64898461, 'lr': 0, 'params': 276757, 'time_iter': 0.00472, 'accuracy': 0.40714, 'f1': 0.37947, 'auc': 0.92449}
> Epoch 160: took 2.0s (avg 2.1s) | Best so far: epoch 151	train_loss: 0.3165 train_accuracy: 0.8943	val_loss: 2.7180 val_accuracy: 0.3929	test_loss: 1.8151 test_accuracy: 0.5500	F1: 0.5217 Prec: 0.5688 Rec: 0.5500
train: {'epoch': 161, 'time_epoch': 1.61767, 'eta': 161.39468, 'eta_hours': 0.04483, 'loss': 0.27785818, 'lr': 0.00028144, 'params': 276757, 'time_iter': 0.00924, 'accuracy': 0.91111, 'f1': 0.91109, 'auc': 0.99783}
val: {'epoch': 161, 'time_epoch': 0.08254, 'loss': 4.31523422, 'lr': 0, 'params': 276757, 'time_iter': 0.0059, 'accuracy': 0.27381, 'f1': 0.23379, 'auc': 0.86639}
test: {'epoch': 161, 'time_epoch': 0.06304, 'loss': 2.51443564, 'lr': 0, 'params': 276757, 'time_iter': 0.0045, 'accuracy': 0.40476, 'f1': 0.37528, 'auc': 0.9298}
> Epoch 161: took 1.9s (avg 2.1s) | Best so far: epoch 151	train_loss: 0.3165 train_accuracy: 0.8943	val_loss: 2.7180 val_accuracy: 0.3929	test_loss: 1.8151 test_accuracy: 0.5500	F1: 0.5217 Prec: 0.5688 Rec: 0.5500
train: {'epoch': 162, 'time_epoch': 1.7056, 'eta': 159.4921, 'eta_hours': 0.0443, 'loss': 0.29522936, 'lr': 0.00027581, 'params': 276757, 'time_iter': 0.00975, 'accuracy': 0.90394, 'f1': 0.90397, 'auc': 0.99755}
val: {'epoch': 162, 'time_epoch': 0.07243, 'loss': 5.22546288, 'lr': 0, 'params': 276757, 'time_iter': 0.00517, 'accuracy': 0.17857, 'f1': 0.12131, 'auc': 0.86241}
test: {'epoch': 162, 'time_epoch': 0.0667, 'loss': 4.11212493, 'lr': 0, 'params': 276757, 'time_iter': 0.00476, 'accuracy': 0.30238, 'f1': 0.25793, 'auc': 0.89061}
> Epoch 162: took 1.9s (avg 2.1s) | Best so far: epoch 151	train_loss: 0.3165 train_accuracy: 0.8943	val_loss: 2.7180 val_accuracy: 0.3929	test_loss: 1.8151 test_accuracy: 0.5500	F1: 0.5217 Prec: 0.5688 Rec: 0.5500
train: {'epoch': 163, 'time_epoch': 1.6326, 'eta': 157.55364, 'eta_hours': 0.04376, 'loss': 0.28405033, 'lr': 0.00027021, 'params': 276757, 'time_iter': 0.00933, 'accuracy': 0.90771, 'f1': 0.90769, 'auc': 0.99771}
val: {'epoch': 163, 'time_epoch': 0.09154, 'loss': 3.95050853, 'lr': 0, 'params': 276757, 'time_iter': 0.00654, 'accuracy': 0.30476, 'f1': 0.25639, 'auc': 0.87524}
test: {'epoch': 163, 'time_epoch': 0.06679, 'loss': 2.36801757, 'lr': 0, 'params': 276757, 'time_iter': 0.00477, 'accuracy': 0.43333, 'f1': 0.4196, 'auc': 0.92803}
> Epoch 163: took 1.9s (avg 2.1s) | Best so far: epoch 151	train_loss: 0.3165 train_accuracy: 0.8943	val_loss: 2.7180 val_accuracy: 0.3929	test_loss: 1.8151 test_accuracy: 0.5500	F1: 0.5217 Prec: 0.5688 Rec: 0.5500
train: {'epoch': 164, 'time_epoch': 1.73381, 'eta': 155.67103, 'eta_hours': 0.04324, 'loss': 0.28387614, 'lr': 0.00026465, 'params': 276757, 'time_iter': 0.00991, 'accuracy': 0.9095, 'f1': 0.90945, 'auc': 0.99769}
val: {'epoch': 164, 'time_epoch': 0.06914, 'loss': 3.21477666, 'lr': 0, 'params': 276757, 'time_iter': 0.00494, 'accuracy': 0.34286, 'f1': 0.30872, 'auc': 0.90144}
test: {'epoch': 164, 'time_epoch': 0.0745, 'loss': 2.50122076, 'lr': 0, 'params': 276757, 'time_iter': 0.00532, 'accuracy': 0.43095, 'f1': 0.40341, 'auc': 0.92504}
> Epoch 164: took 1.9s (avg 2.1s) | Best so far: epoch 151	train_loss: 0.3165 train_accuracy: 0.8943	val_loss: 2.7180 val_accuracy: 0.3929	test_loss: 1.8151 test_accuracy: 0.5500	F1: 0.5217 Prec: 0.5688 Rec: 0.5500
train: {'epoch': 165, 'time_epoch': 1.88798, 'eta': 153.86822, 'eta_hours': 0.04274, 'loss': 0.27427111, 'lr': 0.00025912, 'params': 276757, 'time_iter': 0.01079, 'accuracy': 0.90538, 'f1': 0.90533, 'auc': 0.99797}
val: {'epoch': 165, 'time_epoch': 0.13811, 'loss': 5.61470371, 'lr': 0, 'params': 276757, 'time_iter': 0.00986, 'accuracy': 0.19286, 'f1': 0.14123, 'auc': 0.86601}
test: {'epoch': 165, 'time_epoch': 0.10012, 'loss': 3.78023326, 'lr': 0, 'params': 276757, 'time_iter': 0.00715, 'accuracy': 0.28333, 'f1': 0.27242, 'auc': 0.87882}
> Epoch 165: took 2.2s (avg 2.1s) | Best so far: epoch 151	train_loss: 0.3165 train_accuracy: 0.8943	val_loss: 2.7180 val_accuracy: 0.3929	test_loss: 1.8151 test_accuracy: 0.5500	F1: 0.5217 Prec: 0.5688 Rec: 0.5500
train: {'epoch': 166, 'time_epoch': 1.93009, 'eta': 152.08533, 'eta_hours': 0.04225, 'loss': 0.28984785, 'lr': 0.00025364, 'params': 276757, 'time_iter': 0.01103, 'accuracy': 0.90448, 'f1': 0.90442, 'auc': 0.99768}
val: {'epoch': 166, 'time_epoch': 0.07561, 'loss': 4.19744732, 'lr': 0, 'params': 276757, 'time_iter': 0.0054, 'accuracy': 0.23333, 'f1': 0.17862, 'auc': 0.8755}
test: {'epoch': 166, 'time_epoch': 0.08243, 'loss': 3.77734234, 'lr': 0, 'params': 276757, 'time_iter': 0.00589, 'accuracy': 0.30238, 'f1': 0.24828, 'auc': 0.88964}
> Epoch 166: took 2.2s (avg 2.1s) | Best so far: epoch 151	train_loss: 0.3165 train_accuracy: 0.8943	val_loss: 2.7180 val_accuracy: 0.3929	test_loss: 1.8151 test_accuracy: 0.5500	F1: 0.5217 Prec: 0.5688 Rec: 0.5500
train: {'epoch': 167, 'time_epoch': 2.11102, 'eta': 150.38899, 'eta_hours': 0.04177, 'loss': 0.27243667, 'lr': 0.00024819, 'params': 276757, 'time_iter': 0.01206, 'accuracy': 0.91057, 'f1': 0.91058, 'auc': 0.99781}
val: {'epoch': 167, 'time_epoch': 0.07079, 'loss': 2.84568111, 'lr': 0, 'params': 276757, 'time_iter': 0.00506, 'accuracy': 0.3381, 'f1': 0.30627, 'auc': 0.92311}
test: {'epoch': 167, 'time_epoch': 0.06705, 'loss': 2.15095425, 'lr': 0, 'params': 276757, 'time_iter': 0.00479, 'accuracy': 0.49762, 'f1': 0.47821, 'auc': 0.93761}
> Epoch 167: took 2.3s (avg 2.1s) | Best so far: epoch 151	train_loss: 0.3165 train_accuracy: 0.8943	val_loss: 2.7180 val_accuracy: 0.3929	test_loss: 1.8151 test_accuracy: 0.5500	F1: 0.5217 Prec: 0.5688 Rec: 0.5500
train: {'epoch': 168, 'time_epoch': 1.83313, 'eta': 148.55456, 'eta_hours': 0.04127, 'loss': 0.29890715, 'lr': 0.00024278, 'params': 276757, 'time_iter': 0.01048, 'accuracy': 0.90036, 'f1': 0.90022, 'auc': 0.9973}
val: {'epoch': 168, 'time_epoch': 0.09676, 'loss': 4.36421036, 'lr': 0, 'params': 276757, 'time_iter': 0.00691, 'accuracy': 0.3, 'f1': 0.25185, 'auc': 0.86595}
test: {'epoch': 168, 'time_epoch': 0.08349, 'loss': 3.03805749, 'lr': 0, 'params': 276757, 'time_iter': 0.00596, 'accuracy': 0.35952, 'f1': 0.32594, 'auc': 0.91692}
> Epoch 168: took 2.1s (avg 2.1s) | Best so far: epoch 151	train_loss: 0.3165 train_accuracy: 0.8943	val_loss: 2.7180 val_accuracy: 0.3929	test_loss: 1.8151 test_accuracy: 0.5500	F1: 0.5217 Prec: 0.5688 Rec: 0.5500
train: {'epoch': 169, 'time_epoch': 1.81125, 'eta': 146.70984, 'eta_hours': 0.04075, 'loss': 0.27558176, 'lr': 0.00023741, 'params': 276757, 'time_iter': 0.01035, 'accuracy': 0.90789, 'f1': 0.90776, 'auc': 0.99786}
val: {'epoch': 169, 'time_epoch': 0.07163, 'loss': 3.31173991, 'lr': 0, 'params': 276757, 'time_iter': 0.00512, 'accuracy': 0.34762, 'f1': 0.30807, 'auc': 0.90462}
test: {'epoch': 169, 'time_epoch': 0.07682, 'loss': 2.19312487, 'lr': 0, 'params': 276757, 'time_iter': 0.00549, 'accuracy': 0.49524, 'f1': 0.46881, 'auc': 0.93727}
> Epoch 169: took 2.1s (avg 2.1s) | Best so far: epoch 151	train_loss: 0.3165 train_accuracy: 0.8943	val_loss: 2.7180 val_accuracy: 0.3929	test_loss: 1.8151 test_accuracy: 0.5500	F1: 0.5217 Prec: 0.5688 Rec: 0.5500
train: {'epoch': 170, 'time_epoch': 1.69656, 'eta': 144.81254, 'eta_hours': 0.04023, 'loss': 0.26788072, 'lr': 0.00023209, 'params': 276757, 'time_iter': 0.00969, 'accuracy': 0.91685, 'f1': 0.91683, 'auc': 0.99795}
val: {'epoch': 170, 'time_epoch': 0.0685, 'loss': 2.73240985, 'lr': 0, 'params': 276757, 'time_iter': 0.00489, 'accuracy': 0.39762, 'f1': 0.37731, 'auc': 0.92317}
test: {'epoch': 170, 'time_epoch': 0.0948, 'loss': 1.67405456, 'lr': 0, 'params': 276757, 'time_iter': 0.00677, 'accuracy': 0.55952, 'f1': 0.54256, 'auc': 0.95469}
[*] Confusion Matrix saved to: results_lopo_none/NH_3m\Conf\confusion_matrix_epoch_170.png
> Epoch 170: took 1.9s (avg 2.1s) | Best so far: epoch 170	train_loss: 0.2679 train_accuracy: 0.9169	val_loss: 2.7324 val_accuracy: 0.3976	test_loss: 1.6741 test_accuracy: 0.5595	F1: 0.5426 Prec: 0.5972 Rec: 0.5595
train: {'epoch': 171, 'time_epoch': 1.71659, 'eta': 142.92664, 'eta_hours': 0.0397, 'loss': 0.26959018, 'lr': 0.0002268, 'params': 276757, 'time_iter': 0.00981, 'accuracy': 0.91004, 'f1': 0.91002, 'auc': 0.99805}
val: {'epoch': 171, 'time_epoch': 0.08416, 'loss': 2.80010893, 'lr': 0, 'params': 276757, 'time_iter': 0.00601, 'accuracy': 0.40476, 'f1': 0.35939, 'auc': 0.92946}
test: {'epoch': 171, 'time_epoch': 0.10677, 'loss': 1.66456321, 'lr': 0, 'params': 276757, 'time_iter': 0.00763, 'accuracy': 0.58333, 'f1': 0.56498, 'auc': 0.95361}
[*] Confusion Matrix saved to: results_lopo_none/NH_3m\Conf\confusion_matrix_epoch_171.png
> Epoch 171: took 2.0s (avg 2.1s) | Best so far: epoch 171	train_loss: 0.2696 train_accuracy: 0.9100	val_loss: 2.8001 val_accuracy: 0.4048	test_loss: 1.6646 test_accuracy: 0.5833	F1: 0.5650 Prec: 0.6053 Rec: 0.5833
train: {'epoch': 172, 'time_epoch': 1.82905, 'eta': 141.09276, 'eta_hours': 0.03919, 'loss': 0.25577929, 'lr': 0.00022156, 'params': 276757, 'time_iter': 0.01045, 'accuracy': 0.91738, 'f1': 0.91727, 'auc': 0.99816}
val: {'epoch': 172, 'time_epoch': 0.05846, 'loss': 2.84133756, 'lr': 0, 'params': 276757, 'time_iter': 0.00418, 'accuracy': 0.39762, 'f1': 0.35813, 'auc': 0.92546}
test: {'epoch': 172, 'time_epoch': 0.08633, 'loss': 1.715749, 'lr': 0, 'params': 276757, 'time_iter': 0.00617, 'accuracy': 0.57143, 'f1': 0.55324, 'auc': 0.95298}
> Epoch 172: took 2.1s (avg 2.1s) | Best so far: epoch 171	train_loss: 0.2696 train_accuracy: 0.9100	val_loss: 2.8001 val_accuracy: 0.4048	test_loss: 1.6646 test_accuracy: 0.5833	F1: 0.5650 Prec: 0.6053 Rec: 0.5833
train: {'epoch': 173, 'time_epoch': 1.62742, 'eta': 139.17087, 'eta_hours': 0.03866, 'loss': 0.25959393, 'lr': 0.00021637, 'params': 276757, 'time_iter': 0.0093, 'accuracy': 0.91022, 'f1': 0.91017, 'auc': 0.99813}
val: {'epoch': 173, 'time_epoch': 0.0774, 'loss': 2.54686324, 'lr': 0, 'params': 276757, 'time_iter': 0.00553, 'accuracy': 0.41905, 'f1': 0.38031, 'auc': 0.93023}
test: {'epoch': 173, 'time_epoch': 0.06579, 'loss': 1.3898225, 'lr': 0, 'params': 276757, 'time_iter': 0.0047, 'accuracy': 0.59762, 'f1': 0.58507, 'auc': 0.96258}
[*] Confusion Matrix saved to: results_lopo_none/NH_3m\Conf\confusion_matrix_epoch_173.png
> Epoch 173: took 1.8s (avg 2.1s) | Best so far: epoch 173	train_loss: 0.2596 train_accuracy: 0.9102	val_loss: 2.5469 val_accuracy: 0.4190	test_loss: 1.3898 test_accuracy: 0.5976	F1: 0.5851 Prec: 0.5995 Rec: 0.5976
train: {'epoch': 174, 'time_epoch': 1.7397, 'eta': 137.30046, 'eta_hours': 0.03814, 'loss': 0.26195017, 'lr': 0.00021121, 'params': 276757, 'time_iter': 0.00994, 'accuracy': 0.90968, 'f1': 0.90968, 'auc': 0.99815}
val: {'epoch': 174, 'time_epoch': 0.06686, 'loss': 3.39530343, 'lr': 0, 'params': 276757, 'time_iter': 0.00478, 'accuracy': 0.30952, 'f1': 0.27563, 'auc': 0.90427}
test: {'epoch': 174, 'time_epoch': 0.06512, 'loss': 2.57983788, 'lr': 0, 'params': 276757, 'time_iter': 0.00465, 'accuracy': 0.45, 'f1': 0.44324, 'auc': 0.92212}
> Epoch 174: took 2.0s (avg 2.1s) | Best so far: epoch 173	train_loss: 0.2596 train_accuracy: 0.9102	val_loss: 2.5469 val_accuracy: 0.4190	test_loss: 1.3898 test_accuracy: 0.5976	F1: 0.5851 Prec: 0.5995 Rec: 0.5976
train: {'epoch': 175, 'time_epoch': 1.72439, 'eta': 135.4251, 'eta_hours': 0.03762, 'loss': 0.26598176, 'lr': 0.00020611, 'params': 276757, 'time_iter': 0.00985, 'accuracy': 0.91147, 'f1': 0.9114, 'auc': 0.998}
val: {'epoch': 175, 'time_epoch': 0.0652, 'loss': 3.61618834, 'lr': 0, 'params': 276757, 'time_iter': 0.00466, 'accuracy': 0.34048, 'f1': 0.29556, 'auc': 0.89361}
test: {'epoch': 175, 'time_epoch': 0.06382, 'loss': 2.5401972, 'lr': 0, 'params': 276757, 'time_iter': 0.00456, 'accuracy': 0.40238, 'f1': 0.3923, 'auc': 0.92446}
> Epoch 175: took 1.9s (avg 2.1s) | Best so far: epoch 173	train_loss: 0.2596 train_accuracy: 0.9102	val_loss: 2.5469 val_accuracy: 0.4190	test_loss: 1.3898 test_accuracy: 0.5976	F1: 0.5851 Prec: 0.5995 Rec: 0.5976
train: {'epoch': 176, 'time_epoch': 1.5373, 'eta': 133.47429, 'eta_hours': 0.03708, 'loss': 0.25054338, 'lr': 0.00020105, 'params': 276757, 'time_iter': 0.00878, 'accuracy': 0.919, 'f1': 0.91895, 'auc': 0.99821}
val: {'epoch': 176, 'time_epoch': 0.10425, 'loss': 4.34073558, 'lr': 0, 'params': 276757, 'time_iter': 0.00745, 'accuracy': 0.30952, 'f1': 0.23446, 'auc': 0.88128}
test: {'epoch': 176, 'time_epoch': 0.06438, 'loss': 2.80259272, 'lr': 0, 'params': 276757, 'time_iter': 0.0046, 'accuracy': 0.40238, 'f1': 0.38736, 'auc': 0.92855}
> Epoch 176: took 1.8s (avg 2.1s) | Best so far: epoch 173	train_loss: 0.2596 train_accuracy: 0.9102	val_loss: 2.5469 val_accuracy: 0.4190	test_loss: 1.3898 test_accuracy: 0.5976	F1: 0.5851 Prec: 0.5995 Rec: 0.5976
train: {'epoch': 177, 'time_epoch': 1.81766, 'eta': 131.64152, 'eta_hours': 0.03657, 'loss': 0.26075985, 'lr': 0.00019603, 'params': 276757, 'time_iter': 0.01039, 'accuracy': 0.9138, 'f1': 0.9138, 'auc': 0.99802}
val: {'epoch': 177, 'time_epoch': 0.10175, 'loss': 3.53788828, 'lr': 0, 'params': 276757, 'time_iter': 0.00727, 'accuracy': 0.33095, 'f1': 0.28951, 'auc': 0.88926}
test: {'epoch': 177, 'time_epoch': 0.08246, 'loss': 2.19788897, 'lr': 0, 'params': 276757, 'time_iter': 0.00589, 'accuracy': 0.4881, 'f1': 0.46799, 'auc': 0.93855}
> Epoch 177: took 2.1s (avg 2.1s) | Best so far: epoch 173	train_loss: 0.2596 train_accuracy: 0.9102	val_loss: 2.5469 val_accuracy: 0.4190	test_loss: 1.3898 test_accuracy: 0.5976	F1: 0.5851 Prec: 0.5995 Rec: 0.5976
train: {'epoch': 178, 'time_epoch': 1.58835, 'eta': 129.71797, 'eta_hours': 0.03603, 'loss': 0.26565035, 'lr': 0.00019107, 'params': 276757, 'time_iter': 0.00908, 'accuracy': 0.91559, 'f1': 0.91555, 'auc': 0.99795}
val: {'epoch': 178, 'time_epoch': 0.07134, 'loss': 2.72465845, 'lr': 0, 'params': 276757, 'time_iter': 0.0051, 'accuracy': 0.41667, 'f1': 0.39095, 'auc': 0.92588}
test: {'epoch': 178, 'time_epoch': 0.06817, 'loss': 1.75297772, 'lr': 0, 'params': 276757, 'time_iter': 0.00487, 'accuracy': 0.53571, 'f1': 0.52801, 'auc': 0.95026}
> Epoch 178: took 1.8s (avg 2.1s) | Best so far: epoch 173	train_loss: 0.2596 train_accuracy: 0.9102	val_loss: 2.5469 val_accuracy: 0.4190	test_loss: 1.3898 test_accuracy: 0.5976	F1: 0.5851 Prec: 0.5995 Rec: 0.5976
train: {'epoch': 179, 'time_epoch': 1.71853, 'eta': 127.84876, 'eta_hours': 0.03551, 'loss': 0.2463404, 'lr': 0.00018615, 'params': 276757, 'time_iter': 0.00982, 'accuracy': 0.92043, 'f1': 0.92036, 'auc': 0.99836}
val: {'epoch': 179, 'time_epoch': 0.08294, 'loss': 2.31247229, 'lr': 0, 'params': 276757, 'time_iter': 0.00592, 'accuracy': 0.43095, 'f1': 0.39966, 'auc': 0.93502}
test: {'epoch': 179, 'time_epoch': 0.06927, 'loss': 1.61283341, 'lr': 0, 'params': 276757, 'time_iter': 0.00495, 'accuracy': 0.56905, 'f1': 0.55138, 'auc': 0.95626}
[*] Confusion Matrix saved to: results_lopo_none/NH_3m\Conf\confusion_matrix_epoch_179.png
> Epoch 179: took 1.9s (avg 2.1s) | Best so far: epoch 179	train_loss: 0.2463 train_accuracy: 0.9204	val_loss: 2.3125 val_accuracy: 0.4309	test_loss: 1.6128 test_accuracy: 0.5690	F1: 0.5514 Prec: 0.6279 Rec: 0.5690
train: {'epoch': 180, 'time_epoch': 1.76104, 'eta': 125.99743, 'eta_hours': 0.035, 'loss': 0.2639578, 'lr': 0.00018129, 'params': 276757, 'time_iter': 0.01006, 'accuracy': 0.91631, 'f1': 0.91629, 'auc': 0.99795}
val: {'epoch': 180, 'time_epoch': 0.10491, 'loss': 3.25278117, 'lr': 0, 'params': 276757, 'time_iter': 0.00749, 'accuracy': 0.29524, 'f1': 0.2483, 'auc': 0.89761}
test: {'epoch': 180, 'time_epoch': 0.06886, 'loss': 2.45473077, 'lr': 0, 'params': 276757, 'time_iter': 0.00492, 'accuracy': 0.47857, 'f1': 0.4613, 'auc': 0.9228}
> Epoch 180: took 2.0s (avg 2.1s) | Best so far: epoch 179	train_loss: 0.2463 train_accuracy: 0.9204	val_loss: 2.3125 val_accuracy: 0.4309	test_loss: 1.6128 test_accuracy: 0.5690	F1: 0.5514 Prec: 0.6279 Rec: 0.5690
train: {'epoch': 181, 'time_epoch': 1.59582, 'eta': 124.08536, 'eta_hours': 0.03447, 'loss': 0.24083897, 'lr': 0.00017647, 'params': 276757, 'time_iter': 0.00912, 'accuracy': 0.92186, 'f1': 0.92186, 'auc': 0.99832}
val: {'epoch': 181, 'time_epoch': 0.06607, 'loss': 3.37108295, 'lr': 0, 'params': 276757, 'time_iter': 0.00472, 'accuracy': 0.32143, 'f1': 0.28554, 'auc': 0.9026}
test: {'epoch': 181, 'time_epoch': 0.08165, 'loss': 2.58369517, 'lr': 0, 'params': 276757, 'time_iter': 0.00583, 'accuracy': 0.41667, 'f1': 0.41049, 'auc': 0.92267}
> Epoch 181: took 1.8s (avg 2.1s) | Best so far: epoch 179	train_loss: 0.2463 train_accuracy: 0.9204	val_loss: 2.3125 val_accuracy: 0.4309	test_loss: 1.6128 test_accuracy: 0.5690	F1: 0.5514 Prec: 0.6279 Rec: 0.5690
train: {'epoch': 182, 'time_epoch': 1.75044, 'eta': 122.23336, 'eta_hours': 0.03395, 'loss': 0.24070973, 'lr': 0.00017171, 'params': 276757, 'time_iter': 0.01, 'accuracy': 0.92204, 'f1': 0.92206, 'auc': 0.99838}
val: {'epoch': 182, 'time_epoch': 0.07117, 'loss': 2.79159313, 'lr': 0, 'params': 276757, 'time_iter': 0.00508, 'accuracy': 0.3881, 'f1': 0.34743, 'auc': 0.92225}
test: {'epoch': 182, 'time_epoch': 0.0868, 'loss': 1.65101377, 'lr': 0, 'params': 276757, 'time_iter': 0.0062, 'accuracy': 0.55714, 'f1': 0.54868, 'auc': 0.95642}
> Epoch 182: took 2.0s (avg 2.1s) | Best so far: epoch 179	train_loss: 0.2463 train_accuracy: 0.9204	val_loss: 2.3125 val_accuracy: 0.4309	test_loss: 1.6128 test_accuracy: 0.5690	F1: 0.5514 Prec: 0.6279 Rec: 0.5690
train: {'epoch': 183, 'time_epoch': 1.91064, 'eta': 120.43992, 'eta_hours': 0.03346, 'loss': 0.2455593, 'lr': 0.00016699, 'params': 276757, 'time_iter': 0.01092, 'accuracy': 0.92545, 'f1': 0.92539, 'auc': 0.99829}
val: {'epoch': 183, 'time_epoch': 0.0665, 'loss': 2.77522704, 'lr': 0, 'params': 276757, 'time_iter': 0.00475, 'accuracy': 0.39762, 'f1': 0.37657, 'auc': 0.91861}
test: {'epoch': 183, 'time_epoch': 0.08396, 'loss': 1.61615183, 'lr': 0, 'params': 276757, 'time_iter': 0.006, 'accuracy': 0.58571, 'f1': 0.58316, 'auc': 0.95529}
> Epoch 183: took 2.2s (avg 2.1s) | Best so far: epoch 179	train_loss: 0.2463 train_accuracy: 0.9204	val_loss: 2.3125 val_accuracy: 0.4309	test_loss: 1.6128 test_accuracy: 0.5690	F1: 0.5514 Prec: 0.6279 Rec: 0.5690
train: {'epoch': 184, 'time_epoch': 1.97672, 'eta': 118.66844, 'eta_hours': 0.03296, 'loss': 0.24380444, 'lr': 0.00016233, 'params': 276757, 'time_iter': 0.0113, 'accuracy': 0.92061, 'f1': 0.92054, 'auc': 0.99829}
val: {'epoch': 184, 'time_epoch': 0.08476, 'loss': 3.38867728, 'lr': 0, 'params': 276757, 'time_iter': 0.00605, 'accuracy': 0.35952, 'f1': 0.32601, 'auc': 0.90417}
test: {'epoch': 184, 'time_epoch': 0.10036, 'loss': 1.80456926, 'lr': 0, 'params': 276757, 'time_iter': 0.00717, 'accuracy': 0.53095, 'f1': 0.51841, 'auc': 0.95026}
> Epoch 184: took 2.2s (avg 2.1s) | Best so far: epoch 179	train_loss: 0.2463 train_accuracy: 0.9204	val_loss: 2.3125 val_accuracy: 0.4309	test_loss: 1.6128 test_accuracy: 0.5690	F1: 0.5514 Prec: 0.6279 Rec: 0.5690
train: {'epoch': 185, 'time_epoch': 2.25735, 'eta': 116.9913, 'eta_hours': 0.0325, 'loss': 0.22859373, 'lr': 0.00015773, 'params': 276757, 'time_iter': 0.0129, 'accuracy': 0.92688, 'f1': 0.92688, 'auc': 0.99856}
val: {'epoch': 185, 'time_epoch': 0.10842, 'loss': 2.67544399, 'lr': 0, 'params': 276757, 'time_iter': 0.00774, 'accuracy': 0.39524, 'f1': 0.36057, 'auc': 0.9295}
test: {'epoch': 185, 'time_epoch': 0.07484, 'loss': 1.58084552, 'lr': 0, 'params': 276757, 'time_iter': 0.00535, 'accuracy': 0.57143, 'f1': 0.56222, 'auc': 0.95417}
> Epoch 185: took 2.5s (avg 2.1s) | Best so far: epoch 179	train_loss: 0.2463 train_accuracy: 0.9204	val_loss: 2.3125 val_accuracy: 0.4309	test_loss: 1.6128 test_accuracy: 0.5690	F1: 0.5514 Prec: 0.6279 Rec: 0.5690
train: {'epoch': 186, 'time_epoch': 1.63816, 'eta': 115.09936, 'eta_hours': 0.03197, 'loss': 0.25169777, 'lr': 0.00015317, 'params': 276757, 'time_iter': 0.00936, 'accuracy': 0.91918, 'f1': 0.91911, 'auc': 0.99812}
val: {'epoch': 186, 'time_epoch': 0.07904, 'loss': 2.21053787, 'lr': 0, 'params': 276757, 'time_iter': 0.00565, 'accuracy': 0.46429, 'f1': 0.43671, 'auc': 0.94353}
test: {'epoch': 186, 'time_epoch': 0.07291, 'loss': 1.68480668, 'lr': 0, 'params': 276757, 'time_iter': 0.00521, 'accuracy': 0.5619, 'f1': 0.54335, 'auc': 0.95604}
[*] Confusion Matrix saved to: results_lopo_none/NH_3m\Conf\confusion_matrix_epoch_186.png
> Epoch 186: took 1.9s (avg 2.1s) | Best so far: epoch 186	train_loss: 0.2517 train_accuracy: 0.9192	val_loss: 2.2105 val_accuracy: 0.4643	test_loss: 1.6848 test_accuracy: 0.5619	F1: 0.5434 Prec: 0.5900 Rec: 0.5619
train: {'epoch': 187, 'time_epoch': 1.75797, 'eta': 113.24963, 'eta_hours': 0.03146, 'loss': 0.23206749, 'lr': 0.00014868, 'params': 276757, 'time_iter': 0.01005, 'accuracy': 0.9267, 'f1': 0.92668, 'auc': 0.99848}
val: {'epoch': 187, 'time_epoch': 0.09838, 'loss': 2.59822376, 'lr': 0, 'params': 276757, 'time_iter': 0.00703, 'accuracy': 0.39762, 'f1': 0.36025, 'auc': 0.92901}
test: {'epoch': 187, 'time_epoch': 0.07071, 'loss': 1.715263, 'lr': 0, 'params': 276757, 'time_iter': 0.00505, 'accuracy': 0.57619, 'f1': 0.5646, 'auc': 0.95315}
> Epoch 187: took 2.0s (avg 2.1s) | Best so far: epoch 186	train_loss: 0.2517 train_accuracy: 0.9192	val_loss: 2.2105 val_accuracy: 0.4643	test_loss: 1.6848 test_accuracy: 0.5619	F1: 0.5434 Prec: 0.5900 Rec: 0.5619
train: {'epoch': 188, 'time_epoch': 1.72197, 'eta': 111.38925, 'eta_hours': 0.03094, 'loss': 0.2461481, 'lr': 0.00014423, 'params': 276757, 'time_iter': 0.00984, 'accuracy': 0.91971, 'f1': 0.91971, 'auc': 0.99831}
val: {'epoch': 188, 'time_epoch': 0.0621, 'loss': 2.69169203, 'lr': 0, 'params': 276757, 'time_iter': 0.00444, 'accuracy': 0.39286, 'f1': 0.35716, 'auc': 0.92835}
test: {'epoch': 188, 'time_epoch': 0.06636, 'loss': 1.50345851, 'lr': 0, 'params': 276757, 'time_iter': 0.00474, 'accuracy': 0.57857, 'f1': 0.56495, 'auc': 0.9612}
> Epoch 188: took 1.9s (avg 2.1s) | Best so far: epoch 186	train_loss: 0.2517 train_accuracy: 0.9192	val_loss: 2.2105 val_accuracy: 0.4643	test_loss: 1.6848 test_accuracy: 0.5619	F1: 0.5434 Prec: 0.5900 Rec: 0.5619
train: {'epoch': 189, 'time_epoch': 1.60314, 'eta': 109.49281, 'eta_hours': 0.03041, 'loss': 0.23193121, 'lr': 0.00013985, 'params': 276757, 'time_iter': 0.00916, 'accuracy': 0.92706, 'f1': 0.92704, 'auc': 0.99845}
val: {'epoch': 189, 'time_epoch': 0.06546, 'loss': 2.62075644, 'lr': 0, 'params': 276757, 'time_iter': 0.00468, 'accuracy': 0.41667, 'f1': 0.36956, 'auc': 0.93167}
test: {'epoch': 189, 'time_epoch': 0.06849, 'loss': 1.56196932, 'lr': 0, 'params': 276757, 'time_iter': 0.00489, 'accuracy': 0.59286, 'f1': 0.57846, 'auc': 0.96024}
> Epoch 189: took 1.8s (avg 2.1s) | Best so far: epoch 186	train_loss: 0.2517 train_accuracy: 0.9192	val_loss: 2.2105 val_accuracy: 0.4643	test_loss: 1.6848 test_accuracy: 0.5619	F1: 0.5434 Prec: 0.5900 Rec: 0.5619
train: {'epoch': 190, 'time_epoch': 1.76248, 'eta': 107.64865, 'eta_hours': 0.0299, 'loss': 0.24421303, 'lr': 0.00013552, 'params': 276757, 'time_iter': 0.01007, 'accuracy': 0.92294, 'f1': 0.92291, 'auc': 0.99815}
val: {'epoch': 190, 'time_epoch': 0.08198, 'loss': 2.48083626, 'lr': 0, 'params': 276757, 'time_iter': 0.00586, 'accuracy': 0.41429, 'f1': 0.40426, 'auc': 0.9291}
test: {'epoch': 190, 'time_epoch': 0.09445, 'loss': 1.86034852, 'lr': 0, 'params': 276757, 'time_iter': 0.00675, 'accuracy': 0.53095, 'f1': 0.51883, 'auc': 0.9461}
> Epoch 190: took 2.0s (avg 2.1s) | Best so far: epoch 186	train_loss: 0.2517 train_accuracy: 0.9192	val_loss: 2.2105 val_accuracy: 0.4643	test_loss: 1.6848 test_accuracy: 0.5619	F1: 0.5434 Prec: 0.5900 Rec: 0.5619
train: {'epoch': 191, 'time_epoch': 1.76632, 'eta': 105.8065, 'eta_hours': 0.02939, 'loss': 0.2122383, 'lr': 0.00013124, 'params': 276757, 'time_iter': 0.01009, 'accuracy': 0.93244, 'f1': 0.93242, 'auc': 0.99876}
val: {'epoch': 191, 'time_epoch': 0.06768, 'loss': 2.27327105, 'lr': 0, 'params': 276757, 'time_iter': 0.00483, 'accuracy': 0.45238, 'f1': 0.42327, 'auc': 0.94083}
test: {'epoch': 191, 'time_epoch': 0.09863, 'loss': 1.65194328, 'lr': 0, 'params': 276757, 'time_iter': 0.00704, 'accuracy': 0.55, 'f1': 0.53969, 'auc': 0.95746}
> Epoch 191: took 2.0s (avg 2.1s) | Best so far: epoch 186	train_loss: 0.2517 train_accuracy: 0.9192	val_loss: 2.2105 val_accuracy: 0.4643	test_loss: 1.6848 test_accuracy: 0.5619	F1: 0.5434 Prec: 0.5900 Rec: 0.5619
train: {'epoch': 192, 'time_epoch': 1.85791, 'eta': 103.9922, 'eta_hours': 0.02889, 'loss': 0.23728285, 'lr': 0.00012703, 'params': 276757, 'time_iter': 0.01062, 'accuracy': 0.92348, 'f1': 0.92343, 'auc': 0.99839}
val: {'epoch': 192, 'time_epoch': 0.08101, 'loss': 2.60759516, 'lr': 0, 'params': 276757, 'time_iter': 0.00579, 'accuracy': 0.44286, 'f1': 0.41128, 'auc': 0.93479}
test: {'epoch': 192, 'time_epoch': 0.08972, 'loss': 1.37259256, 'lr': 0, 'params': 276757, 'time_iter': 0.00641, 'accuracy': 0.61667, 'f1': 0.60383, 'auc': 0.96671}
> Epoch 192: took 2.1s (avg 2.1s) | Best so far: epoch 186	train_loss: 0.2517 train_accuracy: 0.9192	val_loss: 2.2105 val_accuracy: 0.4643	test_loss: 1.6848 test_accuracy: 0.5619	F1: 0.5434 Prec: 0.5900 Rec: 0.5619
train: {'epoch': 193, 'time_epoch': 1.78032, 'eta': 102.15504, 'eta_hours': 0.02838, 'loss': 0.24798387, 'lr': 0.00012287, 'params': 276757, 'time_iter': 0.01017, 'accuracy': 0.91792, 'f1': 0.91786, 'auc': 0.99828}
val: {'epoch': 193, 'time_epoch': 0.0678, 'loss': 2.78971579, 'lr': 0, 'params': 276757, 'time_iter': 0.00484, 'accuracy': 0.39286, 'f1': 0.36474, 'auc': 0.9218}
test: {'epoch': 193, 'time_epoch': 0.06986, 'loss': 2.19793824, 'lr': 0, 'params': 276757, 'time_iter': 0.00499, 'accuracy': 0.50714, 'f1': 0.47084, 'auc': 0.94096}
> Epoch 193: took 2.0s (avg 2.1s) | Best so far: epoch 186	train_loss: 0.2517 train_accuracy: 0.9192	val_loss: 2.2105 val_accuracy: 0.4643	test_loss: 1.6848 test_accuracy: 0.5619	F1: 0.5434 Prec: 0.5900 Rec: 0.5619
train: {'epoch': 194, 'time_epoch': 1.7339, 'eta': 100.30537, 'eta_hours': 0.02786, 'loss': 0.23739499, 'lr': 0.00011878, 'params': 276757, 'time_iter': 0.00991, 'accuracy': 0.92079, 'f1': 0.92077, 'auc': 0.99842}
val: {'epoch': 194, 'time_epoch': 0.06545, 'loss': 2.63069673, 'lr': 0, 'params': 276757, 'time_iter': 0.00467, 'accuracy': 0.4119, 'f1': 0.38948, 'auc': 0.9287}
test: {'epoch': 194, 'time_epoch': 0.10345, 'loss': 1.52693545, 'lr': 0, 'params': 276757, 'time_iter': 0.00739, 'accuracy': 0.60714, 'f1': 0.59925, 'auc': 0.96031}
> Epoch 194: took 2.0s (avg 2.1s) | Best so far: epoch 186	train_loss: 0.2517 train_accuracy: 0.9192	val_loss: 2.2105 val_accuracy: 0.4643	test_loss: 1.6848 test_accuracy: 0.5619	F1: 0.5434 Prec: 0.5900 Rec: 0.5619
train: {'epoch': 195, 'time_epoch': 1.78924, 'eta': 98.47214, 'eta_hours': 0.02735, 'loss': 0.23432954, 'lr': 0.00011474, 'params': 276757, 'time_iter': 0.01022, 'accuracy': 0.92509, 'f1': 0.92505, 'auc': 0.99844}
val: {'epoch': 195, 'time_epoch': 0.06915, 'loss': 2.7512824, 'lr': 0, 'params': 276757, 'time_iter': 0.00494, 'accuracy': 0.41905, 'f1': 0.38755, 'auc': 0.92634}
test: {'epoch': 195, 'time_epoch': 0.06142, 'loss': 1.55307414, 'lr': 0, 'params': 276757, 'time_iter': 0.00439, 'accuracy': 0.57857, 'f1': 0.56698, 'auc': 0.96241}
> Epoch 195: took 2.0s (avg 2.1s) | Best so far: epoch 186	train_loss: 0.2517 train_accuracy: 0.9192	val_loss: 2.2105 val_accuracy: 0.4643	test_loss: 1.6848 test_accuracy: 0.5619	F1: 0.5434 Prec: 0.5900 Rec: 0.5619
train: {'epoch': 196, 'time_epoch': 1.63287, 'eta': 96.59727, 'eta_hours': 0.02683, 'loss': 0.22544814, 'lr': 0.00011077, 'params': 276757, 'time_iter': 0.00933, 'accuracy': 0.92742, 'f1': 0.92738, 'auc': 0.99852}
val: {'epoch': 196, 'time_epoch': 0.06964, 'loss': 2.73720261, 'lr': 0, 'params': 276757, 'time_iter': 0.00497, 'accuracy': 0.39524, 'f1': 0.36696, 'auc': 0.92631}
test: {'epoch': 196, 'time_epoch': 0.06152, 'loss': 1.4940343, 'lr': 0, 'params': 276757, 'time_iter': 0.00439, 'accuracy': 0.57143, 'f1': 0.56049, 'auc': 0.96158}
> Epoch 196: took 1.8s (avg 2.1s) | Best so far: epoch 186	train_loss: 0.2517 train_accuracy: 0.9192	val_loss: 2.2105 val_accuracy: 0.4643	test_loss: 1.6848 test_accuracy: 0.5619	F1: 0.5434 Prec: 0.5900 Rec: 0.5619
train: {'epoch': 197, 'time_epoch': 1.70761, 'eta': 94.74449, 'eta_hours': 0.02632, 'loss': 0.22540423, 'lr': 0.00010686, 'params': 276757, 'time_iter': 0.00976, 'accuracy': 0.92616, 'f1': 0.92609, 'auc': 0.99861}
val: {'epoch': 197, 'time_epoch': 0.06892, 'loss': 2.60519359, 'lr': 0, 'params': 276757, 'time_iter': 0.00492, 'accuracy': 0.42619, 'f1': 0.40305, 'auc': 0.92877}
test: {'epoch': 197, 'time_epoch': 0.06647, 'loss': 1.55150479, 'lr': 0, 'params': 276757, 'time_iter': 0.00475, 'accuracy': 0.59524, 'f1': 0.57689, 'auc': 0.96101}
> Epoch 197: took 1.9s (avg 2.1s) | Best so far: epoch 186	train_loss: 0.2517 train_accuracy: 0.9192	val_loss: 2.2105 val_accuracy: 0.4643	test_loss: 1.6848 test_accuracy: 0.5619	F1: 0.5434 Prec: 0.5900 Rec: 0.5619
train: {'epoch': 198, 'time_epoch': 1.66662, 'eta': 92.88265, 'eta_hours': 0.0258, 'loss': 0.21371986, 'lr': 0.000103, 'params': 276757, 'time_iter': 0.00952, 'accuracy': 0.92975, 'f1': 0.92971, 'auc': 0.99872}
val: {'epoch': 198, 'time_epoch': 0.08327, 'loss': 2.32429529, 'lr': 0, 'params': 276757, 'time_iter': 0.00595, 'accuracy': 0.43095, 'f1': 0.4095, 'auc': 0.93771}
test: {'epoch': 198, 'time_epoch': 0.09413, 'loss': 1.41831212, 'lr': 0, 'params': 276757, 'time_iter': 0.00672, 'accuracy': 0.59524, 'f1': 0.58302, 'auc': 0.96577}
> Epoch 198: took 1.9s (avg 2.1s) | Best so far: epoch 186	train_loss: 0.2517 train_accuracy: 0.9192	val_loss: 2.2105 val_accuracy: 0.4643	test_loss: 1.6848 test_accuracy: 0.5619	F1: 0.5434 Prec: 0.5900 Rec: 0.5619
train: {'epoch': 199, 'time_epoch': 1.53857, 'eta': 90.99076, 'eta_hours': 0.02528, 'loss': 0.22164576, 'lr': 9.922e-05, 'params': 276757, 'time_iter': 0.00879, 'accuracy': 0.92993, 'f1': 0.92985, 'auc': 0.99861}
val: {'epoch': 199, 'time_epoch': 0.06701, 'loss': 2.71094262, 'lr': 0, 'params': 276757, 'time_iter': 0.00479, 'accuracy': 0.41429, 'f1': 0.38306, 'auc': 0.9242}
test: {'epoch': 199, 'time_epoch': 0.06753, 'loss': 1.54388479, 'lr': 0, 'params': 276757, 'time_iter': 0.00482, 'accuracy': 0.57857, 'f1': 0.56626, 'auc': 0.96126}
> Epoch 199: took 1.8s (avg 2.1s) | Best so far: epoch 186	train_loss: 0.2517 train_accuracy: 0.9192	val_loss: 2.2105 val_accuracy: 0.4643	test_loss: 1.6848 test_accuracy: 0.5619	F1: 0.5434 Prec: 0.5900 Rec: 0.5619
train: {'epoch': 200, 'time_epoch': 1.79305, 'eta': 89.16442, 'eta_hours': 0.02477, 'loss': 0.21428432, 'lr': 9.549e-05, 'params': 276757, 'time_iter': 0.01025, 'accuracy': 0.93154, 'f1': 0.93151, 'auc': 0.99868}
val: {'epoch': 200, 'time_epoch': 0.10466, 'loss': 2.5318293, 'lr': 0, 'params': 276757, 'time_iter': 0.00748, 'accuracy': 0.45714, 'f1': 0.42707, 'auc': 0.93246}
test: {'epoch': 200, 'time_epoch': 0.10642, 'loss': 1.50697884, 'lr': 0, 'params': 276757, 'time_iter': 0.0076, 'accuracy': 0.60714, 'f1': 0.59384, 'auc': 0.96385}
> Epoch 200: took 2.1s (avg 2.1s) | Best so far: epoch 186	train_loss: 0.2517 train_accuracy: 0.9192	val_loss: 2.2105 val_accuracy: 0.4643	test_loss: 1.6848 test_accuracy: 0.5619	F1: 0.5434 Prec: 0.5900 Rec: 0.5619
train: {'epoch': 201, 'time_epoch': 2.16673, 'eta': 87.4272, 'eta_hours': 0.02429, 'loss': 0.2171568, 'lr': 9.183e-05, 'params': 276757, 'time_iter': 0.01238, 'accuracy': 0.93405, 'f1': 0.93401, 'auc': 0.99864}
val: {'epoch': 201, 'time_epoch': 0.07803, 'loss': 2.87779194, 'lr': 0, 'params': 276757, 'time_iter': 0.00557, 'accuracy': 0.38095, 'f1': 0.35911, 'auc': 0.92342}
test: {'epoch': 201, 'time_epoch': 0.06313, 'loss': 1.37470815, 'lr': 0, 'params': 276757, 'time_iter': 0.00451, 'accuracy': 0.60952, 'f1': 0.5959, 'auc': 0.96765}
> Epoch 201: took 2.4s (avg 2.1s) | Best so far: epoch 186	train_loss: 0.2517 train_accuracy: 0.9192	val_loss: 2.2105 val_accuracy: 0.4643	test_loss: 1.6848 test_accuracy: 0.5619	F1: 0.5434 Prec: 0.5900 Rec: 0.5619
train: {'epoch': 202, 'time_epoch': 1.84753, 'eta': 85.61186, 'eta_hours': 0.02378, 'loss': 0.22969361, 'lr': 8.823e-05, 'params': 276757, 'time_iter': 0.01056, 'accuracy': 0.9233, 'f1': 0.92324, 'auc': 0.99849}
val: {'epoch': 202, 'time_epoch': 0.07756, 'loss': 2.69978491, 'lr': 0, 'params': 276757, 'time_iter': 0.00554, 'accuracy': 0.40238, 'f1': 0.37171, 'auc': 0.92768}
test: {'epoch': 202, 'time_epoch': 0.0719, 'loss': 1.55651402, 'lr': 0, 'params': 276757, 'time_iter': 0.00514, 'accuracy': 0.57381, 'f1': 0.5629, 'auc': 0.95865}
> Epoch 202: took 2.1s (avg 2.1s) | Best so far: epoch 186	train_loss: 0.2517 train_accuracy: 0.9192	val_loss: 2.2105 val_accuracy: 0.4643	test_loss: 1.6848 test_accuracy: 0.5619	F1: 0.5434 Prec: 0.5900 Rec: 0.5619
train: {'epoch': 203, 'time_epoch': 2.32398, 'eta': 83.90362, 'eta_hours': 0.02331, 'loss': 0.2059372, 'lr': 8.47e-05, 'params': 276757, 'time_iter': 0.01328, 'accuracy': 0.93136, 'f1': 0.93135, 'auc': 0.99884}
val: {'epoch': 203, 'time_epoch': 0.07046, 'loss': 2.60532501, 'lr': 0, 'params': 276757, 'time_iter': 0.00503, 'accuracy': 0.43571, 'f1': 0.40731, 'auc': 0.93525}
test: {'epoch': 203, 'time_epoch': 0.07956, 'loss': 1.45999715, 'lr': 0, 'params': 276757, 'time_iter': 0.00568, 'accuracy': 0.57381, 'f1': 0.55988, 'auc': 0.96441}
> Epoch 203: took 2.6s (avg 2.1s) | Best so far: epoch 186	train_loss: 0.2517 train_accuracy: 0.9192	val_loss: 2.2105 val_accuracy: 0.4643	test_loss: 1.6848 test_accuracy: 0.5619	F1: 0.5434 Prec: 0.5900 Rec: 0.5619
train: {'epoch': 204, 'time_epoch': 1.88576, 'eta': 82.09319, 'eta_hours': 0.0228, 'loss': 0.21032166, 'lr': 8.124e-05, 'params': 276757, 'time_iter': 0.01078, 'accuracy': 0.9319, 'f1': 0.93186, 'auc': 0.99879}
val: {'epoch': 204, 'time_epoch': 0.06928, 'loss': 2.58329476, 'lr': 0, 'params': 276757, 'time_iter': 0.00495, 'accuracy': 0.41667, 'f1': 0.38978, 'auc': 0.9328}
test: {'epoch': 204, 'time_epoch': 0.08337, 'loss': 1.54540828, 'lr': 0, 'params': 276757, 'time_iter': 0.00595, 'accuracy': 0.58571, 'f1': 0.57523, 'auc': 0.9609}
> Epoch 204: took 2.1s (avg 2.1s) | Best so far: epoch 186	train_loss: 0.2517 train_accuracy: 0.9192	val_loss: 2.2105 val_accuracy: 0.4643	test_loss: 1.6848 test_accuracy: 0.5619	F1: 0.5434 Prec: 0.5900 Rec: 0.5619
train: {'epoch': 205, 'time_epoch': 1.96, 'eta': 80.29788, 'eta_hours': 0.0223, 'loss': 0.21237711, 'lr': 7.784e-05, 'params': 276757, 'time_iter': 0.0112, 'accuracy': 0.93333, 'f1': 0.93334, 'auc': 0.99875}
val: {'epoch': 205, 'time_epoch': 0.10803, 'loss': 2.52044839, 'lr': 0, 'params': 276757, 'time_iter': 0.00772, 'accuracy': 0.40952, 'f1': 0.38964, 'auc': 0.93119}
test: {'epoch': 205, 'time_epoch': 0.07077, 'loss': 1.5818314, 'lr': 0, 'params': 276757, 'time_iter': 0.00506, 'accuracy': 0.57143, 'f1': 0.55706, 'auc': 0.95777}
> Epoch 205: took 2.2s (avg 2.1s) | Best so far: epoch 186	train_loss: 0.2517 train_accuracy: 0.9192	val_loss: 2.2105 val_accuracy: 0.4643	test_loss: 1.6848 test_accuracy: 0.5619	F1: 0.5434 Prec: 0.5900 Rec: 0.5619
train: {'epoch': 206, 'time_epoch': 1.84437, 'eta': 78.47697, 'eta_hours': 0.0218, 'loss': 0.21225608, 'lr': 7.45e-05, 'params': 276757, 'time_iter': 0.01054, 'accuracy': 0.93065, 'f1': 0.93055, 'auc': 0.99871}
val: {'epoch': 206, 'time_epoch': 0.06752, 'loss': 2.50388901, 'lr': 0, 'params': 276757, 'time_iter': 0.00482, 'accuracy': 0.43333, 'f1': 0.39617, 'auc': 0.93761}
test: {'epoch': 206, 'time_epoch': 0.06942, 'loss': 1.50288527, 'lr': 0, 'params': 276757, 'time_iter': 0.00496, 'accuracy': 0.59048, 'f1': 0.57827, 'auc': 0.9622}
> Epoch 206: took 2.1s (avg 2.1s) | Best so far: epoch 186	train_loss: 0.2517 train_accuracy: 0.9192	val_loss: 2.2105 val_accuracy: 0.4643	test_loss: 1.6848 test_accuracy: 0.5619	F1: 0.5434 Prec: 0.5900 Rec: 0.5619
train: {'epoch': 207, 'time_epoch': 1.90798, 'eta': 76.66867, 'eta_hours': 0.0213, 'loss': 0.21786388, 'lr': 7.124e-05, 'params': 276757, 'time_iter': 0.0109, 'accuracy': 0.9276, 'f1': 0.92754, 'auc': 0.99867}
val: {'epoch': 207, 'time_epoch': 0.09604, 'loss': 2.7109387, 'lr': 0, 'params': 276757, 'time_iter': 0.00686, 'accuracy': 0.41667, 'f1': 0.37534, 'auc': 0.93258}
test: {'epoch': 207, 'time_epoch': 0.07759, 'loss': 1.49213464, 'lr': 0, 'params': 276757, 'time_iter': 0.00554, 'accuracy': 0.56667, 'f1': 0.55626, 'auc': 0.96339}
> Epoch 207: took 2.2s (avg 2.1s) | Best so far: epoch 186	train_loss: 0.2517 train_accuracy: 0.9192	val_loss: 2.2105 val_accuracy: 0.4643	test_loss: 1.6848 test_accuracy: 0.5619	F1: 0.5434 Prec: 0.5900 Rec: 0.5619
train: {'epoch': 208, 'time_epoch': 1.8068, 'eta': 74.83957, 'eta_hours': 0.02079, 'loss': 0.21681288, 'lr': 6.804e-05, 'params': 276757, 'time_iter': 0.01032, 'accuracy': 0.93136, 'f1': 0.93132, 'auc': 0.99867}
val: {'epoch': 208, 'time_epoch': 0.08133, 'loss': 2.55616593, 'lr': 0, 'params': 276757, 'time_iter': 0.00581, 'accuracy': 0.43571, 'f1': 0.41324, 'auc': 0.92937}
test: {'epoch': 208, 'time_epoch': 0.08717, 'loss': 1.49389622, 'lr': 0, 'params': 276757, 'time_iter': 0.00623, 'accuracy': 0.60476, 'f1': 0.59209, 'auc': 0.96296}
> Epoch 208: took 2.0s (avg 2.1s) | Best so far: epoch 186	train_loss: 0.2517 train_accuracy: 0.9192	val_loss: 2.2105 val_accuracy: 0.4643	test_loss: 1.6848 test_accuracy: 0.5619	F1: 0.5434 Prec: 0.5900 Rec: 0.5619
train: {'epoch': 209, 'time_epoch': 1.80079, 'eta': 73.00953, 'eta_hours': 0.02028, 'loss': 0.21011355, 'lr': 6.491e-05, 'params': 276757, 'time_iter': 0.01029, 'accuracy': 0.9319, 'f1': 0.93182, 'auc': 0.99873}
val: {'epoch': 209, 'time_epoch': 0.07954, 'loss': 2.4332521, 'lr': 0, 'params': 276757, 'time_iter': 0.00568, 'accuracy': 0.46667, 'f1': 0.43955, 'auc': 0.93862}
test: {'epoch': 209, 'time_epoch': 0.06914, 'loss': 1.44435959, 'lr': 0, 'params': 276757, 'time_iter': 0.00494, 'accuracy': 0.58571, 'f1': 0.57356, 'auc': 0.96672}
[*] Confusion Matrix saved to: results_lopo_none/NH_3m\Conf\confusion_matrix_epoch_209.png
> Epoch 209: took 2.0s (avg 2.1s) | Best so far: epoch 209	train_loss: 0.2101 train_accuracy: 0.9319	val_loss: 2.4333 val_accuracy: 0.4667	test_loss: 1.4444 test_accuracy: 0.5857	F1: 0.5736 Prec: 0.5905 Rec: 0.5857
train: {'epoch': 210, 'time_epoch': 2.08954, 'eta': 71.23315, 'eta_hours': 0.01979, 'loss': 0.19543875, 'lr': 6.185e-05, 'params': 276757, 'time_iter': 0.01194, 'accuracy': 0.93441, 'f1': 0.93441, 'auc': 0.99898}
val: {'epoch': 210, 'time_epoch': 0.10954, 'loss': 2.64122312, 'lr': 0, 'params': 276757, 'time_iter': 0.00782, 'accuracy': 0.39286, 'f1': 0.36867, 'auc': 0.93014}
test: {'epoch': 210, 'time_epoch': 0.09787, 'loss': 1.51986087, 'lr': 0, 'params': 276757, 'time_iter': 0.00699, 'accuracy': 0.56667, 'f1': 0.55535, 'auc': 0.9615}
> Epoch 210: took 2.4s (avg 2.1s) | Best so far: epoch 209	train_loss: 0.2101 train_accuracy: 0.9319	val_loss: 2.4333 val_accuracy: 0.4667	test_loss: 1.4444 test_accuracy: 0.5857	F1: 0.5736 Prec: 0.5905 Rec: 0.5857
train: {'epoch': 211, 'time_epoch': 1.70008, 'eta': 69.384, 'eta_hours': 0.01927, 'loss': 0.20977577, 'lr': 5.885e-05, 'params': 276757, 'time_iter': 0.00971, 'accuracy': 0.93369, 'f1': 0.93367, 'auc': 0.9988}
val: {'epoch': 211, 'time_epoch': 0.07174, 'loss': 2.5730552, 'lr': 0, 'params': 276757, 'time_iter': 0.00512, 'accuracy': 0.42619, 'f1': 0.39613, 'auc': 0.93435}
test: {'epoch': 211, 'time_epoch': 0.07199, 'loss': 1.4906833, 'lr': 0, 'params': 276757, 'time_iter': 0.00514, 'accuracy': 0.57381, 'f1': 0.55982, 'auc': 0.96389}
> Epoch 211: took 1.9s (avg 2.1s) | Best so far: epoch 209	train_loss: 0.2101 train_accuracy: 0.9319	val_loss: 2.4333 val_accuracy: 0.4667	test_loss: 1.4444 test_accuracy: 0.5857	F1: 0.5736 Prec: 0.5905 Rec: 0.5857
train: {'epoch': 212, 'time_epoch': 1.80653, 'eta': 67.55474, 'eta_hours': 0.01877, 'loss': 0.21281381, 'lr': 5.593e-05, 'params': 276757, 'time_iter': 0.01032, 'accuracy': 0.9319, 'f1': 0.93188, 'auc': 0.99873}
val: {'epoch': 212, 'time_epoch': 0.06834, 'loss': 2.66762493, 'lr': 0, 'params': 276757, 'time_iter': 0.00488, 'accuracy': 0.41905, 'f1': 0.38692, 'auc': 0.93593}
test: {'epoch': 212, 'time_epoch': 0.06288, 'loss': 1.49425605, 'lr': 0, 'params': 276757, 'time_iter': 0.00449, 'accuracy': 0.5881, 'f1': 0.57729, 'auc': 0.96439}
> Epoch 212: took 2.0s (avg 2.1s) | Best so far: epoch 209	train_loss: 0.2101 train_accuracy: 0.9319	val_loss: 2.4333 val_accuracy: 0.4667	test_loss: 1.4444 test_accuracy: 0.5857	F1: 0.5736 Prec: 0.5905 Rec: 0.5857
train: {'epoch': 213, 'time_epoch': 1.84901, 'eta': 65.73284, 'eta_hours': 0.01826, 'loss': 0.21635723, 'lr': 5.308e-05, 'params': 276757, 'time_iter': 0.01057, 'accuracy': 0.93011, 'f1': 0.93015, 'auc': 0.99867}
val: {'epoch': 213, 'time_epoch': 0.07155, 'loss': 2.499201, 'lr': 0, 'params': 276757, 'time_iter': 0.00511, 'accuracy': 0.46667, 'f1': 0.43343, 'auc': 0.93746}
test: {'epoch': 213, 'time_epoch': 0.08064, 'loss': 1.4073642, 'lr': 0, 'params': 276757, 'time_iter': 0.00576, 'accuracy': 0.59762, 'f1': 0.58604, 'auc': 0.96745}
> Epoch 213: took 2.1s (avg 2.1s) | Best so far: epoch 209	train_loss: 0.2101 train_accuracy: 0.9319	val_loss: 2.4333 val_accuracy: 0.4667	test_loss: 1.4444 test_accuracy: 0.5857	F1: 0.5736 Prec: 0.5905 Rec: 0.5857
train: {'epoch': 214, 'time_epoch': 1.73062, 'eta': 63.89141, 'eta_hours': 0.01775, 'loss': 0.20236698, 'lr': 5.03e-05, 'params': 276757, 'time_iter': 0.00989, 'accuracy': 0.93692, 'f1': 0.93693, 'auc': 0.99881}
val: {'epoch': 214, 'time_epoch': 0.06619, 'loss': 2.46726338, 'lr': 0, 'params': 276757, 'time_iter': 0.00473, 'accuracy': 0.43571, 'f1': 0.4034, 'auc': 0.93508}
test: {'epoch': 214, 'time_epoch': 0.06431, 'loss': 1.47988066, 'lr': 0, 'params': 276757, 'time_iter': 0.00459, 'accuracy': 0.58095, 'f1': 0.57101, 'auc': 0.96428}
> Epoch 214: took 1.9s (avg 2.1s) | Best so far: epoch 209	train_loss: 0.2101 train_accuracy: 0.9319	val_loss: 2.4333 val_accuracy: 0.4667	test_loss: 1.4444 test_accuracy: 0.5857	F1: 0.5736 Prec: 0.5905 Rec: 0.5857
train: {'epoch': 215, 'time_epoch': 2.08976, 'eta': 62.10755, 'eta_hours': 0.01725, 'loss': 0.21610269, 'lr': 4.759e-05, 'params': 276757, 'time_iter': 0.01194, 'accuracy': 0.93226, 'f1': 0.93222, 'auc': 0.99865}
val: {'epoch': 215, 'time_epoch': 0.09192, 'loss': 2.7068269, 'lr': 0, 'params': 276757, 'time_iter': 0.00657, 'accuracy': 0.41429, 'f1': 0.38484, 'auc': 0.92971}
test: {'epoch': 215, 'time_epoch': 0.09821, 'loss': 1.57314688, 'lr': 0, 'params': 276757, 'time_iter': 0.00702, 'accuracy': 0.59286, 'f1': 0.57619, 'auc': 0.96213}
> Epoch 215: took 2.4s (avg 2.1s) | Best so far: epoch 209	train_loss: 0.2101 train_accuracy: 0.9319	val_loss: 2.4333 val_accuracy: 0.4667	test_loss: 1.4444 test_accuracy: 0.5857	F1: 0.5736 Prec: 0.5905 Rec: 0.5857
train: {'epoch': 216, 'time_epoch': 1.70361, 'eta': 60.26213, 'eta_hours': 0.01674, 'loss': 0.2001212, 'lr': 4.495e-05, 'params': 276757, 'time_iter': 0.00973, 'accuracy': 0.93584, 'f1': 0.93579, 'auc': 0.99885}
val: {'epoch': 216, 'time_epoch': 0.09285, 'loss': 2.60436939, 'lr': 0, 'params': 276757, 'time_iter': 0.00663, 'accuracy': 0.41905, 'f1': 0.38405, 'auc': 0.93261}
test: {'epoch': 216, 'time_epoch': 0.06873, 'loss': 1.48063957, 'lr': 0, 'params': 276757, 'time_iter': 0.00491, 'accuracy': 0.59524, 'f1': 0.58124, 'auc': 0.96418}
> Epoch 216: took 1.9s (avg 2.1s) | Best so far: epoch 209	train_loss: 0.2101 train_accuracy: 0.9319	val_loss: 2.4333 val_accuracy: 0.4667	test_loss: 1.4444 test_accuracy: 0.5857	F1: 0.5736 Prec: 0.5905 Rec: 0.5857
train: {'epoch': 217, 'time_epoch': 1.80346, 'eta': 58.43268, 'eta_hours': 0.01623, 'loss': 0.19616857, 'lr': 4.238e-05, 'params': 276757, 'time_iter': 0.01031, 'accuracy': 0.93674, 'f1': 0.93672, 'auc': 0.99893}
val: {'epoch': 217, 'time_epoch': 0.07317, 'loss': 2.51418532, 'lr': 0, 'params': 276757, 'time_iter': 0.00523, 'accuracy': 0.40714, 'f1': 0.38246, 'auc': 0.93375}
test: {'epoch': 217, 'time_epoch': 0.06565, 'loss': 1.50748704, 'lr': 0, 'params': 276757, 'time_iter': 0.00469, 'accuracy': 0.57381, 'f1': 0.56009, 'auc': 0.96402}
> Epoch 217: took 2.0s (avg 2.1s) | Best so far: epoch 209	train_loss: 0.2101 train_accuracy: 0.9319	val_loss: 2.4333 val_accuracy: 0.4667	test_loss: 1.4444 test_accuracy: 0.5857	F1: 0.5736 Prec: 0.5905 Rec: 0.5857
train: {'epoch': 218, 'time_epoch': 1.88846, 'eta': 56.6155, 'eta_hours': 0.01573, 'loss': 0.19411761, 'lr': 3.988e-05, 'params': 276757, 'time_iter': 0.01079, 'accuracy': 0.93889, 'f1': 0.93892, 'auc': 0.9989}
val: {'epoch': 218, 'time_epoch': 0.06856, 'loss': 2.61882433, 'lr': 0, 'params': 276757, 'time_iter': 0.0049, 'accuracy': 0.39048, 'f1': 0.35339, 'auc': 0.93392}
test: {'epoch': 218, 'time_epoch': 0.07009, 'loss': 1.4775689, 'lr': 0, 'params': 276757, 'time_iter': 0.00501, 'accuracy': 0.5881, 'f1': 0.57724, 'auc': 0.96327}
> Epoch 218: took 2.1s (avg 2.1s) | Best so far: epoch 209	train_loss: 0.2101 train_accuracy: 0.9319	val_loss: 2.4333 val_accuracy: 0.4667	test_loss: 1.4444 test_accuracy: 0.5857	F1: 0.5736 Prec: 0.5905 Rec: 0.5857
train: {'epoch': 219, 'time_epoch': 1.90092, 'eta': 54.79937, 'eta_hours': 0.01522, 'loss': 0.20814152, 'lr': 3.746e-05, 'params': 276757, 'time_iter': 0.01086, 'accuracy': 0.93226, 'f1': 0.93222, 'auc': 0.99883}
val: {'epoch': 219, 'time_epoch': 0.08815, 'loss': 2.73062345, 'lr': 0, 'params': 276757, 'time_iter': 0.0063, 'accuracy': 0.4, 'f1': 0.36763, 'auc': 0.93054}
test: {'epoch': 219, 'time_epoch': 0.07991, 'loss': 1.50434312, 'lr': 0, 'params': 276757, 'time_iter': 0.00571, 'accuracy': 0.60714, 'f1': 0.5932, 'auc': 0.96475}
> Epoch 219: took 2.1s (avg 2.1s) | Best so far: epoch 209	train_loss: 0.2101 train_accuracy: 0.9319	val_loss: 2.4333 val_accuracy: 0.4667	test_loss: 1.4444 test_accuracy: 0.5857	F1: 0.5736 Prec: 0.5905 Rec: 0.5857
train: {'epoch': 220, 'time_epoch': 2.0592, 'eta': 53.00324, 'eta_hours': 0.01472, 'loss': 0.21823536, 'lr': 3.511e-05, 'params': 276757, 'time_iter': 0.01177, 'accuracy': 0.92706, 'f1': 0.92704, 'auc': 0.99866}
val: {'epoch': 220, 'time_epoch': 0.08787, 'loss': 2.56773562, 'lr': 0, 'params': 276757, 'time_iter': 0.00628, 'accuracy': 0.42619, 'f1': 0.39862, 'auc': 0.93393}
test: {'epoch': 220, 'time_epoch': 0.12705, 'loss': 1.39885858, 'lr': 0, 'params': 276757, 'time_iter': 0.00908, 'accuracy': 0.60952, 'f1': 0.59852, 'auc': 0.96804}
> Epoch 220: took 2.4s (avg 2.1s) | Best so far: epoch 209	train_loss: 0.2101 train_accuracy: 0.9319	val_loss: 2.4333 val_accuracy: 0.4667	test_loss: 1.4444 test_accuracy: 0.5857	F1: 0.5736 Prec: 0.5905 Rec: 0.5857
train: {'epoch': 221, 'time_epoch': 1.73244, 'eta': 51.16353, 'eta_hours': 0.01421, 'loss': 0.20046164, 'lr': 3.284e-05, 'params': 276757, 'time_iter': 0.0099, 'accuracy': 0.93799, 'f1': 0.93793, 'auc': 0.99883}
val: {'epoch': 221, 'time_epoch': 0.06665, 'loss': 2.65751546, 'lr': 0, 'params': 276757, 'time_iter': 0.00476, 'accuracy': 0.41667, 'f1': 0.38383, 'auc': 0.93365}
test: {'epoch': 221, 'time_epoch': 0.07708, 'loss': 1.43374416, 'lr': 0, 'params': 276757, 'time_iter': 0.00551, 'accuracy': 0.60952, 'f1': 0.59693, 'auc': 0.96569}
> Epoch 221: took 1.9s (avg 2.1s) | Best so far: epoch 209	train_loss: 0.2101 train_accuracy: 0.9319	val_loss: 2.4333 val_accuracy: 0.4667	test_loss: 1.4444 test_accuracy: 0.5857	F1: 0.5736 Prec: 0.5905 Rec: 0.5857
train: {'epoch': 222, 'time_epoch': 2.03102, 'eta': 49.36093, 'eta_hours': 0.01371, 'loss': 0.19133548, 'lr': 3.063e-05, 'params': 276757, 'time_iter': 0.01161, 'accuracy': 0.94176, 'f1': 0.94175, 'auc': 0.99897}
val: {'epoch': 222, 'time_epoch': 0.0713, 'loss': 2.59550904, 'lr': 0, 'params': 276757, 'time_iter': 0.00509, 'accuracy': 0.44762, 'f1': 0.4058, 'auc': 0.9358}
test: {'epoch': 222, 'time_epoch': 0.06049, 'loss': 1.42103895, 'lr': 0, 'params': 276757, 'time_iter': 0.00432, 'accuracy': 0.59762, 'f1': 0.58326, 'auc': 0.96685}
> Epoch 222: took 2.3s (avg 2.1s) | Best so far: epoch 209	train_loss: 0.2101 train_accuracy: 0.9319	val_loss: 2.4333 val_accuracy: 0.4667	test_loss: 1.4444 test_accuracy: 0.5857	F1: 0.5736 Prec: 0.5905 Rec: 0.5857
train: {'epoch': 223, 'time_epoch': 1.7627, 'eta': 47.52514, 'eta_hours': 0.0132, 'loss': 0.20412392, 'lr': 2.85e-05, 'params': 276757, 'time_iter': 0.01007, 'accuracy': 0.93584, 'f1': 0.93582, 'auc': 0.99879}
val: {'epoch': 223, 'time_epoch': 0.09427, 'loss': 2.49084884, 'lr': 0, 'params': 276757, 'time_iter': 0.00673, 'accuracy': 0.45476, 'f1': 0.42519, 'auc': 0.93671}
test: {'epoch': 223, 'time_epoch': 0.0783, 'loss': 1.42516857, 'lr': 0, 'params': 276757, 'time_iter': 0.00559, 'accuracy': 0.5881, 'f1': 0.57452, 'auc': 0.96743}
> Epoch 223: took 2.0s (avg 2.1s) | Best so far: epoch 209	train_loss: 0.2101 train_accuracy: 0.9319	val_loss: 2.4333 val_accuracy: 0.4667	test_loss: 1.4444 test_accuracy: 0.5857	F1: 0.5736 Prec: 0.5905 Rec: 0.5857
train: {'epoch': 224, 'time_epoch': 1.81603, 'eta': 45.69594, 'eta_hours': 0.01269, 'loss': 0.20679494, 'lr': 2.645e-05, 'params': 276757, 'time_iter': 0.01038, 'accuracy': 0.93315, 'f1': 0.93313, 'auc': 0.99872}
val: {'epoch': 224, 'time_epoch': 0.0681, 'loss': 2.39171689, 'lr': 0, 'params': 276757, 'time_iter': 0.00486, 'accuracy': 0.45, 'f1': 0.41689, 'auc': 0.93805}
test: {'epoch': 224, 'time_epoch': 0.07537, 'loss': 1.4705838, 'lr': 0, 'params': 276757, 'time_iter': 0.00538, 'accuracy': 0.59286, 'f1': 0.58351, 'auc': 0.96439}
> Epoch 224: took 2.0s (avg 2.1s) | Best so far: epoch 209	train_loss: 0.2101 train_accuracy: 0.9319	val_loss: 2.4333 val_accuracy: 0.4667	test_loss: 1.4444 test_accuracy: 0.5857	F1: 0.5736 Prec: 0.5905 Rec: 0.5857
train: {'epoch': 225, 'time_epoch': 1.77891, 'eta': 43.8629, 'eta_hours': 0.01218, 'loss': 0.19865303, 'lr': 2.447e-05, 'params': 276757, 'time_iter': 0.01017, 'accuracy': 0.93584, 'f1': 0.93583, 'auc': 0.99897}
val: {'epoch': 225, 'time_epoch': 0.08916, 'loss': 2.65650028, 'lr': 0, 'params': 276757, 'time_iter': 0.00637, 'accuracy': 0.4119, 'f1': 0.37571, 'auc': 0.93371}
test: {'epoch': 225, 'time_epoch': 0.07876, 'loss': 1.38919345, 'lr': 0, 'params': 276757, 'time_iter': 0.00563, 'accuracy': 0.6119, 'f1': 0.60327, 'auc': 0.96814}
> Epoch 225: took 2.0s (avg 2.1s) | Best so far: epoch 209	train_loss: 0.2101 train_accuracy: 0.9319	val_loss: 2.4333 val_accuracy: 0.4667	test_loss: 1.4444 test_accuracy: 0.5857	F1: 0.5736 Prec: 0.5905 Rec: 0.5857
train: {'epoch': 226, 'time_epoch': 1.8056, 'eta': 42.03305, 'eta_hours': 0.01168, 'loss': 0.20347957, 'lr': 2.257e-05, 'params': 276757, 'time_iter': 0.01032, 'accuracy': 0.93513, 'f1': 0.93502, 'auc': 0.99887}
val: {'epoch': 226, 'time_epoch': 0.07876, 'loss': 2.54087116, 'lr': 0, 'params': 276757, 'time_iter': 0.00563, 'accuracy': 0.43571, 'f1': 0.41075, 'auc': 0.93562}
test: {'epoch': 226, 'time_epoch': 0.08405, 'loss': 1.48651006, 'lr': 0, 'params': 276757, 'time_iter': 0.006, 'accuracy': 0.58571, 'f1': 0.57396, 'auc': 0.96489}
> Epoch 226: took 2.0s (avg 2.1s) | Best so far: epoch 209	train_loss: 0.2101 train_accuracy: 0.9319	val_loss: 2.4333 val_accuracy: 0.4667	test_loss: 1.4444 test_accuracy: 0.5857	F1: 0.5736 Prec: 0.5905 Rec: 0.5857
train: {'epoch': 227, 'time_epoch': 1.93906, 'eta': 40.21629, 'eta_hours': 0.01117, 'loss': 0.19734982, 'lr': 2.074e-05, 'params': 276757, 'time_iter': 0.01108, 'accuracy': 0.93763, 'f1': 0.93757, 'auc': 0.99891}
val: {'epoch': 227, 'time_epoch': 0.06932, 'loss': 2.6353158, 'lr': 0, 'params': 276757, 'time_iter': 0.00495, 'accuracy': 0.40714, 'f1': 0.37747, 'auc': 0.93466}
test: {'epoch': 227, 'time_epoch': 0.06407, 'loss': 1.47942892, 'lr': 0, 'params': 276757, 'time_iter': 0.00458, 'accuracy': 0.59286, 'f1': 0.58229, 'auc': 0.96461}
> Epoch 227: took 2.2s (avg 2.1s) | Best so far: epoch 209	train_loss: 0.2101 train_accuracy: 0.9319	val_loss: 2.4333 val_accuracy: 0.4667	test_loss: 1.4444 test_accuracy: 0.5857	F1: 0.5736 Prec: 0.5905 Rec: 0.5857
train: {'epoch': 228, 'time_epoch': 1.91816, 'eta': 38.39654, 'eta_hours': 0.01067, 'loss': 0.20695937, 'lr': 1.899e-05, 'params': 276757, 'time_iter': 0.01096, 'accuracy': 0.93297, 'f1': 0.93291, 'auc': 0.99881}
val: {'epoch': 228, 'time_epoch': 0.07484, 'loss': 2.59491248, 'lr': 0, 'params': 276757, 'time_iter': 0.00535, 'accuracy': 0.41667, 'f1': 0.38213, 'auc': 0.93592}
test: {'epoch': 228, 'time_epoch': 0.06597, 'loss': 1.41204874, 'lr': 0, 'params': 276757, 'time_iter': 0.00471, 'accuracy': 0.60952, 'f1': 0.59894, 'auc': 0.96661}
> Epoch 228: took 2.1s (avg 2.1s) | Best so far: epoch 209	train_loss: 0.2101 train_accuracy: 0.9319	val_loss: 2.4333 val_accuracy: 0.4667	test_loss: 1.4444 test_accuracy: 0.5857	F1: 0.5736 Prec: 0.5905 Rec: 0.5857
train: {'epoch': 229, 'time_epoch': 1.75964, 'eta': 36.56216, 'eta_hours': 0.01016, 'loss': 0.19337789, 'lr': 1.731e-05, 'params': 276757, 'time_iter': 0.01006, 'accuracy': 0.94122, 'f1': 0.94116, 'auc': 0.99895}
val: {'epoch': 229, 'time_epoch': 0.09401, 'loss': 2.49751741, 'lr': 0, 'params': 276757, 'time_iter': 0.00672, 'accuracy': 0.44762, 'f1': 0.41322, 'auc': 0.93938}
test: {'epoch': 229, 'time_epoch': 0.07384, 'loss': 1.4023053, 'lr': 0, 'params': 276757, 'time_iter': 0.00527, 'accuracy': 0.60714, 'f1': 0.59953, 'auc': 0.96761}
> Epoch 229: took 2.0s (avg 2.1s) | Best so far: epoch 209	train_loss: 0.2101 train_accuracy: 0.9319	val_loss: 2.4333 val_accuracy: 0.4667	test_loss: 1.4444 test_accuracy: 0.5857	F1: 0.5736 Prec: 0.5905 Rec: 0.5857
train: {'epoch': 230, 'time_epoch': 1.72484, 'eta': 34.72555, 'eta_hours': 0.00965, 'loss': 0.20569059, 'lr': 1.571e-05, 'params': 276757, 'time_iter': 0.00986, 'accuracy': 0.93459, 'f1': 0.93456, 'auc': 0.99885}
val: {'epoch': 230, 'time_epoch': 0.07341, 'loss': 2.58596882, 'lr': 0, 'params': 276757, 'time_iter': 0.00524, 'accuracy': 0.40952, 'f1': 0.37851, 'auc': 0.9324}
test: {'epoch': 230, 'time_epoch': 0.09845, 'loss': 1.45048298, 'lr': 0, 'params': 276757, 'time_iter': 0.00703, 'accuracy': 0.59762, 'f1': 0.58609, 'auc': 0.96439}
> Epoch 230: took 2.0s (avg 2.1s) | Best so far: epoch 209	train_loss: 0.2101 train_accuracy: 0.9319	val_loss: 2.4333 val_accuracy: 0.4667	test_loss: 1.4444 test_accuracy: 0.5857	F1: 0.5736 Prec: 0.5905 Rec: 0.5857
train: {'epoch': 231, 'time_epoch': 1.88445, 'eta': 32.9023, 'eta_hours': 0.00914, 'loss': 0.18754852, 'lr': 1.418e-05, 'params': 276757, 'time_iter': 0.01077, 'accuracy': 0.94283, 'f1': 0.9428, 'auc': 0.99895}
val: {'epoch': 231, 'time_epoch': 0.07399, 'loss': 2.51312312, 'lr': 0, 'params': 276757, 'time_iter': 0.00528, 'accuracy': 0.44048, 'f1': 0.41478, 'auc': 0.93778}
test: {'epoch': 231, 'time_epoch': 0.06593, 'loss': 1.45742235, 'lr': 0, 'params': 276757, 'time_iter': 0.00471, 'accuracy': 0.58571, 'f1': 0.57575, 'auc': 0.96551}
> Epoch 231: took 2.1s (avg 2.1s) | Best so far: epoch 209	train_loss: 0.2101 train_accuracy: 0.9319	val_loss: 2.4333 val_accuracy: 0.4667	test_loss: 1.4444 test_accuracy: 0.5857	F1: 0.5736 Prec: 0.5905 Rec: 0.5857
train: {'epoch': 232, 'time_epoch': 1.90139, 'eta': 31.07975, 'eta_hours': 0.00863, 'loss': 0.18867519, 'lr': 1.274e-05, 'params': 276757, 'time_iter': 0.01087, 'accuracy': 0.9414, 'f1': 0.9414, 'auc': 0.99905}
val: {'epoch': 232, 'time_epoch': 0.09061, 'loss': 2.56210481, 'lr': 0, 'params': 276757, 'time_iter': 0.00647, 'accuracy': 0.43095, 'f1': 0.39972, 'auc': 0.93737}
test: {'epoch': 232, 'time_epoch': 0.07283, 'loss': 1.49693151, 'lr': 0, 'params': 276757, 'time_iter': 0.0052, 'accuracy': 0.58571, 'f1': 0.57471, 'auc': 0.96372}
> Epoch 232: took 2.1s (avg 2.1s) | Best so far: epoch 209	train_loss: 0.2101 train_accuracy: 0.9319	val_loss: 2.4333 val_accuracy: 0.4667	test_loss: 1.4444 test_accuracy: 0.5857	F1: 0.5736 Prec: 0.5905 Rec: 0.5857
train: {'epoch': 233, 'time_epoch': 1.84076, 'eta': 29.25239, 'eta_hours': 0.00813, 'loss': 0.20973288, 'lr': 1.137e-05, 'params': 276757, 'time_iter': 0.01052, 'accuracy': 0.93333, 'f1': 0.93329, 'auc': 0.99873}
val: {'epoch': 233, 'time_epoch': 0.06386, 'loss': 2.49137862, 'lr': 0, 'params': 276757, 'time_iter': 0.00456, 'accuracy': 0.44048, 'f1': 0.41112, 'auc': 0.93627}
test: {'epoch': 233, 'time_epoch': 0.06674, 'loss': 1.42006622, 'lr': 0, 'params': 276757, 'time_iter': 0.00477, 'accuracy': 0.59286, 'f1': 0.58078, 'auc': 0.96678}
> Epoch 233: took 2.0s (avg 2.1s) | Best so far: epoch 209	train_loss: 0.2101 train_accuracy: 0.9319	val_loss: 2.4333 val_accuracy: 0.4667	test_loss: 1.4444 test_accuracy: 0.5857	F1: 0.5736 Prec: 0.5905 Rec: 0.5857
train: {'epoch': 234, 'time_epoch': 1.72054, 'eta': 27.41724, 'eta_hours': 0.00762, 'loss': 0.20253493, 'lr': 1.007e-05, 'params': 276757, 'time_iter': 0.00983, 'accuracy': 0.93423, 'f1': 0.93416, 'auc': 0.99884}
val: {'epoch': 234, 'time_epoch': 0.06985, 'loss': 2.52428619, 'lr': 0, 'params': 276757, 'time_iter': 0.00499, 'accuracy': 0.44048, 'f1': 0.40901, 'auc': 0.93507}
test: {'epoch': 234, 'time_epoch': 0.08596, 'loss': 1.50671309, 'lr': 0, 'params': 276757, 'time_iter': 0.00614, 'accuracy': 0.59524, 'f1': 0.58597, 'auc': 0.96262}
> Epoch 234: took 1.9s (avg 2.1s) | Best so far: epoch 209	train_loss: 0.2101 train_accuracy: 0.9319	val_loss: 2.4333 val_accuracy: 0.4667	test_loss: 1.4444 test_accuracy: 0.5857	F1: 0.5736 Prec: 0.5905 Rec: 0.5857
train: {'epoch': 235, 'time_epoch': 1.76128, 'eta': 25.58548, 'eta_hours': 0.00711, 'loss': 0.19526631, 'lr': 8.86e-06, 'params': 276757, 'time_iter': 0.01006, 'accuracy': 0.93907, 'f1': 0.93907, 'auc': 0.99898}
val: {'epoch': 235, 'time_epoch': 0.06409, 'loss': 2.5782534, 'lr': 0, 'params': 276757, 'time_iter': 0.00458, 'accuracy': 0.4119, 'f1': 0.38316, 'auc': 0.93364}
test: {'epoch': 235, 'time_epoch': 0.07029, 'loss': 1.42506756, 'lr': 0, 'params': 276757, 'time_iter': 0.00502, 'accuracy': 0.59762, 'f1': 0.58612, 'auc': 0.96588}
> Epoch 235: took 2.0s (avg 2.1s) | Best so far: epoch 209	train_loss: 0.2101 train_accuracy: 0.9319	val_loss: 2.4333 val_accuracy: 0.4667	test_loss: 1.4444 test_accuracy: 0.5857	F1: 0.5736 Prec: 0.5905 Rec: 0.5857
train: {'epoch': 236, 'time_epoch': 1.82158, 'eta': 23.75762, 'eta_hours': 0.0066, 'loss': 0.1862492, 'lr': 7.72e-06, 'params': 276757, 'time_iter': 0.01041, 'accuracy': 0.9405, 'f1': 0.94046, 'auc': 0.9991}
val: {'epoch': 236, 'time_epoch': 0.06706, 'loss': 2.64068306, 'lr': 0, 'params': 276757, 'time_iter': 0.00479, 'accuracy': 0.42619, 'f1': 0.39688, 'auc': 0.93382}
test: {'epoch': 236, 'time_epoch': 0.07605, 'loss': 1.46051557, 'lr': 0, 'params': 276757, 'time_iter': 0.00543, 'accuracy': 0.59286, 'f1': 0.58244, 'auc': 0.96561}
> Epoch 236: took 2.0s (avg 2.1s) | Best so far: epoch 209	train_loss: 0.2101 train_accuracy: 0.9319	val_loss: 2.4333 val_accuracy: 0.4667	test_loss: 1.4444 test_accuracy: 0.5857	F1: 0.5736 Prec: 0.5905 Rec: 0.5857
train: {'epoch': 237, 'time_epoch': 2.01221, 'eta': 21.93942, 'eta_hours': 0.00609, 'loss': 0.19439549, 'lr': 6.66e-06, 'params': 276757, 'time_iter': 0.0115, 'accuracy': 0.93638, 'f1': 0.93637, 'auc': 0.99888}
val: {'epoch': 237, 'time_epoch': 0.0668, 'loss': 2.60663477, 'lr': 0, 'params': 276757, 'time_iter': 0.00477, 'accuracy': 0.41905, 'f1': 0.38926, 'auc': 0.93385}
test: {'epoch': 237, 'time_epoch': 0.06627, 'loss': 1.47566016, 'lr': 0, 'params': 276757, 'time_iter': 0.00473, 'accuracy': 0.59762, 'f1': 0.5875, 'auc': 0.96505}
> Epoch 237: took 2.2s (avg 2.1s) | Best so far: epoch 209	train_loss: 0.2101 train_accuracy: 0.9319	val_loss: 2.4333 val_accuracy: 0.4667	test_loss: 1.4444 test_accuracy: 0.5857	F1: 0.5736 Prec: 0.5905 Rec: 0.5857
train: {'epoch': 238, 'time_epoch': 2.00472, 'eta': 20.11926, 'eta_hours': 0.00559, 'loss': 0.18746763, 'lr': 5.67e-06, 'params': 276757, 'time_iter': 0.01146, 'accuracy': 0.9405, 'f1': 0.94048, 'auc': 0.99907}
val: {'epoch': 238, 'time_epoch': 0.07182, 'loss': 2.54031879, 'lr': 0, 'params': 276757, 'time_iter': 0.00513, 'accuracy': 0.42619, 'f1': 0.39149, 'auc': 0.93601}
test: {'epoch': 238, 'time_epoch': 0.06946, 'loss': 1.44424431, 'lr': 0, 'params': 276757, 'time_iter': 0.00496, 'accuracy': 0.59286, 'f1': 0.58493, 'auc': 0.96621}
> Epoch 238: took 2.2s (avg 2.1s) | Best so far: epoch 209	train_loss: 0.2101 train_accuracy: 0.9319	val_loss: 2.4333 val_accuracy: 0.4667	test_loss: 1.4444 test_accuracy: 0.5857	F1: 0.5736 Prec: 0.5905 Rec: 0.5857
train: {'epoch': 239, 'time_epoch': 2.04692, 'eta': 18.29931, 'eta_hours': 0.00508, 'loss': 0.17503168, 'lr': 4.77e-06, 'params': 276757, 'time_iter': 0.0117, 'accuracy': 0.94409, 'f1': 0.94403, 'auc': 0.99921}
val: {'epoch': 239, 'time_epoch': 0.07297, 'loss': 2.56738853, 'lr': 0, 'params': 276757, 'time_iter': 0.00521, 'accuracy': 0.41429, 'f1': 0.38604, 'auc': 0.934}
test: {'epoch': 239, 'time_epoch': 0.07521, 'loss': 1.44203624, 'lr': 0, 'params': 276757, 'time_iter': 0.00537, 'accuracy': 0.6, 'f1': 0.59013, 'auc': 0.96579}
> Epoch 239: took 2.3s (avg 2.1s) | Best so far: epoch 209	train_loss: 0.2101 train_accuracy: 0.9319	val_loss: 2.4333 val_accuracy: 0.4667	test_loss: 1.4444 test_accuracy: 0.5857	F1: 0.5736 Prec: 0.5905 Rec: 0.5857
train: {'epoch': 240, 'time_epoch': 2.11144, 'eta': 16.47989, 'eta_hours': 0.00458, 'loss': 0.17994491, 'lr': 3.94e-06, 'params': 276757, 'time_iter': 0.01207, 'accuracy': 0.94606, 'f1': 0.94599, 'auc': 0.99915}
val: {'epoch': 240, 'time_epoch': 0.11103, 'loss': 2.5689747, 'lr': 0, 'params': 276757, 'time_iter': 0.00793, 'accuracy': 0.42143, 'f1': 0.38503, 'auc': 0.93621}
test: {'epoch': 240, 'time_epoch': 0.1063, 'loss': 1.40142503, 'lr': 0, 'params': 276757, 'time_iter': 0.00759, 'accuracy': 0.6, 'f1': 0.59148, 'auc': 0.96743}
> Epoch 240: took 2.4s (avg 2.1s) | Best so far: epoch 209	train_loss: 0.2101 train_accuracy: 0.9319	val_loss: 2.4333 val_accuracy: 0.4667	test_loss: 1.4444 test_accuracy: 0.5857	F1: 0.5736 Prec: 0.5905 Rec: 0.5857
train: {'epoch': 241, 'time_epoch': 1.93907, 'eta': 14.65236, 'eta_hours': 0.00407, 'loss': 0.19280639, 'lr': 3.19e-06, 'params': 276757, 'time_iter': 0.01108, 'accuracy': 0.93674, 'f1': 0.93676, 'auc': 0.99897}
val: {'epoch': 241, 'time_epoch': 0.06055, 'loss': 2.73830279, 'lr': 0, 'params': 276757, 'time_iter': 0.00433, 'accuracy': 0.39762, 'f1': 0.36977, 'auc': 0.92964}
test: {'epoch': 241, 'time_epoch': 0.08194, 'loss': 1.51014026, 'lr': 0, 'params': 276757, 'time_iter': 0.00585, 'accuracy': 0.58095, 'f1': 0.56644, 'auc': 0.96321}
> Epoch 241: took 2.2s (avg 2.1s) | Best so far: epoch 209	train_loss: 0.2101 train_accuracy: 0.9319	val_loss: 2.4333 val_accuracy: 0.4667	test_loss: 1.4444 test_accuracy: 0.5857	F1: 0.5736 Prec: 0.5905 Rec: 0.5857
train: {'epoch': 242, 'time_epoch': 1.98243, 'eta': 12.82516, 'eta_hours': 0.00356, 'loss': 0.19372205, 'lr': 2.52e-06, 'params': 276757, 'time_iter': 0.01133, 'accuracy': 0.9353, 'f1': 0.93529, 'auc': 0.9989}
val: {'epoch': 242, 'time_epoch': 0.06821, 'loss': 2.5800405, 'lr': 0, 'params': 276757, 'time_iter': 0.00487, 'accuracy': 0.42381, 'f1': 0.39731, 'auc': 0.93512}
test: {'epoch': 242, 'time_epoch': 0.06986, 'loss': 1.44634195, 'lr': 0, 'params': 276757, 'time_iter': 0.00499, 'accuracy': 0.6, 'f1': 0.58747, 'auc': 0.96585}
> Epoch 242: took 2.2s (avg 2.1s) | Best so far: epoch 209	train_loss: 0.2101 train_accuracy: 0.9319	val_loss: 2.4333 val_accuracy: 0.4667	test_loss: 1.4444 test_accuracy: 0.5857	F1: 0.5736 Prec: 0.5905 Rec: 0.5857
train: {'epoch': 243, 'time_epoch': 1.90332, 'eta': 10.99475, 'eta_hours': 0.00305, 'loss': 0.1996415, 'lr': 1.93e-06, 'params': 276757, 'time_iter': 0.01088, 'accuracy': 0.93835, 'f1': 0.93833, 'auc': 0.99891}
val: {'epoch': 243, 'time_epoch': 0.08117, 'loss': 2.61609621, 'lr': 0, 'params': 276757, 'time_iter': 0.0058, 'accuracy': 0.4119, 'f1': 0.38082, 'auc': 0.9323}
test: {'epoch': 243, 'time_epoch': 0.07484, 'loss': 1.490684, 'lr': 0, 'params': 276757, 'time_iter': 0.00535, 'accuracy': 0.5881, 'f1': 0.57366, 'auc': 0.96428}
> Epoch 243: took 2.1s (avg 2.1s) | Best so far: epoch 209	train_loss: 0.2101 train_accuracy: 0.9319	val_loss: 2.4333 val_accuracy: 0.4667	test_loss: 1.4444 test_accuracy: 0.5857	F1: 0.5736 Prec: 0.5905 Rec: 0.5857
train: {'epoch': 244, 'time_epoch': 1.77799, 'eta': 9.16118, 'eta_hours': 0.00254, 'loss': 0.20412573, 'lr': 1.42e-06, 'params': 276757, 'time_iter': 0.01016, 'accuracy': 0.93674, 'f1': 0.9367, 'auc': 0.99882}
val: {'epoch': 244, 'time_epoch': 0.07557, 'loss': 2.6094167, 'lr': 0, 'params': 276757, 'time_iter': 0.0054, 'accuracy': 0.41667, 'f1': 0.38508, 'auc': 0.93497}
test: {'epoch': 244, 'time_epoch': 0.0947, 'loss': 1.43560628, 'lr': 0, 'params': 276757, 'time_iter': 0.00676, 'accuracy': 0.59524, 'f1': 0.58638, 'auc': 0.96663}
> Epoch 244: took 2.0s (avg 2.1s) | Best so far: epoch 209	train_loss: 0.2101 train_accuracy: 0.9319	val_loss: 2.4333 val_accuracy: 0.4667	test_loss: 1.4444 test_accuracy: 0.5857	F1: 0.5736 Prec: 0.5905 Rec: 0.5857
train: {'epoch': 245, 'time_epoch': 1.76309, 'eta': 7.32782, 'eta_hours': 0.00204, 'loss': 0.18711702, 'lr': 9.9e-07, 'params': 276757, 'time_iter': 0.01007, 'accuracy': 0.93978, 'f1': 0.93977, 'auc': 0.99905}
val: {'epoch': 245, 'time_epoch': 0.083, 'loss': 2.64707916, 'lr': 0, 'params': 276757, 'time_iter': 0.00593, 'accuracy': 0.39048, 'f1': 0.35826, 'auc': 0.93261}
test: {'epoch': 245, 'time_epoch': 0.0821, 'loss': 1.49126066, 'lr': 0, 'params': 276757, 'time_iter': 0.00586, 'accuracy': 0.58571, 'f1': 0.57585, 'auc': 0.96339}
> Epoch 245: took 2.0s (avg 2.1s) | Best so far: epoch 209	train_loss: 0.2101 train_accuracy: 0.9319	val_loss: 2.4333 val_accuracy: 0.4667	test_loss: 1.4444 test_accuracy: 0.5857	F1: 0.5736 Prec: 0.5905 Rec: 0.5857
train: {'epoch': 246, 'time_epoch': 1.7323, 'eta': 5.49465, 'eta_hours': 0.00153, 'loss': 0.20013825, 'lr': 6.3e-07, 'params': 276757, 'time_iter': 0.0099, 'accuracy': 0.93548, 'f1': 0.9354, 'auc': 0.99889}
val: {'epoch': 246, 'time_epoch': 0.06888, 'loss': 2.53562032, 'lr': 0, 'params': 276757, 'time_iter': 0.00492, 'accuracy': 0.43571, 'f1': 0.40666, 'auc': 0.93761}
test: {'epoch': 246, 'time_epoch': 0.07653, 'loss': 1.44233812, 'lr': 0, 'params': 276757, 'time_iter': 0.00547, 'accuracy': 0.58571, 'f1': 0.5731, 'auc': 0.96593}
> Epoch 246: took 2.0s (avg 2.1s) | Best so far: epoch 209	train_loss: 0.2101 train_accuracy: 0.9319	val_loss: 2.4333 val_accuracy: 0.4667	test_loss: 1.4444 test_accuracy: 0.5857	F1: 0.5736 Prec: 0.5905 Rec: 0.5857
train: {'epoch': 247, 'time_epoch': 1.85144, 'eta': 3.66326, 'eta_hours': 0.00102, 'loss': 0.19529412, 'lr': 3.6e-07, 'params': 276757, 'time_iter': 0.01058, 'accuracy': 0.93889, 'f1': 0.93886, 'auc': 0.99889}
val: {'epoch': 247, 'time_epoch': 0.06635, 'loss': 2.58523217, 'lr': 0, 'params': 276757, 'time_iter': 0.00474, 'accuracy': 0.42857, 'f1': 0.40124, 'auc': 0.93458}
test: {'epoch': 247, 'time_epoch': 0.0964, 'loss': 1.48339458, 'lr': 0, 'params': 276757, 'time_iter': 0.00689, 'accuracy': 0.59048, 'f1': 0.5796, 'auc': 0.96494}
> Epoch 247: took 2.1s (avg 2.1s) | Best so far: epoch 209	train_loss: 0.2101 train_accuracy: 0.9319	val_loss: 2.4333 val_accuracy: 0.4667	test_loss: 1.4444 test_accuracy: 0.5857	F1: 0.5736 Prec: 0.5905 Rec: 0.5857
train: {'epoch': 248, 'time_epoch': 1.79604, 'eta': 1.83149, 'eta_hours': 0.00051, 'loss': 0.17964278, 'lr': 1.6e-07, 'params': 276757, 'time_iter': 0.01026, 'accuracy': 0.94068, 'f1': 0.94059, 'auc': 0.99914}
val: {'epoch': 248, 'time_epoch': 0.07939, 'loss': 2.70061696, 'lr': 0, 'params': 276757, 'time_iter': 0.00567, 'accuracy': 0.39048, 'f1': 0.36585, 'auc': 0.93023}
test: {'epoch': 248, 'time_epoch': 0.08533, 'loss': 1.40136114, 'lr': 0, 'params': 276757, 'time_iter': 0.00609, 'accuracy': 0.59524, 'f1': 0.58494, 'auc': 0.96686}
> Epoch 248: took 2.0s (avg 2.1s) | Best so far: epoch 209	train_loss: 0.2101 train_accuracy: 0.9319	val_loss: 2.4333 val_accuracy: 0.4667	test_loss: 1.4444 test_accuracy: 0.5857	F1: 0.5736 Prec: 0.5905 Rec: 0.5857
train: {'epoch': 249, 'time_epoch': 1.83589, 'eta': 0.0, 'eta_hours': 0.0, 'loss': 0.1801411, 'lr': 4e-08, 'params': 276757, 'time_iter': 0.01049, 'accuracy': 0.93996, 'f1': 0.93999, 'auc': 0.99917}
val: {'epoch': 249, 'time_epoch': 0.07719, 'loss': 2.61313719, 'lr': 0, 'params': 276757, 'time_iter': 0.00551, 'accuracy': 0.41667, 'f1': 0.39197, 'auc': 0.93371}
test: {'epoch': 249, 'time_epoch': 0.08407, 'loss': 1.49578205, 'lr': 0, 'params': 276757, 'time_iter': 0.006, 'accuracy': 0.58571, 'f1': 0.57522, 'auc': 0.96414}
> Epoch 249: took 2.1s (avg 2.1s) | Best so far: epoch 209	train_loss: 0.2101 train_accuracy: 0.9319	val_loss: 2.4333 val_accuracy: 0.4667	test_loss: 1.4444 test_accuracy: 0.5857	F1: 0.5736 Prec: 0.5905 Rec: 0.5857
Avg time per epoch: 2.07s
Total train loop time: 0.14h
Task done, results saved in results_lopo_none/NH_3m
[*] All done: 2026-04-01 14:38:17.620483
