[*] Run ID 0: seed=0, split_index=0
    Starting now: 2026-04-01 13:44:56.692513
[*] Loaded dataset 'rfid' from 'RFID':
  Data(x=[51360, 60], edge_index=[2, 51360], y=[6420], y_user=[6420], subject=[6420])
  undirected: True
  num graphs: 6420
  avg num_nodes/graph: 8
  num node features: 60
  num edge features: 0
  num classes: 21
[*] LOPO Split: Test Subj=JH 3m, Val Subj=LJ 3m
    Train: 5580 | Val: 420 | Test: 420
GraphGymModule(
  (model): CustomGNN(
    (encoder): FeatureEncoder()
    (pre_mp): GeneralMultiLayer(
      (Layer_0): GeneralLayer(
        (layer): Linear(
          (model): Linear(60, 128, bias=False)
        )
        (post_layer): Sequential(
          (0): BatchNorm1d(128, eps=1e-05, momentum=0.1, affine=True, track_running_stats=True)
          (1): Dropout(p=0.2, inplace=False)
          (2): ReLU()
        )
      )
    )
    (gnn_layers): Sequential(
      (0): GCNConvLayer(
        (bn_node_x): BatchNorm1d(128, eps=1e-05, momentum=0.1, affine=True, track_running_stats=True)
        (act): Sequential(
          (0): ReLU()
          (1): Dropout(p=0.2, inplace=False)
        )
        (model): GCNConv(128, 128)
        (norm1_local): BatchNorm1d(128, eps=1e-05, momentum=0.1, affine=True, track_running_stats=True)
        (ff_linear1): Linear(in_features=128, out_features=256, bias=True)
        (ff_linear2): Linear(in_features=256, out_features=128, bias=True)
        (act_fn_ff): ReLU()
        (norm2): BatchNorm1d(128, eps=1e-05, momentum=0.1, affine=True, track_running_stats=True)
        (ff_dropout1): Dropout(p=0.2, inplace=False)
        (ff_dropout2): Dropout(p=0.2, inplace=False)
      )
      (1): GCNConvLayer(
        (bn_node_x): BatchNorm1d(128, eps=1e-05, momentum=0.1, affine=True, track_running_stats=True)
        (act): Sequential(
          (0): ReLU()
          (1): Dropout(p=0.2, inplace=False)
        )
        (model): GCNConv(128, 128)
        (norm1_local): BatchNorm1d(128, eps=1e-05, momentum=0.1, affine=True, track_running_stats=True)
        (ff_linear1): Linear(in_features=128, out_features=256, bias=True)
        (ff_linear2): Linear(in_features=256, out_features=128, bias=True)
        (act_fn_ff): ReLU()
        (norm2): BatchNorm1d(128, eps=1e-05, momentum=0.1, affine=True, track_running_stats=True)
        (ff_dropout1): Dropout(p=0.2, inplace=False)
        (ff_dropout2): Dropout(p=0.2, inplace=False)
      )
      (2): GCNConvLayer(
        (bn_node_x): BatchNorm1d(128, eps=1e-05, momentum=0.1, affine=True, track_running_stats=True)
        (act): Sequential(
          (0): ReLU()
          (1): Dropout(p=0.2, inplace=False)
        )
        (model): GCNConv(128, 128)
        (norm1_local): BatchNorm1d(128, eps=1e-05, momentum=0.1, affine=True, track_running_stats=True)
        (ff_linear1): Linear(in_features=128, out_features=256, bias=True)
        (ff_linear2): Linear(in_features=256, out_features=128, bias=True)
        (act_fn_ff): ReLU()
        (norm2): BatchNorm1d(128, eps=1e-05, momentum=0.1, affine=True, track_running_stats=True)
        (ff_dropout1): Dropout(p=0.2, inplace=False)
        (ff_dropout2): Dropout(p=0.2, inplace=False)
      )
    )
    (post_mp): MLPGraphHead(
      (mlp): Sequential(
        (0): Dropout(p=0.2, inplace=False)
        (1): Linear(in_features=128, out_features=128, bias=True)
        (2): ReLU()
        (3): Dropout(p=0.2, inplace=False)
        (4): Linear(in_features=128, out_features=21, bias=True)
      )
    )
  )
)
accelerator: cuda
adv:
  lambda_u: 0.1
  num_users: 16
  use: False
benchmark: False
bn:
  eps: 1e-05
  mom: 0.1
cfg_dest: config.yaml
custom_metrics: []
dataset:
  cache_load: False
  cache_save: False
  dir: C:\Users\PC\Desktop\AdversarialLearningProject 1\ICML\Adversarial_Learning\Daniel\RFIDDataSet\DataSetLOPO
  edge_dim: 128
  edge_encoder: False
  edge_encoder_bn: True
  edge_encoder_name: Bond
  edge_encoder_num_types: 0
  edge_message_ratio: 0.8
  edge_negative_sampling_ratio: 1.0
  edge_train_mode: all
  encoder: True
  encoder_bn: True
  encoder_dim: 128
  encoder_name: db
  format: RFID
  infer_link_label: None
  label_column: none
  label_table: none
  location: local
  name: rfid
  node_encoder: False
  node_encoder_bn: True
  node_encoder_name: Atom
  node_encoder_num_types: 0
  remove_feature: False
  resample_disjoint: False
  resample_negative: False
  shuffle_split: True
  slic_compactness: 10
  split: [0.8, 0.1, 0.1]
  split_dir: ./splits
  split_index: 0
  split_mode: lopo-subject
  task: graph
  task_type: classification
  test_subj: JH 3m
  to_undirected: False
  transductive: False
  transform: none
  tu_simple: True
  val_subj: LJ 3m
devices: 1
example_arg: example
example_group:
  example_arg: example
gnn:
  act: relu
  agg: add
  att_final_linear: False
  att_final_linear_bn: False
  att_heads: 1
  batchnorm: True
  clear_feature: True
  dim_inner: 128
  dropout: 0.2
  ffn: True
  head: mlp_graph
  keep_edge: 0.5
  l2norm: True
  layer_type: gcn
  layers_mp: 3
  layers_post_mp: 2
  layers_pre_mp: 1
  msg_direction: single
  normalize_adj: False
  residual: False
  self_msg: concat
  skip_every: 1
  stage_type: stack
gpu_mem: False
mem:
  inplace: False
metric_agg: argmax
metric_best: accuracy
model:
  edge_decoding: dot
  graph_pooling: mean
  loss_fun: cross_entropy
  match_upper: True
  size_average: mean
  thresh: 0.5
  type: custom_gnn
name_tag: 
num_threads: 6
num_workers: 0
optim:
  base_lr: 0.001
  batch_accumulation: 1
  clip_grad_norm: False
  clip_grad_norm_value: 1.0
  lr_decay: 0.1
  max_epoch: 250
  min_lr: 0.0
  momentum: 0.9
  num_warmup_epochs: 50
  optimizer: adam
  reduce_factor: 0.1
  schedule_patience: 10
  scheduler: cos
  steps: [30, 60, 90]
  weight_decay: 0.0005
out_dir: results_lopo_none/JH_3m
posenc_RWSE:
  dim_pe: 16
  enable: False
  kernel:
    times: []
    times_func: 
  layers: 3
  model: none
  n_heads: 4
  pass_as_var: False
  post_layers: 0
  raw_norm_type: none
pretrained:
  dir: 
  freeze_main: False
  reset_prediction_head: True
print: both
round: 5
run_dir: results_lopo_none/JH_3m
run_id: 0
run_multiple_splits: []
seed: 0
share:
  dim_in: 60
  dim_out: 21
  num_splits: 3
tensorboard_agg: True
tensorboard_each_run: False
train:
  auto_resume: False
  batch_size: 32
  ckpt_best: False
  ckpt_clean: True
  ckpt_period: 100
  enable_ckpt: True
  epoch_resume: -1
  eval_period: 1
  eval_smoothing_metrics: False
  iter_per_epoch: 32
  mode: custom
  neighbor_sizes: [20, 15, 10, 5]
  node_per_graph: 32
  radius: extend
  sample_node: False
  sampler: full_batch
  skip_train_eval: False
  walk_length: 4
val:
  node_per_graph: 32
  radius: extend
  sample_node: False
  sampler: full_batch
view_emb: False
wandb:
  entity: gnn
  name: 
  project: rfid_lopo
  use: False
Num parameters: 276757
Start from epoch 0
train: {'epoch': 0, 'time_epoch': 2.50307, 'eta': 623.26535, 'eta_hours': 0.17313, 'loss': 2.61454267, 'lr': 0.001, 'params': 276757, 'time_iter': 0.0143, 'accuracy': 0.17796, 'f1': 0.16065, 'auc': 0.76224}
...computing epoch stats took: 0.09s
val: {'epoch': 0, 'time_epoch': 0.09183, 'loss': 3.5818983, 'lr': 0, 'params': 276757, 'time_iter': 0.00656, 'accuracy': 0.05, 'f1': 0.00672, 'auc': 0.67539}
...computing epoch stats took: 0.05s
test: {'epoch': 0, 'time_epoch': 0.09221, 'loss': 4.43883133, 'lr': 0, 'params': 276757, 'time_iter': 0.00659, 'accuracy': 0.04762, 'f1': 0.00859, 'auc': 0.61365}
...computing epoch stats took: 0.02s
[*] Confusion Matrix saved to: results_lopo_none/JH_3m\Conf\confusion_matrix_epoch_0.png
> Epoch 0: took 2.9s (avg 2.9s) | Best so far: epoch 0	train_loss: 2.6145 train_accuracy: 0.1780	val_loss: 3.5819 val_accuracy: 0.0500	test_loss: 4.4388 test_accuracy: 0.0476	F1: 0.0086 Prec: 0.0051 Rec: 0.0476
train: {'epoch': 1, 'time_epoch': 1.76101, 'eta': 528.74616, 'eta_hours': 0.14687, 'loss': 2.13554015, 'lr': 0.00099996, 'params': 276757, 'time_iter': 0.01006, 'accuracy': 0.30305, 'f1': 0.29012, 'auc': 0.86153}
...computing epoch stats took: 0.02s
val: {'epoch': 1, 'time_epoch': 0.07006, 'loss': 5.48359495, 'lr': 0, 'params': 276757, 'time_iter': 0.005, 'accuracy': 0.04762, 'f1': 0.01205, 'auc': 0.66845}
...computing epoch stats took: 0.02s
test: {'epoch': 1, 'time_epoch': 0.07015, 'loss': 6.89549823, 'lr': 0, 'params': 276757, 'time_iter': 0.00501, 'accuracy': 0.05476, 'f1': 0.01325, 'auc': 0.59435}
...computing epoch stats took: 0.02s
> Epoch 1: took 2.0s (avg 2.4s) | Best so far: epoch 0	train_loss: 2.6145 train_accuracy: 0.1780	val_loss: 3.5819 val_accuracy: 0.0500	test_loss: 4.4388 test_accuracy: 0.0476	F1: 0.0086 Prec: 0.0051 Rec: 0.0476
train: {'epoch': 2, 'time_epoch': 2.17923, 'eta': 530.49943, 'eta_hours': 0.14736, 'loss': 1.95644467, 'lr': 0.00099984, 'params': 276757, 'time_iter': 0.01245, 'accuracy': 0.35663, 'f1': 0.34881, 'auc': 0.88737}
...computing epoch stats took: 0.03s
val: {'epoch': 2, 'time_epoch': 0.09022, 'loss': 6.16008091, 'lr': 0, 'params': 276757, 'time_iter': 0.00644, 'accuracy': 0.04762, 'f1': 0.00451, 'auc': 0.65871}
...computing epoch stats took: 0.03s
test: {'epoch': 2, 'time_epoch': 0.10214, 'loss': 8.49558497, 'lr': 0, 'params': 276757, 'time_iter': 0.0073, 'accuracy': 0.05238, 'f1': 0.01301, 'auc': 0.6156}
...computing epoch stats took: 0.03s
> Epoch 2: took 2.5s (avg 2.4s) | Best so far: epoch 0	train_loss: 2.6145 train_accuracy: 0.1780	val_loss: 3.5819 val_accuracy: 0.0500	test_loss: 4.4388 test_accuracy: 0.0476	F1: 0.0086 Prec: 0.0051 Rec: 0.0476
train: {'epoch': 3, 'time_epoch': 1.80667, 'eta': 507.3737, 'eta_hours': 0.14094, 'loss': 1.80873187, 'lr': 0.00099964, 'params': 276757, 'time_iter': 0.01032, 'accuracy': 0.39229, 'f1': 0.38695, 'auc': 0.90662}
val: {'epoch': 3, 'time_epoch': 0.07545, 'loss': 3.51122609, 'lr': 0, 'params': 276757, 'time_iter': 0.00539, 'accuracy': 0.11429, 'f1': 0.03903, 'auc': 0.76437}
test: {'epoch': 3, 'time_epoch': 0.10298, 'loss': 4.75183823, 'lr': 0, 'params': 276757, 'time_iter': 0.00736, 'accuracy': 0.05476, 'f1': 0.00915, 'auc': 0.65227}
[*] Confusion Matrix saved to: results_lopo_none/JH_3m\Conf\confusion_matrix_epoch_3.png
> Epoch 3: took 2.1s (avg 2.3s) | Best so far: epoch 3	train_loss: 1.8087 train_accuracy: 0.3923	val_loss: 3.5112 val_accuracy: 0.1143	test_loss: 4.7518 test_accuracy: 0.0548	F1: 0.0092 Prec: 0.0050 Rec: 0.0548
train: {'epoch': 4, 'time_epoch': 2.11031, 'eta': 507.65405, 'eta_hours': 0.14102, 'loss': 1.73992171, 'lr': 0.00099937, 'params': 276757, 'time_iter': 0.01206, 'accuracy': 0.41165, 'f1': 0.40686, 'auc': 0.91446}
val: {'epoch': 4, 'time_epoch': 0.07623, 'loss': 4.14979476, 'lr': 0, 'params': 276757, 'time_iter': 0.00544, 'accuracy': 0.09286, 'f1': 0.01874, 'auc': 0.76575}
test: {'epoch': 4, 'time_epoch': 0.06967, 'loss': 5.86540535, 'lr': 0, 'params': 276757, 'time_iter': 0.00498, 'accuracy': 0.06905, 'f1': 0.01505, 'auc': 0.65959}
> Epoch 4: took 2.4s (avg 2.3s) | Best so far: epoch 3	train_loss: 1.8087 train_accuracy: 0.3923	val_loss: 3.5112 val_accuracy: 0.1143	test_loss: 4.7518 test_accuracy: 0.0548	F1: 0.0092 Prec: 0.0050 Rec: 0.0548
train: {'epoch': 5, 'time_epoch': 1.90658, 'eta': 498.85254, 'eta_hours': 0.13857, 'loss': 1.6554672, 'lr': 0.00099901, 'params': 276757, 'time_iter': 0.01089, 'accuracy': 0.45108, 'f1': 0.44688, 'auc': 0.9228}
val: {'epoch': 5, 'time_epoch': 0.0926, 'loss': 4.5325698, 'lr': 0, 'params': 276757, 'time_iter': 0.00661, 'accuracy': 0.09286, 'f1': 0.02198, 'auc': 0.74627}
test: {'epoch': 5, 'time_epoch': 0.06285, 'loss': 6.07283253, 'lr': 0, 'params': 276757, 'time_iter': 0.00449, 'accuracy': 0.09286, 'f1': 0.01828, 'auc': 0.6848}
> Epoch 5: took 2.2s (avg 2.3s) | Best so far: epoch 3	train_loss: 1.8087 train_accuracy: 0.3923	val_loss: 3.5112 val_accuracy: 0.1143	test_loss: 4.7518 test_accuracy: 0.0548	F1: 0.0092 Prec: 0.0050 Rec: 0.0548
train: {'epoch': 6, 'time_epoch': 2.04176, 'eta': 496.71375, 'eta_hours': 0.13798, 'loss': 1.62666947, 'lr': 0.00099858, 'params': 276757, 'time_iter': 0.01167, 'accuracy': 0.45018, 'f1': 0.44662, 'auc': 0.92555}
val: {'epoch': 6, 'time_epoch': 0.07603, 'loss': 3.11322782, 'lr': 0, 'params': 276757, 'time_iter': 0.00543, 'accuracy': 0.15238, 'f1': 0.07575, 'auc': 0.85286}
test: {'epoch': 6, 'time_epoch': 0.09791, 'loss': 4.42221254, 'lr': 0, 'params': 276757, 'time_iter': 0.00699, 'accuracy': 0.13333, 'f1': 0.05664, 'auc': 0.76306}
[*] Confusion Matrix saved to: results_lopo_none/JH_3m\Conf\confusion_matrix_epoch_6.png
> Epoch 6: took 2.3s (avg 2.3s) | Best so far: epoch 6	train_loss: 1.6267 train_accuracy: 0.4502	val_loss: 3.1132 val_accuracy: 0.1524	test_loss: 4.4222 test_accuracy: 0.1333	F1: 0.0566 Prec: 0.0397 Rec: 0.1333
train: {'epoch': 7, 'time_epoch': 1.79397, 'eta': 487.10365, 'eta_hours': 0.13531, 'loss': 1.55386888, 'lr': 0.00099807, 'params': 276757, 'time_iter': 0.01025, 'accuracy': 0.47688, 'f1': 0.47302, 'auc': 0.93298}
val: {'epoch': 7, 'time_epoch': 0.06605, 'loss': 5.66350655, 'lr': 0, 'params': 276757, 'time_iter': 0.00472, 'accuracy': 0.06667, 'f1': 0.01651, 'auc': 0.74523}
test: {'epoch': 7, 'time_epoch': 0.07676, 'loss': 7.32500829, 'lr': 0, 'params': 276757, 'time_iter': 0.00548, 'accuracy': 0.07619, 'f1': 0.01913, 'auc': 0.73016}
> Epoch 7: took 2.0s (avg 2.3s) | Best so far: epoch 6	train_loss: 1.6267 train_accuracy: 0.4502	val_loss: 3.1132 val_accuracy: 0.1524	test_loss: 4.4222 test_accuracy: 0.1333	F1: 0.0566 Prec: 0.0397 Rec: 0.1333
train: {'epoch': 8, 'time_epoch': 2.02855, 'eta': 485.51192, 'eta_hours': 0.13486, 'loss': 1.52764311, 'lr': 0.00099748, 'params': 276757, 'time_iter': 0.01159, 'accuracy': 0.49104, 'f1': 0.48802, 'auc': 0.93566}
val: {'epoch': 8, 'time_epoch': 0.08198, 'loss': 4.79675169, 'lr': 0, 'params': 276757, 'time_iter': 0.00586, 'accuracy': 0.09762, 'f1': 0.03546, 'auc': 0.76947}
test: {'epoch': 8, 'time_epoch': 0.09546, 'loss': 6.47245646, 'lr': 0, 'params': 276757, 'time_iter': 0.00682, 'accuracy': 0.1, 'f1': 0.02887, 'auc': 0.76449}
> Epoch 8: took 2.3s (avg 2.3s) | Best so far: epoch 6	train_loss: 1.6267 train_accuracy: 0.4502	val_loss: 3.1132 val_accuracy: 0.1524	test_loss: 4.4222 test_accuracy: 0.1333	F1: 0.0566 Prec: 0.0397 Rec: 0.1333
train: {'epoch': 9, 'time_epoch': 2.02362, 'eta': 483.71459, 'eta_hours': 0.13437, 'loss': 1.46078668, 'lr': 0.00099681, 'params': 276757, 'time_iter': 0.01156, 'accuracy': 0.50842, 'f1': 0.50586, 'auc': 0.94162}
val: {'epoch': 9, 'time_epoch': 0.06634, 'loss': 6.22048478, 'lr': 0, 'params': 276757, 'time_iter': 0.00474, 'accuracy': 0.1, 'f1': 0.03989, 'auc': 0.70501}
test: {'epoch': 9, 'time_epoch': 0.0913, 'loss': 8.83349385, 'lr': 0, 'params': 276757, 'time_iter': 0.00652, 'accuracy': 0.07619, 'f1': 0.04505, 'auc': 0.63443}
> Epoch 9: took 2.3s (avg 2.3s) | Best so far: epoch 6	train_loss: 1.6267 train_accuracy: 0.4502	val_loss: 3.1132 val_accuracy: 0.1524	test_loss: 4.4222 test_accuracy: 0.1333	F1: 0.0566 Prec: 0.0397 Rec: 0.1333
train: {'epoch': 10, 'time_epoch': 2.15354, 'eta': 484.69883, 'eta_hours': 0.13464, 'loss': 1.42864993, 'lr': 0.00099606, 'params': 276757, 'time_iter': 0.01231, 'accuracy': 0.51971, 'f1': 0.51785, 'auc': 0.94409}
val: {'epoch': 10, 'time_epoch': 0.11739, 'loss': 4.56222467, 'lr': 0, 'params': 276757, 'time_iter': 0.00839, 'accuracy': 0.1619, 'f1': 0.08244, 'auc': 0.81811}
test: {'epoch': 10, 'time_epoch': 0.07239, 'loss': 6.22726001, 'lr': 0, 'params': 276757, 'time_iter': 0.00517, 'accuracy': 0.10476, 'f1': 0.02816, 'auc': 0.74243}
[*] Confusion Matrix saved to: results_lopo_none/JH_3m\Conf\confusion_matrix_epoch_10.png
> Epoch 10: took 2.4s (avg 2.3s) | Best so far: epoch 10	train_loss: 1.4286 train_accuracy: 0.5197	val_loss: 4.5622 val_accuracy: 0.1619	test_loss: 6.2273 test_accuracy: 0.1048	F1: 0.0282 Prec: 0.0175 Rec: 0.1048
train: {'epoch': 11, 'time_epoch': 2.09891, 'eta': 484.0766, 'eta_hours': 0.13447, 'loss': 1.38811916, 'lr': 0.00099523, 'params': 276757, 'time_iter': 0.01199, 'accuracy': 0.53728, 'f1': 0.53507, 'auc': 0.94734}
val: {'epoch': 11, 'time_epoch': 0.12293, 'loss': 4.2495755, 'lr': 0, 'params': 276757, 'time_iter': 0.00878, 'accuracy': 0.14286, 'f1': 0.08179, 'auc': 0.77951}
test: {'epoch': 11, 'time_epoch': 0.09144, 'loss': 6.7979099, 'lr': 0, 'params': 276757, 'time_iter': 0.00653, 'accuracy': 0.09286, 'f1': 0.02187, 'auc': 0.72049}
> Epoch 11: took 2.4s (avg 2.3s) | Best so far: epoch 10	train_loss: 1.4286 train_accuracy: 0.5197	val_loss: 4.5622 val_accuracy: 0.1619	test_loss: 6.2273 test_accuracy: 0.1048	F1: 0.0282 Prec: 0.0175 Rec: 0.1048
train: {'epoch': 12, 'time_epoch': 1.78924, 'eta': 477.5816, 'eta_hours': 0.13266, 'loss': 1.36950213, 'lr': 0.00099433, 'params': 276757, 'time_iter': 0.01022, 'accuracy': 0.54409, 'f1': 0.54246, 'auc': 0.94889}
val: {'epoch': 12, 'time_epoch': 0.06722, 'loss': 3.00948426, 'lr': 0, 'params': 276757, 'time_iter': 0.0048, 'accuracy': 0.12381, 'f1': 0.10796, 'auc': 0.81661}
test: {'epoch': 12, 'time_epoch': 0.06135, 'loss': 3.72751784, 'lr': 0, 'params': 276757, 'time_iter': 0.00438, 'accuracy': 0.08333, 'f1': 0.06462, 'auc': 0.78084}
> Epoch 12: took 2.0s (avg 2.3s) | Best so far: epoch 10	train_loss: 1.4286 train_accuracy: 0.5197	val_loss: 4.5622 val_accuracy: 0.1619	test_loss: 6.2273 test_accuracy: 0.1048	F1: 0.0282 Prec: 0.0175 Rec: 0.1048
train: {'epoch': 13, 'time_epoch': 2.32746, 'eta': 480.83182, 'eta_hours': 0.13356, 'loss': 1.3404503, 'lr': 0.00099334, 'params': 276757, 'time_iter': 0.0133, 'accuracy': 0.55036, 'f1': 0.54828, 'auc': 0.95083}
val: {'epoch': 13, 'time_epoch': 0.07702, 'loss': 5.13104754, 'lr': 0, 'params': 276757, 'time_iter': 0.0055, 'accuracy': 0.07143, 'f1': 0.04811, 'auc': 0.75581}
test: {'epoch': 13, 'time_epoch': 0.0683, 'loss': 6.51173931, 'lr': 0, 'params': 276757, 'time_iter': 0.00488, 'accuracy': 0.08333, 'f1': 0.03703, 'auc': 0.73601}
> Epoch 13: took 2.5s (avg 2.3s) | Best so far: epoch 10	train_loss: 1.4286 train_accuracy: 0.5197	val_loss: 4.5622 val_accuracy: 0.1619	test_loss: 6.2273 test_accuracy: 0.1048	F1: 0.0282 Prec: 0.0175 Rec: 0.1048
train: {'epoch': 14, 'time_epoch': 2.00941, 'eta': 478.35555, 'eta_hours': 0.13288, 'loss': 1.30772909, 'lr': 0.00099228, 'params': 276757, 'time_iter': 0.01148, 'accuracy': 0.55717, 'f1': 0.55455, 'auc': 0.95362}
val: {'epoch': 14, 'time_epoch': 0.0637, 'loss': 5.32347977, 'lr': 0, 'params': 276757, 'time_iter': 0.00455, 'accuracy': 0.08333, 'f1': 0.02104, 'auc': 0.76607}
test: {'epoch': 14, 'time_epoch': 0.06104, 'loss': 7.4851229, 'lr': 0, 'params': 276757, 'time_iter': 0.00436, 'accuracy': 0.05476, 'f1': 0.01327, 'auc': 0.65918}
> Epoch 14: took 2.2s (avg 2.3s) | Best so far: epoch 10	train_loss: 1.4286 train_accuracy: 0.5197	val_loss: 4.5622 val_accuracy: 0.1619	test_loss: 6.2273 test_accuracy: 0.1048	F1: 0.0282 Prec: 0.0175 Rec: 0.1048
train: {'epoch': 15, 'time_epoch': 1.99879, 'eta': 475.78224, 'eta_hours': 0.13216, 'loss': 1.27553422, 'lr': 0.00099114, 'params': 276757, 'time_iter': 0.01142, 'accuracy': 0.57186, 'f1': 0.56996, 'auc': 0.95615}
val: {'epoch': 15, 'time_epoch': 0.06586, 'loss': 8.53544095, 'lr': 0, 'params': 276757, 'time_iter': 0.0047, 'accuracy': 0.04524, 'f1': 0.01926, 'auc': 0.69332}
test: {'epoch': 15, 'time_epoch': 0.06864, 'loss': 11.17791921, 'lr': 0, 'params': 276757, 'time_iter': 0.0049, 'accuracy': 0.06905, 'f1': 0.02974, 'auc': 0.67145}
> Epoch 15: took 2.2s (avg 2.3s) | Best so far: epoch 10	train_loss: 1.4286 train_accuracy: 0.5197	val_loss: 4.5622 val_accuracy: 0.1619	test_loss: 6.2273 test_accuracy: 0.1048	F1: 0.0282 Prec: 0.0175 Rec: 0.1048
train: {'epoch': 16, 'time_epoch': 1.95309, 'eta': 472.65026, 'eta_hours': 0.13129, 'loss': 1.22036035, 'lr': 0.00098993, 'params': 276757, 'time_iter': 0.01116, 'accuracy': 0.59158, 'f1': 0.5902, 'auc': 0.95945}
val: {'epoch': 16, 'time_epoch': 0.06752, 'loss': 6.41410057, 'lr': 0, 'params': 276757, 'time_iter': 0.00482, 'accuracy': 0.05, 'f1': 0.008, 'auc': 0.6903}
test: {'epoch': 16, 'time_epoch': 0.05878, 'loss': 10.09326728, 'lr': 0, 'params': 276757, 'time_iter': 0.0042, 'accuracy': 0.05, 'f1': 0.00833, 'auc': 0.67694}
> Epoch 16: took 2.2s (avg 2.3s) | Best so far: epoch 10	train_loss: 1.4286 train_accuracy: 0.5197	val_loss: 4.5622 val_accuracy: 0.1619	test_loss: 6.2273 test_accuracy: 0.1048	F1: 0.0282 Prec: 0.0175 Rec: 0.1048
train: {'epoch': 17, 'time_epoch': 1.84017, 'eta': 468.19377, 'eta_hours': 0.13005, 'loss': 1.21829732, 'lr': 0.00098863, 'params': 276757, 'time_iter': 0.01052, 'accuracy': 0.58351, 'f1': 0.58253, 'auc': 0.9601}
val: {'epoch': 17, 'time_epoch': 0.0773, 'loss': 4.63856445, 'lr': 0, 'params': 276757, 'time_iter': 0.00552, 'accuracy': 0.10238, 'f1': 0.0579, 'auc': 0.78471}
test: {'epoch': 17, 'time_epoch': 0.06632, 'loss': 6.84329314, 'lr': 0, 'params': 276757, 'time_iter': 0.00474, 'accuracy': 0.08333, 'f1': 0.05314, 'auc': 0.7066}
> Epoch 17: took 2.1s (avg 2.3s) | Best so far: epoch 10	train_loss: 1.4286 train_accuracy: 0.5197	val_loss: 4.5622 val_accuracy: 0.1619	test_loss: 6.2273 test_accuracy: 0.1048	F1: 0.0282 Prec: 0.0175 Rec: 0.1048
train: {'epoch': 18, 'time_epoch': 2.02513, 'eta': 466.26147, 'eta_hours': 0.12952, 'loss': 1.21365053, 'lr': 0.00098726, 'params': 276757, 'time_iter': 0.01157, 'accuracy': 0.59086, 'f1': 0.58917, 'auc': 0.96038}
val: {'epoch': 18, 'time_epoch': 0.07567, 'loss': 6.1776738, 'lr': 0, 'params': 276757, 'time_iter': 0.0054, 'accuracy': 0.08333, 'f1': 0.02413, 'auc': 0.71995}
test: {'epoch': 18, 'time_epoch': 0.06746, 'loss': 7.9499677, 'lr': 0, 'params': 276757, 'time_iter': 0.00482, 'accuracy': 0.08095, 'f1': 0.03083, 'auc': 0.66802}
> Epoch 18: took 2.2s (avg 2.3s) | Best so far: epoch 10	train_loss: 1.4286 train_accuracy: 0.5197	val_loss: 4.5622 val_accuracy: 0.1619	test_loss: 6.2273 test_accuracy: 0.1048	F1: 0.0282 Prec: 0.0175 Rec: 0.1048
train: {'epoch': 19, 'time_epoch': 1.95228, 'eta': 463.48205, 'eta_hours': 0.12875, 'loss': 1.15542721, 'lr': 0.00098582, 'params': 276757, 'time_iter': 0.01116, 'accuracy': 0.61219, 'f1': 0.61114, 'auc': 0.96432}
val: {'epoch': 19, 'time_epoch': 0.07542, 'loss': 5.89413939, 'lr': 0, 'params': 276757, 'time_iter': 0.00539, 'accuracy': 0.06905, 'f1': 0.01802, 'auc': 0.75405}
test: {'epoch': 19, 'time_epoch': 0.06399, 'loss': 9.22643374, 'lr': 0, 'params': 276757, 'time_iter': 0.00457, 'accuracy': 0.11667, 'f1': 0.03287, 'auc': 0.74184}
> Epoch 19: took 2.2s (avg 2.3s) | Best so far: epoch 10	train_loss: 1.4286 train_accuracy: 0.5197	val_loss: 4.5622 val_accuracy: 0.1619	test_loss: 6.2273 test_accuracy: 0.1048	F1: 0.0282 Prec: 0.0175 Rec: 0.1048
train: {'epoch': 20, 'time_epoch': 2.03402, 'eta': 461.67277, 'eta_hours': 0.12824, 'loss': 1.12597042, 'lr': 0.00098429, 'params': 276757, 'time_iter': 0.01162, 'accuracy': 0.61882, 'f1': 0.61739, 'auc': 0.96574}
val: {'epoch': 20, 'time_epoch': 0.07237, 'loss': 6.67736693, 'lr': 0, 'params': 276757, 'time_iter': 0.00517, 'accuracy': 0.06667, 'f1': 0.0318, 'auc': 0.70018}
test: {'epoch': 20, 'time_epoch': 0.07715, 'loss': 9.84897023, 'lr': 0, 'params': 276757, 'time_iter': 0.00551, 'accuracy': 0.04762, 'f1': 0.00447, 'auc': 0.65817}
> Epoch 20: took 2.3s (avg 2.3s) | Best so far: epoch 10	train_loss: 1.4286 train_accuracy: 0.5197	val_loss: 4.5622 val_accuracy: 0.1619	test_loss: 6.2273 test_accuracy: 0.1048	F1: 0.0282 Prec: 0.0175 Rec: 0.1048
train: {'epoch': 21, 'time_epoch': 1.90639, 'eta': 458.52041, 'eta_hours': 0.12737, 'loss': 1.13394318, 'lr': 0.00098269, 'params': 276757, 'time_iter': 0.01089, 'accuracy': 0.62401, 'f1': 0.62272, 'auc': 0.96538}
val: {'epoch': 21, 'time_epoch': 0.06655, 'loss': 8.09286893, 'lr': 0, 'params': 276757, 'time_iter': 0.00475, 'accuracy': 0.05, 'f1': 0.01566, 'auc': 0.69974}
test: {'epoch': 21, 'time_epoch': 0.07534, 'loss': 11.1830344, 'lr': 0, 'params': 276757, 'time_iter': 0.00538, 'accuracy': 0.05714, 'f1': 0.01317, 'auc': 0.62947}
> Epoch 21: took 2.1s (avg 2.3s) | Best so far: epoch 10	train_loss: 1.4286 train_accuracy: 0.5197	val_loss: 4.5622 val_accuracy: 0.1619	test_loss: 6.2273 test_accuracy: 0.1048	F1: 0.0282 Prec: 0.0175 Rec: 0.1048
train: {'epoch': 22, 'time_epoch': 1.98771, 'eta': 456.27898, 'eta_hours': 0.12674, 'loss': 1.06903116, 'lr': 0.00098101, 'params': 276757, 'time_iter': 0.01136, 'accuracy': 0.64319, 'f1': 0.64226, 'auc': 0.96906}
val: {'epoch': 22, 'time_epoch': 0.07786, 'loss': 10.82116854, 'lr': 0, 'params': 276757, 'time_iter': 0.00556, 'accuracy': 0.04762, 'f1': 0.00445, 'auc': 0.65237}
test: {'epoch': 22, 'time_epoch': 0.08823, 'loss': 15.44432126, 'lr': 0, 'params': 276757, 'time_iter': 0.0063, 'accuracy': 0.04762, 'f1': 0.00433, 'auc': 0.65173}
> Epoch 22: took 2.2s (avg 2.3s) | Best so far: epoch 10	train_loss: 1.4286 train_accuracy: 0.5197	val_loss: 4.5622 val_accuracy: 0.1619	test_loss: 6.2273 test_accuracy: 0.1048	F1: 0.0282 Prec: 0.0175 Rec: 0.1048
train: {'epoch': 23, 'time_epoch': 1.96757, 'eta': 453.86906, 'eta_hours': 0.12607, 'loss': 1.07308846, 'lr': 0.00097926, 'params': 276757, 'time_iter': 0.01124, 'accuracy': 0.63889, 'f1': 0.63735, 'auc': 0.96874}
val: {'epoch': 23, 'time_epoch': 0.0683, 'loss': 4.86124456, 'lr': 0, 'params': 276757, 'time_iter': 0.00488, 'accuracy': 0.09762, 'f1': 0.06939, 'auc': 0.78031}
test: {'epoch': 23, 'time_epoch': 0.11618, 'loss': 6.81464835, 'lr': 0, 'params': 276757, 'time_iter': 0.0083, 'accuracy': 0.07857, 'f1': 0.02979, 'auc': 0.71226}
> Epoch 23: took 2.2s (avg 2.3s) | Best so far: epoch 10	train_loss: 1.4286 train_accuracy: 0.5197	val_loss: 4.5622 val_accuracy: 0.1619	test_loss: 6.2273 test_accuracy: 0.1048	F1: 0.0282 Prec: 0.0175 Rec: 0.1048
train: {'epoch': 24, 'time_epoch': 1.61245, 'eta': 448.29838, 'eta_hours': 0.12453, 'loss': 1.05495654, 'lr': 0.00097743, 'params': 276757, 'time_iter': 0.00921, 'accuracy': 0.64731, 'f1': 0.64669, 'auc': 0.96996}
val: {'epoch': 24, 'time_epoch': 0.069, 'loss': 4.82866968, 'lr': 0, 'params': 276757, 'time_iter': 0.00493, 'accuracy': 0.17619, 'f1': 0.11696, 'auc': 0.80914}
test: {'epoch': 24, 'time_epoch': 0.06315, 'loss': 7.30955989, 'lr': 0, 'params': 276757, 'time_iter': 0.00451, 'accuracy': 0.1, 'f1': 0.03135, 'auc': 0.75158}
[*] Confusion Matrix saved to: results_lopo_none/JH_3m\Conf\confusion_matrix_epoch_24.png
> Epoch 24: took 1.8s (avg 2.2s) | Best so far: epoch 24	train_loss: 1.0550 train_accuracy: 0.6473	val_loss: 4.8287 val_accuracy: 0.1762	test_loss: 7.3096 test_accuracy: 0.1000	F1: 0.0313 Prec: 0.0622 Rec: 0.1000
train: {'epoch': 25, 'time_epoch': 1.99616, 'eta': 446.338, 'eta_hours': 0.12398, 'loss': 1.03967979, 'lr': 0.00097553, 'params': 276757, 'time_iter': 0.01141, 'accuracy': 0.64767, 'f1': 0.64687, 'auc': 0.97112}
val: {'epoch': 25, 'time_epoch': 0.07646, 'loss': 7.68723939, 'lr': 0, 'params': 276757, 'time_iter': 0.00546, 'accuracy': 0.0881, 'f1': 0.01998, 'auc': 0.72486}
test: {'epoch': 25, 'time_epoch': 0.06832, 'loss': 11.21022967, 'lr': 0, 'params': 276757, 'time_iter': 0.00488, 'accuracy': 0.0881, 'f1': 0.02338, 'auc': 0.67952}
> Epoch 25: took 2.2s (avg 2.2s) | Best so far: epoch 24	train_loss: 1.0550 train_accuracy: 0.6473	val_loss: 4.8287 val_accuracy: 0.1762	test_loss: 7.3096 test_accuracy: 0.1000	F1: 0.0313 Prec: 0.0622 Rec: 0.1000
train: {'epoch': 26, 'time_epoch': 1.7999, 'eta': 442.75404, 'eta_hours': 0.12299, 'loss': 1.00584664, 'lr': 0.00097355, 'params': 276757, 'time_iter': 0.01029, 'accuracy': 0.6629, 'f1': 0.66195, 'auc': 0.97266}
val: {'epoch': 26, 'time_epoch': 0.08857, 'loss': 5.89295738, 'lr': 0, 'params': 276757, 'time_iter': 0.00633, 'accuracy': 0.12857, 'f1': 0.05565, 'auc': 0.78854}
test: {'epoch': 26, 'time_epoch': 0.06616, 'loss': 8.69416267, 'lr': 0, 'params': 276757, 'time_iter': 0.00473, 'accuracy': 0.09524, 'f1': 0.02118, 'auc': 0.71697}
> Epoch 26: took 2.0s (avg 2.2s) | Best so far: epoch 24	train_loss: 1.0550 train_accuracy: 0.6473	val_loss: 4.8287 val_accuracy: 0.1762	test_loss: 7.3096 test_accuracy: 0.1000	F1: 0.0313 Prec: 0.0622 Rec: 0.1000
train: {'epoch': 27, 'time_epoch': 1.97679, 'eta': 440.69997, 'eta_hours': 0.12242, 'loss': 0.97823424, 'lr': 0.0009715, 'params': 276757, 'time_iter': 0.0113, 'accuracy': 0.67509, 'f1': 0.67407, 'auc': 0.97417}
val: {'epoch': 27, 'time_epoch': 0.10114, 'loss': 10.45069063, 'lr': 0, 'params': 276757, 'time_iter': 0.00722, 'accuracy': 0.04286, 'f1': 0.00568, 'auc': 0.69051}
test: {'epoch': 27, 'time_epoch': 0.12175, 'loss': 13.29655516, 'lr': 0, 'params': 276757, 'time_iter': 0.0087, 'accuracy': 0.06429, 'f1': 0.01182, 'auc': 0.68602}
> Epoch 27: took 2.3s (avg 2.2s) | Best so far: epoch 24	train_loss: 1.0550 train_accuracy: 0.6473	val_loss: 4.8287 val_accuracy: 0.1762	test_loss: 7.3096 test_accuracy: 0.1000	F1: 0.0313 Prec: 0.0622 Rec: 0.1000
train: {'epoch': 28, 'time_epoch': 2.13548, 'eta': 439.86056, 'eta_hours': 0.12218, 'loss': 0.98669644, 'lr': 0.00096937, 'params': 276757, 'time_iter': 0.0122, 'accuracy': 0.67115, 'f1': 0.66983, 'auc': 0.9735}
val: {'epoch': 28, 'time_epoch': 0.06641, 'loss': 4.24959319, 'lr': 0, 'params': 276757, 'time_iter': 0.00474, 'accuracy': 0.17857, 'f1': 0.13171, 'auc': 0.83987}
test: {'epoch': 28, 'time_epoch': 0.10854, 'loss': 5.71634119, 'lr': 0, 'params': 276757, 'time_iter': 0.00775, 'accuracy': 0.13571, 'f1': 0.08217, 'auc': 0.81731}
[*] Confusion Matrix saved to: results_lopo_none/JH_3m\Conf\confusion_matrix_epoch_28.png
> Epoch 28: took 2.4s (avg 2.2s) | Best so far: epoch 28	train_loss: 0.9867 train_accuracy: 0.6712	val_loss: 4.2496 val_accuracy: 0.1786	test_loss: 5.7163 test_accuracy: 0.1357	F1: 0.0822 Prec: 0.1100 Rec: 0.1357
train: {'epoch': 29, 'time_epoch': 1.9154, 'eta': 437.32085, 'eta_hours': 0.12148, 'loss': 0.96066136, 'lr': 0.00096716, 'params': 276757, 'time_iter': 0.01095, 'accuracy': 0.67885, 'f1': 0.67838, 'auc': 0.97531}
val: {'epoch': 29, 'time_epoch': 0.09503, 'loss': 5.95904708, 'lr': 0, 'params': 276757, 'time_iter': 0.00679, 'accuracy': 0.10476, 'f1': 0.04223, 'auc': 0.77439}
test: {'epoch': 29, 'time_epoch': 0.06837, 'loss': 9.74950234, 'lr': 0, 'params': 276757, 'time_iter': 0.00488, 'accuracy': 0.09524, 'f1': 0.02454, 'auc': 0.72394}
> Epoch 29: took 2.2s (avg 2.2s) | Best so far: epoch 28	train_loss: 0.9867 train_accuracy: 0.6712	val_loss: 4.2496 val_accuracy: 0.1786	test_loss: 5.7163 test_accuracy: 0.1357	F1: 0.0822 Prec: 0.1100 Rec: 0.1357
train: {'epoch': 30, 'time_epoch': 1.86548, 'eta': 434.46872, 'eta_hours': 0.12069, 'loss': 0.97435278, 'lr': 0.00096489, 'params': 276757, 'time_iter': 0.01066, 'accuracy': 0.67903, 'f1': 0.67792, 'auc': 0.97416}
val: {'epoch': 30, 'time_epoch': 0.11248, 'loss': 6.21617295, 'lr': 0, 'params': 276757, 'time_iter': 0.00803, 'accuracy': 0.13095, 'f1': 0.0687, 'auc': 0.77514}
test: {'epoch': 30, 'time_epoch': 0.12149, 'loss': 9.19968541, 'lr': 0, 'params': 276757, 'time_iter': 0.00868, 'accuracy': 0.09048, 'f1': 0.02314, 'auc': 0.68749}
> Epoch 30: took 2.2s (avg 2.2s) | Best so far: epoch 28	train_loss: 0.9867 train_accuracy: 0.6712	val_loss: 4.2496 val_accuracy: 0.1786	test_loss: 5.7163 test_accuracy: 0.1357	F1: 0.0822 Prec: 0.1100 Rec: 0.1357
train: {'epoch': 31, 'time_epoch': 1.88042, 'eta': 431.78008, 'eta_hours': 0.11994, 'loss': 0.9466648, 'lr': 0.00096254, 'params': 276757, 'time_iter': 0.01075, 'accuracy': 0.68889, 'f1': 0.68785, 'auc': 0.97547}
val: {'epoch': 31, 'time_epoch': 0.07412, 'loss': 5.47189934, 'lr': 0, 'params': 276757, 'time_iter': 0.00529, 'accuracy': 0.14762, 'f1': 0.08636, 'auc': 0.78018}
test: {'epoch': 31, 'time_epoch': 0.06712, 'loss': 7.88810635, 'lr': 0, 'params': 276757, 'time_iter': 0.00479, 'accuracy': 0.11905, 'f1': 0.05797, 'auc': 0.75283}
> Epoch 31: took 2.1s (avg 2.2s) | Best so far: epoch 28	train_loss: 0.9867 train_accuracy: 0.6712	val_loss: 4.2496 val_accuracy: 0.1786	test_loss: 5.7163 test_accuracy: 0.1357	F1: 0.0822 Prec: 0.1100 Rec: 0.1357
train: {'epoch': 32, 'time_epoch': 1.73002, 'eta': 428.15142, 'eta_hours': 0.11893, 'loss': 0.92282991, 'lr': 0.00096012, 'params': 276757, 'time_iter': 0.00989, 'accuracy': 0.69373, 'f1': 0.69303, 'auc': 0.97717}
val: {'epoch': 32, 'time_epoch': 0.06739, 'loss': 5.20828221, 'lr': 0, 'params': 276757, 'time_iter': 0.00481, 'accuracy': 0.15714, 'f1': 0.07079, 'auc': 0.78781}
test: {'epoch': 32, 'time_epoch': 0.07003, 'loss': 8.30214972, 'lr': 0, 'params': 276757, 'time_iter': 0.005, 'accuracy': 0.12619, 'f1': 0.07468, 'auc': 0.68043}
> Epoch 32: took 1.9s (avg 2.2s) | Best so far: epoch 28	train_loss: 0.9867 train_accuracy: 0.6712	val_loss: 4.2496 val_accuracy: 0.1786	test_loss: 5.7163 test_accuracy: 0.1357	F1: 0.0822 Prec: 0.1100 Rec: 0.1357
train: {'epoch': 33, 'time_epoch': 1.80626, 'eta': 425.11877, 'eta_hours': 0.11809, 'loss': 0.91026733, 'lr': 0.00095762, 'params': 276757, 'time_iter': 0.01032, 'accuracy': 0.69534, 'f1': 0.69492, 'auc': 0.97785}
val: {'epoch': 33, 'time_epoch': 0.09788, 'loss': 3.2109936, 'lr': 0, 'params': 276757, 'time_iter': 0.00699, 'accuracy': 0.27381, 'f1': 0.20154, 'auc': 0.86289}
test: {'epoch': 33, 'time_epoch': 0.06792, 'loss': 4.52424662, 'lr': 0, 'params': 276757, 'time_iter': 0.00485, 'accuracy': 0.14762, 'f1': 0.08473, 'auc': 0.79721}
[*] Confusion Matrix saved to: results_lopo_none/JH_3m\Conf\confusion_matrix_epoch_33.png
> Epoch 33: took 2.0s (avg 2.2s) | Best so far: epoch 33	train_loss: 0.9103 train_accuracy: 0.6953	val_loss: 3.2110 val_accuracy: 0.2738	test_loss: 4.5242 test_accuracy: 0.1476	F1: 0.0847 Prec: 0.1490 Rec: 0.1476
train: {'epoch': 34, 'time_epoch': 1.80208, 'eta': 422.13053, 'eta_hours': 0.11726, 'loss': 0.90653426, 'lr': 0.00095505, 'params': 276757, 'time_iter': 0.0103, 'accuracy': 0.70197, 'f1': 0.70125, 'auc': 0.97762}
val: {'epoch': 34, 'time_epoch': 0.07095, 'loss': 4.59619299, 'lr': 0, 'params': 276757, 'time_iter': 0.00507, 'accuracy': 0.13571, 'f1': 0.08355, 'auc': 0.79946}
test: {'epoch': 34, 'time_epoch': 0.08838, 'loss': 7.24694565, 'lr': 0, 'params': 276757, 'time_iter': 0.00631, 'accuracy': 0.1119, 'f1': 0.03719, 'auc': 0.75257}
> Epoch 34: took 2.0s (avg 2.2s) | Best so far: epoch 33	train_loss: 0.9103 train_accuracy: 0.6953	val_loss: 3.2110 val_accuracy: 0.2738	test_loss: 4.5242 test_accuracy: 0.1476	F1: 0.0847 Prec: 0.1490 Rec: 0.1476
train: {'epoch': 35, 'time_epoch': 1.77437, 'eta': 419.04347, 'eta_hours': 0.1164, 'loss': 0.87882129, 'lr': 0.00095241, 'params': 276757, 'time_iter': 0.01014, 'accuracy': 0.70878, 'f1': 0.70835, 'auc': 0.97941}
val: {'epoch': 35, 'time_epoch': 0.09364, 'loss': 6.97442276, 'lr': 0, 'params': 276757, 'time_iter': 0.00669, 'accuracy': 0.09286, 'f1': 0.03587, 'auc': 0.74167}
test: {'epoch': 35, 'time_epoch': 0.10045, 'loss': 10.6333675, 'lr': 0, 'params': 276757, 'time_iter': 0.00718, 'accuracy': 0.06429, 'f1': 0.02101, 'auc': 0.69393}
> Epoch 35: took 2.0s (avg 2.2s) | Best so far: epoch 33	train_loss: 0.9103 train_accuracy: 0.6953	val_loss: 3.2110 val_accuracy: 0.2738	test_loss: 4.5242 test_accuracy: 0.1476	F1: 0.0847 Prec: 0.1490 Rec: 0.1476
train: {'epoch': 36, 'time_epoch': 1.75219, 'eta': 415.89969, 'eta_hours': 0.11553, 'loss': 0.87798888, 'lr': 0.0009497, 'params': 276757, 'time_iter': 0.01001, 'accuracy': 0.71093, 'f1': 0.71029, 'auc': 0.97927}
val: {'epoch': 36, 'time_epoch': 0.07424, 'loss': 4.82609909, 'lr': 0, 'params': 276757, 'time_iter': 0.0053, 'accuracy': 0.13571, 'f1': 0.09163, 'auc': 0.79187}
test: {'epoch': 36, 'time_epoch': 0.06227, 'loss': 6.98454444, 'lr': 0, 'params': 276757, 'time_iter': 0.00445, 'accuracy': 0.12619, 'f1': 0.08954, 'auc': 0.73967}
> Epoch 36: took 2.0s (avg 2.2s) | Best so far: epoch 33	train_loss: 0.9103 train_accuracy: 0.6953	val_loss: 3.2110 val_accuracy: 0.2738	test_loss: 4.5242 test_accuracy: 0.1476	F1: 0.0847 Prec: 0.1490 Rec: 0.1476
train: {'epoch': 37, 'time_epoch': 1.74866, 'eta': 412.80943, 'eta_hours': 0.11467, 'loss': 0.84949662, 'lr': 0.00094692, 'params': 276757, 'time_iter': 0.00999, 'accuracy': 0.71595, 'f1': 0.71551, 'auc': 0.98069}
val: {'epoch': 37, 'time_epoch': 0.08744, 'loss': 4.92401819, 'lr': 0, 'params': 276757, 'time_iter': 0.00625, 'accuracy': 0.14762, 'f1': 0.0906, 'auc': 0.8171}
test: {'epoch': 37, 'time_epoch': 0.07548, 'loss': 7.54581535, 'lr': 0, 'params': 276757, 'time_iter': 0.00539, 'accuracy': 0.13571, 'f1': 0.05906, 'auc': 0.75724}
> Epoch 37: took 2.0s (avg 2.2s) | Best so far: epoch 33	train_loss: 0.9103 train_accuracy: 0.6953	val_loss: 3.2110 val_accuracy: 0.2738	test_loss: 4.5242 test_accuracy: 0.1476	F1: 0.0847 Prec: 0.1490 Rec: 0.1476
train: {'epoch': 38, 'time_epoch': 1.83244, 'eta': 410.24127, 'eta_hours': 0.11396, 'loss': 0.83960475, 'lr': 0.00094407, 'params': 276757, 'time_iter': 0.01047, 'accuracy': 0.71935, 'f1': 0.71869, 'auc': 0.98111}
val: {'epoch': 38, 'time_epoch': 0.07676, 'loss': 4.81057168, 'lr': 0, 'params': 276757, 'time_iter': 0.00548, 'accuracy': 0.10952, 'f1': 0.05824, 'auc': 0.78863}
test: {'epoch': 38, 'time_epoch': 0.07342, 'loss': 7.10158444, 'lr': 0, 'params': 276757, 'time_iter': 0.00524, 'accuracy': 0.14286, 'f1': 0.08141, 'auc': 0.74732}
> Epoch 38: took 2.1s (avg 2.2s) | Best so far: epoch 33	train_loss: 0.9103 train_accuracy: 0.6953	val_loss: 3.2110 val_accuracy: 0.2738	test_loss: 4.5242 test_accuracy: 0.1476	F1: 0.0847 Prec: 0.1490 Rec: 0.1476
train: {'epoch': 39, 'time_epoch': 1.79597, 'eta': 407.51844, 'eta_hours': 0.1132, 'loss': 0.85467588, 'lr': 0.00094115, 'params': 276757, 'time_iter': 0.01026, 'accuracy': 0.71523, 'f1': 0.71463, 'auc': 0.98048}
val: {'epoch': 39, 'time_epoch': 0.0884, 'loss': 8.18380098, 'lr': 0, 'params': 276757, 'time_iter': 0.00631, 'accuracy': 0.12143, 'f1': 0.05397, 'auc': 0.76554}
test: {'epoch': 39, 'time_epoch': 0.06719, 'loss': 11.61598781, 'lr': 0, 'params': 276757, 'time_iter': 0.0048, 'accuracy': 0.10714, 'f1': 0.03103, 'auc': 0.69544}
> Epoch 39: took 2.0s (avg 2.2s) | Best so far: epoch 33	train_loss: 0.9103 train_accuracy: 0.6953	val_loss: 3.2110 val_accuracy: 0.2738	test_loss: 4.5242 test_accuracy: 0.1476	F1: 0.0847 Prec: 0.1490 Rec: 0.1476
train: {'epoch': 40, 'time_epoch': 1.73124, 'eta': 404.51085, 'eta_hours': 0.11236, 'loss': 0.83215645, 'lr': 0.00093815, 'params': 276757, 'time_iter': 0.00989, 'accuracy': 0.72222, 'f1': 0.72171, 'auc': 0.98118}
val: {'epoch': 40, 'time_epoch': 0.06987, 'loss': 3.12107742, 'lr': 0, 'params': 276757, 'time_iter': 0.00499, 'accuracy': 0.24762, 'f1': 0.20228, 'auc': 0.86192}
test: {'epoch': 40, 'time_epoch': 0.06285, 'loss': 3.98198606, 'lr': 0, 'params': 276757, 'time_iter': 0.00449, 'accuracy': 0.15714, 'f1': 0.10296, 'auc': 0.83283}
> Epoch 40: took 1.9s (avg 2.2s) | Best so far: epoch 33	train_loss: 0.9103 train_accuracy: 0.6953	val_loss: 3.2110 val_accuracy: 0.2738	test_loss: 4.5242 test_accuracy: 0.1476	F1: 0.0847 Prec: 0.1490 Rec: 0.1476
train: {'epoch': 41, 'time_epoch': 1.78988, 'eta': 401.85445, 'eta_hours': 0.11163, 'loss': 0.87735504, 'lr': 0.00093509, 'params': 276757, 'time_iter': 0.01023, 'accuracy': 0.71093, 'f1': 0.7103, 'auc': 0.97935}
val: {'epoch': 41, 'time_epoch': 0.08312, 'loss': 5.59359867, 'lr': 0, 'params': 276757, 'time_iter': 0.00594, 'accuracy': 0.1619, 'f1': 0.08777, 'auc': 0.76432}
test: {'epoch': 41, 'time_epoch': 0.06926, 'loss': 9.03999187, 'lr': 0, 'params': 276757, 'time_iter': 0.00495, 'accuracy': 0.1, 'f1': 0.06055, 'auc': 0.6856}
> Epoch 41: took 2.0s (avg 2.2s) | Best so far: epoch 33	train_loss: 0.9103 train_accuracy: 0.6953	val_loss: 3.2110 val_accuracy: 0.2738	test_loss: 4.5242 test_accuracy: 0.1476	F1: 0.0847 Prec: 0.1490 Rec: 0.1476
train: {'epoch': 42, 'time_epoch': 1.81461, 'eta': 399.35739, 'eta_hours': 0.11093, 'loss': 0.7930504, 'lr': 0.00093196, 'params': 276757, 'time_iter': 0.01037, 'accuracy': 0.73369, 'f1': 0.73338, 'auc': 0.98295}
val: {'epoch': 42, 'time_epoch': 0.07396, 'loss': 5.57242812, 'lr': 0, 'params': 276757, 'time_iter': 0.00528, 'accuracy': 0.10238, 'f1': 0.05884, 'auc': 0.8046}
test: {'epoch': 42, 'time_epoch': 0.0745, 'loss': 7.68566964, 'lr': 0, 'params': 276757, 'time_iter': 0.00532, 'accuracy': 0.13571, 'f1': 0.05525, 'auc': 0.7451}
> Epoch 42: took 2.1s (avg 2.2s) | Best so far: epoch 33	train_loss: 0.9103 train_accuracy: 0.6953	val_loss: 3.2110 val_accuracy: 0.2738	test_loss: 4.5242 test_accuracy: 0.1476	F1: 0.0847 Prec: 0.1490 Rec: 0.1476
train: {'epoch': 43, 'time_epoch': 1.89996, 'eta': 397.29095, 'eta_hours': 0.11036, 'loss': 0.81547623, 'lr': 0.00092876, 'params': 276757, 'time_iter': 0.01086, 'accuracy': 0.73065, 'f1': 0.73067, 'auc': 0.9821}
val: {'epoch': 43, 'time_epoch': 0.08264, 'loss': 4.21520005, 'lr': 0, 'params': 276757, 'time_iter': 0.0059, 'accuracy': 0.15714, 'f1': 0.12623, 'auc': 0.82218}
test: {'epoch': 43, 'time_epoch': 0.09856, 'loss': 6.33042539, 'lr': 0, 'params': 276757, 'time_iter': 0.00704, 'accuracy': 0.15, 'f1': 0.09793, 'auc': 0.75561}
> Epoch 43: took 2.2s (avg 2.2s) | Best so far: epoch 33	train_loss: 0.9103 train_accuracy: 0.6953	val_loss: 3.2110 val_accuracy: 0.2738	test_loss: 4.5242 test_accuracy: 0.1476	F1: 0.0847 Prec: 0.1490 Rec: 0.1476
train: {'epoch': 44, 'time_epoch': 1.82279, 'eta': 394.88036, 'eta_hours': 0.10969, 'loss': 0.80767083, 'lr': 0.0009255, 'params': 276757, 'time_iter': 0.01042, 'accuracy': 0.73262, 'f1': 0.73242, 'auc': 0.98228}
val: {'epoch': 44, 'time_epoch': 0.08528, 'loss': 4.92053983, 'lr': 0, 'params': 276757, 'time_iter': 0.00609, 'accuracy': 0.12381, 'f1': 0.07915, 'auc': 0.7986}
test: {'epoch': 44, 'time_epoch': 0.11468, 'loss': 8.32435977, 'lr': 0, 'params': 276757, 'time_iter': 0.00819, 'accuracy': 0.11429, 'f1': 0.04219, 'auc': 0.73039}
> Epoch 44: took 2.1s (avg 2.2s) | Best so far: epoch 33	train_loss: 0.9103 train_accuracy: 0.6953	val_loss: 3.2110 val_accuracy: 0.2738	test_loss: 4.5242 test_accuracy: 0.1476	F1: 0.0847 Prec: 0.1490 Rec: 0.1476
train: {'epoch': 45, 'time_epoch': 1.97225, 'eta': 393.15813, 'eta_hours': 0.10921, 'loss': 0.76864438, 'lr': 0.00092216, 'params': 276757, 'time_iter': 0.01127, 'accuracy': 0.74928, 'f1': 0.74877, 'auc': 0.98395}
val: {'epoch': 45, 'time_epoch': 0.08891, 'loss': 3.26555675, 'lr': 0, 'params': 276757, 'time_iter': 0.00635, 'accuracy': 0.21429, 'f1': 0.13764, 'auc': 0.86939}
test: {'epoch': 45, 'time_epoch': 0.07401, 'loss': 5.13737129, 'lr': 0, 'params': 276757, 'time_iter': 0.00529, 'accuracy': 0.13095, 'f1': 0.05068, 'auc': 0.81342}
> Epoch 45: took 2.2s (avg 2.2s) | Best so far: epoch 33	train_loss: 0.9103 train_accuracy: 0.6953	val_loss: 3.2110 val_accuracy: 0.2738	test_loss: 4.5242 test_accuracy: 0.1476	F1: 0.0847 Prec: 0.1490 Rec: 0.1476
train: {'epoch': 46, 'time_epoch': 2.02041, 'eta': 391.63327, 'eta_hours': 0.10879, 'loss': 0.78219499, 'lr': 0.00091876, 'params': 276757, 'time_iter': 0.01155, 'accuracy': 0.73853, 'f1': 0.73816, 'auc': 0.98342}
val: {'epoch': 46, 'time_epoch': 0.06649, 'loss': 6.51157383, 'lr': 0, 'params': 276757, 'time_iter': 0.00475, 'accuracy': 0.0881, 'f1': 0.03333, 'auc': 0.74972}
test: {'epoch': 46, 'time_epoch': 0.09248, 'loss': 10.21382712, 'lr': 0, 'params': 276757, 'time_iter': 0.00661, 'accuracy': 0.09286, 'f1': 0.02039, 'auc': 0.727}
> Epoch 46: took 2.2s (avg 2.2s) | Best so far: epoch 33	train_loss: 0.9103 train_accuracy: 0.6953	val_loss: 3.2110 val_accuracy: 0.2738	test_loss: 4.5242 test_accuracy: 0.1476	F1: 0.0847 Prec: 0.1490 Rec: 0.1476
train: {'epoch': 47, 'time_epoch': 1.95293, 'eta': 389.80378, 'eta_hours': 0.10828, 'loss': 0.74876302, 'lr': 0.0009153, 'params': 276757, 'time_iter': 0.01116, 'accuracy': 0.74982, 'f1': 0.74934, 'auc': 0.98461}
val: {'epoch': 47, 'time_epoch': 0.0757, 'loss': 5.50943775, 'lr': 0, 'params': 276757, 'time_iter': 0.00541, 'accuracy': 0.1119, 'f1': 0.05704, 'auc': 0.79801}
test: {'epoch': 47, 'time_epoch': 0.07843, 'loss': 8.64982321, 'lr': 0, 'params': 276757, 'time_iter': 0.0056, 'accuracy': 0.09286, 'f1': 0.0331, 'auc': 0.74777}
> Epoch 47: took 2.2s (avg 2.2s) | Best so far: epoch 33	train_loss: 0.9103 train_accuracy: 0.6953	val_loss: 3.2110 val_accuracy: 0.2738	test_loss: 4.5242 test_accuracy: 0.1476	F1: 0.0847 Prec: 0.1490 Rec: 0.1476
train: {'epoch': 48, 'time_epoch': 2.0469, 'eta': 388.35474, 'eta_hours': 0.10788, 'loss': 0.76532472, 'lr': 0.00091177, 'params': 276757, 'time_iter': 0.0117, 'accuracy': 0.74875, 'f1': 0.74845, 'auc': 0.98402}
val: {'epoch': 48, 'time_epoch': 0.07959, 'loss': 5.96230049, 'lr': 0, 'params': 276757, 'time_iter': 0.00568, 'accuracy': 0.15476, 'f1': 0.07734, 'auc': 0.8218}
test: {'epoch': 48, 'time_epoch': 0.07686, 'loss': 9.00446202, 'lr': 0, 'params': 276757, 'time_iter': 0.00549, 'accuracy': 0.08571, 'f1': 0.05371, 'auc': 0.72254}
> Epoch 48: took 2.3s (avg 2.2s) | Best so far: epoch 33	train_loss: 0.9103 train_accuracy: 0.6953	val_loss: 3.2110 val_accuracy: 0.2738	test_loss: 4.5242 test_accuracy: 0.1476	F1: 0.0847 Prec: 0.1490 Rec: 0.1476
train: {'epoch': 49, 'time_epoch': 1.9252, 'eta': 386.39498, 'eta_hours': 0.10733, 'loss': 0.75288765, 'lr': 0.00090817, 'params': 276757, 'time_iter': 0.011, 'accuracy': 0.74731, 'f1': 0.74705, 'auc': 0.98469}
val: {'epoch': 49, 'time_epoch': 0.07458, 'loss': 5.57495221, 'lr': 0, 'params': 276757, 'time_iter': 0.00533, 'accuracy': 0.12857, 'f1': 0.0975, 'auc': 0.76924}
test: {'epoch': 49, 'time_epoch': 0.07483, 'loss': 6.64100039, 'lr': 0, 'params': 276757, 'time_iter': 0.00535, 'accuracy': 0.10952, 'f1': 0.05665, 'auc': 0.74225}
> Epoch 49: took 2.2s (avg 2.2s) | Best so far: epoch 33	train_loss: 0.9103 train_accuracy: 0.6953	val_loss: 3.2110 val_accuracy: 0.2738	test_loss: 4.5242 test_accuracy: 0.1476	F1: 0.0847 Prec: 0.1490 Rec: 0.1476
train: {'epoch': 50, 'time_epoch': 1.90955, 'eta': 384.37551, 'eta_hours': 0.10677, 'loss': 0.70796683, 'lr': 0.00090451, 'params': 276757, 'time_iter': 0.01091, 'accuracy': 0.77025, 'f1': 0.7701, 'auc': 0.98661}
val: {'epoch': 50, 'time_epoch': 0.08594, 'loss': 8.10190466, 'lr': 0, 'params': 276757, 'time_iter': 0.00614, 'accuracy': 0.05714, 'f1': 0.02115, 'auc': 0.72271}
test: {'epoch': 50, 'time_epoch': 0.13468, 'loss': 10.70400621, 'lr': 0, 'params': 276757, 'time_iter': 0.00962, 'accuracy': 0.06429, 'f1': 0.01922, 'auc': 0.69337}
> Epoch 50: took 2.2s (avg 2.2s) | Best so far: epoch 33	train_loss: 0.9103 train_accuracy: 0.6953	val_loss: 3.2110 val_accuracy: 0.2738	test_loss: 4.5242 test_accuracy: 0.1476	F1: 0.0847 Prec: 0.1490 Rec: 0.1476
train: {'epoch': 51, 'time_epoch': 1.90617, 'eta': 382.34737, 'eta_hours': 0.10621, 'loss': 0.72102441, 'lr': 0.00090078, 'params': 276757, 'time_iter': 0.01089, 'accuracy': 0.76039, 'f1': 0.76009, 'auc': 0.98614}
val: {'epoch': 51, 'time_epoch': 0.07653, 'loss': 4.32663141, 'lr': 0, 'params': 276757, 'time_iter': 0.00547, 'accuracy': 0.17381, 'f1': 0.09373, 'auc': 0.85749}
test: {'epoch': 51, 'time_epoch': 0.0715, 'loss': 7.06446941, 'lr': 0, 'params': 276757, 'time_iter': 0.00511, 'accuracy': 0.12619, 'f1': 0.0635, 'auc': 0.75629}
> Epoch 51: took 2.1s (avg 2.2s) | Best so far: epoch 33	train_loss: 0.9103 train_accuracy: 0.6953	val_loss: 3.2110 val_accuracy: 0.2738	test_loss: 4.5242 test_accuracy: 0.1476	F1: 0.0847 Prec: 0.1490 Rec: 0.1476
train: {'epoch': 52, 'time_epoch': 1.7626, 'eta': 379.79019, 'eta_hours': 0.1055, 'loss': 0.72877665, 'lr': 0.000897, 'params': 276757, 'time_iter': 0.01007, 'accuracy': 0.76129, 'f1': 0.76082, 'auc': 0.98546}
val: {'epoch': 52, 'time_epoch': 0.08771, 'loss': 14.82492629, 'lr': 0, 'params': 276757, 'time_iter': 0.00627, 'accuracy': 0.04762, 'f1': 0.00445, 'auc': 0.61524}
test: {'epoch': 52, 'time_epoch': 0.07179, 'loss': 21.83983, 'lr': 0, 'params': 276757, 'time_iter': 0.00513, 'accuracy': 0.04762, 'f1': 0.00433, 'auc': 0.58877}
> Epoch 52: took 2.0s (avg 2.2s) | Best so far: epoch 33	train_loss: 0.9103 train_accuracy: 0.6953	val_loss: 3.2110 val_accuracy: 0.2738	test_loss: 4.5242 test_accuracy: 0.1476	F1: 0.0847 Prec: 0.1490 Rec: 0.1476
train: {'epoch': 53, 'time_epoch': 1.91649, 'eta': 377.82103, 'eta_hours': 0.10495, 'loss': 0.70882809, 'lr': 0.00089314, 'params': 276757, 'time_iter': 0.01095, 'accuracy': 0.76541, 'f1': 0.76526, 'auc': 0.98627}
val: {'epoch': 53, 'time_epoch': 0.07046, 'loss': 6.52475962, 'lr': 0, 'params': 276757, 'time_iter': 0.00503, 'accuracy': 0.14048, 'f1': 0.09859, 'auc': 0.78707}
test: {'epoch': 53, 'time_epoch': 0.06403, 'loss': 10.31765876, 'lr': 0, 'params': 276757, 'time_iter': 0.00457, 'accuracy': 0.11905, 'f1': 0.0459, 'auc': 0.72767}
> Epoch 53: took 2.1s (avg 2.2s) | Best so far: epoch 33	train_loss: 0.9103 train_accuracy: 0.6953	val_loss: 3.2110 val_accuracy: 0.2738	test_loss: 4.5242 test_accuracy: 0.1476	F1: 0.0847 Prec: 0.1490 Rec: 0.1476
train: {'epoch': 54, 'time_epoch': 1.73153, 'eta': 375.19802, 'eta_hours': 0.10422, 'loss': 0.71965669, 'lr': 0.00088923, 'params': 276757, 'time_iter': 0.00989, 'accuracy': 0.76111, 'f1': 0.76094, 'auc': 0.98605}
val: {'epoch': 54, 'time_epoch': 0.0607, 'loss': 5.49796872, 'lr': 0, 'params': 276757, 'time_iter': 0.00434, 'accuracy': 0.14048, 'f1': 0.08794, 'auc': 0.76687}
test: {'epoch': 54, 'time_epoch': 0.08765, 'loss': 9.65775829, 'lr': 0, 'params': 276757, 'time_iter': 0.00626, 'accuracy': 0.10476, 'f1': 0.04232, 'auc': 0.69195}
> Epoch 54: took 2.0s (avg 2.2s) | Best so far: epoch 33	train_loss: 0.9103 train_accuracy: 0.6953	val_loss: 3.2110 val_accuracy: 0.2738	test_loss: 4.5242 test_accuracy: 0.1476	F1: 0.0847 Prec: 0.1490 Rec: 0.1476
train: {'epoch': 55, 'time_epoch': 1.72787, 'eta': 372.59414, 'eta_hours': 0.1035, 'loss': 0.71162332, 'lr': 0.00088526, 'params': 276757, 'time_iter': 0.00987, 'accuracy': 0.75717, 'f1': 0.7571, 'auc': 0.9865}
val: {'epoch': 55, 'time_epoch': 0.06316, 'loss': 4.47305954, 'lr': 0, 'params': 276757, 'time_iter': 0.00451, 'accuracy': 0.23333, 'f1': 0.14891, 'auc': 0.82063}
test: {'epoch': 55, 'time_epoch': 0.06134, 'loss': 6.43588842, 'lr': 0, 'params': 276757, 'time_iter': 0.00438, 'accuracy': 0.16667, 'f1': 0.10656, 'auc': 0.7544}
> Epoch 55: took 1.9s (avg 2.2s) | Best so far: epoch 33	train_loss: 0.9103 train_accuracy: 0.6953	val_loss: 3.2110 val_accuracy: 0.2738	test_loss: 4.5242 test_accuracy: 0.1476	F1: 0.0847 Prec: 0.1490 Rec: 0.1476
train: {'epoch': 56, 'time_epoch': 1.81705, 'eta': 370.32299, 'eta_hours': 0.10287, 'loss': 0.68171703, 'lr': 0.00088122, 'params': 276757, 'time_iter': 0.01038, 'accuracy': 0.77652, 'f1': 0.77631, 'auc': 0.98723}
val: {'epoch': 56, 'time_epoch': 0.05937, 'loss': 3.97700202, 'lr': 0, 'params': 276757, 'time_iter': 0.00424, 'accuracy': 0.17857, 'f1': 0.1489, 'auc': 0.84149}
test: {'epoch': 56, 'time_epoch': 0.07665, 'loss': 3.6645955, 'lr': 0, 'params': 276757, 'time_iter': 0.00547, 'accuracy': 0.17381, 'f1': 0.11818, 'auc': 0.86274}
> Epoch 56: took 2.1s (avg 2.2s) | Best so far: epoch 33	train_loss: 0.9103 train_accuracy: 0.6953	val_loss: 3.2110 val_accuracy: 0.2738	test_loss: 4.5242 test_accuracy: 0.1476	F1: 0.0847 Prec: 0.1490 Rec: 0.1476
train: {'epoch': 57, 'time_epoch': 1.80975, 'eta': 368.04331, 'eta_hours': 0.10223, 'loss': 0.68142654, 'lr': 0.00087713, 'params': 276757, 'time_iter': 0.01034, 'accuracy': 0.77007, 'f1': 0.77003, 'auc': 0.98745}
val: {'epoch': 57, 'time_epoch': 0.08078, 'loss': 6.47656642, 'lr': 0, 'params': 276757, 'time_iter': 0.00577, 'accuracy': 0.06905, 'f1': 0.02908, 'auc': 0.73723}
test: {'epoch': 57, 'time_epoch': 0.07134, 'loss': 11.32941469, 'lr': 0, 'params': 276757, 'time_iter': 0.0051, 'accuracy': 0.0881, 'f1': 0.04836, 'auc': 0.68779}
> Epoch 57: took 2.1s (avg 2.2s) | Best so far: epoch 33	train_loss: 0.9103 train_accuracy: 0.6953	val_loss: 3.2110 val_accuracy: 0.2738	test_loss: 4.5242 test_accuracy: 0.1476	F1: 0.0847 Prec: 0.1490 Rec: 0.1476
train: {'epoch': 58, 'time_epoch': 1.77841, 'eta': 365.67811, 'eta_hours': 0.10158, 'loss': 0.67518354, 'lr': 0.00087297, 'params': 276757, 'time_iter': 0.01016, 'accuracy': 0.77437, 'f1': 0.77381, 'auc': 0.98764}
val: {'epoch': 58, 'time_epoch': 0.07046, 'loss': 8.32791136, 'lr': 0, 'params': 276757, 'time_iter': 0.00503, 'accuracy': 0.1119, 'f1': 0.04863, 'auc': 0.75466}
test: {'epoch': 58, 'time_epoch': 0.07208, 'loss': 12.45347919, 'lr': 0, 'params': 276757, 'time_iter': 0.00515, 'accuracy': 0.11667, 'f1': 0.04803, 'auc': 0.68233}
> Epoch 58: took 2.0s (avg 2.2s) | Best so far: epoch 33	train_loss: 0.9103 train_accuracy: 0.6953	val_loss: 3.2110 val_accuracy: 0.2738	test_loss: 4.5242 test_accuracy: 0.1476	F1: 0.0847 Prec: 0.1490 Rec: 0.1476
train: {'epoch': 59, 'time_epoch': 1.80396, 'eta': 363.41339, 'eta_hours': 0.10095, 'loss': 0.65609066, 'lr': 0.00086876, 'params': 276757, 'time_iter': 0.01031, 'accuracy': 0.78029, 'f1': 0.77988, 'auc': 0.98829}
val: {'epoch': 59, 'time_epoch': 0.06976, 'loss': 7.10191243, 'lr': 0, 'params': 276757, 'time_iter': 0.00498, 'accuracy': 0.1, 'f1': 0.05347, 'auc': 0.75925}
test: {'epoch': 59, 'time_epoch': 0.08692, 'loss': 10.90498859, 'lr': 0, 'params': 276757, 'time_iter': 0.00621, 'accuracy': 0.09524, 'f1': 0.03719, 'auc': 0.73139}
> Epoch 59: took 2.1s (avg 2.2s) | Best so far: epoch 33	train_loss: 0.9103 train_accuracy: 0.6953	val_loss: 3.2110 val_accuracy: 0.2738	test_loss: 4.5242 test_accuracy: 0.1476	F1: 0.0847 Prec: 0.1490 Rec: 0.1476
train: {'epoch': 60, 'time_epoch': 1.79626, 'eta': 361.13989, 'eta_hours': 0.10032, 'loss': 0.65744847, 'lr': 0.00086448, 'params': 276757, 'time_iter': 0.01026, 'accuracy': 0.78405, 'f1': 0.78379, 'auc': 0.98802}
val: {'epoch': 60, 'time_epoch': 0.06661, 'loss': 6.45233424, 'lr': 0, 'params': 276757, 'time_iter': 0.00476, 'accuracy': 0.12381, 'f1': 0.06469, 'auc': 0.79618}
test: {'epoch': 60, 'time_epoch': 0.06661, 'loss': 8.21575752, 'lr': 0, 'params': 276757, 'time_iter': 0.00476, 'accuracy': 0.11667, 'f1': 0.05865, 'auc': 0.72857}
> Epoch 60: took 2.0s (avg 2.2s) | Best so far: epoch 33	train_loss: 0.9103 train_accuracy: 0.6953	val_loss: 3.2110 val_accuracy: 0.2738	test_loss: 4.5242 test_accuracy: 0.1476	F1: 0.0847 Prec: 0.1490 Rec: 0.1476
train: {'epoch': 61, 'time_epoch': 1.74886, 'eta': 358.73808, 'eta_hours': 0.09965, 'loss': 0.66378849, 'lr': 0.00086015, 'params': 276757, 'time_iter': 0.00999, 'accuracy': 0.77742, 'f1': 0.77725, 'auc': 0.98786}
val: {'epoch': 61, 'time_epoch': 0.06775, 'loss': 12.10445528, 'lr': 0, 'params': 276757, 'time_iter': 0.00484, 'accuracy': 0.06429, 'f1': 0.02605, 'auc': 0.67788}
test: {'epoch': 61, 'time_epoch': 0.06181, 'loss': 16.58964846, 'lr': 0, 'params': 276757, 'time_iter': 0.00441, 'accuracy': 0.06905, 'f1': 0.02435, 'auc': 0.63729}
> Epoch 61: took 2.0s (avg 2.1s) | Best so far: epoch 33	train_loss: 0.9103 train_accuracy: 0.6953	val_loss: 3.2110 val_accuracy: 0.2738	test_loss: 4.5242 test_accuracy: 0.1476	F1: 0.0847 Prec: 0.1490 Rec: 0.1476
train: {'epoch': 62, 'time_epoch': 1.82214, 'eta': 356.57451, 'eta_hours': 0.09905, 'loss': 0.69443578, 'lr': 0.00085577, 'params': 276757, 'time_iter': 0.01041, 'accuracy': 0.76595, 'f1': 0.76588, 'auc': 0.98711}
val: {'epoch': 62, 'time_epoch': 0.07691, 'loss': 3.5929084, 'lr': 0, 'params': 276757, 'time_iter': 0.00549, 'accuracy': 0.25476, 'f1': 0.18943, 'auc': 0.86474}
test: {'epoch': 62, 'time_epoch': 0.09319, 'loss': 5.92420866, 'lr': 0, 'params': 276757, 'time_iter': 0.00666, 'accuracy': 0.15476, 'f1': 0.09514, 'auc': 0.77655}
> Epoch 62: took 2.1s (avg 2.1s) | Best so far: epoch 33	train_loss: 0.9103 train_accuracy: 0.6953	val_loss: 3.2110 val_accuracy: 0.2738	test_loss: 4.5242 test_accuracy: 0.1476	F1: 0.0847 Prec: 0.1490 Rec: 0.1476
train: {'epoch': 63, 'time_epoch': 1.86912, 'eta': 354.55815, 'eta_hours': 0.09849, 'loss': 0.64079544, 'lr': 0.00085132, 'params': 276757, 'time_iter': 0.01068, 'accuracy': 0.78333, 'f1': 0.78311, 'auc': 0.98899}
val: {'epoch': 63, 'time_epoch': 0.0743, 'loss': 6.10729406, 'lr': 0, 'params': 276757, 'time_iter': 0.00531, 'accuracy': 0.1119, 'f1': 0.05093, 'auc': 0.79742}
test: {'epoch': 63, 'time_epoch': 0.09739, 'loss': 9.61713227, 'lr': 0, 'params': 276757, 'time_iter': 0.00696, 'accuracy': 0.08333, 'f1': 0.03398, 'auc': 0.71585}
> Epoch 63: took 2.1s (avg 2.1s) | Best so far: epoch 33	train_loss: 0.9103 train_accuracy: 0.6953	val_loss: 3.2110 val_accuracy: 0.2738	test_loss: 4.5242 test_accuracy: 0.1476	F1: 0.0847 Prec: 0.1490 Rec: 0.1476
train: {'epoch': 64, 'time_epoch': 1.50533, 'eta': 351.5109, 'eta_hours': 0.09764, 'loss': 0.63133833, 'lr': 0.00084683, 'params': 276757, 'time_iter': 0.0086, 'accuracy': 0.78728, 'f1': 0.78725, 'auc': 0.98937}
val: {'epoch': 64, 'time_epoch': 0.0713, 'loss': 3.57264294, 'lr': 0, 'params': 276757, 'time_iter': 0.00509, 'accuracy': 0.21905, 'f1': 0.14334, 'auc': 0.84441}
test: {'epoch': 64, 'time_epoch': 0.06797, 'loss': 5.24593258, 'lr': 0, 'params': 276757, 'time_iter': 0.00486, 'accuracy': 0.19286, 'f1': 0.12899, 'auc': 0.8033}
> Epoch 64: took 1.7s (avg 2.1s) | Best so far: epoch 33	train_loss: 0.9103 train_accuracy: 0.6953	val_loss: 3.2110 val_accuracy: 0.2738	test_loss: 4.5242 test_accuracy: 0.1476	F1: 0.0847 Prec: 0.1490 Rec: 0.1476
train: {'epoch': 65, 'time_epoch': 1.84668, 'eta': 349.46204, 'eta_hours': 0.09707, 'loss': 0.62270472, 'lr': 0.00084227, 'params': 276757, 'time_iter': 0.01055, 'accuracy': 0.79211, 'f1': 0.79189, 'auc': 0.9894}
val: {'epoch': 65, 'time_epoch': 0.07411, 'loss': 3.92927737, 'lr': 0, 'params': 276757, 'time_iter': 0.00529, 'accuracy': 0.22143, 'f1': 0.14803, 'auc': 0.86445}
test: {'epoch': 65, 'time_epoch': 0.14073, 'loss': 6.65543232, 'lr': 0, 'params': 276757, 'time_iter': 0.01005, 'accuracy': 0.14286, 'f1': 0.06462, 'auc': 0.77168}
> Epoch 65: took 2.1s (avg 2.1s) | Best so far: epoch 33	train_loss: 0.9103 train_accuracy: 0.6953	val_loss: 3.2110 val_accuracy: 0.2738	test_loss: 4.5242 test_accuracy: 0.1476	F1: 0.0847 Prec: 0.1490 Rec: 0.1476
train: {'epoch': 66, 'time_epoch': 1.94815, 'eta': 347.69635, 'eta_hours': 0.09658, 'loss': 0.62526043, 'lr': 0.00083767, 'params': 276757, 'time_iter': 0.01113, 'accuracy': 0.7871, 'f1': 0.78689, 'auc': 0.9895}
val: {'epoch': 66, 'time_epoch': 0.0664, 'loss': 4.16078102, 'lr': 0, 'params': 276757, 'time_iter': 0.00474, 'accuracy': 0.16905, 'f1': 0.12266, 'auc': 0.82696}
test: {'epoch': 66, 'time_epoch': 0.06544, 'loss': 5.73213956, 'lr': 0, 'params': 276757, 'time_iter': 0.00467, 'accuracy': 0.19762, 'f1': 0.10483, 'auc': 0.80951}
> Epoch 66: took 2.2s (avg 2.1s) | Best so far: epoch 33	train_loss: 0.9103 train_accuracy: 0.6953	val_loss: 3.2110 val_accuracy: 0.2738	test_loss: 4.5242 test_accuracy: 0.1476	F1: 0.0847 Prec: 0.1490 Rec: 0.1476
train: {'epoch': 67, 'time_epoch': 1.99223, 'eta': 346.04328, 'eta_hours': 0.09612, 'loss': 0.61855386, 'lr': 0.00083301, 'params': 276757, 'time_iter': 0.01138, 'accuracy': 0.78853, 'f1': 0.78838, 'auc': 0.9898}
val: {'epoch': 67, 'time_epoch': 0.08632, 'loss': 5.99748306, 'lr': 0, 'params': 276757, 'time_iter': 0.00617, 'accuracy': 0.09048, 'f1': 0.04667, 'auc': 0.75516}
test: {'epoch': 67, 'time_epoch': 0.07101, 'loss': 9.80279934, 'lr': 0, 'params': 276757, 'time_iter': 0.00507, 'accuracy': 0.1, 'f1': 0.03521, 'auc': 0.71902}
> Epoch 67: took 2.2s (avg 2.1s) | Best so far: epoch 33	train_loss: 0.9103 train_accuracy: 0.6953	val_loss: 3.2110 val_accuracy: 0.2738	test_loss: 4.5242 test_accuracy: 0.1476	F1: 0.0847 Prec: 0.1490 Rec: 0.1476
train: {'epoch': 68, 'time_epoch': 2.13102, 'eta': 344.74446, 'eta_hours': 0.09576, 'loss': 0.61111446, 'lr': 0.00082829, 'params': 276757, 'time_iter': 0.01218, 'accuracy': 0.7948, 'f1': 0.79459, 'auc': 0.98975}
val: {'epoch': 68, 'time_epoch': 0.06862, 'loss': 5.437831, 'lr': 0, 'params': 276757, 'time_iter': 0.0049, 'accuracy': 0.1619, 'f1': 0.09784, 'auc': 0.82727}
test: {'epoch': 68, 'time_epoch': 0.07818, 'loss': 7.74791313, 'lr': 0, 'params': 276757, 'time_iter': 0.00558, 'accuracy': 0.14524, 'f1': 0.05619, 'auc': 0.78496}
> Epoch 68: took 2.4s (avg 2.1s) | Best so far: epoch 33	train_loss: 0.9103 train_accuracy: 0.6953	val_loss: 3.2110 val_accuracy: 0.2738	test_loss: 4.5242 test_accuracy: 0.1476	F1: 0.0847 Prec: 0.1490 Rec: 0.1476
train: {'epoch': 69, 'time_epoch': 1.85057, 'eta': 342.70069, 'eta_hours': 0.09519, 'loss': 0.60477092, 'lr': 0.00082353, 'params': 276757, 'time_iter': 0.01057, 'accuracy': 0.79301, 'f1': 0.79302, 'auc': 0.99026}
val: {'epoch': 69, 'time_epoch': 0.0664, 'loss': 11.0927728, 'lr': 0, 'params': 276757, 'time_iter': 0.00474, 'accuracy': 0.06905, 'f1': 0.0406, 'auc': 0.71793}
test: {'epoch': 69, 'time_epoch': 0.07903, 'loss': 15.34459426, 'lr': 0, 'params': 276757, 'time_iter': 0.00564, 'accuracy': 0.07619, 'f1': 0.03349, 'auc': 0.6478}
> Epoch 69: took 2.1s (avg 2.1s) | Best so far: epoch 33	train_loss: 0.9103 train_accuracy: 0.6953	val_loss: 3.2110 val_accuracy: 0.2738	test_loss: 4.5242 test_accuracy: 0.1476	F1: 0.0847 Prec: 0.1490 Rec: 0.1476
train: {'epoch': 70, 'time_epoch': 1.93628, 'eta': 340.87845, 'eta_hours': 0.09469, 'loss': 0.6178602, 'lr': 0.00081871, 'params': 276757, 'time_iter': 0.01106, 'accuracy': 0.80054, 'f1': 0.80034, 'auc': 0.98959}
val: {'epoch': 70, 'time_epoch': 0.07139, 'loss': 4.32407932, 'lr': 0, 'params': 276757, 'time_iter': 0.0051, 'accuracy': 0.27143, 'f1': 0.19217, 'auc': 0.8447}
test: {'epoch': 70, 'time_epoch': 0.06672, 'loss': 6.1009812, 'lr': 0, 'params': 276757, 'time_iter': 0.00477, 'accuracy': 0.18095, 'f1': 0.09985, 'auc': 0.78992}
> Epoch 70: took 2.2s (avg 2.1s) | Best so far: epoch 33	train_loss: 0.9103 train_accuracy: 0.6953	val_loss: 3.2110 val_accuracy: 0.2738	test_loss: 4.5242 test_accuracy: 0.1476	F1: 0.0847 Prec: 0.1490 Rec: 0.1476
train: {'epoch': 71, 'time_epoch': 1.68945, 'eta': 338.44282, 'eta_hours': 0.09401, 'loss': 0.61298442, 'lr': 0.00081385, 'params': 276757, 'time_iter': 0.00965, 'accuracy': 0.80161, 'f1': 0.8015, 'auc': 0.98961}
val: {'epoch': 71, 'time_epoch': 0.07829, 'loss': 5.13703657, 'lr': 0, 'params': 276757, 'time_iter': 0.00559, 'accuracy': 0.19762, 'f1': 0.11954, 'auc': 0.82092}
test: {'epoch': 71, 'time_epoch': 0.06694, 'loss': 7.46294552, 'lr': 0, 'params': 276757, 'time_iter': 0.00478, 'accuracy': 0.12619, 'f1': 0.06216, 'auc': 0.79473}
> Epoch 71: took 1.9s (avg 2.1s) | Best so far: epoch 33	train_loss: 0.9103 train_accuracy: 0.6953	val_loss: 3.2110 val_accuracy: 0.2738	test_loss: 4.5242 test_accuracy: 0.1476	F1: 0.0847 Prec: 0.1490 Rec: 0.1476
train: {'epoch': 72, 'time_epoch': 1.69794, 'eta': 336.04823, 'eta_hours': 0.09335, 'loss': 0.59902423, 'lr': 0.00080893, 'params': 276757, 'time_iter': 0.0097, 'accuracy': 0.79839, 'f1': 0.7982, 'auc': 0.99023}
val: {'epoch': 72, 'time_epoch': 0.06698, 'loss': 3.86517209, 'lr': 0, 'params': 276757, 'time_iter': 0.00478, 'accuracy': 0.24762, 'f1': 0.18615, 'auc': 0.86102}
test: {'epoch': 72, 'time_epoch': 0.07056, 'loss': 4.78866525, 'lr': 0, 'params': 276757, 'time_iter': 0.00504, 'accuracy': 0.22381, 'f1': 0.15213, 'auc': 0.81308}
> Epoch 72: took 1.9s (avg 2.1s) | Best so far: epoch 33	train_loss: 0.9103 train_accuracy: 0.6953	val_loss: 3.2110 val_accuracy: 0.2738	test_loss: 4.5242 test_accuracy: 0.1476	F1: 0.0847 Prec: 0.1490 Rec: 0.1476
train: {'epoch': 73, 'time_epoch': 1.92225, 'eta': 334.20594, 'eta_hours': 0.09283, 'loss': 0.56092889, 'lr': 0.00080397, 'params': 276757, 'time_iter': 0.01098, 'accuracy': 0.81272, 'f1': 0.81248, 'auc': 0.99144}
val: {'epoch': 73, 'time_epoch': 0.10903, 'loss': 2.9920546, 'lr': 0, 'params': 276757, 'time_iter': 0.00779, 'accuracy': 0.22619, 'f1': 0.18294, 'auc': 0.87451}
test: {'epoch': 73, 'time_epoch': 0.08873, 'loss': 3.46508238, 'lr': 0, 'params': 276757, 'time_iter': 0.00634, 'accuracy': 0.1881, 'f1': 0.14506, 'auc': 0.84375}
> Epoch 73: took 2.2s (avg 2.1s) | Best so far: epoch 33	train_loss: 0.9103 train_accuracy: 0.6953	val_loss: 3.2110 val_accuracy: 0.2738	test_loss: 4.5242 test_accuracy: 0.1476	F1: 0.0847 Prec: 0.1490 Rec: 0.1476
train: {'epoch': 74, 'time_epoch': 1.68428, 'eta': 331.80628, 'eta_hours': 0.09217, 'loss': 0.57321642, 'lr': 0.00079895, 'params': 276757, 'time_iter': 0.00962, 'accuracy': 0.8095, 'f1': 0.80932, 'auc': 0.99093}
val: {'epoch': 74, 'time_epoch': 0.07125, 'loss': 3.29896994, 'lr': 0, 'params': 276757, 'time_iter': 0.00509, 'accuracy': 0.24048, 'f1': 0.20246, 'auc': 0.87295}
test: {'epoch': 74, 'time_epoch': 0.08626, 'loss': 4.57179909, 'lr': 0, 'params': 276757, 'time_iter': 0.00616, 'accuracy': 0.16905, 'f1': 0.11943, 'auc': 0.82207}
> Epoch 74: took 1.9s (avg 2.1s) | Best so far: epoch 33	train_loss: 0.9103 train_accuracy: 0.6953	val_loss: 3.2110 val_accuracy: 0.2738	test_loss: 4.5242 test_accuracy: 0.1476	F1: 0.0847 Prec: 0.1490 Rec: 0.1476
train: {'epoch': 75, 'time_epoch': 1.82786, 'eta': 329.75417, 'eta_hours': 0.0916, 'loss': 0.56975372, 'lr': 0.00079389, 'params': 276757, 'time_iter': 0.01044, 'accuracy': 0.80502, 'f1': 0.80485, 'auc': 0.99126}
val: {'epoch': 75, 'time_epoch': 0.08195, 'loss': 7.23074145, 'lr': 0, 'params': 276757, 'time_iter': 0.00585, 'accuracy': 0.11429, 'f1': 0.05591, 'auc': 0.77069}
test: {'epoch': 75, 'time_epoch': 0.07071, 'loss': 11.34528996, 'lr': 0, 'params': 276757, 'time_iter': 0.00505, 'accuracy': 0.11905, 'f1': 0.03386, 'auc': 0.71524}
> Epoch 75: took 2.1s (avg 2.1s) | Best so far: epoch 33	train_loss: 0.9103 train_accuracy: 0.6953	val_loss: 3.2110 val_accuracy: 0.2738	test_loss: 4.5242 test_accuracy: 0.1476	F1: 0.0847 Prec: 0.1490 Rec: 0.1476
train: {'epoch': 76, 'time_epoch': 1.70924, 'eta': 327.44136, 'eta_hours': 0.09096, 'loss': 0.56747533, 'lr': 0.00078879, 'params': 276757, 'time_iter': 0.00977, 'accuracy': 0.80878, 'f1': 0.80858, 'auc': 0.99116}
val: {'epoch': 76, 'time_epoch': 0.07544, 'loss': 6.64714628, 'lr': 0, 'params': 276757, 'time_iter': 0.00539, 'accuracy': 0.11429, 'f1': 0.06924, 'auc': 0.78417}
test: {'epoch': 76, 'time_epoch': 0.07151, 'loss': 9.78175883, 'lr': 0, 'params': 276757, 'time_iter': 0.00511, 'accuracy': 0.12381, 'f1': 0.05406, 'auc': 0.70184}
> Epoch 76: took 1.9s (avg 2.1s) | Best so far: epoch 33	train_loss: 0.9103 train_accuracy: 0.6953	val_loss: 3.2110 val_accuracy: 0.2738	test_loss: 4.5242 test_accuracy: 0.1476	F1: 0.0847 Prec: 0.1490 Rec: 0.1476
train: {'epoch': 77, 'time_epoch': 1.60282, 'eta': 324.90936, 'eta_hours': 0.09025, 'loss': 0.55419645, 'lr': 0.00078363, 'params': 276757, 'time_iter': 0.00916, 'accuracy': 0.81505, 'f1': 0.8149, 'auc': 0.99154}
val: {'epoch': 77, 'time_epoch': 0.08697, 'loss': 7.48637535, 'lr': 0, 'params': 276757, 'time_iter': 0.00621, 'accuracy': 0.09524, 'f1': 0.0562, 'auc': 0.79379}
test: {'epoch': 77, 'time_epoch': 0.07907, 'loss': 11.3675673, 'lr': 0, 'params': 276757, 'time_iter': 0.00565, 'accuracy': 0.06905, 'f1': 0.02762, 'auc': 0.69086}
> Epoch 77: took 1.9s (avg 2.1s) | Best so far: epoch 33	train_loss: 0.9103 train_accuracy: 0.6953	val_loss: 3.2110 val_accuracy: 0.2738	test_loss: 4.5242 test_accuracy: 0.1476	F1: 0.0847 Prec: 0.1490 Rec: 0.1476
train: {'epoch': 78, 'time_epoch': 1.9231, 'eta': 323.09413, 'eta_hours': 0.08975, 'loss': 0.54878098, 'lr': 0.00077844, 'params': 276757, 'time_iter': 0.01099, 'accuracy': 0.81989, 'f1': 0.81977, 'auc': 0.99171}
val: {'epoch': 78, 'time_epoch': 0.068, 'loss': 5.73281875, 'lr': 0, 'params': 276757, 'time_iter': 0.00486, 'accuracy': 0.14048, 'f1': 0.09496, 'auc': 0.82782}
test: {'epoch': 78, 'time_epoch': 0.07446, 'loss': 8.82315887, 'lr': 0, 'params': 276757, 'time_iter': 0.00532, 'accuracy': 0.13095, 'f1': 0.05928, 'auc': 0.76232}
> Epoch 78: took 2.1s (avg 2.1s) | Best so far: epoch 33	train_loss: 0.9103 train_accuracy: 0.6953	val_loss: 3.2110 val_accuracy: 0.2738	test_loss: 4.5242 test_accuracy: 0.1476	F1: 0.0847 Prec: 0.1490 Rec: 0.1476
train: {'epoch': 79, 'time_epoch': 1.69079, 'eta': 320.78256, 'eta_hours': 0.08911, 'loss': 0.57274805, 'lr': 0.0007732, 'params': 276757, 'time_iter': 0.00966, 'accuracy': 0.81237, 'f1': 0.81218, 'auc': 0.99101}
val: {'epoch': 79, 'time_epoch': 0.06725, 'loss': 4.54043318, 'lr': 0, 'params': 276757, 'time_iter': 0.0048, 'accuracy': 0.16429, 'f1': 0.10436, 'auc': 0.84745}
test: {'epoch': 79, 'time_epoch': 0.06773, 'loss': 7.47184131, 'lr': 0, 'params': 276757, 'time_iter': 0.00484, 'accuracy': 0.14286, 'f1': 0.06314, 'auc': 0.75363}
> Epoch 79: took 1.9s (avg 2.1s) | Best so far: epoch 33	train_loss: 0.9103 train_accuracy: 0.6953	val_loss: 3.2110 val_accuracy: 0.2738	test_loss: 4.5242 test_accuracy: 0.1476	F1: 0.0847 Prec: 0.1490 Rec: 0.1476
train: {'epoch': 80, 'time_epoch': 1.84074, 'eta': 318.79918, 'eta_hours': 0.08856, 'loss': 0.56437417, 'lr': 0.00076791, 'params': 276757, 'time_iter': 0.01052, 'accuracy': 0.81577, 'f1': 0.81562, 'auc': 0.99113}
val: {'epoch': 80, 'time_epoch': 0.09584, 'loss': 6.59714462, 'lr': 0, 'params': 276757, 'time_iter': 0.00685, 'accuracy': 0.12619, 'f1': 0.06417, 'auc': 0.78961}
test: {'epoch': 80, 'time_epoch': 0.07311, 'loss': 10.5648133, 'lr': 0, 'params': 276757, 'time_iter': 0.00522, 'accuracy': 0.12381, 'f1': 0.05125, 'auc': 0.72714}
> Epoch 80: took 2.1s (avg 2.1s) | Best so far: epoch 33	train_loss: 0.9103 train_accuracy: 0.6953	val_loss: 3.2110 val_accuracy: 0.2738	test_loss: 4.5242 test_accuracy: 0.1476	F1: 0.0847 Prec: 0.1490 Rec: 0.1476
train: {'epoch': 81, 'time_epoch': 2.1832, 'eta': 317.52089, 'eta_hours': 0.0882, 'loss': 0.56011233, 'lr': 0.00076259, 'params': 276757, 'time_iter': 0.01248, 'accuracy': 0.81398, 'f1': 0.81394, 'auc': 0.99142}
val: {'epoch': 81, 'time_epoch': 0.06717, 'loss': 3.98611553, 'lr': 0, 'params': 276757, 'time_iter': 0.0048, 'accuracy': 0.14524, 'f1': 0.13384, 'auc': 0.80468}
test: {'epoch': 81, 'time_epoch': 0.07344, 'loss': 5.05454938, 'lr': 0, 'params': 276757, 'time_iter': 0.00525, 'accuracy': 0.16429, 'f1': 0.13041, 'auc': 0.78232}
> Epoch 81: took 2.4s (avg 2.1s) | Best so far: epoch 33	train_loss: 0.9103 train_accuracy: 0.6953	val_loss: 3.2110 val_accuracy: 0.2738	test_loss: 4.5242 test_accuracy: 0.1476	F1: 0.0847 Prec: 0.1490 Rec: 0.1476
train: {'epoch': 82, 'time_epoch': 1.65439, 'eta': 315.15682, 'eta_hours': 0.08754, 'loss': 0.56229816, 'lr': 0.00075722, 'params': 276757, 'time_iter': 0.00945, 'accuracy': 0.81219, 'f1': 0.81192, 'auc': 0.99133}
val: {'epoch': 82, 'time_epoch': 0.06842, 'loss': 6.2124291, 'lr': 0, 'params': 276757, 'time_iter': 0.00489, 'accuracy': 0.11905, 'f1': 0.05721, 'auc': 0.78323}
test: {'epoch': 82, 'time_epoch': 0.10058, 'loss': 9.38435377, 'lr': 0, 'params': 276757, 'time_iter': 0.00718, 'accuracy': 0.1119, 'f1': 0.03685, 'auc': 0.72765}
> Epoch 82: took 1.9s (avg 2.1s) | Best so far: epoch 33	train_loss: 0.9103 train_accuracy: 0.6953	val_loss: 3.2110 val_accuracy: 0.2738	test_loss: 4.5242 test_accuracy: 0.1476	F1: 0.0847 Prec: 0.1490 Rec: 0.1476
train: {'epoch': 83, 'time_epoch': 1.76984, 'eta': 313.0378, 'eta_hours': 0.08695, 'loss': 0.54546716, 'lr': 0.00075181, 'params': 276757, 'time_iter': 0.01011, 'accuracy': 0.82061, 'f1': 0.82047, 'auc': 0.99188}
val: {'epoch': 83, 'time_epoch': 0.07129, 'loss': 3.47379514, 'lr': 0, 'params': 276757, 'time_iter': 0.00509, 'accuracy': 0.18095, 'f1': 0.16352, 'auc': 0.84739}
test: {'epoch': 83, 'time_epoch': 0.07352, 'loss': 5.3208053, 'lr': 0, 'params': 276757, 'time_iter': 0.00525, 'accuracy': 0.16905, 'f1': 0.11435, 'auc': 0.80564}
> Epoch 83: took 2.0s (avg 2.1s) | Best so far: epoch 33	train_loss: 0.9103 train_accuracy: 0.6953	val_loss: 3.2110 val_accuracy: 0.2738	test_loss: 4.5242 test_accuracy: 0.1476	F1: 0.0847 Prec: 0.1490 Rec: 0.1476
train: {'epoch': 84, 'time_epoch': 1.84457, 'eta': 311.07205, 'eta_hours': 0.08641, 'loss': 0.54592077, 'lr': 0.00074636, 'params': 276757, 'time_iter': 0.01054, 'accuracy': 0.81559, 'f1': 0.81553, 'auc': 0.99195}
val: {'epoch': 84, 'time_epoch': 0.07049, 'loss': 3.48604096, 'lr': 0, 'params': 276757, 'time_iter': 0.00503, 'accuracy': 0.25, 'f1': 0.19819, 'auc': 0.86464}
test: {'epoch': 84, 'time_epoch': 0.07043, 'loss': 3.26615819, 'lr': 0, 'params': 276757, 'time_iter': 0.00503, 'accuracy': 0.2381, 'f1': 0.21709, 'auc': 0.86214}
> Epoch 84: took 2.1s (avg 2.1s) | Best so far: epoch 33	train_loss: 0.9103 train_accuracy: 0.6953	val_loss: 3.2110 val_accuracy: 0.2738	test_loss: 4.5242 test_accuracy: 0.1476	F1: 0.0847 Prec: 0.1490 Rec: 0.1476
train: {'epoch': 85, 'time_epoch': 2.34846, 'eta': 310.07003, 'eta_hours': 0.08613, 'loss': 0.51998405, 'lr': 0.00074088, 'params': 276757, 'time_iter': 0.01342, 'accuracy': 0.82473, 'f1': 0.82474, 'auc': 0.99265}
val: {'epoch': 85, 'time_epoch': 0.08558, 'loss': 5.31455452, 'lr': 0, 'params': 276757, 'time_iter': 0.00611, 'accuracy': 0.14762, 'f1': 0.10111, 'auc': 0.79906}
test: {'epoch': 85, 'time_epoch': 0.076, 'loss': 8.66889143, 'lr': 0, 'params': 276757, 'time_iter': 0.00543, 'accuracy': 0.15952, 'f1': 0.08768, 'auc': 0.7511}
> Epoch 85: took 2.6s (avg 2.1s) | Best so far: epoch 33	train_loss: 0.9103 train_accuracy: 0.6953	val_loss: 3.2110 val_accuracy: 0.2738	test_loss: 4.5242 test_accuracy: 0.1476	F1: 0.0847 Prec: 0.1490 Rec: 0.1476
train: {'epoch': 86, 'time_epoch': 2.12886, 'eta': 308.62562, 'eta_hours': 0.08573, 'loss': 0.52864578, 'lr': 0.00073535, 'params': 276757, 'time_iter': 0.01216, 'accuracy': 0.82581, 'f1': 0.8257, 'auc': 0.99233}
val: {'epoch': 86, 'time_epoch': 0.06651, 'loss': 5.23036629, 'lr': 0, 'params': 276757, 'time_iter': 0.00475, 'accuracy': 0.16905, 'f1': 0.12413, 'auc': 0.81302}
test: {'epoch': 86, 'time_epoch': 0.07109, 'loss': 8.33017963, 'lr': 0, 'params': 276757, 'time_iter': 0.00508, 'accuracy': 0.18095, 'f1': 0.11078, 'auc': 0.7846}
> Epoch 86: took 2.3s (avg 2.1s) | Best so far: epoch 33	train_loss: 0.9103 train_accuracy: 0.6953	val_loss: 3.2110 val_accuracy: 0.2738	test_loss: 4.5242 test_accuracy: 0.1476	F1: 0.0847 Prec: 0.1490 Rec: 0.1476
train: {'epoch': 87, 'time_epoch': 2.07403, 'eta': 307.06472, 'eta_hours': 0.0853, 'loss': 0.51361491, 'lr': 0.00072979, 'params': 276757, 'time_iter': 0.01185, 'accuracy': 0.83047, 'f1': 0.83036, 'auc': 0.99267}
val: {'epoch': 87, 'time_epoch': 0.09046, 'loss': 5.59228782, 'lr': 0, 'params': 276757, 'time_iter': 0.00646, 'accuracy': 0.1619, 'f1': 0.09814, 'auc': 0.81274}
test: {'epoch': 87, 'time_epoch': 0.10142, 'loss': 8.93987078, 'lr': 0, 'params': 276757, 'time_iter': 0.00724, 'accuracy': 0.16905, 'f1': 0.07622, 'auc': 0.76051}
> Epoch 87: took 2.4s (avg 2.1s) | Best so far: epoch 33	train_loss: 0.9103 train_accuracy: 0.6953	val_loss: 3.2110 val_accuracy: 0.2738	test_loss: 4.5242 test_accuracy: 0.1476	F1: 0.0847 Prec: 0.1490 Rec: 0.1476
train: {'epoch': 88, 'time_epoch': 2.10888, 'eta': 305.55533, 'eta_hours': 0.08488, 'loss': 0.51248707, 'lr': 0.00072419, 'params': 276757, 'time_iter': 0.01205, 'accuracy': 0.83011, 'f1': 0.83003, 'auc': 0.99289}
val: {'epoch': 88, 'time_epoch': 0.11748, 'loss': 4.01214794, 'lr': 0, 'params': 276757, 'time_iter': 0.00839, 'accuracy': 0.2, 'f1': 0.16219, 'auc': 0.83365}
test: {'epoch': 88, 'time_epoch': 0.07277, 'loss': 6.1732703, 'lr': 0, 'params': 276757, 'time_iter': 0.0052, 'accuracy': 0.16429, 'f1': 0.10648, 'auc': 0.79585}
> Epoch 88: took 2.4s (avg 2.1s) | Best so far: epoch 33	train_loss: 0.9103 train_accuracy: 0.6953	val_loss: 3.2110 val_accuracy: 0.2738	test_loss: 4.5242 test_accuracy: 0.1476	F1: 0.0847 Prec: 0.1490 Rec: 0.1476
train: {'epoch': 89, 'time_epoch': 1.75041, 'eta': 303.39534, 'eta_hours': 0.08428, 'loss': 0.53982167, 'lr': 0.00071856, 'params': 276757, 'time_iter': 0.01, 'accuracy': 0.82007, 'f1': 0.81986, 'auc': 0.99204}
val: {'epoch': 89, 'time_epoch': 0.09862, 'loss': 4.85221902, 'lr': 0, 'params': 276757, 'time_iter': 0.00704, 'accuracy': 0.24762, 'f1': 0.19809, 'auc': 0.8344}
test: {'epoch': 89, 'time_epoch': 0.10933, 'loss': 8.20410799, 'lr': 0, 'params': 276757, 'time_iter': 0.00781, 'accuracy': 0.13095, 'f1': 0.08568, 'auc': 0.77105}
> Epoch 89: took 2.1s (avg 2.1s) | Best so far: epoch 33	train_loss: 0.9103 train_accuracy: 0.6953	val_loss: 3.2110 val_accuracy: 0.2738	test_loss: 4.5242 test_accuracy: 0.1476	F1: 0.0847 Prec: 0.1490 Rec: 0.1476
train: {'epoch': 90, 'time_epoch': 1.93505, 'eta': 301.56697, 'eta_hours': 0.08377, 'loss': 0.50428583, 'lr': 0.00071289, 'params': 276757, 'time_iter': 0.01106, 'accuracy': 0.82975, 'f1': 0.82973, 'auc': 0.99325}
val: {'epoch': 90, 'time_epoch': 0.07871, 'loss': 4.25421276, 'lr': 0, 'params': 276757, 'time_iter': 0.00562, 'accuracy': 0.17143, 'f1': 0.13723, 'auc': 0.84086}
test: {'epoch': 90, 'time_epoch': 0.06811, 'loss': 5.88538902, 'lr': 0, 'params': 276757, 'time_iter': 0.00487, 'accuracy': 0.17619, 'f1': 0.13541, 'auc': 0.78779}
> Epoch 90: took 2.2s (avg 2.1s) | Best so far: epoch 33	train_loss: 0.9103 train_accuracy: 0.6953	val_loss: 3.2110 val_accuracy: 0.2738	test_loss: 4.5242 test_accuracy: 0.1476	F1: 0.0847 Prec: 0.1490 Rec: 0.1476
train: {'epoch': 91, 'time_epoch': 2.06885, 'eta': 299.96607, 'eta_hours': 0.08332, 'loss': 0.50998872, 'lr': 0.00070719, 'params': 276757, 'time_iter': 0.01182, 'accuracy': 0.83674, 'f1': 0.83658, 'auc': 0.99262}
val: {'epoch': 91, 'time_epoch': 0.0633, 'loss': 4.38439228, 'lr': 0, 'params': 276757, 'time_iter': 0.00452, 'accuracy': 0.24048, 'f1': 0.18138, 'auc': 0.85944}
test: {'epoch': 91, 'time_epoch': 0.08275, 'loss': 6.19592353, 'lr': 0, 'params': 276757, 'time_iter': 0.00591, 'accuracy': 0.1881, 'f1': 0.11561, 'auc': 0.78563}
> Epoch 91: took 2.3s (avg 2.1s) | Best so far: epoch 33	train_loss: 0.9103 train_accuracy: 0.6953	val_loss: 3.2110 val_accuracy: 0.2738	test_loss: 4.5242 test_accuracy: 0.1476	F1: 0.0847 Prec: 0.1490 Rec: 0.1476
train: {'epoch': 92, 'time_epoch': 2.0445, 'eta': 298.31399, 'eta_hours': 0.08286, 'loss': 0.52178818, 'lr': 0.00070145, 'params': 276757, 'time_iter': 0.01168, 'accuracy': 0.83029, 'f1': 0.83023, 'auc': 0.99251}
val: {'epoch': 92, 'time_epoch': 0.0851, 'loss': 5.5925554, 'lr': 0, 'params': 276757, 'time_iter': 0.00608, 'accuracy': 0.17143, 'f1': 0.12849, 'auc': 0.79481}
test: {'epoch': 92, 'time_epoch': 0.09713, 'loss': 7.80492964, 'lr': 0, 'params': 276757, 'time_iter': 0.00694, 'accuracy': 0.13333, 'f1': 0.06638, 'auc': 0.75187}
> Epoch 92: took 2.3s (avg 2.1s) | Best so far: epoch 33	train_loss: 0.9103 train_accuracy: 0.6953	val_loss: 3.2110 val_accuracy: 0.2738	test_loss: 4.5242 test_accuracy: 0.1476	F1: 0.0847 Prec: 0.1490 Rec: 0.1476
train: {'epoch': 93, 'time_epoch': 1.91724, 'eta': 296.44237, 'eta_hours': 0.08235, 'loss': 0.49390672, 'lr': 0.00069569, 'params': 276757, 'time_iter': 0.01096, 'accuracy': 0.83566, 'f1': 0.83563, 'auc': 0.99324}
val: {'epoch': 93, 'time_epoch': 0.06031, 'loss': 5.69929865, 'lr': 0, 'params': 276757, 'time_iter': 0.00431, 'accuracy': 0.14762, 'f1': 0.11164, 'auc': 0.82112}
test: {'epoch': 93, 'time_epoch': 0.06894, 'loss': 8.20611627, 'lr': 0, 'params': 276757, 'time_iter': 0.00492, 'accuracy': 0.15, 'f1': 0.07415, 'auc': 0.7449}
> Epoch 93: took 2.1s (avg 2.1s) | Best so far: epoch 33	train_loss: 0.9103 train_accuracy: 0.6953	val_loss: 3.2110 val_accuracy: 0.2738	test_loss: 4.5242 test_accuracy: 0.1476	F1: 0.0847 Prec: 0.1490 Rec: 0.1476
train: {'epoch': 94, 'time_epoch': 1.69731, 'eta': 294.21095, 'eta_hours': 0.08173, 'loss': 0.49045374, 'lr': 0.00068989, 'params': 276757, 'time_iter': 0.0097, 'accuracy': 0.84104, 'f1': 0.84097, 'auc': 0.99344}
val: {'epoch': 94, 'time_epoch': 0.0708, 'loss': 5.69040584, 'lr': 0, 'params': 276757, 'time_iter': 0.00506, 'accuracy': 0.12143, 'f1': 0.08508, 'auc': 0.80447}
test: {'epoch': 94, 'time_epoch': 0.06862, 'loss': 8.58546473, 'lr': 0, 'params': 276757, 'time_iter': 0.0049, 'accuracy': 0.15, 'f1': 0.09028, 'auc': 0.75507}
> Epoch 94: took 1.9s (avg 2.1s) | Best so far: epoch 33	train_loss: 0.9103 train_accuracy: 0.6953	val_loss: 3.2110 val_accuracy: 0.2738	test_loss: 4.5242 test_accuracy: 0.1476	F1: 0.0847 Prec: 0.1490 Rec: 0.1476
train: {'epoch': 95, 'time_epoch': 1.84784, 'eta': 292.23214, 'eta_hours': 0.08118, 'loss': 0.4859105, 'lr': 0.00068406, 'params': 276757, 'time_iter': 0.01056, 'accuracy': 0.84283, 'f1': 0.84271, 'auc': 0.99337}
val: {'epoch': 95, 'time_epoch': 0.07957, 'loss': 5.33768368, 'lr': 0, 'params': 276757, 'time_iter': 0.00568, 'accuracy': 0.19286, 'f1': 0.17158, 'auc': 0.81986}
test: {'epoch': 95, 'time_epoch': 0.07242, 'loss': 7.33871057, 'lr': 0, 'params': 276757, 'time_iter': 0.00517, 'accuracy': 0.13095, 'f1': 0.0914, 'auc': 0.76231}
> Epoch 95: took 2.1s (avg 2.1s) | Best so far: epoch 33	train_loss: 0.9103 train_accuracy: 0.6953	val_loss: 3.2110 val_accuracy: 0.2738	test_loss: 4.5242 test_accuracy: 0.1476	F1: 0.0847 Prec: 0.1490 Rec: 0.1476
train: {'epoch': 96, 'time_epoch': 1.7123, 'eta': 290.04223, 'eta_hours': 0.08057, 'loss': 0.46313359, 'lr': 0.00067821, 'params': 276757, 'time_iter': 0.00978, 'accuracy': 0.84552, 'f1': 0.84545, 'auc': 0.99423}
val: {'epoch': 96, 'time_epoch': 0.06698, 'loss': 4.9715306, 'lr': 0, 'params': 276757, 'time_iter': 0.00478, 'accuracy': 0.17619, 'f1': 0.13554, 'auc': 0.83003}
test: {'epoch': 96, 'time_epoch': 0.09095, 'loss': 7.52427966, 'lr': 0, 'params': 276757, 'time_iter': 0.0065, 'accuracy': 0.13571, 'f1': 0.06271, 'auc': 0.76702}
> Epoch 96: took 2.0s (avg 2.1s) | Best so far: epoch 33	train_loss: 0.9103 train_accuracy: 0.6953	val_loss: 3.2110 val_accuracy: 0.2738	test_loss: 4.5242 test_accuracy: 0.1476	F1: 0.0847 Prec: 0.1490 Rec: 0.1476
train: {'epoch': 97, 'time_epoch': 2.0439, 'eta': 288.3764, 'eta_hours': 0.0801, 'loss': 0.45496708, 'lr': 0.00067232, 'params': 276757, 'time_iter': 0.01168, 'accuracy': 0.84642, 'f1': 0.84637, 'auc': 0.99434}
val: {'epoch': 97, 'time_epoch': 0.0722, 'loss': 5.79848685, 'lr': 0, 'params': 276757, 'time_iter': 0.00516, 'accuracy': 0.15952, 'f1': 0.12549, 'auc': 0.78476}
test: {'epoch': 97, 'time_epoch': 0.06474, 'loss': 7.87294171, 'lr': 0, 'params': 276757, 'time_iter': 0.00462, 'accuracy': 0.17619, 'f1': 0.10366, 'auc': 0.76698}
> Epoch 97: took 2.3s (avg 2.1s) | Best so far: epoch 33	train_loss: 0.9103 train_accuracy: 0.6953	val_loss: 3.2110 val_accuracy: 0.2738	test_loss: 4.5242 test_accuracy: 0.1476	F1: 0.0847 Prec: 0.1490 Rec: 0.1476
train: {'epoch': 98, 'time_epoch': 1.77309, 'eta': 286.28986, 'eta_hours': 0.07952, 'loss': 0.48579969, 'lr': 0.00066641, 'params': 276757, 'time_iter': 0.01013, 'accuracy': 0.83674, 'f1': 0.83658, 'auc': 0.99354}
val: {'epoch': 98, 'time_epoch': 0.06511, 'loss': 5.16465618, 'lr': 0, 'params': 276757, 'time_iter': 0.00465, 'accuracy': 0.14762, 'f1': 0.07603, 'auc': 0.79288}
test: {'epoch': 98, 'time_epoch': 0.06334, 'loss': 8.36572882, 'lr': 0, 'params': 276757, 'time_iter': 0.00452, 'accuracy': 0.13333, 'f1': 0.07873, 'auc': 0.7549}
> Epoch 98: took 2.0s (avg 2.1s) | Best so far: epoch 33	train_loss: 0.9103 train_accuracy: 0.6953	val_loss: 3.2110 val_accuracy: 0.2738	test_loss: 4.5242 test_accuracy: 0.1476	F1: 0.0847 Prec: 0.1490 Rec: 0.1476
train: {'epoch': 99, 'time_epoch': 1.78419, 'eta': 284.22624, 'eta_hours': 0.07895, 'loss': 0.4751429, 'lr': 0.00066047, 'params': 276757, 'time_iter': 0.0102, 'accuracy': 0.84373, 'f1': 0.84364, 'auc': 0.99371}
val: {'epoch': 99, 'time_epoch': 0.07514, 'loss': 5.52671514, 'lr': 0, 'params': 276757, 'time_iter': 0.00537, 'accuracy': 0.14762, 'f1': 0.09642, 'auc': 0.81742}
test: {'epoch': 99, 'time_epoch': 0.07136, 'loss': 8.24668257, 'lr': 0, 'params': 276757, 'time_iter': 0.0051, 'accuracy': 0.11905, 'f1': 0.05653, 'auc': 0.75296}
> Epoch 99: took 2.0s (avg 2.1s) | Best so far: epoch 33	train_loss: 0.9103 train_accuracy: 0.6953	val_loss: 3.2110 val_accuracy: 0.2738	test_loss: 4.5242 test_accuracy: 0.1476	F1: 0.0847 Prec: 0.1490 Rec: 0.1476
train: {'epoch': 100, 'time_epoch': 1.89717, 'eta': 282.33484, 'eta_hours': 0.07843, 'loss': 0.47254684, 'lr': 0.00065451, 'params': 276757, 'time_iter': 0.01084, 'accuracy': 0.83835, 'f1': 0.83824, 'auc': 0.99393}
val: {'epoch': 100, 'time_epoch': 0.07331, 'loss': 6.52370326, 'lr': 0, 'params': 276757, 'time_iter': 0.00524, 'accuracy': 0.1119, 'f1': 0.06371, 'auc': 0.77908}
test: {'epoch': 100, 'time_epoch': 0.07079, 'loss': 9.55678538, 'lr': 0, 'params': 276757, 'time_iter': 0.00506, 'accuracy': 0.12857, 'f1': 0.07805, 'auc': 0.76227}
> Epoch 100: took 2.1s (avg 2.1s) | Best so far: epoch 33	train_loss: 0.9103 train_accuracy: 0.6953	val_loss: 3.2110 val_accuracy: 0.2738	test_loss: 4.5242 test_accuracy: 0.1476	F1: 0.0847 Prec: 0.1490 Rec: 0.1476
train: {'epoch': 101, 'time_epoch': 1.7882, 'eta': 280.28521, 'eta_hours': 0.07786, 'loss': 0.46304754, 'lr': 0.00064852, 'params': 276757, 'time_iter': 0.01022, 'accuracy': 0.84857, 'f1': 0.84843, 'auc': 0.99411}
val: {'epoch': 101, 'time_epoch': 0.07134, 'loss': 4.09024108, 'lr': 0, 'params': 276757, 'time_iter': 0.0051, 'accuracy': 0.23333, 'f1': 0.1758, 'auc': 0.86514}
test: {'epoch': 101, 'time_epoch': 0.08273, 'loss': 4.18518458, 'lr': 0, 'params': 276757, 'time_iter': 0.00591, 'accuracy': 0.28095, 'f1': 0.23022, 'auc': 0.86561}
> Epoch 101: took 2.0s (avg 2.1s) | Best so far: epoch 33	train_loss: 0.9103 train_accuracy: 0.6953	val_loss: 3.2110 val_accuracy: 0.2738	test_loss: 4.5242 test_accuracy: 0.1476	F1: 0.0847 Prec: 0.1490 Rec: 0.1476
train: {'epoch': 102, 'time_epoch': 1.89861, 'eta': 278.39822, 'eta_hours': 0.07733, 'loss': 0.45201778, 'lr': 0.00064251, 'params': 276757, 'time_iter': 0.01085, 'accuracy': 0.84892, 'f1': 0.84897, 'auc': 0.99427}
val: {'epoch': 102, 'time_epoch': 0.07557, 'loss': 5.47208339, 'lr': 0, 'params': 276757, 'time_iter': 0.0054, 'accuracy': 0.14762, 'f1': 0.10045, 'auc': 0.80421}
test: {'epoch': 102, 'time_epoch': 0.09732, 'loss': 8.84184433, 'lr': 0, 'params': 276757, 'time_iter': 0.00695, 'accuracy': 0.13333, 'f1': 0.05804, 'auc': 0.77595}
> Epoch 102: took 2.1s (avg 2.1s) | Best so far: epoch 33	train_loss: 0.9103 train_accuracy: 0.6953	val_loss: 3.2110 val_accuracy: 0.2738	test_loss: 4.5242 test_accuracy: 0.1476	F1: 0.0847 Prec: 0.1490 Rec: 0.1476
train: {'epoch': 103, 'time_epoch': 1.89021, 'eta': 276.49923, 'eta_hours': 0.07681, 'loss': 0.44356017, 'lr': 0.00063648, 'params': 276757, 'time_iter': 0.0108, 'accuracy': 0.8509, 'f1': 0.85082, 'auc': 0.9946}
val: {'epoch': 103, 'time_epoch': 0.06505, 'loss': 5.1155157, 'lr': 0, 'params': 276757, 'time_iter': 0.00465, 'accuracy': 0.16905, 'f1': 0.1332, 'auc': 0.8067}
test: {'epoch': 103, 'time_epoch': 0.05865, 'loss': 7.64071881, 'lr': 0, 'params': 276757, 'time_iter': 0.00419, 'accuracy': 0.14048, 'f1': 0.11926, 'auc': 0.76163}
> Epoch 103: took 2.1s (avg 2.1s) | Best so far: epoch 33	train_loss: 0.9103 train_accuracy: 0.6953	val_loss: 3.2110 val_accuracy: 0.2738	test_loss: 4.5242 test_accuracy: 0.1476	F1: 0.0847 Prec: 0.1490 Rec: 0.1476
train: {'epoch': 104, 'time_epoch': 1.76114, 'eta': 274.42215, 'eta_hours': 0.07623, 'loss': 0.43113519, 'lr': 0.00063042, 'params': 276757, 'time_iter': 0.01006, 'accuracy': 0.85466, 'f1': 0.85449, 'auc': 0.99492}
val: {'epoch': 104, 'time_epoch': 0.09503, 'loss': 5.41333215, 'lr': 0, 'params': 276757, 'time_iter': 0.00679, 'accuracy': 0.19286, 'f1': 0.12497, 'auc': 0.81895}
test: {'epoch': 104, 'time_epoch': 0.07113, 'loss': 9.15999921, 'lr': 0, 'params': 276757, 'time_iter': 0.00508, 'accuracy': 0.12143, 'f1': 0.06424, 'auc': 0.72791}
> Epoch 104: took 2.0s (avg 2.1s) | Best so far: epoch 33	train_loss: 0.9103 train_accuracy: 0.6953	val_loss: 3.2110 val_accuracy: 0.2738	test_loss: 4.5242 test_accuracy: 0.1476	F1: 0.0847 Prec: 0.1490 Rec: 0.1476
train: {'epoch': 105, 'time_epoch': 1.98077, 'eta': 272.64941, 'eta_hours': 0.07574, 'loss': 0.45574921, 'lr': 0.00062434, 'params': 276757, 'time_iter': 0.01132, 'accuracy': 0.84839, 'f1': 0.84822, 'auc': 0.99427}
val: {'epoch': 105, 'time_epoch': 0.12013, 'loss': 4.75605989, 'lr': 0, 'params': 276757, 'time_iter': 0.00858, 'accuracy': 0.17381, 'f1': 0.13312, 'auc': 0.79492}
test: {'epoch': 105, 'time_epoch': 0.07228, 'loss': 5.26015976, 'lr': 0, 'params': 276757, 'time_iter': 0.00516, 'accuracy': 0.20952, 'f1': 0.14111, 'auc': 0.82924}
> Epoch 105: took 2.3s (avg 2.1s) | Best so far: epoch 33	train_loss: 0.9103 train_accuracy: 0.6953	val_loss: 3.2110 val_accuracy: 0.2738	test_loss: 4.5242 test_accuracy: 0.1476	F1: 0.0847 Prec: 0.1490 Rec: 0.1476
train: {'epoch': 106, 'time_epoch': 1.79412, 'eta': 270.62333, 'eta_hours': 0.07517, 'loss': 0.45357935, 'lr': 0.00061825, 'params': 276757, 'time_iter': 0.01025, 'accuracy': 0.84391, 'f1': 0.84377, 'auc': 0.99432}
val: {'epoch': 106, 'time_epoch': 0.09759, 'loss': 5.01869823, 'lr': 0, 'params': 276757, 'time_iter': 0.00697, 'accuracy': 0.15714, 'f1': 0.1165, 'auc': 0.82863}
test: {'epoch': 106, 'time_epoch': 0.07275, 'loss': 6.71988794, 'lr': 0, 'params': 276757, 'time_iter': 0.0052, 'accuracy': 0.16667, 'f1': 0.09328, 'auc': 0.77895}
> Epoch 106: took 2.0s (avg 2.1s) | Best so far: epoch 33	train_loss: 0.9103 train_accuracy: 0.6953	val_loss: 3.2110 val_accuracy: 0.2738	test_loss: 4.5242 test_accuracy: 0.1476	F1: 0.0847 Prec: 0.1490 Rec: 0.1476
train: {'epoch': 107, 'time_epoch': 1.78094, 'eta': 268.58422, 'eta_hours': 0.07461, 'loss': 0.42373349, 'lr': 0.00061214, 'params': 276757, 'time_iter': 0.01018, 'accuracy': 0.86183, 'f1': 0.86173, 'auc': 0.99498}
val: {'epoch': 107, 'time_epoch': 0.06571, 'loss': 3.99782902, 'lr': 0, 'params': 276757, 'time_iter': 0.00469, 'accuracy': 0.21667, 'f1': 0.1753, 'auc': 0.86481}
test: {'epoch': 107, 'time_epoch': 0.07077, 'loss': 4.80271804, 'lr': 0, 'params': 276757, 'time_iter': 0.00506, 'accuracy': 0.2381, 'f1': 0.2029, 'auc': 0.82406}
> Epoch 107: took 2.0s (avg 2.1s) | Best so far: epoch 33	train_loss: 0.9103 train_accuracy: 0.6953	val_loss: 3.2110 val_accuracy: 0.2738	test_loss: 4.5242 test_accuracy: 0.1476	F1: 0.0847 Prec: 0.1490 Rec: 0.1476
train: {'epoch': 108, 'time_epoch': 1.78169, 'eta': 266.55081, 'eta_hours': 0.07404, 'loss': 0.43529485, 'lr': 0.000606, 'params': 276757, 'time_iter': 0.01018, 'accuracy': 0.85824, 'f1': 0.85825, 'auc': 0.99467}
val: {'epoch': 108, 'time_epoch': 0.07313, 'loss': 3.29855553, 'lr': 0, 'params': 276757, 'time_iter': 0.00522, 'accuracy': 0.26429, 'f1': 0.20177, 'auc': 0.90158}
test: {'epoch': 108, 'time_epoch': 0.07239, 'loss': 4.59590477, 'lr': 0, 'params': 276757, 'time_iter': 0.00517, 'accuracy': 0.24524, 'f1': 0.17473, 'auc': 0.86325}
> Epoch 108: took 2.0s (avg 2.1s) | Best so far: epoch 33	train_loss: 0.9103 train_accuracy: 0.6953	val_loss: 3.2110 val_accuracy: 0.2738	test_loss: 4.5242 test_accuracy: 0.1476	F1: 0.0847 Prec: 0.1490 Rec: 0.1476
train: {'epoch': 109, 'time_epoch': 1.62625, 'eta': 264.32415, 'eta_hours': 0.07342, 'loss': 0.44015591, 'lr': 0.00059985, 'params': 276757, 'time_iter': 0.00929, 'accuracy': 0.85699, 'f1': 0.85686, 'auc': 0.99451}
val: {'epoch': 109, 'time_epoch': 0.0691, 'loss': 4.66578257, 'lr': 0, 'params': 276757, 'time_iter': 0.00494, 'accuracy': 0.22619, 'f1': 0.16547, 'auc': 0.83955}
test: {'epoch': 109, 'time_epoch': 0.07849, 'loss': 6.4139082, 'lr': 0, 'params': 276757, 'time_iter': 0.00561, 'accuracy': 0.20714, 'f1': 0.12785, 'auc': 0.81827}
> Epoch 109: took 1.9s (avg 2.1s) | Best so far: epoch 33	train_loss: 0.9103 train_accuracy: 0.6953	val_loss: 3.2110 val_accuracy: 0.2738	test_loss: 4.5242 test_accuracy: 0.1476	F1: 0.0847 Prec: 0.1490 Rec: 0.1476
train: {'epoch': 110, 'time_epoch': 1.82817, 'eta': 262.36116, 'eta_hours': 0.07288, 'loss': 0.4367053, 'lr': 0.00059369, 'params': 276757, 'time_iter': 0.01045, 'accuracy': 0.85251, 'f1': 0.85257, 'auc': 0.99472}
val: {'epoch': 110, 'time_epoch': 0.07763, 'loss': 4.38039355, 'lr': 0, 'params': 276757, 'time_iter': 0.00555, 'accuracy': 0.21667, 'f1': 0.14286, 'auc': 0.84268}
test: {'epoch': 110, 'time_epoch': 0.08125, 'loss': 6.50542752, 'lr': 0, 'params': 276757, 'time_iter': 0.0058, 'accuracy': 0.17857, 'f1': 0.11178, 'auc': 0.81557}
> Epoch 110: took 2.1s (avg 2.1s) | Best so far: epoch 33	train_loss: 0.9103 train_accuracy: 0.6953	val_loss: 3.2110 val_accuracy: 0.2738	test_loss: 4.5242 test_accuracy: 0.1476	F1: 0.0847 Prec: 0.1490 Rec: 0.1476
train: {'epoch': 111, 'time_epoch': 1.69661, 'eta': 260.23848, 'eta_hours': 0.07229, 'loss': 0.43618115, 'lr': 0.00058751, 'params': 276757, 'time_iter': 0.00969, 'accuracy': 0.85502, 'f1': 0.85494, 'auc': 0.99475}
val: {'epoch': 111, 'time_epoch': 0.06838, 'loss': 5.5702897, 'lr': 0, 'params': 276757, 'time_iter': 0.00488, 'accuracy': 0.17143, 'f1': 0.11897, 'auc': 0.83322}
test: {'epoch': 111, 'time_epoch': 0.06538, 'loss': 8.47505487, 'lr': 0, 'params': 276757, 'time_iter': 0.00467, 'accuracy': 0.12143, 'f1': 0.06951, 'auc': 0.76705}
> Epoch 111: took 1.9s (avg 2.1s) | Best so far: epoch 33	train_loss: 0.9103 train_accuracy: 0.6953	val_loss: 3.2110 val_accuracy: 0.2738	test_loss: 4.5242 test_accuracy: 0.1476	F1: 0.0847 Prec: 0.1490 Rec: 0.1476
train: {'epoch': 112, 'time_epoch': 1.63269, 'eta': 258.04584, 'eta_hours': 0.07168, 'loss': 0.45007124, 'lr': 0.00058132, 'params': 276757, 'time_iter': 0.00933, 'accuracy': 0.84928, 'f1': 0.84914, 'auc': 0.9943}
val: {'epoch': 112, 'time_epoch': 0.068, 'loss': 6.22719343, 'lr': 0, 'params': 276757, 'time_iter': 0.00486, 'accuracy': 0.14286, 'f1': 0.08483, 'auc': 0.78402}
test: {'epoch': 112, 'time_epoch': 0.06769, 'loss': 7.9952184, 'lr': 0, 'params': 276757, 'time_iter': 0.00483, 'accuracy': 0.10714, 'f1': 0.0635, 'auc': 0.76289}
> Epoch 112: took 1.8s (avg 2.1s) | Best so far: epoch 33	train_loss: 0.9103 train_accuracy: 0.6953	val_loss: 3.2110 val_accuracy: 0.2738	test_loss: 4.5242 test_accuracy: 0.1476	F1: 0.0847 Prec: 0.1490 Rec: 0.1476
train: {'epoch': 113, 'time_epoch': 1.76633, 'eta': 256.02246, 'eta_hours': 0.07112, 'loss': 0.44314332, 'lr': 0.00057511, 'params': 276757, 'time_iter': 0.01009, 'accuracy': 0.85161, 'f1': 0.85147, 'auc': 0.9947}
val: {'epoch': 113, 'time_epoch': 0.06657, 'loss': 4.29383225, 'lr': 0, 'params': 276757, 'time_iter': 0.00476, 'accuracy': 0.19286, 'f1': 0.1493, 'auc': 0.85654}
test: {'epoch': 113, 'time_epoch': 0.07237, 'loss': 6.59675549, 'lr': 0, 'params': 276757, 'time_iter': 0.00517, 'accuracy': 0.17381, 'f1': 0.09536, 'auc': 0.7758}
> Epoch 113: took 2.0s (avg 2.1s) | Best so far: epoch 33	train_loss: 0.9103 train_accuracy: 0.6953	val_loss: 3.2110 val_accuracy: 0.2738	test_loss: 4.5242 test_accuracy: 0.1476	F1: 0.0847 Prec: 0.1490 Rec: 0.1476
train: {'epoch': 114, 'time_epoch': 1.65256, 'eta': 253.86999, 'eta_hours': 0.07052, 'loss': 0.42564031, 'lr': 0.0005689, 'params': 276757, 'time_iter': 0.00944, 'accuracy': 0.85878, 'f1': 0.85874, 'auc': 0.99494}
val: {'epoch': 114, 'time_epoch': 0.07296, 'loss': 9.16204204, 'lr': 0, 'params': 276757, 'time_iter': 0.00521, 'accuracy': 0.14762, 'f1': 0.05706, 'auc': 0.76748}
test: {'epoch': 114, 'time_epoch': 0.10895, 'loss': 12.59822615, 'lr': 0, 'params': 276757, 'time_iter': 0.00778, 'accuracy': 0.10714, 'f1': 0.04109, 'auc': 0.74217}
> Epoch 114: took 1.9s (avg 2.1s) | Best so far: epoch 33	train_loss: 0.9103 train_accuracy: 0.6953	val_loss: 3.2110 val_accuracy: 0.2738	test_loss: 4.5242 test_accuracy: 0.1476	F1: 0.0847 Prec: 0.1490 Rec: 0.1476
train: {'epoch': 115, 'time_epoch': 1.92581, 'eta': 252.04179, 'eta_hours': 0.07001, 'loss': 0.41225689, 'lr': 0.00056267, 'params': 276757, 'time_iter': 0.011, 'accuracy': 0.85753, 'f1': 0.85749, 'auc': 0.99542}
val: {'epoch': 115, 'time_epoch': 0.08107, 'loss': 4.5440134, 'lr': 0, 'params': 276757, 'time_iter': 0.00579, 'accuracy': 0.23333, 'f1': 0.17518, 'auc': 0.84294}
test: {'epoch': 115, 'time_epoch': 0.07872, 'loss': 6.42032062, 'lr': 0, 'params': 276757, 'time_iter': 0.00562, 'accuracy': 0.20952, 'f1': 0.15355, 'auc': 0.8054}
> Epoch 115: took 2.2s (avg 2.1s) | Best so far: epoch 33	train_loss: 0.9103 train_accuracy: 0.6953	val_loss: 3.2110 val_accuracy: 0.2738	test_loss: 4.5242 test_accuracy: 0.1476	F1: 0.0847 Prec: 0.1490 Rec: 0.1476
train: {'epoch': 116, 'time_epoch': 1.84674, 'eta': 250.12204, 'eta_hours': 0.06948, 'loss': 0.41779056, 'lr': 0.00055643, 'params': 276757, 'time_iter': 0.01055, 'accuracy': 0.86201, 'f1': 0.86195, 'auc': 0.99513}
val: {'epoch': 116, 'time_epoch': 0.07725, 'loss': 4.92041443, 'lr': 0, 'params': 276757, 'time_iter': 0.00552, 'accuracy': 0.2119, 'f1': 0.13954, 'auc': 0.84983}
test: {'epoch': 116, 'time_epoch': 0.08816, 'loss': 8.37078825, 'lr': 0, 'params': 276757, 'time_iter': 0.0063, 'accuracy': 0.15, 'f1': 0.05991, 'auc': 0.76852}
> Epoch 116: took 2.1s (avg 2.1s) | Best so far: epoch 33	train_loss: 0.9103 train_accuracy: 0.6953	val_loss: 3.2110 val_accuracy: 0.2738	test_loss: 4.5242 test_accuracy: 0.1476	F1: 0.0847 Prec: 0.1490 Rec: 0.1476
train: {'epoch': 117, 'time_epoch': 1.93037, 'eta': 248.29708, 'eta_hours': 0.06897, 'loss': 0.41544618, 'lr': 0.00055018, 'params': 276757, 'time_iter': 0.01103, 'accuracy': 0.86183, 'f1': 0.8618, 'auc': 0.99515}
val: {'epoch': 117, 'time_epoch': 0.06542, 'loss': 7.12785333, 'lr': 0, 'params': 276757, 'time_iter': 0.00467, 'accuracy': 0.1, 'f1': 0.04478, 'auc': 0.76721}
test: {'epoch': 117, 'time_epoch': 0.08038, 'loss': 10.38430756, 'lr': 0, 'params': 276757, 'time_iter': 0.00574, 'accuracy': 0.0881, 'f1': 0.03611, 'auc': 0.7162}
> Epoch 117: took 2.2s (avg 2.1s) | Best so far: epoch 33	train_loss: 0.9103 train_accuracy: 0.6953	val_loss: 3.2110 val_accuracy: 0.2738	test_loss: 4.5242 test_accuracy: 0.1476	F1: 0.0847 Prec: 0.1490 Rec: 0.1476
train: {'epoch': 118, 'time_epoch': 1.88254, 'eta': 246.41769, 'eta_hours': 0.06845, 'loss': 0.39774882, 'lr': 0.00054393, 'params': 276757, 'time_iter': 0.01076, 'accuracy': 0.86953, 'f1': 0.86943, 'auc': 0.99551}
val: {'epoch': 118, 'time_epoch': 0.08215, 'loss': 3.21644808, 'lr': 0, 'params': 276757, 'time_iter': 0.00587, 'accuracy': 0.33095, 'f1': 0.2824, 'auc': 0.88591}
test: {'epoch': 118, 'time_epoch': 0.06165, 'loss': 3.11202836, 'lr': 0, 'params': 276757, 'time_iter': 0.0044, 'accuracy': 0.35952, 'f1': 0.29217, 'auc': 0.88967}
[*] Confusion Matrix saved to: results_lopo_none/JH_3m\Conf\confusion_matrix_epoch_118.png
> Epoch 118: took 2.1s (avg 2.1s) | Best so far: epoch 118	train_loss: 0.3977 train_accuracy: 0.8695	val_loss: 3.2164 val_accuracy: 0.3310	test_loss: 3.1120 test_accuracy: 0.3595	F1: 0.2922 Prec: 0.3722 Rec: 0.3595
train: {'epoch': 119, 'time_epoch': 1.90093, 'eta': 244.55818, 'eta_hours': 0.06793, 'loss': 0.39900378, 'lr': 0.00053766, 'params': 276757, 'time_iter': 0.01086, 'accuracy': 0.86882, 'f1': 0.86875, 'auc': 0.99558}
val: {'epoch': 119, 'time_epoch': 0.09178, 'loss': 6.43216201, 'lr': 0, 'params': 276757, 'time_iter': 0.00656, 'accuracy': 0.10714, 'f1': 0.05266, 'auc': 0.77102}
test: {'epoch': 119, 'time_epoch': 0.09276, 'loss': 10.27160532, 'lr': 0, 'params': 276757, 'time_iter': 0.00663, 'accuracy': 0.11429, 'f1': 0.04461, 'auc': 0.73568}
> Epoch 119: took 2.2s (avg 2.1s) | Best so far: epoch 118	train_loss: 0.3977 train_accuracy: 0.8695	val_loss: 3.2164 val_accuracy: 0.3310	test_loss: 3.1120 test_accuracy: 0.3595	F1: 0.2922 Prec: 0.3722 Rec: 0.3595
train: {'epoch': 120, 'time_epoch': 1.84799, 'eta': 242.64154, 'eta_hours': 0.0674, 'loss': 0.37767115, 'lr': 0.0005314, 'params': 276757, 'time_iter': 0.01056, 'accuracy': 0.87025, 'f1': 0.87007, 'auc': 0.99611}
val: {'epoch': 120, 'time_epoch': 0.07096, 'loss': 5.8411461, 'lr': 0, 'params': 276757, 'time_iter': 0.00507, 'accuracy': 0.15952, 'f1': 0.10384, 'auc': 0.81757}
test: {'epoch': 120, 'time_epoch': 0.0711, 'loss': 9.2481043, 'lr': 0, 'params': 276757, 'time_iter': 0.00508, 'accuracy': 0.13333, 'f1': 0.05731, 'auc': 0.75353}
> Epoch 120: took 2.1s (avg 2.1s) | Best so far: epoch 118	train_loss: 0.3977 train_accuracy: 0.8695	val_loss: 3.2164 val_accuracy: 0.3310	test_loss: 3.1120 test_accuracy: 0.3595	F1: 0.2922 Prec: 0.3722 Rec: 0.3595
train: {'epoch': 121, 'time_epoch': 1.99331, 'eta': 240.87849, 'eta_hours': 0.06691, 'loss': 0.4024673, 'lr': 0.00052512, 'params': 276757, 'time_iter': 0.01139, 'accuracy': 0.8672, 'f1': 0.86713, 'auc': 0.99558}
val: {'epoch': 121, 'time_epoch': 0.08446, 'loss': 4.33658132, 'lr': 0, 'params': 276757, 'time_iter': 0.00603, 'accuracy': 0.2, 'f1': 0.14813, 'auc': 0.85813}
test: {'epoch': 121, 'time_epoch': 0.07243, 'loss': 6.9546402, 'lr': 0, 'params': 276757, 'time_iter': 0.00517, 'accuracy': 0.19762, 'f1': 0.13087, 'auc': 0.78273}
> Epoch 121: took 2.2s (avg 2.1s) | Best so far: epoch 118	train_loss: 0.3977 train_accuracy: 0.8695	val_loss: 3.2164 val_accuracy: 0.3310	test_loss: 3.1120 test_accuracy: 0.3595	F1: 0.2922 Prec: 0.3722 Rec: 0.3595
train: {'epoch': 122, 'time_epoch': 2.12763, 'eta': 239.25039, 'eta_hours': 0.06646, 'loss': 0.37798442, 'lr': 0.00051885, 'params': 276757, 'time_iter': 0.01216, 'accuracy': 0.87258, 'f1': 0.87238, 'auc': 0.9961}
val: {'epoch': 122, 'time_epoch': 0.08724, 'loss': 4.76452911, 'lr': 0, 'params': 276757, 'time_iter': 0.00623, 'accuracy': 0.15476, 'f1': 0.12717, 'auc': 0.8237}
test: {'epoch': 122, 'time_epoch': 0.09228, 'loss': 7.67473542, 'lr': 0, 'params': 276757, 'time_iter': 0.00659, 'accuracy': 0.14524, 'f1': 0.06425, 'auc': 0.76393}
> Epoch 122: took 2.4s (avg 2.1s) | Best so far: epoch 118	train_loss: 0.3977 train_accuracy: 0.8695	val_loss: 3.2164 val_accuracy: 0.3310	test_loss: 3.1120 test_accuracy: 0.3595	F1: 0.2922 Prec: 0.3722 Rec: 0.3595
train: {'epoch': 123, 'time_epoch': 1.98254, 'eta': 237.46679, 'eta_hours': 0.06596, 'loss': 0.397972, 'lr': 0.00051257, 'params': 276757, 'time_iter': 0.01133, 'accuracy': 0.86667, 'f1': 0.86669, 'auc': 0.99565}
val: {'epoch': 123, 'time_epoch': 0.07065, 'loss': 4.66733078, 'lr': 0, 'params': 276757, 'time_iter': 0.00505, 'accuracy': 0.20238, 'f1': 0.17806, 'auc': 0.8214}
test: {'epoch': 123, 'time_epoch': 0.06537, 'loss': 6.89157689, 'lr': 0, 'params': 276757, 'time_iter': 0.00467, 'accuracy': 0.15238, 'f1': 0.09875, 'auc': 0.79212}
> Epoch 123: took 2.2s (avg 2.1s) | Best so far: epoch 118	train_loss: 0.3977 train_accuracy: 0.8695	val_loss: 3.2164 val_accuracy: 0.3310	test_loss: 3.1120 test_accuracy: 0.3595	F1: 0.2922 Prec: 0.3722 Rec: 0.3595
train: {'epoch': 124, 'time_epoch': 1.86261, 'eta': 235.56009, 'eta_hours': 0.06543, 'loss': 0.39330479, 'lr': 0.00050628, 'params': 276757, 'time_iter': 0.01064, 'accuracy': 0.87276, 'f1': 0.8727, 'auc': 0.99568}
val: {'epoch': 124, 'time_epoch': 0.06866, 'loss': 3.78282669, 'lr': 0, 'params': 276757, 'time_iter': 0.0049, 'accuracy': 0.22619, 'f1': 0.19635, 'auc': 0.83234}
test: {'epoch': 124, 'time_epoch': 0.06698, 'loss': 5.98125775, 'lr': 0, 'params': 276757, 'time_iter': 0.00478, 'accuracy': 0.19524, 'f1': 0.14795, 'auc': 0.80035}
> Epoch 124: took 2.1s (avg 2.1s) | Best so far: epoch 118	train_loss: 0.3977 train_accuracy: 0.8695	val_loss: 3.2164 val_accuracy: 0.3310	test_loss: 3.1120 test_accuracy: 0.3595	F1: 0.2922 Prec: 0.3722 Rec: 0.3595
train: {'epoch': 125, 'time_epoch': 1.80545, 'eta': 233.59783, 'eta_hours': 0.06489, 'loss': 0.37302591, 'lr': 0.0005, 'params': 276757, 'time_iter': 0.01032, 'accuracy': 0.87527, 'f1': 0.8751, 'auc': 0.99617}
val: {'epoch': 125, 'time_epoch': 0.06576, 'loss': 3.38361262, 'lr': 0, 'params': 276757, 'time_iter': 0.0047, 'accuracy': 0.30238, 'f1': 0.25178, 'auc': 0.89054}
test: {'epoch': 125, 'time_epoch': 0.06909, 'loss': 3.73203788, 'lr': 0, 'params': 276757, 'time_iter': 0.00494, 'accuracy': 0.28571, 'f1': 0.24034, 'auc': 0.8634}
> Epoch 125: took 2.0s (avg 2.1s) | Best so far: epoch 118	train_loss: 0.3977 train_accuracy: 0.8695	val_loss: 3.2164 val_accuracy: 0.3310	test_loss: 3.1120 test_accuracy: 0.3595	F1: 0.2922 Prec: 0.3722 Rec: 0.3595
train: {'epoch': 126, 'time_epoch': 1.73693, 'eta': 231.57168, 'eta_hours': 0.06433, 'loss': 0.3543542, 'lr': 0.00049372, 'params': 276757, 'time_iter': 0.00993, 'accuracy': 0.88262, 'f1': 0.88263, 'auc': 0.99658}
val: {'epoch': 126, 'time_epoch': 0.08897, 'loss': 5.6505104, 'lr': 0, 'params': 276757, 'time_iter': 0.00636, 'accuracy': 0.20714, 'f1': 0.12518, 'auc': 0.84011}
test: {'epoch': 126, 'time_epoch': 0.08623, 'loss': 7.63104779, 'lr': 0, 'params': 276757, 'time_iter': 0.00616, 'accuracy': 0.18333, 'f1': 0.11934, 'auc': 0.81343}
> Epoch 126: took 2.0s (avg 2.1s) | Best so far: epoch 118	train_loss: 0.3977 train_accuracy: 0.8695	val_loss: 3.2164 val_accuracy: 0.3310	test_loss: 3.1120 test_accuracy: 0.3595	F1: 0.2922 Prec: 0.3722 Rec: 0.3595
train: {'epoch': 127, 'time_epoch': 1.71029, 'eta': 229.52466, 'eta_hours': 0.06376, 'loss': 0.38845374, 'lr': 0.00048743, 'params': 276757, 'time_iter': 0.00977, 'accuracy': 0.86989, 'f1': 0.86984, 'auc': 0.99577}
val: {'epoch': 127, 'time_epoch': 0.07288, 'loss': 3.70118047, 'lr': 0, 'params': 276757, 'time_iter': 0.00521, 'accuracy': 0.27143, 'f1': 0.23895, 'auc': 0.85866}
test: {'epoch': 127, 'time_epoch': 0.06647, 'loss': 4.79314683, 'lr': 0, 'params': 276757, 'time_iter': 0.00475, 'accuracy': 0.25476, 'f1': 0.19783, 'auc': 0.85234}
> Epoch 127: took 1.9s (avg 2.1s) | Best so far: epoch 118	train_loss: 0.3977 train_accuracy: 0.8695	val_loss: 3.2164 val_accuracy: 0.3310	test_loss: 3.1120 test_accuracy: 0.3595	F1: 0.2922 Prec: 0.3722 Rec: 0.3595
train: {'epoch': 128, 'time_epoch': 1.77981, 'eta': 227.54807, 'eta_hours': 0.06321, 'loss': 0.34696157, 'lr': 0.00048115, 'params': 276757, 'time_iter': 0.01017, 'accuracy': 0.88459, 'f1': 0.88455, 'auc': 0.99668}
val: {'epoch': 128, 'time_epoch': 0.07513, 'loss': 3.8227593, 'lr': 0, 'params': 276757, 'time_iter': 0.00537, 'accuracy': 0.24524, 'f1': 0.19759, 'auc': 0.85979}
test: {'epoch': 128, 'time_epoch': 0.06803, 'loss': 5.77030273, 'lr': 0, 'params': 276757, 'time_iter': 0.00486, 'accuracy': 0.16905, 'f1': 0.12413, 'auc': 0.79055}
> Epoch 128: took 2.0s (avg 2.1s) | Best so far: epoch 118	train_loss: 0.3977 train_accuracy: 0.8695	val_loss: 3.2164 val_accuracy: 0.3310	test_loss: 3.1120 test_accuracy: 0.3595	F1: 0.2922 Prec: 0.3722 Rec: 0.3595
train: {'epoch': 129, 'time_epoch': 1.82218, 'eta': 225.61362, 'eta_hours': 0.06267, 'loss': 0.36319629, 'lr': 0.00047488, 'params': 276757, 'time_iter': 0.01041, 'accuracy': 0.88011, 'f1': 0.8801, 'auc': 0.99628}
val: {'epoch': 129, 'time_epoch': 0.09623, 'loss': 6.34403257, 'lr': 0, 'params': 276757, 'time_iter': 0.00687, 'accuracy': 0.16429, 'f1': 0.11743, 'auc': 0.80535}
test: {'epoch': 129, 'time_epoch': 0.08306, 'loss': 9.65067689, 'lr': 0, 'params': 276757, 'time_iter': 0.00593, 'accuracy': 0.14524, 'f1': 0.07043, 'auc': 0.74459}
> Epoch 129: took 2.1s (avg 2.1s) | Best so far: epoch 118	train_loss: 0.3977 train_accuracy: 0.8695	val_loss: 3.2164 val_accuracy: 0.3310	test_loss: 3.1120 test_accuracy: 0.3595	F1: 0.2922 Prec: 0.3722 Rec: 0.3595
train: {'epoch': 130, 'time_epoch': 1.87552, 'eta': 223.72933, 'eta_hours': 0.06215, 'loss': 0.37084845, 'lr': 0.0004686, 'params': 276757, 'time_iter': 0.01072, 'accuracy': 0.87921, 'f1': 0.87914, 'auc': 0.99601}
val: {'epoch': 130, 'time_epoch': 0.10596, 'loss': 2.79425749, 'lr': 0, 'params': 276757, 'time_iter': 0.00757, 'accuracy': 0.31429, 'f1': 0.28624, 'auc': 0.89467}
test: {'epoch': 130, 'time_epoch': 0.07788, 'loss': 3.97278786, 'lr': 0, 'params': 276757, 'time_iter': 0.00556, 'accuracy': 0.27143, 'f1': 0.22749, 'auc': 0.86453}
> Epoch 130: took 2.1s (avg 2.1s) | Best so far: epoch 118	train_loss: 0.3977 train_accuracy: 0.8695	val_loss: 3.2164 val_accuracy: 0.3310	test_loss: 3.1120 test_accuracy: 0.3595	F1: 0.2922 Prec: 0.3722 Rec: 0.3595
train: {'epoch': 131, 'time_epoch': 1.88753, 'eta': 221.85592, 'eta_hours': 0.06163, 'loss': 0.35237428, 'lr': 0.00046234, 'params': 276757, 'time_iter': 0.01079, 'accuracy': 0.88566, 'f1': 0.88556, 'auc': 0.99656}
val: {'epoch': 131, 'time_epoch': 0.09308, 'loss': 2.40069843, 'lr': 0, 'params': 276757, 'time_iter': 0.00665, 'accuracy': 0.43571, 'f1': 0.40351, 'auc': 0.91292}
test: {'epoch': 131, 'time_epoch': 0.06213, 'loss': 2.91569555, 'lr': 0, 'params': 276757, 'time_iter': 0.00444, 'accuracy': 0.37619, 'f1': 0.33547, 'auc': 0.90366}
[*] Confusion Matrix saved to: results_lopo_none/JH_3m\Conf\confusion_matrix_epoch_131.png
> Epoch 131: took 2.2s (avg 2.1s) | Best so far: epoch 131	train_loss: 0.3524 train_accuracy: 0.8857	val_loss: 2.4007 val_accuracy: 0.4357	test_loss: 2.9157 test_accuracy: 0.3762	F1: 0.3355 Prec: 0.4367 Rec: 0.3762
train: {'epoch': 132, 'time_epoch': 1.95605, 'eta': 220.04257, 'eta_hours': 0.06112, 'loss': 0.35289464, 'lr': 0.00045607, 'params': 276757, 'time_iter': 0.01118, 'accuracy': 0.88495, 'f1': 0.88487, 'auc': 0.99644}
val: {'epoch': 132, 'time_epoch': 0.06918, 'loss': 4.69862542, 'lr': 0, 'params': 276757, 'time_iter': 0.00494, 'accuracy': 0.2119, 'f1': 0.17191, 'auc': 0.83196}
test: {'epoch': 132, 'time_epoch': 0.09061, 'loss': 7.02141622, 'lr': 0, 'params': 276757, 'time_iter': 0.00647, 'accuracy': 0.20952, 'f1': 0.1414, 'auc': 0.79633}
> Epoch 132: took 2.2s (avg 2.1s) | Best so far: epoch 131	train_loss: 0.3524 train_accuracy: 0.8857	val_loss: 2.4007 val_accuracy: 0.4357	test_loss: 2.9157 test_accuracy: 0.3762	F1: 0.3355 Prec: 0.4367 Rec: 0.3762
train: {'epoch': 133, 'time_epoch': 1.85599, 'eta': 218.14046, 'eta_hours': 0.06059, 'loss': 0.35087085, 'lr': 0.00044982, 'params': 276757, 'time_iter': 0.01061, 'accuracy': 0.87849, 'f1': 0.87847, 'auc': 0.99666}
val: {'epoch': 133, 'time_epoch': 0.07029, 'loss': 2.97562661, 'lr': 0, 'params': 276757, 'time_iter': 0.00502, 'accuracy': 0.30714, 'f1': 0.29597, 'auc': 0.88579}
test: {'epoch': 133, 'time_epoch': 0.07432, 'loss': 3.74214167, 'lr': 0, 'params': 276757, 'time_iter': 0.00531, 'accuracy': 0.30952, 'f1': 0.26854, 'auc': 0.87651}
> Epoch 133: took 2.1s (avg 2.1s) | Best so far: epoch 131	train_loss: 0.3524 train_accuracy: 0.8857	val_loss: 2.4007 val_accuracy: 0.4357	test_loss: 2.9157 test_accuracy: 0.3762	F1: 0.3355 Prec: 0.4367 Rec: 0.3762
train: {'epoch': 134, 'time_epoch': 1.93405, 'eta': 216.30554, 'eta_hours': 0.06008, 'loss': 0.36899713, 'lr': 0.00044357, 'params': 276757, 'time_iter': 0.01105, 'accuracy': 0.8776, 'f1': 0.87755, 'auc': 0.99618}
val: {'epoch': 134, 'time_epoch': 0.07058, 'loss': 2.39259952, 'lr': 0, 'params': 276757, 'time_iter': 0.00504, 'accuracy': 0.41429, 'f1': 0.388, 'auc': 0.91118}
test: {'epoch': 134, 'time_epoch': 0.06767, 'loss': 3.42552009, 'lr': 0, 'params': 276757, 'time_iter': 0.00483, 'accuracy': 0.3619, 'f1': 0.30297, 'auc': 0.88197}
> Epoch 134: took 2.1s (avg 2.1s) | Best so far: epoch 131	train_loss: 0.3524 train_accuracy: 0.8857	val_loss: 2.4007 val_accuracy: 0.4357	test_loss: 2.9157 test_accuracy: 0.3762	F1: 0.3355 Prec: 0.4367 Rec: 0.3762
train: {'epoch': 135, 'time_epoch': 1.8244, 'eta': 214.37725, 'eta_hours': 0.05955, 'loss': 0.33743221, 'lr': 0.00043733, 'params': 276757, 'time_iter': 0.01043, 'accuracy': 0.88889, 'f1': 0.88893, 'auc': 0.9968}
val: {'epoch': 135, 'time_epoch': 0.08661, 'loss': 5.97640393, 'lr': 0, 'params': 276757, 'time_iter': 0.00619, 'accuracy': 0.13571, 'f1': 0.09459, 'auc': 0.80857}
test: {'epoch': 135, 'time_epoch': 0.08286, 'loss': 9.43589553, 'lr': 0, 'params': 276757, 'time_iter': 0.00592, 'accuracy': 0.15476, 'f1': 0.07843, 'auc': 0.74966}
> Epoch 135: took 2.1s (avg 2.1s) | Best so far: epoch 131	train_loss: 0.3524 train_accuracy: 0.8857	val_loss: 2.4007 val_accuracy: 0.4357	test_loss: 2.9157 test_accuracy: 0.3762	F1: 0.3355 Prec: 0.4367 Rec: 0.3762
train: {'epoch': 136, 'time_epoch': 1.87022, 'eta': 212.48826, 'eta_hours': 0.05902, 'loss': 0.33233819, 'lr': 0.0004311, 'params': 276757, 'time_iter': 0.01069, 'accuracy': 0.8914, 'f1': 0.89141, 'auc': 0.9969}
val: {'epoch': 136, 'time_epoch': 0.11001, 'loss': 4.40972322, 'lr': 0, 'params': 276757, 'time_iter': 0.00786, 'accuracy': 0.25238, 'f1': 0.21902, 'auc': 0.83473}
test: {'epoch': 136, 'time_epoch': 0.08664, 'loss': 6.49615053, 'lr': 0, 'params': 276757, 'time_iter': 0.00619, 'accuracy': 0.20952, 'f1': 0.14033, 'auc': 0.81673}
> Epoch 136: took 2.2s (avg 2.1s) | Best so far: epoch 131	train_loss: 0.3524 train_accuracy: 0.8857	val_loss: 2.4007 val_accuracy: 0.4357	test_loss: 2.9157 test_accuracy: 0.3762	F1: 0.3355 Prec: 0.4367 Rec: 0.3762
train: {'epoch': 137, 'time_epoch': 1.80213, 'eta': 210.54429, 'eta_hours': 0.05848, 'loss': 0.36016025, 'lr': 0.00042489, 'params': 276757, 'time_iter': 0.0103, 'accuracy': 0.88154, 'f1': 0.88143, 'auc': 0.9964}
val: {'epoch': 137, 'time_epoch': 0.07506, 'loss': 3.86895197, 'lr': 0, 'params': 276757, 'time_iter': 0.00536, 'accuracy': 0.24524, 'f1': 0.18799, 'auc': 0.86856}
test: {'epoch': 137, 'time_epoch': 0.08862, 'loss': 6.22279149, 'lr': 0, 'params': 276757, 'time_iter': 0.00633, 'accuracy': 0.2, 'f1': 0.13439, 'auc': 0.81505}
> Epoch 137: took 2.1s (avg 2.1s) | Best so far: epoch 131	train_loss: 0.3524 train_accuracy: 0.8857	val_loss: 2.4007 val_accuracy: 0.4357	test_loss: 2.9157 test_accuracy: 0.3762	F1: 0.3355 Prec: 0.4367 Rec: 0.3762
train: {'epoch': 138, 'time_epoch': 1.8759, 'eta': 208.66127, 'eta_hours': 0.05796, 'loss': 0.35134801, 'lr': 0.00041868, 'params': 276757, 'time_iter': 0.01072, 'accuracy': 0.88387, 'f1': 0.88383, 'auc': 0.99649}
val: {'epoch': 138, 'time_epoch': 0.07307, 'loss': 4.76631643, 'lr': 0, 'params': 276757, 'time_iter': 0.00522, 'accuracy': 0.19524, 'f1': 0.15619, 'auc': 0.86017}
test: {'epoch': 138, 'time_epoch': 0.07684, 'loss': 7.57617178, 'lr': 0, 'params': 276757, 'time_iter': 0.00549, 'accuracy': 0.16429, 'f1': 0.09367, 'auc': 0.80075}
> Epoch 138: took 2.1s (avg 2.1s) | Best so far: epoch 131	train_loss: 0.3524 train_accuracy: 0.8857	val_loss: 2.4007 val_accuracy: 0.4357	test_loss: 2.9157 test_accuracy: 0.3762	F1: 0.3355 Prec: 0.4367 Rec: 0.3762
train: {'epoch': 139, 'time_epoch': 1.86022, 'eta': 206.76603, 'eta_hours': 0.05744, 'loss': 0.33495697, 'lr': 0.00041249, 'params': 276757, 'time_iter': 0.01063, 'accuracy': 0.89355, 'f1': 0.8935, 'auc': 0.9968}
val: {'epoch': 139, 'time_epoch': 0.08563, 'loss': 4.58289273, 'lr': 0, 'params': 276757, 'time_iter': 0.00612, 'accuracy': 0.2381, 'f1': 0.18439, 'auc': 0.8452}
test: {'epoch': 139, 'time_epoch': 0.09473, 'loss': 6.90590854, 'lr': 0, 'params': 276757, 'time_iter': 0.00677, 'accuracy': 0.17619, 'f1': 0.11281, 'auc': 0.81342}
> Epoch 139: took 2.1s (avg 2.1s) | Best so far: epoch 131	train_loss: 0.3524 train_accuracy: 0.8857	val_loss: 2.4007 val_accuracy: 0.4357	test_loss: 2.9157 test_accuracy: 0.3762	F1: 0.3355 Prec: 0.4367 Rec: 0.3762
train: {'epoch': 140, 'time_epoch': 2.07348, 'eta': 205.03615, 'eta_hours': 0.05695, 'loss': 0.32597635, 'lr': 0.00040631, 'params': 276757, 'time_iter': 0.01185, 'accuracy': 0.88853, 'f1': 0.88836, 'auc': 0.99709}
val: {'epoch': 140, 'time_epoch': 0.07769, 'loss': 3.86675789, 'lr': 0, 'params': 276757, 'time_iter': 0.00555, 'accuracy': 0.27143, 'f1': 0.23106, 'auc': 0.86471}
test: {'epoch': 140, 'time_epoch': 0.06718, 'loss': 5.96338759, 'lr': 0, 'params': 276757, 'time_iter': 0.0048, 'accuracy': 0.23333, 'f1': 0.17731, 'auc': 0.81389}
> Epoch 140: took 2.3s (avg 2.1s) | Best so far: epoch 131	train_loss: 0.3524 train_accuracy: 0.8857	val_loss: 2.4007 val_accuracy: 0.4357	test_loss: 2.9157 test_accuracy: 0.3762	F1: 0.3355 Prec: 0.4367 Rec: 0.3762
train: {'epoch': 141, 'time_epoch': 2.12091, 'eta': 203.3375, 'eta_hours': 0.05648, 'loss': 0.34329571, 'lr': 0.00040015, 'params': 276757, 'time_iter': 0.01212, 'accuracy': 0.88369, 'f1': 0.88377, 'auc': 0.99677}
val: {'epoch': 141, 'time_epoch': 0.06771, 'loss': 2.99187905, 'lr': 0, 'params': 276757, 'time_iter': 0.00484, 'accuracy': 0.29762, 'f1': 0.27742, 'auc': 0.89235}
test: {'epoch': 141, 'time_epoch': 0.06359, 'loss': 5.01861164, 'lr': 0, 'params': 276757, 'time_iter': 0.00454, 'accuracy': 0.23571, 'f1': 0.19799, 'auc': 0.82371}
> Epoch 141: took 2.3s (avg 2.1s) | Best so far: epoch 131	train_loss: 0.3524 train_accuracy: 0.8857	val_loss: 2.4007 val_accuracy: 0.4357	test_loss: 2.9157 test_accuracy: 0.3762	F1: 0.3355 Prec: 0.4367 Rec: 0.3762
train: {'epoch': 142, 'time_epoch': 2.02257, 'eta': 201.55937, 'eta_hours': 0.05599, 'loss': 0.33347563, 'lr': 0.000394, 'params': 276757, 'time_iter': 0.01156, 'accuracy': 0.89068, 'f1': 0.89059, 'auc': 0.9968}
val: {'epoch': 142, 'time_epoch': 0.07344, 'loss': 6.70673729, 'lr': 0, 'params': 276757, 'time_iter': 0.00525, 'accuracy': 0.13571, 'f1': 0.07157, 'auc': 0.79424}
test: {'epoch': 142, 'time_epoch': 0.07235, 'loss': 10.64177145, 'lr': 0, 'params': 276757, 'time_iter': 0.00517, 'accuracy': 0.12857, 'f1': 0.05894, 'auc': 0.72762}
> Epoch 142: took 2.2s (avg 2.1s) | Best so far: epoch 131	train_loss: 0.3524 train_accuracy: 0.8857	val_loss: 2.4007 val_accuracy: 0.4357	test_loss: 2.9157 test_accuracy: 0.3762	F1: 0.3355 Prec: 0.4367 Rec: 0.3762
train: {'epoch': 143, 'time_epoch': 1.95123, 'eta': 199.72532, 'eta_hours': 0.05548, 'loss': 0.3473735, 'lr': 0.00038786, 'params': 276757, 'time_iter': 0.01115, 'accuracy': 0.88584, 'f1': 0.88576, 'auc': 0.99652}
val: {'epoch': 143, 'time_epoch': 0.07641, 'loss': 3.23694879, 'lr': 0, 'params': 276757, 'time_iter': 0.00546, 'accuracy': 0.3119, 'f1': 0.27442, 'auc': 0.88414}
test: {'epoch': 143, 'time_epoch': 0.07712, 'loss': 4.44826745, 'lr': 0, 'params': 276757, 'time_iter': 0.00551, 'accuracy': 0.26905, 'f1': 0.2309, 'auc': 0.84505}
> Epoch 143: took 2.2s (avg 2.1s) | Best so far: epoch 131	train_loss: 0.3524 train_accuracy: 0.8857	val_loss: 2.4007 val_accuracy: 0.4357	test_loss: 2.9157 test_accuracy: 0.3762	F1: 0.3355 Prec: 0.4367 Rec: 0.3762
train: {'epoch': 144, 'time_epoch': 1.80277, 'eta': 197.78215, 'eta_hours': 0.05494, 'loss': 0.33945874, 'lr': 0.00038175, 'params': 276757, 'time_iter': 0.0103, 'accuracy': 0.88781, 'f1': 0.88772, 'auc': 0.99666}
val: {'epoch': 144, 'time_epoch': 0.06308, 'loss': 5.16360374, 'lr': 0, 'params': 276757, 'time_iter': 0.00451, 'accuracy': 0.19762, 'f1': 0.14251, 'auc': 0.84079}
test: {'epoch': 144, 'time_epoch': 0.07368, 'loss': 7.92977616, 'lr': 0, 'params': 276757, 'time_iter': 0.00526, 'accuracy': 0.18095, 'f1': 0.12804, 'auc': 0.75722}
> Epoch 144: took 2.0s (avg 2.1s) | Best so far: epoch 131	train_loss: 0.3524 train_accuracy: 0.8857	val_loss: 2.4007 val_accuracy: 0.4357	test_loss: 2.9157 test_accuracy: 0.3762	F1: 0.3355 Prec: 0.4367 Rec: 0.3762
train: {'epoch': 145, 'time_epoch': 1.73682, 'eta': 195.79393, 'eta_hours': 0.05439, 'loss': 0.33249536, 'lr': 0.00037566, 'params': 276757, 'time_iter': 0.00992, 'accuracy': 0.88799, 'f1': 0.88794, 'auc': 0.99702}
val: {'epoch': 145, 'time_epoch': 0.06653, 'loss': 5.91139675, 'lr': 0, 'params': 276757, 'time_iter': 0.00475, 'accuracy': 0.19524, 'f1': 0.1762, 'auc': 0.79158}
test: {'epoch': 145, 'time_epoch': 0.07075, 'loss': 6.80910889, 'lr': 0, 'params': 276757, 'time_iter': 0.00505, 'accuracy': 0.22143, 'f1': 0.16683, 'auc': 0.81207}
> Epoch 145: took 2.0s (avg 2.1s) | Best so far: epoch 131	train_loss: 0.3524 train_accuracy: 0.8857	val_loss: 2.4007 val_accuracy: 0.4357	test_loss: 2.9157 test_accuracy: 0.3762	F1: 0.3355 Prec: 0.4367 Rec: 0.3762
train: {'epoch': 146, 'time_epoch': 1.76349, 'eta': 193.82781, 'eta_hours': 0.05384, 'loss': 0.31483665, 'lr': 0.00036958, 'params': 276757, 'time_iter': 0.01008, 'accuracy': 0.89624, 'f1': 0.89616, 'auc': 0.99729}
val: {'epoch': 146, 'time_epoch': 0.0691, 'loss': 3.45170185, 'lr': 0, 'params': 276757, 'time_iter': 0.00494, 'accuracy': 0.27143, 'f1': 0.19587, 'auc': 0.89654}
test: {'epoch': 146, 'time_epoch': 0.07552, 'loss': 4.57441599, 'lr': 0, 'params': 276757, 'time_iter': 0.00539, 'accuracy': 0.2619, 'f1': 0.20081, 'auc': 0.86115}
> Epoch 146: took 2.0s (avg 2.1s) | Best so far: epoch 131	train_loss: 0.3524 train_accuracy: 0.8857	val_loss: 2.4007 val_accuracy: 0.4357	test_loss: 2.9157 test_accuracy: 0.3762	F1: 0.3355 Prec: 0.4367 Rec: 0.3762
train: {'epoch': 147, 'time_epoch': 1.77152, 'eta': 191.86996, 'eta_hours': 0.0533, 'loss': 0.32245396, 'lr': 0.00036352, 'params': 276757, 'time_iter': 0.01012, 'accuracy': 0.89427, 'f1': 0.89407, 'auc': 0.99707}
val: {'epoch': 147, 'time_epoch': 0.07592, 'loss': 2.39911194, 'lr': 0, 'params': 276757, 'time_iter': 0.00542, 'accuracy': 0.40714, 'f1': 0.39763, 'auc': 0.90295}
test: {'epoch': 147, 'time_epoch': 0.06349, 'loss': 3.4632918, 'lr': 0, 'params': 276757, 'time_iter': 0.00454, 'accuracy': 0.34762, 'f1': 0.31026, 'auc': 0.87892}
> Epoch 147: took 2.0s (avg 2.1s) | Best so far: epoch 131	train_loss: 0.3524 train_accuracy: 0.8857	val_loss: 2.4007 val_accuracy: 0.4357	test_loss: 2.9157 test_accuracy: 0.3762	F1: 0.3355 Prec: 0.4367 Rec: 0.3762
train: {'epoch': 148, 'time_epoch': 1.72638, 'eta': 189.88402, 'eta_hours': 0.05275, 'loss': 0.32247313, 'lr': 0.00035749, 'params': 276757, 'time_iter': 0.00987, 'accuracy': 0.89767, 'f1': 0.89761, 'auc': 0.99697}
val: {'epoch': 148, 'time_epoch': 0.0839, 'loss': 2.7399086, 'lr': 0, 'params': 276757, 'time_iter': 0.00599, 'accuracy': 0.35952, 'f1': 0.34592, 'auc': 0.90194}
test: {'epoch': 148, 'time_epoch': 0.07112, 'loss': 3.7780875, 'lr': 0, 'params': 276757, 'time_iter': 0.00508, 'accuracy': 0.30476, 'f1': 0.24706, 'auc': 0.88571}
> Epoch 148: took 2.0s (avg 2.1s) | Best so far: epoch 131	train_loss: 0.3524 train_accuracy: 0.8857	val_loss: 2.4007 val_accuracy: 0.4357	test_loss: 2.9157 test_accuracy: 0.3762	F1: 0.3355 Prec: 0.4367 Rec: 0.3762
train: {'epoch': 149, 'time_epoch': 1.67506, 'eta': 187.86733, 'eta_hours': 0.05219, 'loss': 0.29344403, 'lr': 0.00035148, 'params': 276757, 'time_iter': 0.00957, 'accuracy': 0.90376, 'f1': 0.90369, 'auc': 0.99759}
val: {'epoch': 149, 'time_epoch': 0.07037, 'loss': 3.21377376, 'lr': 0, 'params': 276757, 'time_iter': 0.00503, 'accuracy': 0.33571, 'f1': 0.31273, 'auc': 0.8717}
test: {'epoch': 149, 'time_epoch': 0.06326, 'loss': 4.54223113, 'lr': 0, 'params': 276757, 'time_iter': 0.00452, 'accuracy': 0.25476, 'f1': 0.22636, 'auc': 0.83885}
> Epoch 149: took 1.9s (avg 2.1s) | Best so far: epoch 131	train_loss: 0.3524 train_accuracy: 0.8857	val_loss: 2.4007 val_accuracy: 0.4357	test_loss: 2.9157 test_accuracy: 0.3762	F1: 0.3355 Prec: 0.4367 Rec: 0.3762
train: {'epoch': 150, 'time_epoch': 1.72186, 'eta': 185.88585, 'eta_hours': 0.05163, 'loss': 0.32860218, 'lr': 0.00034549, 'params': 276757, 'time_iter': 0.00984, 'accuracy': 0.8957, 'f1': 0.89562, 'auc': 0.99701}
val: {'epoch': 150, 'time_epoch': 0.06559, 'loss': 3.20951915, 'lr': 0, 'params': 276757, 'time_iter': 0.00468, 'accuracy': 0.30714, 'f1': 0.28618, 'auc': 0.87801}
test: {'epoch': 150, 'time_epoch': 0.06832, 'loss': 4.46866091, 'lr': 0, 'params': 276757, 'time_iter': 0.00488, 'accuracy': 0.30952, 'f1': 0.25305, 'auc': 0.85744}
> Epoch 150: took 2.0s (avg 2.1s) | Best so far: epoch 131	train_loss: 0.3524 train_accuracy: 0.8857	val_loss: 2.4007 val_accuracy: 0.4357	test_loss: 2.9157 test_accuracy: 0.3762	F1: 0.3355 Prec: 0.4367 Rec: 0.3762
train: {'epoch': 151, 'time_epoch': 1.82484, 'eta': 183.97417, 'eta_hours': 0.0511, 'loss': 0.30938489, 'lr': 0.00033953, 'params': 276757, 'time_iter': 0.01043, 'accuracy': 0.89964, 'f1': 0.8996, 'auc': 0.99734}
val: {'epoch': 151, 'time_epoch': 0.07995, 'loss': 1.96622436, 'lr': 0, 'params': 276757, 'time_iter': 0.00571, 'accuracy': 0.48571, 'f1': 0.46306, 'auc': 0.93575}
test: {'epoch': 151, 'time_epoch': 0.06512, 'loss': 3.16090014, 'lr': 0, 'params': 276757, 'time_iter': 0.00465, 'accuracy': 0.35238, 'f1': 0.29886, 'auc': 0.89149}
[*] Confusion Matrix saved to: results_lopo_none/JH_3m\Conf\confusion_matrix_epoch_151.png
> Epoch 151: took 2.1s (avg 2.1s) | Best so far: epoch 151	train_loss: 0.3094 train_accuracy: 0.8996	val_loss: 1.9662 val_accuracy: 0.4857	test_loss: 3.1609 test_accuracy: 0.3524	F1: 0.2989 Prec: 0.4137 Rec: 0.3524
train: {'epoch': 152, 'time_epoch': 1.98199, 'eta': 182.16327, 'eta_hours': 0.0506, 'loss': 0.31235741, 'lr': 0.00033359, 'params': 276757, 'time_iter': 0.01133, 'accuracy': 0.89194, 'f1': 0.89185, 'auc': 0.99735}
val: {'epoch': 152, 'time_epoch': 0.07869, 'loss': 2.63317687, 'lr': 0, 'params': 276757, 'time_iter': 0.00562, 'accuracy': 0.40476, 'f1': 0.39402, 'auc': 0.90127}
test: {'epoch': 152, 'time_epoch': 0.07581, 'loss': 3.85995978, 'lr': 0, 'params': 276757, 'time_iter': 0.00542, 'accuracy': 0.33095, 'f1': 0.26596, 'auc': 0.87565}
> Epoch 152: took 2.2s (avg 2.1s) | Best so far: epoch 151	train_loss: 0.3094 train_accuracy: 0.8996	val_loss: 1.9662 val_accuracy: 0.4857	test_loss: 3.1609 test_accuracy: 0.3524	F1: 0.2989 Prec: 0.4137 Rec: 0.3524
train: {'epoch': 153, 'time_epoch': 1.74085, 'eta': 180.19982, 'eta_hours': 0.05006, 'loss': 0.29623318, 'lr': 0.00032768, 'params': 276757, 'time_iter': 0.00995, 'accuracy': 0.90179, 'f1': 0.90182, 'auc': 0.99758}
val: {'epoch': 153, 'time_epoch': 0.06949, 'loss': 2.46364328, 'lr': 0, 'params': 276757, 'time_iter': 0.00496, 'accuracy': 0.4381, 'f1': 0.4003, 'auc': 0.92188}
test: {'epoch': 153, 'time_epoch': 0.08379, 'loss': 3.90521233, 'lr': 0, 'params': 276757, 'time_iter': 0.00599, 'accuracy': 0.33095, 'f1': 0.26697, 'auc': 0.87283}
> Epoch 153: took 2.0s (avg 2.1s) | Best so far: epoch 151	train_loss: 0.3094 train_accuracy: 0.8996	val_loss: 1.9662 val_accuracy: 0.4857	test_loss: 3.1609 test_accuracy: 0.3524	F1: 0.2989 Prec: 0.4137 Rec: 0.3524
train: {'epoch': 154, 'time_epoch': 1.72701, 'eta': 178.23075, 'eta_hours': 0.04951, 'loss': 0.28792504, 'lr': 0.00032179, 'params': 276757, 'time_iter': 0.00987, 'accuracy': 0.9, 'f1': 0.8999, 'auc': 0.99779}
val: {'epoch': 154, 'time_epoch': 0.06511, 'loss': 1.95253339, 'lr': 0, 'params': 276757, 'time_iter': 0.00465, 'accuracy': 0.49524, 'f1': 0.47904, 'auc': 0.93474}
test: {'epoch': 154, 'time_epoch': 0.07199, 'loss': 3.34526664, 'lr': 0, 'params': 276757, 'time_iter': 0.00514, 'accuracy': 0.35238, 'f1': 0.28601, 'auc': 0.88805}
[*] Confusion Matrix saved to: results_lopo_none/JH_3m\Conf\confusion_matrix_epoch_154.png
> Epoch 154: took 1.9s (avg 2.1s) | Best so far: epoch 154	train_loss: 0.2879 train_accuracy: 0.9000	val_loss: 1.9525 val_accuracy: 0.4952	test_loss: 3.3453 test_accuracy: 0.3524	F1: 0.2860 Prec: 0.3092 Rec: 0.3524
train: {'epoch': 155, 'time_epoch': 1.89097, 'eta': 176.3636, 'eta_hours': 0.04899, 'loss': 0.30959951, 'lr': 0.00031594, 'params': 276757, 'time_iter': 0.01081, 'accuracy': 0.89982, 'f1': 0.8998, 'auc': 0.99721}
val: {'epoch': 155, 'time_epoch': 0.0701, 'loss': 3.34335747, 'lr': 0, 'params': 276757, 'time_iter': 0.00501, 'accuracy': 0.35, 'f1': 0.308, 'auc': 0.88514}
test: {'epoch': 155, 'time_epoch': 0.06196, 'loss': 5.15268175, 'lr': 0, 'params': 276757, 'time_iter': 0.00443, 'accuracy': 0.2381, 'f1': 0.17667, 'auc': 0.83746}
> Epoch 155: took 2.1s (avg 2.1s) | Best so far: epoch 154	train_loss: 0.2879 train_accuracy: 0.9000	val_loss: 1.9525 val_accuracy: 0.4952	test_loss: 3.3453 test_accuracy: 0.3524	F1: 0.2860 Prec: 0.3092 Rec: 0.3524
train: {'epoch': 156, 'time_epoch': 1.82083, 'eta': 174.45458, 'eta_hours': 0.04846, 'loss': 0.29668293, 'lr': 0.00031011, 'params': 276757, 'time_iter': 0.0104, 'accuracy': 0.89982, 'f1': 0.89988, 'auc': 0.99757}
val: {'epoch': 156, 'time_epoch': 0.06743, 'loss': 2.56979128, 'lr': 0, 'params': 276757, 'time_iter': 0.00482, 'accuracy': 0.37619, 'f1': 0.36415, 'auc': 0.90698}
test: {'epoch': 156, 'time_epoch': 0.07011, 'loss': 4.32862372, 'lr': 0, 'params': 276757, 'time_iter': 0.00501, 'accuracy': 0.27619, 'f1': 0.2245, 'auc': 0.85105}
> Epoch 156: took 2.0s (avg 2.1s) | Best so far: epoch 154	train_loss: 0.2879 train_accuracy: 0.9000	val_loss: 1.9525 val_accuracy: 0.4952	test_loss: 3.3453 test_accuracy: 0.3524	F1: 0.2860 Prec: 0.3092 Rec: 0.3524
train: {'epoch': 157, 'time_epoch': 1.89755, 'eta': 172.59136, 'eta_hours': 0.04794, 'loss': 0.28859068, 'lr': 0.00030431, 'params': 276757, 'time_iter': 0.01084, 'accuracy': 0.90376, 'f1': 0.90374, 'auc': 0.99765}
val: {'epoch': 157, 'time_epoch': 0.07775, 'loss': 2.60485724, 'lr': 0, 'params': 276757, 'time_iter': 0.00555, 'accuracy': 0.37619, 'f1': 0.34563, 'auc': 0.90255}
test: {'epoch': 157, 'time_epoch': 0.07174, 'loss': 3.46159268, 'lr': 0, 'params': 276757, 'time_iter': 0.00512, 'accuracy': 0.32857, 'f1': 0.29252, 'auc': 0.87457}
> Epoch 157: took 2.1s (avg 2.1s) | Best so far: epoch 154	train_loss: 0.2879 train_accuracy: 0.9000	val_loss: 1.9525 val_accuracy: 0.4952	test_loss: 3.3453 test_accuracy: 0.3524	F1: 0.2860 Prec: 0.3092 Rec: 0.3524
train: {'epoch': 158, 'time_epoch': 1.98761, 'eta': 170.77924, 'eta_hours': 0.04744, 'loss': 0.28045466, 'lr': 0.00029855, 'params': 276757, 'time_iter': 0.01136, 'accuracy': 0.91057, 'f1': 0.91055, 'auc': 0.9978}
val: {'epoch': 158, 'time_epoch': 0.08116, 'loss': 2.39672797, 'lr': 0, 'params': 276757, 'time_iter': 0.0058, 'accuracy': 0.47381, 'f1': 0.43593, 'auc': 0.91435}
test: {'epoch': 158, 'time_epoch': 0.09124, 'loss': 3.43738137, 'lr': 0, 'params': 276757, 'time_iter': 0.00652, 'accuracy': 0.32619, 'f1': 0.28166, 'auc': 0.88046}
> Epoch 158: took 2.2s (avg 2.1s) | Best so far: epoch 154	train_loss: 0.2879 train_accuracy: 0.9000	val_loss: 1.9525 val_accuracy: 0.4952	test_loss: 3.3453 test_accuracy: 0.3524	F1: 0.2860 Prec: 0.3092 Rec: 0.3524
train: {'epoch': 159, 'time_epoch': 1.71973, 'eta': 168.81425, 'eta_hours': 0.04689, 'loss': 0.27759783, 'lr': 0.00029281, 'params': 276757, 'time_iter': 0.00983, 'accuracy': 0.9086, 'f1': 0.90852, 'auc': 0.99791}
val: {'epoch': 159, 'time_epoch': 0.07403, 'loss': 6.49723256, 'lr': 0, 'params': 276757, 'time_iter': 0.00529, 'accuracy': 0.12857, 'f1': 0.09601, 'auc': 0.81249}
test: {'epoch': 159, 'time_epoch': 0.07487, 'loss': 9.73862786, 'lr': 0, 'params': 276757, 'time_iter': 0.00535, 'accuracy': 0.1381, 'f1': 0.06148, 'auc': 0.74495}
> Epoch 159: took 2.0s (avg 2.1s) | Best so far: epoch 154	train_loss: 0.2879 train_accuracy: 0.9000	val_loss: 1.9525 val_accuracy: 0.4952	test_loss: 3.3453 test_accuracy: 0.3524	F1: 0.2860 Prec: 0.3092 Rec: 0.3524
train: {'epoch': 160, 'time_epoch': 2.06812, 'eta': 167.0449, 'eta_hours': 0.0464, 'loss': 0.29077559, 'lr': 0.00028711, 'params': 276757, 'time_iter': 0.01182, 'accuracy': 0.90681, 'f1': 0.90672, 'auc': 0.99759}
val: {'epoch': 160, 'time_epoch': 0.08672, 'loss': 2.3102075, 'lr': 0, 'params': 276757, 'time_iter': 0.00619, 'accuracy': 0.44524, 'f1': 0.41127, 'auc': 0.92382}
test: {'epoch': 160, 'time_epoch': 0.07098, 'loss': 4.06909012, 'lr': 0, 'params': 276757, 'time_iter': 0.00507, 'accuracy': 0.31667, 'f1': 0.26438, 'auc': 0.88232}
> Epoch 160: took 2.3s (avg 2.1s) | Best so far: epoch 154	train_loss: 0.2879 train_accuracy: 0.9000	val_loss: 1.9525 val_accuracy: 0.4952	test_loss: 3.3453 test_accuracy: 0.3524	F1: 0.2860 Prec: 0.3092 Rec: 0.3524
train: {'epoch': 161, 'time_epoch': 1.75348, 'eta': 165.10094, 'eta_hours': 0.04586, 'loss': 0.29755948, 'lr': 0.00028144, 'params': 276757, 'time_iter': 0.01002, 'accuracy': 0.90215, 'f1': 0.90208, 'auc': 0.99748}
val: {'epoch': 161, 'time_epoch': 0.06557, 'loss': 2.72217178, 'lr': 0, 'params': 276757, 'time_iter': 0.00468, 'accuracy': 0.37143, 'f1': 0.36497, 'auc': 0.89561}
test: {'epoch': 161, 'time_epoch': 0.0801, 'loss': 4.46625004, 'lr': 0, 'params': 276757, 'time_iter': 0.00572, 'accuracy': 0.29524, 'f1': 0.24045, 'auc': 0.86118}
> Epoch 161: took 2.0s (avg 2.1s) | Best so far: epoch 154	train_loss: 0.2879 train_accuracy: 0.9000	val_loss: 1.9525 val_accuracy: 0.4952	test_loss: 3.3453 test_accuracy: 0.3524	F1: 0.2860 Prec: 0.3092 Rec: 0.3524
train: {'epoch': 162, 'time_epoch': 1.6464, 'eta': 163.10217, 'eta_hours': 0.04531, 'loss': 0.27773927, 'lr': 0.00027581, 'params': 276757, 'time_iter': 0.00941, 'accuracy': 0.90842, 'f1': 0.9085, 'auc': 0.99784}
val: {'epoch': 162, 'time_epoch': 0.07673, 'loss': 2.62452641, 'lr': 0, 'params': 276757, 'time_iter': 0.00548, 'accuracy': 0.36429, 'f1': 0.35847, 'auc': 0.9013}
test: {'epoch': 162, 'time_epoch': 0.06524, 'loss': 3.88402494, 'lr': 0, 'params': 276757, 'time_iter': 0.00466, 'accuracy': 0.31905, 'f1': 0.26394, 'auc': 0.87798}
> Epoch 162: took 1.9s (avg 2.1s) | Best so far: epoch 154	train_loss: 0.2879 train_accuracy: 0.9000	val_loss: 1.9525 val_accuracy: 0.4952	test_loss: 3.3453 test_accuracy: 0.3524	F1: 0.2860 Prec: 0.3092 Rec: 0.3524
train: {'epoch': 163, 'time_epoch': 1.69805, 'eta': 161.13478, 'eta_hours': 0.04476, 'loss': 0.27554081, 'lr': 0.00027021, 'params': 276757, 'time_iter': 0.0097, 'accuracy': 0.91147, 'f1': 0.91141, 'auc': 0.99784}
val: {'epoch': 163, 'time_epoch': 0.07255, 'loss': 2.92898023, 'lr': 0, 'params': 276757, 'time_iter': 0.00518, 'accuracy': 0.34286, 'f1': 0.3322, 'auc': 0.89115}
test: {'epoch': 163, 'time_epoch': 0.06357, 'loss': 4.16992704, 'lr': 0, 'params': 276757, 'time_iter': 0.00454, 'accuracy': 0.27381, 'f1': 0.22774, 'auc': 0.86785}
> Epoch 163: took 1.9s (avg 2.1s) | Best so far: epoch 154	train_loss: 0.2879 train_accuracy: 0.9000	val_loss: 1.9525 val_accuracy: 0.4952	test_loss: 3.3453 test_accuracy: 0.3524	F1: 0.2860 Prec: 0.3092 Rec: 0.3524
train: {'epoch': 164, 'time_epoch': 1.73347, 'eta': 159.1889, 'eta_hours': 0.04422, 'loss': 0.28496908, 'lr': 0.00026465, 'params': 276757, 'time_iter': 0.00991, 'accuracy': 0.90179, 'f1': 0.90178, 'auc': 0.99783}
val: {'epoch': 164, 'time_epoch': 0.07401, 'loss': 3.07653736, 'lr': 0, 'params': 276757, 'time_iter': 0.00529, 'accuracy': 0.35238, 'f1': 0.30822, 'auc': 0.89538}
test: {'epoch': 164, 'time_epoch': 0.07301, 'loss': 4.80428802, 'lr': 0, 'params': 276757, 'time_iter': 0.00521, 'accuracy': 0.2881, 'f1': 0.2213, 'auc': 0.84779}
> Epoch 164: took 2.0s (avg 2.1s) | Best so far: epoch 154	train_loss: 0.2879 train_accuracy: 0.9000	val_loss: 1.9525 val_accuracy: 0.4952	test_loss: 3.3453 test_accuracy: 0.3524	F1: 0.2860 Prec: 0.3092 Rec: 0.3524
train: {'epoch': 165, 'time_epoch': 1.93204, 'eta': 157.34606, 'eta_hours': 0.04371, 'loss': 0.267145, 'lr': 0.00025912, 'params': 276757, 'time_iter': 0.01104, 'accuracy': 0.91667, 'f1': 0.91661, 'auc': 0.998}
val: {'epoch': 165, 'time_epoch': 0.08879, 'loss': 3.37637767, 'lr': 0, 'params': 276757, 'time_iter': 0.00634, 'accuracy': 0.3381, 'f1': 0.30019, 'auc': 0.88865}
test: {'epoch': 165, 'time_epoch': 0.06811, 'loss': 5.3307397, 'lr': 0, 'params': 276757, 'time_iter': 0.00487, 'accuracy': 0.29524, 'f1': 0.22612, 'auc': 0.85001}
> Epoch 165: took 2.2s (avg 2.1s) | Best so far: epoch 154	train_loss: 0.2879 train_accuracy: 0.9000	val_loss: 1.9525 val_accuracy: 0.4952	test_loss: 3.3453 test_accuracy: 0.3524	F1: 0.2860 Prec: 0.3092 Rec: 0.3524
train: {'epoch': 166, 'time_epoch': 1.96753, 'eta': 155.51979, 'eta_hours': 0.0432, 'loss': 0.2799372, 'lr': 0.00025364, 'params': 276757, 'time_iter': 0.01124, 'accuracy': 0.90627, 'f1': 0.90615, 'auc': 0.99781}
val: {'epoch': 166, 'time_epoch': 0.07233, 'loss': 3.31511688, 'lr': 0, 'params': 276757, 'time_iter': 0.00517, 'accuracy': 0.3119, 'f1': 0.29853, 'auc': 0.87212}
test: {'epoch': 166, 'time_epoch': 0.07195, 'loss': 5.21492382, 'lr': 0, 'params': 276757, 'time_iter': 0.00514, 'accuracy': 0.24286, 'f1': 0.19857, 'auc': 0.83911}
> Epoch 166: took 2.2s (avg 2.1s) | Best so far: epoch 154	train_loss: 0.2879 train_accuracy: 0.9000	val_loss: 1.9525 val_accuracy: 0.4952	test_loss: 3.3453 test_accuracy: 0.3524	F1: 0.2860 Prec: 0.3092 Rec: 0.3524
train: {'epoch': 167, 'time_epoch': 1.74757, 'eta': 153.58448, 'eta_hours': 0.04266, 'loss': 0.25485135, 'lr': 0.00024819, 'params': 276757, 'time_iter': 0.00999, 'accuracy': 0.91828, 'f1': 0.91824, 'auc': 0.99815}
val: {'epoch': 167, 'time_epoch': 0.0708, 'loss': 2.15294911, 'lr': 0, 'params': 276757, 'time_iter': 0.00506, 'accuracy': 0.48333, 'f1': 0.45271, 'auc': 0.93174}
test: {'epoch': 167, 'time_epoch': 0.06711, 'loss': 3.11023523, 'lr': 0, 'params': 276757, 'time_iter': 0.00479, 'accuracy': 0.37381, 'f1': 0.32688, 'auc': 0.90089}
> Epoch 167: took 2.0s (avg 2.1s) | Best so far: epoch 154	train_loss: 0.2879 train_accuracy: 0.9000	val_loss: 1.9525 val_accuracy: 0.4952	test_loss: 3.3453 test_accuracy: 0.3524	F1: 0.2860 Prec: 0.3092 Rec: 0.3524
train: {'epoch': 168, 'time_epoch': 1.72638, 'eta': 151.64123, 'eta_hours': 0.04212, 'loss': 0.27486263, 'lr': 0.00024278, 'params': 276757, 'time_iter': 0.00987, 'accuracy': 0.90806, 'f1': 0.90791, 'auc': 0.99789}
val: {'epoch': 168, 'time_epoch': 0.10978, 'loss': 2.08546426, 'lr': 0, 'params': 276757, 'time_iter': 0.00784, 'accuracy': 0.48571, 'f1': 0.47545, 'auc': 0.928}
test: {'epoch': 168, 'time_epoch': 0.07585, 'loss': 3.0822397, 'lr': 0, 'params': 276757, 'time_iter': 0.00542, 'accuracy': 0.35476, 'f1': 0.31982, 'auc': 0.90476}
> Epoch 168: took 2.0s (avg 2.1s) | Best so far: epoch 154	train_loss: 0.2879 train_accuracy: 0.9000	val_loss: 1.9525 val_accuracy: 0.4952	test_loss: 3.3453 test_accuracy: 0.3524	F1: 0.2860 Prec: 0.3092 Rec: 0.3524
train: {'epoch': 169, 'time_epoch': 1.68753, 'eta': 149.68225, 'eta_hours': 0.04158, 'loss': 0.26096, 'lr': 0.00023741, 'params': 276757, 'time_iter': 0.00964, 'accuracy': 0.91631, 'f1': 0.91626, 'auc': 0.99809}
val: {'epoch': 169, 'time_epoch': 0.08833, 'loss': 2.3305744, 'lr': 0, 'params': 276757, 'time_iter': 0.00631, 'accuracy': 0.41429, 'f1': 0.40019, 'auc': 0.91777}
test: {'epoch': 169, 'time_epoch': 0.06621, 'loss': 4.02124544, 'lr': 0, 'params': 276757, 'time_iter': 0.00473, 'accuracy': 0.32143, 'f1': 0.26527, 'auc': 0.86736}
> Epoch 169: took 1.9s (avg 2.1s) | Best so far: epoch 154	train_loss: 0.2879 train_accuracy: 0.9000	val_loss: 1.9525 val_accuracy: 0.4952	test_loss: 3.3453 test_accuracy: 0.3524	F1: 0.2860 Prec: 0.3092 Rec: 0.3524
train: {'epoch': 170, 'time_epoch': 1.85934, 'eta': 147.80582, 'eta_hours': 0.04106, 'loss': 0.25307847, 'lr': 0.00023209, 'params': 276757, 'time_iter': 0.01062, 'accuracy': 0.91828, 'f1': 0.91822, 'auc': 0.99826}
val: {'epoch': 170, 'time_epoch': 0.05686, 'loss': 2.446947, 'lr': 0, 'params': 276757, 'time_iter': 0.00406, 'accuracy': 0.45, 'f1': 0.45008, 'auc': 0.91324}
test: {'epoch': 170, 'time_epoch': 0.06848, 'loss': 4.13202497, 'lr': 0, 'params': 276757, 'time_iter': 0.00489, 'accuracy': 0.30714, 'f1': 0.25802, 'auc': 0.88067}
> Epoch 170: took 2.1s (avg 2.1s) | Best so far: epoch 154	train_loss: 0.2879 train_accuracy: 0.9000	val_loss: 1.9525 val_accuracy: 0.4952	test_loss: 3.3453 test_accuracy: 0.3524	F1: 0.2860 Prec: 0.3092 Rec: 0.3524
train: {'epoch': 171, 'time_epoch': 1.90058, 'eta': 145.9483, 'eta_hours': 0.04054, 'loss': 0.2594856, 'lr': 0.0002268, 'params': 276757, 'time_iter': 0.01086, 'accuracy': 0.91613, 'f1': 0.9161, 'auc': 0.99807}
val: {'epoch': 171, 'time_epoch': 0.10463, 'loss': 2.90055155, 'lr': 0, 'params': 276757, 'time_iter': 0.00747, 'accuracy': 0.35952, 'f1': 0.34592, 'auc': 0.89667}
test: {'epoch': 171, 'time_epoch': 0.09317, 'loss': 4.65847768, 'lr': 0, 'params': 276757, 'time_iter': 0.00666, 'accuracy': 0.28333, 'f1': 0.2277, 'auc': 0.86948}
> Epoch 171: took 2.2s (avg 2.1s) | Best so far: epoch 154	train_loss: 0.2879 train_accuracy: 0.9000	val_loss: 1.9525 val_accuracy: 0.4952	test_loss: 3.3453 test_accuracy: 0.3524	F1: 0.2860 Prec: 0.3092 Rec: 0.3524
train: {'epoch': 172, 'time_epoch': 1.86822, 'eta': 144.07587, 'eta_hours': 0.04002, 'loss': 0.27510875, 'lr': 0.00022156, 'params': 276757, 'time_iter': 0.01068, 'accuracy': 0.90896, 'f1': 0.90893, 'auc': 0.99773}
val: {'epoch': 172, 'time_epoch': 0.08377, 'loss': 2.06283666, 'lr': 0, 'params': 276757, 'time_iter': 0.00598, 'accuracy': 0.48333, 'f1': 0.47056, 'auc': 0.92884}
test: {'epoch': 172, 'time_epoch': 0.07195, 'loss': 3.0880783, 'lr': 0, 'params': 276757, 'time_iter': 0.00514, 'accuracy': 0.34762, 'f1': 0.30119, 'auc': 0.89349}
> Epoch 172: took 2.1s (avg 2.1s) | Best so far: epoch 154	train_loss: 0.2879 train_accuracy: 0.9000	val_loss: 1.9525 val_accuracy: 0.4952	test_loss: 3.3453 test_accuracy: 0.3524	F1: 0.2860 Prec: 0.3092 Rec: 0.3524
train: {'epoch': 173, 'time_epoch': 2.03102, 'eta': 142.27459, 'eta_hours': 0.03952, 'loss': 0.2580073, 'lr': 0.00021637, 'params': 276757, 'time_iter': 0.01161, 'accuracy': 0.91577, 'f1': 0.91575, 'auc': 0.99811}
val: {'epoch': 173, 'time_epoch': 0.06686, 'loss': 3.07355114, 'lr': 0, 'params': 276757, 'time_iter': 0.00478, 'accuracy': 0.36429, 'f1': 0.35893, 'auc': 0.89129}
test: {'epoch': 173, 'time_epoch': 0.07043, 'loss': 4.80366941, 'lr': 0, 'params': 276757, 'time_iter': 0.00503, 'accuracy': 0.3119, 'f1': 0.25115, 'auc': 0.86445}
> Epoch 173: took 2.3s (avg 2.1s) | Best so far: epoch 154	train_loss: 0.2879 train_accuracy: 0.9000	val_loss: 1.9525 val_accuracy: 0.4952	test_loss: 3.3453 test_accuracy: 0.3524	F1: 0.2860 Prec: 0.3092 Rec: 0.3524
train: {'epoch': 174, 'time_epoch': 1.80333, 'eta': 140.37311, 'eta_hours': 0.03899, 'loss': 0.24447502, 'lr': 0.00021121, 'params': 276757, 'time_iter': 0.0103, 'accuracy': 0.91792, 'f1': 0.9178, 'auc': 0.99839}
val: {'epoch': 174, 'time_epoch': 0.07188, 'loss': 2.09333178, 'lr': 0, 'params': 276757, 'time_iter': 0.00513, 'accuracy': 0.45238, 'f1': 0.43268, 'auc': 0.92812}
test: {'epoch': 174, 'time_epoch': 0.08116, 'loss': 3.03852855, 'lr': 0, 'params': 276757, 'time_iter': 0.0058, 'accuracy': 0.38571, 'f1': 0.34591, 'auc': 0.89842}
> Epoch 174: took 2.0s (avg 2.1s) | Best so far: epoch 154	train_loss: 0.2879 train_accuracy: 0.9000	val_loss: 1.9525 val_accuracy: 0.4952	test_loss: 3.3453 test_accuracy: 0.3524	F1: 0.2860 Prec: 0.3092 Rec: 0.3524
train: {'epoch': 175, 'time_epoch': 1.99019, 'eta': 138.55131, 'eta_hours': 0.03849, 'loss': 0.23887566, 'lr': 0.00020611, 'params': 276757, 'time_iter': 0.01137, 'accuracy': 0.9267, 'f1': 0.92665, 'auc': 0.99838}
val: {'epoch': 175, 'time_epoch': 0.06901, 'loss': 2.3012632, 'lr': 0, 'params': 276757, 'time_iter': 0.00493, 'accuracy': 0.4381, 'f1': 0.44223, 'auc': 0.9107}
test: {'epoch': 175, 'time_epoch': 0.07623, 'loss': 3.80927971, 'lr': 0, 'params': 276757, 'time_iter': 0.00544, 'accuracy': 0.29762, 'f1': 0.25917, 'auc': 0.87617}
> Epoch 175: took 2.2s (avg 2.1s) | Best so far: epoch 154	train_loss: 0.2879 train_accuracy: 0.9000	val_loss: 1.9525 val_accuracy: 0.4952	test_loss: 3.3453 test_accuracy: 0.3524	F1: 0.2860 Prec: 0.3092 Rec: 0.3524
train: {'epoch': 176, 'time_epoch': 2.16657, 'eta': 136.80036, 'eta_hours': 0.038, 'loss': 0.24833938, 'lr': 0.00020105, 'params': 276757, 'time_iter': 0.01238, 'accuracy': 0.92097, 'f1': 0.92088, 'auc': 0.9983}
val: {'epoch': 176, 'time_epoch': 0.069, 'loss': 1.94283188, 'lr': 0, 'params': 276757, 'time_iter': 0.00493, 'accuracy': 0.51667, 'f1': 0.4955, 'auc': 0.93804}
test: {'epoch': 176, 'time_epoch': 0.0825, 'loss': 3.15169118, 'lr': 0, 'params': 276757, 'time_iter': 0.00589, 'accuracy': 0.35238, 'f1': 0.29352, 'auc': 0.89357}
[*] Confusion Matrix saved to: results_lopo_none/JH_3m\Conf\confusion_matrix_epoch_176.png
> Epoch 176: took 2.4s (avg 2.1s) | Best so far: epoch 176	train_loss: 0.2483 train_accuracy: 0.9210	val_loss: 1.9428 val_accuracy: 0.5167	test_loss: 3.1517 test_accuracy: 0.3524	F1: 0.2935 Prec: 0.3250 Rec: 0.3524
train: {'epoch': 177, 'time_epoch': 1.91762, 'eta': 134.94404, 'eta_hours': 0.03748, 'loss': 0.24473842, 'lr': 0.00019603, 'params': 276757, 'time_iter': 0.01096, 'accuracy': 0.92025, 'f1': 0.92023, 'auc': 0.99839}
val: {'epoch': 177, 'time_epoch': 0.07217, 'loss': 2.0038642, 'lr': 0, 'params': 276757, 'time_iter': 0.00515, 'accuracy': 0.5119, 'f1': 0.48797, 'auc': 0.94327}
test: {'epoch': 177, 'time_epoch': 0.07455, 'loss': 2.76033252, 'lr': 0, 'params': 276757, 'time_iter': 0.00533, 'accuracy': 0.40238, 'f1': 0.35949, 'auc': 0.91511}
> Epoch 177: took 2.1s (avg 2.1s) | Best so far: epoch 176	train_loss: 0.2483 train_accuracy: 0.9210	val_loss: 1.9428 val_accuracy: 0.5167	test_loss: 3.1517 test_accuracy: 0.3524	F1: 0.2935 Prec: 0.3250 Rec: 0.3524
train: {'epoch': 178, 'time_epoch': 1.97834, 'eta': 133.11111, 'eta_hours': 0.03698, 'loss': 0.23874554, 'lr': 0.00019107, 'params': 276757, 'time_iter': 0.0113, 'accuracy': 0.92079, 'f1': 0.92085, 'auc': 0.99835}
val: {'epoch': 178, 'time_epoch': 0.08105, 'loss': 2.04033153, 'lr': 0, 'params': 276757, 'time_iter': 0.00579, 'accuracy': 0.49524, 'f1': 0.47243, 'auc': 0.93523}
test: {'epoch': 178, 'time_epoch': 0.06724, 'loss': 3.01894833, 'lr': 0, 'params': 276757, 'time_iter': 0.0048, 'accuracy': 0.35714, 'f1': 0.32026, 'auc': 0.90334}
> Epoch 178: took 2.2s (avg 2.1s) | Best so far: epoch 176	train_loss: 0.2483 train_accuracy: 0.9210	val_loss: 1.9428 val_accuracy: 0.5167	test_loss: 3.1517 test_accuracy: 0.3524	F1: 0.2935 Prec: 0.3250 Rec: 0.3524
train: {'epoch': 179, 'time_epoch': 1.5946, 'eta': 131.12734, 'eta_hours': 0.03642, 'loss': 0.25340208, 'lr': 0.00018615, 'params': 276757, 'time_iter': 0.00911, 'accuracy': 0.919, 'f1': 0.91899, 'auc': 0.99813}
val: {'epoch': 179, 'time_epoch': 0.0711, 'loss': 1.78790695, 'lr': 0, 'params': 276757, 'time_iter': 0.00508, 'accuracy': 0.52381, 'f1': 0.50248, 'auc': 0.94543}
test: {'epoch': 179, 'time_epoch': 0.0661, 'loss': 2.72639445, 'lr': 0, 'params': 276757, 'time_iter': 0.00472, 'accuracy': 0.40952, 'f1': 0.37309, 'auc': 0.90907}
[*] Confusion Matrix saved to: results_lopo_none/JH_3m\Conf\confusion_matrix_epoch_179.png
> Epoch 179: took 1.8s (avg 2.1s) | Best so far: epoch 179	train_loss: 0.2534 train_accuracy: 0.9190	val_loss: 1.7879 val_accuracy: 0.5238	test_loss: 2.7264 test_accuracy: 0.4095	F1: 0.3731 Prec: 0.4323 Rec: 0.4095
train: {'epoch': 180, 'time_epoch': 1.75528, 'eta': 129.20912, 'eta_hours': 0.03589, 'loss': 0.25197848, 'lr': 0.00018129, 'params': 276757, 'time_iter': 0.01003, 'accuracy': 0.92133, 'f1': 0.92129, 'auc': 0.99811}
val: {'epoch': 180, 'time_epoch': 0.06894, 'loss': 1.88780276, 'lr': 0, 'params': 276757, 'time_iter': 0.00492, 'accuracy': 0.52381, 'f1': 0.49783, 'auc': 0.93776}
test: {'epoch': 180, 'time_epoch': 0.06546, 'loss': 2.72761526, 'lr': 0, 'params': 276757, 'time_iter': 0.00468, 'accuracy': 0.39524, 'f1': 0.36511, 'auc': 0.90329}
> Epoch 180: took 2.0s (avg 2.1s) | Best so far: epoch 179	train_loss: 0.2534 train_accuracy: 0.9190	val_loss: 1.7879 val_accuracy: 0.5238	test_loss: 2.7264 test_accuracy: 0.4095	F1: 0.3731 Prec: 0.4323 Rec: 0.4095
train: {'epoch': 181, 'time_epoch': 1.75818, 'eta': 127.29378, 'eta_hours': 0.03536, 'loss': 0.25234921, 'lr': 0.00017647, 'params': 276757, 'time_iter': 0.01005, 'accuracy': 0.91344, 'f1': 0.91339, 'auc': 0.99828}
val: {'epoch': 181, 'time_epoch': 0.07784, 'loss': 1.84737827, 'lr': 0, 'params': 276757, 'time_iter': 0.00556, 'accuracy': 0.52143, 'f1': 0.4978, 'auc': 0.94854}
test: {'epoch': 181, 'time_epoch': 0.0688, 'loss': 2.72537899, 'lr': 0, 'params': 276757, 'time_iter': 0.00491, 'accuracy': 0.39048, 'f1': 0.35389, 'auc': 0.91516}
> Epoch 181: took 2.0s (avg 2.1s) | Best so far: epoch 179	train_loss: 0.2534 train_accuracy: 0.9190	val_loss: 1.7879 val_accuracy: 0.5238	test_loss: 2.7264 test_accuracy: 0.4095	F1: 0.3731 Prec: 0.4323 Rec: 0.4095
train: {'epoch': 182, 'time_epoch': 1.67637, 'eta': 125.3502, 'eta_hours': 0.03482, 'loss': 0.24616166, 'lr': 0.00017171, 'params': 276757, 'time_iter': 0.00958, 'accuracy': 0.92061, 'f1': 0.92054, 'auc': 0.99833}
val: {'epoch': 182, 'time_epoch': 0.0663, 'loss': 1.95312758, 'lr': 0, 'params': 276757, 'time_iter': 0.00474, 'accuracy': 0.53095, 'f1': 0.51686, 'auc': 0.93721}
test: {'epoch': 182, 'time_epoch': 0.09256, 'loss': 2.97761923, 'lr': 0, 'params': 276757, 'time_iter': 0.00661, 'accuracy': 0.36667, 'f1': 0.31772, 'auc': 0.90005}
[*] Confusion Matrix saved to: results_lopo_none/JH_3m\Conf\confusion_matrix_epoch_182.png
> Epoch 182: took 1.9s (avg 2.1s) | Best so far: epoch 182	train_loss: 0.2462 train_accuracy: 0.9206	val_loss: 1.9531 val_accuracy: 0.5310	test_loss: 2.9776 test_accuracy: 0.3667	F1: 0.3177 Prec: 0.4145 Rec: 0.3667
train: {'epoch': 183, 'time_epoch': 1.76247, 'eta': 123.44041, 'eta_hours': 0.03429, 'loss': 0.24461659, 'lr': 0.00016699, 'params': 276757, 'time_iter': 0.01007, 'accuracy': 0.91971, 'f1': 0.91967, 'auc': 0.99834}
val: {'epoch': 183, 'time_epoch': 0.06723, 'loss': 2.02798363, 'lr': 0, 'params': 276757, 'time_iter': 0.0048, 'accuracy': 0.52857, 'f1': 0.50615, 'auc': 0.93688}
test: {'epoch': 183, 'time_epoch': 0.0861, 'loss': 3.37456238, 'lr': 0, 'params': 276757, 'time_iter': 0.00615, 'accuracy': 0.32619, 'f1': 0.2806, 'auc': 0.8917}
> Epoch 183: took 2.0s (avg 2.1s) | Best so far: epoch 182	train_loss: 0.2462 train_accuracy: 0.9206	val_loss: 1.9531 val_accuracy: 0.5310	test_loss: 2.9776 test_accuracy: 0.3667	F1: 0.3177 Prec: 0.4145 Rec: 0.3667
train: {'epoch': 184, 'time_epoch': 1.70481, 'eta': 121.51195, 'eta_hours': 0.03375, 'loss': 0.24099783, 'lr': 0.00016233, 'params': 276757, 'time_iter': 0.00974, 'accuracy': 0.92007, 'f1': 0.92001, 'auc': 0.9983}
val: {'epoch': 184, 'time_epoch': 0.07566, 'loss': 1.93563615, 'lr': 0, 'params': 276757, 'time_iter': 0.0054, 'accuracy': 0.5119, 'f1': 0.49419, 'auc': 0.93871}
test: {'epoch': 184, 'time_epoch': 0.07928, 'loss': 2.497172, 'lr': 0, 'params': 276757, 'time_iter': 0.00566, 'accuracy': 0.42857, 'f1': 0.39952, 'auc': 0.91762}
> Epoch 184: took 1.9s (avg 2.1s) | Best so far: epoch 182	train_loss: 0.2462 train_accuracy: 0.9206	val_loss: 1.9531 val_accuracy: 0.5310	test_loss: 2.9776 test_accuracy: 0.3667	F1: 0.3177 Prec: 0.4145 Rec: 0.3667
train: {'epoch': 185, 'time_epoch': 1.93486, 'eta': 119.66505, 'eta_hours': 0.03324, 'loss': 0.22224405, 'lr': 0.00015773, 'params': 276757, 'time_iter': 0.01106, 'accuracy': 0.92473, 'f1': 0.92481, 'auc': 0.99866}
val: {'epoch': 185, 'time_epoch': 0.06869, 'loss': 1.88852733, 'lr': 0, 'params': 276757, 'time_iter': 0.00491, 'accuracy': 0.55476, 'f1': 0.53388, 'auc': 0.94292}
test: {'epoch': 185, 'time_epoch': 0.07119, 'loss': 2.52994901, 'lr': 0, 'params': 276757, 'time_iter': 0.00509, 'accuracy': 0.42619, 'f1': 0.38513, 'auc': 0.91565}
[*] Confusion Matrix saved to: results_lopo_none/JH_3m\Conf\confusion_matrix_epoch_185.png
> Epoch 185: took 2.1s (avg 2.1s) | Best so far: epoch 185	train_loss: 0.2222 train_accuracy: 0.9247	val_loss: 1.8885 val_accuracy: 0.5548	test_loss: 2.5299 test_accuracy: 0.4262	F1: 0.3851 Prec: 0.4267 Rec: 0.4262
train: {'epoch': 186, 'time_epoch': 1.62108, 'eta': 117.7115, 'eta_hours': 0.0327, 'loss': 0.24426018, 'lr': 0.00015317, 'params': 276757, 'time_iter': 0.00926, 'accuracy': 0.92043, 'f1': 0.92042, 'auc': 0.99831}
val: {'epoch': 186, 'time_epoch': 0.06631, 'loss': 1.97945044, 'lr': 0, 'params': 276757, 'time_iter': 0.00474, 'accuracy': 0.52619, 'f1': 0.49321, 'auc': 0.94183}
test: {'epoch': 186, 'time_epoch': 0.06898, 'loss': 2.94293854, 'lr': 0, 'params': 276757, 'time_iter': 0.00493, 'accuracy': 0.38095, 'f1': 0.32747, 'auc': 0.90365}
> Epoch 186: took 1.8s (avg 2.1s) | Best so far: epoch 185	train_loss: 0.2222 train_accuracy: 0.9247	val_loss: 1.8885 val_accuracy: 0.5548	test_loss: 2.5299 test_accuracy: 0.4262	F1: 0.3851 Prec: 0.4267 Rec: 0.4262
train: {'epoch': 187, 'time_epoch': 1.7937, 'eta': 115.81842, 'eta_hours': 0.03217, 'loss': 0.23549719, 'lr': 0.00014868, 'params': 276757, 'time_iter': 0.01025, 'accuracy': 0.92294, 'f1': 0.92292, 'auc': 0.99848}
val: {'epoch': 187, 'time_epoch': 0.07613, 'loss': 1.76516529, 'lr': 0, 'params': 276757, 'time_iter': 0.00544, 'accuracy': 0.57143, 'f1': 0.54342, 'auc': 0.94823}
test: {'epoch': 187, 'time_epoch': 0.08145, 'loss': 2.65801182, 'lr': 0, 'params': 276757, 'time_iter': 0.00582, 'accuracy': 0.4119, 'f1': 0.37695, 'auc': 0.91374}
[*] Confusion Matrix saved to: results_lopo_none/JH_3m\Conf\confusion_matrix_epoch_187.png
> Epoch 187: took 2.0s (avg 2.1s) | Best so far: epoch 187	train_loss: 0.2355 train_accuracy: 0.9229	val_loss: 1.7652 val_accuracy: 0.5714	test_loss: 2.6580 test_accuracy: 0.4119	F1: 0.3769 Prec: 0.4197 Rec: 0.4119
train: {'epoch': 188, 'time_epoch': 1.81115, 'eta': 113.93202, 'eta_hours': 0.03165, 'loss': 0.22667739, 'lr': 0.00014423, 'params': 276757, 'time_iter': 0.01035, 'accuracy': 0.92419, 'f1': 0.92408, 'auc': 0.99858}
val: {'epoch': 188, 'time_epoch': 0.09886, 'loss': 1.76144072, 'lr': 0, 'params': 276757, 'time_iter': 0.00706, 'accuracy': 0.55, 'f1': 0.54082, 'auc': 0.9478}
test: {'epoch': 188, 'time_epoch': 0.07887, 'loss': 2.70822516, 'lr': 0, 'params': 276757, 'time_iter': 0.00563, 'accuracy': 0.42619, 'f1': 0.3925, 'auc': 0.91142}
> Epoch 188: took 2.1s (avg 2.1s) | Best so far: epoch 187	train_loss: 0.2355 train_accuracy: 0.9229	val_loss: 1.7652 val_accuracy: 0.5714	test_loss: 2.6580 test_accuracy: 0.4119	F1: 0.3769 Prec: 0.4197 Rec: 0.4119
train: {'epoch': 189, 'time_epoch': 1.85211, 'eta': 112.05935, 'eta_hours': 0.03113, 'loss': 0.23965305, 'lr': 0.00013985, 'params': 276757, 'time_iter': 0.01058, 'accuracy': 0.92151, 'f1': 0.92144, 'auc': 0.99835}
val: {'epoch': 189, 'time_epoch': 0.09026, 'loss': 1.75525077, 'lr': 0, 'params': 276757, 'time_iter': 0.00645, 'accuracy': 0.53333, 'f1': 0.51936, 'auc': 0.94793}
test: {'epoch': 189, 'time_epoch': 0.07281, 'loss': 2.98462586, 'lr': 0, 'params': 276757, 'time_iter': 0.0052, 'accuracy': 0.37857, 'f1': 0.32973, 'auc': 0.89892}
> Epoch 189: took 2.1s (avg 2.1s) | Best so far: epoch 187	train_loss: 0.2355 train_accuracy: 0.9229	val_loss: 1.7652 val_accuracy: 0.5714	test_loss: 2.6580 test_accuracy: 0.4119	F1: 0.3769 Prec: 0.4197 Rec: 0.4119
train: {'epoch': 190, 'time_epoch': 1.85613, 'eta': 110.18813, 'eta_hours': 0.03061, 'loss': 0.24211254, 'lr': 0.00013552, 'params': 276757, 'time_iter': 0.01061, 'accuracy': 0.91989, 'f1': 0.91989, 'auc': 0.9983}
val: {'epoch': 190, 'time_epoch': 0.06587, 'loss': 1.82181438, 'lr': 0, 'params': 276757, 'time_iter': 0.00471, 'accuracy': 0.5119, 'f1': 0.49394, 'auc': 0.94517}
test: {'epoch': 190, 'time_epoch': 0.08585, 'loss': 3.0876729, 'lr': 0, 'params': 276757, 'time_iter': 0.00613, 'accuracy': 0.34524, 'f1': 0.30476, 'auc': 0.90129}
> Epoch 190: took 2.1s (avg 2.1s) | Best so far: epoch 187	train_loss: 0.2355 train_accuracy: 0.9229	val_loss: 1.7652 val_accuracy: 0.5714	test_loss: 2.6580 test_accuracy: 0.4119	F1: 0.3769 Prec: 0.4197 Rec: 0.4119
train: {'epoch': 191, 'time_epoch': 1.74466, 'eta': 108.2834, 'eta_hours': 0.03008, 'loss': 0.24096061, 'lr': 0.00013124, 'params': 276757, 'time_iter': 0.00997, 'accuracy': 0.92276, 'f1': 0.92272, 'auc': 0.99835}
val: {'epoch': 191, 'time_epoch': 0.06966, 'loss': 1.84103704, 'lr': 0, 'params': 276757, 'time_iter': 0.00498, 'accuracy': 0.54048, 'f1': 0.5235, 'auc': 0.94158}
test: {'epoch': 191, 'time_epoch': 0.07625, 'loss': 2.62236968, 'lr': 0, 'params': 276757, 'time_iter': 0.00545, 'accuracy': 0.3881, 'f1': 0.36535, 'auc': 0.91086}
> Epoch 191: took 2.0s (avg 2.1s) | Best so far: epoch 187	train_loss: 0.2355 train_accuracy: 0.9229	val_loss: 1.7652 val_accuracy: 0.5714	test_loss: 2.6580 test_accuracy: 0.4119	F1: 0.3769 Prec: 0.4197 Rec: 0.4119
train: {'epoch': 192, 'time_epoch': 2.01196, 'eta': 106.45927, 'eta_hours': 0.02957, 'loss': 0.24505825, 'lr': 0.00012703, 'params': 276757, 'time_iter': 0.0115, 'accuracy': 0.91935, 'f1': 0.91933, 'auc': 0.99837}
val: {'epoch': 192, 'time_epoch': 0.07469, 'loss': 1.85195072, 'lr': 0, 'params': 276757, 'time_iter': 0.00533, 'accuracy': 0.55714, 'f1': 0.55012, 'auc': 0.94121}
test: {'epoch': 192, 'time_epoch': 0.06968, 'loss': 2.62158386, 'lr': 0, 'params': 276757, 'time_iter': 0.00498, 'accuracy': 0.41905, 'f1': 0.38991, 'auc': 0.9138}
> Epoch 192: took 2.2s (avg 2.1s) | Best so far: epoch 187	train_loss: 0.2355 train_accuracy: 0.9229	val_loss: 1.7652 val_accuracy: 0.5714	test_loss: 2.6580 test_accuracy: 0.4119	F1: 0.3769 Prec: 0.4197 Rec: 0.4119
train: {'epoch': 193, 'time_epoch': 2.25716, 'eta': 104.70398, 'eta_hours': 0.02908, 'loss': 0.23297635, 'lr': 0.00012287, 'params': 276757, 'time_iter': 0.0129, 'accuracy': 0.92599, 'f1': 0.92599, 'auc': 0.99839}
val: {'epoch': 193, 'time_epoch': 0.084, 'loss': 1.84770043, 'lr': 0, 'params': 276757, 'time_iter': 0.006, 'accuracy': 0.55714, 'f1': 0.54466, 'auc': 0.94145}
test: {'epoch': 193, 'time_epoch': 0.08407, 'loss': 2.91629127, 'lr': 0, 'params': 276757, 'time_iter': 0.00601, 'accuracy': 0.39762, 'f1': 0.35333, 'auc': 0.90679}
> Epoch 193: took 2.5s (avg 2.1s) | Best so far: epoch 187	train_loss: 0.2355 train_accuracy: 0.9229	val_loss: 1.7652 val_accuracy: 0.5714	test_loss: 2.6580 test_accuracy: 0.4119	F1: 0.3769 Prec: 0.4197 Rec: 0.4119
train: {'epoch': 194, 'time_epoch': 1.84987, 'eta': 102.82867, 'eta_hours': 0.02856, 'loss': 0.2415931, 'lr': 0.00011878, 'params': 276757, 'time_iter': 0.01057, 'accuracy': 0.92419, 'f1': 0.92411, 'auc': 0.99822}
val: {'epoch': 194, 'time_epoch': 0.13209, 'loss': 1.76419568, 'lr': 0, 'params': 276757, 'time_iter': 0.00944, 'accuracy': 0.55952, 'f1': 0.53891, 'auc': 0.94716}
test: {'epoch': 194, 'time_epoch': 0.1039, 'loss': 2.51694413, 'lr': 0, 'params': 276757, 'time_iter': 0.00742, 'accuracy': 0.40238, 'f1': 0.3633, 'auc': 0.91846}
> Epoch 194: took 2.2s (avg 2.1s) | Best so far: epoch 187	train_loss: 0.2355 train_accuracy: 0.9229	val_loss: 1.7652 val_accuracy: 0.5714	test_loss: 2.6580 test_accuracy: 0.4119	F1: 0.3769 Prec: 0.4197 Rec: 0.4119
train: {'epoch': 195, 'time_epoch': 2.63953, 'eta': 101.17118, 'eta_hours': 0.0281, 'loss': 0.22561104, 'lr': 0.00011474, 'params': 276757, 'time_iter': 0.01508, 'accuracy': 0.92706, 'f1': 0.92704, 'auc': 0.99859}
val: {'epoch': 195, 'time_epoch': 0.10448, 'loss': 1.81975925, 'lr': 0, 'params': 276757, 'time_iter': 0.00746, 'accuracy': 0.54762, 'f1': 0.53107, 'auc': 0.94263}
test: {'epoch': 195, 'time_epoch': 0.09314, 'loss': 2.68286883, 'lr': 0, 'params': 276757, 'time_iter': 0.00665, 'accuracy': 0.39286, 'f1': 0.35537, 'auc': 0.91598}
> Epoch 195: took 2.9s (avg 2.1s) | Best so far: epoch 187	train_loss: 0.2355 train_accuracy: 0.9229	val_loss: 1.7652 val_accuracy: 0.5714	test_loss: 2.6580 test_accuracy: 0.4119	F1: 0.3769 Prec: 0.4197 Rec: 0.4119
train: {'epoch': 196, 'time_epoch': 1.90295, 'eta': 99.30555, 'eta_hours': 0.02758, 'loss': 0.22006438, 'lr': 0.00011077, 'params': 276757, 'time_iter': 0.01087, 'accuracy': 0.92599, 'f1': 0.92601, 'auc': 0.99867}
val: {'epoch': 196, 'time_epoch': 0.09814, 'loss': 1.93991167, 'lr': 0, 'params': 276757, 'time_iter': 0.00701, 'accuracy': 0.51429, 'f1': 0.49532, 'auc': 0.94208}
test: {'epoch': 196, 'time_epoch': 0.09723, 'loss': 2.85341291, 'lr': 0, 'params': 276757, 'time_iter': 0.00694, 'accuracy': 0.37381, 'f1': 0.3299, 'auc': 0.90991}
> Epoch 196: took 2.2s (avg 2.1s) | Best so far: epoch 187	train_loss: 0.2355 train_accuracy: 0.9229	val_loss: 1.7652 val_accuracy: 0.5714	test_loss: 2.6580 test_accuracy: 0.4119	F1: 0.3769 Prec: 0.4197 Rec: 0.4119
train: {'epoch': 197, 'time_epoch': 2.15307, 'eta': 97.50523, 'eta_hours': 0.02708, 'loss': 0.22665837, 'lr': 0.00010686, 'params': 276757, 'time_iter': 0.0123, 'accuracy': 0.92814, 'f1': 0.92812, 'auc': 0.99854}
val: {'epoch': 197, 'time_epoch': 0.06789, 'loss': 1.79826824, 'lr': 0, 'params': 276757, 'time_iter': 0.00485, 'accuracy': 0.57143, 'f1': 0.54757, 'auc': 0.94564}
test: {'epoch': 197, 'time_epoch': 0.0715, 'loss': 2.66074541, 'lr': 0, 'params': 276757, 'time_iter': 0.00511, 'accuracy': 0.39048, 'f1': 0.35692, 'auc': 0.9148}
> Epoch 197: took 2.4s (avg 2.1s) | Best so far: epoch 187	train_loss: 0.2355 train_accuracy: 0.9229	val_loss: 1.7652 val_accuracy: 0.5714	test_loss: 2.6580 test_accuracy: 0.4119	F1: 0.3769 Prec: 0.4197 Rec: 0.4119
train: {'epoch': 198, 'time_epoch': 1.75467, 'eta': 95.59927, 'eta_hours': 0.02656, 'loss': 0.21877136, 'lr': 0.000103, 'params': 276757, 'time_iter': 0.01003, 'accuracy': 0.93029, 'f1': 0.93023, 'auc': 0.99867}
val: {'epoch': 198, 'time_epoch': 0.08091, 'loss': 1.73996726, 'lr': 0, 'params': 276757, 'time_iter': 0.00578, 'accuracy': 0.57381, 'f1': 0.55784, 'auc': 0.94818}
test: {'epoch': 198, 'time_epoch': 0.07103, 'loss': 2.69953066, 'lr': 0, 'params': 276757, 'time_iter': 0.00507, 'accuracy': 0.41429, 'f1': 0.38018, 'auc': 0.91258}
[*] Confusion Matrix saved to: results_lopo_none/JH_3m\Conf\confusion_matrix_epoch_198.png
> Epoch 198: took 2.0s (avg 2.1s) | Best so far: epoch 198	train_loss: 0.2188 train_accuracy: 0.9303	val_loss: 1.7400 val_accuracy: 0.5738	test_loss: 2.6995 test_accuracy: 0.4143	F1: 0.3802 Prec: 0.4547 Rec: 0.4143
train: {'epoch': 199, 'time_epoch': 1.81686, 'eta': 93.71037, 'eta_hours': 0.02603, 'loss': 0.23533428, 'lr': 9.922e-05, 'params': 276757, 'time_iter': 0.01038, 'accuracy': 0.92473, 'f1': 0.92472, 'auc': 0.99837}
val: {'epoch': 199, 'time_epoch': 0.08028, 'loss': 1.9144061, 'lr': 0, 'params': 276757, 'time_iter': 0.00573, 'accuracy': 0.53333, 'f1': 0.51435, 'auc': 0.94359}
test: {'epoch': 199, 'time_epoch': 0.07941, 'loss': 3.23887732, 'lr': 0, 'params': 276757, 'time_iter': 0.00567, 'accuracy': 0.37143, 'f1': 0.3233, 'auc': 0.89955}
> Epoch 199: took 2.1s (avg 2.1s) | Best so far: epoch 198	train_loss: 0.2188 train_accuracy: 0.9303	val_loss: 1.7400 val_accuracy: 0.5738	test_loss: 2.6995 test_accuracy: 0.4143	F1: 0.3802 Prec: 0.4547 Rec: 0.4143
train: {'epoch': 200, 'time_epoch': 1.84378, 'eta': 91.82874, 'eta_hours': 0.02551, 'loss': 0.21233393, 'lr': 9.549e-05, 'params': 276757, 'time_iter': 0.01054, 'accuracy': 0.92867, 'f1': 0.92867, 'auc': 0.99881}
val: {'epoch': 200, 'time_epoch': 0.07742, 'loss': 1.73848191, 'lr': 0, 'params': 276757, 'time_iter': 0.00553, 'accuracy': 0.57857, 'f1': 0.55608, 'auc': 0.95104}
test: {'epoch': 200, 'time_epoch': 0.07069, 'loss': 2.61575295, 'lr': 0, 'params': 276757, 'time_iter': 0.00505, 'accuracy': 0.42143, 'f1': 0.3852, 'auc': 0.91698}
[*] Confusion Matrix saved to: results_lopo_none/JH_3m\Conf\confusion_matrix_epoch_200.png
> Epoch 200: took 2.1s (avg 2.1s) | Best so far: epoch 200	train_loss: 0.2123 train_accuracy: 0.9287	val_loss: 1.7385 val_accuracy: 0.5786	test_loss: 2.6158 test_accuracy: 0.4214	F1: 0.3852 Prec: 0.4224 Rec: 0.4214
train: {'epoch': 201, 'time_epoch': 1.89925, 'eta': 89.96067, 'eta_hours': 0.02499, 'loss': 0.22684447, 'lr': 9.183e-05, 'params': 276757, 'time_iter': 0.01085, 'accuracy': 0.92778, 'f1': 0.92775, 'auc': 0.9985}
val: {'epoch': 201, 'time_epoch': 0.08425, 'loss': 1.76956971, 'lr': 0, 'params': 276757, 'time_iter': 0.00602, 'accuracy': 0.57143, 'f1': 0.5534, 'auc': 0.94917}
test: {'epoch': 201, 'time_epoch': 0.1183, 'loss': 2.67098697, 'lr': 0, 'params': 276757, 'time_iter': 0.00845, 'accuracy': 0.42857, 'f1': 0.39064, 'auc': 0.91443}
> Epoch 201: took 2.2s (avg 2.1s) | Best so far: epoch 200	train_loss: 0.2123 train_accuracy: 0.9287	val_loss: 1.7385 val_accuracy: 0.5786	test_loss: 2.6158 test_accuracy: 0.4214	F1: 0.3852 Prec: 0.4224 Rec: 0.4214
train: {'epoch': 202, 'time_epoch': 1.88945, 'eta': 88.09002, 'eta_hours': 0.02447, 'loss': 0.21754622, 'lr': 8.823e-05, 'params': 276757, 'time_iter': 0.0108, 'accuracy': 0.9319, 'f1': 0.93181, 'auc': 0.99862}
val: {'epoch': 202, 'time_epoch': 0.08326, 'loss': 1.82633833, 'lr': 0, 'params': 276757, 'time_iter': 0.00595, 'accuracy': 0.54524, 'f1': 0.5295, 'auc': 0.9479}
test: {'epoch': 202, 'time_epoch': 0.07634, 'loss': 2.86918973, 'lr': 0, 'params': 276757, 'time_iter': 0.00545, 'accuracy': 0.42143, 'f1': 0.38456, 'auc': 0.90949}
> Epoch 202: took 2.1s (avg 2.1s) | Best so far: epoch 200	train_loss: 0.2123 train_accuracy: 0.9287	val_loss: 1.7385 val_accuracy: 0.5786	test_loss: 2.6158 test_accuracy: 0.4214	F1: 0.3852 Prec: 0.4224 Rec: 0.4214
train: {'epoch': 203, 'time_epoch': 1.74477, 'eta': 86.18657, 'eta_hours': 0.02394, 'loss': 0.21154353, 'lr': 8.47e-05, 'params': 276757, 'time_iter': 0.00997, 'accuracy': 0.93208, 'f1': 0.93209, 'auc': 0.99875}
val: {'epoch': 203, 'time_epoch': 0.08031, 'loss': 1.71023767, 'lr': 0, 'params': 276757, 'time_iter': 0.00574, 'accuracy': 0.55952, 'f1': 0.53845, 'auc': 0.95055}
test: {'epoch': 203, 'time_epoch': 0.08036, 'loss': 2.72753288, 'lr': 0, 'params': 276757, 'time_iter': 0.00574, 'accuracy': 0.40476, 'f1': 0.3689, 'auc': 0.91382}
> Epoch 203: took 2.0s (avg 2.1s) | Best so far: epoch 200	train_loss: 0.2123 train_accuracy: 0.9287	val_loss: 1.7385 val_accuracy: 0.5786	test_loss: 2.6158 test_accuracy: 0.4214	F1: 0.3852 Prec: 0.4224 Rec: 0.4214
train: {'epoch': 204, 'time_epoch': 1.82711, 'eta': 84.30274, 'eta_hours': 0.02342, 'loss': 0.20861641, 'lr': 8.124e-05, 'params': 276757, 'time_iter': 0.01044, 'accuracy': 0.9319, 'f1': 0.93188, 'auc': 0.99874}
val: {'epoch': 204, 'time_epoch': 0.12238, 'loss': 1.75633662, 'lr': 0, 'params': 276757, 'time_iter': 0.00874, 'accuracy': 0.55476, 'f1': 0.53628, 'auc': 0.95026}
test: {'epoch': 204, 'time_epoch': 0.07233, 'loss': 2.59613388, 'lr': 0, 'params': 276757, 'time_iter': 0.00517, 'accuracy': 0.43333, 'f1': 0.40082, 'auc': 0.91799}
> Epoch 204: took 2.1s (avg 2.1s) | Best so far: epoch 200	train_loss: 0.2123 train_accuracy: 0.9287	val_loss: 1.7385 val_accuracy: 0.5786	test_loss: 2.6158 test_accuracy: 0.4214	F1: 0.3852 Prec: 0.4224 Rec: 0.4214
train: {'epoch': 205, 'time_epoch': 1.68772, 'eta': 82.38969, 'eta_hours': 0.02289, 'loss': 0.22278536, 'lr': 7.784e-05, 'params': 276757, 'time_iter': 0.00964, 'accuracy': 0.92742, 'f1': 0.92728, 'auc': 0.9986}
val: {'epoch': 205, 'time_epoch': 0.06839, 'loss': 1.74104742, 'lr': 0, 'params': 276757, 'time_iter': 0.00488, 'accuracy': 0.54762, 'f1': 0.53501, 'auc': 0.95179}
test: {'epoch': 205, 'time_epoch': 0.09692, 'loss': 2.70774383, 'lr': 0, 'params': 276757, 'time_iter': 0.00692, 'accuracy': 0.40714, 'f1': 0.36961, 'auc': 0.9109}
> Epoch 205: took 1.9s (avg 2.1s) | Best so far: epoch 200	train_loss: 0.2123 train_accuracy: 0.9287	val_loss: 1.7385 val_accuracy: 0.5786	test_loss: 2.6158 test_accuracy: 0.4214	F1: 0.3852 Prec: 0.4224 Rec: 0.4214
train: {'epoch': 206, 'time_epoch': 1.66854, 'eta': 80.47483, 'eta_hours': 0.02235, 'loss': 0.22012128, 'lr': 7.45e-05, 'params': 276757, 'time_iter': 0.00953, 'accuracy': 0.9276, 'f1': 0.92753, 'auc': 0.99859}
val: {'epoch': 206, 'time_epoch': 0.07133, 'loss': 1.74089559, 'lr': 0, 'params': 276757, 'time_iter': 0.0051, 'accuracy': 0.54524, 'f1': 0.53086, 'auc': 0.94815}
test: {'epoch': 206, 'time_epoch': 0.08004, 'loss': 2.70398909, 'lr': 0, 'params': 276757, 'time_iter': 0.00572, 'accuracy': 0.41429, 'f1': 0.37732, 'auc': 0.91073}
> Epoch 206: took 1.9s (avg 2.1s) | Best so far: epoch 200	train_loss: 0.2123 train_accuracy: 0.9287	val_loss: 1.7385 val_accuracy: 0.5786	test_loss: 2.6158 test_accuracy: 0.4214	F1: 0.3852 Prec: 0.4224 Rec: 0.4214
train: {'epoch': 207, 'time_epoch': 1.6972, 'eta': 78.56812, 'eta_hours': 0.02182, 'loss': 0.21409935, 'lr': 7.124e-05, 'params': 276757, 'time_iter': 0.0097, 'accuracy': 0.93172, 'f1': 0.93173, 'auc': 0.99864}
val: {'epoch': 207, 'time_epoch': 0.07543, 'loss': 1.80683407, 'lr': 0, 'params': 276757, 'time_iter': 0.00539, 'accuracy': 0.54048, 'f1': 0.52232, 'auc': 0.94774}
test: {'epoch': 207, 'time_epoch': 0.07406, 'loss': 2.75349964, 'lr': 0, 'params': 276757, 'time_iter': 0.00529, 'accuracy': 0.40952, 'f1': 0.37699, 'auc': 0.91051}
> Epoch 207: took 1.9s (avg 2.1s) | Best so far: epoch 200	train_loss: 0.2123 train_accuracy: 0.9287	val_loss: 1.7385 val_accuracy: 0.5786	test_loss: 2.6158 test_accuracy: 0.4214	F1: 0.3852 Prec: 0.4224 Rec: 0.4214
train: {'epoch': 208, 'time_epoch': 1.8494, 'eta': 76.69328, 'eta_hours': 0.0213, 'loss': 0.20445163, 'lr': 6.804e-05, 'params': 276757, 'time_iter': 0.01057, 'accuracy': 0.93262, 'f1': 0.93261, 'auc': 0.9989}
val: {'epoch': 208, 'time_epoch': 0.08487, 'loss': 1.81599054, 'lr': 0, 'params': 276757, 'time_iter': 0.00606, 'accuracy': 0.53571, 'f1': 0.51782, 'auc': 0.94742}
test: {'epoch': 208, 'time_epoch': 0.06627, 'loss': 2.76249424, 'lr': 0, 'params': 276757, 'time_iter': 0.00473, 'accuracy': 0.40238, 'f1': 0.36835, 'auc': 0.91263}
> Epoch 208: took 2.1s (avg 2.1s) | Best so far: epoch 200	train_loss: 0.2123 train_accuracy: 0.9287	val_loss: 1.7385 val_accuracy: 0.5786	test_loss: 2.6158 test_accuracy: 0.4214	F1: 0.3852 Prec: 0.4224 Rec: 0.4214
train: {'epoch': 209, 'time_epoch': 1.7417, 'eta': 74.79817, 'eta_hours': 0.02078, 'loss': 0.2048681, 'lr': 6.491e-05, 'params': 276757, 'time_iter': 0.00995, 'accuracy': 0.93244, 'f1': 0.93243, 'auc': 0.99888}
val: {'epoch': 209, 'time_epoch': 0.06872, 'loss': 1.75323415, 'lr': 0, 'params': 276757, 'time_iter': 0.00491, 'accuracy': 0.55, 'f1': 0.53396, 'auc': 0.94941}
test: {'epoch': 209, 'time_epoch': 0.06928, 'loss': 2.75018729, 'lr': 0, 'params': 276757, 'time_iter': 0.00495, 'accuracy': 0.4119, 'f1': 0.37725, 'auc': 0.90916}
> Epoch 209: took 2.0s (avg 2.1s) | Best so far: epoch 200	train_loss: 0.2123 train_accuracy: 0.9287	val_loss: 1.7385 val_accuracy: 0.5786	test_loss: 2.6158 test_accuracy: 0.4214	F1: 0.3852 Prec: 0.4224 Rec: 0.4214
train: {'epoch': 210, 'time_epoch': 1.99968, 'eta': 72.95219, 'eta_hours': 0.02026, 'loss': 0.21367114, 'lr': 6.185e-05, 'params': 276757, 'time_iter': 0.01143, 'accuracy': 0.92849, 'f1': 0.92849, 'auc': 0.99873}
val: {'epoch': 210, 'time_epoch': 0.08928, 'loss': 1.75707676, 'lr': 0, 'params': 276757, 'time_iter': 0.00638, 'accuracy': 0.55, 'f1': 0.52656, 'auc': 0.94974}
test: {'epoch': 210, 'time_epoch': 0.09538, 'loss': 2.59393071, 'lr': 0, 'params': 276757, 'time_iter': 0.00681, 'accuracy': 0.42381, 'f1': 0.39564, 'auc': 0.91649}
> Epoch 210: took 2.3s (avg 2.1s) | Best so far: epoch 200	train_loss: 0.2123 train_accuracy: 0.9287	val_loss: 1.7385 val_accuracy: 0.5786	test_loss: 2.6158 test_accuracy: 0.4214	F1: 0.3852 Prec: 0.4224 Rec: 0.4214
train: {'epoch': 211, 'time_epoch': 1.89126, 'eta': 71.08533, 'eta_hours': 0.01975, 'loss': 0.2031478, 'lr': 5.885e-05, 'params': 276757, 'time_iter': 0.01081, 'accuracy': 0.93477, 'f1': 0.93473, 'auc': 0.99889}
val: {'epoch': 211, 'time_epoch': 0.06792, 'loss': 1.80597847, 'lr': 0, 'params': 276757, 'time_iter': 0.00485, 'accuracy': 0.5619, 'f1': 0.54166, 'auc': 0.9482}
test: {'epoch': 211, 'time_epoch': 0.07105, 'loss': 2.62056656, 'lr': 0, 'params': 276757, 'time_iter': 0.00507, 'accuracy': 0.4381, 'f1': 0.39662, 'auc': 0.91628}
> Epoch 211: took 2.1s (avg 2.1s) | Best so far: epoch 200	train_loss: 0.2123 train_accuracy: 0.9287	val_loss: 1.7385 val_accuracy: 0.5786	test_loss: 2.6158 test_accuracy: 0.4214	F1: 0.3852 Prec: 0.4224 Rec: 0.4214
train: {'epoch': 212, 'time_epoch': 1.97503, 'eta': 69.23279, 'eta_hours': 0.01923, 'loss': 0.21072693, 'lr': 5.593e-05, 'params': 276757, 'time_iter': 0.01129, 'accuracy': 0.93172, 'f1': 0.93169, 'auc': 0.99873}
val: {'epoch': 212, 'time_epoch': 0.08675, 'loss': 1.7977488, 'lr': 0, 'params': 276757, 'time_iter': 0.0062, 'accuracy': 0.55, 'f1': 0.53633, 'auc': 0.94763}
test: {'epoch': 212, 'time_epoch': 0.0647, 'loss': 2.81654789, 'lr': 0, 'params': 276757, 'time_iter': 0.00462, 'accuracy': 0.40952, 'f1': 0.37248, 'auc': 0.91135}
> Epoch 212: took 2.2s (avg 2.1s) | Best so far: epoch 200	train_loss: 0.2123 train_accuracy: 0.9287	val_loss: 1.7385 val_accuracy: 0.5786	test_loss: 2.6158 test_accuracy: 0.4214	F1: 0.3852 Prec: 0.4224 Rec: 0.4214
train: {'epoch': 213, 'time_epoch': 1.79222, 'eta': 67.34836, 'eta_hours': 0.01871, 'loss': 0.2302345, 'lr': 5.308e-05, 'params': 276757, 'time_iter': 0.01024, 'accuracy': 0.92276, 'f1': 0.9227, 'auc': 0.9984}
val: {'epoch': 213, 'time_epoch': 0.08632, 'loss': 1.85345376, 'lr': 0, 'params': 276757, 'time_iter': 0.00617, 'accuracy': 0.5381, 'f1': 0.52371, 'auc': 0.94439}
test: {'epoch': 213, 'time_epoch': 0.07492, 'loss': 2.6305205, 'lr': 0, 'params': 276757, 'time_iter': 0.00535, 'accuracy': 0.41429, 'f1': 0.38312, 'auc': 0.9173}
> Epoch 213: took 2.0s (avg 2.1s) | Best so far: epoch 200	train_loss: 0.2123 train_accuracy: 0.9287	val_loss: 1.7385 val_accuracy: 0.5786	test_loss: 2.6158 test_accuracy: 0.4214	F1: 0.3852 Prec: 0.4224 Rec: 0.4214
train: {'epoch': 214, 'time_epoch': 1.97522, 'eta': 65.49457, 'eta_hours': 0.01819, 'loss': 0.19971194, 'lr': 5.03e-05, 'params': 276757, 'time_iter': 0.01129, 'accuracy': 0.9414, 'f1': 0.94138, 'auc': 0.99891}
val: {'epoch': 214, 'time_epoch': 0.09747, 'loss': 1.72160487, 'lr': 0, 'params': 276757, 'time_iter': 0.00696, 'accuracy': 0.56429, 'f1': 0.54602, 'auc': 0.94933}
test: {'epoch': 214, 'time_epoch': 0.09801, 'loss': 2.54582194, 'lr': 0, 'params': 276757, 'time_iter': 0.007, 'accuracy': 0.4381, 'f1': 0.41117, 'auc': 0.91863}
> Epoch 214: took 2.3s (avg 2.1s) | Best so far: epoch 200	train_loss: 0.2123 train_accuracy: 0.9287	val_loss: 1.7385 val_accuracy: 0.5786	test_loss: 2.6158 test_accuracy: 0.4214	F1: 0.3852 Prec: 0.4224 Rec: 0.4214
train: {'epoch': 215, 'time_epoch': 1.95577, 'eta': 63.6366, 'eta_hours': 0.01768, 'loss': 0.21738556, 'lr': 4.759e-05, 'params': 276757, 'time_iter': 0.01118, 'accuracy': 0.93029, 'f1': 0.93025, 'auc': 0.99864}
val: {'epoch': 215, 'time_epoch': 0.06599, 'loss': 1.76880455, 'lr': 0, 'params': 276757, 'time_iter': 0.00471, 'accuracy': 0.5619, 'f1': 0.54411, 'auc': 0.94887}
test: {'epoch': 215, 'time_epoch': 0.09388, 'loss': 2.66070968, 'lr': 0, 'params': 276757, 'time_iter': 0.00671, 'accuracy': 0.43333, 'f1': 0.39881, 'auc': 0.91421}
> Epoch 215: took 2.2s (avg 2.1s) | Best so far: epoch 200	train_loss: 0.2123 train_accuracy: 0.9287	val_loss: 1.7385 val_accuracy: 0.5786	test_loss: 2.6158 test_accuracy: 0.4214	F1: 0.3852 Prec: 0.4224 Rec: 0.4214
train: {'epoch': 216, 'time_epoch': 1.92622, 'eta': 61.77323, 'eta_hours': 0.01716, 'loss': 0.20429665, 'lr': 4.495e-05, 'params': 276757, 'time_iter': 0.01101, 'accuracy': 0.93315, 'f1': 0.93307, 'auc': 0.99891}
val: {'epoch': 216, 'time_epoch': 0.06868, 'loss': 1.77467947, 'lr': 0, 'params': 276757, 'time_iter': 0.00491, 'accuracy': 0.55952, 'f1': 0.54497, 'auc': 0.94925}
test: {'epoch': 216, 'time_epoch': 0.06756, 'loss': 2.60683667, 'lr': 0, 'params': 276757, 'time_iter': 0.00483, 'accuracy': 0.42619, 'f1': 0.39016, 'auc': 0.91696}
> Epoch 216: took 2.2s (avg 2.1s) | Best so far: epoch 200	train_loss: 0.2123 train_accuracy: 0.9287	val_loss: 1.7385 val_accuracy: 0.5786	test_loss: 2.6158 test_accuracy: 0.4214	F1: 0.3852 Prec: 0.4224 Rec: 0.4214
train: {'epoch': 217, 'time_epoch': 1.8076, 'eta': 59.89187, 'eta_hours': 0.01664, 'loss': 0.20946982, 'lr': 4.238e-05, 'params': 276757, 'time_iter': 0.01033, 'accuracy': 0.93082, 'f1': 0.93079, 'auc': 0.9988}
val: {'epoch': 217, 'time_epoch': 0.06848, 'loss': 1.80311456, 'lr': 0, 'params': 276757, 'time_iter': 0.00489, 'accuracy': 0.55, 'f1': 0.53182, 'auc': 0.94865}
test: {'epoch': 217, 'time_epoch': 0.07346, 'loss': 2.68806333, 'lr': 0, 'params': 276757, 'time_iter': 0.00525, 'accuracy': 0.43333, 'f1': 0.39566, 'auc': 0.91627}
> Epoch 217: took 2.0s (avg 2.1s) | Best so far: epoch 200	train_loss: 0.2123 train_accuracy: 0.9287	val_loss: 1.7385 val_accuracy: 0.5786	test_loss: 2.6158 test_accuracy: 0.4214	F1: 0.3852 Prec: 0.4224 Rec: 0.4214
train: {'epoch': 218, 'time_epoch': 2.00715, 'eta': 58.03943, 'eta_hours': 0.01612, 'loss': 0.19848181, 'lr': 3.988e-05, 'params': 276757, 'time_iter': 0.01147, 'accuracy': 0.93602, 'f1': 0.93604, 'auc': 0.99895}
val: {'epoch': 218, 'time_epoch': 0.07786, 'loss': 1.73678962, 'lr': 0, 'params': 276757, 'time_iter': 0.00556, 'accuracy': 0.56667, 'f1': 0.552, 'auc': 0.94987}
test: {'epoch': 218, 'time_epoch': 0.06955, 'loss': 2.53603575, 'lr': 0, 'params': 276757, 'time_iter': 0.00497, 'accuracy': 0.43571, 'f1': 0.40649, 'auc': 0.91958}
> Epoch 218: took 2.2s (avg 2.1s) | Best so far: epoch 200	train_loss: 0.2123 train_accuracy: 0.9287	val_loss: 1.7385 val_accuracy: 0.5786	test_loss: 2.6158 test_accuracy: 0.4214	F1: 0.3852 Prec: 0.4224 Rec: 0.4214
train: {'epoch': 219, 'time_epoch': 1.86074, 'eta': 56.16563, 'eta_hours': 0.0156, 'loss': 0.2004633, 'lr': 3.746e-05, 'params': 276757, 'time_iter': 0.01063, 'accuracy': 0.93333, 'f1': 0.93329, 'auc': 0.99893}
val: {'epoch': 219, 'time_epoch': 0.07145, 'loss': 1.75492791, 'lr': 0, 'params': 276757, 'time_iter': 0.0051, 'accuracy': 0.55476, 'f1': 0.53778, 'auc': 0.94945}
test: {'epoch': 219, 'time_epoch': 0.10852, 'loss': 2.61661741, 'lr': 0, 'params': 276757, 'time_iter': 0.00775, 'accuracy': 0.42857, 'f1': 0.39431, 'auc': 0.91683}
> Epoch 219: took 2.1s (avg 2.1s) | Best so far: epoch 200	train_loss: 0.2123 train_accuracy: 0.9287	val_loss: 1.7385 val_accuracy: 0.5786	test_loss: 2.6158 test_accuracy: 0.4214	F1: 0.3852 Prec: 0.4224 Rec: 0.4214
train: {'epoch': 220, 'time_epoch': 1.8924, 'eta': 54.29609, 'eta_hours': 0.01508, 'loss': 0.20690825, 'lr': 3.511e-05, 'params': 276757, 'time_iter': 0.01081, 'accuracy': 0.93387, 'f1': 0.93386, 'auc': 0.9988}
val: {'epoch': 220, 'time_epoch': 0.09819, 'loss': 1.73348607, 'lr': 0, 'params': 276757, 'time_iter': 0.00701, 'accuracy': 0.56429, 'f1': 0.54898, 'auc': 0.95016}
test: {'epoch': 220, 'time_epoch': 0.07912, 'loss': 2.55716725, 'lr': 0, 'params': 276757, 'time_iter': 0.00565, 'accuracy': 0.41905, 'f1': 0.38296, 'auc': 0.91985}
> Epoch 220: took 2.1s (avg 2.1s) | Best so far: epoch 200	train_loss: 0.2123 train_accuracy: 0.9287	val_loss: 1.7385 val_accuracy: 0.5786	test_loss: 2.6158 test_accuracy: 0.4214	F1: 0.3852 Prec: 0.4224 Rec: 0.4214
train: {'epoch': 221, 'time_epoch': 1.81782, 'eta': 52.41694, 'eta_hours': 0.01456, 'loss': 0.19509693, 'lr': 3.284e-05, 'params': 276757, 'time_iter': 0.01039, 'accuracy': 0.93692, 'f1': 0.93688, 'auc': 0.99901}
val: {'epoch': 221, 'time_epoch': 0.09343, 'loss': 1.72734591, 'lr': 0, 'params': 276757, 'time_iter': 0.00667, 'accuracy': 0.56905, 'f1': 0.55004, 'auc': 0.95076}
test: {'epoch': 221, 'time_epoch': 0.06565, 'loss': 2.62915664, 'lr': 0, 'params': 276757, 'time_iter': 0.00469, 'accuracy': 0.42381, 'f1': 0.3942, 'auc': 0.91608}
> Epoch 221: took 2.1s (avg 2.1s) | Best so far: epoch 200	train_loss: 0.2123 train_accuracy: 0.9287	val_loss: 1.7385 val_accuracy: 0.5786	test_loss: 2.6158 test_accuracy: 0.4214	F1: 0.3852 Prec: 0.4224 Rec: 0.4214
train: {'epoch': 222, 'time_epoch': 1.99807, 'eta': 50.56017, 'eta_hours': 0.01404, 'loss': 0.2246926, 'lr': 3.063e-05, 'params': 276757, 'time_iter': 0.01142, 'accuracy': 0.92814, 'f1': 0.92815, 'auc': 0.99852}
val: {'epoch': 222, 'time_epoch': 0.07224, 'loss': 1.73761883, 'lr': 0, 'params': 276757, 'time_iter': 0.00516, 'accuracy': 0.55476, 'f1': 0.53809, 'auc': 0.94978}
test: {'epoch': 222, 'time_epoch': 0.08232, 'loss': 2.6086503, 'lr': 0, 'params': 276757, 'time_iter': 0.00588, 'accuracy': 0.42619, 'f1': 0.39865, 'auc': 0.91707}
> Epoch 222: took 2.2s (avg 2.1s) | Best so far: epoch 200	train_loss: 0.2123 train_accuracy: 0.9287	val_loss: 1.7385 val_accuracy: 0.5786	test_loss: 2.6158 test_accuracy: 0.4214	F1: 0.3852 Prec: 0.4224 Rec: 0.4214
train: {'epoch': 223, 'time_epoch': 1.78371, 'eta': 48.67725, 'eta_hours': 0.01352, 'loss': 0.19978204, 'lr': 2.85e-05, 'params': 276757, 'time_iter': 0.01019, 'accuracy': 0.9414, 'f1': 0.94141, 'auc': 0.99878}
val: {'epoch': 223, 'time_epoch': 0.07717, 'loss': 1.80511458, 'lr': 0, 'params': 276757, 'time_iter': 0.00551, 'accuracy': 0.55238, 'f1': 0.53446, 'auc': 0.9486}
test: {'epoch': 223, 'time_epoch': 0.06906, 'loss': 2.67112668, 'lr': 0, 'params': 276757, 'time_iter': 0.00493, 'accuracy': 0.42143, 'f1': 0.39282, 'auc': 0.91519}
> Epoch 223: took 2.0s (avg 2.1s) | Best so far: epoch 200	train_loss: 0.2123 train_accuracy: 0.9287	val_loss: 1.7385 val_accuracy: 0.5786	test_loss: 2.6158 test_accuracy: 0.4214	F1: 0.3852 Prec: 0.4224 Rec: 0.4214
train: {'epoch': 224, 'time_epoch': 1.80631, 'eta': 46.79773, 'eta_hours': 0.013, 'loss': 0.21036573, 'lr': 2.645e-05, 'params': 276757, 'time_iter': 0.01032, 'accuracy': 0.93566, 'f1': 0.93565, 'auc': 0.99869}
val: {'epoch': 224, 'time_epoch': 0.10132, 'loss': 1.69717621, 'lr': 0, 'params': 276757, 'time_iter': 0.00724, 'accuracy': 0.57857, 'f1': 0.5654, 'auc': 0.95101}
test: {'epoch': 224, 'time_epoch': 0.07617, 'loss': 2.67425657, 'lr': 0, 'params': 276757, 'time_iter': 0.00544, 'accuracy': 0.42381, 'f1': 0.38911, 'auc': 0.91458}
> Epoch 224: took 2.1s (avg 2.1s) | Best so far: epoch 200	train_loss: 0.2123 train_accuracy: 0.9287	val_loss: 1.7385 val_accuracy: 0.5786	test_loss: 2.6158 test_accuracy: 0.4214	F1: 0.3852 Prec: 0.4224 Rec: 0.4214
train: {'epoch': 225, 'time_epoch': 1.79659, 'eta': 44.91782, 'eta_hours': 0.01248, 'loss': 0.20795611, 'lr': 2.447e-05, 'params': 276757, 'time_iter': 0.01027, 'accuracy': 0.93387, 'f1': 0.9339, 'auc': 0.9987}
val: {'epoch': 225, 'time_epoch': 0.07877, 'loss': 1.71472969, 'lr': 0, 'params': 276757, 'time_iter': 0.00563, 'accuracy': 0.57143, 'f1': 0.55473, 'auc': 0.95123}
test: {'epoch': 225, 'time_epoch': 0.08526, 'loss': 2.69085307, 'lr': 0, 'params': 276757, 'time_iter': 0.00609, 'accuracy': 0.41905, 'f1': 0.38747, 'auc': 0.9135}
> Epoch 225: took 2.0s (avg 2.1s) | Best so far: epoch 200	train_loss: 0.2123 train_accuracy: 0.9287	val_loss: 1.7385 val_accuracy: 0.5786	test_loss: 2.6158 test_accuracy: 0.4214	F1: 0.3852 Prec: 0.4224 Rec: 0.4214
train: {'epoch': 226, 'time_epoch': 1.99287, 'eta': 43.05854, 'eta_hours': 0.01196, 'loss': 0.20705468, 'lr': 2.257e-05, 'params': 276757, 'time_iter': 0.01139, 'accuracy': 0.93656, 'f1': 0.93657, 'auc': 0.99864}
val: {'epoch': 226, 'time_epoch': 0.09897, 'loss': 1.75128233, 'lr': 0, 'params': 276757, 'time_iter': 0.00707, 'accuracy': 0.56667, 'f1': 0.55126, 'auc': 0.94942}
test: {'epoch': 226, 'time_epoch': 0.09031, 'loss': 2.66022592, 'lr': 0, 'params': 276757, 'time_iter': 0.00645, 'accuracy': 0.44524, 'f1': 0.41497, 'auc': 0.91521}
> Epoch 226: took 2.3s (avg 2.1s) | Best so far: epoch 200	train_loss: 0.2123 train_accuracy: 0.9287	val_loss: 1.7385 val_accuracy: 0.5786	test_loss: 2.6158 test_accuracy: 0.4214	F1: 0.3852 Prec: 0.4224 Rec: 0.4214
train: {'epoch': 227, 'time_epoch': 1.97447, 'eta': 41.1963, 'eta_hours': 0.01144, 'loss': 0.18271257, 'lr': 2.074e-05, 'params': 276757, 'time_iter': 0.01128, 'accuracy': 0.94194, 'f1': 0.94192, 'auc': 0.99913}
val: {'epoch': 227, 'time_epoch': 0.08752, 'loss': 1.71581783, 'lr': 0, 'params': 276757, 'time_iter': 0.00625, 'accuracy': 0.56905, 'f1': 0.55475, 'auc': 0.95028}
test: {'epoch': 227, 'time_epoch': 0.09427, 'loss': 2.66541693, 'lr': 0, 'params': 276757, 'time_iter': 0.00673, 'accuracy': 0.42857, 'f1': 0.39881, 'auc': 0.91389}
> Epoch 227: took 2.2s (avg 2.1s) | Best so far: epoch 200	train_loss: 0.2123 train_accuracy: 0.9287	val_loss: 1.7385 val_accuracy: 0.5786	test_loss: 2.6158 test_accuracy: 0.4214	F1: 0.3852 Prec: 0.4224 Rec: 0.4214
train: {'epoch': 228, 'time_epoch': 1.81321, 'eta': 39.3183, 'eta_hours': 0.01092, 'loss': 0.19806877, 'lr': 1.899e-05, 'params': 276757, 'time_iter': 0.01036, 'accuracy': 0.93566, 'f1': 0.93566, 'auc': 0.99889}
val: {'epoch': 228, 'time_epoch': 0.06571, 'loss': 1.7496455, 'lr': 0, 'params': 276757, 'time_iter': 0.00469, 'accuracy': 0.56905, 'f1': 0.5504, 'auc': 0.94933}
test: {'epoch': 228, 'time_epoch': 0.07483, 'loss': 2.64518031, 'lr': 0, 'params': 276757, 'time_iter': 0.00535, 'accuracy': 0.44286, 'f1': 0.40987, 'auc': 0.91476}
> Epoch 228: took 2.0s (avg 2.1s) | Best so far: epoch 200	train_loss: 0.2123 train_accuracy: 0.9287	val_loss: 1.7385 val_accuracy: 0.5786	test_loss: 2.6158 test_accuracy: 0.4214	F1: 0.3852 Prec: 0.4224 Rec: 0.4214
train: {'epoch': 229, 'time_epoch': 2.06465, 'eta': 37.46273, 'eta_hours': 0.01041, 'loss': 0.19465207, 'lr': 1.731e-05, 'params': 276757, 'time_iter': 0.0118, 'accuracy': 0.93441, 'f1': 0.93438, 'auc': 0.99902}
val: {'epoch': 229, 'time_epoch': 0.10008, 'loss': 1.73623894, 'lr': 0, 'params': 276757, 'time_iter': 0.00715, 'accuracy': 0.55714, 'f1': 0.54074, 'auc': 0.95011}
test: {'epoch': 229, 'time_epoch': 0.07363, 'loss': 2.65340421, 'lr': 0, 'params': 276757, 'time_iter': 0.00526, 'accuracy': 0.43095, 'f1': 0.39997, 'auc': 0.91387}
> Epoch 229: took 2.3s (avg 2.1s) | Best so far: epoch 200	train_loss: 0.2123 train_accuracy: 0.9287	val_loss: 1.7385 val_accuracy: 0.5786	test_loss: 2.6158 test_accuracy: 0.4214	F1: 0.3852 Prec: 0.4224 Rec: 0.4214
train: {'epoch': 230, 'time_epoch': 1.85426, 'eta': 35.58804, 'eta_hours': 0.00989, 'loss': 0.20725872, 'lr': 1.571e-05, 'params': 276757, 'time_iter': 0.0106, 'accuracy': 0.93136, 'f1': 0.9313, 'auc': 0.99883}
val: {'epoch': 230, 'time_epoch': 0.06756, 'loss': 1.75158058, 'lr': 0, 'params': 276757, 'time_iter': 0.00483, 'accuracy': 0.55238, 'f1': 0.54105, 'auc': 0.94896}
test: {'epoch': 230, 'time_epoch': 0.08526, 'loss': 2.63921542, 'lr': 0, 'params': 276757, 'time_iter': 0.00609, 'accuracy': 0.43095, 'f1': 0.3987, 'auc': 0.91581}
> Epoch 230: took 2.1s (avg 2.1s) | Best so far: epoch 200	train_loss: 0.2123 train_accuracy: 0.9287	val_loss: 1.7385 val_accuracy: 0.5786	test_loss: 2.6158 test_accuracy: 0.4214	F1: 0.3852 Prec: 0.4224 Rec: 0.4214
train: {'epoch': 231, 'time_epoch': 1.95353, 'eta': 33.72123, 'eta_hours': 0.00937, 'loss': 0.20788677, 'lr': 1.418e-05, 'params': 276757, 'time_iter': 0.01116, 'accuracy': 0.93262, 'f1': 0.93262, 'auc': 0.99878}
val: {'epoch': 231, 'time_epoch': 0.0697, 'loss': 1.73699843, 'lr': 0, 'params': 276757, 'time_iter': 0.00498, 'accuracy': 0.56429, 'f1': 0.54697, 'auc': 0.95105}
test: {'epoch': 231, 'time_epoch': 0.07265, 'loss': 2.77883291, 'lr': 0, 'params': 276757, 'time_iter': 0.00519, 'accuracy': 0.43333, 'f1': 0.39788, 'auc': 0.91238}
> Epoch 231: took 2.2s (avg 2.1s) | Best so far: epoch 200	train_loss: 0.2123 train_accuracy: 0.9287	val_loss: 1.7385 val_accuracy: 0.5786	test_loss: 2.6158 test_accuracy: 0.4214	F1: 0.3852 Prec: 0.4224 Rec: 0.4214
train: {'epoch': 232, 'time_epoch': 1.80497, 'eta': 31.84283, 'eta_hours': 0.00885, 'loss': 0.20413235, 'lr': 1.274e-05, 'params': 276757, 'time_iter': 0.01031, 'accuracy': 0.93441, 'f1': 0.9344, 'auc': 0.9988}
val: {'epoch': 232, 'time_epoch': 0.07623, 'loss': 1.79206174, 'lr': 0, 'params': 276757, 'time_iter': 0.00545, 'accuracy': 0.5619, 'f1': 0.54347, 'auc': 0.94884}
test: {'epoch': 232, 'time_epoch': 0.06571, 'loss': 2.71257998, 'lr': 0, 'params': 276757, 'time_iter': 0.00469, 'accuracy': 0.42619, 'f1': 0.38996, 'auc': 0.91477}
> Epoch 232: took 2.0s (avg 2.1s) | Best so far: epoch 200	train_loss: 0.2123 train_accuracy: 0.9287	val_loss: 1.7385 val_accuracy: 0.5786	test_loss: 2.6158 test_accuracy: 0.4214	F1: 0.3852 Prec: 0.4224 Rec: 0.4214
train: {'epoch': 233, 'time_epoch': 1.70188, 'eta': 29.95802, 'eta_hours': 0.00832, 'loss': 0.20254916, 'lr': 1.137e-05, 'params': 276757, 'time_iter': 0.00973, 'accuracy': 0.93889, 'f1': 0.93895, 'auc': 0.99881}
val: {'epoch': 233, 'time_epoch': 0.05912, 'loss': 1.79409517, 'lr': 0, 'params': 276757, 'time_iter': 0.00422, 'accuracy': 0.55714, 'f1': 0.54204, 'auc': 0.94855}
test: {'epoch': 233, 'time_epoch': 0.06389, 'loss': 2.67447123, 'lr': 0, 'params': 276757, 'time_iter': 0.00456, 'accuracy': 0.43333, 'f1': 0.39559, 'auc': 0.91461}
> Epoch 233: took 1.9s (avg 2.1s) | Best so far: epoch 200	train_loss: 0.2123 train_accuracy: 0.9287	val_loss: 1.7385 val_accuracy: 0.5786	test_loss: 2.6158 test_accuracy: 0.4214	F1: 0.3852 Prec: 0.4224 Rec: 0.4214
train: {'epoch': 234, 'time_epoch': 1.72199, 'eta': 28.07604, 'eta_hours': 0.0078, 'loss': 0.18760902, 'lr': 1.007e-05, 'params': 276757, 'time_iter': 0.00984, 'accuracy': 0.93961, 'f1': 0.93958, 'auc': 0.99904}
val: {'epoch': 234, 'time_epoch': 0.0686, 'loss': 1.72642727, 'lr': 0, 'params': 276757, 'time_iter': 0.0049, 'accuracy': 0.55952, 'f1': 0.53872, 'auc': 0.95097}
test: {'epoch': 234, 'time_epoch': 0.06868, 'loss': 2.5758055, 'lr': 0, 'params': 276757, 'time_iter': 0.00491, 'accuracy': 0.43571, 'f1': 0.40581, 'auc': 0.91796}
> Epoch 234: took 2.0s (avg 2.1s) | Best so far: epoch 200	train_loss: 0.2123 train_accuracy: 0.9287	val_loss: 1.7385 val_accuracy: 0.5786	test_loss: 2.6158 test_accuracy: 0.4214	F1: 0.3852 Prec: 0.4224 Rec: 0.4214
train: {'epoch': 235, 'time_epoch': 1.7798, 'eta': 26.19885, 'eta_hours': 0.00728, 'loss': 0.19085662, 'lr': 8.86e-06, 'params': 276757, 'time_iter': 0.01017, 'accuracy': 0.94176, 'f1': 0.94178, 'auc': 0.99895}
val: {'epoch': 235, 'time_epoch': 0.06626, 'loss': 1.7414937, 'lr': 0, 'params': 276757, 'time_iter': 0.00473, 'accuracy': 0.5619, 'f1': 0.54622, 'auc': 0.9501}
test: {'epoch': 235, 'time_epoch': 0.06624, 'loss': 2.61118621, 'lr': 0, 'params': 276757, 'time_iter': 0.00473, 'accuracy': 0.44524, 'f1': 0.41827, 'auc': 0.91551}
> Epoch 235: took 2.0s (avg 2.1s) | Best so far: epoch 200	train_loss: 0.2123 train_accuracy: 0.9287	val_loss: 1.7385 val_accuracy: 0.5786	test_loss: 2.6158 test_accuracy: 0.4214	F1: 0.3852 Prec: 0.4224 Rec: 0.4214
train: {'epoch': 236, 'time_epoch': 1.69742, 'eta': 24.31797, 'eta_hours': 0.00675, 'loss': 0.18748582, 'lr': 7.72e-06, 'params': 276757, 'time_iter': 0.0097, 'accuracy': 0.93871, 'f1': 0.93867, 'auc': 0.99905}
val: {'epoch': 236, 'time_epoch': 0.07005, 'loss': 1.81843255, 'lr': 0, 'params': 276757, 'time_iter': 0.005, 'accuracy': 0.56905, 'f1': 0.55323, 'auc': 0.94886}
test: {'epoch': 236, 'time_epoch': 0.08965, 'loss': 2.80633589, 'lr': 0, 'params': 276757, 'time_iter': 0.0064, 'accuracy': 0.40476, 'f1': 0.37467, 'auc': 0.91054}
> Epoch 236: took 1.9s (avg 2.1s) | Best so far: epoch 200	train_loss: 0.2123 train_accuracy: 0.9287	val_loss: 1.7385 val_accuracy: 0.5786	test_loss: 2.6158 test_accuracy: 0.4214	F1: 0.3852 Prec: 0.4224 Rec: 0.4214
train: {'epoch': 237, 'time_epoch': 1.79228, 'eta': 22.4434, 'eta_hours': 0.00623, 'loss': 0.18775858, 'lr': 6.66e-06, 'params': 276757, 'time_iter': 0.01024, 'accuracy': 0.93746, 'f1': 0.93741, 'auc': 0.99902}
val: {'epoch': 237, 'time_epoch': 0.06466, 'loss': 1.75745701, 'lr': 0, 'params': 276757, 'time_iter': 0.00462, 'accuracy': 0.55952, 'f1': 0.54584, 'auc': 0.94946}
test: {'epoch': 237, 'time_epoch': 0.06264, 'loss': 2.67136692, 'lr': 0, 'params': 276757, 'time_iter': 0.00447, 'accuracy': 0.42619, 'f1': 0.3914, 'auc': 0.91507}
> Epoch 237: took 2.0s (avg 2.1s) | Best so far: epoch 200	train_loss: 0.2123 train_accuracy: 0.9287	val_loss: 1.7385 val_accuracy: 0.5786	test_loss: 2.6158 test_accuracy: 0.4214	F1: 0.3852 Prec: 0.4224 Rec: 0.4214
train: {'epoch': 238, 'time_epoch': 1.71841, 'eta': 20.56613, 'eta_hours': 0.00571, 'loss': 0.19367295, 'lr': 5.67e-06, 'params': 276757, 'time_iter': 0.00982, 'accuracy': 0.93907, 'f1': 0.93908, 'auc': 0.99895}
val: {'epoch': 238, 'time_epoch': 0.07912, 'loss': 1.78383766, 'lr': 0, 'params': 276757, 'time_iter': 0.00565, 'accuracy': 0.54762, 'f1': 0.52729, 'auc': 0.94933}
test: {'epoch': 238, 'time_epoch': 0.10679, 'loss': 2.60387186, 'lr': 0, 'params': 276757, 'time_iter': 0.00763, 'accuracy': 0.42143, 'f1': 0.39242, 'auc': 0.91602}
> Epoch 238: took 2.0s (avg 2.1s) | Best so far: epoch 200	train_loss: 0.2123 train_accuracy: 0.9287	val_loss: 1.7385 val_accuracy: 0.5786	test_loss: 2.6158 test_accuracy: 0.4214	F1: 0.3852 Prec: 0.4224 Rec: 0.4214
train: {'epoch': 239, 'time_epoch': 1.82346, 'eta': 18.69456, 'eta_hours': 0.00519, 'loss': 0.19902641, 'lr': 4.77e-06, 'params': 276757, 'time_iter': 0.01042, 'accuracy': 0.93441, 'f1': 0.93439, 'auc': 0.99896}
val: {'epoch': 239, 'time_epoch': 0.08226, 'loss': 1.76395839, 'lr': 0, 'params': 276757, 'time_iter': 0.00588, 'accuracy': 0.56429, 'f1': 0.54861, 'auc': 0.94907}
test: {'epoch': 239, 'time_epoch': 0.0863, 'loss': 2.62913006, 'lr': 0, 'params': 276757, 'time_iter': 0.00616, 'accuracy': 0.4381, 'f1': 0.40436, 'auc': 0.91681}
> Epoch 239: took 2.1s (avg 2.1s) | Best so far: epoch 200	train_loss: 0.2123 train_accuracy: 0.9287	val_loss: 1.7385 val_accuracy: 0.5786	test_loss: 2.6158 test_accuracy: 0.4214	F1: 0.3852 Prec: 0.4224 Rec: 0.4214
train: {'epoch': 240, 'time_epoch': 1.75351, 'eta': 16.82077, 'eta_hours': 0.00467, 'loss': 0.20121571, 'lr': 3.94e-06, 'params': 276757, 'time_iter': 0.01002, 'accuracy': 0.93513, 'f1': 0.93502, 'auc': 0.99884}
val: {'epoch': 240, 'time_epoch': 0.07097, 'loss': 1.78658602, 'lr': 0, 'params': 276757, 'time_iter': 0.00507, 'accuracy': 0.55, 'f1': 0.53178, 'auc': 0.94834}
test: {'epoch': 240, 'time_epoch': 0.08207, 'loss': 2.58136105, 'lr': 0, 'params': 276757, 'time_iter': 0.00586, 'accuracy': 0.43095, 'f1': 0.40422, 'auc': 0.91616}
> Epoch 240: took 2.0s (avg 2.1s) | Best so far: epoch 200	train_loss: 0.2123 train_accuracy: 0.9287	val_loss: 1.7385 val_accuracy: 0.5786	test_loss: 2.6158 test_accuracy: 0.4214	F1: 0.3852 Prec: 0.4224 Rec: 0.4214
train: {'epoch': 241, 'time_epoch': 1.7698, 'eta': 14.94852, 'eta_hours': 0.00415, 'loss': 0.21058977, 'lr': 3.19e-06, 'params': 276757, 'time_iter': 0.01011, 'accuracy': 0.93262, 'f1': 0.93268, 'auc': 0.99866}
val: {'epoch': 241, 'time_epoch': 0.08317, 'loss': 1.75139399, 'lr': 0, 'params': 276757, 'time_iter': 0.00594, 'accuracy': 0.5619, 'f1': 0.54447, 'auc': 0.94986}
test: {'epoch': 241, 'time_epoch': 0.08078, 'loss': 2.66947478, 'lr': 0, 'params': 276757, 'time_iter': 0.00577, 'accuracy': 0.43571, 'f1': 0.40499, 'auc': 0.9143}
> Epoch 241: took 2.0s (avg 2.1s) | Best so far: epoch 200	train_loss: 0.2123 train_accuracy: 0.9287	val_loss: 1.7385 val_accuracy: 0.5786	test_loss: 2.6158 test_accuracy: 0.4214	F1: 0.3852 Prec: 0.4224 Rec: 0.4214
train: {'epoch': 242, 'time_epoch': 1.82301, 'eta': 13.07864, 'eta_hours': 0.00363, 'loss': 0.19045335, 'lr': 2.52e-06, 'params': 276757, 'time_iter': 0.01042, 'accuracy': 0.93584, 'f1': 0.93583, 'auc': 0.99903}
val: {'epoch': 242, 'time_epoch': 0.06937, 'loss': 1.75844166, 'lr': 0, 'params': 276757, 'time_iter': 0.00496, 'accuracy': 0.55952, 'f1': 0.54229, 'auc': 0.94982}
test: {'epoch': 242, 'time_epoch': 0.09229, 'loss': 2.64552871, 'lr': 0, 'params': 276757, 'time_iter': 0.00659, 'accuracy': 0.4381, 'f1': 0.40589, 'auc': 0.91596}
> Epoch 242: took 2.1s (avg 2.1s) | Best so far: epoch 200	train_loss: 0.2123 train_accuracy: 0.9287	val_loss: 1.7385 val_accuracy: 0.5786	test_loss: 2.6158 test_accuracy: 0.4214	F1: 0.3852 Prec: 0.4224 Rec: 0.4214
train: {'epoch': 243, 'time_epoch': 1.82434, 'eta': 11.20918, 'eta_hours': 0.00311, 'loss': 0.19566999, 'lr': 1.93e-06, 'params': 276757, 'time_iter': 0.01042, 'accuracy': 0.93763, 'f1': 0.93759, 'auc': 0.99897}
val: {'epoch': 243, 'time_epoch': 0.10033, 'loss': 1.75023629, 'lr': 0, 'params': 276757, 'time_iter': 0.00717, 'accuracy': 0.57619, 'f1': 0.56279, 'auc': 0.94843}
test: {'epoch': 243, 'time_epoch': 0.08684, 'loss': 2.56753504, 'lr': 0, 'params': 276757, 'time_iter': 0.0062, 'accuracy': 0.44762, 'f1': 0.42008, 'auc': 0.91846}
> Epoch 243: took 2.1s (avg 2.1s) | Best so far: epoch 200	train_loss: 0.2123 train_accuracy: 0.9287	val_loss: 1.7385 val_accuracy: 0.5786	test_loss: 2.6158 test_accuracy: 0.4214	F1: 0.3852 Prec: 0.4224 Rec: 0.4214
train: {'epoch': 244, 'time_epoch': 1.81347, 'eta': 9.33987, 'eta_hours': 0.00259, 'loss': 0.20013783, 'lr': 1.42e-06, 'params': 276757, 'time_iter': 0.01036, 'accuracy': 0.93638, 'f1': 0.93627, 'auc': 0.99881}
val: {'epoch': 244, 'time_epoch': 0.0706, 'loss': 1.74498516, 'lr': 0, 'params': 276757, 'time_iter': 0.00504, 'accuracy': 0.56429, 'f1': 0.54705, 'auc': 0.94949}
test: {'epoch': 244, 'time_epoch': 0.06639, 'loss': 2.53783226, 'lr': 0, 'params': 276757, 'time_iter': 0.00474, 'accuracy': 0.44524, 'f1': 0.41885, 'auc': 0.91819}
> Epoch 244: took 2.1s (avg 2.1s) | Best so far: epoch 200	train_loss: 0.2123 train_accuracy: 0.9287	val_loss: 1.7385 val_accuracy: 0.5786	test_loss: 2.6158 test_accuracy: 0.4214	F1: 0.3852 Prec: 0.4224 Rec: 0.4214
train: {'epoch': 245, 'time_epoch': 1.9466, 'eta': 7.47317, 'eta_hours': 0.00208, 'loss': 0.19556075, 'lr': 9.9e-07, 'params': 276757, 'time_iter': 0.01112, 'accuracy': 0.93728, 'f1': 0.93721, 'auc': 0.9989}
val: {'epoch': 245, 'time_epoch': 0.09531, 'loss': 1.72875225, 'lr': 0, 'params': 276757, 'time_iter': 0.00681, 'accuracy': 0.56905, 'f1': 0.55338, 'auc': 0.94949}
test: {'epoch': 245, 'time_epoch': 0.12022, 'loss': 2.598939, 'lr': 0, 'params': 276757, 'time_iter': 0.00859, 'accuracy': 0.4381, 'f1': 0.40702, 'auc': 0.9158}
> Epoch 245: took 2.3s (avg 2.1s) | Best so far: epoch 200	train_loss: 0.2123 train_accuracy: 0.9287	val_loss: 1.7385 val_accuracy: 0.5786	test_loss: 2.6158 test_accuracy: 0.4214	F1: 0.3852 Prec: 0.4224 Rec: 0.4214
train: {'epoch': 246, 'time_epoch': 1.9733, 'eta': 5.60615, 'eta_hours': 0.00156, 'loss': 0.20059307, 'lr': 6.3e-07, 'params': 276757, 'time_iter': 0.01128, 'accuracy': 0.93513, 'f1': 0.93513, 'auc': 0.99885}
val: {'epoch': 246, 'time_epoch': 0.07564, 'loss': 1.77473164, 'lr': 0, 'params': 276757, 'time_iter': 0.0054, 'accuracy': 0.55952, 'f1': 0.54358, 'auc': 0.94992}
test: {'epoch': 246, 'time_epoch': 0.10234, 'loss': 2.72805766, 'lr': 0, 'params': 276757, 'time_iter': 0.00731, 'accuracy': 0.42857, 'f1': 0.39718, 'auc': 0.91457}
> Epoch 246: took 2.3s (avg 2.1s) | Best so far: epoch 200	train_loss: 0.2123 train_accuracy: 0.9287	val_loss: 1.7385 val_accuracy: 0.5786	test_loss: 2.6158 test_accuracy: 0.4214	F1: 0.3852 Prec: 0.4224 Rec: 0.4214
train: {'epoch': 247, 'time_epoch': 1.91404, 'eta': 3.7378, 'eta_hours': 0.00104, 'loss': 0.19982809, 'lr': 3.6e-07, 'params': 276757, 'time_iter': 0.01094, 'accuracy': 0.93566, 'f1': 0.93566, 'auc': 0.99884}
val: {'epoch': 247, 'time_epoch': 0.07051, 'loss': 1.79354541, 'lr': 0, 'params': 276757, 'time_iter': 0.00504, 'accuracy': 0.55, 'f1': 0.53258, 'auc': 0.94818}
test: {'epoch': 247, 'time_epoch': 0.07475, 'loss': 2.6391423, 'lr': 0, 'params': 276757, 'time_iter': 0.00534, 'accuracy': 0.43571, 'f1': 0.40077, 'auc': 0.91667}
> Epoch 247: took 2.1s (avg 2.1s) | Best so far: epoch 200	train_loss: 0.2123 train_accuracy: 0.9287	val_loss: 1.7385 val_accuracy: 0.5786	test_loss: 2.6158 test_accuracy: 0.4214	F1: 0.3852 Prec: 0.4224 Rec: 0.4214
train: {'epoch': 248, 'time_epoch': 1.92382, 'eta': 1.86912, 'eta_hours': 0.00052, 'loss': 0.18739899, 'lr': 1.6e-07, 'params': 276757, 'time_iter': 0.01099, 'accuracy': 0.93943, 'f1': 0.93939, 'auc': 0.99904}
val: {'epoch': 248, 'time_epoch': 0.08773, 'loss': 1.75633217, 'lr': 0, 'params': 276757, 'time_iter': 0.00627, 'accuracy': 0.56905, 'f1': 0.55104, 'auc': 0.94967}
test: {'epoch': 248, 'time_epoch': 0.10171, 'loss': 2.57647987, 'lr': 0, 'params': 276757, 'time_iter': 0.00726, 'accuracy': 0.44286, 'f1': 0.40895, 'auc': 0.91796}
> Epoch 248: took 2.2s (avg 2.1s) | Best so far: epoch 200	train_loss: 0.2123 train_accuracy: 0.9287	val_loss: 1.7385 val_accuracy: 0.5786	test_loss: 2.6158 test_accuracy: 0.4214	F1: 0.3852 Prec: 0.4224 Rec: 0.4214
train: {'epoch': 249, 'time_epoch': 2.07208, 'eta': 0.0, 'eta_hours': 0.0, 'loss': 0.1900004, 'lr': 4e-08, 'params': 276757, 'time_iter': 0.01184, 'accuracy': 0.93692, 'f1': 0.93691, 'auc': 0.99902}
val: {'epoch': 249, 'time_epoch': 0.07515, 'loss': 1.71466515, 'lr': 0, 'params': 276757, 'time_iter': 0.00537, 'accuracy': 0.57381, 'f1': 0.55931, 'auc': 0.95062}
test: {'epoch': 249, 'time_epoch': 0.07434, 'loss': 2.59614745, 'lr': 0, 'params': 276757, 'time_iter': 0.00531, 'accuracy': 0.43095, 'f1': 0.39972, 'auc': 0.91754}
> Epoch 249: took 2.3s (avg 2.1s) | Best so far: epoch 200	train_loss: 0.2123 train_accuracy: 0.9287	val_loss: 1.7385 val_accuracy: 0.5786	test_loss: 2.6158 test_accuracy: 0.4214	F1: 0.3852 Prec: 0.4224 Rec: 0.4214
Avg time per epoch: 2.11s
Total train loop time: 0.15h
Task done, results saved in results_lopo_none/JH_3m
[*] All done: 2026-04-01 13:53:50.682522
