[*] Run ID 0: seed=0, split_index=0
    Starting now: 2026-04-01 13:35:59.263197
[*] Loaded dataset 'rfid' from 'RFID':
  Data(x=[51360, 60], edge_index=[2, 51360], y=[6420], y_user=[6420], subject=[6420])
  undirected: True
  num graphs: 6420
  avg num_nodes/graph: 8
  num node features: 60
  num edge features: 0
  num classes: 21
[*] LOPO Split: Test Subj=IM 3m, Val Subj=JH 3m
    Train: 5580 | Val: 420 | Test: 420
GraphGymModule(
  (model): CustomGNN(
    (encoder): FeatureEncoder()
    (pre_mp): GeneralMultiLayer(
      (Layer_0): GeneralLayer(
        (layer): Linear(
          (model): Linear(60, 128, bias=False)
        )
        (post_layer): Sequential(
          (0): BatchNorm1d(128, eps=1e-05, momentum=0.1, affine=True, track_running_stats=True)
          (1): Dropout(p=0.2, inplace=False)
          (2): ReLU()
        )
      )
    )
    (gnn_layers): Sequential(
      (0): GCNConvLayer(
        (bn_node_x): BatchNorm1d(128, eps=1e-05, momentum=0.1, affine=True, track_running_stats=True)
        (act): Sequential(
          (0): ReLU()
          (1): Dropout(p=0.2, inplace=False)
        )
        (model): GCNConv(128, 128)
        (norm1_local): BatchNorm1d(128, eps=1e-05, momentum=0.1, affine=True, track_running_stats=True)
        (ff_linear1): Linear(in_features=128, out_features=256, bias=True)
        (ff_linear2): Linear(in_features=256, out_features=128, bias=True)
        (act_fn_ff): ReLU()
        (norm2): BatchNorm1d(128, eps=1e-05, momentum=0.1, affine=True, track_running_stats=True)
        (ff_dropout1): Dropout(p=0.2, inplace=False)
        (ff_dropout2): Dropout(p=0.2, inplace=False)
      )
      (1): GCNConvLayer(
        (bn_node_x): BatchNorm1d(128, eps=1e-05, momentum=0.1, affine=True, track_running_stats=True)
        (act): Sequential(
          (0): ReLU()
          (1): Dropout(p=0.2, inplace=False)
        )
        (model): GCNConv(128, 128)
        (norm1_local): BatchNorm1d(128, eps=1e-05, momentum=0.1, affine=True, track_running_stats=True)
        (ff_linear1): Linear(in_features=128, out_features=256, bias=True)
        (ff_linear2): Linear(in_features=256, out_features=128, bias=True)
        (act_fn_ff): ReLU()
        (norm2): BatchNorm1d(128, eps=1e-05, momentum=0.1, affine=True, track_running_stats=True)
        (ff_dropout1): Dropout(p=0.2, inplace=False)
        (ff_dropout2): Dropout(p=0.2, inplace=False)
      )
      (2): GCNConvLayer(
        (bn_node_x): BatchNorm1d(128, eps=1e-05, momentum=0.1, affine=True, track_running_stats=True)
        (act): Sequential(
          (0): ReLU()
          (1): Dropout(p=0.2, inplace=False)
        )
        (model): GCNConv(128, 128)
        (norm1_local): BatchNorm1d(128, eps=1e-05, momentum=0.1, affine=True, track_running_stats=True)
        (ff_linear1): Linear(in_features=128, out_features=256, bias=True)
        (ff_linear2): Linear(in_features=256, out_features=128, bias=True)
        (act_fn_ff): ReLU()
        (norm2): BatchNorm1d(128, eps=1e-05, momentum=0.1, affine=True, track_running_stats=True)
        (ff_dropout1): Dropout(p=0.2, inplace=False)
        (ff_dropout2): Dropout(p=0.2, inplace=False)
      )
    )
    (post_mp): MLPGraphHead(
      (mlp): Sequential(
        (0): Dropout(p=0.2, inplace=False)
        (1): Linear(in_features=128, out_features=128, bias=True)
        (2): ReLU()
        (3): Dropout(p=0.2, inplace=False)
        (4): Linear(in_features=128, out_features=21, bias=True)
      )
    )
  )
)
accelerator: cuda
adv:
  lambda_u: 0.1
  num_users: 16
  use: False
benchmark: False
bn:
  eps: 1e-05
  mom: 0.1
cfg_dest: config.yaml
custom_metrics: []
dataset:
  cache_load: False
  cache_save: False
  dir: C:\Users\PC\Desktop\AdversarialLearningProject 1\ICML\Adversarial_Learning\Daniel\RFIDDataSet\DataSetLOPO
  edge_dim: 128
  edge_encoder: False
  edge_encoder_bn: True
  edge_encoder_name: Bond
  edge_encoder_num_types: 0
  edge_message_ratio: 0.8
  edge_negative_sampling_ratio: 1.0
  edge_train_mode: all
  encoder: True
  encoder_bn: True
  encoder_dim: 128
  encoder_name: db
  format: RFID
  infer_link_label: None
  label_column: none
  label_table: none
  location: local
  name: rfid
  node_encoder: False
  node_encoder_bn: True
  node_encoder_name: Atom
  node_encoder_num_types: 0
  remove_feature: False
  resample_disjoint: False
  resample_negative: False
  shuffle_split: True
  slic_compactness: 10
  split: [0.8, 0.1, 0.1]
  split_dir: ./splits
  split_index: 0
  split_mode: lopo-subject
  task: graph
  task_type: classification
  test_subj: IM 3m
  to_undirected: False
  transductive: False
  transform: none
  tu_simple: True
  val_subj: JH 3m
devices: 1
example_arg: example
example_group:
  example_arg: example
gnn:
  act: relu
  agg: add
  att_final_linear: False
  att_final_linear_bn: False
  att_heads: 1
  batchnorm: True
  clear_feature: True
  dim_inner: 128
  dropout: 0.2
  ffn: True
  head: mlp_graph
  keep_edge: 0.5
  l2norm: True
  layer_type: gcn
  layers_mp: 3
  layers_post_mp: 2
  layers_pre_mp: 1
  msg_direction: single
  normalize_adj: False
  residual: False
  self_msg: concat
  skip_every: 1
  stage_type: stack
gpu_mem: False
mem:
  inplace: False
metric_agg: argmax
metric_best: accuracy
model:
  edge_decoding: dot
  graph_pooling: mean
  loss_fun: cross_entropy
  match_upper: True
  size_average: mean
  thresh: 0.5
  type: custom_gnn
name_tag: 
num_threads: 6
num_workers: 0
optim:
  base_lr: 0.001
  batch_accumulation: 1
  clip_grad_norm: False
  clip_grad_norm_value: 1.0
  lr_decay: 0.1
  max_epoch: 250
  min_lr: 0.0
  momentum: 0.9
  num_warmup_epochs: 50
  optimizer: adam
  reduce_factor: 0.1
  schedule_patience: 10
  scheduler: cos
  steps: [30, 60, 90]
  weight_decay: 0.0005
out_dir: results_lopo_none/IM_3m
posenc_RWSE:
  dim_pe: 16
  enable: False
  kernel:
    times: []
    times_func: 
  layers: 3
  model: none
  n_heads: 4
  pass_as_var: False
  post_layers: 0
  raw_norm_type: none
pretrained:
  dir: 
  freeze_main: False
  reset_prediction_head: True
print: both
round: 5
run_dir: results_lopo_none/IM_3m
run_id: 0
run_multiple_splits: []
seed: 0
share:
  dim_in: 60
  dim_out: 21
  num_splits: 3
tensorboard_agg: True
tensorboard_each_run: False
train:
  auto_resume: False
  batch_size: 32
  ckpt_best: False
  ckpt_clean: True
  ckpt_period: 100
  enable_ckpt: True
  epoch_resume: -1
  eval_period: 1
  eval_smoothing_metrics: False
  iter_per_epoch: 32
  mode: custom
  neighbor_sizes: [20, 15, 10, 5]
  node_per_graph: 32
  radius: extend
  sample_node: False
  sampler: full_batch
  skip_train_eval: False
  walk_length: 4
val:
  node_per_graph: 32
  radius: extend
  sample_node: False
  sampler: full_batch
view_emb: False
wandb:
  entity: gnn
  name: 
  project: rfid_lopo
  use: False
Num parameters: 276757
Start from epoch 0
train: {'epoch': 0, 'time_epoch': 2.60749, 'eta': 649.26514, 'eta_hours': 0.18035, 'loss': 2.62851736, 'lr': 0.001, 'params': 276757, 'time_iter': 0.0149, 'accuracy': 0.17975, 'f1': 0.15962, 'auc': 0.75585}
...computing epoch stats took: 0.08s
val: {'epoch': 0, 'time_epoch': 0.08882, 'loss': 4.084324, 'lr': 0, 'params': 276757, 'time_iter': 0.00634, 'accuracy': 0.09048, 'f1': 0.01862, 'auc': 0.6233}
...computing epoch stats took: 0.03s
test: {'epoch': 0, 'time_epoch': 0.10024, 'loss': 3.89758964, 'lr': 0, 'params': 276757, 'time_iter': 0.00716, 'accuracy': 0.09286, 'f1': 0.01691, 'auc': 0.75623}
...computing epoch stats took: 0.02s
[*] Confusion Matrix saved to: results_lopo_none/IM_3m\Conf\confusion_matrix_epoch_0.png
> Epoch 0: took 2.9s (avg 2.9s) | Best so far: epoch 0	train_loss: 2.6285 train_accuracy: 0.1797	val_loss: 4.0843 val_accuracy: 0.0905	test_loss: 3.8976 test_accuracy: 0.0929	F1: 0.0169 Prec: 0.0093 Rec: 0.0929
train: {'epoch': 1, 'time_epoch': 1.73512, 'eta': 538.48404, 'eta_hours': 0.14958, 'loss': 2.17894994, 'lr': 0.00099996, 'params': 276757, 'time_iter': 0.00991, 'accuracy': 0.28943, 'f1': 0.27182, 'auc': 0.85264}
...computing epoch stats took: 0.02s
val: {'epoch': 1, 'time_epoch': 0.07549, 'loss': 4.54825984, 'lr': 0, 'params': 276757, 'time_iter': 0.00539, 'accuracy': 0.05476, 'f1': 0.01617, 'auc': 0.68571}
...computing epoch stats took: 0.02s
test: {'epoch': 1, 'time_epoch': 0.07457, 'loss': 4.25581003, 'lr': 0, 'params': 276757, 'time_iter': 0.00533, 'accuracy': 0.08333, 'f1': 0.02977, 'auc': 0.7931}
...computing epoch stats took: 0.02s
> Epoch 1: took 2.0s (avg 2.5s) | Best so far: epoch 0	train_loss: 2.6285 train_accuracy: 0.1797	val_loss: 4.0843 val_accuracy: 0.0905	test_loss: 3.8976 test_accuracy: 0.0929	F1: 0.0169 Prec: 0.0093 Rec: 0.0929
train: {'epoch': 2, 'time_epoch': 1.86572, 'eta': 511.15314, 'eta_hours': 0.14199, 'loss': 1.97967415, 'lr': 0.00099984, 'params': 276757, 'time_iter': 0.01066, 'accuracy': 0.34624, 'f1': 0.33165, 'auc': 0.88347}
...computing epoch stats took: 0.02s
val: {'epoch': 2, 'time_epoch': 0.07232, 'loss': 11.23033909, 'lr': 0, 'params': 276757, 'time_iter': 0.00517, 'accuracy': 0.05714, 'f1': 0.01006, 'auc': 0.59183}
...computing epoch stats took: 0.02s
test: {'epoch': 2, 'time_epoch': 0.08586, 'loss': 11.03566115, 'lr': 0, 'params': 276757, 'time_iter': 0.00613, 'accuracy': 0.04762, 'f1': 0.00582, 'auc': 0.63446}
...computing epoch stats took: 0.03s
> Epoch 2: took 2.1s (avg 2.3s) | Best so far: epoch 0	train_loss: 2.6285 train_accuracy: 0.1797	val_loss: 4.0843 val_accuracy: 0.0905	test_loss: 3.8976 test_accuracy: 0.0929	F1: 0.0169 Prec: 0.0093 Rec: 0.0929
train: {'epoch': 3, 'time_epoch': 1.73053, 'eta': 488.24012, 'eta_hours': 0.13562, 'loss': 1.8714082, 'lr': 0.00099964, 'params': 276757, 'time_iter': 0.00989, 'accuracy': 0.36864, 'f1': 0.35879, 'auc': 0.89893}
val: {'epoch': 3, 'time_epoch': 0.07914, 'loss': 7.77433275, 'lr': 0, 'params': 276757, 'time_iter': 0.00565, 'accuracy': 0.08571, 'f1': 0.01985, 'auc': 0.69936}
test: {'epoch': 3, 'time_epoch': 0.07427, 'loss': 7.91135726, 'lr': 0, 'params': 276757, 'time_iter': 0.0053, 'accuracy': 0.0881, 'f1': 0.019, 'auc': 0.78177}
> Epoch 3: took 2.0s (avg 2.2s) | Best so far: epoch 0	train_loss: 2.6285 train_accuracy: 0.1797	val_loss: 4.0843 val_accuracy: 0.0905	test_loss: 3.8976 test_accuracy: 0.0929	F1: 0.0169 Prec: 0.0093 Rec: 0.0929
train: {'epoch': 4, 'time_epoch': 1.65674, 'eta': 470.18459, 'eta_hours': 0.13061, 'loss': 1.75197999, 'lr': 0.00099937, 'params': 276757, 'time_iter': 0.00947, 'accuracy': 0.41774, 'f1': 0.40963, 'auc': 0.91165}
val: {'epoch': 4, 'time_epoch': 0.07871, 'loss': 10.81240694, 'lr': 0, 'params': 276757, 'time_iter': 0.00562, 'accuracy': 0.04762, 'f1': 0.00438, 'auc': 0.66066}
test: {'epoch': 4, 'time_epoch': 0.06887, 'loss': 10.74510304, 'lr': 0, 'params': 276757, 'time_iter': 0.00492, 'accuracy': 0.04762, 'f1': 0.00433, 'auc': 0.68227}
> Epoch 4: took 1.9s (avg 2.2s) | Best so far: epoch 0	train_loss: 2.6285 train_accuracy: 0.1797	val_loss: 4.0843 val_accuracy: 0.0905	test_loss: 3.8976 test_accuracy: 0.0929	F1: 0.0169 Prec: 0.0093 Rec: 0.0929
train: {'epoch': 5, 'time_epoch': 1.81703, 'eta': 464.11358, 'eta_hours': 0.12892, 'loss': 1.69627936, 'lr': 0.00099901, 'params': 276757, 'time_iter': 0.01038, 'accuracy': 0.43835, 'f1': 0.43282, 'auc': 0.91829}
val: {'epoch': 5, 'time_epoch': 0.06627, 'loss': 7.42082928, 'lr': 0, 'params': 276757, 'time_iter': 0.00473, 'accuracy': 0.07857, 'f1': 0.01846, 'auc': 0.67738}
test: {'epoch': 5, 'time_epoch': 0.0975, 'loss': 7.31873361, 'lr': 0, 'params': 276757, 'time_iter': 0.00696, 'accuracy': 0.09524, 'f1': 0.01819, 'auc': 0.81704}
> Epoch 5: took 2.1s (avg 2.2s) | Best so far: epoch 0	train_loss: 2.6285 train_accuracy: 0.1797	val_loss: 4.0843 val_accuracy: 0.0905	test_loss: 3.8976 test_accuracy: 0.0929	F1: 0.0169 Prec: 0.0093 Rec: 0.0929
train: {'epoch': 6, 'time_epoch': 1.79464, 'eta': 458.48098, 'eta_hours': 0.12736, 'loss': 1.66036248, 'lr': 0.00099858, 'params': 276757, 'time_iter': 0.01026, 'accuracy': 0.44624, 'f1': 0.44185, 'auc': 0.92197}
val: {'epoch': 6, 'time_epoch': 0.07882, 'loss': 8.52684197, 'lr': 0, 'params': 276757, 'time_iter': 0.00563, 'accuracy': 0.09048, 'f1': 0.02295, 'auc': 0.68313}
test: {'epoch': 6, 'time_epoch': 0.07224, 'loss': 8.84011015, 'lr': 0, 'params': 276757, 'time_iter': 0.00516, 'accuracy': 0.10714, 'f1': 0.032, 'auc': 0.80583}
> Epoch 6: took 2.0s (avg 2.1s) | Best so far: epoch 0	train_loss: 2.6285 train_accuracy: 0.1797	val_loss: 4.0843 val_accuracy: 0.0905	test_loss: 3.8976 test_accuracy: 0.0929	F1: 0.0169 Prec: 0.0093 Rec: 0.0929
train: {'epoch': 7, 'time_epoch': 1.89676, 'eta': 456.8969, 'eta_hours': 0.12692, 'loss': 1.58830741, 'lr': 0.00099807, 'params': 276757, 'time_iter': 0.01084, 'accuracy': 0.47276, 'f1': 0.46868, 'auc': 0.92933}
val: {'epoch': 7, 'time_epoch': 0.0683, 'loss': 3.26335428, 'lr': 0, 'params': 276757, 'time_iter': 0.00488, 'accuracy': 0.16429, 'f1': 0.0839, 'auc': 0.83624}
test: {'epoch': 7, 'time_epoch': 0.06961, 'loss': 2.86602881, 'lr': 0, 'params': 276757, 'time_iter': 0.00497, 'accuracy': 0.21905, 'f1': 0.11135, 'auc': 0.88131}
[*] Confusion Matrix saved to: results_lopo_none/IM_3m\Conf\confusion_matrix_epoch_7.png
> Epoch 7: took 2.1s (avg 2.1s) | Best so far: epoch 7	train_loss: 1.5883 train_accuracy: 0.4728	val_loss: 3.2634 val_accuracy: 0.1643	test_loss: 2.8660 test_accuracy: 0.2190	F1: 0.1113 Prec: 0.0862 Rec: 0.2190
train: {'epoch': 8, 'time_epoch': 1.97092, 'eta': 457.22911, 'eta_hours': 0.12701, 'loss': 1.51278585, 'lr': 0.00099748, 'params': 276757, 'time_iter': 0.01126, 'accuracy': 0.48584, 'f1': 0.48289, 'auc': 0.93694}
val: {'epoch': 8, 'time_epoch': 0.07243, 'loss': 8.9640397, 'lr': 0, 'params': 276757, 'time_iter': 0.00517, 'accuracy': 0.05, 'f1': 0.00671, 'auc': 0.63864}
test: {'epoch': 8, 'time_epoch': 0.06447, 'loss': 8.537807, 'lr': 0, 'params': 276757, 'time_iter': 0.0046, 'accuracy': 0.09762, 'f1': 0.0338, 'auc': 0.72851}
> Epoch 8: took 2.2s (avg 2.1s) | Best so far: epoch 7	train_loss: 1.5883 train_accuracy: 0.4728	val_loss: 3.2634 val_accuracy: 0.1643	test_loss: 2.8660 test_accuracy: 0.2190	F1: 0.1113 Prec: 0.0862 Rec: 0.2190
train: {'epoch': 9, 'time_epoch': 1.80868, 'eta': 453.20696, 'eta_hours': 0.12589, 'loss': 1.50447779, 'lr': 0.00099681, 'params': 276757, 'time_iter': 0.01034, 'accuracy': 0.49265, 'f1': 0.48957, 'auc': 0.9376}
val: {'epoch': 9, 'time_epoch': 0.08498, 'loss': 7.50466667, 'lr': 0, 'params': 276757, 'time_iter': 0.00607, 'accuracy': 0.06429, 'f1': 0.01438, 'auc': 0.70704}
test: {'epoch': 9, 'time_epoch': 0.0832, 'loss': 6.60285641, 'lr': 0, 'params': 276757, 'time_iter': 0.00594, 'accuracy': 0.11429, 'f1': 0.04677, 'auc': 0.80151}
> Epoch 9: took 2.1s (avg 2.1s) | Best so far: epoch 7	train_loss: 1.5883 train_accuracy: 0.4728	val_loss: 3.2634 val_accuracy: 0.1643	test_loss: 2.8660 test_accuracy: 0.2190	F1: 0.1113 Prec: 0.0862 Rec: 0.2190
train: {'epoch': 10, 'time_epoch': 1.93521, 'eta': 452.33648, 'eta_hours': 0.12565, 'loss': 1.46492981, 'lr': 0.00099606, 'params': 276757, 'time_iter': 0.01106, 'accuracy': 0.50376, 'f1': 0.50101, 'auc': 0.94064}
val: {'epoch': 10, 'time_epoch': 0.07423, 'loss': 9.50009883, 'lr': 0, 'params': 276757, 'time_iter': 0.0053, 'accuracy': 0.08571, 'f1': 0.03196, 'auc': 0.7179}
test: {'epoch': 10, 'time_epoch': 0.06627, 'loss': 9.63866267, 'lr': 0, 'params': 276757, 'time_iter': 0.00473, 'accuracy': 0.06905, 'f1': 0.01638, 'auc': 0.80595}
> Epoch 10: took 2.2s (avg 2.1s) | Best so far: epoch 7	train_loss: 1.5883 train_accuracy: 0.4728	val_loss: 3.2634 val_accuracy: 0.1643	test_loss: 2.8660 test_accuracy: 0.2190	F1: 0.1113 Prec: 0.0862 Rec: 0.2190
train: {'epoch': 11, 'time_epoch': 1.78218, 'eta': 448.25337, 'eta_hours': 0.12451, 'loss': 1.37116718, 'lr': 0.00099523, 'params': 276757, 'time_iter': 0.01018, 'accuracy': 0.5371, 'f1': 0.53465, 'auc': 0.94837}
val: {'epoch': 11, 'time_epoch': 0.08125, 'loss': 9.3217625, 'lr': 0, 'params': 276757, 'time_iter': 0.0058, 'accuracy': 0.09524, 'f1': 0.02945, 'auc': 0.68111}
test: {'epoch': 11, 'time_epoch': 0.07415, 'loss': 9.48290875, 'lr': 0, 'params': 276757, 'time_iter': 0.0053, 'accuracy': 0.09762, 'f1': 0.02068, 'auc': 0.8138}
> Epoch 11: took 2.0s (avg 2.1s) | Best so far: epoch 7	train_loss: 1.5883 train_accuracy: 0.4728	val_loss: 3.2634 val_accuracy: 0.1643	test_loss: 2.8660 test_accuracy: 0.2190	F1: 0.1113 Prec: 0.0862 Rec: 0.2190
train: {'epoch': 12, 'time_epoch': 2.09507, 'eta': 450.22847, 'eta_hours': 0.12506, 'loss': 1.38356621, 'lr': 0.00099433, 'params': 276757, 'time_iter': 0.01197, 'accuracy': 0.52634, 'f1': 0.52466, 'auc': 0.94799}
val: {'epoch': 12, 'time_epoch': 0.08036, 'loss': 7.6062912, 'lr': 0, 'params': 276757, 'time_iter': 0.00574, 'accuracy': 0.07619, 'f1': 0.01731, 'auc': 0.65441}
test: {'epoch': 12, 'time_epoch': 0.08693, 'loss': 7.81001375, 'lr': 0, 'params': 276757, 'time_iter': 0.00621, 'accuracy': 0.09286, 'f1': 0.01989, 'auc': 0.75998}
> Epoch 12: took 2.4s (avg 2.1s) | Best so far: epoch 7	train_loss: 1.5883 train_accuracy: 0.4728	val_loss: 3.2634 val_accuracy: 0.1643	test_loss: 2.8660 test_accuracy: 0.2190	F1: 0.1113 Prec: 0.0862 Rec: 0.2190
train: {'epoch': 13, 'time_epoch': 1.84735, 'eta': 447.44626, 'eta_hours': 0.12429, 'loss': 1.33531571, 'lr': 0.00099334, 'params': 276757, 'time_iter': 0.01056, 'accuracy': 0.55735, 'f1': 0.55525, 'auc': 0.95088}
val: {'epoch': 13, 'time_epoch': 0.0856, 'loss': 6.49447046, 'lr': 0, 'params': 276757, 'time_iter': 0.00611, 'accuracy': 0.06667, 'f1': 0.02641, 'auc': 0.68714}
test: {'epoch': 13, 'time_epoch': 0.06988, 'loss': 5.35293442, 'lr': 0, 'params': 276757, 'time_iter': 0.00499, 'accuracy': 0.12619, 'f1': 0.06025, 'auc': 0.82757}
> Epoch 13: took 2.1s (avg 2.1s) | Best so far: epoch 7	train_loss: 1.5883 train_accuracy: 0.4728	val_loss: 3.2634 val_accuracy: 0.1643	test_loss: 2.8660 test_accuracy: 0.2190	F1: 0.1113 Prec: 0.0862 Rec: 0.2190
train: {'epoch': 14, 'time_epoch': 1.79937, 'eta': 444.03714, 'eta_hours': 0.12334, 'loss': 1.29948291, 'lr': 0.00099228, 'params': 276757, 'time_iter': 0.01028, 'accuracy': 0.5681, 'f1': 0.5666, 'auc': 0.95377}
val: {'epoch': 14, 'time_epoch': 0.071, 'loss': 7.25288206, 'lr': 0, 'params': 276757, 'time_iter': 0.00507, 'accuracy': 0.09524, 'f1': 0.02156, 'auc': 0.72188}
test: {'epoch': 14, 'time_epoch': 0.06887, 'loss': 7.92473518, 'lr': 0, 'params': 276757, 'time_iter': 0.00492, 'accuracy': 0.0881, 'f1': 0.01615, 'auc': 0.7998}
> Epoch 14: took 2.0s (avg 2.1s) | Best so far: epoch 7	train_loss: 1.5883 train_accuracy: 0.4728	val_loss: 3.2634 val_accuracy: 0.1643	test_loss: 2.8660 test_accuracy: 0.2190	F1: 0.1113 Prec: 0.0862 Rec: 0.2190
train: {'epoch': 15, 'time_epoch': 1.80637, 'eta': 440.93161, 'eta_hours': 0.12248, 'loss': 1.26139761, 'lr': 0.00099114, 'params': 276757, 'time_iter': 0.01032, 'accuracy': 0.57258, 'f1': 0.57136, 'auc': 0.95726}
val: {'epoch': 15, 'time_epoch': 0.06565, 'loss': 7.90717721, 'lr': 0, 'params': 276757, 'time_iter': 0.00469, 'accuracy': 0.09286, 'f1': 0.05194, 'auc': 0.67896}
test: {'epoch': 15, 'time_epoch': 0.0675, 'loss': 6.57523195, 'lr': 0, 'params': 276757, 'time_iter': 0.00482, 'accuracy': 0.08095, 'f1': 0.0385, 'auc': 0.78033}
> Epoch 15: took 2.0s (avg 2.1s) | Best so far: epoch 7	train_loss: 1.5883 train_accuracy: 0.4728	val_loss: 3.2634 val_accuracy: 0.1643	test_loss: 2.8660 test_accuracy: 0.2190	F1: 0.1113 Prec: 0.0862 Rec: 0.2190
train: {'epoch': 16, 'time_epoch': 1.73393, 'eta': 436.98603, 'eta_hours': 0.12139, 'loss': 1.24402937, 'lr': 0.00098993, 'params': 276757, 'time_iter': 0.00991, 'accuracy': 0.58136, 'f1': 0.57979, 'auc': 0.9579}
val: {'epoch': 16, 'time_epoch': 0.08176, 'loss': 10.12125134, 'lr': 0, 'params': 276757, 'time_iter': 0.00584, 'accuracy': 0.05, 'f1': 0.00845, 'auc': 0.62825}
test: {'epoch': 16, 'time_epoch': 0.06289, 'loss': 9.53261939, 'lr': 0, 'params': 276757, 'time_iter': 0.00449, 'accuracy': 0.06905, 'f1': 0.02279, 'auc': 0.6978}
> Epoch 16: took 1.9s (avg 2.1s) | Best so far: epoch 7	train_loss: 1.5883 train_accuracy: 0.4728	val_loss: 3.2634 val_accuracy: 0.1643	test_loss: 2.8660 test_accuracy: 0.2190	F1: 0.1113 Prec: 0.0862 Rec: 0.2190
train: {'epoch': 17, 'time_epoch': 1.75421, 'eta': 433.54753, 'eta_hours': 0.12043, 'loss': 1.21582001, 'lr': 0.00098863, 'params': 276757, 'time_iter': 0.01002, 'accuracy': 0.59014, 'f1': 0.58896, 'auc': 0.95938}
val: {'epoch': 17, 'time_epoch': 0.06897, 'loss': 11.11257482, 'lr': 0, 'params': 276757, 'time_iter': 0.00493, 'accuracy': 0.05476, 'f1': 0.0117, 'auc': 0.7003}
test: {'epoch': 17, 'time_epoch': 0.06475, 'loss': 10.35104956, 'lr': 0, 'params': 276757, 'time_iter': 0.00463, 'accuracy': 0.07857, 'f1': 0.02382, 'auc': 0.76637}
> Epoch 17: took 2.0s (avg 2.1s) | Best so far: epoch 7	train_loss: 1.5883 train_accuracy: 0.4728	val_loss: 3.2634 val_accuracy: 0.1643	test_loss: 2.8660 test_accuracy: 0.2190	F1: 0.1113 Prec: 0.0862 Rec: 0.2190
train: {'epoch': 18, 'time_epoch': 1.92546, 'eta': 432.36844, 'eta_hours': 0.1201, 'loss': 1.20280501, 'lr': 0.00098726, 'params': 276757, 'time_iter': 0.011, 'accuracy': 0.5991, 'f1': 0.59725, 'auc': 0.9605}
val: {'epoch': 18, 'time_epoch': 0.10124, 'loss': 8.54589231, 'lr': 0, 'params': 276757, 'time_iter': 0.00723, 'accuracy': 0.09762, 'f1': 0.02884, 'auc': 0.70354}
test: {'epoch': 18, 'time_epoch': 0.06885, 'loss': 9.46413826, 'lr': 0, 'params': 276757, 'time_iter': 0.00492, 'accuracy': 0.10476, 'f1': 0.03228, 'auc': 0.77712}
> Epoch 18: took 2.2s (avg 2.1s) | Best so far: epoch 7	train_loss: 1.5883 train_accuracy: 0.4728	val_loss: 3.2634 val_accuracy: 0.1643	test_loss: 2.8660 test_accuracy: 0.2190	F1: 0.1113 Prec: 0.0862 Rec: 0.2190
train: {'epoch': 19, 'time_epoch': 1.58109, 'eta': 427.15439, 'eta_hours': 0.11865, 'loss': 1.18284667, 'lr': 0.00098582, 'params': 276757, 'time_iter': 0.00903, 'accuracy': 0.59552, 'f1': 0.59439, 'auc': 0.96234}
val: {'epoch': 19, 'time_epoch': 0.07212, 'loss': 10.66151192, 'lr': 0, 'params': 276757, 'time_iter': 0.00515, 'accuracy': 0.09048, 'f1': 0.04035, 'auc': 0.68384}
test: {'epoch': 19, 'time_epoch': 0.06617, 'loss': 10.62155933, 'lr': 0, 'params': 276757, 'time_iter': 0.00473, 'accuracy': 0.12143, 'f1': 0.03538, 'auc': 0.8481}
> Epoch 19: took 1.8s (avg 2.1s) | Best so far: epoch 7	train_loss: 1.5883 train_accuracy: 0.4728	val_loss: 3.2634 val_accuracy: 0.1643	test_loss: 2.8660 test_accuracy: 0.2190	F1: 0.1113 Prec: 0.0862 Rec: 0.2190
train: {'epoch': 20, 'time_epoch': 1.89035, 'eta': 425.65879, 'eta_hours': 0.11824, 'loss': 1.14024587, 'lr': 0.00098429, 'params': 276757, 'time_iter': 0.0108, 'accuracy': 0.60824, 'f1': 0.6067, 'auc': 0.96476}
val: {'epoch': 20, 'time_epoch': 0.06558, 'loss': 11.27579242, 'lr': 0, 'params': 276757, 'time_iter': 0.00468, 'accuracy': 0.06429, 'f1': 0.0128, 'auc': 0.62826}
test: {'epoch': 20, 'time_epoch': 0.06424, 'loss': 11.14540068, 'lr': 0, 'params': 276757, 'time_iter': 0.00459, 'accuracy': 0.0619, 'f1': 0.02297, 'auc': 0.74804}
> Epoch 20: took 2.1s (avg 2.1s) | Best so far: epoch 7	train_loss: 1.5883 train_accuracy: 0.4728	val_loss: 3.2634 val_accuracy: 0.1643	test_loss: 2.8660 test_accuracy: 0.2190	F1: 0.1113 Prec: 0.0862 Rec: 0.2190
train: {'epoch': 21, 'time_epoch': 1.92851, 'eta': 424.52275, 'eta_hours': 0.11792, 'loss': 1.13245106, 'lr': 0.00098269, 'params': 276757, 'time_iter': 0.01102, 'accuracy': 0.62599, 'f1': 0.62471, 'auc': 0.96511}
val: {'epoch': 21, 'time_epoch': 0.08685, 'loss': 10.43386677, 'lr': 0, 'params': 276757, 'time_iter': 0.0062, 'accuracy': 0.09286, 'f1': 0.01829, 'auc': 0.68554}
test: {'epoch': 21, 'time_epoch': 0.06803, 'loss': 10.78876321, 'lr': 0, 'params': 276757, 'time_iter': 0.00486, 'accuracy': 0.09286, 'f1': 0.01619, 'auc': 0.82595}
> Epoch 21: took 2.2s (avg 2.1s) | Best so far: epoch 7	train_loss: 1.5883 train_accuracy: 0.4728	val_loss: 3.2634 val_accuracy: 0.1643	test_loss: 2.8660 test_accuracy: 0.2190	F1: 0.1113 Prec: 0.0862 Rec: 0.2190
train: {'epoch': 22, 'time_epoch': 1.86777, 'eta': 422.71838, 'eta_hours': 0.11742, 'loss': 1.09225286, 'lr': 0.00098101, 'params': 276757, 'time_iter': 0.01067, 'accuracy': 0.62652, 'f1': 0.62526, 'auc': 0.96819}
val: {'epoch': 22, 'time_epoch': 0.07315, 'loss': 10.55607644, 'lr': 0, 'params': 276757, 'time_iter': 0.00523, 'accuracy': 0.09524, 'f1': 0.03605, 'auc': 0.70532}
test: {'epoch': 22, 'time_epoch': 0.10063, 'loss': 10.9123067, 'lr': 0, 'params': 276757, 'time_iter': 0.00719, 'accuracy': 0.0881, 'f1': 0.0221, 'auc': 0.8412}
> Epoch 22: took 2.1s (avg 2.1s) | Best so far: epoch 7	train_loss: 1.5883 train_accuracy: 0.4728	val_loss: 3.2634 val_accuracy: 0.1643	test_loss: 2.8660 test_accuracy: 0.2190	F1: 0.1113 Prec: 0.0862 Rec: 0.2190
train: {'epoch': 23, 'time_epoch': 2.0624, 'eta': 422.74142, 'eta_hours': 0.11743, 'loss': 1.07034017, 'lr': 0.00097926, 'params': 276757, 'time_iter': 0.01179, 'accuracy': 0.64122, 'f1': 0.64002, 'auc': 0.96863}
val: {'epoch': 23, 'time_epoch': 0.09733, 'loss': 13.57456253, 'lr': 0, 'params': 276757, 'time_iter': 0.00695, 'accuracy': 0.07381, 'f1': 0.03062, 'auc': 0.68945}
test: {'epoch': 23, 'time_epoch': 0.07014, 'loss': 13.67576047, 'lr': 0, 'params': 276757, 'time_iter': 0.00501, 'accuracy': 0.06429, 'f1': 0.02675, 'auc': 0.76829}
> Epoch 23: took 2.3s (avg 2.1s) | Best so far: epoch 7	train_loss: 1.5883 train_accuracy: 0.4728	val_loss: 3.2634 val_accuracy: 0.1643	test_loss: 2.8660 test_accuracy: 0.2190	F1: 0.1113 Prec: 0.0862 Rec: 0.2190
train: {'epoch': 24, 'time_epoch': 2.13984, 'eta': 423.29457, 'eta_hours': 0.11758, 'loss': 1.074516, 'lr': 0.00097743, 'params': 276757, 'time_iter': 0.01223, 'accuracy': 0.64014, 'f1': 0.63918, 'auc': 0.96876}
val: {'epoch': 24, 'time_epoch': 0.07663, 'loss': 8.18922664, 'lr': 0, 'params': 276757, 'time_iter': 0.00547, 'accuracy': 0.09524, 'f1': 0.04335, 'auc': 0.7126}
test: {'epoch': 24, 'time_epoch': 0.06844, 'loss': 7.18208475, 'lr': 0, 'params': 276757, 'time_iter': 0.00489, 'accuracy': 0.11429, 'f1': 0.06041, 'auc': 0.79584}
> Epoch 24: took 2.4s (avg 2.1s) | Best so far: epoch 7	train_loss: 1.5883 train_accuracy: 0.4728	val_loss: 3.2634 val_accuracy: 0.1643	test_loss: 2.8660 test_accuracy: 0.2190	F1: 0.1113 Prec: 0.0862 Rec: 0.2190
train: {'epoch': 25, 'time_epoch': 1.98152, 'eta': 422.27665, 'eta_hours': 0.1173, 'loss': 1.02357656, 'lr': 0.00097553, 'params': 276757, 'time_iter': 0.01132, 'accuracy': 0.65789, 'f1': 0.65694, 'auc': 0.97161}
val: {'epoch': 25, 'time_epoch': 0.06409, 'loss': 12.24542874, 'lr': 0, 'params': 276757, 'time_iter': 0.00458, 'accuracy': 0.06429, 'f1': 0.02573, 'auc': 0.68087}
test: {'epoch': 25, 'time_epoch': 0.06899, 'loss': 11.40174444, 'lr': 0, 'params': 276757, 'time_iter': 0.00493, 'accuracy': 0.1381, 'f1': 0.05322, 'auc': 0.82301}
> Epoch 25: took 2.2s (avg 2.1s) | Best so far: epoch 7	train_loss: 1.5883 train_accuracy: 0.4728	val_loss: 3.2634 val_accuracy: 0.1643	test_loss: 2.8660 test_accuracy: 0.2190	F1: 0.1113 Prec: 0.0862 Rec: 0.2190
train: {'epoch': 26, 'time_epoch': 1.72704, 'eta': 419.08549, 'eta_hours': 0.11641, 'loss': 1.03402732, 'lr': 0.00097355, 'params': 276757, 'time_iter': 0.00987, 'accuracy': 0.65573, 'f1': 0.65438, 'auc': 0.97109}
val: {'epoch': 26, 'time_epoch': 0.07587, 'loss': 4.88696215, 'lr': 0, 'params': 276757, 'time_iter': 0.00542, 'accuracy': 0.15238, 'f1': 0.07955, 'auc': 0.79281}
test: {'epoch': 26, 'time_epoch': 0.07219, 'loss': 4.65835074, 'lr': 0, 'params': 276757, 'time_iter': 0.00516, 'accuracy': 0.16667, 'f1': 0.0966, 'auc': 0.86391}
> Epoch 26: took 2.0s (avg 2.1s) | Best so far: epoch 7	train_loss: 1.5883 train_accuracy: 0.4728	val_loss: 3.2634 val_accuracy: 0.1643	test_loss: 2.8660 test_accuracy: 0.2190	F1: 0.1113 Prec: 0.0862 Rec: 0.2190
train: {'epoch': 27, 'time_epoch': 1.8523, 'eta': 416.99202, 'eta_hours': 0.11583, 'loss': 1.0294294, 'lr': 0.0009715, 'params': 276757, 'time_iter': 0.01058, 'accuracy': 0.65556, 'f1': 0.65427, 'auc': 0.97152}
val: {'epoch': 27, 'time_epoch': 0.08982, 'loss': 7.29942473, 'lr': 0, 'params': 276757, 'time_iter': 0.00642, 'accuracy': 0.11905, 'f1': 0.0556, 'auc': 0.72658}
test: {'epoch': 27, 'time_epoch': 0.07406, 'loss': 7.26724428, 'lr': 0, 'params': 276757, 'time_iter': 0.00529, 'accuracy': 0.10476, 'f1': 0.0385, 'auc': 0.80449}
> Epoch 27: took 2.1s (avg 2.1s) | Best so far: epoch 7	train_loss: 1.5883 train_accuracy: 0.4728	val_loss: 3.2634 val_accuracy: 0.1643	test_loss: 2.8660 test_accuracy: 0.2190	F1: 0.1113 Prec: 0.0862 Rec: 0.2190
train: {'epoch': 28, 'time_epoch': 2.04722, 'eta': 416.40063, 'eta_hours': 0.11567, 'loss': 0.99064054, 'lr': 0.00096937, 'params': 276757, 'time_iter': 0.0117, 'accuracy': 0.66183, 'f1': 0.66109, 'auc': 0.97374}
val: {'epoch': 28, 'time_epoch': 0.07494, 'loss': 8.07390138, 'lr': 0, 'params': 276757, 'time_iter': 0.00535, 'accuracy': 0.10952, 'f1': 0.03923, 'auc': 0.73027}
test: {'epoch': 28, 'time_epoch': 0.06368, 'loss': 8.70337674, 'lr': 0, 'params': 276757, 'time_iter': 0.00455, 'accuracy': 0.1381, 'f1': 0.03567, 'auc': 0.85357}
> Epoch 28: took 2.3s (avg 2.1s) | Best so far: epoch 7	train_loss: 1.5883 train_accuracy: 0.4728	val_loss: 3.2634 val_accuracy: 0.1643	test_loss: 2.8660 test_accuracy: 0.2190	F1: 0.1113 Prec: 0.0862 Rec: 0.2190
train: {'epoch': 29, 'time_epoch': 1.90906, 'eta': 414.69903, 'eta_hours': 0.11519, 'loss': 0.97844611, 'lr': 0.00096716, 'params': 276757, 'time_iter': 0.01091, 'accuracy': 0.67097, 'f1': 0.67017, 'auc': 0.97414}
val: {'epoch': 29, 'time_epoch': 0.08511, 'loss': 10.07484157, 'lr': 0, 'params': 276757, 'time_iter': 0.00608, 'accuracy': 0.09762, 'f1': 0.04247, 'auc': 0.71204}
test: {'epoch': 29, 'time_epoch': 0.07044, 'loss': 9.97240064, 'lr': 0, 'params': 276757, 'time_iter': 0.00503, 'accuracy': 0.13333, 'f1': 0.0381, 'auc': 0.83689}
> Epoch 29: took 2.1s (avg 2.1s) | Best so far: epoch 7	train_loss: 1.5883 train_accuracy: 0.4728	val_loss: 3.2634 val_accuracy: 0.1643	test_loss: 2.8660 test_accuracy: 0.2190	F1: 0.1113 Prec: 0.0862 Rec: 0.2190
train: {'epoch': 30, 'time_epoch': 2.01033, 'eta': 413.69949, 'eta_hours': 0.11492, 'loss': 0.97485256, 'lr': 0.00096489, 'params': 276757, 'time_iter': 0.01149, 'accuracy': 0.67419, 'f1': 0.67327, 'auc': 0.97415}
val: {'epoch': 30, 'time_epoch': 0.08949, 'loss': 5.68797942, 'lr': 0, 'params': 276757, 'time_iter': 0.00639, 'accuracy': 0.13571, 'f1': 0.06691, 'auc': 0.78617}
test: {'epoch': 30, 'time_epoch': 0.09181, 'loss': 6.33296007, 'lr': 0, 'params': 276757, 'time_iter': 0.00656, 'accuracy': 0.13571, 'f1': 0.05526, 'auc': 0.84214}
> Epoch 30: took 2.3s (avg 2.1s) | Best so far: epoch 7	train_loss: 1.5883 train_accuracy: 0.4728	val_loss: 3.2634 val_accuracy: 0.1643	test_loss: 2.8660 test_accuracy: 0.2190	F1: 0.1113 Prec: 0.0862 Rec: 0.2190
train: {'epoch': 31, 'time_epoch': 1.99133, 'eta': 412.50729, 'eta_hours': 0.11459, 'loss': 0.94826808, 'lr': 0.00096254, 'params': 276757, 'time_iter': 0.01138, 'accuracy': 0.67616, 'f1': 0.67519, 'auc': 0.97596}
val: {'epoch': 31, 'time_epoch': 0.08151, 'loss': 5.88646387, 'lr': 0, 'params': 276757, 'time_iter': 0.00582, 'accuracy': 0.17381, 'f1': 0.09221, 'auc': 0.78723}
test: {'epoch': 31, 'time_epoch': 0.08234, 'loss': 6.57604532, 'lr': 0, 'params': 276757, 'time_iter': 0.00588, 'accuracy': 0.14048, 'f1': 0.04913, 'auc': 0.84666}
[*] Confusion Matrix saved to: results_lopo_none/IM_3m\Conf\confusion_matrix_epoch_31.png
> Epoch 31: took 2.2s (avg 2.1s) | Best so far: epoch 31	train_loss: 0.9483 train_accuracy: 0.6762	val_loss: 5.8865 val_accuracy: 0.1738	test_loss: 6.5760 test_accuracy: 0.1405	F1: 0.0491 Prec: 0.0312 Rec: 0.1405
train: {'epoch': 32, 'time_epoch': 1.91754, 'eta': 410.78147, 'eta_hours': 0.11411, 'loss': 0.94946007, 'lr': 0.00096012, 'params': 276757, 'time_iter': 0.01096, 'accuracy': 0.67849, 'f1': 0.67763, 'auc': 0.97565}
val: {'epoch': 32, 'time_epoch': 0.0875, 'loss': 7.76275362, 'lr': 0, 'params': 276757, 'time_iter': 0.00625, 'accuracy': 0.11429, 'f1': 0.05402, 'auc': 0.7168}
test: {'epoch': 32, 'time_epoch': 0.08343, 'loss': 7.56972317, 'lr': 0, 'params': 276757, 'time_iter': 0.00596, 'accuracy': 0.13571, 'f1': 0.04401, 'auc': 0.8231}
> Epoch 32: took 2.2s (avg 2.1s) | Best so far: epoch 31	train_loss: 0.9483 train_accuracy: 0.6762	val_loss: 5.8865 val_accuracy: 0.1738	test_loss: 6.5760 test_accuracy: 0.1405	F1: 0.0491 Prec: 0.0312 Rec: 0.1405
train: {'epoch': 33, 'time_epoch': 1.80677, 'eta': 408.34065, 'eta_hours': 0.11343, 'loss': 0.95640363, 'lr': 0.00095762, 'params': 276757, 'time_iter': 0.01032, 'accuracy': 0.67437, 'f1': 0.67369, 'auc': 0.97527}
val: {'epoch': 33, 'time_epoch': 0.06329, 'loss': 8.71520291, 'lr': 0, 'params': 276757, 'time_iter': 0.00452, 'accuracy': 0.12619, 'f1': 0.04129, 'auc': 0.72222}
test: {'epoch': 33, 'time_epoch': 0.06543, 'loss': 8.49670745, 'lr': 0, 'params': 276757, 'time_iter': 0.00467, 'accuracy': 0.13571, 'f1': 0.06315, 'auc': 0.80455}
> Epoch 33: took 2.0s (avg 2.1s) | Best so far: epoch 31	train_loss: 0.9483 train_accuracy: 0.6762	val_loss: 5.8865 val_accuracy: 0.1738	test_loss: 6.5760 test_accuracy: 0.1405	F1: 0.0491 Prec: 0.0312 Rec: 0.1405
train: {'epoch': 34, 'time_epoch': 1.79867, 'eta': 405.88629, 'eta_hours': 0.11275, 'loss': 0.90705184, 'lr': 0.00095505, 'params': 276757, 'time_iter': 0.01028, 'accuracy': 0.69391, 'f1': 0.69321, 'auc': 0.97794}
val: {'epoch': 34, 'time_epoch': 0.0813, 'loss': 2.81470127, 'lr': 0, 'params': 276757, 'time_iter': 0.00581, 'accuracy': 0.19762, 'f1': 0.1584, 'auc': 0.87327}
test: {'epoch': 34, 'time_epoch': 0.07697, 'loss': 2.76682011, 'lr': 0, 'params': 276757, 'time_iter': 0.0055, 'accuracy': 0.26429, 'f1': 0.20512, 'auc': 0.91124}
[*] Confusion Matrix saved to: results_lopo_none/IM_3m\Conf\confusion_matrix_epoch_34.png
> Epoch 34: took 2.1s (avg 2.1s) | Best so far: epoch 34	train_loss: 0.9071 train_accuracy: 0.6939	val_loss: 2.8147 val_accuracy: 0.1976	test_loss: 2.7668 test_accuracy: 0.2643	F1: 0.2051 Prec: 0.2338 Rec: 0.2643
train: {'epoch': 35, 'time_epoch': 1.89435, 'eta': 404.03715, 'eta_hours': 0.11223, 'loss': 0.92491057, 'lr': 0.00095241, 'params': 276757, 'time_iter': 0.01082, 'accuracy': 0.69068, 'f1': 0.69027, 'auc': 0.97672}
val: {'epoch': 35, 'time_epoch': 0.07543, 'loss': 8.29897208, 'lr': 0, 'params': 276757, 'time_iter': 0.00539, 'accuracy': 0.14286, 'f1': 0.04904, 'auc': 0.7421}
test: {'epoch': 35, 'time_epoch': 0.07959, 'loss': 9.41889494, 'lr': 0, 'params': 276757, 'time_iter': 0.00568, 'accuracy': 0.13571, 'f1': 0.03756, 'auc': 0.85386}
> Epoch 35: took 2.1s (avg 2.1s) | Best so far: epoch 34	train_loss: 0.9071 train_accuracy: 0.6939	val_loss: 2.8147 val_accuracy: 0.1976	test_loss: 2.7668 test_accuracy: 0.2643	F1: 0.2051 Prec: 0.2338 Rec: 0.2643
train: {'epoch': 36, 'time_epoch': 1.82438, 'eta': 401.78273, 'eta_hours': 0.11161, 'loss': 0.88778849, 'lr': 0.0009497, 'params': 276757, 'time_iter': 0.01043, 'accuracy': 0.70842, 'f1': 0.70751, 'auc': 0.97854}
val: {'epoch': 36, 'time_epoch': 0.06465, 'loss': 4.2048973, 'lr': 0, 'params': 276757, 'time_iter': 0.00462, 'accuracy': 0.17619, 'f1': 0.11923, 'auc': 0.78512}
test: {'epoch': 36, 'time_epoch': 0.07312, 'loss': 3.06844185, 'lr': 0, 'params': 276757, 'time_iter': 0.00522, 'accuracy': 0.20238, 'f1': 0.13689, 'auc': 0.87765}
> Epoch 36: took 2.1s (avg 2.1s) | Best so far: epoch 34	train_loss: 0.9071 train_accuracy: 0.6939	val_loss: 2.8147 val_accuracy: 0.1976	test_loss: 2.7668 test_accuracy: 0.2643	F1: 0.2051 Prec: 0.2338 Rec: 0.2643
train: {'epoch': 37, 'time_epoch': 1.79501, 'eta': 399.3871, 'eta_hours': 0.11094, 'loss': 0.90728413, 'lr': 0.00094692, 'params': 276757, 'time_iter': 0.01026, 'accuracy': 0.69391, 'f1': 0.69311, 'auc': 0.97772}
val: {'epoch': 37, 'time_epoch': 0.07267, 'loss': 7.5365889, 'lr': 0, 'params': 276757, 'time_iter': 0.00519, 'accuracy': 0.14524, 'f1': 0.07722, 'auc': 0.71757}
test: {'epoch': 37, 'time_epoch': 0.07483, 'loss': 6.95263899, 'lr': 0, 'params': 276757, 'time_iter': 0.00534, 'accuracy': 0.08095, 'f1': 0.05998, 'auc': 0.77206}
> Epoch 37: took 2.0s (avg 2.1s) | Best so far: epoch 34	train_loss: 0.9071 train_accuracy: 0.6939	val_loss: 2.8147 val_accuracy: 0.1976	test_loss: 2.7668 test_accuracy: 0.2643	F1: 0.2051 Prec: 0.2338 Rec: 0.2643
train: {'epoch': 38, 'time_epoch': 1.88123, 'eta': 397.48872, 'eta_hours': 0.11041, 'loss': 0.86778507, 'lr': 0.00094407, 'params': 276757, 'time_iter': 0.01075, 'accuracy': 0.7043, 'f1': 0.7039, 'auc': 0.97982}
val: {'epoch': 38, 'time_epoch': 0.07026, 'loss': 11.07674484, 'lr': 0, 'params': 276757, 'time_iter': 0.00502, 'accuracy': 0.06905, 'f1': 0.02263, 'auc': 0.66707}
test: {'epoch': 38, 'time_epoch': 0.06847, 'loss': 11.98036072, 'lr': 0, 'params': 276757, 'time_iter': 0.00489, 'accuracy': 0.0881, 'f1': 0.02472, 'auc': 0.71561}
> Epoch 38: took 2.1s (avg 2.1s) | Best so far: epoch 34	train_loss: 0.9071 train_accuracy: 0.6939	val_loss: 2.8147 val_accuracy: 0.1976	test_loss: 2.7668 test_accuracy: 0.2643	F1: 0.2051 Prec: 0.2338 Rec: 0.2643
train: {'epoch': 39, 'time_epoch': 1.91152, 'eta': 395.75025, 'eta_hours': 0.10993, 'loss': 0.86127495, 'lr': 0.00094115, 'params': 276757, 'time_iter': 0.01092, 'accuracy': 0.70986, 'f1': 0.70926, 'auc': 0.97983}
val: {'epoch': 39, 'time_epoch': 0.07297, 'loss': 8.82133015, 'lr': 0, 'params': 276757, 'time_iter': 0.00521, 'accuracy': 0.05, 'f1': 0.0092, 'auc': 0.6628}
test: {'epoch': 39, 'time_epoch': 0.07393, 'loss': 7.58262875, 'lr': 0, 'params': 276757, 'time_iter': 0.00528, 'accuracy': 0.06429, 'f1': 0.02018, 'auc': 0.76467}
> Epoch 39: took 2.1s (avg 2.1s) | Best so far: epoch 34	train_loss: 0.9071 train_accuracy: 0.6939	val_loss: 2.8147 val_accuracy: 0.1976	test_loss: 2.7668 test_accuracy: 0.2643	F1: 0.2051 Prec: 0.2338 Rec: 0.2643
train: {'epoch': 40, 'time_epoch': 1.77807, 'eta': 393.32308, 'eta_hours': 0.10926, 'loss': 0.83896257, 'lr': 0.00093815, 'params': 276757, 'time_iter': 0.01016, 'accuracy': 0.7147, 'f1': 0.71405, 'auc': 0.98089}
val: {'epoch': 40, 'time_epoch': 0.06699, 'loss': 9.49358593, 'lr': 0, 'params': 276757, 'time_iter': 0.00478, 'accuracy': 0.10238, 'f1': 0.05834, 'auc': 0.70884}
test: {'epoch': 40, 'time_epoch': 0.06466, 'loss': 9.85022344, 'lr': 0, 'params': 276757, 'time_iter': 0.00462, 'accuracy': 0.1381, 'f1': 0.03732, 'auc': 0.84425}
> Epoch 40: took 2.0s (avg 2.1s) | Best so far: epoch 34	train_loss: 0.9071 train_accuracy: 0.6939	val_loss: 2.8147 val_accuracy: 0.1976	test_loss: 2.7668 test_accuracy: 0.2643	F1: 0.2051 Prec: 0.2338 Rec: 0.2643
train: {'epoch': 41, 'time_epoch': 1.77604, 'eta': 390.91677, 'eta_hours': 0.10859, 'loss': 0.83366597, 'lr': 0.00093509, 'params': 276757, 'time_iter': 0.01015, 'accuracy': 0.71541, 'f1': 0.71486, 'auc': 0.98115}
val: {'epoch': 41, 'time_epoch': 0.08302, 'loss': 11.43673141, 'lr': 0, 'params': 276757, 'time_iter': 0.00593, 'accuracy': 0.04762, 'f1': 0.00723, 'auc': 0.66276}
test: {'epoch': 41, 'time_epoch': 0.06725, 'loss': 10.51773526, 'lr': 0, 'params': 276757, 'time_iter': 0.0048, 'accuracy': 0.09524, 'f1': 0.03682, 'auc': 0.76526}
> Epoch 41: took 2.0s (avg 2.1s) | Best so far: epoch 34	train_loss: 0.9071 train_accuracy: 0.6939	val_loss: 2.8147 val_accuracy: 0.1976	test_loss: 2.7668 test_accuracy: 0.2643	F1: 0.2051 Prec: 0.2338 Rec: 0.2643
train: {'epoch': 42, 'time_epoch': 1.87043, 'eta': 388.99412, 'eta_hours': 0.10805, 'loss': 0.83378045, 'lr': 0.00093196, 'params': 276757, 'time_iter': 0.01069, 'accuracy': 0.71774, 'f1': 0.71727, 'auc': 0.98115}
val: {'epoch': 42, 'time_epoch': 0.09023, 'loss': 4.54301082, 'lr': 0, 'params': 276757, 'time_iter': 0.00644, 'accuracy': 0.12381, 'f1': 0.07724, 'auc': 0.81248}
test: {'epoch': 42, 'time_epoch': 0.08413, 'loss': 5.26356839, 'lr': 0, 'params': 276757, 'time_iter': 0.00601, 'accuracy': 0.17381, 'f1': 0.08483, 'auc': 0.85864}
> Epoch 42: took 2.1s (avg 2.1s) | Best so far: epoch 34	train_loss: 0.9071 train_accuracy: 0.6939	val_loss: 2.8147 val_accuracy: 0.1976	test_loss: 2.7668 test_accuracy: 0.2643	F1: 0.2051 Prec: 0.2338 Rec: 0.2643
train: {'epoch': 43, 'time_epoch': 1.92082, 'eta': 387.3098, 'eta_hours': 0.10759, 'loss': 0.8449195, 'lr': 0.00092876, 'params': 276757, 'time_iter': 0.01098, 'accuracy': 0.70914, 'f1': 0.70832, 'auc': 0.9808}
val: {'epoch': 43, 'time_epoch': 0.09897, 'loss': 8.84444936, 'lr': 0, 'params': 276757, 'time_iter': 0.00707, 'accuracy': 0.09762, 'f1': 0.04609, 'auc': 0.69738}
test: {'epoch': 43, 'time_epoch': 0.07213, 'loss': 9.48867389, 'lr': 0, 'params': 276757, 'time_iter': 0.00515, 'accuracy': 0.11905, 'f1': 0.03575, 'auc': 0.81845}
> Epoch 43: took 2.2s (avg 2.1s) | Best so far: epoch 34	train_loss: 0.9071 train_accuracy: 0.6939	val_loss: 2.8147 val_accuracy: 0.1976	test_loss: 2.7668 test_accuracy: 0.2643	F1: 0.2051 Prec: 0.2338 Rec: 0.2643
train: {'epoch': 44, 'time_epoch': 1.86338, 'eta': 385.3533, 'eta_hours': 0.10704, 'loss': 0.82853326, 'lr': 0.0009255, 'params': 276757, 'time_iter': 0.01065, 'accuracy': 0.72455, 'f1': 0.72397, 'auc': 0.98123}
val: {'epoch': 44, 'time_epoch': 0.06705, 'loss': 3.30402272, 'lr': 0, 'params': 276757, 'time_iter': 0.00479, 'accuracy': 0.26667, 'f1': 0.22751, 'auc': 0.81696}
test: {'epoch': 44, 'time_epoch': 0.11115, 'loss': 2.85610339, 'lr': 0, 'params': 276757, 'time_iter': 0.00794, 'accuracy': 0.2881, 'f1': 0.221, 'auc': 0.89775}
[*] Confusion Matrix saved to: results_lopo_none/IM_3m\Conf\confusion_matrix_epoch_44.png
> Epoch 44: took 2.1s (avg 2.1s) | Best so far: epoch 44	train_loss: 0.8285 train_accuracy: 0.7246	val_loss: 3.3040 val_accuracy: 0.2667	test_loss: 2.8561 test_accuracy: 0.2881	F1: 0.2210 Prec: 0.2259 Rec: 0.2881
train: {'epoch': 45, 'time_epoch': 1.99589, 'eta': 383.9885, 'eta_hours': 0.10666, 'loss': 0.80438161, 'lr': 0.00092216, 'params': 276757, 'time_iter': 0.01141, 'accuracy': 0.73047, 'f1': 0.72998, 'auc': 0.98267}
val: {'epoch': 45, 'time_epoch': 0.07817, 'loss': 8.10514635, 'lr': 0, 'params': 276757, 'time_iter': 0.00558, 'accuracy': 0.10476, 'f1': 0.0535, 'auc': 0.75201}
test: {'epoch': 45, 'time_epoch': 0.0663, 'loss': 8.3995398, 'lr': 0, 'params': 276757, 'time_iter': 0.00474, 'accuracy': 0.13333, 'f1': 0.04397, 'auc': 0.88185}
> Epoch 45: took 2.2s (avg 2.1s) | Best so far: epoch 44	train_loss: 0.8285 train_accuracy: 0.7246	val_loss: 3.3040 val_accuracy: 0.2667	test_loss: 2.8561 test_accuracy: 0.2881	F1: 0.2210 Prec: 0.2259 Rec: 0.2881
train: {'epoch': 46, 'time_epoch': 2.05122, 'eta': 382.83583, 'eta_hours': 0.10634, 'loss': 0.81208565, 'lr': 0.00091876, 'params': 276757, 'time_iter': 0.01172, 'accuracy': 0.72294, 'f1': 0.72224, 'auc': 0.98221}
val: {'epoch': 46, 'time_epoch': 0.07787, 'loss': 9.71512296, 'lr': 0, 'params': 276757, 'time_iter': 0.00556, 'accuracy': 0.08333, 'f1': 0.03639, 'auc': 0.71446}
test: {'epoch': 46, 'time_epoch': 0.08498, 'loss': 9.54088969, 'lr': 0, 'params': 276757, 'time_iter': 0.00607, 'accuracy': 0.09762, 'f1': 0.03607, 'auc': 0.81904}
> Epoch 46: took 2.3s (avg 2.1s) | Best so far: epoch 44	train_loss: 0.8285 train_accuracy: 0.7246	val_loss: 3.3040 val_accuracy: 0.2667	test_loss: 2.8561 test_accuracy: 0.2881	F1: 0.2210 Prec: 0.2259 Rec: 0.2881
train: {'epoch': 47, 'time_epoch': 1.98636, 'eta': 381.37275, 'eta_hours': 0.10594, 'loss': 0.78122723, 'lr': 0.0009153, 'params': 276757, 'time_iter': 0.01135, 'accuracy': 0.7328, 'f1': 0.73195, 'auc': 0.98335}
val: {'epoch': 47, 'time_epoch': 0.06915, 'loss': 9.44076775, 'lr': 0, 'params': 276757, 'time_iter': 0.00494, 'accuracy': 0.09048, 'f1': 0.03174, 'auc': 0.71892}
test: {'epoch': 47, 'time_epoch': 0.08494, 'loss': 9.60637464, 'lr': 0, 'params': 276757, 'time_iter': 0.00607, 'accuracy': 0.12619, 'f1': 0.03983, 'auc': 0.86065}
> Epoch 47: took 2.2s (avg 2.1s) | Best so far: epoch 44	train_loss: 0.8285 train_accuracy: 0.7246	val_loss: 3.3040 val_accuracy: 0.2667	test_loss: 2.8561 test_accuracy: 0.2881	F1: 0.2210 Prec: 0.2259 Rec: 0.2881
train: {'epoch': 48, 'time_epoch': 2.14052, 'eta': 380.5207, 'eta_hours': 0.1057, 'loss': 0.78739495, 'lr': 0.00091177, 'params': 276757, 'time_iter': 0.01223, 'accuracy': 0.72867, 'f1': 0.72803, 'auc': 0.9833}
val: {'epoch': 48, 'time_epoch': 0.07579, 'loss': 12.42322686, 'lr': 0, 'params': 276757, 'time_iter': 0.00541, 'accuracy': 0.05, 'f1': 0.00931, 'auc': 0.6339}
test: {'epoch': 48, 'time_epoch': 0.07925, 'loss': 12.44222957, 'lr': 0, 'params': 276757, 'time_iter': 0.00566, 'accuracy': 0.07619, 'f1': 0.01754, 'auc': 0.7749}
> Epoch 48: took 2.4s (avg 2.1s) | Best so far: epoch 44	train_loss: 0.8285 train_accuracy: 0.7246	val_loss: 3.3040 val_accuracy: 0.2667	test_loss: 2.8561 test_accuracy: 0.2881	F1: 0.2210 Prec: 0.2259 Rec: 0.2881
train: {'epoch': 49, 'time_epoch': 2.1387, 'eta': 379.60981, 'eta_hours': 0.10545, 'loss': 0.74872448, 'lr': 0.00090817, 'params': 276757, 'time_iter': 0.01222, 'accuracy': 0.74588, 'f1': 0.74531, 'auc': 0.98502}
val: {'epoch': 49, 'time_epoch': 0.08111, 'loss': 11.05909448, 'lr': 0, 'params': 276757, 'time_iter': 0.00579, 'accuracy': 0.04524, 'f1': 0.00626, 'auc': 0.65748}
test: {'epoch': 49, 'time_epoch': 0.07704, 'loss': 9.29131675, 'lr': 0, 'params': 276757, 'time_iter': 0.0055, 'accuracy': 0.08095, 'f1': 0.03685, 'auc': 0.72526}
> Epoch 49: took 2.4s (avg 2.1s) | Best so far: epoch 44	train_loss: 0.8285 train_accuracy: 0.7246	val_loss: 3.3040 val_accuracy: 0.2667	test_loss: 2.8561 test_accuracy: 0.2881	F1: 0.2210 Prec: 0.2259 Rec: 0.2881
train: {'epoch': 50, 'time_epoch': 1.8434, 'eta': 377.4985, 'eta_hours': 0.10486, 'loss': 0.74579283, 'lr': 0.00090451, 'params': 276757, 'time_iter': 0.01053, 'accuracy': 0.74355, 'f1': 0.74319, 'auc': 0.98502}
val: {'epoch': 50, 'time_epoch': 0.06953, 'loss': 7.52853013, 'lr': 0, 'params': 276757, 'time_iter': 0.00497, 'accuracy': 0.08095, 'f1': 0.04466, 'auc': 0.7371}
test: {'epoch': 50, 'time_epoch': 0.06953, 'loss': 6.01228927, 'lr': 0, 'params': 276757, 'time_iter': 0.00497, 'accuracy': 0.11905, 'f1': 0.05978, 'auc': 0.83877}
> Epoch 50: took 2.1s (avg 2.1s) | Best so far: epoch 44	train_loss: 0.8285 train_accuracy: 0.7246	val_loss: 3.3040 val_accuracy: 0.2667	test_loss: 2.8561 test_accuracy: 0.2881	F1: 0.2210 Prec: 0.2259 Rec: 0.2881
train: {'epoch': 51, 'time_epoch': 1.83777, 'eta': 375.37607, 'eta_hours': 0.10427, 'loss': 0.73229099, 'lr': 0.00090078, 'params': 276757, 'time_iter': 0.0105, 'accuracy': 0.7595, 'f1': 0.75915, 'auc': 0.98527}
val: {'epoch': 51, 'time_epoch': 0.07068, 'loss': 9.84319377, 'lr': 0, 'params': 276757, 'time_iter': 0.00505, 'accuracy': 0.10238, 'f1': 0.02575, 'auc': 0.69889}
test: {'epoch': 51, 'time_epoch': 0.07325, 'loss': 10.08473204, 'lr': 0, 'params': 276757, 'time_iter': 0.00523, 'accuracy': 0.09524, 'f1': 0.01673, 'auc': 0.76872}
> Epoch 51: took 2.1s (avg 2.1s) | Best so far: epoch 44	train_loss: 0.8285 train_accuracy: 0.7246	val_loss: 3.3040 val_accuracy: 0.2667	test_loss: 2.8561 test_accuracy: 0.2881	F1: 0.2210 Prec: 0.2259 Rec: 0.2881
train: {'epoch': 52, 'time_epoch': 1.83368, 'eta': 373.24918, 'eta_hours': 0.10368, 'loss': 0.73901543, 'lr': 0.000897, 'params': 276757, 'time_iter': 0.01048, 'accuracy': 0.75054, 'f1': 0.75017, 'auc': 0.98517}
val: {'epoch': 52, 'time_epoch': 0.07859, 'loss': 6.98819892, 'lr': 0, 'params': 276757, 'time_iter': 0.00561, 'accuracy': 0.15, 'f1': 0.08042, 'auc': 0.77614}
test: {'epoch': 52, 'time_epoch': 0.06791, 'loss': 7.27803188, 'lr': 0, 'params': 276757, 'time_iter': 0.00485, 'accuracy': 0.11905, 'f1': 0.06696, 'auc': 0.83729}
> Epoch 52: took 2.1s (avg 2.1s) | Best so far: epoch 44	train_loss: 0.8285 train_accuracy: 0.7246	val_loss: 3.3040 val_accuracy: 0.2667	test_loss: 2.8561 test_accuracy: 0.2881	F1: 0.2210 Prec: 0.2259 Rec: 0.2881
train: {'epoch': 53, 'time_epoch': 1.81443, 'eta': 371.06328, 'eta_hours': 0.10307, 'loss': 0.75940568, 'lr': 0.00089314, 'params': 276757, 'time_iter': 0.01037, 'accuracy': 0.74409, 'f1': 0.74371, 'auc': 0.98436}
val: {'epoch': 53, 'time_epoch': 0.07022, 'loss': 7.76615128, 'lr': 0, 'params': 276757, 'time_iter': 0.00502, 'accuracy': 0.1381, 'f1': 0.05963, 'auc': 0.71945}
test: {'epoch': 53, 'time_epoch': 0.06477, 'loss': 7.16742454, 'lr': 0, 'params': 276757, 'time_iter': 0.00463, 'accuracy': 0.14286, 'f1': 0.04865, 'auc': 0.83919}
> Epoch 53: took 2.0s (avg 2.1s) | Best so far: epoch 44	train_loss: 0.8285 train_accuracy: 0.7246	val_loss: 3.3040 val_accuracy: 0.2667	test_loss: 2.8561 test_accuracy: 0.2881	F1: 0.2210 Prec: 0.2259 Rec: 0.2881
train: {'epoch': 54, 'time_epoch': 1.75975, 'eta': 368.69703, 'eta_hours': 0.10242, 'loss': 0.72890447, 'lr': 0.00088923, 'params': 276757, 'time_iter': 0.01006, 'accuracy': 0.75305, 'f1': 0.75284, 'auc': 0.98567}
val: {'epoch': 54, 'time_epoch': 0.07505, 'loss': 6.9161793, 'lr': 0, 'params': 276757, 'time_iter': 0.00536, 'accuracy': 0.07381, 'f1': 0.03842, 'auc': 0.75939}
test: {'epoch': 54, 'time_epoch': 0.06544, 'loss': 6.71769047, 'lr': 0, 'params': 276757, 'time_iter': 0.00467, 'accuracy': 0.06667, 'f1': 0.0347, 'auc': 0.77046}
> Epoch 54: took 2.0s (avg 2.1s) | Best so far: epoch 44	train_loss: 0.8285 train_accuracy: 0.7246	val_loss: 3.3040 val_accuracy: 0.2667	test_loss: 2.8561 test_accuracy: 0.2881	F1: 0.2210 Prec: 0.2259 Rec: 0.2881
train: {'epoch': 55, 'time_epoch': 1.71897, 'eta': 366.21118, 'eta_hours': 0.10173, 'loss': 0.70663238, 'lr': 0.00088526, 'params': 276757, 'time_iter': 0.00982, 'accuracy': 0.76093, 'f1': 0.76044, 'auc': 0.98639}
val: {'epoch': 55, 'time_epoch': 0.06057, 'loss': 11.05857526, 'lr': 0, 'params': 276757, 'time_iter': 0.00433, 'accuracy': 0.08095, 'f1': 0.03366, 'auc': 0.70489}
test: {'epoch': 55, 'time_epoch': 0.07759, 'loss': 10.1681112, 'lr': 0, 'params': 276757, 'time_iter': 0.00554, 'accuracy': 0.10714, 'f1': 0.03572, 'auc': 0.83955}
> Epoch 55: took 1.9s (avg 2.1s) | Best so far: epoch 44	train_loss: 0.8285 train_accuracy: 0.7246	val_loss: 3.3040 val_accuracy: 0.2667	test_loss: 2.8561 test_accuracy: 0.2881	F1: 0.2210 Prec: 0.2259 Rec: 0.2881
train: {'epoch': 56, 'time_epoch': 1.83502, 'eta': 364.14516, 'eta_hours': 0.10115, 'loss': 0.68789639, 'lr': 0.00088122, 'params': 276757, 'time_iter': 0.01049, 'accuracy': 0.77312, 'f1': 0.77268, 'auc': 0.98714}
val: {'epoch': 56, 'time_epoch': 0.0711, 'loss': 7.25020458, 'lr': 0, 'params': 276757, 'time_iter': 0.00508, 'accuracy': 0.11905, 'f1': 0.06741, 'auc': 0.74797}
test: {'epoch': 56, 'time_epoch': 0.07147, 'loss': 6.36006999, 'lr': 0, 'params': 276757, 'time_iter': 0.0051, 'accuracy': 0.1381, 'f1': 0.05421, 'auc': 0.83224}
> Epoch 56: took 2.1s (avg 2.1s) | Best so far: epoch 44	train_loss: 0.8285 train_accuracy: 0.7246	val_loss: 3.3040 val_accuracy: 0.2667	test_loss: 2.8561 test_accuracy: 0.2881	F1: 0.2210 Prec: 0.2259 Rec: 0.2881
train: {'epoch': 57, 'time_epoch': 1.8455, 'eta': 362.12182, 'eta_hours': 0.10059, 'loss': 0.68268159, 'lr': 0.00087713, 'params': 276757, 'time_iter': 0.01055, 'accuracy': 0.76631, 'f1': 0.76588, 'auc': 0.98754}
val: {'epoch': 57, 'time_epoch': 0.10731, 'loss': 8.6412687, 'lr': 0, 'params': 276757, 'time_iter': 0.00767, 'accuracy': 0.12381, 'f1': 0.05731, 'auc': 0.74216}
test: {'epoch': 57, 'time_epoch': 0.06571, 'loss': 9.16439978, 'lr': 0, 'params': 276757, 'time_iter': 0.00469, 'accuracy': 0.15, 'f1': 0.04864, 'auc': 0.85557}
> Epoch 57: took 2.1s (avg 2.1s) | Best so far: epoch 44	train_loss: 0.8285 train_accuracy: 0.7246	val_loss: 3.3040 val_accuracy: 0.2667	test_loss: 2.8561 test_accuracy: 0.2881	F1: 0.2210 Prec: 0.2259 Rec: 0.2881
train: {'epoch': 58, 'time_epoch': 1.79416, 'eta': 359.9383, 'eta_hours': 0.09998, 'loss': 0.70352632, 'lr': 0.00087297, 'params': 276757, 'time_iter': 0.01025, 'accuracy': 0.76254, 'f1': 0.76221, 'auc': 0.98652}
val: {'epoch': 58, 'time_epoch': 0.0796, 'loss': 11.37054404, 'lr': 0, 'params': 276757, 'time_iter': 0.00569, 'accuracy': 0.13333, 'f1': 0.059, 'auc': 0.67303}
test: {'epoch': 58, 'time_epoch': 0.06821, 'loss': 11.36965659, 'lr': 0, 'params': 276757, 'time_iter': 0.00487, 'accuracy': 0.12381, 'f1': 0.03856, 'auc': 0.80718}
> Epoch 58: took 2.0s (avg 2.1s) | Best so far: epoch 44	train_loss: 0.8285 train_accuracy: 0.7246	val_loss: 3.3040 val_accuracy: 0.2667	test_loss: 2.8561 test_accuracy: 0.2881	F1: 0.2210 Prec: 0.2259 Rec: 0.2881
train: {'epoch': 59, 'time_epoch': 1.72389, 'eta': 357.54524, 'eta_hours': 0.09932, 'loss': 0.69993594, 'lr': 0.00086876, 'params': 276757, 'time_iter': 0.00985, 'accuracy': 0.76595, 'f1': 0.76553, 'auc': 0.98658}
val: {'epoch': 59, 'time_epoch': 0.06565, 'loss': 3.37551657, 'lr': 0, 'params': 276757, 'time_iter': 0.00469, 'accuracy': 0.22857, 'f1': 0.18363, 'auc': 0.86855}
test: {'epoch': 59, 'time_epoch': 0.07594, 'loss': 4.7620559, 'lr': 0, 'params': 276757, 'time_iter': 0.00542, 'accuracy': 0.2119, 'f1': 0.13315, 'auc': 0.86858}
> Epoch 59: took 1.9s (avg 2.1s) | Best so far: epoch 44	train_loss: 0.8285 train_accuracy: 0.7246	val_loss: 3.3040 val_accuracy: 0.2667	test_loss: 2.8561 test_accuracy: 0.2881	F1: 0.2210 Prec: 0.2259 Rec: 0.2881
train: {'epoch': 60, 'time_epoch': 1.70491, 'eta': 355.11531, 'eta_hours': 0.09864, 'loss': 0.68491098, 'lr': 0.00086448, 'params': 276757, 'time_iter': 0.00974, 'accuracy': 0.77133, 'f1': 0.77099, 'auc': 0.98731}
val: {'epoch': 60, 'time_epoch': 0.06429, 'loss': 6.56938321, 'lr': 0, 'params': 276757, 'time_iter': 0.00459, 'accuracy': 0.1619, 'f1': 0.08931, 'auc': 0.77427}
test: {'epoch': 60, 'time_epoch': 0.07235, 'loss': 5.60112638, 'lr': 0, 'params': 276757, 'time_iter': 0.00517, 'accuracy': 0.16905, 'f1': 0.08603, 'auc': 0.85168}
> Epoch 60: took 1.9s (avg 2.1s) | Best so far: epoch 44	train_loss: 0.8285 train_accuracy: 0.7246	val_loss: 3.3040 val_accuracy: 0.2667	test_loss: 2.8561 test_accuracy: 0.2881	F1: 0.2210 Prec: 0.2259 Rec: 0.2881
train: {'epoch': 61, 'time_epoch': 1.70526, 'eta': 352.70983, 'eta_hours': 0.09797, 'loss': 0.67361442, 'lr': 0.00086015, 'params': 276757, 'time_iter': 0.00974, 'accuracy': 0.78011, 'f1': 0.77988, 'auc': 0.98749}
val: {'epoch': 61, 'time_epoch': 0.07577, 'loss': 6.05055667, 'lr': 0, 'params': 276757, 'time_iter': 0.00541, 'accuracy': 0.14524, 'f1': 0.09789, 'auc': 0.75636}
test: {'epoch': 61, 'time_epoch': 0.06928, 'loss': 5.29868291, 'lr': 0, 'params': 276757, 'time_iter': 0.00495, 'accuracy': 0.12857, 'f1': 0.07914, 'auc': 0.80876}
> Epoch 61: took 1.9s (avg 2.1s) | Best so far: epoch 44	train_loss: 0.8285 train_accuracy: 0.7246	val_loss: 3.3040 val_accuracy: 0.2667	test_loss: 2.8561 test_accuracy: 0.2881	F1: 0.2210 Prec: 0.2259 Rec: 0.2881
train: {'epoch': 62, 'time_epoch': 1.86885, 'eta': 350.81214, 'eta_hours': 0.09745, 'loss': 0.64281245, 'lr': 0.00085577, 'params': 276757, 'time_iter': 0.01068, 'accuracy': 0.78548, 'f1': 0.78487, 'auc': 0.98843}
val: {'epoch': 62, 'time_epoch': 0.05936, 'loss': 8.54218598, 'lr': 0, 'params': 276757, 'time_iter': 0.00424, 'accuracy': 0.10714, 'f1': 0.0495, 'auc': 0.73864}
test: {'epoch': 62, 'time_epoch': 0.06313, 'loss': 7.93650366, 'lr': 0, 'params': 276757, 'time_iter': 0.00451, 'accuracy': 0.1119, 'f1': 0.04313, 'auc': 0.80846}
> Epoch 62: took 2.1s (avg 2.1s) | Best so far: epoch 44	train_loss: 0.8285 train_accuracy: 0.7246	val_loss: 3.3040 val_accuracy: 0.2667	test_loss: 2.8561 test_accuracy: 0.2881	F1: 0.2210 Prec: 0.2259 Rec: 0.2881
train: {'epoch': 63, 'time_epoch': 1.76146, 'eta': 348.60325, 'eta_hours': 0.09683, 'loss': 0.66533839, 'lr': 0.00085132, 'params': 276757, 'time_iter': 0.01007, 'accuracy': 0.7733, 'f1': 0.77296, 'auc': 0.98808}
val: {'epoch': 63, 'time_epoch': 0.09115, 'loss': 6.79528018, 'lr': 0, 'params': 276757, 'time_iter': 0.00651, 'accuracy': 0.09524, 'f1': 0.03626, 'auc': 0.76007}
test: {'epoch': 63, 'time_epoch': 0.0629, 'loss': 7.41557477, 'lr': 0, 'params': 276757, 'time_iter': 0.00449, 'accuracy': 0.13095, 'f1': 0.04822, 'auc': 0.81724}
> Epoch 63: took 2.0s (avg 2.1s) | Best so far: epoch 44	train_loss: 0.8285 train_accuracy: 0.7246	val_loss: 3.3040 val_accuracy: 0.2667	test_loss: 2.8561 test_accuracy: 0.2881	F1: 0.2210 Prec: 0.2259 Rec: 0.2881
train: {'epoch': 64, 'time_epoch': 1.97769, 'eta': 347.02356, 'eta_hours': 0.0964, 'loss': 0.69094591, 'lr': 0.00084683, 'params': 276757, 'time_iter': 0.0113, 'accuracy': 0.76918, 'f1': 0.76906, 'auc': 0.98712}
val: {'epoch': 64, 'time_epoch': 0.06825, 'loss': 6.05115487, 'lr': 0, 'params': 276757, 'time_iter': 0.00488, 'accuracy': 0.14524, 'f1': 0.09178, 'auc': 0.77863}
test: {'epoch': 64, 'time_epoch': 0.0643, 'loss': 5.20830381, 'lr': 0, 'params': 276757, 'time_iter': 0.00459, 'accuracy': 0.14048, 'f1': 0.0709, 'auc': 0.84477}
> Epoch 64: took 2.2s (avg 2.1s) | Best so far: epoch 44	train_loss: 0.8285 train_accuracy: 0.7246	val_loss: 3.3040 val_accuracy: 0.2667	test_loss: 2.8561 test_accuracy: 0.2881	F1: 0.2210 Prec: 0.2259 Rec: 0.2881
train: {'epoch': 65, 'time_epoch': 1.87417, 'eta': 345.14321, 'eta_hours': 0.09587, 'loss': 0.66913321, 'lr': 0.00084227, 'params': 276757, 'time_iter': 0.01071, 'accuracy': 0.77778, 'f1': 0.77761, 'auc': 0.98788}
val: {'epoch': 65, 'time_epoch': 0.07167, 'loss': 12.1069313, 'lr': 0, 'params': 276757, 'time_iter': 0.00512, 'accuracy': 0.09286, 'f1': 0.0324, 'auc': 0.6653}
test: {'epoch': 65, 'time_epoch': 0.06904, 'loss': 11.90704403, 'lr': 0, 'params': 276757, 'time_iter': 0.00493, 'accuracy': 0.10476, 'f1': 0.02729, 'auc': 0.80074}
> Epoch 65: took 2.1s (avg 2.1s) | Best so far: epoch 44	train_loss: 0.8285 train_accuracy: 0.7246	val_loss: 3.3040 val_accuracy: 0.2667	test_loss: 2.8561 test_accuracy: 0.2881	F1: 0.2210 Prec: 0.2259 Rec: 0.2881
train: {'epoch': 66, 'time_epoch': 1.92551, 'eta': 343.40326, 'eta_hours': 0.09539, 'loss': 0.62452343, 'lr': 0.00083767, 'params': 276757, 'time_iter': 0.011, 'accuracy': 0.79427, 'f1': 0.79391, 'auc': 0.9894}
val: {'epoch': 66, 'time_epoch': 0.087, 'loss': 11.92857782, 'lr': 0, 'params': 276757, 'time_iter': 0.00621, 'accuracy': 0.09286, 'f1': 0.03668, 'auc': 0.67457}
test: {'epoch': 66, 'time_epoch': 0.09665, 'loss': 10.71352119, 'lr': 0, 'params': 276757, 'time_iter': 0.0069, 'accuracy': 0.15, 'f1': 0.05125, 'auc': 0.81947}
> Epoch 66: took 2.2s (avg 2.1s) | Best so far: epoch 44	train_loss: 0.8285 train_accuracy: 0.7246	val_loss: 3.3040 val_accuracy: 0.2667	test_loss: 2.8561 test_accuracy: 0.2881	F1: 0.2210 Prec: 0.2259 Rec: 0.2881
train: {'epoch': 67, 'time_epoch': 2.04267, 'eta': 341.97144, 'eta_hours': 0.09499, 'loss': 0.60960219, 'lr': 0.00083301, 'params': 276757, 'time_iter': 0.01167, 'accuracy': 0.79462, 'f1': 0.79429, 'auc': 0.98998}
val: {'epoch': 67, 'time_epoch': 0.09051, 'loss': 7.29141, 'lr': 0, 'params': 276757, 'time_iter': 0.00647, 'accuracy': 0.14048, 'f1': 0.07072, 'auc': 0.75937}
test: {'epoch': 67, 'time_epoch': 0.119, 'loss': 7.00791167, 'lr': 0, 'params': 276757, 'time_iter': 0.0085, 'accuracy': 0.16429, 'f1': 0.07838, 'auc': 0.88861}
> Epoch 67: took 2.3s (avg 2.1s) | Best so far: epoch 44	train_loss: 0.8285 train_accuracy: 0.7246	val_loss: 3.3040 val_accuracy: 0.2667	test_loss: 2.8561 test_accuracy: 0.2881	F1: 0.2210 Prec: 0.2259 Rec: 0.2881
train: {'epoch': 68, 'time_epoch': 1.95645, 'eta': 340.29575, 'eta_hours': 0.09453, 'loss': 0.61746182, 'lr': 0.00082829, 'params': 276757, 'time_iter': 0.01118, 'accuracy': 0.79319, 'f1': 0.79297, 'auc': 0.98965}
val: {'epoch': 68, 'time_epoch': 0.07357, 'loss': 4.10808995, 'lr': 0, 'params': 276757, 'time_iter': 0.00525, 'accuracy': 0.19762, 'f1': 0.15892, 'auc': 0.83232}
test: {'epoch': 68, 'time_epoch': 0.07535, 'loss': 3.4538196, 'lr': 0, 'params': 276757, 'time_iter': 0.00538, 'accuracy': 0.20714, 'f1': 0.1774, 'auc': 0.86827}
> Epoch 68: took 2.2s (avg 2.1s) | Best so far: epoch 44	train_loss: 0.8285 train_accuracy: 0.7246	val_loss: 3.3040 val_accuracy: 0.2667	test_loss: 2.8561 test_accuracy: 0.2881	F1: 0.2210 Prec: 0.2259 Rec: 0.2881
train: {'epoch': 69, 'time_epoch': 1.99672, 'eta': 338.71559, 'eta_hours': 0.09409, 'loss': 0.61770742, 'lr': 0.00082353, 'params': 276757, 'time_iter': 0.01141, 'accuracy': 0.78495, 'f1': 0.78473, 'auc': 0.98987}
val: {'epoch': 69, 'time_epoch': 0.07115, 'loss': 6.11943207, 'lr': 0, 'params': 276757, 'time_iter': 0.00508, 'accuracy': 0.11429, 'f1': 0.06846, 'auc': 0.77375}
test: {'epoch': 69, 'time_epoch': 0.0699, 'loss': 5.36329158, 'lr': 0, 'params': 276757, 'time_iter': 0.00499, 'accuracy': 0.15952, 'f1': 0.06621, 'auc': 0.85533}
> Epoch 69: took 2.2s (avg 2.1s) | Best so far: epoch 44	train_loss: 0.8285 train_accuracy: 0.7246	val_loss: 3.3040 val_accuracy: 0.2667	test_loss: 2.8561 test_accuracy: 0.2881	F1: 0.2210 Prec: 0.2259 Rec: 0.2881
train: {'epoch': 70, 'time_epoch': 1.71182, 'eta': 336.40541, 'eta_hours': 0.09345, 'loss': 0.63026114, 'lr': 0.00081871, 'params': 276757, 'time_iter': 0.00978, 'accuracy': 0.79695, 'f1': 0.7967, 'auc': 0.98896}
val: {'epoch': 70, 'time_epoch': 0.08985, 'loss': 5.40052994, 'lr': 0, 'params': 276757, 'time_iter': 0.00642, 'accuracy': 0.19286, 'f1': 0.12555, 'auc': 0.7987}
test: {'epoch': 70, 'time_epoch': 0.06609, 'loss': 5.01014564, 'lr': 0, 'params': 276757, 'time_iter': 0.00472, 'accuracy': 0.18333, 'f1': 0.1168, 'auc': 0.85177}
> Epoch 70: took 2.0s (avg 2.1s) | Best so far: epoch 44	train_loss: 0.8285 train_accuracy: 0.7246	val_loss: 3.3040 val_accuracy: 0.2667	test_loss: 2.8561 test_accuracy: 0.2881	F1: 0.2210 Prec: 0.2259 Rec: 0.2881
train: {'epoch': 71, 'time_epoch': 1.9491, 'eta': 334.69846, 'eta_hours': 0.09297, 'loss': 0.64472821, 'lr': 0.00081385, 'params': 276757, 'time_iter': 0.01114, 'accuracy': 0.78333, 'f1': 0.78301, 'auc': 0.98878}
val: {'epoch': 71, 'time_epoch': 0.11849, 'loss': 6.85448261, 'lr': 0, 'params': 276757, 'time_iter': 0.00846, 'accuracy': 0.09762, 'f1': 0.04962, 'auc': 0.76167}
test: {'epoch': 71, 'time_epoch': 0.12065, 'loss': 5.98392078, 'lr': 0, 'params': 276757, 'time_iter': 0.00862, 'accuracy': 0.15238, 'f1': 0.06174, 'auc': 0.83529}
> Epoch 71: took 2.4s (avg 2.1s) | Best so far: epoch 44	train_loss: 0.8285 train_accuracy: 0.7246	val_loss: 3.3040 val_accuracy: 0.2667	test_loss: 2.8561 test_accuracy: 0.2881	F1: 0.2210 Prec: 0.2259 Rec: 0.2881
train: {'epoch': 72, 'time_epoch': 1.95526, 'eta': 332.9998, 'eta_hours': 0.0925, 'loss': 0.6208577, 'lr': 0.00080893, 'params': 276757, 'time_iter': 0.01117, 'accuracy': 0.79086, 'f1': 0.79075, 'auc': 0.98944}
val: {'epoch': 72, 'time_epoch': 0.10051, 'loss': 8.37587332, 'lr': 0, 'params': 276757, 'time_iter': 0.00718, 'accuracy': 0.15714, 'f1': 0.09684, 'auc': 0.69838}
test: {'epoch': 72, 'time_epoch': 0.07064, 'loss': 7.55898375, 'lr': 0, 'params': 276757, 'time_iter': 0.00505, 'accuracy': 0.1381, 'f1': 0.05487, 'auc': 0.82746}
> Epoch 72: took 2.2s (avg 2.1s) | Best so far: epoch 44	train_loss: 0.8285 train_accuracy: 0.7246	val_loss: 3.3040 val_accuracy: 0.2667	test_loss: 2.8561 test_accuracy: 0.2881	F1: 0.2210 Prec: 0.2259 Rec: 0.2881
train: {'epoch': 73, 'time_epoch': 1.71507, 'eta': 330.72297, 'eta_hours': 0.09187, 'loss': 0.62387894, 'lr': 0.00080397, 'params': 276757, 'time_iter': 0.0098, 'accuracy': 0.78728, 'f1': 0.78685, 'auc': 0.98912}
val: {'epoch': 73, 'time_epoch': 0.0632, 'loss': 8.17244906, 'lr': 0, 'params': 276757, 'time_iter': 0.00451, 'accuracy': 0.14048, 'f1': 0.06239, 'auc': 0.75949}
test: {'epoch': 73, 'time_epoch': 0.06636, 'loss': 9.2057457, 'lr': 0, 'params': 276757, 'time_iter': 0.00474, 'accuracy': 0.15238, 'f1': 0.07187, 'auc': 0.84151}
> Epoch 73: took 1.9s (avg 2.1s) | Best so far: epoch 44	train_loss: 0.8285 train_accuracy: 0.7246	val_loss: 3.3040 val_accuracy: 0.2667	test_loss: 2.8561 test_accuracy: 0.2881	F1: 0.2210 Prec: 0.2259 Rec: 0.2881
train: {'epoch': 74, 'time_epoch': 1.85024, 'eta': 328.77649, 'eta_hours': 0.09133, 'loss': 0.60298731, 'lr': 0.00079895, 'params': 276757, 'time_iter': 0.01057, 'accuracy': 0.79892, 'f1': 0.79861, 'auc': 0.98999}
val: {'epoch': 74, 'time_epoch': 0.07127, 'loss': 13.29450194, 'lr': 0, 'params': 276757, 'time_iter': 0.00509, 'accuracy': 0.05, 'f1': 0.00801, 'auc': 0.66176}
test: {'epoch': 74, 'time_epoch': 0.07598, 'loss': 14.51936662, 'lr': 0, 'params': 276757, 'time_iter': 0.00543, 'accuracy': 0.05476, 'f1': 0.01159, 'auc': 0.7306}
> Epoch 74: took 2.1s (avg 2.1s) | Best so far: epoch 44	train_loss: 0.8285 train_accuracy: 0.7246	val_loss: 3.3040 val_accuracy: 0.2667	test_loss: 2.8561 test_accuracy: 0.2881	F1: 0.2210 Prec: 0.2259 Rec: 0.2881
train: {'epoch': 75, 'time_epoch': 1.72211, 'eta': 326.53921, 'eta_hours': 0.09071, 'loss': 0.60637153, 'lr': 0.00079389, 'params': 276757, 'time_iter': 0.00984, 'accuracy': 0.79928, 'f1': 0.799, 'auc': 0.98984}
val: {'epoch': 75, 'time_epoch': 0.07198, 'loss': 9.8691548, 'lr': 0, 'params': 276757, 'time_iter': 0.00514, 'accuracy': 0.09048, 'f1': 0.02218, 'auc': 0.69315}
test: {'epoch': 75, 'time_epoch': 0.0681, 'loss': 10.39223326, 'lr': 0, 'params': 276757, 'time_iter': 0.00486, 'accuracy': 0.12143, 'f1': 0.04047, 'auc': 0.83048}
> Epoch 75: took 1.9s (avg 2.1s) | Best so far: epoch 44	train_loss: 0.8285 train_accuracy: 0.7246	val_loss: 3.3040 val_accuracy: 0.2667	test_loss: 2.8561 test_accuracy: 0.2881	F1: 0.2210 Prec: 0.2259 Rec: 0.2881
train: {'epoch': 76, 'time_epoch': 1.7384, 'eta': 324.35191, 'eta_hours': 0.0901, 'loss': 0.58714104, 'lr': 0.00078879, 'params': 276757, 'time_iter': 0.00993, 'accuracy': 0.80627, 'f1': 0.80602, 'auc': 0.99076}
val: {'epoch': 76, 'time_epoch': 0.06636, 'loss': 9.56576173, 'lr': 0, 'params': 276757, 'time_iter': 0.00474, 'accuracy': 0.08095, 'f1': 0.02999, 'auc': 0.6799}
test: {'epoch': 76, 'time_epoch': 0.06918, 'loss': 8.79855465, 'lr': 0, 'params': 276757, 'time_iter': 0.00494, 'accuracy': 0.10714, 'f1': 0.03901, 'auc': 0.79001}
> Epoch 76: took 2.0s (avg 2.1s) | Best so far: epoch 44	train_loss: 0.8285 train_accuracy: 0.7246	val_loss: 3.3040 val_accuracy: 0.2667	test_loss: 2.8561 test_accuracy: 0.2881	F1: 0.2210 Prec: 0.2259 Rec: 0.2881
train: {'epoch': 77, 'time_epoch': 1.75551, 'eta': 322.21385, 'eta_hours': 0.0895, 'loss': 0.58677175, 'lr': 0.00078363, 'params': 276757, 'time_iter': 0.01003, 'accuracy': 0.80627, 'f1': 0.80617, 'auc': 0.99064}
val: {'epoch': 77, 'time_epoch': 0.06254, 'loss': 6.60228686, 'lr': 0, 'params': 276757, 'time_iter': 0.00447, 'accuracy': 0.15, 'f1': 0.10353, 'auc': 0.78588}
test: {'epoch': 77, 'time_epoch': 0.08854, 'loss': 6.31126075, 'lr': 0, 'params': 276757, 'time_iter': 0.00632, 'accuracy': 0.14524, 'f1': 0.05977, 'auc': 0.82735}
> Epoch 77: took 2.0s (avg 2.1s) | Best so far: epoch 44	train_loss: 0.8285 train_accuracy: 0.7246	val_loss: 3.3040 val_accuracy: 0.2667	test_loss: 2.8561 test_accuracy: 0.2881	F1: 0.2210 Prec: 0.2259 Rec: 0.2881
train: {'epoch': 78, 'time_epoch': 1.75894, 'eta': 320.09289, 'eta_hours': 0.08891, 'loss': 0.58631362, 'lr': 0.00077844, 'params': 276757, 'time_iter': 0.01005, 'accuracy': 0.79892, 'f1': 0.79875, 'auc': 0.99048}
val: {'epoch': 78, 'time_epoch': 0.10011, 'loss': 15.83348759, 'lr': 0, 'params': 276757, 'time_iter': 0.00715, 'accuracy': 0.10476, 'f1': 0.04411, 'auc': 0.65756}
test: {'epoch': 78, 'time_epoch': 0.08494, 'loss': 15.57949293, 'lr': 0, 'params': 276757, 'time_iter': 0.00607, 'accuracy': 0.12857, 'f1': 0.04368, 'auc': 0.80919}
> Epoch 78: took 2.0s (avg 2.1s) | Best so far: epoch 44	train_loss: 0.8285 train_accuracy: 0.7246	val_loss: 3.3040 val_accuracy: 0.2667	test_loss: 2.8561 test_accuracy: 0.2881	F1: 0.2210 Prec: 0.2259 Rec: 0.2881
train: {'epoch': 79, 'time_epoch': 1.75835, 'eta': 317.97973, 'eta_hours': 0.08833, 'loss': 0.58534164, 'lr': 0.0007732, 'params': 276757, 'time_iter': 0.01005, 'accuracy': 0.81075, 'f1': 0.8106, 'auc': 0.99047}
val: {'epoch': 79, 'time_epoch': 0.06936, 'loss': 6.50799922, 'lr': 0, 'params': 276757, 'time_iter': 0.00495, 'accuracy': 0.15, 'f1': 0.09962, 'auc': 0.78568}
test: {'epoch': 79, 'time_epoch': 0.07492, 'loss': 6.40117197, 'lr': 0, 'params': 276757, 'time_iter': 0.00535, 'accuracy': 0.17143, 'f1': 0.08668, 'auc': 0.84089}
> Epoch 79: took 2.0s (avg 2.1s) | Best so far: epoch 44	train_loss: 0.8285 train_accuracy: 0.7246	val_loss: 3.3040 val_accuracy: 0.2667	test_loss: 2.8561 test_accuracy: 0.2881	F1: 0.2210 Prec: 0.2259 Rec: 0.2881
train: {'epoch': 80, 'time_epoch': 1.80941, 'eta': 315.98186, 'eta_hours': 0.08777, 'loss': 0.55160526, 'lr': 0.00076791, 'params': 276757, 'time_iter': 0.01034, 'accuracy': 0.81344, 'f1': 0.81324, 'auc': 0.99154}
val: {'epoch': 80, 'time_epoch': 0.07097, 'loss': 3.63238071, 'lr': 0, 'params': 276757, 'time_iter': 0.00507, 'accuracy': 0.22143, 'f1': 0.16215, 'auc': 0.85233}
test: {'epoch': 80, 'time_epoch': 0.07679, 'loss': 2.87999917, 'lr': 0, 'params': 276757, 'time_iter': 0.00549, 'accuracy': 0.29524, 'f1': 0.26781, 'auc': 0.89919}
> Epoch 80: took 2.0s (avg 2.1s) | Best so far: epoch 44	train_loss: 0.8285 train_accuracy: 0.7246	val_loss: 3.3040 val_accuracy: 0.2667	test_loss: 2.8561 test_accuracy: 0.2881	F1: 0.2210 Prec: 0.2259 Rec: 0.2881
train: {'epoch': 81, 'time_epoch': 1.66606, 'eta': 313.6949, 'eta_hours': 0.08714, 'loss': 0.60774581, 'lr': 0.00076259, 'params': 276757, 'time_iter': 0.00952, 'accuracy': 0.79677, 'f1': 0.79624, 'auc': 0.98978}
val: {'epoch': 81, 'time_epoch': 0.07311, 'loss': 5.63604297, 'lr': 0, 'params': 276757, 'time_iter': 0.00522, 'accuracy': 0.14048, 'f1': 0.09359, 'auc': 0.79226}
test: {'epoch': 81, 'time_epoch': 0.06848, 'loss': 4.9018831, 'lr': 0, 'params': 276757, 'time_iter': 0.00489, 'accuracy': 0.21905, 'f1': 0.16025, 'auc': 0.83503}
> Epoch 81: took 1.9s (avg 2.1s) | Best so far: epoch 44	train_loss: 0.8285 train_accuracy: 0.7246	val_loss: 3.3040 val_accuracy: 0.2667	test_loss: 2.8561 test_accuracy: 0.2881	F1: 0.2210 Prec: 0.2259 Rec: 0.2881
train: {'epoch': 82, 'time_epoch': 1.893, 'eta': 311.87953, 'eta_hours': 0.08663, 'loss': 0.55024593, 'lr': 0.00075722, 'params': 276757, 'time_iter': 0.01082, 'accuracy': 0.81559, 'f1': 0.81551, 'auc': 0.99187}
val: {'epoch': 82, 'time_epoch': 0.06654, 'loss': 7.14997913, 'lr': 0, 'params': 276757, 'time_iter': 0.00475, 'accuracy': 0.14524, 'f1': 0.05518, 'auc': 0.78388}
test: {'epoch': 82, 'time_epoch': 0.08506, 'loss': 7.50221795, 'lr': 0, 'params': 276757, 'time_iter': 0.00608, 'accuracy': 0.15476, 'f1': 0.0576, 'auc': 0.84574}
> Epoch 82: took 2.1s (avg 2.1s) | Best so far: epoch 44	train_loss: 0.8285 train_accuracy: 0.7246	val_loss: 3.3040 val_accuracy: 0.2667	test_loss: 2.8561 test_accuracy: 0.2881	F1: 0.2210 Prec: 0.2259 Rec: 0.2881
train: {'epoch': 83, 'time_epoch': 1.88537, 'eta': 310.04723, 'eta_hours': 0.08612, 'loss': 0.52978413, 'lr': 0.00075181, 'params': 276757, 'time_iter': 0.01077, 'accuracy': 0.82007, 'f1': 0.81993, 'auc': 0.99237}
val: {'epoch': 83, 'time_epoch': 0.07743, 'loss': 10.70590318, 'lr': 0, 'params': 276757, 'time_iter': 0.00553, 'accuracy': 0.11905, 'f1': 0.04914, 'auc': 0.72835}
test: {'epoch': 83, 'time_epoch': 0.10147, 'loss': 11.70972614, 'lr': 0, 'params': 276757, 'time_iter': 0.00725, 'accuracy': 0.12857, 'f1': 0.03939, 'auc': 0.78875}
> Epoch 83: took 2.1s (avg 2.1s) | Best so far: epoch 44	train_loss: 0.8285 train_accuracy: 0.7246	val_loss: 3.3040 val_accuracy: 0.2667	test_loss: 2.8561 test_accuracy: 0.2881	F1: 0.2210 Prec: 0.2259 Rec: 0.2881
train: {'epoch': 84, 'time_epoch': 1.95091, 'eta': 308.3409, 'eta_hours': 0.08565, 'loss': 0.59156619, 'lr': 0.00074636, 'params': 276757, 'time_iter': 0.01115, 'accuracy': 0.79695, 'f1': 0.79671, 'auc': 0.9904}
val: {'epoch': 84, 'time_epoch': 0.10302, 'loss': 11.09296215, 'lr': 0, 'params': 276757, 'time_iter': 0.00736, 'accuracy': 0.0881, 'f1': 0.04112, 'auc': 0.67244}
test: {'epoch': 84, 'time_epoch': 0.08517, 'loss': 12.35046685, 'lr': 0, 'params': 276757, 'time_iter': 0.00608, 'accuracy': 0.09762, 'f1': 0.04599, 'auc': 0.71717}
> Epoch 84: took 2.2s (avg 2.1s) | Best so far: epoch 44	train_loss: 0.8285 train_accuracy: 0.7246	val_loss: 3.3040 val_accuracy: 0.2667	test_loss: 2.8561 test_accuracy: 0.2881	F1: 0.2210 Prec: 0.2259 Rec: 0.2881
train: {'epoch': 85, 'time_epoch': 1.99313, 'eta': 306.7094, 'eta_hours': 0.0852, 'loss': 0.5758529, 'lr': 0.00074088, 'params': 276757, 'time_iter': 0.01139, 'accuracy': 0.8138, 'f1': 0.81371, 'auc': 0.9907}
val: {'epoch': 85, 'time_epoch': 0.07465, 'loss': 5.60737535, 'lr': 0, 'params': 276757, 'time_iter': 0.00533, 'accuracy': 0.16905, 'f1': 0.1136, 'auc': 0.80765}
test: {'epoch': 85, 'time_epoch': 0.07343, 'loss': 4.93294448, 'lr': 0, 'params': 276757, 'time_iter': 0.00524, 'accuracy': 0.17143, 'f1': 0.09945, 'auc': 0.82867}
> Epoch 85: took 2.2s (avg 2.1s) | Best so far: epoch 44	train_loss: 0.8285 train_accuracy: 0.7246	val_loss: 3.3040 val_accuracy: 0.2667	test_loss: 2.8561 test_accuracy: 0.2881	F1: 0.2210 Prec: 0.2259 Rec: 0.2881
train: {'epoch': 86, 'time_epoch': 1.86041, 'eta': 304.82091, 'eta_hours': 0.08467, 'loss': 0.5349427, 'lr': 0.00073535, 'params': 276757, 'time_iter': 0.01063, 'accuracy': 0.81828, 'f1': 0.81802, 'auc': 0.99193}
val: {'epoch': 86, 'time_epoch': 0.07696, 'loss': 12.40752232, 'lr': 0, 'params': 276757, 'time_iter': 0.0055, 'accuracy': 0.1119, 'f1': 0.042, 'auc': 0.68784}
test: {'epoch': 86, 'time_epoch': 0.09101, 'loss': 12.76975748, 'lr': 0, 'params': 276757, 'time_iter': 0.0065, 'accuracy': 0.1619, 'f1': 0.05874, 'auc': 0.85695}
> Epoch 86: took 2.1s (avg 2.1s) | Best so far: epoch 44	train_loss: 0.8285 train_accuracy: 0.7246	val_loss: 3.3040 val_accuracy: 0.2667	test_loss: 2.8561 test_accuracy: 0.2881	F1: 0.2210 Prec: 0.2259 Rec: 0.2881
train: {'epoch': 87, 'time_epoch': 1.94535, 'eta': 303.08942, 'eta_hours': 0.08419, 'loss': 0.55870975, 'lr': 0.00072979, 'params': 276757, 'time_iter': 0.01112, 'accuracy': 0.81111, 'f1': 0.8108, 'auc': 0.99128}
val: {'epoch': 87, 'time_epoch': 0.09212, 'loss': 5.45805868, 'lr': 0, 'params': 276757, 'time_iter': 0.00658, 'accuracy': 0.15952, 'f1': 0.09559, 'auc': 0.81594}
test: {'epoch': 87, 'time_epoch': 0.09264, 'loss': 5.60284275, 'lr': 0, 'params': 276757, 'time_iter': 0.00662, 'accuracy': 0.1881, 'f1': 0.11907, 'auc': 0.86765}
> Epoch 87: took 2.2s (avg 2.1s) | Best so far: epoch 44	train_loss: 0.8285 train_accuracy: 0.7246	val_loss: 3.3040 val_accuracy: 0.2667	test_loss: 2.8561 test_accuracy: 0.2881	F1: 0.2210 Prec: 0.2259 Rec: 0.2881
train: {'epoch': 88, 'time_epoch': 1.66575, 'eta': 300.84735, 'eta_hours': 0.08357, 'loss': 0.52991102, 'lr': 0.00072419, 'params': 276757, 'time_iter': 0.00952, 'accuracy': 0.82133, 'f1': 0.82116, 'auc': 0.9923}
val: {'epoch': 88, 'time_epoch': 0.07689, 'loss': 5.87128278, 'lr': 0, 'params': 276757, 'time_iter': 0.00549, 'accuracy': 0.14286, 'f1': 0.0884, 'auc': 0.79297}
test: {'epoch': 88, 'time_epoch': 0.06369, 'loss': 5.30667081, 'lr': 0, 'params': 276757, 'time_iter': 0.00455, 'accuracy': 0.17857, 'f1': 0.09776, 'auc': 0.84601}
> Epoch 88: took 1.9s (avg 2.1s) | Best so far: epoch 44	train_loss: 0.8285 train_accuracy: 0.7246	val_loss: 3.3040 val_accuracy: 0.2667	test_loss: 2.8561 test_accuracy: 0.2881	F1: 0.2210 Prec: 0.2259 Rec: 0.2881
train: {'epoch': 89, 'time_epoch': 1.76404, 'eta': 298.79283, 'eta_hours': 0.083, 'loss': 0.51800037, 'lr': 0.00071856, 'params': 276757, 'time_iter': 0.01008, 'accuracy': 0.83118, 'f1': 0.83102, 'auc': 0.9926}
val: {'epoch': 89, 'time_epoch': 0.09128, 'loss': 7.46583787, 'lr': 0, 'params': 276757, 'time_iter': 0.00652, 'accuracy': 0.13333, 'f1': 0.07526, 'auc': 0.76428}
test: {'epoch': 89, 'time_epoch': 0.06791, 'loss': 5.50007121, 'lr': 0, 'params': 276757, 'time_iter': 0.00485, 'accuracy': 0.15238, 'f1': 0.08558, 'auc': 0.83918}
> Epoch 89: took 2.0s (avg 2.1s) | Best so far: epoch 44	train_loss: 0.8285 train_accuracy: 0.7246	val_loss: 3.3040 val_accuracy: 0.2667	test_loss: 2.8561 test_accuracy: 0.2881	F1: 0.2210 Prec: 0.2259 Rec: 0.2881
train: {'epoch': 90, 'time_epoch': 1.99169, 'eta': 297.14244, 'eta_hours': 0.08254, 'loss': 0.52478477, 'lr': 0.00071289, 'params': 276757, 'time_iter': 0.01138, 'accuracy': 0.82348, 'f1': 0.82335, 'auc': 0.99257}
val: {'epoch': 90, 'time_epoch': 0.07239, 'loss': 7.16846234, 'lr': 0, 'params': 276757, 'time_iter': 0.00517, 'accuracy': 0.18333, 'f1': 0.11102, 'auc': 0.78128}
test: {'epoch': 90, 'time_epoch': 0.06805, 'loss': 6.1417258, 'lr': 0, 'params': 276757, 'time_iter': 0.00486, 'accuracy': 0.15476, 'f1': 0.08286, 'auc': 0.85728}
> Epoch 90: took 2.2s (avg 2.1s) | Best so far: epoch 44	train_loss: 0.8285 train_accuracy: 0.7246	val_loss: 3.3040 val_accuracy: 0.2667	test_loss: 2.8561 test_accuracy: 0.2881	F1: 0.2210 Prec: 0.2259 Rec: 0.2881
train: {'epoch': 91, 'time_epoch': 1.75837, 'eta': 295.08394, 'eta_hours': 0.08197, 'loss': 0.51137782, 'lr': 0.00070719, 'params': 276757, 'time_iter': 0.01005, 'accuracy': 0.83029, 'f1': 0.83006, 'auc': 0.99277}
val: {'epoch': 91, 'time_epoch': 0.06659, 'loss': 12.11116553, 'lr': 0, 'params': 276757, 'time_iter': 0.00476, 'accuracy': 0.13095, 'f1': 0.03952, 'auc': 0.69907}
test: {'epoch': 91, 'time_epoch': 0.11165, 'loss': 13.65108176, 'lr': 0, 'params': 276757, 'time_iter': 0.00797, 'accuracy': 0.11667, 'f1': 0.04217, 'auc': 0.84211}
> Epoch 91: took 2.0s (avg 2.1s) | Best so far: epoch 44	train_loss: 0.8285 train_accuracy: 0.7246	val_loss: 3.3040 val_accuracy: 0.2667	test_loss: 2.8561 test_accuracy: 0.2881	F1: 0.2210 Prec: 0.2259 Rec: 0.2881
train: {'epoch': 92, 'time_epoch': 2.09162, 'eta': 293.59447, 'eta_hours': 0.08155, 'loss': 0.50979042, 'lr': 0.00070145, 'params': 276757, 'time_iter': 0.01195, 'accuracy': 0.83208, 'f1': 0.83194, 'auc': 0.99268}
val: {'epoch': 92, 'time_epoch': 0.07978, 'loss': 7.81785572, 'lr': 0, 'params': 276757, 'time_iter': 0.0057, 'accuracy': 0.15, 'f1': 0.10412, 'auc': 0.7621}
test: {'epoch': 92, 'time_epoch': 0.07987, 'loss': 8.08378533, 'lr': 0, 'params': 276757, 'time_iter': 0.00571, 'accuracy': 0.14524, 'f1': 0.05807, 'auc': 0.82444}
> Epoch 92: took 2.3s (avg 2.1s) | Best so far: epoch 44	train_loss: 0.8285 train_accuracy: 0.7246	val_loss: 3.3040 val_accuracy: 0.2667	test_loss: 2.8561 test_accuracy: 0.2881	F1: 0.2210 Prec: 0.2259 Rec: 0.2881
train: {'epoch': 93, 'time_epoch': 1.70826, 'eta': 291.45598, 'eta_hours': 0.08096, 'loss': 0.52149055, 'lr': 0.00069569, 'params': 276757, 'time_iter': 0.00976, 'accuracy': 0.82455, 'f1': 0.82436, 'auc': 0.99257}
val: {'epoch': 93, 'time_epoch': 0.06274, 'loss': 10.82098692, 'lr': 0, 'params': 276757, 'time_iter': 0.00448, 'accuracy': 0.10238, 'f1': 0.03981, 'auc': 0.67185}
test: {'epoch': 93, 'time_epoch': 0.07595, 'loss': 10.91079454, 'lr': 0, 'params': 276757, 'time_iter': 0.00542, 'accuracy': 0.15714, 'f1': 0.06406, 'auc': 0.85611}
> Epoch 93: took 1.9s (avg 2.1s) | Best so far: epoch 44	train_loss: 0.8285 train_accuracy: 0.7246	val_loss: 3.3040 val_accuracy: 0.2667	test_loss: 2.8561 test_accuracy: 0.2881	F1: 0.2210 Prec: 0.2259 Rec: 0.2881
train: {'epoch': 94, 'time_epoch': 1.74382, 'eta': 289.38456, 'eta_hours': 0.08038, 'loss': 0.51448929, 'lr': 0.00068989, 'params': 276757, 'time_iter': 0.00996, 'accuracy': 0.82867, 'f1': 0.82856, 'auc': 0.99267}
val: {'epoch': 94, 'time_epoch': 0.06994, 'loss': 8.33620529, 'lr': 0, 'params': 276757, 'time_iter': 0.005, 'accuracy': 0.10952, 'f1': 0.06617, 'auc': 0.74792}
test: {'epoch': 94, 'time_epoch': 0.06954, 'loss': 7.97938133, 'lr': 0, 'params': 276757, 'time_iter': 0.00497, 'accuracy': 0.11429, 'f1': 0.05037, 'auc': 0.80364}
> Epoch 94: took 2.0s (avg 2.1s) | Best so far: epoch 44	train_loss: 0.8285 train_accuracy: 0.7246	val_loss: 3.3040 val_accuracy: 0.2667	test_loss: 2.8561 test_accuracy: 0.2881	F1: 0.2210 Prec: 0.2259 Rec: 0.2881
train: {'epoch': 95, 'time_epoch': 1.63906, 'eta': 287.15191, 'eta_hours': 0.07976, 'loss': 0.50299629, 'lr': 0.00068406, 'params': 276757, 'time_iter': 0.00937, 'accuracy': 0.83423, 'f1': 0.834, 'auc': 0.99307}
val: {'epoch': 95, 'time_epoch': 0.10019, 'loss': 4.73561721, 'lr': 0, 'params': 276757, 'time_iter': 0.00716, 'accuracy': 0.22619, 'f1': 0.15601, 'auc': 0.82437}
test: {'epoch': 95, 'time_epoch': 0.07399, 'loss': 4.25406641, 'lr': 0, 'params': 276757, 'time_iter': 0.00529, 'accuracy': 0.20714, 'f1': 0.13827, 'auc': 0.84832}
> Epoch 95: took 1.9s (avg 2.1s) | Best so far: epoch 44	train_loss: 0.8285 train_accuracy: 0.7246	val_loss: 3.3040 val_accuracy: 0.2667	test_loss: 2.8561 test_accuracy: 0.2881	F1: 0.2210 Prec: 0.2259 Rec: 0.2881
train: {'epoch': 96, 'time_epoch': 1.76154, 'eta': 285.12469, 'eta_hours': 0.0792, 'loss': 0.50320109, 'lr': 0.00067821, 'params': 276757, 'time_iter': 0.01007, 'accuracy': 0.82957, 'f1': 0.82932, 'auc': 0.99288}
val: {'epoch': 96, 'time_epoch': 0.07619, 'loss': 14.17283883, 'lr': 0, 'params': 276757, 'time_iter': 0.00544, 'accuracy': 0.07857, 'f1': 0.0421, 'auc': 0.66326}
test: {'epoch': 96, 'time_epoch': 0.06219, 'loss': 13.88624826, 'lr': 0, 'params': 276757, 'time_iter': 0.00444, 'accuracy': 0.12143, 'f1': 0.05487, 'auc': 0.75505}
> Epoch 96: took 2.0s (avg 2.1s) | Best so far: epoch 44	train_loss: 0.8285 train_accuracy: 0.7246	val_loss: 3.3040 val_accuracy: 0.2667	test_loss: 2.8561 test_accuracy: 0.2881	F1: 0.2210 Prec: 0.2259 Rec: 0.2881
train: {'epoch': 97, 'time_epoch': 1.76046, 'eta': 283.10122, 'eta_hours': 0.07864, 'loss': 0.50383623, 'lr': 0.00067232, 'params': 276757, 'time_iter': 0.01006, 'accuracy': 0.83244, 'f1': 0.83235, 'auc': 0.99299}
val: {'epoch': 97, 'time_epoch': 0.06053, 'loss': 6.35375248, 'lr': 0, 'params': 276757, 'time_iter': 0.00432, 'accuracy': 0.13571, 'f1': 0.08602, 'auc': 0.76748}
test: {'epoch': 97, 'time_epoch': 0.06572, 'loss': 6.39628803, 'lr': 0, 'params': 276757, 'time_iter': 0.00469, 'accuracy': 0.13095, 'f1': 0.06202, 'auc': 0.86339}
> Epoch 97: took 2.0s (avg 2.1s) | Best so far: epoch 44	train_loss: 0.8285 train_accuracy: 0.7246	val_loss: 3.3040 val_accuracy: 0.2667	test_loss: 2.8561 test_accuracy: 0.2881	F1: 0.2210 Prec: 0.2259 Rec: 0.2881
train: {'epoch': 98, 'time_epoch': 1.67913, 'eta': 280.95902, 'eta_hours': 0.07804, 'loss': 0.52096476, 'lr': 0.00066641, 'params': 276757, 'time_iter': 0.0096, 'accuracy': 0.82796, 'f1': 0.82777, 'auc': 0.99227}
val: {'epoch': 98, 'time_epoch': 0.07299, 'loss': 4.66793166, 'lr': 0, 'params': 276757, 'time_iter': 0.00521, 'accuracy': 0.20952, 'f1': 0.13481, 'auc': 0.82468}
test: {'epoch': 98, 'time_epoch': 0.07831, 'loss': 5.01357359, 'lr': 0, 'params': 276757, 'time_iter': 0.00559, 'accuracy': 0.15, 'f1': 0.09471, 'auc': 0.86871}
> Epoch 98: took 1.9s (avg 2.1s) | Best so far: epoch 44	train_loss: 0.8285 train_accuracy: 0.7246	val_loss: 3.3040 val_accuracy: 0.2667	test_loss: 2.8561 test_accuracy: 0.2881	F1: 0.2210 Prec: 0.2259 Rec: 0.2881
train: {'epoch': 99, 'time_epoch': 1.6758, 'eta': 278.82108, 'eta_hours': 0.07745, 'loss': 0.47442381, 'lr': 0.00066047, 'params': 276757, 'time_iter': 0.00958, 'accuracy': 0.84211, 'f1': 0.84211, 'auc': 0.99375}
val: {'epoch': 99, 'time_epoch': 0.06826, 'loss': 6.90720051, 'lr': 0, 'params': 276757, 'time_iter': 0.00488, 'accuracy': 0.12857, 'f1': 0.06787, 'auc': 0.7454}
test: {'epoch': 99, 'time_epoch': 0.06428, 'loss': 7.63019341, 'lr': 0, 'params': 276757, 'time_iter': 0.00459, 'accuracy': 0.12381, 'f1': 0.04479, 'auc': 0.83283}
> Epoch 99: took 1.9s (avg 2.1s) | Best so far: epoch 44	train_loss: 0.8285 train_accuracy: 0.7246	val_loss: 3.3040 val_accuracy: 0.2667	test_loss: 2.8561 test_accuracy: 0.2881	F1: 0.2210 Prec: 0.2259 Rec: 0.2881
train: {'epoch': 100, 'time_epoch': 1.9669, 'eta': 277.12173, 'eta_hours': 0.07698, 'loss': 0.48045969, 'lr': 0.00065451, 'params': 276757, 'time_iter': 0.01124, 'accuracy': 0.83763, 'f1': 0.83755, 'auc': 0.99369}
val: {'epoch': 100, 'time_epoch': 0.0876, 'loss': 10.32692462, 'lr': 0, 'params': 276757, 'time_iter': 0.00626, 'accuracy': 0.10714, 'f1': 0.03925, 'auc': 0.74834}
test: {'epoch': 100, 'time_epoch': 0.08295, 'loss': 9.30287298, 'lr': 0, 'params': 276757, 'time_iter': 0.00593, 'accuracy': 0.10476, 'f1': 0.07876, 'auc': 0.77066}
> Epoch 100: took 2.2s (avg 2.1s) | Best so far: epoch 44	train_loss: 0.8285 train_accuracy: 0.7246	val_loss: 3.3040 val_accuracy: 0.2667	test_loss: 2.8561 test_accuracy: 0.2881	F1: 0.2210 Prec: 0.2259 Rec: 0.2881
train: {'epoch': 101, 'time_epoch': 1.75459, 'eta': 275.10908, 'eta_hours': 0.07642, 'loss': 0.47186681, 'lr': 0.00064852, 'params': 276757, 'time_iter': 0.01003, 'accuracy': 0.84857, 'f1': 0.84839, 'auc': 0.9936}
val: {'epoch': 101, 'time_epoch': 0.07262, 'loss': 6.14107652, 'lr': 0, 'params': 276757, 'time_iter': 0.00519, 'accuracy': 0.18571, 'f1': 0.12035, 'auc': 0.7944}
test: {'epoch': 101, 'time_epoch': 0.06622, 'loss': 5.55499778, 'lr': 0, 'params': 276757, 'time_iter': 0.00473, 'accuracy': 0.14524, 'f1': 0.08208, 'auc': 0.86629}
> Epoch 101: took 2.0s (avg 2.1s) | Best so far: epoch 44	train_loss: 0.8285 train_accuracy: 0.7246	val_loss: 3.3040 val_accuracy: 0.2667	test_loss: 2.8561 test_accuracy: 0.2881	F1: 0.2210 Prec: 0.2259 Rec: 0.2881
train: {'epoch': 102, 'time_epoch': 1.98113, 'eta': 273.42476, 'eta_hours': 0.07595, 'loss': 0.49813213, 'lr': 0.00064251, 'params': 276757, 'time_iter': 0.01132, 'accuracy': 0.8267, 'f1': 0.82667, 'auc': 0.99329}
val: {'epoch': 102, 'time_epoch': 0.07361, 'loss': 7.25628814, 'lr': 0, 'params': 276757, 'time_iter': 0.00526, 'accuracy': 0.17143, 'f1': 0.08666, 'auc': 0.77377}
test: {'epoch': 102, 'time_epoch': 0.06742, 'loss': 7.53647584, 'lr': 0, 'params': 276757, 'time_iter': 0.00482, 'accuracy': 0.15238, 'f1': 0.06015, 'auc': 0.85532}
> Epoch 102: took 2.2s (avg 2.1s) | Best so far: epoch 44	train_loss: 0.8285 train_accuracy: 0.7246	val_loss: 3.3040 val_accuracy: 0.2667	test_loss: 2.8561 test_accuracy: 0.2881	F1: 0.2210 Prec: 0.2259 Rec: 0.2881
train: {'epoch': 103, 'time_epoch': 1.85718, 'eta': 271.56073, 'eta_hours': 0.07543, 'loss': 0.47200266, 'lr': 0.00063648, 'params': 276757, 'time_iter': 0.01061, 'accuracy': 0.84194, 'f1': 0.84181, 'auc': 0.99397}
val: {'epoch': 103, 'time_epoch': 0.06551, 'loss': 7.5262325, 'lr': 0, 'params': 276757, 'time_iter': 0.00468, 'accuracy': 0.15714, 'f1': 0.08474, 'auc': 0.79026}
test: {'epoch': 103, 'time_epoch': 0.06469, 'loss': 6.54056386, 'lr': 0, 'params': 276757, 'time_iter': 0.00462, 'accuracy': 0.18571, 'f1': 0.09507, 'auc': 0.88655}
> Epoch 103: took 2.1s (avg 2.1s) | Best so far: epoch 44	train_loss: 0.8285 train_accuracy: 0.7246	val_loss: 3.3040 val_accuracy: 0.2667	test_loss: 2.8561 test_accuracy: 0.2881	F1: 0.2210 Prec: 0.2259 Rec: 0.2881
train: {'epoch': 104, 'time_epoch': 1.7277, 'eta': 269.51802, 'eta_hours': 0.07487, 'loss': 0.47129034, 'lr': 0.00063042, 'params': 276757, 'time_iter': 0.00987, 'accuracy': 0.84373, 'f1': 0.84366, 'auc': 0.99385}
val: {'epoch': 104, 'time_epoch': 0.06881, 'loss': 3.40103347, 'lr': 0, 'params': 276757, 'time_iter': 0.00492, 'accuracy': 0.29762, 'f1': 0.24225, 'auc': 0.87107}
test: {'epoch': 104, 'time_epoch': 0.07767, 'loss': 2.78714665, 'lr': 0, 'params': 276757, 'time_iter': 0.00555, 'accuracy': 0.37857, 'f1': 0.33326, 'auc': 0.90179}
[*] Confusion Matrix saved to: results_lopo_none/IM_3m\Conf\confusion_matrix_epoch_104.png
> Epoch 104: took 2.0s (avg 2.1s) | Best so far: epoch 104	train_loss: 0.4713 train_accuracy: 0.8437	val_loss: 3.4010 val_accuracy: 0.2976	test_loss: 2.7871 test_accuracy: 0.3786	F1: 0.3333 Prec: 0.4735 Rec: 0.3786
train: {'epoch': 105, 'time_epoch': 1.87115, 'eta': 267.67613, 'eta_hours': 0.07435, 'loss': 0.46897508, 'lr': 0.00062434, 'params': 276757, 'time_iter': 0.01069, 'accuracy': 0.84498, 'f1': 0.84502, 'auc': 0.99394}
val: {'epoch': 105, 'time_epoch': 0.08524, 'loss': 8.48419357, 'lr': 0, 'params': 276757, 'time_iter': 0.00609, 'accuracy': 0.13571, 'f1': 0.07434, 'auc': 0.76608}
test: {'epoch': 105, 'time_epoch': 0.08144, 'loss': 7.74040967, 'lr': 0, 'params': 276757, 'time_iter': 0.00582, 'accuracy': 0.13571, 'f1': 0.04313, 'auc': 0.84134}
> Epoch 105: took 2.1s (avg 2.1s) | Best so far: epoch 104	train_loss: 0.4713 train_accuracy: 0.8437	val_loss: 3.4010 val_accuracy: 0.2976	test_loss: 2.7871 test_accuracy: 0.3786	F1: 0.3333 Prec: 0.4735 Rec: 0.3786
train: {'epoch': 106, 'time_epoch': 1.56404, 'eta': 265.42325, 'eta_hours': 0.07373, 'loss': 0.46703909, 'lr': 0.00061825, 'params': 276757, 'time_iter': 0.00894, 'accuracy': 0.8457, 'f1': 0.84557, 'auc': 0.99395}
val: {'epoch': 106, 'time_epoch': 0.10465, 'loss': 4.19895306, 'lr': 0, 'params': 276757, 'time_iter': 0.00748, 'accuracy': 0.20476, 'f1': 0.16359, 'auc': 0.84276}
test: {'epoch': 106, 'time_epoch': 0.0745, 'loss': 3.42406131, 'lr': 0, 'params': 276757, 'time_iter': 0.00532, 'accuracy': 0.23571, 'f1': 0.22501, 'auc': 0.85965}
> Epoch 106: took 1.8s (avg 2.1s) | Best so far: epoch 104	train_loss: 0.4713 train_accuracy: 0.8437	val_loss: 3.4010 val_accuracy: 0.2976	test_loss: 2.7871 test_accuracy: 0.3786	F1: 0.3333 Prec: 0.4735 Rec: 0.3786
train: {'epoch': 107, 'time_epoch': 1.92639, 'eta': 263.65956, 'eta_hours': 0.07324, 'loss': 0.45975279, 'lr': 0.00061214, 'params': 276757, 'time_iter': 0.01101, 'accuracy': 0.84498, 'f1': 0.8448, 'auc': 0.9941}
val: {'epoch': 107, 'time_epoch': 0.07397, 'loss': 8.97099872, 'lr': 0, 'params': 276757, 'time_iter': 0.00528, 'accuracy': 0.11429, 'f1': 0.06227, 'auc': 0.7598}
test: {'epoch': 107, 'time_epoch': 0.06542, 'loss': 9.00417212, 'lr': 0, 'params': 276757, 'time_iter': 0.00467, 'accuracy': 0.14286, 'f1': 0.0503, 'auc': 0.83811}
> Epoch 107: took 2.2s (avg 2.1s) | Best so far: epoch 104	train_loss: 0.4713 train_accuracy: 0.8437	val_loss: 3.4010 val_accuracy: 0.2976	test_loss: 2.7871 test_accuracy: 0.3786	F1: 0.3333 Prec: 0.4735 Rec: 0.3786
train: {'epoch': 108, 'time_epoch': 1.72724, 'eta': 261.63526, 'eta_hours': 0.07268, 'loss': 0.45881727, 'lr': 0.000606, 'params': 276757, 'time_iter': 0.00987, 'accuracy': 0.85161, 'f1': 0.85152, 'auc': 0.99401}
val: {'epoch': 108, 'time_epoch': 0.0778, 'loss': 7.00525053, 'lr': 0, 'params': 276757, 'time_iter': 0.00556, 'accuracy': 0.17143, 'f1': 0.1157, 'auc': 0.75803}
test: {'epoch': 108, 'time_epoch': 0.08012, 'loss': 5.99507739, 'lr': 0, 'params': 276757, 'time_iter': 0.00572, 'accuracy': 0.20476, 'f1': 0.13156, 'auc': 0.85523}
> Epoch 108: took 2.0s (avg 2.1s) | Best so far: epoch 104	train_loss: 0.4713 train_accuracy: 0.8437	val_loss: 3.4010 val_accuracy: 0.2976	test_loss: 2.7871 test_accuracy: 0.3786	F1: 0.3333 Prec: 0.4735 Rec: 0.3786
train: {'epoch': 109, 'time_epoch': 1.64878, 'eta': 259.51651, 'eta_hours': 0.07209, 'loss': 0.41273355, 'lr': 0.00059985, 'params': 276757, 'time_iter': 0.00942, 'accuracy': 0.86219, 'f1': 0.86214, 'auc': 0.99544}
val: {'epoch': 109, 'time_epoch': 0.08106, 'loss': 7.74137813, 'lr': 0, 'params': 276757, 'time_iter': 0.00579, 'accuracy': 0.13333, 'f1': 0.06555, 'auc': 0.75727}
test: {'epoch': 109, 'time_epoch': 0.06904, 'loss': 8.50509418, 'lr': 0, 'params': 276757, 'time_iter': 0.00493, 'accuracy': 0.1381, 'f1': 0.04981, 'auc': 0.86358}
> Epoch 109: took 1.9s (avg 2.1s) | Best so far: epoch 104	train_loss: 0.4713 train_accuracy: 0.8437	val_loss: 3.4010 val_accuracy: 0.2976	test_loss: 2.7871 test_accuracy: 0.3786	F1: 0.3333 Prec: 0.4735 Rec: 0.3786
train: {'epoch': 110, 'time_epoch': 1.73054, 'eta': 257.50861, 'eta_hours': 0.07153, 'loss': 0.43204217, 'lr': 0.00059369, 'params': 276757, 'time_iter': 0.00989, 'accuracy': 0.85502, 'f1': 0.85487, 'auc': 0.99486}
val: {'epoch': 110, 'time_epoch': 0.05704, 'loss': 8.56530156, 'lr': 0, 'params': 276757, 'time_iter': 0.00407, 'accuracy': 0.12619, 'f1': 0.06003, 'auc': 0.75801}
test: {'epoch': 110, 'time_epoch': 0.07643, 'loss': 7.54365799, 'lr': 0, 'params': 276757, 'time_iter': 0.00546, 'accuracy': 0.14286, 'f1': 0.04791, 'auc': 0.83313}
> Epoch 110: took 1.9s (avg 2.1s) | Best so far: epoch 104	train_loss: 0.4713 train_accuracy: 0.8437	val_loss: 3.4010 val_accuracy: 0.2976	test_loss: 2.7871 test_accuracy: 0.3786	F1: 0.3333 Prec: 0.4735 Rec: 0.3786
train: {'epoch': 111, 'time_epoch': 1.60632, 'eta': 255.3526, 'eta_hours': 0.07093, 'loss': 0.43110719, 'lr': 0.00058751, 'params': 276757, 'time_iter': 0.00918, 'accuracy': 0.85502, 'f1': 0.85494, 'auc': 0.99498}
val: {'epoch': 111, 'time_epoch': 0.06914, 'loss': 7.12503079, 'lr': 0, 'params': 276757, 'time_iter': 0.00494, 'accuracy': 0.19286, 'f1': 0.11387, 'auc': 0.79156}
test: {'epoch': 111, 'time_epoch': 0.06586, 'loss': 7.2499707, 'lr': 0, 'params': 276757, 'time_iter': 0.0047, 'accuracy': 0.15476, 'f1': 0.06668, 'auc': 0.83472}
> Epoch 111: took 1.8s (avg 2.1s) | Best so far: epoch 104	train_loss: 0.4713 train_accuracy: 0.8437	val_loss: 3.4010 val_accuracy: 0.2976	test_loss: 2.7871 test_accuracy: 0.3786	F1: 0.3333 Prec: 0.4735 Rec: 0.3786
train: {'epoch': 112, 'time_epoch': 1.70467, 'eta': 253.32556, 'eta_hours': 0.07037, 'loss': 0.41554103, 'lr': 0.00058132, 'params': 276757, 'time_iter': 0.00974, 'accuracy': 0.86075, 'f1': 0.86071, 'auc': 0.99528}
val: {'epoch': 112, 'time_epoch': 0.0725, 'loss': 4.96007969, 'lr': 0, 'params': 276757, 'time_iter': 0.00518, 'accuracy': 0.15476, 'f1': 0.12122, 'auc': 0.82646}
test: {'epoch': 112, 'time_epoch': 0.07913, 'loss': 4.68247816, 'lr': 0, 'params': 276757, 'time_iter': 0.00565, 'accuracy': 0.15476, 'f1': 0.0956, 'auc': 0.83849}
> Epoch 112: took 2.0s (avg 2.1s) | Best so far: epoch 104	train_loss: 0.4713 train_accuracy: 0.8437	val_loss: 3.4010 val_accuracy: 0.2976	test_loss: 2.7871 test_accuracy: 0.3786	F1: 0.3333 Prec: 0.4735 Rec: 0.3786
train: {'epoch': 113, 'time_epoch': 1.69307, 'eta': 251.29034, 'eta_hours': 0.0698, 'loss': 0.42046993, 'lr': 0.00057511, 'params': 276757, 'time_iter': 0.00967, 'accuracy': 0.86039, 'f1': 0.86027, 'auc': 0.99506}
val: {'epoch': 113, 'time_epoch': 0.07458, 'loss': 10.24505042, 'lr': 0, 'params': 276757, 'time_iter': 0.00533, 'accuracy': 0.09524, 'f1': 0.04851, 'auc': 0.72414}
test: {'epoch': 113, 'time_epoch': 0.09042, 'loss': 9.75087853, 'lr': 0, 'params': 276757, 'time_iter': 0.00646, 'accuracy': 0.15952, 'f1': 0.07305, 'auc': 0.79173}
> Epoch 113: took 1.9s (avg 2.1s) | Best so far: epoch 104	train_loss: 0.4713 train_accuracy: 0.8437	val_loss: 3.4010 val_accuracy: 0.2976	test_loss: 2.7871 test_accuracy: 0.3786	F1: 0.3333 Prec: 0.4735 Rec: 0.3786
train: {'epoch': 114, 'time_epoch': 1.71073, 'eta': 249.2818, 'eta_hours': 0.06924, 'loss': 0.42844271, 'lr': 0.0005689, 'params': 276757, 'time_iter': 0.00978, 'accuracy': 0.86308, 'f1': 0.86287, 'auc': 0.99489}
val: {'epoch': 114, 'time_epoch': 0.06656, 'loss': 5.65657763, 'lr': 0, 'params': 276757, 'time_iter': 0.00475, 'accuracy': 0.2, 'f1': 0.114, 'auc': 0.82878}
test: {'epoch': 114, 'time_epoch': 0.06234, 'loss': 6.3590545, 'lr': 0, 'params': 276757, 'time_iter': 0.00445, 'accuracy': 0.19762, 'f1': 0.09994, 'auc': 0.88208}
> Epoch 114: took 1.9s (avg 2.1s) | Best so far: epoch 104	train_loss: 0.4713 train_accuracy: 0.8437	val_loss: 3.4010 val_accuracy: 0.2976	test_loss: 2.7871 test_accuracy: 0.3786	F1: 0.3333 Prec: 0.4735 Rec: 0.3786
train: {'epoch': 115, 'time_epoch': 1.6414, 'eta': 247.19831, 'eta_hours': 0.06867, 'loss': 0.42972355, 'lr': 0.00056267, 'params': 276757, 'time_iter': 0.00938, 'accuracy': 0.85412, 'f1': 0.85402, 'auc': 0.99497}
val: {'epoch': 115, 'time_epoch': 0.06162, 'loss': 9.42712658, 'lr': 0, 'params': 276757, 'time_iter': 0.0044, 'accuracy': 0.10952, 'f1': 0.05589, 'auc': 0.75281}
test: {'epoch': 115, 'time_epoch': 0.07819, 'loss': 9.2556204, 'lr': 0, 'params': 276757, 'time_iter': 0.00558, 'accuracy': 0.15, 'f1': 0.05197, 'auc': 0.85319}
> Epoch 115: took 1.9s (avg 2.1s) | Best so far: epoch 104	train_loss: 0.4713 train_accuracy: 0.8437	val_loss: 3.4010 val_accuracy: 0.2976	test_loss: 2.7871 test_accuracy: 0.3786	F1: 0.3333 Prec: 0.4735 Rec: 0.3786
train: {'epoch': 116, 'time_epoch': 1.98736, 'eta': 245.51563, 'eta_hours': 0.0682, 'loss': 0.41404219, 'lr': 0.00055643, 'params': 276757, 'time_iter': 0.01136, 'accuracy': 0.86398, 'f1': 0.8638, 'auc': 0.99504}
val: {'epoch': 116, 'time_epoch': 0.0686, 'loss': 6.18387335, 'lr': 0, 'params': 276757, 'time_iter': 0.0049, 'accuracy': 0.18571, 'f1': 0.11824, 'auc': 0.82052}
test: {'epoch': 116, 'time_epoch': 0.06258, 'loss': 5.3324772, 'lr': 0, 'params': 276757, 'time_iter': 0.00447, 'accuracy': 0.15238, 'f1': 0.0768, 'auc': 0.84574}
> Epoch 116: took 2.2s (avg 2.1s) | Best so far: epoch 104	train_loss: 0.4713 train_accuracy: 0.8437	val_loss: 3.4010 val_accuracy: 0.2976	test_loss: 2.7871 test_accuracy: 0.3786	F1: 0.3333 Prec: 0.4735 Rec: 0.3786
train: {'epoch': 117, 'time_epoch': 1.71013, 'eta': 243.51768, 'eta_hours': 0.06764, 'loss': 0.41020146, 'lr': 0.00055018, 'params': 276757, 'time_iter': 0.00977, 'accuracy': 0.86308, 'f1': 0.86294, 'auc': 0.9954}
val: {'epoch': 117, 'time_epoch': 0.06688, 'loss': 5.24168223, 'lr': 0, 'params': 276757, 'time_iter': 0.00478, 'accuracy': 0.18333, 'f1': 0.14901, 'auc': 0.85503}
test: {'epoch': 117, 'time_epoch': 0.06511, 'loss': 4.37566803, 'lr': 0, 'params': 276757, 'time_iter': 0.00465, 'accuracy': 0.17381, 'f1': 0.1263, 'auc': 0.85494}
> Epoch 117: took 1.9s (avg 2.1s) | Best so far: epoch 104	train_loss: 0.4713 train_accuracy: 0.8437	val_loss: 3.4010 val_accuracy: 0.2976	test_loss: 2.7871 test_accuracy: 0.3786	F1: 0.3333 Prec: 0.4735 Rec: 0.3786
train: {'epoch': 118, 'time_epoch': 1.84952, 'eta': 241.67801, 'eta_hours': 0.06713, 'loss': 0.41394135, 'lr': 0.00054393, 'params': 276757, 'time_iter': 0.01057, 'accuracy': 0.86219, 'f1': 0.86217, 'auc': 0.99525}
val: {'epoch': 118, 'time_epoch': 0.06849, 'loss': 2.60506402, 'lr': 0, 'params': 276757, 'time_iter': 0.00489, 'accuracy': 0.36667, 'f1': 0.32489, 'auc': 0.90451}
test: {'epoch': 118, 'time_epoch': 0.07067, 'loss': 2.38435609, 'lr': 0, 'params': 276757, 'time_iter': 0.00505, 'accuracy': 0.4119, 'f1': 0.39131, 'auc': 0.91552}
[*] Confusion Matrix saved to: results_lopo_none/IM_3m\Conf\confusion_matrix_epoch_118.png
> Epoch 118: took 2.1s (avg 2.1s) | Best so far: epoch 118	train_loss: 0.4139 train_accuracy: 0.8622	val_loss: 2.6051 val_accuracy: 0.3667	test_loss: 2.3844 test_accuracy: 0.4119	F1: 0.3913 Prec: 0.4796 Rec: 0.4119
train: {'epoch': 119, 'time_epoch': 1.80006, 'eta': 239.78459, 'eta_hours': 0.06661, 'loss': 0.39488412, 'lr': 0.00053766, 'params': 276757, 'time_iter': 0.01029, 'accuracy': 0.86523, 'f1': 0.86509, 'auc': 0.99576}
val: {'epoch': 119, 'time_epoch': 0.07619, 'loss': 7.92969093, 'lr': 0, 'params': 276757, 'time_iter': 0.00544, 'accuracy': 0.15476, 'f1': 0.09785, 'auc': 0.77014}
test: {'epoch': 119, 'time_epoch': 0.0845, 'loss': 7.47444856, 'lr': 0, 'params': 276757, 'time_iter': 0.00604, 'accuracy': 0.15476, 'f1': 0.06388, 'auc': 0.83857}
> Epoch 119: took 2.0s (avg 2.1s) | Best so far: epoch 118	train_loss: 0.4139 train_accuracy: 0.8622	val_loss: 2.6051 val_accuracy: 0.3667	test_loss: 2.3844 test_accuracy: 0.4119	F1: 0.3913 Prec: 0.4796 Rec: 0.4119
train: {'epoch': 120, 'time_epoch': 2.1076, 'eta': 238.2206, 'eta_hours': 0.06617, 'loss': 0.4142284, 'lr': 0.0005314, 'params': 276757, 'time_iter': 0.01204, 'accuracy': 0.85681, 'f1': 0.85673, 'auc': 0.99536}
val: {'epoch': 120, 'time_epoch': 0.0633, 'loss': 4.25408568, 'lr': 0, 'params': 276757, 'time_iter': 0.00452, 'accuracy': 0.23571, 'f1': 0.1577, 'auc': 0.84064}
test: {'epoch': 120, 'time_epoch': 0.07008, 'loss': 3.66563996, 'lr': 0, 'params': 276757, 'time_iter': 0.00501, 'accuracy': 0.23095, 'f1': 0.17651, 'auc': 0.892}
> Epoch 120: took 2.3s (avg 2.1s) | Best so far: epoch 118	train_loss: 0.4139 train_accuracy: 0.8622	val_loss: 2.6051 val_accuracy: 0.3667	test_loss: 2.3844 test_accuracy: 0.4119	F1: 0.3913 Prec: 0.4796 Rec: 0.4119
train: {'epoch': 121, 'time_epoch': 1.93891, 'eta': 236.4707, 'eta_hours': 0.06569, 'loss': 0.38088293, 'lr': 0.00052512, 'params': 276757, 'time_iter': 0.01108, 'accuracy': 0.8733, 'f1': 0.87319, 'auc': 0.99596}
val: {'epoch': 121, 'time_epoch': 0.0652, 'loss': 5.84028223, 'lr': 0, 'params': 276757, 'time_iter': 0.00466, 'accuracy': 0.17619, 'f1': 0.11313, 'auc': 0.81576}
test: {'epoch': 121, 'time_epoch': 0.06547, 'loss': 5.73030378, 'lr': 0, 'params': 276757, 'time_iter': 0.00468, 'accuracy': 0.2, 'f1': 0.12742, 'auc': 0.84032}
> Epoch 121: took 2.1s (avg 2.1s) | Best so far: epoch 118	train_loss: 0.4139 train_accuracy: 0.8622	val_loss: 2.6051 val_accuracy: 0.3667	test_loss: 2.3844 test_accuracy: 0.4119	F1: 0.3913 Prec: 0.4796 Rec: 0.4119
train: {'epoch': 122, 'time_epoch': 1.8578, 'eta': 234.63399, 'eta_hours': 0.06518, 'loss': 0.38094889, 'lr': 0.00051885, 'params': 276757, 'time_iter': 0.01062, 'accuracy': 0.87186, 'f1': 0.87163, 'auc': 0.99594}
val: {'epoch': 122, 'time_epoch': 0.0939, 'loss': 6.0963395, 'lr': 0, 'params': 276757, 'time_iter': 0.00671, 'accuracy': 0.1619, 'f1': 0.11762, 'auc': 0.8014}
test: {'epoch': 122, 'time_epoch': 0.06666, 'loss': 5.64372439, 'lr': 0, 'params': 276757, 'time_iter': 0.00476, 'accuracy': 0.19048, 'f1': 0.13157, 'auc': 0.80613}
> Epoch 122: took 2.1s (avg 2.1s) | Best so far: epoch 118	train_loss: 0.4139 train_accuracy: 0.8622	val_loss: 2.6051 val_accuracy: 0.3667	test_loss: 2.3844 test_accuracy: 0.4119	F1: 0.3913 Prec: 0.4796 Rec: 0.4119
train: {'epoch': 123, 'time_epoch': 1.84424, 'eta': 232.78315, 'eta_hours': 0.06466, 'loss': 0.41544425, 'lr': 0.00051257, 'params': 276757, 'time_iter': 0.01054, 'accuracy': 0.85556, 'f1': 0.85533, 'auc': 0.99525}
val: {'epoch': 123, 'time_epoch': 0.06869, 'loss': 6.37101952, 'lr': 0, 'params': 276757, 'time_iter': 0.00491, 'accuracy': 0.19762, 'f1': 0.11939, 'auc': 0.81115}
test: {'epoch': 123, 'time_epoch': 0.06165, 'loss': 5.38461662, 'lr': 0, 'params': 276757, 'time_iter': 0.0044, 'accuracy': 0.20952, 'f1': 0.12707, 'auc': 0.8813}
> Epoch 123: took 2.1s (avg 2.1s) | Best so far: epoch 118	train_loss: 0.4139 train_accuracy: 0.8622	val_loss: 2.6051 val_accuracy: 0.3667	test_loss: 2.3844 test_accuracy: 0.4119	F1: 0.3913 Prec: 0.4796 Rec: 0.4119
train: {'epoch': 124, 'time_epoch': 1.74576, 'eta': 230.83394, 'eta_hours': 0.06412, 'loss': 0.4008847, 'lr': 0.00050628, 'params': 276757, 'time_iter': 0.00998, 'accuracy': 0.86703, 'f1': 0.86706, 'auc': 0.99565}
val: {'epoch': 124, 'time_epoch': 0.07228, 'loss': 5.65235639, 'lr': 0, 'params': 276757, 'time_iter': 0.00516, 'accuracy': 0.20714, 'f1': 0.1395, 'auc': 0.81915}
test: {'epoch': 124, 'time_epoch': 0.06442, 'loss': 5.25917921, 'lr': 0, 'params': 276757, 'time_iter': 0.0046, 'accuracy': 0.17381, 'f1': 0.08902, 'auc': 0.86526}
> Epoch 124: took 1.9s (avg 2.1s) | Best so far: epoch 118	train_loss: 0.4139 train_accuracy: 0.8622	val_loss: 2.6051 val_accuracy: 0.3667	test_loss: 2.3844 test_accuracy: 0.4119	F1: 0.3913 Prec: 0.4796 Rec: 0.4119
train: {'epoch': 125, 'time_epoch': 1.85668, 'eta': 228.99712, 'eta_hours': 0.06361, 'loss': 0.38242543, 'lr': 0.0005, 'params': 276757, 'time_iter': 0.01061, 'accuracy': 0.87742, 'f1': 0.87731, 'auc': 0.99599}
val: {'epoch': 125, 'time_epoch': 0.09462, 'loss': 5.3467289, 'lr': 0, 'params': 276757, 'time_iter': 0.00676, 'accuracy': 0.20714, 'f1': 0.14323, 'auc': 0.81899}
test: {'epoch': 125, 'time_epoch': 0.06916, 'loss': 4.13278166, 'lr': 0, 'params': 276757, 'time_iter': 0.00494, 'accuracy': 0.22381, 'f1': 0.15402, 'auc': 0.88185}
> Epoch 125: took 2.1s (avg 2.1s) | Best so far: epoch 118	train_loss: 0.4139 train_accuracy: 0.8622	val_loss: 2.6051 val_accuracy: 0.3667	test_loss: 2.3844 test_accuracy: 0.4119	F1: 0.3913 Prec: 0.4796 Rec: 0.4119
train: {'epoch': 126, 'time_epoch': 1.79706, 'eta': 227.10225, 'eta_hours': 0.06308, 'loss': 0.37416701, 'lr': 0.00049372, 'params': 276757, 'time_iter': 0.01027, 'accuracy': 0.87527, 'f1': 0.87518, 'auc': 0.9961}
val: {'epoch': 126, 'time_epoch': 0.08072, 'loss': 3.81791783, 'lr': 0, 'params': 276757, 'time_iter': 0.00577, 'accuracy': 0.32857, 'f1': 0.26435, 'auc': 0.86483}
test: {'epoch': 126, 'time_epoch': 0.06543, 'loss': 3.62601896, 'lr': 0, 'params': 276757, 'time_iter': 0.00467, 'accuracy': 0.24048, 'f1': 0.19032, 'auc': 0.88704}
> Epoch 126: took 2.0s (avg 2.1s) | Best so far: epoch 118	train_loss: 0.4139 train_accuracy: 0.8622	val_loss: 2.6051 val_accuracy: 0.3667	test_loss: 2.3844 test_accuracy: 0.4119	F1: 0.3913 Prec: 0.4796 Rec: 0.4119
train: {'epoch': 127, 'time_epoch': 1.73273, 'eta': 225.14758, 'eta_hours': 0.06254, 'loss': 0.38308994, 'lr': 0.00048743, 'params': 276757, 'time_iter': 0.0099, 'accuracy': 0.87581, 'f1': 0.87576, 'auc': 0.99586}
val: {'epoch': 127, 'time_epoch': 0.06774, 'loss': 6.94145922, 'lr': 0, 'params': 276757, 'time_iter': 0.00484, 'accuracy': 0.19286, 'f1': 0.1125, 'auc': 0.78915}
test: {'epoch': 127, 'time_epoch': 0.0689, 'loss': 6.66825728, 'lr': 0, 'params': 276757, 'time_iter': 0.00492, 'accuracy': 0.16429, 'f1': 0.07527, 'auc': 0.85918}
> Epoch 127: took 1.9s (avg 2.1s) | Best so far: epoch 118	train_loss: 0.4139 train_accuracy: 0.8622	val_loss: 2.6051 val_accuracy: 0.3667	test_loss: 2.3844 test_accuracy: 0.4119	F1: 0.3913 Prec: 0.4796 Rec: 0.4119
train: {'epoch': 128, 'time_epoch': 1.7836, 'eta': 223.24407, 'eta_hours': 0.06201, 'loss': 0.3999173, 'lr': 0.00048115, 'params': 276757, 'time_iter': 0.01019, 'accuracy': 0.86846, 'f1': 0.8683, 'auc': 0.99545}
val: {'epoch': 128, 'time_epoch': 0.0768, 'loss': 4.56384637, 'lr': 0, 'params': 276757, 'time_iter': 0.00549, 'accuracy': 0.29048, 'f1': 0.22544, 'auc': 0.85516}
test: {'epoch': 128, 'time_epoch': 0.06326, 'loss': 4.01742686, 'lr': 0, 'params': 276757, 'time_iter': 0.00452, 'accuracy': 0.23095, 'f1': 0.16081, 'auc': 0.87557}
> Epoch 128: took 2.0s (avg 2.1s) | Best so far: epoch 118	train_loss: 0.4139 train_accuracy: 0.8622	val_loss: 2.6051 val_accuracy: 0.3667	test_loss: 2.3844 test_accuracy: 0.4119	F1: 0.3913 Prec: 0.4796 Rec: 0.4119
train: {'epoch': 129, 'time_epoch': 1.76994, 'eta': 221.3298, 'eta_hours': 0.06148, 'loss': 0.39391103, 'lr': 0.00047488, 'params': 276757, 'time_iter': 0.01011, 'accuracy': 0.86918, 'f1': 0.86902, 'auc': 0.9958}
val: {'epoch': 129, 'time_epoch': 0.06241, 'loss': 2.99109744, 'lr': 0, 'params': 276757, 'time_iter': 0.00446, 'accuracy': 0.34762, 'f1': 0.29435, 'auc': 0.87517}
test: {'epoch': 129, 'time_epoch': 0.07007, 'loss': 3.15348659, 'lr': 0, 'params': 276757, 'time_iter': 0.00501, 'accuracy': 0.31429, 'f1': 0.29932, 'auc': 0.88305}
> Epoch 129: took 2.0s (avg 2.1s) | Best so far: epoch 118	train_loss: 0.4139 train_accuracy: 0.8622	val_loss: 2.6051 val_accuracy: 0.3667	test_loss: 2.3844 test_accuracy: 0.4119	F1: 0.3913 Prec: 0.4796 Rec: 0.4119
train: {'epoch': 130, 'time_epoch': 1.79842, 'eta': 219.44361, 'eta_hours': 0.06096, 'loss': 0.37151511, 'lr': 0.0004686, 'params': 276757, 'time_iter': 0.01028, 'accuracy': 0.87599, 'f1': 0.87588, 'auc': 0.99615}
val: {'epoch': 130, 'time_epoch': 0.07692, 'loss': 2.76170536, 'lr': 0, 'params': 276757, 'time_iter': 0.00549, 'accuracy': 0.36429, 'f1': 0.32472, 'auc': 0.88538}
test: {'epoch': 130, 'time_epoch': 0.07051, 'loss': 2.2629375, 'lr': 0, 'params': 276757, 'time_iter': 0.00504, 'accuracy': 0.40476, 'f1': 0.36877, 'auc': 0.93414}
> Epoch 130: took 2.0s (avg 2.1s) | Best so far: epoch 118	train_loss: 0.4139 train_accuracy: 0.8622	val_loss: 2.6051 val_accuracy: 0.3667	test_loss: 2.3844 test_accuracy: 0.4119	F1: 0.3913 Prec: 0.4796 Rec: 0.4119
train: {'epoch': 131, 'time_epoch': 2.0922, 'eta': 217.82136, 'eta_hours': 0.06051, 'loss': 0.37879551, 'lr': 0.00046234, 'params': 276757, 'time_iter': 0.01196, 'accuracy': 0.8724, 'f1': 0.87226, 'auc': 0.99597}
val: {'epoch': 131, 'time_epoch': 0.06323, 'loss': 6.03035941, 'lr': 0, 'params': 276757, 'time_iter': 0.00452, 'accuracy': 0.19048, 'f1': 0.11672, 'auc': 0.79937}
test: {'epoch': 131, 'time_epoch': 0.10524, 'loss': 5.84653747, 'lr': 0, 'params': 276757, 'time_iter': 0.00752, 'accuracy': 0.19286, 'f1': 0.11287, 'auc': 0.85304}
> Epoch 131: took 2.4s (avg 2.1s) | Best so far: epoch 118	train_loss: 0.4139 train_accuracy: 0.8622	val_loss: 2.6051 val_accuracy: 0.3667	test_loss: 2.3844 test_accuracy: 0.4119	F1: 0.3913 Prec: 0.4796 Rec: 0.4119
train: {'epoch': 132, 'time_epoch': 1.75755, 'eta': 215.89766, 'eta_hours': 0.05997, 'loss': 0.36902767, 'lr': 0.00045607, 'params': 276757, 'time_iter': 0.01004, 'accuracy': 0.87903, 'f1': 0.87908, 'auc': 0.99623}
val: {'epoch': 132, 'time_epoch': 0.06518, 'loss': 10.01922886, 'lr': 0, 'params': 276757, 'time_iter': 0.00466, 'accuracy': 0.09524, 'f1': 0.03363, 'auc': 0.74646}
test: {'epoch': 132, 'time_epoch': 0.06844, 'loss': 9.30397828, 'lr': 0, 'params': 276757, 'time_iter': 0.00489, 'accuracy': 0.13571, 'f1': 0.04534, 'auc': 0.82443}
> Epoch 132: took 2.0s (avg 2.1s) | Best so far: epoch 118	train_loss: 0.4139 train_accuracy: 0.8622	val_loss: 2.6051 val_accuracy: 0.3667	test_loss: 2.3844 test_accuracy: 0.4119	F1: 0.3913 Prec: 0.4796 Rec: 0.4119
train: {'epoch': 133, 'time_epoch': 1.80997, 'eta': 214.02181, 'eta_hours': 0.05945, 'loss': 0.35124353, 'lr': 0.00044982, 'params': 276757, 'time_iter': 0.01034, 'accuracy': 0.88477, 'f1': 0.88471, 'auc': 0.99654}
val: {'epoch': 133, 'time_epoch': 0.06891, 'loss': 7.93965884, 'lr': 0, 'params': 276757, 'time_iter': 0.00492, 'accuracy': 0.15238, 'f1': 0.07641, 'auc': 0.79114}
test: {'epoch': 133, 'time_epoch': 0.07366, 'loss': 9.016552, 'lr': 0, 'params': 276757, 'time_iter': 0.00526, 'accuracy': 0.15714, 'f1': 0.06528, 'auc': 0.82803}
> Epoch 133: took 2.0s (avg 2.1s) | Best so far: epoch 118	train_loss: 0.4139 train_accuracy: 0.8622	val_loss: 2.6051 val_accuracy: 0.3667	test_loss: 2.3844 test_accuracy: 0.4119	F1: 0.3913 Prec: 0.4796 Rec: 0.4119
train: {'epoch': 134, 'time_epoch': 1.95243, 'eta': 212.2683, 'eta_hours': 0.05896, 'loss': 0.3861566, 'lr': 0.00044357, 'params': 276757, 'time_iter': 0.01116, 'accuracy': 0.87527, 'f1': 0.87524, 'auc': 0.9957}
val: {'epoch': 134, 'time_epoch': 0.0732, 'loss': 3.93923076, 'lr': 0, 'params': 276757, 'time_iter': 0.00523, 'accuracy': 0.25952, 'f1': 0.21186, 'auc': 0.8654}
test: {'epoch': 134, 'time_epoch': 0.11374, 'loss': 3.97934208, 'lr': 0, 'params': 276757, 'time_iter': 0.00812, 'accuracy': 0.26429, 'f1': 0.21136, 'auc': 0.87836}
> Epoch 134: took 2.2s (avg 2.1s) | Best so far: epoch 118	train_loss: 0.4139 train_accuracy: 0.8622	val_loss: 2.6051 val_accuracy: 0.3667	test_loss: 2.3844 test_accuracy: 0.4119	F1: 0.3913 Prec: 0.4796 Rec: 0.4119
train: {'epoch': 135, 'time_epoch': 1.75869, 'eta': 210.34946, 'eta_hours': 0.05843, 'loss': 0.38317186, 'lr': 0.00043733, 'params': 276757, 'time_iter': 0.01005, 'accuracy': 0.87079, 'f1': 0.87076, 'auc': 0.99589}
val: {'epoch': 135, 'time_epoch': 0.08057, 'loss': 4.03594183, 'lr': 0, 'params': 276757, 'time_iter': 0.00575, 'accuracy': 0.26905, 'f1': 0.2183, 'auc': 0.86879}
test: {'epoch': 135, 'time_epoch': 0.07861, 'loss': 3.21286039, 'lr': 0, 'params': 276757, 'time_iter': 0.00562, 'accuracy': 0.29286, 'f1': 0.26991, 'auc': 0.88368}
> Epoch 135: took 2.0s (avg 2.1s) | Best so far: epoch 118	train_loss: 0.4139 train_accuracy: 0.8622	val_loss: 2.6051 val_accuracy: 0.3667	test_loss: 2.3844 test_accuracy: 0.4119	F1: 0.3913 Prec: 0.4796 Rec: 0.4119
train: {'epoch': 136, 'time_epoch': 1.95685, 'eta': 208.5964, 'eta_hours': 0.05794, 'loss': 0.36164576, 'lr': 0.0004311, 'params': 276757, 'time_iter': 0.01118, 'accuracy': 0.88262, 'f1': 0.88257, 'auc': 0.99633}
val: {'epoch': 136, 'time_epoch': 0.09303, 'loss': 4.27164274, 'lr': 0, 'params': 276757, 'time_iter': 0.00664, 'accuracy': 0.22381, 'f1': 0.16987, 'auc': 0.8712}
test: {'epoch': 136, 'time_epoch': 0.0887, 'loss': 4.2784319, 'lr': 0, 'params': 276757, 'time_iter': 0.00634, 'accuracy': 0.27619, 'f1': 0.21408, 'auc': 0.87057}
> Epoch 136: took 2.2s (avg 2.1s) | Best so far: epoch 118	train_loss: 0.4139 train_accuracy: 0.8622	val_loss: 2.6051 val_accuracy: 0.3667	test_loss: 2.3844 test_accuracy: 0.4119	F1: 0.3913 Prec: 0.4796 Rec: 0.4119
train: {'epoch': 137, 'time_epoch': 1.99883, 'eta': 206.87446, 'eta_hours': 0.05747, 'loss': 0.36215738, 'lr': 0.00042489, 'params': 276757, 'time_iter': 0.01142, 'accuracy': 0.88226, 'f1': 0.88222, 'auc': 0.99629}
val: {'epoch': 137, 'time_epoch': 0.0664, 'loss': 6.27406762, 'lr': 0, 'params': 276757, 'time_iter': 0.00474, 'accuracy': 0.18095, 'f1': 0.1161, 'auc': 0.79168}
test: {'epoch': 137, 'time_epoch': 0.06766, 'loss': 5.27988061, 'lr': 0, 'params': 276757, 'time_iter': 0.00483, 'accuracy': 0.17857, 'f1': 0.10849, 'auc': 0.86647}
> Epoch 137: took 2.2s (avg 2.1s) | Best so far: epoch 118	train_loss: 0.4139 train_accuracy: 0.8622	val_loss: 2.6051 val_accuracy: 0.3667	test_loss: 2.3844 test_accuracy: 0.4119	F1: 0.3913 Prec: 0.4796 Rec: 0.4119
train: {'epoch': 138, 'time_epoch': 2.15238, 'eta': 205.27116, 'eta_hours': 0.05702, 'loss': 0.36088517, 'lr': 0.00041868, 'params': 276757, 'time_iter': 0.0123, 'accuracy': 0.88262, 'f1': 0.88249, 'auc': 0.99633}
val: {'epoch': 138, 'time_epoch': 0.07086, 'loss': 6.13814272, 'lr': 0, 'params': 276757, 'time_iter': 0.00506, 'accuracy': 0.22619, 'f1': 0.18235, 'auc': 0.81359}
test: {'epoch': 138, 'time_epoch': 0.09029, 'loss': 5.68777845, 'lr': 0, 'params': 276757, 'time_iter': 0.00645, 'accuracy': 0.15714, 'f1': 0.09777, 'auc': 0.83631}
> Epoch 138: took 2.4s (avg 2.1s) | Best so far: epoch 118	train_loss: 0.4139 train_accuracy: 0.8622	val_loss: 2.6051 val_accuracy: 0.3667	test_loss: 2.3844 test_accuracy: 0.4119	F1: 0.3913 Prec: 0.4796 Rec: 0.4119
train: {'epoch': 139, 'time_epoch': 1.87367, 'eta': 203.44102, 'eta_hours': 0.05651, 'loss': 0.35550794, 'lr': 0.00041249, 'params': 276757, 'time_iter': 0.01071, 'accuracy': 0.88799, 'f1': 0.88796, 'auc': 0.99644}
val: {'epoch': 139, 'time_epoch': 0.07087, 'loss': 5.13823219, 'lr': 0, 'params': 276757, 'time_iter': 0.00506, 'accuracy': 0.2381, 'f1': 0.186, 'auc': 0.82874}
test: {'epoch': 139, 'time_epoch': 0.07046, 'loss': 4.07776522, 'lr': 0, 'params': 276757, 'time_iter': 0.00503, 'accuracy': 0.2119, 'f1': 0.17469, 'auc': 0.87707}
> Epoch 139: took 2.1s (avg 2.1s) | Best so far: epoch 118	train_loss: 0.4139 train_accuracy: 0.8622	val_loss: 2.6051 val_accuracy: 0.3667	test_loss: 2.3844 test_accuracy: 0.4119	F1: 0.3913 Prec: 0.4796 Rec: 0.4119
train: {'epoch': 140, 'time_epoch': 2.00115, 'eta': 201.70882, 'eta_hours': 0.05603, 'loss': 0.34222399, 'lr': 0.00040631, 'params': 276757, 'time_iter': 0.01144, 'accuracy': 0.8853, 'f1': 0.88526, 'auc': 0.9968}
val: {'epoch': 140, 'time_epoch': 0.07177, 'loss': 3.97097445, 'lr': 0, 'params': 276757, 'time_iter': 0.00513, 'accuracy': 0.29286, 'f1': 0.23479, 'auc': 0.86785}
test: {'epoch': 140, 'time_epoch': 0.06471, 'loss': 3.65441623, 'lr': 0, 'params': 276757, 'time_iter': 0.00462, 'accuracy': 0.30476, 'f1': 0.2519, 'auc': 0.8739}
> Epoch 140: took 2.2s (avg 2.1s) | Best so far: epoch 118	train_loss: 0.4139 train_accuracy: 0.8622	val_loss: 2.6051 val_accuracy: 0.3667	test_loss: 2.3844 test_accuracy: 0.4119	F1: 0.3913 Prec: 0.4796 Rec: 0.4119
train: {'epoch': 141, 'time_epoch': 1.96801, 'eta': 199.94762, 'eta_hours': 0.05554, 'loss': 0.3479437, 'lr': 0.00040015, 'params': 276757, 'time_iter': 0.01125, 'accuracy': 0.88674, 'f1': 0.8866, 'auc': 0.99659}
val: {'epoch': 141, 'time_epoch': 0.0738, 'loss': 5.13142117, 'lr': 0, 'params': 276757, 'time_iter': 0.00527, 'accuracy': 0.24286, 'f1': 0.19374, 'auc': 0.85299}
test: {'epoch': 141, 'time_epoch': 0.07462, 'loss': 4.1292182, 'lr': 0, 'params': 276757, 'time_iter': 0.00533, 'accuracy': 0.23095, 'f1': 0.19582, 'auc': 0.86881}
> Epoch 141: took 2.2s (avg 2.1s) | Best so far: epoch 118	train_loss: 0.4139 train_accuracy: 0.8622	val_loss: 2.6051 val_accuracy: 0.3667	test_loss: 2.3844 test_accuracy: 0.4119	F1: 0.3913 Prec: 0.4796 Rec: 0.4119
train: {'epoch': 142, 'time_epoch': 1.76925, 'eta': 198.03481, 'eta_hours': 0.05501, 'loss': 0.35364025, 'lr': 0.000394, 'params': 276757, 'time_iter': 0.01011, 'accuracy': 0.88029, 'f1': 0.88025, 'auc': 0.99641}
val: {'epoch': 142, 'time_epoch': 0.10754, 'loss': 5.08873702, 'lr': 0, 'params': 276757, 'time_iter': 0.00768, 'accuracy': 0.22619, 'f1': 0.17798, 'auc': 0.82579}
test: {'epoch': 142, 'time_epoch': 0.09626, 'loss': 4.44956094, 'lr': 0, 'params': 276757, 'time_iter': 0.00688, 'accuracy': 0.22381, 'f1': 0.1643, 'auc': 0.87074}
> Epoch 142: took 2.1s (avg 2.1s) | Best so far: epoch 118	train_loss: 0.4139 train_accuracy: 0.8622	val_loss: 2.6051 val_accuracy: 0.3667	test_loss: 2.3844 test_accuracy: 0.4119	F1: 0.3913 Prec: 0.4796 Rec: 0.4119
train: {'epoch': 143, 'time_epoch': 1.90042, 'eta': 196.22055, 'eta_hours': 0.05451, 'loss': 0.33461608, 'lr': 0.00038786, 'params': 276757, 'time_iter': 0.01086, 'accuracy': 0.88871, 'f1': 0.88864, 'auc': 0.99685}
val: {'epoch': 143, 'time_epoch': 0.06705, 'loss': 2.59741296, 'lr': 0, 'params': 276757, 'time_iter': 0.00479, 'accuracy': 0.37619, 'f1': 0.32415, 'auc': 0.91364}
test: {'epoch': 143, 'time_epoch': 0.06662, 'loss': 2.5396998, 'lr': 0, 'params': 276757, 'time_iter': 0.00476, 'accuracy': 0.41429, 'f1': 0.37439, 'auc': 0.91957}
[*] Confusion Matrix saved to: results_lopo_none/IM_3m\Conf\confusion_matrix_epoch_143.png
> Epoch 143: took 2.1s (avg 2.1s) | Best so far: epoch 143	train_loss: 0.3346 train_accuracy: 0.8887	val_loss: 2.5974 val_accuracy: 0.3762	test_loss: 2.5397 test_accuracy: 0.4143	F1: 0.3744 Prec: 0.4551 Rec: 0.4143
train: {'epoch': 144, 'time_epoch': 1.74997, 'eta': 194.29615, 'eta_hours': 0.05397, 'loss': 0.34026248, 'lr': 0.00038175, 'params': 276757, 'time_iter': 0.01, 'accuracy': 0.88799, 'f1': 0.88786, 'auc': 0.99671}
val: {'epoch': 144, 'time_epoch': 0.10339, 'loss': 5.09207101, 'lr': 0, 'params': 276757, 'time_iter': 0.00738, 'accuracy': 0.2119, 'f1': 0.1655, 'auc': 0.8405}
test: {'epoch': 144, 'time_epoch': 0.08548, 'loss': 5.28963303, 'lr': 0, 'params': 276757, 'time_iter': 0.00611, 'accuracy': 0.19048, 'f1': 0.10467, 'auc': 0.86073}
> Epoch 144: took 2.0s (avg 2.1s) | Best so far: epoch 143	train_loss: 0.3346 train_accuracy: 0.8887	val_loss: 2.5974 val_accuracy: 0.3762	test_loss: 2.5397 test_accuracy: 0.4143	F1: 0.3744 Prec: 0.4551 Rec: 0.4143
train: {'epoch': 145, 'time_epoch': 1.93492, 'eta': 192.50589, 'eta_hours': 0.05347, 'loss': 0.32961098, 'lr': 0.00037566, 'params': 276757, 'time_iter': 0.01106, 'accuracy': 0.88817, 'f1': 0.88818, 'auc': 0.99707}
val: {'epoch': 145, 'time_epoch': 0.08434, 'loss': 5.14224705, 'lr': 0, 'params': 276757, 'time_iter': 0.00602, 'accuracy': 0.24524, 'f1': 0.18056, 'auc': 0.8293}
test: {'epoch': 145, 'time_epoch': 0.07964, 'loss': 4.04274245, 'lr': 0, 'params': 276757, 'time_iter': 0.00569, 'accuracy': 0.28333, 'f1': 0.19582, 'auc': 0.8958}
> Epoch 145: took 2.2s (avg 2.1s) | Best so far: epoch 143	train_loss: 0.3346 train_accuracy: 0.8887	val_loss: 2.5974 val_accuracy: 0.3762	test_loss: 2.5397 test_accuracy: 0.4143	F1: 0.3744 Prec: 0.4551 Rec: 0.4143
train: {'epoch': 146, 'time_epoch': 2.02484, 'eta': 190.77667, 'eta_hours': 0.05299, 'loss': 0.33027138, 'lr': 0.00036958, 'params': 276757, 'time_iter': 0.01157, 'accuracy': 0.89229, 'f1': 0.89219, 'auc': 0.99685}
val: {'epoch': 146, 'time_epoch': 0.08881, 'loss': 3.91502557, 'lr': 0, 'params': 276757, 'time_iter': 0.00634, 'accuracy': 0.30238, 'f1': 0.22931, 'auc': 0.87621}
test: {'epoch': 146, 'time_epoch': 0.08419, 'loss': 2.801925, 'lr': 0, 'params': 276757, 'time_iter': 0.00601, 'accuracy': 0.32381, 'f1': 0.27623, 'auc': 0.91336}
> Epoch 146: took 2.3s (avg 2.1s) | Best so far: epoch 143	train_loss: 0.3346 train_accuracy: 0.8887	val_loss: 2.5974 val_accuracy: 0.3762	test_loss: 2.5397 test_accuracy: 0.4143	F1: 0.3744 Prec: 0.4551 Rec: 0.4143
train: {'epoch': 147, 'time_epoch': 1.86168, 'eta': 188.931, 'eta_hours': 0.05248, 'loss': 0.33861292, 'lr': 0.00036352, 'params': 276757, 'time_iter': 0.01064, 'accuracy': 0.8871, 'f1': 0.88711, 'auc': 0.99677}
val: {'epoch': 147, 'time_epoch': 0.07133, 'loss': 5.63050066, 'lr': 0, 'params': 276757, 'time_iter': 0.0051, 'accuracy': 0.20714, 'f1': 0.15736, 'auc': 0.83452}
test: {'epoch': 147, 'time_epoch': 0.06633, 'loss': 5.18013856, 'lr': 0, 'params': 276757, 'time_iter': 0.00474, 'accuracy': 0.21667, 'f1': 0.13986, 'auc': 0.88541}
> Epoch 147: took 2.1s (avg 2.1s) | Best so far: epoch 143	train_loss: 0.3346 train_accuracy: 0.8887	val_loss: 2.5974 val_accuracy: 0.3762	test_loss: 2.5397 test_accuracy: 0.4143	F1: 0.3744 Prec: 0.4551 Rec: 0.4143
train: {'epoch': 148, 'time_epoch': 1.85706, 'eta': 187.08199, 'eta_hours': 0.05197, 'loss': 0.31212801, 'lr': 0.00035749, 'params': 276757, 'time_iter': 0.01061, 'accuracy': 0.89659, 'f1': 0.89647, 'auc': 0.99726}
val: {'epoch': 148, 'time_epoch': 0.07605, 'loss': 5.15473206, 'lr': 0, 'params': 276757, 'time_iter': 0.00543, 'accuracy': 0.3, 'f1': 0.24335, 'auc': 0.84066}
test: {'epoch': 148, 'time_epoch': 0.1019, 'loss': 4.72480863, 'lr': 0, 'params': 276757, 'time_iter': 0.00728, 'accuracy': 0.22619, 'f1': 0.15854, 'auc': 0.87643}
> Epoch 148: took 2.1s (avg 2.1s) | Best so far: epoch 143	train_loss: 0.3346 train_accuracy: 0.8887	val_loss: 2.5974 val_accuracy: 0.3762	test_loss: 2.5397 test_accuracy: 0.4143	F1: 0.3744 Prec: 0.4551 Rec: 0.4143
train: {'epoch': 149, 'time_epoch': 1.89561, 'eta': 185.25856, 'eta_hours': 0.05146, 'loss': 0.33008736, 'lr': 0.00035148, 'params': 276757, 'time_iter': 0.01083, 'accuracy': 0.89839, 'f1': 0.89834, 'auc': 0.99684}
val: {'epoch': 149, 'time_epoch': 0.06914, 'loss': 3.10239852, 'lr': 0, 'params': 276757, 'time_iter': 0.00494, 'accuracy': 0.35, 'f1': 0.28887, 'auc': 0.89152}
test: {'epoch': 149, 'time_epoch': 0.06882, 'loss': 2.56016081, 'lr': 0, 'params': 276757, 'time_iter': 0.00492, 'accuracy': 0.3881, 'f1': 0.35127, 'auc': 0.91054}
> Epoch 149: took 2.1s (avg 2.1s) | Best so far: epoch 143	train_loss: 0.3346 train_accuracy: 0.8887	val_loss: 2.5974 val_accuracy: 0.3762	test_loss: 2.5397 test_accuracy: 0.4143	F1: 0.3744 Prec: 0.4551 Rec: 0.4143
train: {'epoch': 150, 'time_epoch': 2.06278, 'eta': 183.54379, 'eta_hours': 0.05098, 'loss': 0.33136102, 'lr': 0.00034549, 'params': 276757, 'time_iter': 0.01179, 'accuracy': 0.89229, 'f1': 0.89235, 'auc': 0.99692}
val: {'epoch': 150, 'time_epoch': 0.08698, 'loss': 3.78059162, 'lr': 0, 'params': 276757, 'time_iter': 0.00621, 'accuracy': 0.31905, 'f1': 0.25257, 'auc': 0.87657}
test: {'epoch': 150, 'time_epoch': 0.08804, 'loss': 2.86341245, 'lr': 0, 'params': 276757, 'time_iter': 0.00629, 'accuracy': 0.33571, 'f1': 0.31141, 'auc': 0.90863}
> Epoch 150: took 2.3s (avg 2.1s) | Best so far: epoch 143	train_loss: 0.3346 train_accuracy: 0.8887	val_loss: 2.5974 val_accuracy: 0.3762	test_loss: 2.5397 test_accuracy: 0.4143	F1: 0.3744 Prec: 0.4551 Rec: 0.4143
train: {'epoch': 151, 'time_epoch': 1.94462, 'eta': 181.74825, 'eta_hours': 0.05049, 'loss': 0.3190421, 'lr': 0.00033953, 'params': 276757, 'time_iter': 0.01111, 'accuracy': 0.89731, 'f1': 0.89718, 'auc': 0.99713}
val: {'epoch': 151, 'time_epoch': 0.07939, 'loss': 2.97253268, 'lr': 0, 'params': 276757, 'time_iter': 0.00567, 'accuracy': 0.38571, 'f1': 0.34689, 'auc': 0.8934}
test: {'epoch': 151, 'time_epoch': 0.07691, 'loss': 2.99104437, 'lr': 0, 'params': 276757, 'time_iter': 0.00549, 'accuracy': 0.30476, 'f1': 0.28311, 'auc': 0.89995}
[*] Confusion Matrix saved to: results_lopo_none/IM_3m\Conf\confusion_matrix_epoch_151.png
> Epoch 151: took 2.2s (avg 2.1s) | Best so far: epoch 151	train_loss: 0.3190 train_accuracy: 0.8973	val_loss: 2.9725 val_accuracy: 0.3857	test_loss: 2.9910 test_accuracy: 0.3048	F1: 0.2831 Prec: 0.3903 Rec: 0.3048
train: {'epoch': 152, 'time_epoch': 1.84576, 'eta': 179.88809, 'eta_hours': 0.04997, 'loss': 0.30920456, 'lr': 0.00033359, 'params': 276757, 'time_iter': 0.01055, 'accuracy': 0.90269, 'f1': 0.90269, 'auc': 0.99736}
val: {'epoch': 152, 'time_epoch': 0.06663, 'loss': 3.74211438, 'lr': 0, 'params': 276757, 'time_iter': 0.00476, 'accuracy': 0.3, 'f1': 0.24485, 'auc': 0.87099}
test: {'epoch': 152, 'time_epoch': 0.06727, 'loss': 3.14832685, 'lr': 0, 'params': 276757, 'time_iter': 0.0048, 'accuracy': 0.31429, 'f1': 0.26565, 'auc': 0.91295}
> Epoch 152: took 2.1s (avg 2.1s) | Best so far: epoch 151	train_loss: 0.3190 train_accuracy: 0.8973	val_loss: 2.9725 val_accuracy: 0.3857	test_loss: 2.9910 test_accuracy: 0.3048	F1: 0.2831 Prec: 0.3903 Rec: 0.3048
train: {'epoch': 153, 'time_epoch': 1.9065, 'eta': 178.06598, 'eta_hours': 0.04946, 'loss': 0.31417468, 'lr': 0.00032768, 'params': 276757, 'time_iter': 0.01089, 'accuracy': 0.90036, 'f1': 0.90035, 'auc': 0.99725}
val: {'epoch': 153, 'time_epoch': 0.07142, 'loss': 4.37125812, 'lr': 0, 'params': 276757, 'time_iter': 0.0051, 'accuracy': 0.29524, 'f1': 0.21458, 'auc': 0.86861}
test: {'epoch': 153, 'time_epoch': 0.07796, 'loss': 3.52761667, 'lr': 0, 'params': 276757, 'time_iter': 0.00557, 'accuracy': 0.31429, 'f1': 0.25033, 'auc': 0.89276}
> Epoch 153: took 2.1s (avg 2.1s) | Best so far: epoch 151	train_loss: 0.3190 train_accuracy: 0.8973	val_loss: 2.9725 val_accuracy: 0.3857	test_loss: 2.9910 test_accuracy: 0.3048	F1: 0.2831 Prec: 0.3903 Rec: 0.3048
train: {'epoch': 154, 'time_epoch': 2.0253, 'eta': 176.31559, 'eta_hours': 0.04898, 'loss': 0.30700791, 'lr': 0.00032179, 'params': 276757, 'time_iter': 0.01157, 'accuracy': 0.89982, 'f1': 0.89972, 'auc': 0.99734}
val: {'epoch': 154, 'time_epoch': 0.06812, 'loss': 4.66698454, 'lr': 0, 'params': 276757, 'time_iter': 0.00487, 'accuracy': 0.28095, 'f1': 0.23163, 'auc': 0.85396}
test: {'epoch': 154, 'time_epoch': 0.06749, 'loss': 4.03620611, 'lr': 0, 'params': 276757, 'time_iter': 0.00482, 'accuracy': 0.25238, 'f1': 0.1801, 'auc': 0.88602}
> Epoch 154: took 2.2s (avg 2.1s) | Best so far: epoch 151	train_loss: 0.3190 train_accuracy: 0.8973	val_loss: 2.9725 val_accuracy: 0.3857	test_loss: 2.9910 test_accuracy: 0.3048	F1: 0.2831 Prec: 0.3903 Rec: 0.3048
train: {'epoch': 155, 'time_epoch': 1.97436, 'eta': 174.53098, 'eta_hours': 0.04848, 'loss': 0.28666002, 'lr': 0.00031594, 'params': 276757, 'time_iter': 0.01128, 'accuracy': 0.90663, 'f1': 0.90656, 'auc': 0.99776}
val: {'epoch': 155, 'time_epoch': 0.079, 'loss': 2.84718816, 'lr': 0, 'params': 276757, 'time_iter': 0.00564, 'accuracy': 0.35714, 'f1': 0.3046, 'auc': 0.9023}
test: {'epoch': 155, 'time_epoch': 0.08265, 'loss': 2.34247229, 'lr': 0, 'params': 276757, 'time_iter': 0.0059, 'accuracy': 0.44286, 'f1': 0.44437, 'auc': 0.92885}
> Epoch 155: took 2.2s (avg 2.1s) | Best so far: epoch 151	train_loss: 0.3190 train_accuracy: 0.8973	val_loss: 2.9725 val_accuracy: 0.3857	test_loss: 2.9910 test_accuracy: 0.3048	F1: 0.2831 Prec: 0.3903 Rec: 0.3048
train: {'epoch': 156, 'time_epoch': 1.82498, 'eta': 172.65547, 'eta_hours': 0.04796, 'loss': 0.30300341, 'lr': 0.00031011, 'params': 276757, 'time_iter': 0.01043, 'accuracy': 0.89982, 'f1': 0.89984, 'auc': 0.99745}
val: {'epoch': 156, 'time_epoch': 0.0681, 'loss': 3.83951433, 'lr': 0, 'params': 276757, 'time_iter': 0.00486, 'accuracy': 0.29762, 'f1': 0.23833, 'auc': 0.86921}
test: {'epoch': 156, 'time_epoch': 0.07756, 'loss': 3.36930158, 'lr': 0, 'params': 276757, 'time_iter': 0.00554, 'accuracy': 0.32857, 'f1': 0.27479, 'auc': 0.90835}
> Epoch 156: took 2.1s (avg 2.1s) | Best so far: epoch 151	train_loss: 0.3190 train_accuracy: 0.8973	val_loss: 2.9725 val_accuracy: 0.3857	test_loss: 2.9910 test_accuracy: 0.3048	F1: 0.2831 Prec: 0.3903 Rec: 0.3048
train: {'epoch': 157, 'time_epoch': 2.15278, 'eta': 170.97148, 'eta_hours': 0.04749, 'loss': 0.30785315, 'lr': 0.00030431, 'params': 276757, 'time_iter': 0.0123, 'accuracy': 0.89767, 'f1': 0.89768, 'auc': 0.99723}
val: {'epoch': 157, 'time_epoch': 0.06679, 'loss': 3.76132612, 'lr': 0, 'params': 276757, 'time_iter': 0.00477, 'accuracy': 0.31905, 'f1': 0.26263, 'auc': 0.87997}
test: {'epoch': 157, 'time_epoch': 0.06727, 'loss': 2.86264283, 'lr': 0, 'params': 276757, 'time_iter': 0.0048, 'accuracy': 0.3619, 'f1': 0.32938, 'auc': 0.91424}
> Epoch 157: took 2.4s (avg 2.1s) | Best so far: epoch 151	train_loss: 0.3190 train_accuracy: 0.8973	val_loss: 2.9725 val_accuracy: 0.3857	test_loss: 2.9910 test_accuracy: 0.3048	F1: 0.2831 Prec: 0.3903 Rec: 0.3048
train: {'epoch': 158, 'time_epoch': 1.87324, 'eta': 169.12159, 'eta_hours': 0.04698, 'loss': 0.30767999, 'lr': 0.00029855, 'params': 276757, 'time_iter': 0.0107, 'accuracy': 0.89642, 'f1': 0.89636, 'auc': 0.99734}
val: {'epoch': 158, 'time_epoch': 0.07034, 'loss': 3.33632697, 'lr': 0, 'params': 276757, 'time_iter': 0.00502, 'accuracy': 0.33095, 'f1': 0.27274, 'auc': 0.8845}
test: {'epoch': 158, 'time_epoch': 0.07564, 'loss': 2.96749927, 'lr': 0, 'params': 276757, 'time_iter': 0.0054, 'accuracy': 0.3619, 'f1': 0.32187, 'auc': 0.90931}
> Epoch 158: took 2.1s (avg 2.1s) | Best so far: epoch 151	train_loss: 0.3190 train_accuracy: 0.8973	val_loss: 2.9725 val_accuracy: 0.3857	test_loss: 2.9910 test_accuracy: 0.3048	F1: 0.2831 Prec: 0.3903 Rec: 0.3048
train: {'epoch': 159, 'time_epoch': 1.86059, 'eta': 167.2643, 'eta_hours': 0.04646, 'loss': 0.29832786, 'lr': 0.00029281, 'params': 276757, 'time_iter': 0.01063, 'accuracy': 0.90161, 'f1': 0.90157, 'auc': 0.99746}
val: {'epoch': 159, 'time_epoch': 0.06624, 'loss': 3.61708285, 'lr': 0, 'params': 276757, 'time_iter': 0.00473, 'accuracy': 0.29048, 'f1': 0.26276, 'auc': 0.87599}
test: {'epoch': 159, 'time_epoch': 0.06706, 'loss': 3.8710691, 'lr': 0, 'params': 276757, 'time_iter': 0.00479, 'accuracy': 0.28571, 'f1': 0.25706, 'auc': 0.87175}
> Epoch 159: took 2.1s (avg 2.1s) | Best so far: epoch 151	train_loss: 0.3190 train_accuracy: 0.8973	val_loss: 2.9725 val_accuracy: 0.3857	test_loss: 2.9910 test_accuracy: 0.3048	F1: 0.2831 Prec: 0.3903 Rec: 0.3048
train: {'epoch': 160, 'time_epoch': 1.85596, 'eta': 165.40441, 'eta_hours': 0.04595, 'loss': 0.31058098, 'lr': 0.00028711, 'params': 276757, 'time_iter': 0.01061, 'accuracy': 0.89247, 'f1': 0.8923, 'auc': 0.99733}
val: {'epoch': 160, 'time_epoch': 0.07588, 'loss': 3.21522411, 'lr': 0, 'params': 276757, 'time_iter': 0.00542, 'accuracy': 0.32143, 'f1': 0.28739, 'auc': 0.89576}
test: {'epoch': 160, 'time_epoch': 0.07187, 'loss': 2.96599451, 'lr': 0, 'params': 276757, 'time_iter': 0.00513, 'accuracy': 0.41667, 'f1': 0.36451, 'auc': 0.91392}
> Epoch 160: took 2.1s (avg 2.1s) | Best so far: epoch 151	train_loss: 0.3190 train_accuracy: 0.8973	val_loss: 2.9725 val_accuracy: 0.3857	test_loss: 2.9910 test_accuracy: 0.3048	F1: 0.2831 Prec: 0.3903 Rec: 0.3048
train: {'epoch': 161, 'time_epoch': 1.7055, 'eta': 163.46283, 'eta_hours': 0.04541, 'loss': 0.29868944, 'lr': 0.00028144, 'params': 276757, 'time_iter': 0.00975, 'accuracy': 0.9, 'f1': 0.89999, 'auc': 0.99755}
val: {'epoch': 161, 'time_epoch': 0.09355, 'loss': 3.50060807, 'lr': 0, 'params': 276757, 'time_iter': 0.00668, 'accuracy': 0.35, 'f1': 0.28016, 'auc': 0.88912}
test: {'epoch': 161, 'time_epoch': 0.08506, 'loss': 3.07008942, 'lr': 0, 'params': 276757, 'time_iter': 0.00608, 'accuracy': 0.33333, 'f1': 0.28842, 'auc': 0.91333}
> Epoch 161: took 2.0s (avg 2.1s) | Best so far: epoch 151	train_loss: 0.3190 train_accuracy: 0.8973	val_loss: 2.9725 val_accuracy: 0.3857	test_loss: 2.9910 test_accuracy: 0.3048	F1: 0.2831 Prec: 0.3903 Rec: 0.3048
train: {'epoch': 162, 'time_epoch': 1.87821, 'eta': 161.61634, 'eta_hours': 0.04489, 'loss': 0.29858528, 'lr': 0.00027581, 'params': 276757, 'time_iter': 0.01073, 'accuracy': 0.90125, 'f1': 0.90118, 'auc': 0.9974}
val: {'epoch': 162, 'time_epoch': 0.07589, 'loss': 3.52138036, 'lr': 0, 'params': 276757, 'time_iter': 0.00542, 'accuracy': 0.2881, 'f1': 0.25138, 'auc': 0.86968}
test: {'epoch': 162, 'time_epoch': 0.06667, 'loss': 3.22531585, 'lr': 0, 'params': 276757, 'time_iter': 0.00476, 'accuracy': 0.31667, 'f1': 0.2788, 'auc': 0.88429}
> Epoch 162: took 2.1s (avg 2.1s) | Best so far: epoch 151	train_loss: 0.3190 train_accuracy: 0.8973	val_loss: 2.9725 val_accuracy: 0.3857	test_loss: 2.9910 test_accuracy: 0.3048	F1: 0.2831 Prec: 0.3903 Rec: 0.3048
train: {'epoch': 163, 'time_epoch': 1.81337, 'eta': 159.73546, 'eta_hours': 0.04437, 'loss': 0.2741341, 'lr': 0.00027021, 'params': 276757, 'time_iter': 0.01036, 'accuracy': 0.9095, 'f1': 0.90938, 'auc': 0.99788}
val: {'epoch': 163, 'time_epoch': 0.08446, 'loss': 3.66979594, 'lr': 0, 'params': 276757, 'time_iter': 0.00603, 'accuracy': 0.31905, 'f1': 0.28127, 'auc': 0.87617}
test: {'epoch': 163, 'time_epoch': 0.10562, 'loss': 3.18119363, 'lr': 0, 'params': 276757, 'time_iter': 0.00754, 'accuracy': 0.3119, 'f1': 0.30058, 'auc': 0.89255}
> Epoch 163: took 2.1s (avg 2.1s) | Best so far: epoch 151	train_loss: 0.3190 train_accuracy: 0.8973	val_loss: 2.9725 val_accuracy: 0.3857	test_loss: 2.9910 test_accuracy: 0.3048	F1: 0.2831 Prec: 0.3903 Rec: 0.3048
train: {'epoch': 164, 'time_epoch': 1.83555, 'eta': 157.86682, 'eta_hours': 0.04385, 'loss': 0.28331815, 'lr': 0.00026465, 'params': 276757, 'time_iter': 0.01049, 'accuracy': 0.9086, 'f1': 0.90857, 'auc': 0.99764}
val: {'epoch': 164, 'time_epoch': 0.07743, 'loss': 2.54523382, 'lr': 0, 'params': 276757, 'time_iter': 0.00553, 'accuracy': 0.38095, 'f1': 0.34161, 'auc': 0.91432}
test: {'epoch': 164, 'time_epoch': 0.07482, 'loss': 2.72014246, 'lr': 0, 'params': 276757, 'time_iter': 0.00534, 'accuracy': 0.44524, 'f1': 0.40752, 'auc': 0.91764}
> Epoch 164: took 2.1s (avg 2.1s) | Best so far: epoch 151	train_loss: 0.3190 train_accuracy: 0.8973	val_loss: 2.9725 val_accuracy: 0.3857	test_loss: 2.9910 test_accuracy: 0.3048	F1: 0.2831 Prec: 0.3903 Rec: 0.3048
train: {'epoch': 165, 'time_epoch': 1.79225, 'eta': 155.97667, 'eta_hours': 0.04333, 'loss': 0.27846687, 'lr': 0.00025912, 'params': 276757, 'time_iter': 0.01024, 'accuracy': 0.90842, 'f1': 0.90839, 'auc': 0.99789}
val: {'epoch': 165, 'time_epoch': 0.08225, 'loss': 3.35346275, 'lr': 0, 'params': 276757, 'time_iter': 0.00588, 'accuracy': 0.35714, 'f1': 0.29941, 'auc': 0.89232}
test: {'epoch': 165, 'time_epoch': 0.08857, 'loss': 3.28492651, 'lr': 0, 'params': 276757, 'time_iter': 0.00633, 'accuracy': 0.35, 'f1': 0.33219, 'auc': 0.89244}
> Epoch 165: took 2.0s (avg 2.1s) | Best so far: epoch 151	train_loss: 0.3190 train_accuracy: 0.8973	val_loss: 2.9725 val_accuracy: 0.3857	test_loss: 2.9910 test_accuracy: 0.3048	F1: 0.2831 Prec: 0.3903 Rec: 0.3048
train: {'epoch': 166, 'time_epoch': 1.74991, 'eta': 154.06664, 'eta_hours': 0.0428, 'loss': 0.28403009, 'lr': 0.00025364, 'params': 276757, 'time_iter': 0.01, 'accuracy': 0.90502, 'f1': 0.90496, 'auc': 0.99782}
val: {'epoch': 166, 'time_epoch': 0.09079, 'loss': 2.62547666, 'lr': 0, 'params': 276757, 'time_iter': 0.00649, 'accuracy': 0.39286, 'f1': 0.35573, 'auc': 0.91636}
test: {'epoch': 166, 'time_epoch': 0.10039, 'loss': 2.52512879, 'lr': 0, 'params': 276757, 'time_iter': 0.00717, 'accuracy': 0.42381, 'f1': 0.4012, 'auc': 0.9202}
[*] Confusion Matrix saved to: results_lopo_none/IM_3m\Conf\confusion_matrix_epoch_166.png
> Epoch 166: took 2.0s (avg 2.1s) | Best so far: epoch 166	train_loss: 0.2840 train_accuracy: 0.9050	val_loss: 2.6255 val_accuracy: 0.3929	test_loss: 2.5251 test_accuracy: 0.4238	F1: 0.4012 Prec: 0.4449 Rec: 0.4238
train: {'epoch': 167, 'time_epoch': 1.71188, 'eta': 152.13996, 'eta_hours': 0.04226, 'loss': 0.27337564, 'lr': 0.00024819, 'params': 276757, 'time_iter': 0.00978, 'accuracy': 0.9129, 'f1': 0.91286, 'auc': 0.99789}
val: {'epoch': 167, 'time_epoch': 0.0747, 'loss': 3.01588777, 'lr': 0, 'params': 276757, 'time_iter': 0.00534, 'accuracy': 0.38333, 'f1': 0.34256, 'auc': 0.90364}
test: {'epoch': 167, 'time_epoch': 0.07191, 'loss': 2.7122449, 'lr': 0, 'params': 276757, 'time_iter': 0.00514, 'accuracy': 0.40476, 'f1': 0.36969, 'auc': 0.92545}
> Epoch 167: took 1.9s (avg 2.1s) | Best so far: epoch 166	train_loss: 0.2840 train_accuracy: 0.9050	val_loss: 2.6255 val_accuracy: 0.3929	test_loss: 2.5251 test_accuracy: 0.4238	F1: 0.4012 Prec: 0.4449 Rec: 0.4238
train: {'epoch': 168, 'time_epoch': 1.90056, 'eta': 150.30626, 'eta_hours': 0.04175, 'loss': 0.26421896, 'lr': 0.00024278, 'params': 276757, 'time_iter': 0.01086, 'accuracy': 0.91541, 'f1': 0.91535, 'auc': 0.99806}
val: {'epoch': 168, 'time_epoch': 0.06557, 'loss': 7.03513413, 'lr': 0, 'params': 276757, 'time_iter': 0.00468, 'accuracy': 0.18571, 'f1': 0.12799, 'auc': 0.81183}
test: {'epoch': 168, 'time_epoch': 0.06245, 'loss': 6.26078425, 'lr': 0, 'params': 276757, 'time_iter': 0.00446, 'accuracy': 0.2381, 'f1': 0.13187, 'auc': 0.87841}
> Epoch 168: took 2.1s (avg 2.1s) | Best so far: epoch 166	train_loss: 0.2840 train_accuracy: 0.9050	val_loss: 2.6255 val_accuracy: 0.3929	test_loss: 2.5251 test_accuracy: 0.4238	F1: 0.4012 Prec: 0.4449 Rec: 0.4238
train: {'epoch': 169, 'time_epoch': 1.79527, 'eta': 148.42222, 'eta_hours': 0.04123, 'loss': 0.26291854, 'lr': 0.00023741, 'params': 276757, 'time_iter': 0.01026, 'accuracy': 0.91237, 'f1': 0.91223, 'auc': 0.99812}
val: {'epoch': 169, 'time_epoch': 0.07276, 'loss': 2.96931561, 'lr': 0, 'params': 276757, 'time_iter': 0.0052, 'accuracy': 0.36429, 'f1': 0.32414, 'auc': 0.91007}
test: {'epoch': 169, 'time_epoch': 0.06962, 'loss': 2.33369836, 'lr': 0, 'params': 276757, 'time_iter': 0.00497, 'accuracy': 0.43571, 'f1': 0.4146, 'auc': 0.92795}
> Epoch 169: took 2.0s (avg 2.1s) | Best so far: epoch 166	train_loss: 0.2840 train_accuracy: 0.9050	val_loss: 2.6255 val_accuracy: 0.3929	test_loss: 2.5251 test_accuracy: 0.4238	F1: 0.4012 Prec: 0.4449 Rec: 0.4238
train: {'epoch': 170, 'time_epoch': 1.89031, 'eta': 146.58313, 'eta_hours': 0.04072, 'loss': 0.2675554, 'lr': 0.00023209, 'params': 276757, 'time_iter': 0.0108, 'accuracy': 0.91093, 'f1': 0.91085, 'auc': 0.99793}
val: {'epoch': 170, 'time_epoch': 0.08954, 'loss': 3.70392042, 'lr': 0, 'params': 276757, 'time_iter': 0.0064, 'accuracy': 0.35476, 'f1': 0.31167, 'auc': 0.88232}
test: {'epoch': 170, 'time_epoch': 0.09071, 'loss': 3.23778036, 'lr': 0, 'params': 276757, 'time_iter': 0.00648, 'accuracy': 0.36905, 'f1': 0.31248, 'auc': 0.9064}
> Epoch 170: took 2.2s (avg 2.1s) | Best so far: epoch 166	train_loss: 0.2840 train_accuracy: 0.9050	val_loss: 2.6255 val_accuracy: 0.3929	test_loss: 2.5251 test_accuracy: 0.4238	F1: 0.4012 Prec: 0.4449 Rec: 0.4238
train: {'epoch': 171, 'time_epoch': 1.827, 'eta': 144.71473, 'eta_hours': 0.0402, 'loss': 0.27415961, 'lr': 0.0002268, 'params': 276757, 'time_iter': 0.01044, 'accuracy': 0.91111, 'f1': 0.91111, 'auc': 0.99788}
val: {'epoch': 171, 'time_epoch': 0.08595, 'loss': 3.06583551, 'lr': 0, 'params': 276757, 'time_iter': 0.00614, 'accuracy': 0.34048, 'f1': 0.2944, 'auc': 0.89754}
test: {'epoch': 171, 'time_epoch': 0.08173, 'loss': 3.16559366, 'lr': 0, 'params': 276757, 'time_iter': 0.00584, 'accuracy': 0.34524, 'f1': 0.29974, 'auc': 0.9119}
> Epoch 171: took 2.1s (avg 2.1s) | Best so far: epoch 166	train_loss: 0.2840 train_accuracy: 0.9050	val_loss: 2.6255 val_accuracy: 0.3929	test_loss: 2.5251 test_accuracy: 0.4238	F1: 0.4012 Prec: 0.4449 Rec: 0.4238
train: {'epoch': 172, 'time_epoch': 1.96097, 'eta': 142.90643, 'eta_hours': 0.0397, 'loss': 0.26996973, 'lr': 0.00022156, 'params': 276757, 'time_iter': 0.01121, 'accuracy': 0.91075, 'f1': 0.9108, 'auc': 0.99796}
val: {'epoch': 172, 'time_epoch': 0.08443, 'loss': 3.33210257, 'lr': 0, 'params': 276757, 'time_iter': 0.00603, 'accuracy': 0.33095, 'f1': 0.28442, 'auc': 0.88464}
test: {'epoch': 172, 'time_epoch': 0.08065, 'loss': 2.80863144, 'lr': 0, 'params': 276757, 'time_iter': 0.00576, 'accuracy': 0.38333, 'f1': 0.34328, 'auc': 0.91346}
> Epoch 172: took 2.2s (avg 2.1s) | Best so far: epoch 166	train_loss: 0.2840 train_accuracy: 0.9050	val_loss: 2.6255 val_accuracy: 0.3929	test_loss: 2.5251 test_accuracy: 0.4238	F1: 0.4012 Prec: 0.4449 Rec: 0.4238
train: {'epoch': 173, 'time_epoch': 1.96346, 'eta': 141.09748, 'eta_hours': 0.03919, 'loss': 0.27019761, 'lr': 0.00021637, 'params': 276757, 'time_iter': 0.01122, 'accuracy': 0.91057, 'f1': 0.91048, 'auc': 0.99796}
val: {'epoch': 173, 'time_epoch': 0.06403, 'loss': 2.33986495, 'lr': 0, 'params': 276757, 'time_iter': 0.00457, 'accuracy': 0.43333, 'f1': 0.39636, 'auc': 0.92404}
test: {'epoch': 173, 'time_epoch': 0.0673, 'loss': 2.05790255, 'lr': 0, 'params': 276757, 'time_iter': 0.00481, 'accuracy': 0.49524, 'f1': 0.47991, 'auc': 0.94199}
[*] Confusion Matrix saved to: results_lopo_none/IM_3m\Conf\confusion_matrix_epoch_173.png
> Epoch 173: took 2.2s (avg 2.1s) | Best so far: epoch 173	train_loss: 0.2702 train_accuracy: 0.9106	val_loss: 2.3399 val_accuracy: 0.4333	test_loss: 2.0579 test_accuracy: 0.4952	F1: 0.4799 Prec: 0.5068 Rec: 0.4952
train: {'epoch': 174, 'time_epoch': 2.26735, 'eta': 139.41699, 'eta_hours': 0.03873, 'loss': 0.25765252, 'lr': 0.00021121, 'params': 276757, 'time_iter': 0.01296, 'accuracy': 0.91703, 'f1': 0.91704, 'auc': 0.99814}
val: {'epoch': 174, 'time_epoch': 0.06879, 'loss': 3.72429443, 'lr': 0, 'params': 276757, 'time_iter': 0.00491, 'accuracy': 0.3381, 'f1': 0.28279, 'auc': 0.89232}
test: {'epoch': 174, 'time_epoch': 0.06601, 'loss': 2.8763333, 'lr': 0, 'params': 276757, 'time_iter': 0.00471, 'accuracy': 0.41429, 'f1': 0.37807, 'auc': 0.91997}
> Epoch 174: took 2.5s (avg 2.1s) | Best so far: epoch 173	train_loss: 0.2702 train_accuracy: 0.9106	val_loss: 2.3399 val_accuracy: 0.4333	test_loss: 2.0579 test_accuracy: 0.4952	F1: 0.4799 Prec: 0.5068 Rec: 0.4952
train: {'epoch': 175, 'time_epoch': 2.02579, 'eta': 137.62827, 'eta_hours': 0.03823, 'loss': 0.24397498, 'lr': 0.00020611, 'params': 276757, 'time_iter': 0.01158, 'accuracy': 0.92115, 'f1': 0.92109, 'auc': 0.99832}
val: {'epoch': 175, 'time_epoch': 0.08941, 'loss': 2.58353792, 'lr': 0, 'params': 276757, 'time_iter': 0.00639, 'accuracy': 0.41667, 'f1': 0.37981, 'auc': 0.91504}
test: {'epoch': 175, 'time_epoch': 0.08275, 'loss': 2.68553465, 'lr': 0, 'params': 276757, 'time_iter': 0.00591, 'accuracy': 0.4119, 'f1': 0.38206, 'auc': 0.92882}
> Epoch 175: took 2.3s (avg 2.1s) | Best so far: epoch 173	train_loss: 0.2702 train_accuracy: 0.9106	val_loss: 2.3399 val_accuracy: 0.4333	test_loss: 2.0579 test_accuracy: 0.4952	F1: 0.4799 Prec: 0.5068 Rec: 0.4952
train: {'epoch': 176, 'time_epoch': 1.70567, 'eta': 135.70484, 'eta_hours': 0.0377, 'loss': 0.26800734, 'lr': 0.00020105, 'params': 276757, 'time_iter': 0.00975, 'accuracy': 0.90789, 'f1': 0.90782, 'auc': 0.99801}
val: {'epoch': 176, 'time_epoch': 0.0721, 'loss': 2.73404851, 'lr': 0, 'params': 276757, 'time_iter': 0.00515, 'accuracy': 0.39762, 'f1': 0.34634, 'auc': 0.9129}
test: {'epoch': 176, 'time_epoch': 0.06722, 'loss': 2.33534854, 'lr': 0, 'params': 276757, 'time_iter': 0.0048, 'accuracy': 0.44286, 'f1': 0.42924, 'auc': 0.9303}
> Epoch 176: took 1.9s (avg 2.1s) | Best so far: epoch 173	train_loss: 0.2702 train_accuracy: 0.9106	val_loss: 2.3399 val_accuracy: 0.4333	test_loss: 2.0579 test_accuracy: 0.4952	F1: 0.4799 Prec: 0.5068 Rec: 0.4952
train: {'epoch': 177, 'time_epoch': 1.71915, 'eta': 133.78932, 'eta_hours': 0.03716, 'loss': 0.25621845, 'lr': 0.00019603, 'params': 276757, 'time_iter': 0.00982, 'accuracy': 0.91774, 'f1': 0.91772, 'auc': 0.99808}
val: {'epoch': 177, 'time_epoch': 0.0894, 'loss': 2.54080282, 'lr': 0, 'params': 276757, 'time_iter': 0.00639, 'accuracy': 0.45238, 'f1': 0.4209, 'auc': 0.91676}
test: {'epoch': 177, 'time_epoch': 0.07039, 'loss': 2.27043853, 'lr': 0, 'params': 276757, 'time_iter': 0.00503, 'accuracy': 0.47143, 'f1': 0.46582, 'auc': 0.93008}
[*] Confusion Matrix saved to: results_lopo_none/IM_3m\Conf\confusion_matrix_epoch_177.png
> Epoch 177: took 2.0s (avg 2.1s) | Best so far: epoch 177	train_loss: 0.2562 train_accuracy: 0.9177	val_loss: 2.5408 val_accuracy: 0.4524	test_loss: 2.2704 test_accuracy: 0.4714	F1: 0.4658 Prec: 0.5081 Rec: 0.4714
train: {'epoch': 178, 'time_epoch': 1.75217, 'eta': 131.88908, 'eta_hours': 0.03664, 'loss': 0.25398787, 'lr': 0.00019107, 'params': 276757, 'time_iter': 0.01001, 'accuracy': 0.91595, 'f1': 0.91587, 'auc': 0.99826}
val: {'epoch': 178, 'time_epoch': 0.07774, 'loss': 3.54935631, 'lr': 0, 'params': 276757, 'time_iter': 0.00555, 'accuracy': 0.33333, 'f1': 0.27037, 'auc': 0.88615}
test: {'epoch': 178, 'time_epoch': 0.06638, 'loss': 3.15113319, 'lr': 0, 'params': 276757, 'time_iter': 0.00474, 'accuracy': 0.37857, 'f1': 0.33929, 'auc': 0.9063}
> Epoch 178: took 2.0s (avg 2.1s) | Best so far: epoch 177	train_loss: 0.2562 train_accuracy: 0.9177	val_loss: 2.5408 val_accuracy: 0.4524	test_loss: 2.2704 test_accuracy: 0.4714	F1: 0.4658 Prec: 0.5081 Rec: 0.4714
train: {'epoch': 179, 'time_epoch': 1.8838, 'eta': 130.04168, 'eta_hours': 0.03612, 'loss': 0.25788653, 'lr': 0.00018615, 'params': 276757, 'time_iter': 0.01076, 'accuracy': 0.91918, 'f1': 0.91915, 'auc': 0.99812}
val: {'epoch': 179, 'time_epoch': 0.07027, 'loss': 2.66884371, 'lr': 0, 'params': 276757, 'time_iter': 0.00502, 'accuracy': 0.41905, 'f1': 0.37111, 'auc': 0.91949}
test: {'epoch': 179, 'time_epoch': 0.07554, 'loss': 2.32870119, 'lr': 0, 'params': 276757, 'time_iter': 0.0054, 'accuracy': 0.44048, 'f1': 0.43686, 'auc': 0.92779}
> Epoch 179: took 2.1s (avg 2.1s) | Best so far: epoch 177	train_loss: 0.2562 train_accuracy: 0.9177	val_loss: 2.5408 val_accuracy: 0.4524	test_loss: 2.2704 test_accuracy: 0.4714	F1: 0.4658 Prec: 0.5081 Rec: 0.4714
train: {'epoch': 180, 'time_epoch': 1.79436, 'eta': 128.15978, 'eta_hours': 0.0356, 'loss': 0.24880617, 'lr': 0.00018129, 'params': 276757, 'time_iter': 0.01025, 'accuracy': 0.9181, 'f1': 0.91808, 'auc': 0.99829}
val: {'epoch': 180, 'time_epoch': 0.06953, 'loss': 2.72010533, 'lr': 0, 'params': 276757, 'time_iter': 0.00497, 'accuracy': 0.4, 'f1': 0.34872, 'auc': 0.91171}
test: {'epoch': 180, 'time_epoch': 0.06188, 'loss': 2.50560836, 'lr': 0, 'params': 276757, 'time_iter': 0.00442, 'accuracy': 0.42857, 'f1': 0.40161, 'auc': 0.92723}
> Epoch 180: took 2.0s (avg 2.1s) | Best so far: epoch 177	train_loss: 0.2562 train_accuracy: 0.9177	val_loss: 2.5408 val_accuracy: 0.4524	test_loss: 2.2704 test_accuracy: 0.4714	F1: 0.4658 Prec: 0.5081 Rec: 0.4714
train: {'epoch': 181, 'time_epoch': 1.69367, 'eta': 126.24122, 'eta_hours': 0.03507, 'loss': 0.24907083, 'lr': 0.00017647, 'params': 276757, 'time_iter': 0.00968, 'accuracy': 0.91774, 'f1': 0.91771, 'auc': 0.9982}
val: {'epoch': 181, 'time_epoch': 0.06881, 'loss': 2.59137632, 'lr': 0, 'params': 276757, 'time_iter': 0.00491, 'accuracy': 0.41429, 'f1': 0.39205, 'auc': 0.91236}
test: {'epoch': 181, 'time_epoch': 0.07556, 'loss': 2.56043465, 'lr': 0, 'params': 276757, 'time_iter': 0.0054, 'accuracy': 0.42619, 'f1': 0.40519, 'auc': 0.91774}
> Epoch 181: took 1.9s (avg 2.1s) | Best so far: epoch 177	train_loss: 0.2562 train_accuracy: 0.9177	val_loss: 2.5408 val_accuracy: 0.4524	test_loss: 2.2704 test_accuracy: 0.4714	F1: 0.4658 Prec: 0.5081 Rec: 0.4714
train: {'epoch': 182, 'time_epoch': 1.77443, 'eta': 124.35469, 'eta_hours': 0.03454, 'loss': 0.25988783, 'lr': 0.00017171, 'params': 276757, 'time_iter': 0.01014, 'accuracy': 0.91308, 'f1': 0.91303, 'auc': 0.99808}
val: {'epoch': 182, 'time_epoch': 0.07203, 'loss': 2.7982419, 'lr': 0, 'params': 276757, 'time_iter': 0.00514, 'accuracy': 0.39524, 'f1': 0.34518, 'auc': 0.91111}
test: {'epoch': 182, 'time_epoch': 0.06819, 'loss': 2.92188009, 'lr': 0, 'params': 276757, 'time_iter': 0.00487, 'accuracy': 0.42143, 'f1': 0.39178, 'auc': 0.91771}
> Epoch 182: took 2.0s (avg 2.1s) | Best so far: epoch 177	train_loss: 0.2562 train_accuracy: 0.9177	val_loss: 2.5408 val_accuracy: 0.4524	test_loss: 2.2704 test_accuracy: 0.4714	F1: 0.4658 Prec: 0.5081 Rec: 0.4714
train: {'epoch': 183, 'time_epoch': 1.98385, 'eta': 122.5445, 'eta_hours': 0.03404, 'loss': 0.2357728, 'lr': 0.00016699, 'params': 276757, 'time_iter': 0.01134, 'accuracy': 0.92599, 'f1': 0.92596, 'auc': 0.99844}
val: {'epoch': 183, 'time_epoch': 0.07886, 'loss': 3.12736173, 'lr': 0, 'params': 276757, 'time_iter': 0.00563, 'accuracy': 0.40476, 'f1': 0.3415, 'auc': 0.90205}
test: {'epoch': 183, 'time_epoch': 0.08325, 'loss': 2.67712388, 'lr': 0, 'params': 276757, 'time_iter': 0.00595, 'accuracy': 0.40238, 'f1': 0.39087, 'auc': 0.91645}
> Epoch 183: took 2.2s (avg 2.1s) | Best so far: epoch 177	train_loss: 0.2562 train_accuracy: 0.9177	val_loss: 2.5408 val_accuracy: 0.4524	test_loss: 2.2704 test_accuracy: 0.4714	F1: 0.4658 Prec: 0.5081 Rec: 0.4714
train: {'epoch': 184, 'time_epoch': 1.87025, 'eta': 120.69251, 'eta_hours': 0.03353, 'loss': 0.2397437, 'lr': 0.00016233, 'params': 276757, 'time_iter': 0.01069, 'accuracy': 0.92151, 'f1': 0.92146, 'auc': 0.99837}
val: {'epoch': 184, 'time_epoch': 0.06695, 'loss': 3.00063623, 'lr': 0, 'params': 276757, 'time_iter': 0.00478, 'accuracy': 0.36905, 'f1': 0.32942, 'auc': 0.90696}
test: {'epoch': 184, 'time_epoch': 0.06985, 'loss': 2.54530096, 'lr': 0, 'params': 276757, 'time_iter': 0.00499, 'accuracy': 0.41667, 'f1': 0.37795, 'auc': 0.93049}
> Epoch 184: took 2.1s (avg 2.1s) | Best so far: epoch 177	train_loss: 0.2562 train_accuracy: 0.9177	val_loss: 2.5408 val_accuracy: 0.4524	test_loss: 2.2704 test_accuracy: 0.4714	F1: 0.4658 Prec: 0.5081 Rec: 0.4714
train: {'epoch': 185, 'time_epoch': 1.90665, 'eta': 118.85285, 'eta_hours': 0.03301, 'loss': 0.24539781, 'lr': 0.00015773, 'params': 276757, 'time_iter': 0.0109, 'accuracy': 0.91918, 'f1': 0.91918, 'auc': 0.99825}
val: {'epoch': 185, 'time_epoch': 0.06879, 'loss': 2.3676329, 'lr': 0, 'params': 276757, 'time_iter': 0.00491, 'accuracy': 0.45, 'f1': 0.42691, 'auc': 0.92324}
test: {'epoch': 185, 'time_epoch': 0.06869, 'loss': 2.38310726, 'lr': 0, 'params': 276757, 'time_iter': 0.00491, 'accuracy': 0.46667, 'f1': 0.44021, 'auc': 0.9306}
> Epoch 185: took 2.1s (avg 2.1s) | Best so far: epoch 177	train_loss: 0.2562 train_accuracy: 0.9177	val_loss: 2.5408 val_accuracy: 0.4524	test_loss: 2.2704 test_accuracy: 0.4714	F1: 0.4658 Prec: 0.5081 Rec: 0.4714
train: {'epoch': 186, 'time_epoch': 1.7552, 'eta': 116.96145, 'eta_hours': 0.03249, 'loss': 0.23943272, 'lr': 0.00015317, 'params': 276757, 'time_iter': 0.01003, 'accuracy': 0.92115, 'f1': 0.92103, 'auc': 0.99849}
val: {'epoch': 186, 'time_epoch': 0.06453, 'loss': 2.91507743, 'lr': 0, 'params': 276757, 'time_iter': 0.00461, 'accuracy': 0.40476, 'f1': 0.35871, 'auc': 0.90745}
test: {'epoch': 186, 'time_epoch': 0.0731, 'loss': 2.50319845, 'lr': 0, 'params': 276757, 'time_iter': 0.00522, 'accuracy': 0.4119, 'f1': 0.37995, 'auc': 0.92837}
> Epoch 186: took 2.0s (avg 2.1s) | Best so far: epoch 177	train_loss: 0.2562 train_accuracy: 0.9177	val_loss: 2.5408 val_accuracy: 0.4524	test_loss: 2.2704 test_accuracy: 0.4714	F1: 0.4658 Prec: 0.5081 Rec: 0.4714
train: {'epoch': 187, 'time_epoch': 1.76499, 'eta': 115.07473, 'eta_hours': 0.03197, 'loss': 0.24956886, 'lr': 0.00014868, 'params': 276757, 'time_iter': 0.01009, 'accuracy': 0.92079, 'f1': 0.92077, 'auc': 0.99814}
val: {'epoch': 187, 'time_epoch': 0.06656, 'loss': 2.3327406, 'lr': 0, 'params': 276757, 'time_iter': 0.00475, 'accuracy': 0.45476, 'f1': 0.43596, 'auc': 0.92264}
test: {'epoch': 187, 'time_epoch': 0.06643, 'loss': 2.41633076, 'lr': 0, 'params': 276757, 'time_iter': 0.00475, 'accuracy': 0.46429, 'f1': 0.45377, 'auc': 0.93064}
[*] Confusion Matrix saved to: results_lopo_none/IM_3m\Conf\confusion_matrix_epoch_187.png
> Epoch 187: took 2.0s (avg 2.1s) | Best so far: epoch 187	train_loss: 0.2496 train_accuracy: 0.9208	val_loss: 2.3327 val_accuracy: 0.4548	test_loss: 2.4163 test_accuracy: 0.4643	F1: 0.4538 Prec: 0.4901 Rec: 0.4643
train: {'epoch': 188, 'time_epoch': 1.82674, 'eta': 113.20923, 'eta_hours': 0.03145, 'loss': 0.23236336, 'lr': 0.00014423, 'params': 276757, 'time_iter': 0.01044, 'accuracy': 0.9233, 'f1': 0.92324, 'auc': 0.99847}
val: {'epoch': 188, 'time_epoch': 0.10545, 'loss': 2.7213349, 'lr': 0, 'params': 276757, 'time_iter': 0.00753, 'accuracy': 0.41905, 'f1': 0.36801, 'auc': 0.91415}
test: {'epoch': 188, 'time_epoch': 0.07045, 'loss': 2.42279377, 'lr': 0, 'params': 276757, 'time_iter': 0.00503, 'accuracy': 0.44286, 'f1': 0.4113, 'auc': 0.93186}
> Epoch 188: took 2.1s (avg 2.1s) | Best so far: epoch 187	train_loss: 0.2496 train_accuracy: 0.9208	val_loss: 2.3327 val_accuracy: 0.4548	test_loss: 2.4163 test_accuracy: 0.4643	F1: 0.4538 Prec: 0.4901 Rec: 0.4643
train: {'epoch': 189, 'time_epoch': 1.86968, 'eta': 111.3577, 'eta_hours': 0.03093, 'loss': 0.23992822, 'lr': 0.00013985, 'params': 276757, 'time_iter': 0.01068, 'accuracy': 0.92061, 'f1': 0.92055, 'auc': 0.99839}
val: {'epoch': 189, 'time_epoch': 0.0872, 'loss': 2.42928739, 'lr': 0, 'params': 276757, 'time_iter': 0.00623, 'accuracy': 0.46429, 'f1': 0.41897, 'auc': 0.92307}
test: {'epoch': 189, 'time_epoch': 0.07258, 'loss': 2.14419043, 'lr': 0, 'params': 276757, 'time_iter': 0.00518, 'accuracy': 0.47619, 'f1': 0.47038, 'auc': 0.93964}
[*] Confusion Matrix saved to: results_lopo_none/IM_3m\Conf\confusion_matrix_epoch_189.png
> Epoch 189: took 2.1s (avg 2.1s) | Best so far: epoch 189	train_loss: 0.2399 train_accuracy: 0.9206	val_loss: 2.4293 val_accuracy: 0.4643	test_loss: 2.1442 test_accuracy: 0.4762	F1: 0.4704 Prec: 0.5011 Rec: 0.4762
train: {'epoch': 190, 'time_epoch': 1.93131, 'eta': 109.52501, 'eta_hours': 0.03042, 'loss': 0.24247528, 'lr': 0.00013552, 'params': 276757, 'time_iter': 0.01104, 'accuracy': 0.92437, 'f1': 0.92438, 'auc': 0.99831}
val: {'epoch': 190, 'time_epoch': 0.0757, 'loss': 2.92120041, 'lr': 0, 'params': 276757, 'time_iter': 0.00541, 'accuracy': 0.3881, 'f1': 0.34584, 'auc': 0.90513}
test: {'epoch': 190, 'time_epoch': 0.10102, 'loss': 2.59261124, 'lr': 0, 'params': 276757, 'time_iter': 0.00722, 'accuracy': 0.45476, 'f1': 0.4199, 'auc': 0.92746}
> Epoch 190: took 2.2s (avg 2.1s) | Best so far: epoch 189	train_loss: 0.2399 train_accuracy: 0.9206	val_loss: 2.4293 val_accuracy: 0.4643	test_loss: 2.1442 test_accuracy: 0.4762	F1: 0.4704 Prec: 0.5011 Rec: 0.4762
train: {'epoch': 191, 'time_epoch': 1.79593, 'eta': 107.6504, 'eta_hours': 0.0299, 'loss': 0.22760388, 'lr': 0.00013124, 'params': 276757, 'time_iter': 0.01026, 'accuracy': 0.92849, 'f1': 0.92844, 'auc': 0.99853}
val: {'epoch': 191, 'time_epoch': 0.07815, 'loss': 2.64709763, 'lr': 0, 'params': 276757, 'time_iter': 0.00558, 'accuracy': 0.40952, 'f1': 0.36911, 'auc': 0.91292}
test: {'epoch': 191, 'time_epoch': 0.07269, 'loss': 2.37891116, 'lr': 0, 'params': 276757, 'time_iter': 0.00519, 'accuracy': 0.41429, 'f1': 0.40256, 'auc': 0.93457}
> Epoch 191: took 2.0s (avg 2.1s) | Best so far: epoch 189	train_loss: 0.2399 train_accuracy: 0.9206	val_loss: 2.4293 val_accuracy: 0.4643	test_loss: 2.1442 test_accuracy: 0.4762	F1: 0.4704 Prec: 0.5011 Rec: 0.4762
train: {'epoch': 192, 'time_epoch': 1.98645, 'eta': 105.83287, 'eta_hours': 0.0294, 'loss': 0.22317924, 'lr': 0.00012703, 'params': 276757, 'time_iter': 0.01135, 'accuracy': 0.92832, 'f1': 0.92834, 'auc': 0.99867}
val: {'epoch': 192, 'time_epoch': 0.08821, 'loss': 2.63215516, 'lr': 0, 'params': 276757, 'time_iter': 0.0063, 'accuracy': 0.4119, 'f1': 0.36357, 'auc': 0.9171}
test: {'epoch': 192, 'time_epoch': 0.08968, 'loss': 2.52929552, 'lr': 0, 'params': 276757, 'time_iter': 0.00641, 'accuracy': 0.44762, 'f1': 0.43034, 'auc': 0.92908}
> Epoch 192: took 2.3s (avg 2.1s) | Best so far: epoch 189	train_loss: 0.2399 train_accuracy: 0.9206	val_loss: 2.4293 val_accuracy: 0.4643	test_loss: 2.1442 test_accuracy: 0.4762	F1: 0.4704 Prec: 0.5011 Rec: 0.4762
train: {'epoch': 193, 'time_epoch': 1.8377, 'eta': 103.97067, 'eta_hours': 0.02888, 'loss': 0.23482091, 'lr': 0.00012287, 'params': 276757, 'time_iter': 0.0105, 'accuracy': 0.9233, 'f1': 0.92322, 'auc': 0.9985}
val: {'epoch': 193, 'time_epoch': 0.09994, 'loss': 2.59302065, 'lr': 0, 'params': 276757, 'time_iter': 0.00714, 'accuracy': 0.43571, 'f1': 0.3934, 'auc': 0.9193}
test: {'epoch': 193, 'time_epoch': 0.06429, 'loss': 2.25952872, 'lr': 0, 'params': 276757, 'time_iter': 0.00459, 'accuracy': 0.47857, 'f1': 0.46284, 'auc': 0.93671}
> Epoch 193: took 2.1s (avg 2.1s) | Best so far: epoch 189	train_loss: 0.2399 train_accuracy: 0.9206	val_loss: 2.4293 val_accuracy: 0.4643	test_loss: 2.1442 test_accuracy: 0.4762	F1: 0.4704 Prec: 0.5011 Rec: 0.4762
train: {'epoch': 194, 'time_epoch': 1.79028, 'eta': 102.09534, 'eta_hours': 0.02836, 'loss': 0.221033, 'lr': 0.00011878, 'params': 276757, 'time_iter': 0.01023, 'accuracy': 0.92993, 'f1': 0.92989, 'auc': 0.99868}
val: {'epoch': 194, 'time_epoch': 0.07685, 'loss': 2.56558784, 'lr': 0, 'params': 276757, 'time_iter': 0.00549, 'accuracy': 0.40952, 'f1': 0.37536, 'auc': 0.91434}
test: {'epoch': 194, 'time_epoch': 0.06961, 'loss': 2.44374692, 'lr': 0, 'params': 276757, 'time_iter': 0.00497, 'accuracy': 0.45714, 'f1': 0.43928, 'auc': 0.93171}
> Epoch 194: took 2.1s (avg 2.1s) | Best so far: epoch 189	train_loss: 0.2399 train_accuracy: 0.9206	val_loss: 2.4293 val_accuracy: 0.4643	test_loss: 2.1442 test_accuracy: 0.4762	F1: 0.4704 Prec: 0.5011 Rec: 0.4762
train: {'epoch': 195, 'time_epoch': 1.99747, 'eta': 100.27796, 'eta_hours': 0.02785, 'loss': 0.22645334, 'lr': 0.00011474, 'params': 276757, 'time_iter': 0.01141, 'accuracy': 0.92545, 'f1': 0.92537, 'auc': 0.99858}
val: {'epoch': 195, 'time_epoch': 0.09092, 'loss': 2.59003286, 'lr': 0, 'params': 276757, 'time_iter': 0.00649, 'accuracy': 0.41905, 'f1': 0.37887, 'auc': 0.9168}
test: {'epoch': 195, 'time_epoch': 0.08206, 'loss': 2.43362757, 'lr': 0, 'params': 276757, 'time_iter': 0.00586, 'accuracy': 0.4619, 'f1': 0.43833, 'auc': 0.93228}
> Epoch 195: took 2.2s (avg 2.1s) | Best so far: epoch 189	train_loss: 0.2399 train_accuracy: 0.9206	val_loss: 2.4293 val_accuracy: 0.4643	test_loss: 2.1442 test_accuracy: 0.4762	F1: 0.4704 Prec: 0.5011 Rec: 0.4762
train: {'epoch': 196, 'time_epoch': 1.75642, 'eta': 98.3939, 'eta_hours': 0.02733, 'loss': 0.23055803, 'lr': 0.00011077, 'params': 276757, 'time_iter': 0.01004, 'accuracy': 0.92742, 'f1': 0.92741, 'auc': 0.99851}
val: {'epoch': 196, 'time_epoch': 0.06894, 'loss': 2.94328219, 'lr': 0, 'params': 276757, 'time_iter': 0.00492, 'accuracy': 0.4119, 'f1': 0.36396, 'auc': 0.90935}
test: {'epoch': 196, 'time_epoch': 0.06823, 'loss': 2.46798441, 'lr': 0, 'params': 276757, 'time_iter': 0.00487, 'accuracy': 0.45714, 'f1': 0.43357, 'auc': 0.93427}
> Epoch 196: took 2.0s (avg 2.1s) | Best so far: epoch 189	train_loss: 0.2399 train_accuracy: 0.9206	val_loss: 2.4293 val_accuracy: 0.4643	test_loss: 2.1442 test_accuracy: 0.4762	F1: 0.4704 Prec: 0.5011 Rec: 0.4762
train: {'epoch': 197, 'time_epoch': 1.74566, 'eta': 96.5083, 'eta_hours': 0.02681, 'loss': 0.23012143, 'lr': 0.00010686, 'params': 276757, 'time_iter': 0.00998, 'accuracy': 0.92527, 'f1': 0.92515, 'auc': 0.99846}
val: {'epoch': 197, 'time_epoch': 0.09119, 'loss': 2.91203963, 'lr': 0, 'params': 276757, 'time_iter': 0.00651, 'accuracy': 0.39286, 'f1': 0.33752, 'auc': 0.91078}
test: {'epoch': 197, 'time_epoch': 0.10519, 'loss': 2.28264539, 'lr': 0, 'params': 276757, 'time_iter': 0.00751, 'accuracy': 0.50238, 'f1': 0.48103, 'auc': 0.93713}
> Epoch 197: took 2.0s (avg 2.1s) | Best so far: epoch 189	train_loss: 0.2399 train_accuracy: 0.9206	val_loss: 2.4293 val_accuracy: 0.4643	test_loss: 2.1442 test_accuracy: 0.4762	F1: 0.4704 Prec: 0.5011 Rec: 0.4762
train: {'epoch': 198, 'time_epoch': 1.73896, 'eta': 94.6224, 'eta_hours': 0.02628, 'loss': 0.22263396, 'lr': 0.000103, 'params': 276757, 'time_iter': 0.00994, 'accuracy': 0.92742, 'f1': 0.92747, 'auc': 0.99855}
val: {'epoch': 198, 'time_epoch': 0.08529, 'loss': 3.10753033, 'lr': 0, 'params': 276757, 'time_iter': 0.00609, 'accuracy': 0.35952, 'f1': 0.30591, 'auc': 0.90279}
test: {'epoch': 198, 'time_epoch': 0.06551, 'loss': 2.59001285, 'lr': 0, 'params': 276757, 'time_iter': 0.00468, 'accuracy': 0.42143, 'f1': 0.39284, 'auc': 0.92766}
> Epoch 198: took 2.0s (avg 2.1s) | Best so far: epoch 189	train_loss: 0.2399 train_accuracy: 0.9206	val_loss: 2.4293 val_accuracy: 0.4643	test_loss: 2.1442 test_accuracy: 0.4762	F1: 0.4704 Prec: 0.5011 Rec: 0.4762
train: {'epoch': 199, 'time_epoch': 2.19902, 'eta': 92.85298, 'eta_hours': 0.02579, 'loss': 0.2267588, 'lr': 9.922e-05, 'params': 276757, 'time_iter': 0.01257, 'accuracy': 0.92634, 'f1': 0.92625, 'auc': 0.99851}
val: {'epoch': 199, 'time_epoch': 0.07508, 'loss': 2.85901834, 'lr': 0, 'params': 276757, 'time_iter': 0.00536, 'accuracy': 0.39524, 'f1': 0.3465, 'auc': 0.91193}
test: {'epoch': 199, 'time_epoch': 0.07038, 'loss': 2.36103428, 'lr': 0, 'params': 276757, 'time_iter': 0.00503, 'accuracy': 0.46905, 'f1': 0.44246, 'auc': 0.93528}
> Epoch 199: took 2.4s (avg 2.1s) | Best so far: epoch 189	train_loss: 0.2399 train_accuracy: 0.9206	val_loss: 2.4293 val_accuracy: 0.4643	test_loss: 2.1442 test_accuracy: 0.4762	F1: 0.4704 Prec: 0.5011 Rec: 0.4762
train: {'epoch': 200, 'time_epoch': 1.93682, 'eta': 91.01536, 'eta_hours': 0.02528, 'loss': 0.23380404, 'lr': 9.549e-05, 'params': 276757, 'time_iter': 0.01107, 'accuracy': 0.9224, 'f1': 0.92233, 'auc': 0.99845}
val: {'epoch': 200, 'time_epoch': 0.06944, 'loss': 2.53206113, 'lr': 0, 'params': 276757, 'time_iter': 0.00496, 'accuracy': 0.46429, 'f1': 0.42797, 'auc': 0.91812}
test: {'epoch': 200, 'time_epoch': 0.07657, 'loss': 2.13952466, 'lr': 0, 'params': 276757, 'time_iter': 0.00547, 'accuracy': 0.49524, 'f1': 0.47703, 'auc': 0.94127}
> Epoch 200: took 2.2s (avg 2.1s) | Best so far: epoch 189	train_loss: 0.2399 train_accuracy: 0.9206	val_loss: 2.4293 val_accuracy: 0.4643	test_loss: 2.1442 test_accuracy: 0.4762	F1: 0.4704 Prec: 0.5011 Rec: 0.4762
train: {'epoch': 201, 'time_epoch': 2.13623, 'eta': 89.22415, 'eta_hours': 0.02478, 'loss': 0.23404308, 'lr': 9.183e-05, 'params': 276757, 'time_iter': 0.01221, 'accuracy': 0.92204, 'f1': 0.92201, 'auc': 0.99843}
val: {'epoch': 201, 'time_epoch': 0.076, 'loss': 2.88210691, 'lr': 0, 'params': 276757, 'time_iter': 0.00543, 'accuracy': 0.43571, 'f1': 0.39293, 'auc': 0.90806}
test: {'epoch': 201, 'time_epoch': 0.06988, 'loss': 2.31168909, 'lr': 0, 'params': 276757, 'time_iter': 0.00499, 'accuracy': 0.48333, 'f1': 0.46366, 'auc': 0.93769}
> Epoch 201: took 2.4s (avg 2.1s) | Best so far: epoch 189	train_loss: 0.2399 train_accuracy: 0.9206	val_loss: 2.4293 val_accuracy: 0.4643	test_loss: 2.1442 test_accuracy: 0.4762	F1: 0.4704 Prec: 0.5011 Rec: 0.4762
train: {'epoch': 202, 'time_epoch': 1.92248, 'eta': 87.38005, 'eta_hours': 0.02427, 'loss': 0.20809028, 'lr': 8.823e-05, 'params': 276757, 'time_iter': 0.01099, 'accuracy': 0.93262, 'f1': 0.93259, 'auc': 0.99882}
val: {'epoch': 202, 'time_epoch': 0.07081, 'loss': 2.49765827, 'lr': 0, 'params': 276757, 'time_iter': 0.00506, 'accuracy': 0.45714, 'f1': 0.42524, 'auc': 0.92082}
test: {'epoch': 202, 'time_epoch': 0.06845, 'loss': 2.26849721, 'lr': 0, 'params': 276757, 'time_iter': 0.00489, 'accuracy': 0.47619, 'f1': 0.46358, 'auc': 0.93736}
> Epoch 202: took 2.1s (avg 2.1s) | Best so far: epoch 189	train_loss: 0.2399 train_accuracy: 0.9206	val_loss: 2.4293 val_accuracy: 0.4643	test_loss: 2.1442 test_accuracy: 0.4762	F1: 0.4704 Prec: 0.5011 Rec: 0.4762
train: {'epoch': 203, 'time_epoch': 1.65247, 'eta': 85.47429, 'eta_hours': 0.02374, 'loss': 0.20986626, 'lr': 8.47e-05, 'params': 276757, 'time_iter': 0.00944, 'accuracy': 0.93477, 'f1': 0.9347, 'auc': 0.99878}
val: {'epoch': 203, 'time_epoch': 0.06547, 'loss': 2.76385198, 'lr': 0, 'params': 276757, 'time_iter': 0.00468, 'accuracy': 0.41905, 'f1': 0.36844, 'auc': 0.9146}
test: {'epoch': 203, 'time_epoch': 0.07847, 'loss': 2.27106103, 'lr': 0, 'params': 276757, 'time_iter': 0.0056, 'accuracy': 0.49048, 'f1': 0.48081, 'auc': 0.93798}
> Epoch 203: took 1.9s (avg 2.1s) | Best so far: epoch 189	train_loss: 0.2399 train_accuracy: 0.9206	val_loss: 2.4293 val_accuracy: 0.4643	test_loss: 2.1442 test_accuracy: 0.4762	F1: 0.4704 Prec: 0.5011 Rec: 0.4762
train: {'epoch': 204, 'time_epoch': 2.10489, 'eta': 83.67032, 'eta_hours': 0.02324, 'loss': 0.22615092, 'lr': 8.124e-05, 'params': 276757, 'time_iter': 0.01203, 'accuracy': 0.92634, 'f1': 0.92629, 'auc': 0.99854}
val: {'epoch': 204, 'time_epoch': 0.07206, 'loss': 2.67753671, 'lr': 0, 'params': 276757, 'time_iter': 0.00515, 'accuracy': 0.42857, 'f1': 0.3828, 'auc': 0.91529}
test: {'epoch': 204, 'time_epoch': 0.06609, 'loss': 2.24061233, 'lr': 0, 'params': 276757, 'time_iter': 0.00472, 'accuracy': 0.49286, 'f1': 0.47617, 'auc': 0.93964}
> Epoch 204: took 2.3s (avg 2.1s) | Best so far: epoch 189	train_loss: 0.2399 train_accuracy: 0.9206	val_loss: 2.4293 val_accuracy: 0.4643	test_loss: 2.1442 test_accuracy: 0.4762	F1: 0.4704 Prec: 0.5011 Rec: 0.4762
train: {'epoch': 205, 'time_epoch': 1.73109, 'eta': 81.78359, 'eta_hours': 0.02272, 'loss': 0.20404264, 'lr': 7.784e-05, 'params': 276757, 'time_iter': 0.00989, 'accuracy': 0.9328, 'f1': 0.93277, 'auc': 0.99883}
val: {'epoch': 205, 'time_epoch': 0.07221, 'loss': 2.60165727, 'lr': 0, 'params': 276757, 'time_iter': 0.00516, 'accuracy': 0.44524, 'f1': 0.40542, 'auc': 0.91765}
test: {'epoch': 205, 'time_epoch': 0.06895, 'loss': 2.32674653, 'lr': 0, 'params': 276757, 'time_iter': 0.00493, 'accuracy': 0.48095, 'f1': 0.46397, 'auc': 0.93502}
> Epoch 205: took 1.9s (avg 2.1s) | Best so far: epoch 189	train_loss: 0.2399 train_accuracy: 0.9206	val_loss: 2.4293 val_accuracy: 0.4643	test_loss: 2.1442 test_accuracy: 0.4762	F1: 0.4704 Prec: 0.5011 Rec: 0.4762
train: {'epoch': 206, 'time_epoch': 1.81343, 'eta': 79.91546, 'eta_hours': 0.0222, 'loss': 0.2140734, 'lr': 7.45e-05, 'params': 276757, 'time_iter': 0.01036, 'accuracy': 0.93638, 'f1': 0.93636, 'auc': 0.99867}
val: {'epoch': 206, 'time_epoch': 0.07967, 'loss': 2.62847567, 'lr': 0, 'params': 276757, 'time_iter': 0.00569, 'accuracy': 0.43571, 'f1': 0.392, 'auc': 0.91768}
test: {'epoch': 206, 'time_epoch': 0.07404, 'loss': 2.20241444, 'lr': 0, 'params': 276757, 'time_iter': 0.00529, 'accuracy': 0.47857, 'f1': 0.46742, 'auc': 0.93826}
> Epoch 206: took 2.0s (avg 2.1s) | Best so far: epoch 189	train_loss: 0.2399 train_accuracy: 0.9206	val_loss: 2.4293 val_accuracy: 0.4643	test_loss: 2.1442 test_accuracy: 0.4762	F1: 0.4704 Prec: 0.5011 Rec: 0.4762
train: {'epoch': 207, 'time_epoch': 2.05662, 'eta': 78.09697, 'eta_hours': 0.02169, 'loss': 0.20152552, 'lr': 7.124e-05, 'params': 276757, 'time_iter': 0.01175, 'accuracy': 0.93566, 'f1': 0.93558, 'auc': 0.99888}
val: {'epoch': 207, 'time_epoch': 0.11323, 'loss': 2.60321351, 'lr': 0, 'params': 276757, 'time_iter': 0.00809, 'accuracy': 0.42619, 'f1': 0.39813, 'auc': 0.91657}
test: {'epoch': 207, 'time_epoch': 0.06573, 'loss': 2.34662719, 'lr': 0, 'params': 276757, 'time_iter': 0.00469, 'accuracy': 0.45238, 'f1': 0.42124, 'auc': 0.94027}
> Epoch 207: took 2.3s (avg 2.1s) | Best so far: epoch 189	train_loss: 0.2399 train_accuracy: 0.9206	val_loss: 2.4293 val_accuracy: 0.4643	test_loss: 2.1442 test_accuracy: 0.4762	F1: 0.4704 Prec: 0.5011 Rec: 0.4762
train: {'epoch': 208, 'time_epoch': 1.92669, 'eta': 76.25071, 'eta_hours': 0.02118, 'loss': 0.22421359, 'lr': 6.804e-05, 'params': 276757, 'time_iter': 0.01101, 'accuracy': 0.92778, 'f1': 0.9278, 'auc': 0.99857}
val: {'epoch': 208, 'time_epoch': 0.06841, 'loss': 2.83242937, 'lr': 0, 'params': 276757, 'time_iter': 0.00489, 'accuracy': 0.38571, 'f1': 0.34354, 'auc': 0.91096}
test: {'epoch': 208, 'time_epoch': 0.0802, 'loss': 2.26845968, 'lr': 0, 'params': 276757, 'time_iter': 0.00573, 'accuracy': 0.49048, 'f1': 0.46744, 'auc': 0.93789}
> Epoch 208: took 2.1s (avg 2.1s) | Best so far: epoch 189	train_loss: 0.2399 train_accuracy: 0.9206	val_loss: 2.4293 val_accuracy: 0.4643	test_loss: 2.1442 test_accuracy: 0.4762	F1: 0.4704 Prec: 0.5011 Rec: 0.4762
train: {'epoch': 209, 'time_epoch': 2.12128, 'eta': 74.44074, 'eta_hours': 0.02068, 'loss': 0.22420667, 'lr': 6.491e-05, 'params': 276757, 'time_iter': 0.01212, 'accuracy': 0.93047, 'f1': 0.93038, 'auc': 0.99845}
val: {'epoch': 209, 'time_epoch': 0.06587, 'loss': 3.03247494, 'lr': 0, 'params': 276757, 'time_iter': 0.00471, 'accuracy': 0.37619, 'f1': 0.32658, 'auc': 0.90443}
test: {'epoch': 209, 'time_epoch': 0.06781, 'loss': 2.48918047, 'lr': 0, 'params': 276757, 'time_iter': 0.00484, 'accuracy': 0.45238, 'f1': 0.42023, 'auc': 0.93198}
> Epoch 209: took 2.3s (avg 2.1s) | Best so far: epoch 189	train_loss: 0.2399 train_accuracy: 0.9206	val_loss: 2.4293 val_accuracy: 0.4643	test_loss: 2.1442 test_accuracy: 0.4762	F1: 0.4704 Prec: 0.5011 Rec: 0.4762
train: {'epoch': 210, 'time_epoch': 1.95768, 'eta': 72.59759, 'eta_hours': 0.02017, 'loss': 0.21420197, 'lr': 6.185e-05, 'params': 276757, 'time_iter': 0.01119, 'accuracy': 0.93082, 'f1': 0.93076, 'auc': 0.9987}
val: {'epoch': 210, 'time_epoch': 0.07334, 'loss': 2.69682208, 'lr': 0, 'params': 276757, 'time_iter': 0.00524, 'accuracy': 0.42143, 'f1': 0.37491, 'auc': 0.91577}
test: {'epoch': 210, 'time_epoch': 0.07138, 'loss': 2.33932887, 'lr': 0, 'params': 276757, 'time_iter': 0.0051, 'accuracy': 0.48333, 'f1': 0.46645, 'auc': 0.93187}
> Epoch 210: took 2.2s (avg 2.1s) | Best so far: epoch 189	train_loss: 0.2399 train_accuracy: 0.9206	val_loss: 2.4293 val_accuracy: 0.4643	test_loss: 2.1442 test_accuracy: 0.4762	F1: 0.4704 Prec: 0.5011 Rec: 0.4762
train: {'epoch': 211, 'time_epoch': 1.97063, 'eta': 70.75568, 'eta_hours': 0.01965, 'loss': 0.20938365, 'lr': 5.885e-05, 'params': 276757, 'time_iter': 0.01126, 'accuracy': 0.92796, 'f1': 0.928, 'auc': 0.9988}
val: {'epoch': 211, 'time_epoch': 0.06842, 'loss': 2.55894857, 'lr': 0, 'params': 276757, 'time_iter': 0.00489, 'accuracy': 0.44286, 'f1': 0.4087, 'auc': 0.91915}
test: {'epoch': 211, 'time_epoch': 0.07008, 'loss': 2.29913718, 'lr': 0, 'params': 276757, 'time_iter': 0.00501, 'accuracy': 0.45714, 'f1': 0.44893, 'auc': 0.93582}
> Epoch 211: took 2.2s (avg 2.1s) | Best so far: epoch 189	train_loss: 0.2399 train_accuracy: 0.9206	val_loss: 2.4293 val_accuracy: 0.4643	test_loss: 2.1442 test_accuracy: 0.4762	F1: 0.4704 Prec: 0.5011 Rec: 0.4762
train: {'epoch': 212, 'time_epoch': 1.75514, 'eta': 68.87513, 'eta_hours': 0.01913, 'loss': 0.22063101, 'lr': 5.593e-05, 'params': 276757, 'time_iter': 0.01003, 'accuracy': 0.92849, 'f1': 0.92845, 'auc': 0.99855}
val: {'epoch': 212, 'time_epoch': 0.06709, 'loss': 2.59909487, 'lr': 0, 'params': 276757, 'time_iter': 0.00479, 'accuracy': 0.43571, 'f1': 0.39447, 'auc': 0.91923}
test: {'epoch': 212, 'time_epoch': 0.06769, 'loss': 2.26216141, 'lr': 0, 'params': 276757, 'time_iter': 0.00483, 'accuracy': 0.49524, 'f1': 0.48137, 'auc': 0.93652}
> Epoch 212: took 2.0s (avg 2.1s) | Best so far: epoch 189	train_loss: 0.2399 train_accuracy: 0.9206	val_loss: 2.4293 val_accuracy: 0.4643	test_loss: 2.1442 test_accuracy: 0.4762	F1: 0.4704 Prec: 0.5011 Rec: 0.4762
train: {'epoch': 213, 'time_epoch': 1.78213, 'eta': 67.00029, 'eta_hours': 0.01861, 'loss': 0.19808181, 'lr': 5.308e-05, 'params': 276757, 'time_iter': 0.01018, 'accuracy': 0.93746, 'f1': 0.93742, 'auc': 0.99885}
val: {'epoch': 213, 'time_epoch': 0.06873, 'loss': 2.80182647, 'lr': 0, 'params': 276757, 'time_iter': 0.00491, 'accuracy': 0.4119, 'f1': 0.37045, 'auc': 0.91213}
test: {'epoch': 213, 'time_epoch': 0.06758, 'loss': 2.41766814, 'lr': 0, 'params': 276757, 'time_iter': 0.00483, 'accuracy': 0.47143, 'f1': 0.45232, 'auc': 0.93462}
> Epoch 213: took 2.0s (avg 2.1s) | Best so far: epoch 189	train_loss: 0.2399 train_accuracy: 0.9206	val_loss: 2.4293 val_accuracy: 0.4643	test_loss: 2.1442 test_accuracy: 0.4762	F1: 0.4704 Prec: 0.5011 Rec: 0.4762
train: {'epoch': 214, 'time_epoch': 1.70286, 'eta': 65.1134, 'eta_hours': 0.01809, 'loss': 0.21247689, 'lr': 5.03e-05, 'params': 276757, 'time_iter': 0.00973, 'accuracy': 0.93172, 'f1': 0.93173, 'auc': 0.99868}
val: {'epoch': 214, 'time_epoch': 0.06862, 'loss': 2.66601626, 'lr': 0, 'params': 276757, 'time_iter': 0.0049, 'accuracy': 0.42381, 'f1': 0.37834, 'auc': 0.91512}
test: {'epoch': 214, 'time_epoch': 0.06154, 'loss': 2.30443894, 'lr': 0, 'params': 276757, 'time_iter': 0.0044, 'accuracy': 0.47381, 'f1': 0.46509, 'auc': 0.93413}
> Epoch 214: took 1.9s (avg 2.1s) | Best so far: epoch 189	train_loss: 0.2399 train_accuracy: 0.9206	val_loss: 2.4293 val_accuracy: 0.4643	test_loss: 2.1442 test_accuracy: 0.4762	F1: 0.4704 Prec: 0.5011 Rec: 0.4762
train: {'epoch': 215, 'time_epoch': 1.82517, 'eta': 63.24748, 'eta_hours': 0.01757, 'loss': 0.20612335, 'lr': 4.759e-05, 'params': 276757, 'time_iter': 0.01043, 'accuracy': 0.93638, 'f1': 0.93632, 'auc': 0.99877}
val: {'epoch': 215, 'time_epoch': 0.07496, 'loss': 2.60190799, 'lr': 0, 'params': 276757, 'time_iter': 0.00535, 'accuracy': 0.44762, 'f1': 0.41401, 'auc': 0.91648}
test: {'epoch': 215, 'time_epoch': 0.06964, 'loss': 2.33382532, 'lr': 0, 'params': 276757, 'time_iter': 0.00497, 'accuracy': 0.47381, 'f1': 0.45374, 'auc': 0.93736}
> Epoch 215: took 2.1s (avg 2.1s) | Best so far: epoch 189	train_loss: 0.2399 train_accuracy: 0.9206	val_loss: 2.4293 val_accuracy: 0.4643	test_loss: 2.1442 test_accuracy: 0.4762	F1: 0.4704 Prec: 0.5011 Rec: 0.4762
train: {'epoch': 216, 'time_epoch': 1.85729, 'eta': 61.38681, 'eta_hours': 0.01705, 'loss': 0.20953182, 'lr': 4.495e-05, 'params': 276757, 'time_iter': 0.01061, 'accuracy': 0.93029, 'f1': 0.93027, 'auc': 0.99875}
val: {'epoch': 216, 'time_epoch': 0.06197, 'loss': 2.68708942, 'lr': 0, 'params': 276757, 'time_iter': 0.00443, 'accuracy': 0.42619, 'f1': 0.38615, 'auc': 0.91431}
test: {'epoch': 216, 'time_epoch': 0.06972, 'loss': 2.32739825, 'lr': 0, 'params': 276757, 'time_iter': 0.00498, 'accuracy': 0.48333, 'f1': 0.46381, 'auc': 0.93701}
> Epoch 216: took 2.1s (avg 2.1s) | Best so far: epoch 189	train_loss: 0.2399 train_accuracy: 0.9206	val_loss: 2.4293 val_accuracy: 0.4643	test_loss: 2.1442 test_accuracy: 0.4762	F1: 0.4704 Prec: 0.5011 Rec: 0.4762
train: {'epoch': 217, 'time_epoch': 1.84857, 'eta': 59.5249, 'eta_hours': 0.01653, 'loss': 0.20042638, 'lr': 4.238e-05, 'params': 276757, 'time_iter': 0.01056, 'accuracy': 0.9353, 'f1': 0.93532, 'auc': 0.99885}
val: {'epoch': 217, 'time_epoch': 0.07493, 'loss': 2.73372197, 'lr': 0, 'params': 276757, 'time_iter': 0.00535, 'accuracy': 0.42143, 'f1': 0.376, 'auc': 0.91464}
test: {'epoch': 217, 'time_epoch': 0.06451, 'loss': 2.26087079, 'lr': 0, 'params': 276757, 'time_iter': 0.00461, 'accuracy': 0.47619, 'f1': 0.46211, 'auc': 0.93608}
> Epoch 217: took 2.1s (avg 2.1s) | Best so far: epoch 189	train_loss: 0.2399 train_accuracy: 0.9206	val_loss: 2.4293 val_accuracy: 0.4643	test_loss: 2.1442 test_accuracy: 0.4762	F1: 0.4704 Prec: 0.5011 Rec: 0.4762
train: {'epoch': 218, 'time_epoch': 1.71687, 'eta': 57.64446, 'eta_hours': 0.01601, 'loss': 0.20105232, 'lr': 3.988e-05, 'params': 276757, 'time_iter': 0.00981, 'accuracy': 0.93584, 'f1': 0.93581, 'auc': 0.99886}
val: {'epoch': 218, 'time_epoch': 0.06923, 'loss': 2.85764219, 'lr': 0, 'params': 276757, 'time_iter': 0.00494, 'accuracy': 0.41905, 'f1': 0.37019, 'auc': 0.91312}
test: {'epoch': 218, 'time_epoch': 0.06352, 'loss': 2.30320673, 'lr': 0, 'params': 276757, 'time_iter': 0.00454, 'accuracy': 0.47619, 'f1': 0.45626, 'auc': 0.93711}
> Epoch 218: took 1.9s (avg 2.1s) | Best so far: epoch 189	train_loss: 0.2399 train_accuracy: 0.9206	val_loss: 2.4293 val_accuracy: 0.4643	test_loss: 2.1442 test_accuracy: 0.4762	F1: 0.4704 Prec: 0.5011 Rec: 0.4762
train: {'epoch': 219, 'time_epoch': 1.71858, 'eta': 55.76575, 'eta_hours': 0.01549, 'loss': 0.20123928, 'lr': 3.746e-05, 'params': 276757, 'time_iter': 0.00982, 'accuracy': 0.93118, 'f1': 0.93112, 'auc': 0.99892}
val: {'epoch': 219, 'time_epoch': 0.09999, 'loss': 2.70582165, 'lr': 0, 'params': 276757, 'time_iter': 0.00714, 'accuracy': 0.42381, 'f1': 0.38239, 'auc': 0.9161}
test: {'epoch': 219, 'time_epoch': 0.06301, 'loss': 2.27987389, 'lr': 0, 'params': 276757, 'time_iter': 0.0045, 'accuracy': 0.49762, 'f1': 0.47899, 'auc': 0.93712}
> Epoch 219: took 2.0s (avg 2.1s) | Best so far: epoch 189	train_loss: 0.2399 train_accuracy: 0.9206	val_loss: 2.4293 val_accuracy: 0.4643	test_loss: 2.1442 test_accuracy: 0.4762	F1: 0.4704 Prec: 0.5011 Rec: 0.4762
train: {'epoch': 220, 'time_epoch': 1.87945, 'eta': 53.90959, 'eta_hours': 0.01497, 'loss': 0.21737557, 'lr': 3.511e-05, 'params': 276757, 'time_iter': 0.01074, 'accuracy': 0.93136, 'f1': 0.93139, 'auc': 0.99855}
val: {'epoch': 220, 'time_epoch': 0.06654, 'loss': 2.64028004, 'lr': 0, 'params': 276757, 'time_iter': 0.00475, 'accuracy': 0.44762, 'f1': 0.40821, 'auc': 0.91669}
test: {'epoch': 220, 'time_epoch': 0.0692, 'loss': 2.26024994, 'lr': 0, 'params': 276757, 'time_iter': 0.00494, 'accuracy': 0.4881, 'f1': 0.46844, 'auc': 0.93724}
> Epoch 220: took 2.1s (avg 2.1s) | Best so far: epoch 189	train_loss: 0.2399 train_accuracy: 0.9206	val_loss: 2.4293 val_accuracy: 0.4643	test_loss: 2.1442 test_accuracy: 0.4762	F1: 0.4704 Prec: 0.5011 Rec: 0.4762
train: {'epoch': 221, 'time_epoch': 1.76826, 'eta': 52.0392, 'eta_hours': 0.01446, 'loss': 0.20527855, 'lr': 3.284e-05, 'params': 276757, 'time_iter': 0.0101, 'accuracy': 0.93154, 'f1': 0.93153, 'auc': 0.99881}
val: {'epoch': 221, 'time_epoch': 0.06913, 'loss': 2.75431834, 'lr': 0, 'params': 276757, 'time_iter': 0.00494, 'accuracy': 0.42381, 'f1': 0.38005, 'auc': 0.91671}
test: {'epoch': 221, 'time_epoch': 0.07371, 'loss': 2.31578982, 'lr': 0, 'params': 276757, 'time_iter': 0.00527, 'accuracy': 0.47619, 'f1': 0.46085, 'auc': 0.93826}
> Epoch 221: took 2.0s (avg 2.1s) | Best so far: epoch 189	train_loss: 0.2399 train_accuracy: 0.9206	val_loss: 2.4293 val_accuracy: 0.4643	test_loss: 2.1442 test_accuracy: 0.4762	F1: 0.4704 Prec: 0.5011 Rec: 0.4762
train: {'epoch': 222, 'time_epoch': 1.74902, 'eta': 50.1674, 'eta_hours': 0.01394, 'loss': 0.20476634, 'lr': 3.063e-05, 'params': 276757, 'time_iter': 0.00999, 'accuracy': 0.93226, 'f1': 0.93224, 'auc': 0.99885}
val: {'epoch': 222, 'time_epoch': 0.06791, 'loss': 2.67688679, 'lr': 0, 'params': 276757, 'time_iter': 0.00485, 'accuracy': 0.44524, 'f1': 0.40582, 'auc': 0.9172}
test: {'epoch': 222, 'time_epoch': 0.08188, 'loss': 2.21968033, 'lr': 0, 'params': 276757, 'time_iter': 0.00585, 'accuracy': 0.49524, 'f1': 0.481, 'auc': 0.93892}
> Epoch 222: took 2.0s (avg 2.1s) | Best so far: epoch 189	train_loss: 0.2399 train_accuracy: 0.9206	val_loss: 2.4293 val_accuracy: 0.4643	test_loss: 2.1442 test_accuracy: 0.4762	F1: 0.4704 Prec: 0.5011 Rec: 0.4762
train: {'epoch': 223, 'time_epoch': 1.72416, 'eta': 48.29381, 'eta_hours': 0.01341, 'loss': 0.21115516, 'lr': 2.85e-05, 'params': 276757, 'time_iter': 0.00985, 'accuracy': 0.92975, 'f1': 0.92972, 'auc': 0.99875}
val: {'epoch': 223, 'time_epoch': 0.07442, 'loss': 2.63895164, 'lr': 0, 'params': 276757, 'time_iter': 0.00532, 'accuracy': 0.44762, 'f1': 0.40438, 'auc': 0.91802}
test: {'epoch': 223, 'time_epoch': 0.06382, 'loss': 2.15529453, 'lr': 0, 'params': 276757, 'time_iter': 0.00456, 'accuracy': 0.49286, 'f1': 0.47971, 'auc': 0.93991}
> Epoch 223: took 1.9s (avg 2.1s) | Best so far: epoch 189	train_loss: 0.2399 train_accuracy: 0.9206	val_loss: 2.4293 val_accuracy: 0.4643	test_loss: 2.1442 test_accuracy: 0.4762	F1: 0.4704 Prec: 0.5011 Rec: 0.4762
train: {'epoch': 224, 'time_epoch': 1.82537, 'eta': 46.43279, 'eta_hours': 0.0129, 'loss': 0.21997999, 'lr': 2.645e-05, 'params': 276757, 'time_iter': 0.01043, 'accuracy': 0.931, 'f1': 0.93095, 'auc': 0.99852}
val: {'epoch': 224, 'time_epoch': 0.07104, 'loss': 2.83280676, 'lr': 0, 'params': 276757, 'time_iter': 0.00507, 'accuracy': 0.42857, 'f1': 0.38284, 'auc': 0.91308}
test: {'epoch': 224, 'time_epoch': 0.08206, 'loss': 2.33091836, 'lr': 0, 'params': 276757, 'time_iter': 0.00586, 'accuracy': 0.49048, 'f1': 0.47381, 'auc': 0.93665}
> Epoch 224: took 2.1s (avg 2.1s) | Best so far: epoch 189	train_loss: 0.2399 train_accuracy: 0.9206	val_loss: 2.4293 val_accuracy: 0.4643	test_loss: 2.1442 test_accuracy: 0.4762	F1: 0.4704 Prec: 0.5011 Rec: 0.4762
train: {'epoch': 225, 'time_epoch': 1.90606, 'eta': 44.58065, 'eta_hours': 0.01238, 'loss': 0.19869237, 'lr': 2.447e-05, 'params': 276757, 'time_iter': 0.01089, 'accuracy': 0.93513, 'f1': 0.93511, 'auc': 0.99896}
val: {'epoch': 225, 'time_epoch': 0.06845, 'loss': 2.6416305, 'lr': 0, 'params': 276757, 'time_iter': 0.00489, 'accuracy': 0.43571, 'f1': 0.39477, 'auc': 0.91826}
test: {'epoch': 225, 'time_epoch': 0.06288, 'loss': 2.2249508, 'lr': 0, 'params': 276757, 'time_iter': 0.00449, 'accuracy': 0.49762, 'f1': 0.48212, 'auc': 0.93911}
> Epoch 225: took 2.1s (avg 2.1s) | Best so far: epoch 189	train_loss: 0.2399 train_accuracy: 0.9206	val_loss: 2.4293 val_accuracy: 0.4643	test_loss: 2.1442 test_accuracy: 0.4762	F1: 0.4704 Prec: 0.5011 Rec: 0.4762
train: {'epoch': 226, 'time_epoch': 2.23666, 'eta': 42.76154, 'eta_hours': 0.01188, 'loss': 0.20420468, 'lr': 2.257e-05, 'params': 276757, 'time_iter': 0.01278, 'accuracy': 0.93405, 'f1': 0.93401, 'auc': 0.99884}
val: {'epoch': 226, 'time_epoch': 0.06893, 'loss': 2.65768146, 'lr': 0, 'params': 276757, 'time_iter': 0.00492, 'accuracy': 0.44048, 'f1': 0.40078, 'auc': 0.91811}
test: {'epoch': 226, 'time_epoch': 0.07121, 'loss': 2.24303433, 'lr': 0, 'params': 276757, 'time_iter': 0.00509, 'accuracy': 0.50476, 'f1': 0.49188, 'auc': 0.93721}
> Epoch 226: took 2.5s (avg 2.1s) | Best so far: epoch 189	train_loss: 0.2399 train_accuracy: 0.9206	val_loss: 2.4293 val_accuracy: 0.4643	test_loss: 2.1442 test_accuracy: 0.4762	F1: 0.4704 Prec: 0.5011 Rec: 0.4762
train: {'epoch': 227, 'time_epoch': 2.14306, 'eta': 40.92973, 'eta_hours': 0.01137, 'loss': 0.21459372, 'lr': 2.074e-05, 'params': 276757, 'time_iter': 0.01225, 'accuracy': 0.93315, 'f1': 0.93313, 'auc': 0.99859}
val: {'epoch': 227, 'time_epoch': 0.06664, 'loss': 2.68918498, 'lr': 0, 'params': 276757, 'time_iter': 0.00476, 'accuracy': 0.44524, 'f1': 0.40371, 'auc': 0.91779}
test: {'epoch': 227, 'time_epoch': 0.08902, 'loss': 2.21759206, 'lr': 0, 'params': 276757, 'time_iter': 0.00636, 'accuracy': 0.50476, 'f1': 0.49069, 'auc': 0.93811}
> Epoch 227: took 2.4s (avg 2.1s) | Best so far: epoch 189	train_loss: 0.2399 train_accuracy: 0.9206	val_loss: 2.4293 val_accuracy: 0.4643	test_loss: 2.1442 test_accuracy: 0.4762	F1: 0.4704 Prec: 0.5011 Rec: 0.4762
train: {'epoch': 228, 'time_epoch': 2.12577, 'eta': 39.09362, 'eta_hours': 0.01086, 'loss': 0.19468337, 'lr': 1.899e-05, 'params': 276757, 'time_iter': 0.01215, 'accuracy': 0.93781, 'f1': 0.93777, 'auc': 0.99893}
val: {'epoch': 228, 'time_epoch': 0.07641, 'loss': 2.60785428, 'lr': 0, 'params': 276757, 'time_iter': 0.00546, 'accuracy': 0.4381, 'f1': 0.40218, 'auc': 0.91926}
test: {'epoch': 228, 'time_epoch': 0.07836, 'loss': 2.23903585, 'lr': 0, 'params': 276757, 'time_iter': 0.0056, 'accuracy': 0.4881, 'f1': 0.47274, 'auc': 0.93758}
> Epoch 228: took 2.4s (avg 2.1s) | Best so far: epoch 189	train_loss: 0.2399 train_accuracy: 0.9206	val_loss: 2.4293 val_accuracy: 0.4643	test_loss: 2.1442 test_accuracy: 0.4762	F1: 0.4704 Prec: 0.5011 Rec: 0.4762
train: {'epoch': 229, 'time_epoch': 2.24166, 'eta': 37.26507, 'eta_hours': 0.01035, 'loss': 0.19136827, 'lr': 1.731e-05, 'params': 276757, 'time_iter': 0.01281, 'accuracy': 0.93781, 'f1': 0.93784, 'auc': 0.999}
val: {'epoch': 229, 'time_epoch': 0.10621, 'loss': 2.55640278, 'lr': 0, 'params': 276757, 'time_iter': 0.00759, 'accuracy': 0.4381, 'f1': 0.40564, 'auc': 0.92164}
test: {'epoch': 229, 'time_epoch': 0.11624, 'loss': 2.2238474, 'lr': 0, 'params': 276757, 'time_iter': 0.0083, 'accuracy': 0.47619, 'f1': 0.45997, 'auc': 0.93897}
> Epoch 229: took 2.5s (avg 2.1s) | Best so far: epoch 189	train_loss: 0.2399 train_accuracy: 0.9206	val_loss: 2.4293 val_accuracy: 0.4643	test_loss: 2.1442 test_accuracy: 0.4762	F1: 0.4704 Prec: 0.5011 Rec: 0.4762
train: {'epoch': 230, 'time_epoch': 1.63359, 'eta': 35.38292, 'eta_hours': 0.00983, 'loss': 0.20087221, 'lr': 1.571e-05, 'params': 276757, 'time_iter': 0.00933, 'accuracy': 0.93369, 'f1': 0.93362, 'auc': 0.99892}
val: {'epoch': 230, 'time_epoch': 0.06239, 'loss': 2.63782784, 'lr': 0, 'params': 276757, 'time_iter': 0.00446, 'accuracy': 0.4381, 'f1': 0.39863, 'auc': 0.91935}
test: {'epoch': 230, 'time_epoch': 0.06758, 'loss': 2.27014656, 'lr': 0, 'params': 276757, 'time_iter': 0.00483, 'accuracy': 0.48571, 'f1': 0.47018, 'auc': 0.93821}
> Epoch 230: took 1.8s (avg 2.1s) | Best so far: epoch 189	train_loss: 0.2399 train_accuracy: 0.9206	val_loss: 2.4293 val_accuracy: 0.4643	test_loss: 2.1442 test_accuracy: 0.4762	F1: 0.4704 Prec: 0.5011 Rec: 0.4762
train: {'epoch': 231, 'time_epoch': 1.88682, 'eta': 33.52257, 'eta_hours': 0.00931, 'loss': 0.20323324, 'lr': 1.418e-05, 'params': 276757, 'time_iter': 0.01078, 'accuracy': 0.93351, 'f1': 0.93348, 'auc': 0.99885}
val: {'epoch': 231, 'time_epoch': 0.0795, 'loss': 2.71941785, 'lr': 0, 'params': 276757, 'time_iter': 0.00568, 'accuracy': 0.43571, 'f1': 0.39513, 'auc': 0.91745}
test: {'epoch': 231, 'time_epoch': 0.07759, 'loss': 2.24683519, 'lr': 0, 'params': 276757, 'time_iter': 0.00554, 'accuracy': 0.49762, 'f1': 0.47585, 'auc': 0.94017}
> Epoch 231: took 2.1s (avg 2.1s) | Best so far: epoch 189	train_loss: 0.2399 train_accuracy: 0.9206	val_loss: 2.4293 val_accuracy: 0.4643	test_loss: 2.1442 test_accuracy: 0.4762	F1: 0.4704 Prec: 0.5011 Rec: 0.4762
train: {'epoch': 232, 'time_epoch': 1.96044, 'eta': 31.66736, 'eta_hours': 0.0088, 'loss': 0.20201854, 'lr': 1.274e-05, 'params': 276757, 'time_iter': 0.0112, 'accuracy': 0.93495, 'f1': 0.93491, 'auc': 0.99889}
val: {'epoch': 232, 'time_epoch': 0.06794, 'loss': 2.79294401, 'lr': 0, 'params': 276757, 'time_iter': 0.00485, 'accuracy': 0.41905, 'f1': 0.37331, 'auc': 0.91469}
test: {'epoch': 232, 'time_epoch': 0.07643, 'loss': 2.26182957, 'lr': 0, 'params': 276757, 'time_iter': 0.00546, 'accuracy': 0.48571, 'f1': 0.4633, 'auc': 0.93888}
> Epoch 232: took 2.2s (avg 2.1s) | Best so far: epoch 189	train_loss: 0.2399 train_accuracy: 0.9206	val_loss: 2.4293 val_accuracy: 0.4643	test_loss: 2.1442 test_accuracy: 0.4762	F1: 0.4704 Prec: 0.5011 Rec: 0.4762
train: {'epoch': 233, 'time_epoch': 1.64793, 'eta': 29.78988, 'eta_hours': 0.00827, 'loss': 0.19279204, 'lr': 1.137e-05, 'params': 276757, 'time_iter': 0.00942, 'accuracy': 0.93943, 'f1': 0.93945, 'auc': 0.99898}
val: {'epoch': 233, 'time_epoch': 0.0724, 'loss': 2.73461813, 'lr': 0, 'params': 276757, 'time_iter': 0.00517, 'accuracy': 0.43333, 'f1': 0.38952, 'auc': 0.91745}
test: {'epoch': 233, 'time_epoch': 0.07917, 'loss': 2.29165421, 'lr': 0, 'params': 276757, 'time_iter': 0.00566, 'accuracy': 0.49524, 'f1': 0.48068, 'auc': 0.9361}
> Epoch 233: took 1.9s (avg 2.1s) | Best so far: epoch 189	train_loss: 0.2399 train_accuracy: 0.9206	val_loss: 2.4293 val_accuracy: 0.4643	test_loss: 2.1442 test_accuracy: 0.4762	F1: 0.4704 Prec: 0.5011 Rec: 0.4762
train: {'epoch': 234, 'time_epoch': 1.86536, 'eta': 27.92824, 'eta_hours': 0.00776, 'loss': 0.19746059, 'lr': 1.007e-05, 'params': 276757, 'time_iter': 0.01066, 'accuracy': 0.93746, 'f1': 0.93743, 'auc': 0.99891}
val: {'epoch': 234, 'time_epoch': 0.06598, 'loss': 2.72269478, 'lr': 0, 'params': 276757, 'time_iter': 0.00471, 'accuracy': 0.4381, 'f1': 0.39315, 'auc': 0.91688}
test: {'epoch': 234, 'time_epoch': 0.10542, 'loss': 2.31800038, 'lr': 0, 'params': 276757, 'time_iter': 0.00753, 'accuracy': 0.49762, 'f1': 0.47773, 'auc': 0.93577}
> Epoch 234: took 2.1s (avg 2.1s) | Best so far: epoch 189	train_loss: 0.2399 train_accuracy: 0.9206	val_loss: 2.4293 val_accuracy: 0.4643	test_loss: 2.1442 test_accuracy: 0.4762	F1: 0.4704 Prec: 0.5011 Rec: 0.4762
train: {'epoch': 235, 'time_epoch': 1.76031, 'eta': 26.06033, 'eta_hours': 0.00724, 'loss': 0.19242575, 'lr': 8.86e-06, 'params': 276757, 'time_iter': 0.01006, 'accuracy': 0.93907, 'f1': 0.93905, 'auc': 0.99896}
val: {'epoch': 235, 'time_epoch': 0.06371, 'loss': 2.53447612, 'lr': 0, 'params': 276757, 'time_iter': 0.00455, 'accuracy': 0.44762, 'f1': 0.41499, 'auc': 0.92155}
test: {'epoch': 235, 'time_epoch': 0.06443, 'loss': 2.17270016, 'lr': 0, 'params': 276757, 'time_iter': 0.0046, 'accuracy': 0.49762, 'f1': 0.48409, 'auc': 0.94079}
> Epoch 235: took 2.0s (avg 2.1s) | Best so far: epoch 189	train_loss: 0.2399 train_accuracy: 0.9206	val_loss: 2.4293 val_accuracy: 0.4643	test_loss: 2.1442 test_accuracy: 0.4762	F1: 0.4704 Prec: 0.5011 Rec: 0.4762
train: {'epoch': 236, 'time_epoch': 2.00192, 'eta': 24.20658, 'eta_hours': 0.00672, 'loss': 0.2037996, 'lr': 7.72e-06, 'params': 276757, 'time_iter': 0.01144, 'accuracy': 0.9328, 'f1': 0.93277, 'auc': 0.99882}
val: {'epoch': 236, 'time_epoch': 0.06844, 'loss': 2.59353005, 'lr': 0, 'params': 276757, 'time_iter': 0.00489, 'accuracy': 0.43571, 'f1': 0.39107, 'auc': 0.92075}
test: {'epoch': 236, 'time_epoch': 0.07033, 'loss': 2.24406039, 'lr': 0, 'params': 276757, 'time_iter': 0.00502, 'accuracy': 0.48333, 'f1': 0.46471, 'auc': 0.93915}
> Epoch 236: took 2.2s (avg 2.1s) | Best so far: epoch 189	train_loss: 0.2399 train_accuracy: 0.9206	val_loss: 2.4293 val_accuracy: 0.4643	test_loss: 2.1442 test_accuracy: 0.4762	F1: 0.4704 Prec: 0.5011 Rec: 0.4762
train: {'epoch': 237, 'time_epoch': 1.8916, 'eta': 22.34603, 'eta_hours': 0.00621, 'loss': 0.20117325, 'lr': 6.66e-06, 'params': 276757, 'time_iter': 0.01081, 'accuracy': 0.92975, 'f1': 0.92963, 'auc': 0.99885}
val: {'epoch': 237, 'time_epoch': 0.06804, 'loss': 2.76386171, 'lr': 0, 'params': 276757, 'time_iter': 0.00486, 'accuracy': 0.42143, 'f1': 0.37931, 'auc': 0.91554}
test: {'epoch': 237, 'time_epoch': 0.0677, 'loss': 2.31283761, 'lr': 0, 'params': 276757, 'time_iter': 0.00484, 'accuracy': 0.49762, 'f1': 0.47966, 'auc': 0.9368}
> Epoch 237: took 2.1s (avg 2.1s) | Best so far: epoch 189	train_loss: 0.2399 train_accuracy: 0.9206	val_loss: 2.4293 val_accuracy: 0.4643	test_loss: 2.1442 test_accuracy: 0.4762	F1: 0.4704 Prec: 0.5011 Rec: 0.4762
train: {'epoch': 238, 'time_epoch': 1.91047, 'eta': 20.48608, 'eta_hours': 0.00569, 'loss': 0.20362437, 'lr': 5.67e-06, 'params': 276757, 'time_iter': 0.01092, 'accuracy': 0.93477, 'f1': 0.93479, 'auc': 0.99888}
val: {'epoch': 238, 'time_epoch': 0.06838, 'loss': 2.73274893, 'lr': 0, 'params': 276757, 'time_iter': 0.00488, 'accuracy': 0.4381, 'f1': 0.39505, 'auc': 0.91652}
test: {'epoch': 238, 'time_epoch': 0.08228, 'loss': 2.2552758, 'lr': 0, 'params': 276757, 'time_iter': 0.00588, 'accuracy': 0.49524, 'f1': 0.47889, 'auc': 0.93802}
> Epoch 238: took 2.1s (avg 2.1s) | Best so far: epoch 189	train_loss: 0.2399 train_accuracy: 0.9206	val_loss: 2.4293 val_accuracy: 0.4643	test_loss: 2.1442 test_accuracy: 0.4762	F1: 0.4704 Prec: 0.5011 Rec: 0.4762
train: {'epoch': 239, 'time_epoch': 1.97974, 'eta': 18.6286, 'eta_hours': 0.00517, 'loss': 0.20370053, 'lr': 4.77e-06, 'params': 276757, 'time_iter': 0.01131, 'accuracy': 0.9362, 'f1': 0.93615, 'auc': 0.99881}
val: {'epoch': 239, 'time_epoch': 0.07397, 'loss': 2.67058648, 'lr': 0, 'params': 276757, 'time_iter': 0.00528, 'accuracy': 0.43095, 'f1': 0.39514, 'auc': 0.91739}
test: {'epoch': 239, 'time_epoch': 0.0623, 'loss': 2.23665778, 'lr': 0, 'params': 276757, 'time_iter': 0.00445, 'accuracy': 0.49048, 'f1': 0.47454, 'auc': 0.93962}
> Epoch 239: took 2.2s (avg 2.1s) | Best so far: epoch 189	train_loss: 0.2399 train_accuracy: 0.9206	val_loss: 2.4293 val_accuracy: 0.4643	test_loss: 2.1442 test_accuracy: 0.4762	F1: 0.4704 Prec: 0.5011 Rec: 0.4762
train: {'epoch': 240, 'time_epoch': 1.72928, 'eta': 16.76075, 'eta_hours': 0.00466, 'loss': 0.20638417, 'lr': 3.94e-06, 'params': 276757, 'time_iter': 0.00988, 'accuracy': 0.92903, 'f1': 0.92898, 'auc': 0.99888}
val: {'epoch': 240, 'time_epoch': 0.07303, 'loss': 2.60618263, 'lr': 0, 'params': 276757, 'time_iter': 0.00522, 'accuracy': 0.44762, 'f1': 0.40446, 'auc': 0.9207}
test: {'epoch': 240, 'time_epoch': 0.07309, 'loss': 2.28116315, 'lr': 0, 'params': 276757, 'time_iter': 0.00522, 'accuracy': 0.5, 'f1': 0.48396, 'auc': 0.93707}
> Epoch 240: took 1.9s (avg 2.1s) | Best so far: epoch 189	train_loss: 0.2399 train_accuracy: 0.9206	val_loss: 2.4293 val_accuracy: 0.4643	test_loss: 2.1442 test_accuracy: 0.4762	F1: 0.4704 Prec: 0.5011 Rec: 0.4762
train: {'epoch': 241, 'time_epoch': 1.8668, 'eta': 14.8986, 'eta_hours': 0.00414, 'loss': 0.19476332, 'lr': 3.19e-06, 'params': 276757, 'time_iter': 0.01067, 'accuracy': 0.93781, 'f1': 0.93771, 'auc': 0.99888}
val: {'epoch': 241, 'time_epoch': 0.09396, 'loss': 2.5727192, 'lr': 0, 'params': 276757, 'time_iter': 0.00671, 'accuracy': 0.45238, 'f1': 0.41943, 'auc': 0.91849}
test: {'epoch': 241, 'time_epoch': 0.07096, 'loss': 2.1978498, 'lr': 0, 'params': 276757, 'time_iter': 0.00507, 'accuracy': 0.51429, 'f1': 0.50158, 'auc': 0.93864}
> Epoch 241: took 2.1s (avg 2.1s) | Best so far: epoch 189	train_loss: 0.2399 train_accuracy: 0.9206	val_loss: 2.4293 val_accuracy: 0.4643	test_loss: 2.1442 test_accuracy: 0.4762	F1: 0.4704 Prec: 0.5011 Rec: 0.4762
train: {'epoch': 242, 'time_epoch': 1.82844, 'eta': 13.0353, 'eta_hours': 0.00362, 'loss': 0.19929341, 'lr': 2.52e-06, 'params': 276757, 'time_iter': 0.01045, 'accuracy': 0.93441, 'f1': 0.93439, 'auc': 0.99893}
val: {'epoch': 242, 'time_epoch': 0.07064, 'loss': 2.61894628, 'lr': 0, 'params': 276757, 'time_iter': 0.00505, 'accuracy': 0.45238, 'f1': 0.41291, 'auc': 0.91892}
test: {'epoch': 242, 'time_epoch': 0.06333, 'loss': 2.27712066, 'lr': 0, 'params': 276757, 'time_iter': 0.00452, 'accuracy': 0.49762, 'f1': 0.48402, 'auc': 0.93714}
> Epoch 242: took 2.1s (avg 2.1s) | Best so far: epoch 189	train_loss: 0.2399 train_accuracy: 0.9206	val_loss: 2.4293 val_accuracy: 0.4643	test_loss: 2.1442 test_accuracy: 0.4762	F1: 0.4704 Prec: 0.5011 Rec: 0.4762
train: {'epoch': 243, 'time_epoch': 1.72977, 'eta': 11.16985, 'eta_hours': 0.0031, 'loss': 0.1877288, 'lr': 1.93e-06, 'params': 276757, 'time_iter': 0.00988, 'accuracy': 0.9405, 'f1': 0.94053, 'auc': 0.99903}
val: {'epoch': 243, 'time_epoch': 0.07932, 'loss': 2.68132834, 'lr': 0, 'params': 276757, 'time_iter': 0.00567, 'accuracy': 0.44762, 'f1': 0.40628, 'auc': 0.9168}
test: {'epoch': 243, 'time_epoch': 0.07135, 'loss': 2.24385775, 'lr': 0, 'params': 276757, 'time_iter': 0.0051, 'accuracy': 0.47857, 'f1': 0.46411, 'auc': 0.93689}
> Epoch 243: took 2.0s (avg 2.1s) | Best so far: epoch 189	train_loss: 0.2399 train_accuracy: 0.9206	val_loss: 2.4293 val_accuracy: 0.4643	test_loss: 2.1442 test_accuracy: 0.4762	F1: 0.4704 Prec: 0.5011 Rec: 0.4762
train: {'epoch': 244, 'time_epoch': 2.18453, 'eta': 9.3148, 'eta_hours': 0.00259, 'loss': 0.18305563, 'lr': 1.42e-06, 'params': 276757, 'time_iter': 0.01248, 'accuracy': 0.94086, 'f1': 0.94081, 'auc': 0.99905}
val: {'epoch': 244, 'time_epoch': 0.07553, 'loss': 2.54707147, 'lr': 0, 'params': 276757, 'time_iter': 0.00539, 'accuracy': 0.44524, 'f1': 0.40899, 'auc': 0.92248}
test: {'epoch': 244, 'time_epoch': 0.06483, 'loss': 2.25121525, 'lr': 0, 'params': 276757, 'time_iter': 0.00463, 'accuracy': 0.49286, 'f1': 0.47482, 'auc': 0.94049}
> Epoch 244: took 2.4s (avg 2.1s) | Best so far: epoch 189	train_loss: 0.2399 train_accuracy: 0.9206	val_loss: 2.4293 val_accuracy: 0.4643	test_loss: 2.1442 test_accuracy: 0.4762	F1: 0.4704 Prec: 0.5011 Rec: 0.4762
train: {'epoch': 245, 'time_epoch': 1.98604, 'eta': 7.45384, 'eta_hours': 0.00207, 'loss': 0.18787505, 'lr': 9.9e-07, 'params': 276757, 'time_iter': 0.01135, 'accuracy': 0.93799, 'f1': 0.93798, 'auc': 0.99904}
val: {'epoch': 245, 'time_epoch': 0.06262, 'loss': 2.51094294, 'lr': 0, 'params': 276757, 'time_iter': 0.00447, 'accuracy': 0.45, 'f1': 0.41469, 'auc': 0.92132}
test: {'epoch': 245, 'time_epoch': 0.07091, 'loss': 2.14196393, 'lr': 0, 'params': 276757, 'time_iter': 0.00507, 'accuracy': 0.5119, 'f1': 0.4975, 'auc': 0.94385}
> Epoch 245: took 2.2s (avg 2.1s) | Best so far: epoch 189	train_loss: 0.2399 train_accuracy: 0.9206	val_loss: 2.4293 val_accuracy: 0.4643	test_loss: 2.1442 test_accuracy: 0.4762	F1: 0.4704 Prec: 0.5011 Rec: 0.4762
train: {'epoch': 246, 'time_epoch': 2.278, 'eta': 5.59542, 'eta_hours': 0.00155, 'loss': 0.19086276, 'lr': 6.3e-07, 'params': 276757, 'time_iter': 0.01302, 'accuracy': 0.93674, 'f1': 0.93668, 'auc': 0.99901}
val: {'epoch': 246, 'time_epoch': 0.07378, 'loss': 2.56581216, 'lr': 0, 'params': 276757, 'time_iter': 0.00527, 'accuracy': 0.45714, 'f1': 0.42218, 'auc': 0.91976}
test: {'epoch': 246, 'time_epoch': 0.07529, 'loss': 2.17273368, 'lr': 0, 'params': 276757, 'time_iter': 0.00538, 'accuracy': 0.49762, 'f1': 0.48489, 'auc': 0.94052}
> Epoch 246: took 2.5s (avg 2.1s) | Best so far: epoch 189	train_loss: 0.2399 train_accuracy: 0.9206	val_loss: 2.4293 val_accuracy: 0.4643	test_loss: 2.1442 test_accuracy: 0.4762	F1: 0.4704 Prec: 0.5011 Rec: 0.4762
train: {'epoch': 247, 'time_epoch': 2.09624, 'eta': 3.73214, 'eta_hours': 0.00104, 'loss': 0.19113991, 'lr': 3.6e-07, 'params': 276757, 'time_iter': 0.01198, 'accuracy': 0.93907, 'f1': 0.93901, 'auc': 0.99898}
val: {'epoch': 247, 'time_epoch': 0.06704, 'loss': 2.73052264, 'lr': 0, 'params': 276757, 'time_iter': 0.00479, 'accuracy': 0.42857, 'f1': 0.38202, 'auc': 0.91701}
test: {'epoch': 247, 'time_epoch': 0.07336, 'loss': 2.28147155, 'lr': 0, 'params': 276757, 'time_iter': 0.00524, 'accuracy': 0.49286, 'f1': 0.47569, 'auc': 0.93746}
> Epoch 247: took 2.3s (avg 2.1s) | Best so far: epoch 189	train_loss: 0.2399 train_accuracy: 0.9206	val_loss: 2.4293 val_accuracy: 0.4643	test_loss: 2.1442 test_accuracy: 0.4762	F1: 0.4704 Prec: 0.5011 Rec: 0.4762
train: {'epoch': 248, 'time_epoch': 2.34132, 'eta': 1.86798, 'eta_hours': 0.00052, 'loss': 0.21685377, 'lr': 1.6e-07, 'params': 276757, 'time_iter': 0.01338, 'accuracy': 0.93136, 'f1': 0.93129, 'auc': 0.99868}
val: {'epoch': 248, 'time_epoch': 0.08833, 'loss': 2.7102419, 'lr': 0, 'params': 276757, 'time_iter': 0.00631, 'accuracy': 0.42857, 'f1': 0.38985, 'auc': 0.91732}
test: {'epoch': 248, 'time_epoch': 0.10331, 'loss': 2.35367641, 'lr': 0, 'params': 276757, 'time_iter': 0.00738, 'accuracy': 0.47857, 'f1': 0.46042, 'auc': 0.93554}
> Epoch 248: took 2.6s (avg 2.1s) | Best so far: epoch 189	train_loss: 0.2399 train_accuracy: 0.9206	val_loss: 2.4293 val_accuracy: 0.4643	test_loss: 2.1442 test_accuracy: 0.4762	F1: 0.4704 Prec: 0.5011 Rec: 0.4762
train: {'epoch': 249, 'time_epoch': 2.08937, 'eta': 0.0, 'eta_hours': 0.0, 'loss': 0.19656612, 'lr': 4e-08, 'params': 276757, 'time_iter': 0.01194, 'accuracy': 0.93513, 'f1': 0.93512, 'auc': 0.99889}
val: {'epoch': 249, 'time_epoch': 0.07837, 'loss': 2.61978003, 'lr': 0, 'params': 276757, 'time_iter': 0.0056, 'accuracy': 0.44524, 'f1': 0.40571, 'auc': 0.91939}
test: {'epoch': 249, 'time_epoch': 0.07807, 'loss': 2.2231712, 'lr': 0, 'params': 276757, 'time_iter': 0.00558, 'accuracy': 0.4881, 'f1': 0.46886, 'auc': 0.9407}
> Epoch 249: took 2.3s (avg 2.1s) | Best so far: epoch 189	train_loss: 0.2399 train_accuracy: 0.9206	val_loss: 2.4293 val_accuracy: 0.4643	test_loss: 2.1442 test_accuracy: 0.4762	F1: 0.4704 Prec: 0.5011 Rec: 0.4762
Avg time per epoch: 2.10s
Total train loop time: 0.15h
Task done, results saved in results_lopo_none/IM_3m
[*] All done: 2026-04-01 13:44:50.446682
