[*] Run ID 0: seed=0, split_index=0
    Starting now: 2026-04-20 13:23:24.231164
[*] Loaded dataset 'rfid' from 'RFID':
  Data(x=[51360, 30, 2], edge_index=[2, 51360], y=[6420], y_user=[6420], subject=[6420])
  undirected: True
  num graphs: 6420
  avg num_nodes/graph: 8
  num node features: 2
  num edge features: 0
  num classes: 21
[*] LOPO Split: Test Subj=DE 3m, Val Subj=FQ 3m
    Train: 5580 | Val: 420 | Test: 420
GraphGymModule(
  (model): CustomGNN(
    (temporal_encoder): TemporalNodeEncoder(
      (lstm): LSTM(2, 30, batch_first=True, bidirectional=True)
    )
    (encoder): FeatureEncoder()
    (pre_mp): GeneralMultiLayer(
      (Layer_0): GeneralLayer(
        (layer): Linear(
          (model): Linear(60, 128, bias=False)
        )
        (post_layer): Sequential(
          (0): BatchNorm1d(128, eps=1e-05, momentum=0.1, affine=True, track_running_stats=True)
          (1): Dropout(p=0.2, inplace=False)
          (2): ReLU()
        )
      )
    )
    (gnn_layers): Sequential(
      (0): GCNConvLayer(
        (bn_node_x): BatchNorm1d(128, eps=1e-05, momentum=0.1, affine=True, track_running_stats=True)
        (act): Sequential(
          (0): ReLU()
          (1): Dropout(p=0.2, inplace=False)
        )
        (model): GCNConv(128, 128)
        (norm1_local): BatchNorm1d(128, eps=1e-05, momentum=0.1, affine=True, track_running_stats=True)
        (ff_linear1): Linear(in_features=128, out_features=256, bias=True)
        (ff_linear2): Linear(in_features=256, out_features=128, bias=True)
        (act_fn_ff): ReLU()
        (norm2): BatchNorm1d(128, eps=1e-05, momentum=0.1, affine=True, track_running_stats=True)
        (ff_dropout1): Dropout(p=0.2, inplace=False)
        (ff_dropout2): Dropout(p=0.2, inplace=False)
      )
      (1): GCNConvLayer(
        (bn_node_x): BatchNorm1d(128, eps=1e-05, momentum=0.1, affine=True, track_running_stats=True)
        (act): Sequential(
          (0): ReLU()
          (1): Dropout(p=0.2, inplace=False)
        )
        (model): GCNConv(128, 128)
        (norm1_local): BatchNorm1d(128, eps=1e-05, momentum=0.1, affine=True, track_running_stats=True)
        (ff_linear1): Linear(in_features=128, out_features=256, bias=True)
        (ff_linear2): Linear(in_features=256, out_features=128, bias=True)
        (act_fn_ff): ReLU()
        (norm2): BatchNorm1d(128, eps=1e-05, momentum=0.1, affine=True, track_running_stats=True)
        (ff_dropout1): Dropout(p=0.2, inplace=False)
        (ff_dropout2): Dropout(p=0.2, inplace=False)
      )
      (2): GCNConvLayer(
        (bn_node_x): BatchNorm1d(128, eps=1e-05, momentum=0.1, affine=True, track_running_stats=True)
        (act): Sequential(
          (0): ReLU()
          (1): Dropout(p=0.2, inplace=False)
        )
        (model): GCNConv(128, 128)
        (norm1_local): BatchNorm1d(128, eps=1e-05, momentum=0.1, affine=True, track_running_stats=True)
        (ff_linear1): Linear(in_features=128, out_features=256, bias=True)
        (ff_linear2): Linear(in_features=256, out_features=128, bias=True)
        (act_fn_ff): ReLU()
        (norm2): BatchNorm1d(128, eps=1e-05, momentum=0.1, affine=True, track_running_stats=True)
        (ff_dropout1): Dropout(p=0.2, inplace=False)
        (ff_dropout2): Dropout(p=0.2, inplace=False)
      )
    )
    (post_mp): MLPGraphHead(
      (mlp): Sequential(
        (0): Dropout(p=0.2, inplace=False)
        (1): Linear(in_features=128, out_features=128, bias=True)
        (2): ReLU()
        (3): Dropout(p=0.2, inplace=False)
        (4): Linear(in_features=128, out_features=21, bias=True)
      )
    )
  )
)
accelerator: cuda
adv:
  lambda_u: 1.0
  num_users: 16
  use: False
benchmark: False
bn:
  eps: 1e-05
  mom: 0.1
cfg_dest: config.yaml
custom_metrics: []
dataset:
  cache_load: False
  cache_save: False
  dir: C:\Users\PC\Desktop\AdversarialLearningProject 1\ICML\Adversarial_Learning\Daniel\RFIDDataSet\DataSetLOPO
  edge_dim: 128
  edge_encoder: False
  edge_encoder_bn: True
  edge_encoder_name: Bond
  edge_encoder_num_types: 0
  edge_message_ratio: 0.8
  edge_negative_sampling_ratio: 1.0
  edge_train_mode: all
  encoder: True
  encoder_bn: True
  encoder_dim: 128
  encoder_name: db
  format: RFID
  infer_link_label: None
  label_column: none
  label_table: none
  location: local
  name: rfid
  node_encoder: False
  node_encoder_bn: True
  node_encoder_name: Atom
  node_encoder_num_types: 0
  remove_feature: False
  resample_disjoint: False
  resample_negative: False
  shuffle_split: True
  slic_compactness: 10
  split: [0.8, 0.1, 0.1]
  split_dir: ./splits
  split_index: 0
  split_mode: lopo-subject
  task: graph
  task_type: classification
  test_subj: DE 3m
  to_undirected: False
  transductive: False
  transform: none
  tu_simple: True
  val_subj: FQ 3m
devices: 1
example_arg: example
example_group:
  example_arg: example
gnn:
  act: relu
  agg: add
  att_final_linear: False
  att_final_linear_bn: False
  att_heads: 1
  batchnorm: True
  clear_feature: True
  dim_inner: 128
  dropout: 0.2
  ffn: True
  head: mlp_graph
  keep_edge: 0.5
  l2norm: True
  layer_type: gcn
  layers_mp: 3
  layers_post_mp: 2
  layers_pre_mp: 1
  msg_direction: single
  normalize_adj: False
  residual: False
  self_msg: concat
  skip_every: 1
  stage_type: stack
gpu_mem: False
mem:
  inplace: False
metric_agg: argmax
metric_best: accuracy
model:
  edge_decoding: dot
  graph_pooling: mean
  loss_fun: cross_entropy
  match_upper: True
  size_average: mean
  thresh: 0.5
  type: custom_gnn
name_tag: 
num_threads: 6
num_workers: 0
optim:
  base_lr: 0.001
  batch_accumulation: 1
  clip_grad_norm: False
  clip_grad_norm_value: 1.0
  lr_decay: 0.1
  max_epoch: 250
  min_lr: 0.0
  momentum: 0.9
  num_warmup_epochs: 50
  optimizer: adam
  reduce_factor: 0.1
  schedule_patience: 10
  scheduler: cos
  steps: [30, 60, 90]
  weight_decay: 0.0005
out_dir: results_lopo_1.0/DE_3m
posenc_RWSE:
  dim_pe: 16
  enable: False
  kernel:
    times: []
    times_func: 
  layers: 3
  model: none
  n_heads: 4
  pass_as_var: False
  post_layers: 0
  raw_norm_type: none
pretrained:
  dir: 
  freeze_main: False
  reset_prediction_head: True
print: both
round: 5
run_dir: results_lopo_1.0/DE_3m
run_id: 0
run_multiple_splits: []
seed: 0
share:
  dim_in: 30
  dim_out: 21
  num_splits: 3
tensorboard_agg: True
tensorboard_each_run: False
train:
  auto_resume: False
  batch_size: 32
  ckpt_best: False
  ckpt_clean: True
  ckpt_period: 100
  enable_ckpt: True
  epoch_resume: -1
  eval_period: 1
  eval_smoothing_metrics: False
  iter_per_epoch: 32
  mode: custom
  neighbor_sizes: [20, 15, 10, 5]
  node_per_graph: 32
  radius: extend
  sample_node: False
  sampler: full_batch
  skip_train_eval: False
  walk_length: 4
val:
  node_per_graph: 32
  radius: extend
  sample_node: False
  sampler: full_batch
view_emb: False
wandb:
  entity: gnn
  name: 
  project: rfid_lopo
  use: False
Num parameters: 284917
Start from epoch 0
train: {'epoch': 0, 'time_epoch': 3.18679, 'eta': 793.5113, 'eta_hours': 0.22042, 'loss': 2.685854, 'lr': 0.001, 'params': 284917, 'time_iter': 0.01821, 'accuracy': 0.15789, 'f1': 0.1459, 'auc': 0.74401}
...computing epoch stats took: 0.17s
val: {'epoch': 0, 'time_epoch': 0.12923, 'loss': 7.33420045, 'lr': 0, 'params': 284917, 'time_iter': 0.00923, 'accuracy': 0.05714, 'f1': 0.01343, 'auc': 0.72924}
...computing epoch stats took: 0.06s
test: {'epoch': 0, 'time_epoch': 0.12116, 'loss': 7.54694756, 'lr': 0, 'params': 284917, 'time_iter': 0.00865, 'accuracy': 0.08333, 'f1': 0.01843, 'auc': 0.67852}
...computing epoch stats took: 0.02s
[*] Confusion Matrix saved to: results_lopo_1.0/DE_3m\Conf\confusion_matrix_epoch_0.png
> Epoch 0: took 3.7s (avg 3.7s) | Best so far: epoch 0	train_loss: 2.6859 train_accuracy: 0.1579	val_loss: 7.3342 val_accuracy: 0.0571	test_loss: 7.5469 test_accuracy: 0.0833	F1: 0.0184 Prec: 0.0108 Rec: 0.0833
train: {'epoch': 1, 'time_epoch': 2.14673, 'eta': 661.3568, 'eta_hours': 0.18371, 'loss': 2.24941501, 'lr': 0.00099996, 'params': 284917, 'time_iter': 0.01227, 'accuracy': 0.25896, 'f1': 0.24672, 'auc': 0.8456}
...computing epoch stats took: 0.03s
val: {'epoch': 1, 'time_epoch': 0.09494, 'loss': 4.01169891, 'lr': 0, 'params': 284917, 'time_iter': 0.00678, 'accuracy': 0.11905, 'f1': 0.05888, 'auc': 0.74188}
...computing epoch stats took: 0.02s
test: {'epoch': 1, 'time_epoch': 0.11619, 'loss': 3.90741236, 'lr': 0, 'params': 284917, 'time_iter': 0.0083, 'accuracy': 0.16667, 'f1': 0.09508, 'auc': 0.77685}
...computing epoch stats took: 0.02s
[*] Confusion Matrix saved to: results_lopo_1.0/DE_3m\Conf\confusion_matrix_epoch_1.png
> Epoch 1: took 2.4s (avg 3.1s) | Best so far: epoch 1	train_loss: 2.2494 train_accuracy: 0.2590	val_loss: 4.0117 val_accuracy: 0.1191	test_loss: 3.9074 test_accuracy: 0.1667	F1: 0.0951 Prec: 0.0980 Rec: 0.1667
train: {'epoch': 2, 'time_epoch': 2.37014, 'eta': 634.26862, 'eta_hours': 0.17619, 'loss': 2.1323446, 'lr': 0.00099984, 'params': 284917, 'time_iter': 0.01354, 'accuracy': 0.28082, 'f1': 0.2719, 'auc': 0.86479}
...computing epoch stats took: 0.03s
val: {'epoch': 2, 'time_epoch': 0.13169, 'loss': 5.40679574, 'lr': 0, 'params': 284917, 'time_iter': 0.00941, 'accuracy': 0.1, 'f1': 0.03338, 'auc': 0.69211}
...computing epoch stats took: 0.03s
test: {'epoch': 2, 'time_epoch': 0.09542, 'loss': 5.916436, 'lr': 0, 'params': 284917, 'time_iter': 0.00682, 'accuracy': 0.05238, 'f1': 0.00821, 'auc': 0.69671}
...computing epoch stats took: 0.02s
> Epoch 2: took 2.7s (avg 2.9s) | Best so far: epoch 1	train_loss: 2.2494 train_accuracy: 0.2590	val_loss: 4.0117 val_accuracy: 0.1191	test_loss: 3.9074 test_accuracy: 0.1667	F1: 0.0951 Prec: 0.0980 Rec: 0.1667
train: {'epoch': 3, 'time_epoch': 2.49776, 'eta': 627.38767, 'eta_hours': 0.17427, 'loss': 2.03335118, 'lr': 0.00099964, 'params': 284917, 'time_iter': 0.01427, 'accuracy': 0.31685, 'f1': 0.30956, 'auc': 0.87938}
val: {'epoch': 3, 'time_epoch': 0.09694, 'loss': 3.70865437, 'lr': 0, 'params': 284917, 'time_iter': 0.00692, 'accuracy': 0.08095, 'f1': 0.04078, 'auc': 0.77799}
test: {'epoch': 3, 'time_epoch': 0.10381, 'loss': 3.40311885, 'lr': 0, 'params': 284917, 'time_iter': 0.00742, 'accuracy': 0.09048, 'f1': 0.03352, 'auc': 0.77529}
> Epoch 3: took 2.8s (avg 2.9s) | Best so far: epoch 1	train_loss: 2.2494 train_accuracy: 0.2590	val_loss: 4.0117 val_accuracy: 0.1191	test_loss: 3.9074 test_accuracy: 0.1667	F1: 0.0951 Prec: 0.0980 Rec: 0.1667
train: {'epoch': 4, 'time_epoch': 2.57876, 'eta': 626.22926, 'eta_hours': 0.17395, 'loss': 1.96316508, 'lr': 0.00099937, 'params': 284917, 'time_iter': 0.01474, 'accuracy': 0.34194, 'f1': 0.33696, 'auc': 0.88864}
val: {'epoch': 4, 'time_epoch': 0.11278, 'loss': 4.90847421, 'lr': 0, 'params': 284917, 'time_iter': 0.00806, 'accuracy': 0.06429, 'f1': 0.02147, 'auc': 0.73261}
test: {'epoch': 4, 'time_epoch': 0.10222, 'loss': 4.43964289, 'lr': 0, 'params': 284917, 'time_iter': 0.0073, 'accuracy': 0.05476, 'f1': 0.01536, 'auc': 0.71302}
> Epoch 4: took 2.9s (avg 2.9s) | Best so far: epoch 1	train_loss: 2.2494 train_accuracy: 0.2590	val_loss: 4.0117 val_accuracy: 0.1191	test_loss: 3.9074 test_accuracy: 0.1667	F1: 0.0951 Prec: 0.0980 Rec: 0.1667
train: {'epoch': 5, 'time_epoch': 2.31694, 'eta': 613.94997, 'eta_hours': 0.17054, 'loss': 1.87873468, 'lr': 0.00099901, 'params': 284917, 'time_iter': 0.01324, 'accuracy': 0.36237, 'f1': 0.35784, 'auc': 0.89972}
val: {'epoch': 5, 'time_epoch': 0.08936, 'loss': 3.28509305, 'lr': 0, 'params': 284917, 'time_iter': 0.00638, 'accuracy': 0.11905, 'f1': 0.05947, 'auc': 0.80268}
test: {'epoch': 5, 'time_epoch': 0.08867, 'loss': 2.96997385, 'lr': 0, 'params': 284917, 'time_iter': 0.00633, 'accuracy': 0.19048, 'f1': 0.12614, 'auc': 0.80692}
> Epoch 5: took 2.6s (avg 2.8s) | Best so far: epoch 1	train_loss: 2.2494 train_accuracy: 0.2590	val_loss: 4.0117 val_accuracy: 0.1191	test_loss: 3.9074 test_accuracy: 0.1667	F1: 0.0951 Prec: 0.0980 Rec: 0.1667
train: {'epoch': 6, 'time_epoch': 2.33914, 'eta': 605.2875, 'eta_hours': 0.16814, 'loss': 1.80090173, 'lr': 0.00099858, 'params': 284917, 'time_iter': 0.01337, 'accuracy': 0.39014, 'f1': 0.38657, 'auc': 0.90889}
val: {'epoch': 6, 'time_epoch': 0.1024, 'loss': 4.14638928, 'lr': 0, 'params': 284917, 'time_iter': 0.00731, 'accuracy': 0.07857, 'f1': 0.02968, 'auc': 0.75901}
test: {'epoch': 6, 'time_epoch': 0.09943, 'loss': 3.04062013, 'lr': 0, 'params': 284917, 'time_iter': 0.0071, 'accuracy': 0.17143, 'f1': 0.10993, 'auc': 0.82724}
> Epoch 6: took 2.6s (avg 2.8s) | Best so far: epoch 1	train_loss: 2.2494 train_accuracy: 0.2590	val_loss: 4.0117 val_accuracy: 0.1191	test_loss: 3.9074 test_accuracy: 0.1667	F1: 0.0951 Prec: 0.0980 Rec: 0.1667
train: {'epoch': 7, 'time_epoch': 2.25479, 'eta': 595.65437, 'eta_hours': 0.16546, 'loss': 1.7343871, 'lr': 0.00099807, 'params': 284917, 'time_iter': 0.01288, 'accuracy': 0.41362, 'f1': 0.41051, 'auc': 0.91592}
val: {'epoch': 7, 'time_epoch': 0.08986, 'loss': 3.16765067, 'lr': 0, 'params': 284917, 'time_iter': 0.00642, 'accuracy': 0.12857, 'f1': 0.09549, 'auc': 0.79859}
test: {'epoch': 7, 'time_epoch': 0.08998, 'loss': 2.50922132, 'lr': 0, 'params': 284917, 'time_iter': 0.00643, 'accuracy': 0.21667, 'f1': 0.16827, 'auc': 0.84912}
[*] Confusion Matrix saved to: results_lopo_1.0/DE_3m\Conf\confusion_matrix_epoch_7.png
> Epoch 7: took 2.5s (avg 2.8s) | Best so far: epoch 7	train_loss: 1.7344 train_accuracy: 0.4136	val_loss: 3.1677 val_accuracy: 0.1286	test_loss: 2.5092 test_accuracy: 0.2167	F1: 0.1683 Prec: 0.1917 Rec: 0.2167
train: {'epoch': 8, 'time_epoch': 2.25441, 'eta': 587.6508, 'eta_hours': 0.16324, 'loss': 1.66243781, 'lr': 0.00099748, 'params': 284917, 'time_iter': 0.01288, 'accuracy': 0.43656, 'f1': 0.43365, 'auc': 0.92379}
val: {'epoch': 8, 'time_epoch': 0.09602, 'loss': 3.70052945, 'lr': 0, 'params': 284917, 'time_iter': 0.00686, 'accuracy': 0.12619, 'f1': 0.09282, 'auc': 0.77748}
test: {'epoch': 8, 'time_epoch': 0.08789, 'loss': 3.37078456, 'lr': 0, 'params': 284917, 'time_iter': 0.00628, 'accuracy': 0.17857, 'f1': 0.11968, 'auc': 0.80964}
> Epoch 8: took 2.5s (avg 2.8s) | Best so far: epoch 7	train_loss: 1.7344 train_accuracy: 0.4136	val_loss: 3.1677 val_accuracy: 0.1286	test_loss: 2.5092 test_accuracy: 0.2167	F1: 0.1683 Prec: 0.1917 Rec: 0.2167
train: {'epoch': 9, 'time_epoch': 2.27637, 'eta': 581.32415, 'eta_hours': 0.16148, 'loss': 1.62477802, 'lr': 0.00099681, 'params': 284917, 'time_iter': 0.01301, 'accuracy': 0.45269, 'f1': 0.44994, 'auc': 0.92734}
val: {'epoch': 9, 'time_epoch': 0.09565, 'loss': 3.30883862, 'lr': 0, 'params': 284917, 'time_iter': 0.00683, 'accuracy': 0.12143, 'f1': 0.08953, 'auc': 0.81553}
test: {'epoch': 9, 'time_epoch': 0.0849, 'loss': 2.78824196, 'lr': 0, 'params': 284917, 'time_iter': 0.00606, 'accuracy': 0.20238, 'f1': 0.17168, 'auc': 0.84717}
> Epoch 9: took 2.5s (avg 2.7s) | Best so far: epoch 7	train_loss: 1.7344 train_accuracy: 0.4136	val_loss: 3.1677 val_accuracy: 0.1286	test_loss: 2.5092 test_accuracy: 0.2167	F1: 0.1683 Prec: 0.1917 Rec: 0.2167
train: {'epoch': 10, 'time_epoch': 2.28977, 'eta': 576.02487, 'eta_hours': 0.16001, 'loss': 1.55807467, 'lr': 0.00099606, 'params': 284917, 'time_iter': 0.01308, 'accuracy': 0.47491, 'f1': 0.47298, 'auc': 0.93348}
val: {'epoch': 10, 'time_epoch': 0.08909, 'loss': 4.25147259, 'lr': 0, 'params': 284917, 'time_iter': 0.00636, 'accuracy': 0.09048, 'f1': 0.05065, 'auc': 0.73079}
test: {'epoch': 10, 'time_epoch': 0.09178, 'loss': 3.78160194, 'lr': 0, 'params': 284917, 'time_iter': 0.00656, 'accuracy': 0.18571, 'f1': 0.08153, 'auc': 0.83098}
> Epoch 10: took 2.6s (avg 2.7s) | Best so far: epoch 7	train_loss: 1.7344 train_accuracy: 0.4136	val_loss: 3.1677 val_accuracy: 0.1286	test_loss: 2.5092 test_accuracy: 0.2167	F1: 0.1683 Prec: 0.1917 Rec: 0.2167
train: {'epoch': 11, 'time_epoch': 2.21184, 'eta': 569.68174, 'eta_hours': 0.15824, 'loss': 1.51565348, 'lr': 0.00099523, 'params': 284917, 'time_iter': 0.01264, 'accuracy': 0.48656, 'f1': 0.4836, 'auc': 0.93756}
val: {'epoch': 11, 'time_epoch': 0.08912, 'loss': 4.61957218, 'lr': 0, 'params': 284917, 'time_iter': 0.00637, 'accuracy': 0.10476, 'f1': 0.04892, 'auc': 0.69842}
test: {'epoch': 11, 'time_epoch': 0.0891, 'loss': 5.2843793, 'lr': 0, 'params': 284917, 'time_iter': 0.00636, 'accuracy': 0.09286, 'f1': 0.04982, 'auc': 0.74167}
> Epoch 11: took 2.5s (avg 2.7s) | Best so far: epoch 7	train_loss: 1.7344 train_accuracy: 0.4136	val_loss: 3.1677 val_accuracy: 0.1286	test_loss: 2.5092 test_accuracy: 0.2167	F1: 0.1683 Prec: 0.1917 Rec: 0.2167
train: {'epoch': 12, 'time_epoch': 2.25339, 'eta': 564.73168, 'eta_hours': 0.15687, 'loss': 1.47423514, 'lr': 0.00099433, 'params': 284917, 'time_iter': 0.01288, 'accuracy': 0.50179, 'f1': 0.50042, 'auc': 0.9412}
val: {'epoch': 12, 'time_epoch': 0.09247, 'loss': 5.2099889, 'lr': 0, 'params': 284917, 'time_iter': 0.00661, 'accuracy': 0.13571, 'f1': 0.06287, 'auc': 0.76094}
test: {'epoch': 12, 'time_epoch': 0.09233, 'loss': 5.02302934, 'lr': 0, 'params': 284917, 'time_iter': 0.0066, 'accuracy': 0.12381, 'f1': 0.06915, 'auc': 0.77964}
[*] Confusion Matrix saved to: results_lopo_1.0/DE_3m\Conf\confusion_matrix_epoch_12.png
> Epoch 12: took 2.5s (avg 2.7s) | Best so far: epoch 12	train_loss: 1.4742 train_accuracy: 0.5018	val_loss: 5.2100 val_accuracy: 0.1357	test_loss: 5.0230 test_accuracy: 0.1238	F1: 0.0692 Prec: 0.0591 Rec: 0.1238
train: {'epoch': 13, 'time_epoch': 2.02771, 'eta': 556.3625, 'eta_hours': 0.15455, 'loss': 1.40802684, 'lr': 0.00099334, 'params': 284917, 'time_iter': 0.01159, 'accuracy': 0.52258, 'f1': 0.52101, 'auc': 0.94675}
val: {'epoch': 13, 'time_epoch': 0.08899, 'loss': 4.71346113, 'lr': 0, 'params': 284917, 'time_iter': 0.00636, 'accuracy': 0.05476, 'f1': 0.05626, 'auc': 0.67888}
test: {'epoch': 13, 'time_epoch': 0.0864, 'loss': 3.94525106, 'lr': 0, 'params': 284917, 'time_iter': 0.00617, 'accuracy': 0.14524, 'f1': 0.0686, 'auc': 0.82742}
> Epoch 13: took 2.3s (avg 2.7s) | Best so far: epoch 12	train_loss: 1.4742 train_accuracy: 0.5018	val_loss: 5.2100 val_accuracy: 0.1357	test_loss: 5.0230 test_accuracy: 0.1238	F1: 0.0692 Prec: 0.0591 Rec: 0.1238
train: {'epoch': 14, 'time_epoch': 2.26451, 'eta': 552.54866, 'eta_hours': 0.15349, 'loss': 1.38306695, 'lr': 0.00099228, 'params': 284917, 'time_iter': 0.01294, 'accuracy': 0.5328, 'f1': 0.52994, 'auc': 0.94845}
val: {'epoch': 14, 'time_epoch': 0.09439, 'loss': 6.04906082, 'lr': 0, 'params': 284917, 'time_iter': 0.00674, 'accuracy': 0.07857, 'f1': 0.05207, 'auc': 0.68275}
test: {'epoch': 14, 'time_epoch': 0.08169, 'loss': 5.20207639, 'lr': 0, 'params': 284917, 'time_iter': 0.00583, 'accuracy': 0.15714, 'f1': 0.10149, 'auc': 0.78317}
> Epoch 14: took 2.5s (avg 2.6s) | Best so far: epoch 12	train_loss: 1.4742 train_accuracy: 0.5018	val_loss: 5.2100 val_accuracy: 0.1357	test_loss: 5.0230 test_accuracy: 0.1238	F1: 0.0692 Prec: 0.0591 Rec: 0.1238
train: {'epoch': 15, 'time_epoch': 2.11682, 'eta': 546.76852, 'eta_hours': 0.15188, 'loss': 1.36141338, 'lr': 0.00099114, 'params': 284917, 'time_iter': 0.0121, 'accuracy': 0.53244, 'f1': 0.53046, 'auc': 0.95028}
val: {'epoch': 15, 'time_epoch': 0.08835, 'loss': 5.67856873, 'lr': 0, 'params': 284917, 'time_iter': 0.00631, 'accuracy': 0.06429, 'f1': 0.04079, 'auc': 0.66029}
test: {'epoch': 15, 'time_epoch': 0.08671, 'loss': 5.682871, 'lr': 0, 'params': 284917, 'time_iter': 0.00619, 'accuracy': 0.15238, 'f1': 0.08123, 'auc': 0.7614}
> Epoch 15: took 2.4s (avg 2.6s) | Best so far: epoch 12	train_loss: 1.4742 train_accuracy: 0.5018	val_loss: 5.2100 val_accuracy: 0.1357	test_loss: 5.0230 test_accuracy: 0.1238	F1: 0.0692 Prec: 0.0591 Rec: 0.1238
train: {'epoch': 16, 'time_epoch': 2.29859, 'eta': 543.91073, 'eta_hours': 0.15109, 'loss': 1.31088595, 'lr': 0.00098993, 'params': 284917, 'time_iter': 0.01313, 'accuracy': 0.56165, 'f1': 0.5598, 'auc': 0.95379}
val: {'epoch': 16, 'time_epoch': 0.08513, 'loss': 4.21003567, 'lr': 0, 'params': 284917, 'time_iter': 0.00608, 'accuracy': 0.07381, 'f1': 0.05505, 'auc': 0.73695}
test: {'epoch': 16, 'time_epoch': 0.09271, 'loss': 3.479205, 'lr': 0, 'params': 284917, 'time_iter': 0.00662, 'accuracy': 0.21667, 'f1': 0.16408, 'auc': 0.84332}
> Epoch 16: took 2.6s (avg 2.6s) | Best so far: epoch 12	train_loss: 1.4742 train_accuracy: 0.5018	val_loss: 5.2100 val_accuracy: 0.1357	test_loss: 5.0230 test_accuracy: 0.1238	F1: 0.0692 Prec: 0.0591 Rec: 0.1238
train: {'epoch': 17, 'time_epoch': 2.18494, 'eta': 539.65023, 'eta_hours': 0.1499, 'loss': 1.26833142, 'lr': 0.00098863, 'params': 284917, 'time_iter': 0.01249, 'accuracy': 0.56613, 'f1': 0.5642, 'auc': 0.95701}
val: {'epoch': 17, 'time_epoch': 0.08134, 'loss': 4.80468884, 'lr': 0, 'params': 284917, 'time_iter': 0.00581, 'accuracy': 0.13333, 'f1': 0.05807, 'auc': 0.80001}
test: {'epoch': 17, 'time_epoch': 0.1015, 'loss': 4.44578119, 'lr': 0, 'params': 284917, 'time_iter': 0.00725, 'accuracy': 0.12143, 'f1': 0.10205, 'auc': 0.79305}
> Epoch 17: took 2.4s (avg 2.6s) | Best so far: epoch 12	train_loss: 1.4742 train_accuracy: 0.5018	val_loss: 5.2100 val_accuracy: 0.1357	test_loss: 5.0230 test_accuracy: 0.1238	F1: 0.0692 Prec: 0.0591 Rec: 0.1238
train: {'epoch': 18, 'time_epoch': 2.52276, 'eta': 539.71543, 'eta_hours': 0.14992, 'loss': 1.25722189, 'lr': 0.00098726, 'params': 284917, 'time_iter': 0.01442, 'accuracy': 0.57563, 'f1': 0.57424, 'auc': 0.95744}
val: {'epoch': 18, 'time_epoch': 0.11082, 'loss': 3.24769114, 'lr': 0, 'params': 284917, 'time_iter': 0.00792, 'accuracy': 0.16429, 'f1': 0.10916, 'auc': 0.82433}
test: {'epoch': 18, 'time_epoch': 0.08103, 'loss': 2.42828485, 'lr': 0, 'params': 284917, 'time_iter': 0.00579, 'accuracy': 0.35476, 'f1': 0.27479, 'auc': 0.89106}
[*] Confusion Matrix saved to: results_lopo_1.0/DE_3m\Conf\confusion_matrix_epoch_18.png
> Epoch 18: took 2.8s (avg 2.6s) | Best so far: epoch 18	train_loss: 1.2572 train_accuracy: 0.5756	val_loss: 3.2477 val_accuracy: 0.1643	test_loss: 2.4283 test_accuracy: 0.3548	F1: 0.2748 Prec: 0.3515 Rec: 0.3548
train: {'epoch': 19, 'time_epoch': 2.13488, 'eta': 535.06116, 'eta_hours': 0.14863, 'loss': 1.24299802, 'lr': 0.00098582, 'params': 284917, 'time_iter': 0.0122, 'accuracy': 0.57778, 'f1': 0.57662, 'auc': 0.95847}
val: {'epoch': 19, 'time_epoch': 0.08275, 'loss': 3.8401901, 'lr': 0, 'params': 284917, 'time_iter': 0.00591, 'accuracy': 0.12381, 'f1': 0.10431, 'auc': 0.78171}
test: {'epoch': 19, 'time_epoch': 0.08751, 'loss': 3.15545656, 'lr': 0, 'params': 284917, 'time_iter': 0.00625, 'accuracy': 0.22381, 'f1': 0.17205, 'auc': 0.85385}
> Epoch 19: took 2.4s (avg 2.6s) | Best so far: epoch 18	train_loss: 1.2572 train_accuracy: 0.5756	val_loss: 3.2477 val_accuracy: 0.1643	test_loss: 2.4283 test_accuracy: 0.3548	F1: 0.2748 Prec: 0.3515 Rec: 0.3548
train: {'epoch': 20, 'time_epoch': 2.16409, 'eta': 530.96537, 'eta_hours': 0.14749, 'loss': 1.19217206, 'lr': 0.00098429, 'params': 284917, 'time_iter': 0.01237, 'accuracy': 0.59265, 'f1': 0.59159, 'auc': 0.96245}
val: {'epoch': 20, 'time_epoch': 0.09565, 'loss': 8.15689516, 'lr': 0, 'params': 284917, 'time_iter': 0.00683, 'accuracy': 0.12381, 'f1': 0.06333, 'auc': 0.69835}
test: {'epoch': 20, 'time_epoch': 0.08521, 'loss': 9.69219531, 'lr': 0, 'params': 284917, 'time_iter': 0.00609, 'accuracy': 0.11667, 'f1': 0.03637, 'auc': 0.69315}
> Epoch 20: took 2.4s (avg 2.6s) | Best so far: epoch 18	train_loss: 1.2572 train_accuracy: 0.5756	val_loss: 3.2477 val_accuracy: 0.1643	test_loss: 2.4283 test_accuracy: 0.3548	F1: 0.2748 Prec: 0.3515 Rec: 0.3548
train: {'epoch': 21, 'time_epoch': 2.30956, 'eta': 528.55282, 'eta_hours': 0.14682, 'loss': 1.16356536, 'lr': 0.00098269, 'params': 284917, 'time_iter': 0.0132, 'accuracy': 0.59857, 'f1': 0.59718, 'auc': 0.96393}
val: {'epoch': 21, 'time_epoch': 0.08691, 'loss': 5.62680416, 'lr': 0, 'params': 284917, 'time_iter': 0.00621, 'accuracy': 0.05714, 'f1': 0.05094, 'auc': 0.67609}
test: {'epoch': 21, 'time_epoch': 0.07964, 'loss': 4.77906639, 'lr': 0, 'params': 284917, 'time_iter': 0.00569, 'accuracy': 0.12857, 'f1': 0.08573, 'auc': 0.81161}
> Epoch 21: took 2.6s (avg 2.6s) | Best so far: epoch 18	train_loss: 1.2572 train_accuracy: 0.5756	val_loss: 3.2477 val_accuracy: 0.1643	test_loss: 2.4283 test_accuracy: 0.3548	F1: 0.2748 Prec: 0.3515 Rec: 0.3548
train: {'epoch': 22, 'time_epoch': 2.31795, 'eta': 526.23202, 'eta_hours': 0.14618, 'loss': 1.14726041, 'lr': 0.00098101, 'params': 284917, 'time_iter': 0.01325, 'accuracy': 0.61344, 'f1': 0.61262, 'auc': 0.96481}
val: {'epoch': 22, 'time_epoch': 0.09523, 'loss': 5.03257399, 'lr': 0, 'params': 284917, 'time_iter': 0.0068, 'accuracy': 0.15238, 'f1': 0.06948, 'auc': 0.75908}
test: {'epoch': 22, 'time_epoch': 0.09047, 'loss': 4.6673707, 'lr': 0, 'params': 284917, 'time_iter': 0.00646, 'accuracy': 0.24524, 'f1': 0.14974, 'auc': 0.84254}
> Epoch 22: took 2.6s (avg 2.6s) | Best so far: epoch 18	train_loss: 1.2572 train_accuracy: 0.5756	val_loss: 3.2477 val_accuracy: 0.1643	test_loss: 2.4283 test_accuracy: 0.3548	F1: 0.2748 Prec: 0.3515 Rec: 0.3548
train: {'epoch': 23, 'time_epoch': 2.23789, 'eta': 523.15756, 'eta_hours': 0.14532, 'loss': 1.1273713, 'lr': 0.00097926, 'params': 284917, 'time_iter': 0.01279, 'accuracy': 0.61918, 'f1': 0.61817, 'auc': 0.96605}
val: {'epoch': 23, 'time_epoch': 0.09294, 'loss': 5.05314604, 'lr': 0, 'params': 284917, 'time_iter': 0.00664, 'accuracy': 0.14762, 'f1': 0.08523, 'auc': 0.78505}
test: {'epoch': 23, 'time_epoch': 0.08397, 'loss': 5.76862728, 'lr': 0, 'params': 284917, 'time_iter': 0.006, 'accuracy': 0.10714, 'f1': 0.06107, 'auc': 0.7507}
> Epoch 23: took 2.5s (avg 2.6s) | Best so far: epoch 18	train_loss: 1.2572 train_accuracy: 0.5756	val_loss: 3.2477 val_accuracy: 0.1643	test_loss: 2.4283 test_accuracy: 0.3548	F1: 0.2748 Prec: 0.3515 Rec: 0.3548
train: {'epoch': 24, 'time_epoch': 2.31096, 'eta': 520.80761, 'eta_hours': 0.14467, 'loss': 1.08438851, 'lr': 0.00097743, 'params': 284917, 'time_iter': 0.01321, 'accuracy': 0.63154, 'f1': 0.63052, 'auc': 0.96855}
val: {'epoch': 24, 'time_epoch': 0.09491, 'loss': 5.45642891, 'lr': 0, 'params': 284917, 'time_iter': 0.00678, 'accuracy': 0.12619, 'f1': 0.08599, 'auc': 0.74622}
test: {'epoch': 24, 'time_epoch': 0.09364, 'loss': 3.49756692, 'lr': 0, 'params': 284917, 'time_iter': 0.00669, 'accuracy': 0.1881, 'f1': 0.10219, 'auc': 0.85115}
> Epoch 24: took 2.6s (avg 2.6s) | Best so far: epoch 18	train_loss: 1.2572 train_accuracy: 0.5756	val_loss: 3.2477 val_accuracy: 0.1643	test_loss: 2.4283 test_accuracy: 0.3548	F1: 0.2748 Prec: 0.3515 Rec: 0.3548
train: {'epoch': 25, 'time_epoch': 2.25477, 'eta': 517.97657, 'eta_hours': 0.14388, 'loss': 1.10754768, 'lr': 0.00097553, 'params': 284917, 'time_iter': 0.01288, 'accuracy': 0.62168, 'f1': 0.62052, 'auc': 0.96699}
val: {'epoch': 25, 'time_epoch': 0.08355, 'loss': 4.7379288, 'lr': 0, 'params': 284917, 'time_iter': 0.00597, 'accuracy': 0.14524, 'f1': 0.08381, 'auc': 0.79578}
test: {'epoch': 25, 'time_epoch': 0.08998, 'loss': 5.11328052, 'lr': 0, 'params': 284917, 'time_iter': 0.00643, 'accuracy': 0.13095, 'f1': 0.05977, 'auc': 0.78913}
> Epoch 25: took 2.5s (avg 2.6s) | Best so far: epoch 18	train_loss: 1.2572 train_accuracy: 0.5756	val_loss: 3.2477 val_accuracy: 0.1643	test_loss: 2.4283 test_accuracy: 0.3548	F1: 0.2748 Prec: 0.3515 Rec: 0.3548
train: {'epoch': 26, 'time_epoch': 2.15987, 'eta': 514.40443, 'eta_hours': 0.14289, 'loss': 1.03945925, 'lr': 0.00097355, 'params': 284917, 'time_iter': 0.01234, 'accuracy': 0.65, 'f1': 0.64903, 'auc': 0.97087}
val: {'epoch': 26, 'time_epoch': 0.08659, 'loss': 4.42938585, 'lr': 0, 'params': 284917, 'time_iter': 0.00618, 'accuracy': 0.14524, 'f1': 0.06282, 'auc': 0.82329}
test: {'epoch': 26, 'time_epoch': 0.09036, 'loss': 3.15326537, 'lr': 0, 'params': 284917, 'time_iter': 0.00645, 'accuracy': 0.18571, 'f1': 0.15575, 'auc': 0.83596}
> Epoch 26: took 2.4s (avg 2.6s) | Best so far: epoch 18	train_loss: 1.2572 train_accuracy: 0.5756	val_loss: 3.2477 val_accuracy: 0.1643	test_loss: 2.4283 test_accuracy: 0.3548	F1: 0.2748 Prec: 0.3515 Rec: 0.3548
train: {'epoch': 27, 'time_epoch': 2.31796, 'eta': 512.18662, 'eta_hours': 0.14227, 'loss': 1.06513071, 'lr': 0.0009715, 'params': 284917, 'time_iter': 0.01325, 'accuracy': 0.64767, 'f1': 0.6469, 'auc': 0.9694}
val: {'epoch': 27, 'time_epoch': 0.09058, 'loss': 5.72787674, 'lr': 0, 'params': 284917, 'time_iter': 0.00647, 'accuracy': 0.13333, 'f1': 0.07922, 'auc': 0.80518}
test: {'epoch': 27, 'time_epoch': 0.09335, 'loss': 6.38567169, 'lr': 0, 'params': 284917, 'time_iter': 0.00667, 'accuracy': 0.15714, 'f1': 0.09332, 'auc': 0.76848}
> Epoch 27: took 2.6s (avg 2.6s) | Best so far: epoch 18	train_loss: 1.2572 train_accuracy: 0.5756	val_loss: 3.2477 val_accuracy: 0.1643	test_loss: 2.4283 test_accuracy: 0.3548	F1: 0.2748 Prec: 0.3515 Rec: 0.3548
train: {'epoch': 28, 'time_epoch': 2.09421, 'eta': 508.25674, 'eta_hours': 0.14118, 'loss': 1.01510556, 'lr': 0.00096937, 'params': 284917, 'time_iter': 0.01197, 'accuracy': 0.66004, 'f1': 0.65921, 'auc': 0.97238}
val: {'epoch': 28, 'time_epoch': 0.0888, 'loss': 7.69862398, 'lr': 0, 'params': 284917, 'time_iter': 0.00634, 'accuracy': 0.04762, 'f1': 0.00469, 'auc': 0.72839}
test: {'epoch': 28, 'time_epoch': 0.09897, 'loss': 5.26953643, 'lr': 0, 'params': 284917, 'time_iter': 0.00707, 'accuracy': 0.15, 'f1': 0.06891, 'auc': 0.8069}
> Epoch 28: took 2.4s (avg 2.6s) | Best so far: epoch 18	train_loss: 1.2572 train_accuracy: 0.5756	val_loss: 3.2477 val_accuracy: 0.1643	test_loss: 2.4283 test_accuracy: 0.3548	F1: 0.2748 Prec: 0.3515 Rec: 0.3548
train: {'epoch': 29, 'time_epoch': 2.32995, 'eta': 506.17799, 'eta_hours': 0.1406, 'loss': 1.01251659, 'lr': 0.00096716, 'params': 284917, 'time_iter': 0.01331, 'accuracy': 0.65878, 'f1': 0.65788, 'auc': 0.9725}
val: {'epoch': 29, 'time_epoch': 0.09901, 'loss': 5.15074567, 'lr': 0, 'params': 284917, 'time_iter': 0.00707, 'accuracy': 0.10476, 'f1': 0.06856, 'auc': 0.7656}
test: {'epoch': 29, 'time_epoch': 0.09651, 'loss': 6.23897774, 'lr': 0, 'params': 284917, 'time_iter': 0.00689, 'accuracy': 0.10714, 'f1': 0.05782, 'auc': 0.74451}
> Epoch 29: took 2.6s (avg 2.6s) | Best so far: epoch 18	train_loss: 1.2572 train_accuracy: 0.5756	val_loss: 3.2477 val_accuracy: 0.1643	test_loss: 2.4283 test_accuracy: 0.3548	F1: 0.2748 Prec: 0.3515 Rec: 0.3548
train: {'epoch': 30, 'time_epoch': 2.06902, 'eta': 502.23967, 'eta_hours': 0.13951, 'loss': 0.97168586, 'lr': 0.00096489, 'params': 284917, 'time_iter': 0.01182, 'accuracy': 0.66935, 'f1': 0.66847, 'auc': 0.97477}
val: {'epoch': 30, 'time_epoch': 0.08976, 'loss': 6.28065602, 'lr': 0, 'params': 284917, 'time_iter': 0.00641, 'accuracy': 0.11905, 'f1': 0.05521, 'auc': 0.74588}
test: {'epoch': 30, 'time_epoch': 0.08914, 'loss': 6.84329942, 'lr': 0, 'params': 284917, 'time_iter': 0.00637, 'accuracy': 0.06429, 'f1': 0.0259, 'auc': 0.71427}
> Epoch 30: took 2.3s (avg 2.6s) | Best so far: epoch 18	train_loss: 1.2572 train_accuracy: 0.5756	val_loss: 3.2477 val_accuracy: 0.1643	test_loss: 2.4283 test_accuracy: 0.3548	F1: 0.2748 Prec: 0.3515 Rec: 0.3548
train: {'epoch': 31, 'time_epoch': 2.25928, 'eta': 499.71436, 'eta_hours': 0.13881, 'loss': 0.94627577, 'lr': 0.00096254, 'params': 284917, 'time_iter': 0.01291, 'accuracy': 0.68082, 'f1': 0.68009, 'auc': 0.97587}
val: {'epoch': 31, 'time_epoch': 0.08777, 'loss': 3.91300121, 'lr': 0, 'params': 284917, 'time_iter': 0.00627, 'accuracy': 0.13095, 'f1': 0.10842, 'auc': 0.77236}
test: {'epoch': 31, 'time_epoch': 0.09602, 'loss': 3.49996666, 'lr': 0, 'params': 284917, 'time_iter': 0.00686, 'accuracy': 0.24762, 'f1': 0.1967, 'auc': 0.85081}
> Epoch 31: took 2.5s (avg 2.6s) | Best so far: epoch 18	train_loss: 1.2572 train_accuracy: 0.5756	val_loss: 3.2477 val_accuracy: 0.1643	test_loss: 2.4283 test_accuracy: 0.3548	F1: 0.2748 Prec: 0.3515 Rec: 0.3548
train: {'epoch': 32, 'time_epoch': 2.0694, 'eta': 495.95655, 'eta_hours': 0.13777, 'loss': 0.95062318, 'lr': 0.00096012, 'params': 284917, 'time_iter': 0.01183, 'accuracy': 0.68351, 'f1': 0.68253, 'auc': 0.97555}
val: {'epoch': 32, 'time_epoch': 0.10721, 'loss': 5.03876071, 'lr': 0, 'params': 284917, 'time_iter': 0.00766, 'accuracy': 0.12857, 'f1': 0.055, 'auc': 0.76096}
test: {'epoch': 32, 'time_epoch': 0.08819, 'loss': 6.06125195, 'lr': 0, 'params': 284917, 'time_iter': 0.0063, 'accuracy': 0.11905, 'f1': 0.05614, 'auc': 0.73707}
> Epoch 32: took 2.4s (avg 2.6s) | Best so far: epoch 18	train_loss: 1.2572 train_accuracy: 0.5756	val_loss: 3.2477 val_accuracy: 0.1643	test_loss: 2.4283 test_accuracy: 0.3548	F1: 0.2748 Prec: 0.3515 Rec: 0.3548
train: {'epoch': 33, 'time_epoch': 2.27624, 'eta': 493.61209, 'eta_hours': 0.13711, 'loss': 0.94170314, 'lr': 0.00095762, 'params': 284917, 'time_iter': 0.01301, 'accuracy': 0.69319, 'f1': 0.69265, 'auc': 0.97601}
val: {'epoch': 33, 'time_epoch': 0.08356, 'loss': 7.51306199, 'lr': 0, 'params': 284917, 'time_iter': 0.00597, 'accuracy': 0.10238, 'f1': 0.04217, 'auc': 0.74197}
test: {'epoch': 33, 'time_epoch': 0.08927, 'loss': 4.67345658, 'lr': 0, 'params': 284917, 'time_iter': 0.00638, 'accuracy': 0.1119, 'f1': 0.07625, 'auc': 0.78903}
> Epoch 33: took 2.5s (avg 2.6s) | Best so far: epoch 18	train_loss: 1.2572 train_accuracy: 0.5756	val_loss: 3.2477 val_accuracy: 0.1643	test_loss: 2.4283 test_accuracy: 0.3548	F1: 0.2748 Prec: 0.3515 Rec: 0.3548
train: {'epoch': 34, 'time_epoch': 2.12284, 'eta': 490.32923, 'eta_hours': 0.1362, 'loss': 0.91496562, 'lr': 0.00095505, 'params': 284917, 'time_iter': 0.01213, 'accuracy': 0.69588, 'f1': 0.69559, 'auc': 0.97716}
val: {'epoch': 34, 'time_epoch': 0.09976, 'loss': 4.96775925, 'lr': 0, 'params': 284917, 'time_iter': 0.00713, 'accuracy': 0.16429, 'f1': 0.12067, 'auc': 0.80926}
test: {'epoch': 34, 'time_epoch': 0.0932, 'loss': 2.92266645, 'lr': 0, 'params': 284917, 'time_iter': 0.00666, 'accuracy': 0.30476, 'f1': 0.25245, 'auc': 0.89665}
> Epoch 34: took 2.4s (avg 2.6s) | Best so far: epoch 18	train_loss: 1.2572 train_accuracy: 0.5756	val_loss: 3.2477 val_accuracy: 0.1643	test_loss: 2.4283 test_accuracy: 0.3548	F1: 0.2748 Prec: 0.3515 Rec: 0.3548
train: {'epoch': 35, 'time_epoch': 2.28702, 'eta': 488.08679, 'eta_hours': 0.13558, 'loss': 0.89190367, 'lr': 0.00095241, 'params': 284917, 'time_iter': 0.01307, 'accuracy': 0.69839, 'f1': 0.69758, 'auc': 0.97871}
val: {'epoch': 35, 'time_epoch': 0.09383, 'loss': 5.87264098, 'lr': 0, 'params': 284917, 'time_iter': 0.0067, 'accuracy': 0.06667, 'f1': 0.0308, 'auc': 0.77918}
test: {'epoch': 35, 'time_epoch': 0.09799, 'loss': 3.76998403, 'lr': 0, 'params': 284917, 'time_iter': 0.007, 'accuracy': 0.23571, 'f1': 0.19232, 'auc': 0.84882}
> Epoch 35: took 2.6s (avg 2.6s) | Best so far: epoch 18	train_loss: 1.2572 train_accuracy: 0.5756	val_loss: 3.2477 val_accuracy: 0.1643	test_loss: 2.4283 test_accuracy: 0.3548	F1: 0.2748 Prec: 0.3515 Rec: 0.3548
train: {'epoch': 36, 'time_epoch': 2.12046, 'eta': 484.88309, 'eta_hours': 0.13469, 'loss': 0.87575841, 'lr': 0.0009497, 'params': 284917, 'time_iter': 0.01212, 'accuracy': 0.70789, 'f1': 0.70731, 'auc': 0.97916}
val: {'epoch': 36, 'time_epoch': 0.09085, 'loss': 4.04833859, 'lr': 0, 'params': 284917, 'time_iter': 0.00649, 'accuracy': 0.15476, 'f1': 0.1182, 'auc': 0.8075}
test: {'epoch': 36, 'time_epoch': 0.08677, 'loss': 3.85525487, 'lr': 0, 'params': 284917, 'time_iter': 0.0062, 'accuracy': 0.22381, 'f1': 0.18249, 'auc': 0.85514}
> Epoch 36: took 2.4s (avg 2.6s) | Best so far: epoch 18	train_loss: 1.2572 train_accuracy: 0.5756	val_loss: 3.2477 val_accuracy: 0.1643	test_loss: 2.4283 test_accuracy: 0.3548	F1: 0.2748 Prec: 0.3515 Rec: 0.3548
train: {'epoch': 37, 'time_epoch': 2.20152, 'eta': 482.18864, 'eta_hours': 0.13394, 'loss': 0.86748858, 'lr': 0.00094692, 'params': 284917, 'time_iter': 0.01258, 'accuracy': 0.71452, 'f1': 0.71377, 'auc': 0.9795}
val: {'epoch': 37, 'time_epoch': 0.09025, 'loss': 4.37130394, 'lr': 0, 'params': 284917, 'time_iter': 0.00645, 'accuracy': 0.20238, 'f1': 0.14458, 'auc': 0.85885}
test: {'epoch': 37, 'time_epoch': 0.09801, 'loss': 3.93039274, 'lr': 0, 'params': 284917, 'time_iter': 0.007, 'accuracy': 0.18333, 'f1': 0.13403, 'auc': 0.84928}
[*] Confusion Matrix saved to: results_lopo_1.0/DE_3m\Conf\confusion_matrix_epoch_37.png
> Epoch 37: took 2.5s (avg 2.5s) | Best so far: epoch 37	train_loss: 0.8675 train_accuracy: 0.7145	val_loss: 4.3713 val_accuracy: 0.2024	test_loss: 3.9304 test_accuracy: 0.1833	F1: 0.1340 Prec: 0.1408 Rec: 0.1833
train: {'epoch': 38, 'time_epoch': 2.13929, 'eta': 479.18276, 'eta_hours': 0.13311, 'loss': 0.86166315, 'lr': 0.00094407, 'params': 284917, 'time_iter': 0.01222, 'accuracy': 0.70681, 'f1': 0.70636, 'auc': 0.98003}
val: {'epoch': 38, 'time_epoch': 0.09269, 'loss': 5.71002807, 'lr': 0, 'params': 284917, 'time_iter': 0.00662, 'accuracy': 0.11429, 'f1': 0.08377, 'auc': 0.69804}
test: {'epoch': 38, 'time_epoch': 0.07959, 'loss': 5.62638944, 'lr': 0, 'params': 284917, 'time_iter': 0.00569, 'accuracy': 0.1881, 'f1': 0.09684, 'auc': 0.79527}
> Epoch 38: took 2.4s (avg 2.5s) | Best so far: epoch 37	train_loss: 0.8675 train_accuracy: 0.7145	val_loss: 4.3713 val_accuracy: 0.2024	test_loss: 3.9304 test_accuracy: 0.1833	F1: 0.1340 Prec: 0.1408 Rec: 0.1833
train: {'epoch': 39, 'time_epoch': 2.07536, 'eta': 475.8846, 'eta_hours': 0.13219, 'loss': 0.84070831, 'lr': 0.00094115, 'params': 284917, 'time_iter': 0.01186, 'accuracy': 0.72348, 'f1': 0.72256, 'auc': 0.98053}
val: {'epoch': 39, 'time_epoch': 0.09058, 'loss': 4.95623708, 'lr': 0, 'params': 284917, 'time_iter': 0.00647, 'accuracy': 0.11667, 'f1': 0.06737, 'auc': 0.83285}
test: {'epoch': 39, 'time_epoch': 0.0803, 'loss': 6.55368133, 'lr': 0, 'params': 284917, 'time_iter': 0.00574, 'accuracy': 0.11667, 'f1': 0.05681, 'auc': 0.78469}
> Epoch 39: took 2.3s (avg 2.5s) | Best so far: epoch 37	train_loss: 0.8675 train_accuracy: 0.7145	val_loss: 4.3713 val_accuracy: 0.2024	test_loss: 3.9304 test_accuracy: 0.1833	F1: 0.1340 Prec: 0.1408 Rec: 0.1833
train: {'epoch': 40, 'time_epoch': 2.27221, 'eta': 473.64956, 'eta_hours': 0.13157, 'loss': 0.81852007, 'lr': 0.00093815, 'params': 284917, 'time_iter': 0.01298, 'accuracy': 0.72849, 'f1': 0.72826, 'auc': 0.9818}
val: {'epoch': 40, 'time_epoch': 0.09219, 'loss': 6.04758274, 'lr': 0, 'params': 284917, 'time_iter': 0.00658, 'accuracy': 0.12619, 'f1': 0.08583, 'auc': 0.7938}
test: {'epoch': 40, 'time_epoch': 0.08791, 'loss': 4.14995634, 'lr': 0, 'params': 284917, 'time_iter': 0.00628, 'accuracy': 0.22619, 'f1': 0.1372, 'auc': 0.85259}
> Epoch 40: took 2.5s (avg 2.5s) | Best so far: epoch 37	train_loss: 0.8675 train_accuracy: 0.7145	val_loss: 4.3713 val_accuracy: 0.2024	test_loss: 3.9304 test_accuracy: 0.1833	F1: 0.1340 Prec: 0.1408 Rec: 0.1833
train: {'epoch': 41, 'time_epoch': 2.20749, 'eta': 471.0922, 'eta_hours': 0.13086, 'loss': 0.80332779, 'lr': 0.00093509, 'params': 284917, 'time_iter': 0.01261, 'accuracy': 0.72581, 'f1': 0.72558, 'auc': 0.98269}
val: {'epoch': 41, 'time_epoch': 0.09562, 'loss': 6.84002828, 'lr': 0, 'params': 284917, 'time_iter': 0.00683, 'accuracy': 0.09762, 'f1': 0.02127, 'auc': 0.73684}
test: {'epoch': 41, 'time_epoch': 0.08981, 'loss': 4.34038994, 'lr': 0, 'params': 284917, 'time_iter': 0.00641, 'accuracy': 0.10476, 'f1': 0.0717, 'auc': 0.80259}
> Epoch 41: took 2.5s (avg 2.5s) | Best so far: epoch 37	train_loss: 0.8675 train_accuracy: 0.7145	val_loss: 4.3713 val_accuracy: 0.2024	test_loss: 3.9304 test_accuracy: 0.1833	F1: 0.1340 Prec: 0.1408 Rec: 0.1833
train: {'epoch': 42, 'time_epoch': 2.34384, 'eta': 469.20749, 'eta_hours': 0.13034, 'loss': 0.81237535, 'lr': 0.00093196, 'params': 284917, 'time_iter': 0.01339, 'accuracy': 0.72939, 'f1': 0.72894, 'auc': 0.98211}
val: {'epoch': 42, 'time_epoch': 0.08345, 'loss': 4.03799314, 'lr': 0, 'params': 284917, 'time_iter': 0.00596, 'accuracy': 0.21429, 'f1': 0.17104, 'auc': 0.85918}
test: {'epoch': 42, 'time_epoch': 0.08955, 'loss': 4.47923531, 'lr': 0, 'params': 284917, 'time_iter': 0.0064, 'accuracy': 0.16429, 'f1': 0.12976, 'auc': 0.85383}
[*] Confusion Matrix saved to: results_lopo_1.0/DE_3m\Conf\confusion_matrix_epoch_42.png
> Epoch 42: took 2.6s (avg 2.5s) | Best so far: epoch 42	train_loss: 0.8124 train_accuracy: 0.7294	val_loss: 4.0380 val_accuracy: 0.2143	test_loss: 4.4792 test_accuracy: 0.1643	F1: 0.1298 Prec: 0.2616 Rec: 0.1643
train: {'epoch': 43, 'time_epoch': 2.4258, 'eta': 467.68565, 'eta_hours': 0.12991, 'loss': 0.779802, 'lr': 0.00092876, 'params': 284917, 'time_iter': 0.01386, 'accuracy': 0.73871, 'f1': 0.73841, 'auc': 0.98339}
val: {'epoch': 43, 'time_epoch': 0.08776, 'loss': 5.30647214, 'lr': 0, 'params': 284917, 'time_iter': 0.00627, 'accuracy': 0.06667, 'f1': 0.02758, 'auc': 0.76281}
test: {'epoch': 43, 'time_epoch': 0.09027, 'loss': 5.53864433, 'lr': 0, 'params': 284917, 'time_iter': 0.00645, 'accuracy': 0.12619, 'f1': 0.0727, 'auc': 0.74945}
> Epoch 43: took 2.7s (avg 2.5s) | Best so far: epoch 42	train_loss: 0.8124 train_accuracy: 0.7294	val_loss: 4.0380 val_accuracy: 0.2143	test_loss: 4.4792 test_accuracy: 0.1643	F1: 0.1298 Prec: 0.2616 Rec: 0.1643
train: {'epoch': 44, 'time_epoch': 2.28566, 'eta': 465.48523, 'eta_hours': 0.1293, 'loss': 0.78110971, 'lr': 0.0009255, 'params': 284917, 'time_iter': 0.01306, 'accuracy': 0.73889, 'f1': 0.73851, 'auc': 0.98349}
val: {'epoch': 44, 'time_epoch': 0.08997, 'loss': 3.92183437, 'lr': 0, 'params': 284917, 'time_iter': 0.00643, 'accuracy': 0.19286, 'f1': 0.12412, 'auc': 0.83058}
test: {'epoch': 44, 'time_epoch': 0.08638, 'loss': 2.53646291, 'lr': 0, 'params': 284917, 'time_iter': 0.00617, 'accuracy': 0.32619, 'f1': 0.2709, 'auc': 0.89609}
> Epoch 44: took 2.5s (avg 2.5s) | Best so far: epoch 42	train_loss: 0.8124 train_accuracy: 0.7294	val_loss: 4.0380 val_accuracy: 0.2143	test_loss: 4.4792 test_accuracy: 0.1643	F1: 0.1298 Prec: 0.2616 Rec: 0.1643
train: {'epoch': 45, 'time_epoch': 2.32476, 'eta': 463.45449, 'eta_hours': 0.12874, 'loss': 0.75595466, 'lr': 0.00092216, 'params': 284917, 'time_iter': 0.01328, 'accuracy': 0.74283, 'f1': 0.74266, 'auc': 0.98446}
val: {'epoch': 45, 'time_epoch': 0.09897, 'loss': 6.42158516, 'lr': 0, 'params': 284917, 'time_iter': 0.00707, 'accuracy': 0.09048, 'f1': 0.03766, 'auc': 0.75532}
test: {'epoch': 45, 'time_epoch': 0.09137, 'loss': 6.61956925, 'lr': 0, 'params': 284917, 'time_iter': 0.00653, 'accuracy': 0.16667, 'f1': 0.10688, 'auc': 0.76153}
> Epoch 45: took 2.6s (avg 2.5s) | Best so far: epoch 42	train_loss: 0.8124 train_accuracy: 0.7294	val_loss: 4.0380 val_accuracy: 0.2143	test_loss: 4.4792 test_accuracy: 0.1643	F1: 0.1298 Prec: 0.2616 Rec: 0.1643
train: {'epoch': 46, 'time_epoch': 2.27313, 'eta': 461.18825, 'eta_hours': 0.12811, 'loss': 0.73466609, 'lr': 0.00091876, 'params': 284917, 'time_iter': 0.01299, 'accuracy': 0.75197, 'f1': 0.75168, 'auc': 0.98521}
val: {'epoch': 46, 'time_epoch': 0.0936, 'loss': 7.06472588, 'lr': 0, 'params': 284917, 'time_iter': 0.00669, 'accuracy': 0.14286, 'f1': 0.07175, 'auc': 0.75743}
test: {'epoch': 46, 'time_epoch': 0.09226, 'loss': 8.65562035, 'lr': 0, 'params': 284917, 'time_iter': 0.00659, 'accuracy': 0.10952, 'f1': 0.06663, 'auc': 0.74799}
> Epoch 46: took 2.5s (avg 2.5s) | Best so far: epoch 42	train_loss: 0.8124 train_accuracy: 0.7294	val_loss: 4.0380 val_accuracy: 0.2143	test_loss: 4.4792 test_accuracy: 0.1643	F1: 0.1298 Prec: 0.2616 Rec: 0.1643
train: {'epoch': 47, 'time_epoch': 2.32338, 'eta': 459.13318, 'eta_hours': 0.12754, 'loss': 0.72742151, 'lr': 0.0009153, 'params': 284917, 'time_iter': 0.01328, 'accuracy': 0.75448, 'f1': 0.75413, 'auc': 0.98583}
val: {'epoch': 47, 'time_epoch': 0.10935, 'loss': 6.55992655, 'lr': 0, 'params': 284917, 'time_iter': 0.00781, 'accuracy': 0.13571, 'f1': 0.06877, 'auc': 0.69498}
test: {'epoch': 47, 'time_epoch': 0.09045, 'loss': 6.74077629, 'lr': 0, 'params': 284917, 'time_iter': 0.00646, 'accuracy': 0.13095, 'f1': 0.07343, 'auc': 0.71079}
> Epoch 47: took 2.6s (avg 2.5s) | Best so far: epoch 42	train_loss: 0.8124 train_accuracy: 0.7294	val_loss: 4.0380 val_accuracy: 0.2143	test_loss: 4.4792 test_accuracy: 0.1643	F1: 0.1298 Prec: 0.2616 Rec: 0.1643
train: {'epoch': 48, 'time_epoch': 2.45327, 'eta': 457.59998, 'eta_hours': 0.12711, 'loss': 0.73654753, 'lr': 0.00091177, 'params': 284917, 'time_iter': 0.01402, 'accuracy': 0.75108, 'f1': 0.75092, 'auc': 0.98508}
val: {'epoch': 48, 'time_epoch': 0.09053, 'loss': 6.65947275, 'lr': 0, 'params': 284917, 'time_iter': 0.00647, 'accuracy': 0.17381, 'f1': 0.10221, 'auc': 0.77455}
test: {'epoch': 48, 'time_epoch': 0.08581, 'loss': 3.50110559, 'lr': 0, 'params': 284917, 'time_iter': 0.00613, 'accuracy': 0.2619, 'f1': 0.20191, 'auc': 0.87453}
> Epoch 48: took 2.7s (avg 2.5s) | Best so far: epoch 42	train_loss: 0.8124 train_accuracy: 0.7294	val_loss: 4.0380 val_accuracy: 0.2143	test_loss: 4.4792 test_accuracy: 0.1643	F1: 0.1298 Prec: 0.2616 Rec: 0.1643
train: {'epoch': 49, 'time_epoch': 2.25381, 'eta': 455.23214, 'eta_hours': 0.12645, 'loss': 0.73015059, 'lr': 0.00090817, 'params': 284917, 'time_iter': 0.01288, 'accuracy': 0.76075, 'f1': 0.76045, 'auc': 0.98526}
val: {'epoch': 49, 'time_epoch': 0.09188, 'loss': 5.0539686, 'lr': 0, 'params': 284917, 'time_iter': 0.00656, 'accuracy': 0.14286, 'f1': 0.08341, 'auc': 0.77479}
test: {'epoch': 49, 'time_epoch': 0.13472, 'loss': 4.26572246, 'lr': 0, 'params': 284917, 'time_iter': 0.00962, 'accuracy': 0.1619, 'f1': 0.10836, 'auc': 0.83998}
> Epoch 49: took 2.6s (avg 2.5s) | Best so far: epoch 42	train_loss: 0.8124 train_accuracy: 0.7294	val_loss: 4.0380 val_accuracy: 0.2143	test_loss: 4.4792 test_accuracy: 0.1643	F1: 0.1298 Prec: 0.2616 Rec: 0.1643
train: {'epoch': 50, 'time_epoch': 2.33067, 'eta': 453.16869, 'eta_hours': 0.12588, 'loss': 0.70146723, 'lr': 0.00090451, 'params': 284917, 'time_iter': 0.01332, 'accuracy': 0.77061, 'f1': 0.77024, 'auc': 0.98653}
val: {'epoch': 50, 'time_epoch': 0.08937, 'loss': 3.53097603, 'lr': 0, 'params': 284917, 'time_iter': 0.00638, 'accuracy': 0.19286, 'f1': 0.14721, 'auc': 0.83311}
test: {'epoch': 50, 'time_epoch': 0.08502, 'loss': 3.68928774, 'lr': 0, 'params': 284917, 'time_iter': 0.00607, 'accuracy': 0.24524, 'f1': 0.1818, 'auc': 0.83685}
> Epoch 50: took 2.6s (avg 2.5s) | Best so far: epoch 42	train_loss: 0.8124 train_accuracy: 0.7294	val_loss: 4.0380 val_accuracy: 0.2143	test_loss: 4.4792 test_accuracy: 0.1643	F1: 0.1298 Prec: 0.2616 Rec: 0.1643
train: {'epoch': 51, 'time_epoch': 2.23156, 'eta': 450.71758, 'eta_hours': 0.1252, 'loss': 0.70643713, 'lr': 0.00090078, 'params': 284917, 'time_iter': 0.01275, 'accuracy': 0.76774, 'f1': 0.76729, 'auc': 0.98636}
val: {'epoch': 51, 'time_epoch': 0.09113, 'loss': 6.64976079, 'lr': 0, 'params': 284917, 'time_iter': 0.00651, 'accuracy': 0.14524, 'f1': 0.06779, 'auc': 0.76817}
test: {'epoch': 51, 'time_epoch': 0.10787, 'loss': 4.08811771, 'lr': 0, 'params': 284917, 'time_iter': 0.0077, 'accuracy': 0.23571, 'f1': 0.17283, 'auc': 0.85758}
> Epoch 51: took 2.5s (avg 2.5s) | Best so far: epoch 42	train_loss: 0.8124 train_accuracy: 0.7294	val_loss: 4.0380 val_accuracy: 0.2143	test_loss: 4.4792 test_accuracy: 0.1643	F1: 0.1298 Prec: 0.2616 Rec: 0.1643
train: {'epoch': 52, 'time_epoch': 2.3608, 'eta': 448.75513, 'eta_hours': 0.12465, 'loss': 0.70241909, 'lr': 0.000897, 'params': 284917, 'time_iter': 0.01349, 'accuracy': 0.76685, 'f1': 0.76624, 'auc': 0.98658}
val: {'epoch': 52, 'time_epoch': 0.08351, 'loss': 3.83385011, 'lr': 0, 'params': 284917, 'time_iter': 0.00596, 'accuracy': 0.20714, 'f1': 0.16971, 'auc': 0.84648}
test: {'epoch': 52, 'time_epoch': 0.08652, 'loss': 4.17423211, 'lr': 0, 'params': 284917, 'time_iter': 0.00618, 'accuracy': 0.20238, 'f1': 0.19628, 'auc': 0.83905}
> Epoch 52: took 2.6s (avg 2.6s) | Best so far: epoch 42	train_loss: 0.8124 train_accuracy: 0.7294	val_loss: 4.0380 val_accuracy: 0.2143	test_loss: 4.4792 test_accuracy: 0.1643	F1: 0.1298 Prec: 0.2616 Rec: 0.1643
train: {'epoch': 53, 'time_epoch': 2.28475, 'eta': 446.50188, 'eta_hours': 0.12403, 'loss': 0.66873757, 'lr': 0.00089314, 'params': 284917, 'time_iter': 0.01306, 'accuracy': 0.77724, 'f1': 0.77717, 'auc': 0.98767}
val: {'epoch': 53, 'time_epoch': 0.09397, 'loss': 5.26168709, 'lr': 0, 'params': 284917, 'time_iter': 0.00671, 'accuracy': 0.13571, 'f1': 0.09253, 'auc': 0.78524}
test: {'epoch': 53, 'time_epoch': 0.09187, 'loss': 4.17814445, 'lr': 0, 'params': 284917, 'time_iter': 0.00656, 'accuracy': 0.15, 'f1': 0.11439, 'auc': 0.82854}
> Epoch 53: took 2.6s (avg 2.6s) | Best so far: epoch 42	train_loss: 0.8124 train_accuracy: 0.7294	val_loss: 4.0380 val_accuracy: 0.2143	test_loss: 4.4792 test_accuracy: 0.1643	F1: 0.1298 Prec: 0.2616 Rec: 0.1643
train: {'epoch': 54, 'time_epoch': 2.3811, 'eta': 444.58911, 'eta_hours': 0.1235, 'loss': 0.66601793, 'lr': 0.00088923, 'params': 284917, 'time_iter': 0.01361, 'accuracy': 0.77581, 'f1': 0.77543, 'auc': 0.98803}
val: {'epoch': 54, 'time_epoch': 0.10785, 'loss': 6.66963887, 'lr': 0, 'params': 284917, 'time_iter': 0.0077, 'accuracy': 0.1, 'f1': 0.05413, 'auc': 0.67691}
test: {'epoch': 54, 'time_epoch': 0.08341, 'loss': 9.351691, 'lr': 0, 'params': 284917, 'time_iter': 0.00596, 'accuracy': 0.06905, 'f1': 0.02762, 'auc': 0.65577}
> Epoch 54: took 2.7s (avg 2.6s) | Best so far: epoch 42	train_loss: 0.8124 train_accuracy: 0.7294	val_loss: 4.0380 val_accuracy: 0.2143	test_loss: 4.4792 test_accuracy: 0.1643	F1: 0.1298 Prec: 0.2616 Rec: 0.1643
train: {'epoch': 55, 'time_epoch': 2.29705, 'eta': 442.36843, 'eta_hours': 0.12288, 'loss': 0.65145121, 'lr': 0.00088526, 'params': 284917, 'time_iter': 0.01313, 'accuracy': 0.78208, 'f1': 0.78187, 'auc': 0.98852}
val: {'epoch': 55, 'time_epoch': 0.10252, 'loss': 6.32941942, 'lr': 0, 'params': 284917, 'time_iter': 0.00732, 'accuracy': 0.08333, 'f1': 0.04069, 'auc': 0.7525}
test: {'epoch': 55, 'time_epoch': 0.09641, 'loss': 4.57577727, 'lr': 0, 'params': 284917, 'time_iter': 0.00689, 'accuracy': 0.17143, 'f1': 0.0957, 'auc': 0.81895}
> Epoch 55: took 2.6s (avg 2.6s) | Best so far: epoch 42	train_loss: 0.8124 train_accuracy: 0.7294	val_loss: 4.0380 val_accuracy: 0.2143	test_loss: 4.4792 test_accuracy: 0.1643	F1: 0.1298 Prec: 0.2616 Rec: 0.1643
train: {'epoch': 56, 'time_epoch': 2.38845, 'eta': 440.45454, 'eta_hours': 0.12235, 'loss': 0.67250014, 'lr': 0.00088122, 'params': 284917, 'time_iter': 0.01365, 'accuracy': 0.77975, 'f1': 0.77934, 'auc': 0.98768}
val: {'epoch': 56, 'time_epoch': 0.11624, 'loss': 9.48021787, 'lr': 0, 'params': 284917, 'time_iter': 0.0083, 'accuracy': 0.0881, 'f1': 0.02666, 'auc': 0.68279}
test: {'epoch': 56, 'time_epoch': 0.0946, 'loss': 5.17703777, 'lr': 0, 'params': 284917, 'time_iter': 0.00676, 'accuracy': 0.13571, 'f1': 0.09049, 'auc': 0.78835}
> Epoch 56: took 2.7s (avg 2.6s) | Best so far: epoch 42	train_loss: 0.8124 train_accuracy: 0.7294	val_loss: 4.0380 val_accuracy: 0.2143	test_loss: 4.4792 test_accuracy: 0.1643	F1: 0.1298 Prec: 0.2616 Rec: 0.1643
train: {'epoch': 57, 'time_epoch': 2.19473, 'eta': 437.88302, 'eta_hours': 0.12163, 'loss': 0.65895268, 'lr': 0.00087713, 'params': 284917, 'time_iter': 0.01254, 'accuracy': 0.7862, 'f1': 0.78596, 'auc': 0.98803}
val: {'epoch': 57, 'time_epoch': 0.08914, 'loss': 4.28423584, 'lr': 0, 'params': 284917, 'time_iter': 0.00637, 'accuracy': 0.23333, 'f1': 0.15138, 'auc': 0.85812}
test: {'epoch': 57, 'time_epoch': 0.10306, 'loss': 3.45028387, 'lr': 0, 'params': 284917, 'time_iter': 0.00736, 'accuracy': 0.2619, 'f1': 0.22165, 'auc': 0.87691}
[*] Confusion Matrix saved to: results_lopo_1.0/DE_3m\Conf\confusion_matrix_epoch_57.png
> Epoch 57: took 2.5s (avg 2.6s) | Best so far: epoch 57	train_loss: 0.6590 train_accuracy: 0.7862	val_loss: 4.2842 val_accuracy: 0.2333	test_loss: 3.4503 test_accuracy: 0.2619	F1: 0.2217 Prec: 0.4384 Rec: 0.2619
train: {'epoch': 58, 'time_epoch': 2.33463, 'eta': 435.77715, 'eta_hours': 0.12105, 'loss': 0.65732524, 'lr': 0.00087297, 'params': 284917, 'time_iter': 0.01334, 'accuracy': 0.77312, 'f1': 0.77254, 'auc': 0.98846}
val: {'epoch': 58, 'time_epoch': 0.10019, 'loss': 7.1766233, 'lr': 0, 'params': 284917, 'time_iter': 0.00716, 'accuracy': 0.17857, 'f1': 0.10286, 'auc': 0.77448}
test: {'epoch': 58, 'time_epoch': 0.08905, 'loss': 4.68809111, 'lr': 0, 'params': 284917, 'time_iter': 0.00636, 'accuracy': 0.25, 'f1': 0.17842, 'auc': 0.84254}
> Epoch 58: took 2.6s (avg 2.6s) | Best so far: epoch 57	train_loss: 0.6590 train_accuracy: 0.7862	val_loss: 4.2842 val_accuracy: 0.2333	test_loss: 3.4503 test_accuracy: 0.2619	F1: 0.2217 Prec: 0.4384 Rec: 0.2619
train: {'epoch': 59, 'time_epoch': 2.2794, 'eta': 433.48875, 'eta_hours': 0.12041, 'loss': 0.63513657, 'lr': 0.00086876, 'params': 284917, 'time_iter': 0.01303, 'accuracy': 0.79104, 'f1': 0.79093, 'auc': 0.98899}
val: {'epoch': 59, 'time_epoch': 0.11618, 'loss': 3.50378582, 'lr': 0, 'params': 284917, 'time_iter': 0.0083, 'accuracy': 0.18333, 'f1': 0.14258, 'auc': 0.82123}
test: {'epoch': 59, 'time_epoch': 0.1076, 'loss': 3.47156061, 'lr': 0, 'params': 284917, 'time_iter': 0.00769, 'accuracy': 0.2619, 'f1': 0.20795, 'auc': 0.85507}
> Epoch 59: took 2.7s (avg 2.6s) | Best so far: epoch 57	train_loss: 0.6590 train_accuracy: 0.7862	val_loss: 4.2842 val_accuracy: 0.2333	test_loss: 3.4503 test_accuracy: 0.2619	F1: 0.2217 Prec: 0.4384 Rec: 0.2619
train: {'epoch': 60, 'time_epoch': 2.40114, 'eta': 431.57786, 'eta_hours': 0.11988, 'loss': 0.6200205, 'lr': 0.00086448, 'params': 284917, 'time_iter': 0.01372, 'accuracy': 0.78943, 'f1': 0.7892, 'auc': 0.98975}
val: {'epoch': 60, 'time_epoch': 0.10312, 'loss': 4.76637803, 'lr': 0, 'params': 284917, 'time_iter': 0.00737, 'accuracy': 0.19048, 'f1': 0.14831, 'auc': 0.79656}
test: {'epoch': 60, 'time_epoch': 0.09442, 'loss': 5.87505041, 'lr': 0, 'params': 284917, 'time_iter': 0.00674, 'accuracy': 0.17381, 'f1': 0.1145, 'auc': 0.78345}
> Epoch 60: took 2.7s (avg 2.6s) | Best so far: epoch 57	train_loss: 0.6590 train_accuracy: 0.7862	val_loss: 4.2842 val_accuracy: 0.2333	test_loss: 3.4503 test_accuracy: 0.2619	F1: 0.2217 Prec: 0.4384 Rec: 0.2619
train: {'epoch': 61, 'time_epoch': 2.27653, 'eta': 429.2733, 'eta_hours': 0.11924, 'loss': 0.61146506, 'lr': 0.00086015, 'params': 284917, 'time_iter': 0.01301, 'accuracy': 0.79588, 'f1': 0.7958, 'auc': 0.98959}
val: {'epoch': 61, 'time_epoch': 0.10172, 'loss': 4.86568275, 'lr': 0, 'params': 284917, 'time_iter': 0.00727, 'accuracy': 0.14048, 'f1': 0.0815, 'auc': 0.82812}
test: {'epoch': 61, 'time_epoch': 0.09178, 'loss': 3.58697564, 'lr': 0, 'params': 284917, 'time_iter': 0.00656, 'accuracy': 0.27381, 'f1': 0.20238, 'auc': 0.87133}
> Epoch 61: took 2.6s (avg 2.6s) | Best so far: epoch 57	train_loss: 0.6590 train_accuracy: 0.7862	val_loss: 4.2842 val_accuracy: 0.2333	test_loss: 3.4503 test_accuracy: 0.2619	F1: 0.2217 Prec: 0.4384 Rec: 0.2619
train: {'epoch': 62, 'time_epoch': 2.38472, 'eta': 427.29076, 'eta_hours': 0.11869, 'loss': 0.62054341, 'lr': 0.00085577, 'params': 284917, 'time_iter': 0.01363, 'accuracy': 0.79803, 'f1': 0.79764, 'auc': 0.98926}
val: {'epoch': 62, 'time_epoch': 0.11526, 'loss': 6.06150863, 'lr': 0, 'params': 284917, 'time_iter': 0.00823, 'accuracy': 0.14524, 'f1': 0.0683, 'auc': 0.80553}
test: {'epoch': 62, 'time_epoch': 0.10828, 'loss': 3.42906731, 'lr': 0, 'params': 284917, 'time_iter': 0.00773, 'accuracy': 0.26429, 'f1': 0.24713, 'auc': 0.86456}
> Epoch 62: took 2.7s (avg 2.6s) | Best so far: epoch 57	train_loss: 0.6590 train_accuracy: 0.7862	val_loss: 4.2842 val_accuracy: 0.2333	test_loss: 3.4503 test_accuracy: 0.2619	F1: 0.2217 Prec: 0.4384 Rec: 0.2619
train: {'epoch': 63, 'time_epoch': 2.21715, 'eta': 424.80866, 'eta_hours': 0.118, 'loss': 0.5827759, 'lr': 0.00085132, 'params': 284917, 'time_iter': 0.01267, 'accuracy': 0.80376, 'f1': 0.80363, 'auc': 0.99065}
val: {'epoch': 63, 'time_epoch': 0.09967, 'loss': 4.27271123, 'lr': 0, 'params': 284917, 'time_iter': 0.00712, 'accuracy': 0.12857, 'f1': 0.09041, 'auc': 0.8275}
test: {'epoch': 63, 'time_epoch': 0.08927, 'loss': 3.15929275, 'lr': 0, 'params': 284917, 'time_iter': 0.00638, 'accuracy': 0.3119, 'f1': 0.25444, 'auc': 0.87546}
> Epoch 63: took 2.5s (avg 2.6s) | Best so far: epoch 57	train_loss: 0.6590 train_accuracy: 0.7862	val_loss: 4.2842 val_accuracy: 0.2333	test_loss: 3.4503 test_accuracy: 0.2619	F1: 0.2217 Prec: 0.4384 Rec: 0.2619
train: {'epoch': 64, 'time_epoch': 2.37552, 'eta': 422.78546, 'eta_hours': 0.11744, 'loss': 0.59734054, 'lr': 0.00084683, 'params': 284917, 'time_iter': 0.01357, 'accuracy': 0.7948, 'f1': 0.79457, 'auc': 0.9903}
val: {'epoch': 64, 'time_epoch': 0.1031, 'loss': 3.37178619, 'lr': 0, 'params': 284917, 'time_iter': 0.00736, 'accuracy': 0.20238, 'f1': 0.15777, 'auc': 0.85542}
test: {'epoch': 64, 'time_epoch': 0.10899, 'loss': 3.2199032, 'lr': 0, 'params': 284917, 'time_iter': 0.00779, 'accuracy': 0.31667, 'f1': 0.26017, 'auc': 0.86952}
> Epoch 64: took 2.7s (avg 2.6s) | Best so far: epoch 57	train_loss: 0.6590 train_accuracy: 0.7862	val_loss: 4.2842 val_accuracy: 0.2333	test_loss: 3.4503 test_accuracy: 0.2619	F1: 0.2217 Prec: 0.4384 Rec: 0.2619
train: {'epoch': 65, 'time_epoch': 2.32743, 'eta': 420.61751, 'eta_hours': 0.11684, 'loss': 0.57900204, 'lr': 0.00084227, 'params': 284917, 'time_iter': 0.0133, 'accuracy': 0.80914, 'f1': 0.80874, 'auc': 0.99094}
val: {'epoch': 65, 'time_epoch': 0.10686, 'loss': 4.81044505, 'lr': 0, 'params': 284917, 'time_iter': 0.00763, 'accuracy': 0.24286, 'f1': 0.15016, 'auc': 0.87223}
test: {'epoch': 65, 'time_epoch': 0.08962, 'loss': 2.7810041, 'lr': 0, 'params': 284917, 'time_iter': 0.0064, 'accuracy': 0.32381, 'f1': 0.2836, 'auc': 0.90773}
[*] Confusion Matrix saved to: results_lopo_1.0/DE_3m\Conf\confusion_matrix_epoch_65.png
> Epoch 65: took 2.6s (avg 2.6s) | Best so far: epoch 65	train_loss: 0.5790 train_accuracy: 0.8091	val_loss: 4.8104 val_accuracy: 0.2429	test_loss: 2.7810 test_accuracy: 0.3238	F1: 0.2836 Prec: 0.3630 Rec: 0.3238
train: {'epoch': 66, 'time_epoch': 2.50024, 'eta': 418.9168, 'eta_hours': 0.11637, 'loss': 0.57156053, 'lr': 0.00083767, 'params': 284917, 'time_iter': 0.01429, 'accuracy': 0.80968, 'f1': 0.80975, 'auc': 0.99083}
val: {'epoch': 66, 'time_epoch': 0.09459, 'loss': 9.33153205, 'lr': 0, 'params': 284917, 'time_iter': 0.00676, 'accuracy': 0.0881, 'f1': 0.03203, 'auc': 0.66719}
test: {'epoch': 66, 'time_epoch': 0.09893, 'loss': 9.43786218, 'lr': 0, 'params': 284917, 'time_iter': 0.00707, 'accuracy': 0.10714, 'f1': 0.03962, 'auc': 0.7095}
> Epoch 66: took 2.8s (avg 2.6s) | Best so far: epoch 65	train_loss: 0.5790 train_accuracy: 0.8091	val_loss: 4.8104 val_accuracy: 0.2429	test_loss: 2.7810 test_accuracy: 0.3238	F1: 0.2836 Prec: 0.3630 Rec: 0.3238
train: {'epoch': 67, 'time_epoch': 2.171, 'eta': 416.31138, 'eta_hours': 0.11564, 'loss': 0.57883474, 'lr': 0.00083301, 'params': 284917, 'time_iter': 0.01241, 'accuracy': 0.80627, 'f1': 0.80604, 'auc': 0.99067}
val: {'epoch': 67, 'time_epoch': 0.09985, 'loss': 4.17335706, 'lr': 0, 'params': 284917, 'time_iter': 0.00713, 'accuracy': 0.18571, 'f1': 0.12452, 'auc': 0.87023}
test: {'epoch': 67, 'time_epoch': 0.10786, 'loss': 4.21081886, 'lr': 0, 'params': 284917, 'time_iter': 0.0077, 'accuracy': 0.25714, 'f1': 0.20462, 'auc': 0.85782}
> Epoch 67: took 2.5s (avg 2.6s) | Best so far: epoch 65	train_loss: 0.5790 train_accuracy: 0.8091	val_loss: 4.8104 val_accuracy: 0.2429	test_loss: 2.7810 test_accuracy: 0.3238	F1: 0.2836 Prec: 0.3630 Rec: 0.3238
train: {'epoch': 68, 'time_epoch': 2.3996, 'eta': 414.31821, 'eta_hours': 0.11509, 'loss': 0.59648479, 'lr': 0.00082829, 'params': 284917, 'time_iter': 0.01371, 'accuracy': 0.80394, 'f1': 0.80364, 'auc': 0.99022}
val: {'epoch': 68, 'time_epoch': 0.11717, 'loss': 3.30996555, 'lr': 0, 'params': 284917, 'time_iter': 0.00837, 'accuracy': 0.18095, 'f1': 0.17541, 'auc': 0.82344}
test: {'epoch': 68, 'time_epoch': 0.08836, 'loss': 3.60789001, 'lr': 0, 'params': 284917, 'time_iter': 0.00631, 'accuracy': 0.30714, 'f1': 0.22668, 'auc': 0.87262}
> Epoch 68: took 2.7s (avg 2.6s) | Best so far: epoch 65	train_loss: 0.5790 train_accuracy: 0.8091	val_loss: 4.8104 val_accuracy: 0.2429	test_loss: 2.7810 test_accuracy: 0.3238	F1: 0.2836 Prec: 0.3630 Rec: 0.3238
train: {'epoch': 69, 'time_epoch': 2.2149, 'eta': 411.83849, 'eta_hours': 0.1144, 'loss': 0.58076377, 'lr': 0.00082353, 'params': 284917, 'time_iter': 0.01266, 'accuracy': 0.80484, 'f1': 0.80463, 'auc': 0.99066}
val: {'epoch': 69, 'time_epoch': 0.10082, 'loss': 5.39866716, 'lr': 0, 'params': 284917, 'time_iter': 0.0072, 'accuracy': 0.18333, 'f1': 0.12613, 'auc': 0.83578}
test: {'epoch': 69, 'time_epoch': 0.10772, 'loss': 5.28754683, 'lr': 0, 'params': 284917, 'time_iter': 0.00769, 'accuracy': 0.16667, 'f1': 0.14426, 'auc': 0.82785}
> Epoch 69: took 2.5s (avg 2.6s) | Best so far: epoch 65	train_loss: 0.5790 train_accuracy: 0.8091	val_loss: 4.8104 val_accuracy: 0.2429	test_loss: 2.7810 test_accuracy: 0.3238	F1: 0.2836 Prec: 0.3630 Rec: 0.3238
train: {'epoch': 70, 'time_epoch': 2.43538, 'eta': 409.92209, 'eta_hours': 0.11387, 'loss': 0.56061537, 'lr': 0.00081871, 'params': 284917, 'time_iter': 0.01392, 'accuracy': 0.81452, 'f1': 0.81462, 'auc': 0.99146}
val: {'epoch': 70, 'time_epoch': 0.10176, 'loss': 3.9183555, 'lr': 0, 'params': 284917, 'time_iter': 0.00727, 'accuracy': 0.19524, 'f1': 0.12896, 'auc': 0.84797}
test: {'epoch': 70, 'time_epoch': 0.11365, 'loss': 3.20058378, 'lr': 0, 'params': 284917, 'time_iter': 0.00812, 'accuracy': 0.23333, 'f1': 0.20838, 'auc': 0.87784}
> Epoch 70: took 2.7s (avg 2.6s) | Best so far: epoch 65	train_loss: 0.5790 train_accuracy: 0.8091	val_loss: 4.8104 val_accuracy: 0.2429	test_loss: 2.7810 test_accuracy: 0.3238	F1: 0.2836 Prec: 0.3630 Rec: 0.3238
train: {'epoch': 71, 'time_epoch': 2.39343, 'eta': 407.88755, 'eta_hours': 0.1133, 'loss': 0.537397, 'lr': 0.00081385, 'params': 284917, 'time_iter': 0.01368, 'accuracy': 0.82581, 'f1': 0.82545, 'auc': 0.99197}
val: {'epoch': 71, 'time_epoch': 0.09703, 'loss': 6.43451612, 'lr': 0, 'params': 284917, 'time_iter': 0.00693, 'accuracy': 0.1, 'f1': 0.06277, 'auc': 0.78172}
test: {'epoch': 71, 'time_epoch': 0.10159, 'loss': 4.92376344, 'lr': 0, 'params': 284917, 'time_iter': 0.00726, 'accuracy': 0.15, 'f1': 0.11999, 'auc': 0.82009}
> Epoch 71: took 2.7s (avg 2.6s) | Best so far: epoch 65	train_loss: 0.5790 train_accuracy: 0.8091	val_loss: 4.8104 val_accuracy: 0.2429	test_loss: 2.7810 test_accuracy: 0.3238	F1: 0.2836 Prec: 0.3630 Rec: 0.3238
train: {'epoch': 72, 'time_epoch': 2.46746, 'eta': 406.02268, 'eta_hours': 0.11278, 'loss': 0.54587343, 'lr': 0.00080893, 'params': 284917, 'time_iter': 0.0141, 'accuracy': 0.81882, 'f1': 0.81873, 'auc': 0.9919}
val: {'epoch': 72, 'time_epoch': 0.1203, 'loss': 6.03033132, 'lr': 0, 'params': 284917, 'time_iter': 0.00859, 'accuracy': 0.15714, 'f1': 0.10124, 'auc': 0.82664}
test: {'epoch': 72, 'time_epoch': 0.11211, 'loss': 3.09441286, 'lr': 0, 'params': 284917, 'time_iter': 0.00801, 'accuracy': 0.31429, 'f1': 0.28002, 'auc': 0.8952}
> Epoch 72: took 2.8s (avg 2.6s) | Best so far: epoch 65	train_loss: 0.5790 train_accuracy: 0.8091	val_loss: 4.8104 val_accuracy: 0.2429	test_loss: 2.7810 test_accuracy: 0.3238	F1: 0.2836 Prec: 0.3630 Rec: 0.3238
train: {'epoch': 73, 'time_epoch': 2.44548, 'eta': 404.08925, 'eta_hours': 0.11225, 'loss': 0.5344108, 'lr': 0.00080397, 'params': 284917, 'time_iter': 0.01397, 'accuracy': 0.82133, 'f1': 0.82112, 'auc': 0.99211}
val: {'epoch': 73, 'time_epoch': 0.09718, 'loss': 5.02237611, 'lr': 0, 'params': 284917, 'time_iter': 0.00694, 'accuracy': 0.11905, 'f1': 0.08605, 'auc': 0.81411}
test: {'epoch': 73, 'time_epoch': 0.12045, 'loss': 3.92209562, 'lr': 0, 'params': 284917, 'time_iter': 0.0086, 'accuracy': 0.2381, 'f1': 0.15783, 'auc': 0.86782}
> Epoch 73: took 2.8s (avg 2.6s) | Best so far: epoch 65	train_loss: 0.5790 train_accuracy: 0.8091	val_loss: 4.8104 val_accuracy: 0.2429	test_loss: 2.7810 test_accuracy: 0.3238	F1: 0.2836 Prec: 0.3630 Rec: 0.3238
train: {'epoch': 74, 'time_epoch': 2.45677, 'eta': 402.16851, 'eta_hours': 0.11171, 'loss': 0.54225762, 'lr': 0.00079895, 'params': 284917, 'time_iter': 0.01404, 'accuracy': 0.81595, 'f1': 0.8159, 'auc': 0.9919}
val: {'epoch': 74, 'time_epoch': 0.11018, 'loss': 4.87149705, 'lr': 0, 'params': 284917, 'time_iter': 0.00787, 'accuracy': 0.11667, 'f1': 0.08858, 'auc': 0.78407}
test: {'epoch': 74, 'time_epoch': 0.17397, 'loss': 3.93931198, 'lr': 0, 'params': 284917, 'time_iter': 0.01243, 'accuracy': 0.18333, 'f1': 0.12993, 'auc': 0.82996}
> Epoch 74: took 2.8s (avg 2.6s) | Best so far: epoch 65	train_loss: 0.5790 train_accuracy: 0.8091	val_loss: 4.8104 val_accuracy: 0.2429	test_loss: 2.7810 test_accuracy: 0.3238	F1: 0.2836 Prec: 0.3630 Rec: 0.3238
train: {'epoch': 75, 'time_epoch': 2.38875, 'eta': 400.07792, 'eta_hours': 0.11113, 'loss': 0.52874949, 'lr': 0.00079389, 'params': 284917, 'time_iter': 0.01365, 'accuracy': 0.82419, 'f1': 0.82411, 'auc': 0.99221}
val: {'epoch': 75, 'time_epoch': 0.10389, 'loss': 4.2401726, 'lr': 0, 'params': 284917, 'time_iter': 0.00742, 'accuracy': 0.14762, 'f1': 0.09855, 'auc': 0.85304}
test: {'epoch': 75, 'time_epoch': 0.09498, 'loss': 5.23887681, 'lr': 0, 'params': 284917, 'time_iter': 0.00678, 'accuracy': 0.20714, 'f1': 0.13978, 'auc': 0.81979}
> Epoch 75: took 2.7s (avg 2.6s) | Best so far: epoch 65	train_loss: 0.5790 train_accuracy: 0.8091	val_loss: 4.8104 val_accuracy: 0.2429	test_loss: 2.7810 test_accuracy: 0.3238	F1: 0.2836 Prec: 0.3630 Rec: 0.3238
train: {'epoch': 76, 'time_epoch': 2.46473, 'eta': 398.15032, 'eta_hours': 0.1106, 'loss': 0.52381996, 'lr': 0.00078879, 'params': 284917, 'time_iter': 0.01408, 'accuracy': 0.82688, 'f1': 0.82662, 'auc': 0.99221}
val: {'epoch': 76, 'time_epoch': 0.10036, 'loss': 6.05723546, 'lr': 0, 'params': 284917, 'time_iter': 0.00717, 'accuracy': 0.15952, 'f1': 0.09333, 'auc': 0.81962}
test: {'epoch': 76, 'time_epoch': 0.09676, 'loss': 5.82065822, 'lr': 0, 'params': 284917, 'time_iter': 0.00691, 'accuracy': 0.17381, 'f1': 0.09988, 'auc': 0.80956}
> Epoch 76: took 2.8s (avg 2.6s) | Best so far: epoch 65	train_loss: 0.5790 train_accuracy: 0.8091	val_loss: 4.8104 val_accuracy: 0.2429	test_loss: 2.7810 test_accuracy: 0.3238	F1: 0.2836 Prec: 0.3630 Rec: 0.3238
train: {'epoch': 77, 'time_epoch': 2.37608, 'eta': 396.01345, 'eta_hours': 0.11, 'loss': 0.51886707, 'lr': 0.00078363, 'params': 284917, 'time_iter': 0.01358, 'accuracy': 0.82742, 'f1': 0.82722, 'auc': 0.99257}
val: {'epoch': 77, 'time_epoch': 0.09515, 'loss': 4.50963871, 'lr': 0, 'params': 284917, 'time_iter': 0.0068, 'accuracy': 0.14286, 'f1': 0.09177, 'auc': 0.7938}
test: {'epoch': 77, 'time_epoch': 0.11534, 'loss': 4.48044824, 'lr': 0, 'params': 284917, 'time_iter': 0.00824, 'accuracy': 0.2381, 'f1': 0.16899, 'auc': 0.83295}
> Epoch 77: took 2.7s (avg 2.6s) | Best so far: epoch 65	train_loss: 0.5790 train_accuracy: 0.8091	val_loss: 4.8104 val_accuracy: 0.2429	test_loss: 2.7810 test_accuracy: 0.3238	F1: 0.2836 Prec: 0.3630 Rec: 0.3238
train: {'epoch': 78, 'time_epoch': 2.45624, 'eta': 394.04402, 'eta_hours': 0.10946, 'loss': 0.52198963, 'lr': 0.00077844, 'params': 284917, 'time_iter': 0.01404, 'accuracy': 0.82814, 'f1': 0.82785, 'auc': 0.99236}
val: {'epoch': 78, 'time_epoch': 0.11072, 'loss': 5.70580834, 'lr': 0, 'params': 284917, 'time_iter': 0.00791, 'accuracy': 0.09524, 'f1': 0.049, 'auc': 0.79332}
test: {'epoch': 78, 'time_epoch': 0.10183, 'loss': 4.25609453, 'lr': 0, 'params': 284917, 'time_iter': 0.00727, 'accuracy': 0.26667, 'f1': 0.20258, 'auc': 0.84437}
> Epoch 78: took 2.8s (avg 2.6s) | Best so far: epoch 65	train_loss: 0.5790 train_accuracy: 0.8091	val_loss: 4.8104 val_accuracy: 0.2429	test_loss: 2.7810 test_accuracy: 0.3238	F1: 0.2836 Prec: 0.3630 Rec: 0.3238
train: {'epoch': 79, 'time_epoch': 2.25673, 'eta': 391.63847, 'eta_hours': 0.10879, 'loss': 0.52473308, 'lr': 0.0007732, 'params': 284917, 'time_iter': 0.0129, 'accuracy': 0.8224, 'f1': 0.82235, 'auc': 0.9925}
val: {'epoch': 79, 'time_epoch': 0.10321, 'loss': 6.75988642, 'lr': 0, 'params': 284917, 'time_iter': 0.00737, 'accuracy': 0.0881, 'f1': 0.05852, 'auc': 0.80058}
test: {'epoch': 79, 'time_epoch': 0.09584, 'loss': 3.80117162, 'lr': 0, 'params': 284917, 'time_iter': 0.00685, 'accuracy': 0.25238, 'f1': 0.21378, 'auc': 0.86027}
> Epoch 79: took 2.5s (avg 2.6s) | Best so far: epoch 65	train_loss: 0.5790 train_accuracy: 0.8091	val_loss: 4.8104 val_accuracy: 0.2429	test_loss: 2.7810 test_accuracy: 0.3238	F1: 0.2836 Prec: 0.3630 Rec: 0.3238
train: {'epoch': 80, 'time_epoch': 2.5347, 'eta': 389.81655, 'eta_hours': 0.10828, 'loss': 0.49274477, 'lr': 0.00076791, 'params': 284917, 'time_iter': 0.01448, 'accuracy': 0.8371, 'f1': 0.83692, 'auc': 0.99326}
val: {'epoch': 80, 'time_epoch': 0.0941, 'loss': 4.19430585, 'lr': 0, 'params': 284917, 'time_iter': 0.00672, 'accuracy': 0.19286, 'f1': 0.15098, 'auc': 0.82619}
test: {'epoch': 80, 'time_epoch': 0.0918, 'loss': 3.64758469, 'lr': 0, 'params': 284917, 'time_iter': 0.00656, 'accuracy': 0.26429, 'f1': 0.21031, 'auc': 0.8847}
> Epoch 80: took 2.8s (avg 2.6s) | Best so far: epoch 65	train_loss: 0.5790 train_accuracy: 0.8091	val_loss: 4.8104 val_accuracy: 0.2429	test_loss: 2.7810 test_accuracy: 0.3238	F1: 0.2836 Prec: 0.3630 Rec: 0.3238
train: {'epoch': 81, 'time_epoch': 2.32586, 'eta': 387.54938, 'eta_hours': 0.10765, 'loss': 0.46956328, 'lr': 0.00076259, 'params': 284917, 'time_iter': 0.01329, 'accuracy': 0.84857, 'f1': 0.84822, 'auc': 0.99374}
val: {'epoch': 81, 'time_epoch': 0.09993, 'loss': 3.37776956, 'lr': 0, 'params': 284917, 'time_iter': 0.00714, 'accuracy': 0.2, 'f1': 0.1766, 'auc': 0.86326}
test: {'epoch': 81, 'time_epoch': 0.10288, 'loss': 2.6225874, 'lr': 0, 'params': 284917, 'time_iter': 0.00735, 'accuracy': 0.43095, 'f1': 0.37444, 'auc': 0.91505}
> Epoch 81: took 2.6s (avg 2.6s) | Best so far: epoch 65	train_loss: 0.5790 train_accuracy: 0.8091	val_loss: 4.8104 val_accuracy: 0.2429	test_loss: 2.7810 test_accuracy: 0.3238	F1: 0.2836 Prec: 0.3630 Rec: 0.3238
train: {'epoch': 82, 'time_epoch': 2.4044, 'eta': 385.43884, 'eta_hours': 0.10707, 'loss': 0.49514802, 'lr': 0.00075722, 'params': 284917, 'time_iter': 0.01374, 'accuracy': 0.83333, 'f1': 0.83319, 'auc': 0.99336}
val: {'epoch': 82, 'time_epoch': 0.09948, 'loss': 6.05300257, 'lr': 0, 'params': 284917, 'time_iter': 0.00711, 'accuracy': 0.19048, 'f1': 0.1227, 'auc': 0.83817}
test: {'epoch': 82, 'time_epoch': 0.09657, 'loss': 3.46780595, 'lr': 0, 'params': 284917, 'time_iter': 0.0069, 'accuracy': 0.35952, 'f1': 0.29383, 'auc': 0.89952}
> Epoch 82: took 2.7s (avg 2.6s) | Best so far: epoch 65	train_loss: 0.5790 train_accuracy: 0.8091	val_loss: 4.8104 val_accuracy: 0.2429	test_loss: 2.7810 test_accuracy: 0.3238	F1: 0.2836 Prec: 0.3630 Rec: 0.3238
train: {'epoch': 83, 'time_epoch': 2.29616, 'eta': 383.10739, 'eta_hours': 0.10642, 'loss': 0.48683766, 'lr': 0.00075181, 'params': 284917, 'time_iter': 0.01312, 'accuracy': 0.83566, 'f1': 0.83548, 'auc': 0.99342}
val: {'epoch': 83, 'time_epoch': 0.09873, 'loss': 4.89776062, 'lr': 0, 'params': 284917, 'time_iter': 0.00705, 'accuracy': 0.10714, 'f1': 0.06475, 'auc': 0.79202}
test: {'epoch': 83, 'time_epoch': 0.11931, 'loss': 3.83293348, 'lr': 0, 'params': 284917, 'time_iter': 0.00852, 'accuracy': 0.18333, 'f1': 0.14365, 'auc': 0.85029}
> Epoch 83: took 2.6s (avg 2.6s) | Best so far: epoch 65	train_loss: 0.5790 train_accuracy: 0.8091	val_loss: 4.8104 val_accuracy: 0.2429	test_loss: 2.7810 test_accuracy: 0.3238	F1: 0.2836 Prec: 0.3630 Rec: 0.3238
train: {'epoch': 84, 'time_epoch': 2.45372, 'eta': 381.08262, 'eta_hours': 0.10586, 'loss': 0.48883075, 'lr': 0.00074636, 'params': 284917, 'time_iter': 0.01402, 'accuracy': 0.8414, 'f1': 0.84125, 'auc': 0.99323}
val: {'epoch': 84, 'time_epoch': 0.10369, 'loss': 5.69352362, 'lr': 0, 'params': 284917, 'time_iter': 0.00741, 'accuracy': 0.15238, 'f1': 0.09207, 'auc': 0.83192}
test: {'epoch': 84, 'time_epoch': 0.10236, 'loss': 5.68798107, 'lr': 0, 'params': 284917, 'time_iter': 0.00731, 'accuracy': 0.14048, 'f1': 0.09448, 'auc': 0.80799}
> Epoch 84: took 2.7s (avg 2.6s) | Best so far: epoch 65	train_loss: 0.5790 train_accuracy: 0.8091	val_loss: 4.8104 val_accuracy: 0.2429	test_loss: 2.7810 test_accuracy: 0.3238	F1: 0.2836 Prec: 0.3630 Rec: 0.3238
train: {'epoch': 85, 'time_epoch': 2.32774, 'eta': 378.80762, 'eta_hours': 0.10522, 'loss': 0.49605404, 'lr': 0.00074088, 'params': 284917, 'time_iter': 0.0133, 'accuracy': 0.83781, 'f1': 0.83761, 'auc': 0.99307}
val: {'epoch': 85, 'time_epoch': 0.11118, 'loss': 4.18644818, 'lr': 0, 'params': 284917, 'time_iter': 0.00794, 'accuracy': 0.14524, 'f1': 0.12824, 'auc': 0.80657}
test: {'epoch': 85, 'time_epoch': 0.10606, 'loss': 3.25508683, 'lr': 0, 'params': 284917, 'time_iter': 0.00758, 'accuracy': 0.21667, 'f1': 0.18676, 'auc': 0.86728}
> Epoch 85: took 2.7s (avg 2.6s) | Best so far: epoch 65	train_loss: 0.5790 train_accuracy: 0.8091	val_loss: 4.8104 val_accuracy: 0.2429	test_loss: 2.7810 test_accuracy: 0.3238	F1: 0.2836 Prec: 0.3630 Rec: 0.3238
train: {'epoch': 86, 'time_epoch': 2.5192, 'eta': 376.89014, 'eta_hours': 0.10469, 'loss': 0.48824685, 'lr': 0.00073535, 'params': 284917, 'time_iter': 0.0144, 'accuracy': 0.83692, 'f1': 0.83674, 'auc': 0.99346}
val: {'epoch': 86, 'time_epoch': 0.08828, 'loss': 3.93248167, 'lr': 0, 'params': 284917, 'time_iter': 0.00631, 'accuracy': 0.22857, 'f1': 0.15745, 'auc': 0.86688}
test: {'epoch': 86, 'time_epoch': 0.0924, 'loss': 2.31943297, 'lr': 0, 'params': 284917, 'time_iter': 0.0066, 'accuracy': 0.45952, 'f1': 0.42065, 'auc': 0.93101}
> Epoch 86: took 2.8s (avg 2.6s) | Best so far: epoch 65	train_loss: 0.5790 train_accuracy: 0.8091	val_loss: 4.8104 val_accuracy: 0.2429	test_loss: 2.7810 test_accuracy: 0.3238	F1: 0.2836 Prec: 0.3630 Rec: 0.3238
train: {'epoch': 87, 'time_epoch': 2.3236, 'eta': 374.5989, 'eta_hours': 0.10406, 'loss': 0.46162276, 'lr': 0.00072979, 'params': 284917, 'time_iter': 0.01328, 'accuracy': 0.84624, 'f1': 0.84611, 'auc': 0.99409}
val: {'epoch': 87, 'time_epoch': 0.09957, 'loss': 3.55115502, 'lr': 0, 'params': 284917, 'time_iter': 0.00711, 'accuracy': 0.20238, 'f1': 0.15646, 'auc': 0.82539}
test: {'epoch': 87, 'time_epoch': 0.09704, 'loss': 2.92182525, 'lr': 0, 'params': 284917, 'time_iter': 0.00693, 'accuracy': 0.31905, 'f1': 0.27209, 'auc': 0.87375}
> Epoch 87: took 2.6s (avg 2.6s) | Best so far: epoch 65	train_loss: 0.5790 train_accuracy: 0.8091	val_loss: 4.8104 val_accuracy: 0.2429	test_loss: 2.7810 test_accuracy: 0.3238	F1: 0.2836 Prec: 0.3630 Rec: 0.3238
train: {'epoch': 88, 'time_epoch': 2.4104, 'eta': 372.46395, 'eta_hours': 0.10346, 'loss': 0.46241973, 'lr': 0.00072419, 'params': 284917, 'time_iter': 0.01377, 'accuracy': 0.84606, 'f1': 0.84598, 'auc': 0.99412}
val: {'epoch': 88, 'time_epoch': 0.09167, 'loss': 3.29221791, 'lr': 0, 'params': 284917, 'time_iter': 0.00655, 'accuracy': 0.2619, 'f1': 0.19618, 'auc': 0.86227}
test: {'epoch': 88, 'time_epoch': 0.09549, 'loss': 3.28597991, 'lr': 0, 'params': 284917, 'time_iter': 0.00682, 'accuracy': 0.34762, 'f1': 0.33215, 'auc': 0.87274}
[*] Confusion Matrix saved to: results_lopo_1.0/DE_3m\Conf\confusion_matrix_epoch_88.png
> Epoch 88: took 2.7s (avg 2.6s) | Best so far: epoch 88	train_loss: 0.4624 train_accuracy: 0.8461	val_loss: 3.2922 val_accuracy: 0.2619	test_loss: 3.2860 test_accuracy: 0.3476	F1: 0.3321 Prec: 0.4146 Rec: 0.3476
train: {'epoch': 89, 'time_epoch': 2.38187, 'eta': 370.27217, 'eta_hours': 0.10285, 'loss': 0.4529737, 'lr': 0.00071856, 'params': 284917, 'time_iter': 0.01361, 'accuracy': 0.8491, 'f1': 0.84891, 'auc': 0.99422}
val: {'epoch': 89, 'time_epoch': 0.10322, 'loss': 4.21673968, 'lr': 0, 'params': 284917, 'time_iter': 0.00737, 'accuracy': 0.26429, 'f1': 0.2004, 'auc': 0.87799}
test: {'epoch': 89, 'time_epoch': 0.10366, 'loss': 2.60288155, 'lr': 0, 'params': 284917, 'time_iter': 0.0074, 'accuracy': 0.4119, 'f1': 0.36324, 'auc': 0.92801}
[*] Confusion Matrix saved to: results_lopo_1.0/DE_3m\Conf\confusion_matrix_epoch_89.png
> Epoch 89: took 2.7s (avg 2.6s) | Best so far: epoch 89	train_loss: 0.4530 train_accuracy: 0.8491	val_loss: 4.2167 val_accuracy: 0.2643	test_loss: 2.6029 test_accuracy: 0.4119	F1: 0.3632 Prec: 0.4570 Rec: 0.4119
train: {'epoch': 90, 'time_epoch': 2.40852, 'eta': 368.12276, 'eta_hours': 0.10226, 'loss': 0.48526251, 'lr': 0.00071289, 'params': 284917, 'time_iter': 0.01376, 'accuracy': 0.83566, 'f1': 0.83554, 'auc': 0.99339}
val: {'epoch': 90, 'time_epoch': 0.08824, 'loss': 4.85793326, 'lr': 0, 'params': 284917, 'time_iter': 0.0063, 'accuracy': 0.15952, 'f1': 0.11797, 'auc': 0.81238}
test: {'epoch': 90, 'time_epoch': 0.0976, 'loss': 5.2239707, 'lr': 0, 'params': 284917, 'time_iter': 0.00697, 'accuracy': 0.17381, 'f1': 0.14658, 'auc': 0.82926}
> Epoch 90: took 2.7s (avg 2.6s) | Best so far: epoch 89	train_loss: 0.4530 train_accuracy: 0.8491	val_loss: 4.2167 val_accuracy: 0.2643	test_loss: 2.6029 test_accuracy: 0.4119	F1: 0.3632 Prec: 0.4570 Rec: 0.4119
train: {'epoch': 91, 'time_epoch': 2.33063, 'eta': 365.83397, 'eta_hours': 0.10162, 'loss': 0.44661212, 'lr': 0.00070719, 'params': 284917, 'time_iter': 0.01332, 'accuracy': 0.85072, 'f1': 0.85059, 'auc': 0.99453}
val: {'epoch': 91, 'time_epoch': 0.10343, 'loss': 4.09663637, 'lr': 0, 'params': 284917, 'time_iter': 0.00739, 'accuracy': 0.25, 'f1': 0.18942, 'auc': 0.83043}
test: {'epoch': 91, 'time_epoch': 0.1025, 'loss': 5.27880049, 'lr': 0, 'params': 284917, 'time_iter': 0.00732, 'accuracy': 0.18333, 'f1': 0.12397, 'auc': 0.76944}
> Epoch 91: took 2.6s (avg 2.6s) | Best so far: epoch 89	train_loss: 0.4530 train_accuracy: 0.8491	val_loss: 4.2167 val_accuracy: 0.2643	test_loss: 2.6029 test_accuracy: 0.4119	F1: 0.3632 Prec: 0.4570 Rec: 0.4119
train: {'epoch': 92, 'time_epoch': 2.64897, 'eta': 364.08168, 'eta_hours': 0.10113, 'loss': 0.42478392, 'lr': 0.00070145, 'params': 284917, 'time_iter': 0.01514, 'accuracy': 0.85789, 'f1': 0.8578, 'auc': 0.99502}
val: {'epoch': 92, 'time_epoch': 0.08918, 'loss': 4.64088088, 'lr': 0, 'params': 284917, 'time_iter': 0.00637, 'accuracy': 0.13095, 'f1': 0.11643, 'auc': 0.79448}
test: {'epoch': 92, 'time_epoch': 0.10328, 'loss': 2.64416035, 'lr': 0, 'params': 284917, 'time_iter': 0.00738, 'accuracy': 0.37381, 'f1': 0.33039, 'auc': 0.90455}
> Epoch 92: took 2.9s (avg 2.6s) | Best so far: epoch 89	train_loss: 0.4530 train_accuracy: 0.8491	val_loss: 4.2167 val_accuracy: 0.2643	test_loss: 2.6029 test_accuracy: 0.4119	F1: 0.3632 Prec: 0.4570 Rec: 0.4119
train: {'epoch': 93, 'time_epoch': 2.55954, 'eta': 362.1619, 'eta_hours': 0.1006, 'loss': 0.45790995, 'lr': 0.00069569, 'params': 284917, 'time_iter': 0.01463, 'accuracy': 0.84552, 'f1': 0.84554, 'auc': 0.9943}
val: {'epoch': 93, 'time_epoch': 0.10967, 'loss': 7.16466196, 'lr': 0, 'params': 284917, 'time_iter': 0.00783, 'accuracy': 0.09762, 'f1': 0.0707, 'auc': 0.75323}
test: {'epoch': 93, 'time_epoch': 0.1029, 'loss': 3.3850885, 'lr': 0, 'params': 284917, 'time_iter': 0.00735, 'accuracy': 0.27857, 'f1': 0.26309, 'auc': 0.87454}
> Epoch 93: took 2.9s (avg 2.6s) | Best so far: epoch 89	train_loss: 0.4530 train_accuracy: 0.8491	val_loss: 4.2167 val_accuracy: 0.2643	test_loss: 2.6029 test_accuracy: 0.4119	F1: 0.3632 Prec: 0.4570 Rec: 0.4119
train: {'epoch': 94, 'time_epoch': 2.44074, 'eta': 360.03482, 'eta_hours': 0.10001, 'loss': 0.44591922, 'lr': 0.00068989, 'params': 284917, 'time_iter': 0.01395, 'accuracy': 0.84982, 'f1': 0.84963, 'auc': 0.99441}
val: {'epoch': 94, 'time_epoch': 0.10232, 'loss': 4.40410509, 'lr': 0, 'params': 284917, 'time_iter': 0.00731, 'accuracy': 0.17619, 'f1': 0.12651, 'auc': 0.81855}
test: {'epoch': 94, 'time_epoch': 0.09896, 'loss': 3.52697968, 'lr': 0, 'params': 284917, 'time_iter': 0.00707, 'accuracy': 0.27857, 'f1': 0.2102, 'auc': 0.88298}
> Epoch 94: took 2.7s (avg 2.6s) | Best so far: epoch 89	train_loss: 0.4530 train_accuracy: 0.8491	val_loss: 4.2167 val_accuracy: 0.2643	test_loss: 2.6029 test_accuracy: 0.4119	F1: 0.3632 Prec: 0.4570 Rec: 0.4119
train: {'epoch': 95, 'time_epoch': 2.42952, 'eta': 357.88321, 'eta_hours': 0.09941, 'loss': 0.43735616, 'lr': 0.00068406, 'params': 284917, 'time_iter': 0.01388, 'accuracy': 0.85627, 'f1': 0.8562, 'auc': 0.99477}
val: {'epoch': 95, 'time_epoch': 0.10086, 'loss': 3.65115513, 'lr': 0, 'params': 284917, 'time_iter': 0.0072, 'accuracy': 0.22619, 'f1': 0.17189, 'auc': 0.85437}
test: {'epoch': 95, 'time_epoch': 0.1187, 'loss': 2.93958227, 'lr': 0, 'params': 284917, 'time_iter': 0.00848, 'accuracy': 0.30714, 'f1': 0.27898, 'auc': 0.88611}
> Epoch 95: took 2.7s (avg 2.6s) | Best so far: epoch 89	train_loss: 0.4530 train_accuracy: 0.8491	val_loss: 4.2167 val_accuracy: 0.2643	test_loss: 2.6029 test_accuracy: 0.4119	F1: 0.3632 Prec: 0.4570 Rec: 0.4119
train: {'epoch': 96, 'time_epoch': 2.44107, 'eta': 355.74407, 'eta_hours': 0.09882, 'loss': 0.42397362, 'lr': 0.00067821, 'params': 284917, 'time_iter': 0.01395, 'accuracy': 0.85932, 'f1': 0.85917, 'auc': 0.99493}
val: {'epoch': 96, 'time_epoch': 0.08988, 'loss': 5.42970559, 'lr': 0, 'params': 284917, 'time_iter': 0.00642, 'accuracy': 0.20952, 'f1': 0.14169, 'auc': 0.85355}
test: {'epoch': 96, 'time_epoch': 0.08521, 'loss': 3.1495908, 'lr': 0, 'params': 284917, 'time_iter': 0.00609, 'accuracy': 0.30952, 'f1': 0.27663, 'auc': 0.90765}
> Epoch 96: took 2.7s (avg 2.6s) | Best so far: epoch 89	train_loss: 0.4530 train_accuracy: 0.8491	val_loss: 4.2167 val_accuracy: 0.2643	test_loss: 2.6029 test_accuracy: 0.4119	F1: 0.3632 Prec: 0.4570 Rec: 0.4119
train: {'epoch': 97, 'time_epoch': 2.41292, 'eta': 353.55513, 'eta_hours': 0.09821, 'loss': 0.45200571, 'lr': 0.00067232, 'params': 284917, 'time_iter': 0.01379, 'accuracy': 0.84749, 'f1': 0.84744, 'auc': 0.99434}
val: {'epoch': 97, 'time_epoch': 0.09394, 'loss': 4.55137059, 'lr': 0, 'params': 284917, 'time_iter': 0.00671, 'accuracy': 0.1381, 'f1': 0.10076, 'auc': 0.85165}
test: {'epoch': 97, 'time_epoch': 0.08975, 'loss': 3.42269501, 'lr': 0, 'params': 284917, 'time_iter': 0.00641, 'accuracy': 0.27143, 'f1': 0.23416, 'auc': 0.88832}
> Epoch 97: took 2.7s (avg 2.6s) | Best so far: epoch 89	train_loss: 0.4530 train_accuracy: 0.8491	val_loss: 4.2167 val_accuracy: 0.2643	test_loss: 2.6029 test_accuracy: 0.4119	F1: 0.3632 Prec: 0.4570 Rec: 0.4119
train: {'epoch': 98, 'time_epoch': 2.27467, 'eta': 351.15078, 'eta_hours': 0.09754, 'loss': 0.42755895, 'lr': 0.00066641, 'params': 284917, 'time_iter': 0.013, 'accuracy': 0.85502, 'f1': 0.85493, 'auc': 0.99499}
val: {'epoch': 98, 'time_epoch': 0.09739, 'loss': 3.96880567, 'lr': 0, 'params': 284917, 'time_iter': 0.00696, 'accuracy': 0.20476, 'f1': 0.16086, 'auc': 0.85007}
test: {'epoch': 98, 'time_epoch': 0.09464, 'loss': 2.44237909, 'lr': 0, 'params': 284917, 'time_iter': 0.00676, 'accuracy': 0.41905, 'f1': 0.40039, 'auc': 0.9124}
> Epoch 98: took 2.6s (avg 2.6s) | Best so far: epoch 89	train_loss: 0.4530 train_accuracy: 0.8491	val_loss: 4.2167 val_accuracy: 0.2643	test_loss: 2.6029 test_accuracy: 0.4119	F1: 0.3632 Prec: 0.4570 Rec: 0.4119
train: {'epoch': 99, 'time_epoch': 2.31158, 'eta': 348.80439, 'eta_hours': 0.09689, 'loss': 0.42595166, 'lr': 0.00066047, 'params': 284917, 'time_iter': 0.01321, 'accuracy': 0.85986, 'f1': 0.85965, 'auc': 0.99495}
val: {'epoch': 99, 'time_epoch': 0.09732, 'loss': 4.34311659, 'lr': 0, 'params': 284917, 'time_iter': 0.00695, 'accuracy': 0.1881, 'f1': 0.12142, 'auc': 0.86261}
test: {'epoch': 99, 'time_epoch': 0.10173, 'loss': 2.62042366, 'lr': 0, 'params': 284917, 'time_iter': 0.00727, 'accuracy': 0.31429, 'f1': 0.33047, 'auc': 0.90216}
> Epoch 99: took 2.6s (avg 2.6s) | Best so far: epoch 89	train_loss: 0.4530 train_accuracy: 0.8491	val_loss: 4.2167 val_accuracy: 0.2643	test_loss: 2.6029 test_accuracy: 0.4119	F1: 0.3632 Prec: 0.4570 Rec: 0.4119
train: {'epoch': 100, 'time_epoch': 2.40759, 'eta': 346.60034, 'eta_hours': 0.09628, 'loss': 0.42646987, 'lr': 0.00065451, 'params': 284917, 'time_iter': 0.01376, 'accuracy': 0.85466, 'f1': 0.85455, 'auc': 0.99499}
val: {'epoch': 100, 'time_epoch': 0.09022, 'loss': 3.76367097, 'lr': 0, 'params': 284917, 'time_iter': 0.00644, 'accuracy': 0.26667, 'f1': 0.20102, 'auc': 0.87849}
test: {'epoch': 100, 'time_epoch': 0.08528, 'loss': 3.5849375, 'lr': 0, 'params': 284917, 'time_iter': 0.00609, 'accuracy': 0.25238, 'f1': 0.23195, 'auc': 0.87139}
[*] Confusion Matrix saved to: results_lopo_1.0/DE_3m\Conf\confusion_matrix_epoch_100.png
> Epoch 100: took 2.7s (avg 2.6s) | Best so far: epoch 100	train_loss: 0.4265 train_accuracy: 0.8547	val_loss: 3.7637 val_accuracy: 0.2667	test_loss: 3.5849 test_accuracy: 0.2524	F1: 0.2320 Prec: 0.3070 Rec: 0.2524
train: {'epoch': 101, 'time_epoch': 2.28923, 'eta': 344.22055, 'eta_hours': 0.09562, 'loss': 0.39886783, 'lr': 0.00064852, 'params': 284917, 'time_iter': 0.01308, 'accuracy': 0.86595, 'f1': 0.86594, 'auc': 0.99555}
val: {'epoch': 101, 'time_epoch': 0.11817, 'loss': 5.0903206, 'lr': 0, 'params': 284917, 'time_iter': 0.00844, 'accuracy': 0.18095, 'f1': 0.12477, 'auc': 0.86004}
test: {'epoch': 101, 'time_epoch': 0.09524, 'loss': 3.49513634, 'lr': 0, 'params': 284917, 'time_iter': 0.0068, 'accuracy': 0.3119, 'f1': 0.26273, 'auc': 0.89522}
> Epoch 101: took 2.6s (avg 2.6s) | Best so far: epoch 100	train_loss: 0.4265 train_accuracy: 0.8547	val_loss: 3.7637 val_accuracy: 0.2667	test_loss: 3.5849 test_accuracy: 0.2524	F1: 0.2320 Prec: 0.3070 Rec: 0.2524
train: {'epoch': 102, 'time_epoch': 2.38154, 'eta': 341.97427, 'eta_hours': 0.09499, 'loss': 0.4044632, 'lr': 0.00064251, 'params': 284917, 'time_iter': 0.01361, 'accuracy': 0.86685, 'f1': 0.86665, 'auc': 0.99536}
val: {'epoch': 102, 'time_epoch': 0.09378, 'loss': 4.58433421, 'lr': 0, 'params': 284917, 'time_iter': 0.0067, 'accuracy': 0.16667, 'f1': 0.11013, 'auc': 0.86898}
test: {'epoch': 102, 'time_epoch': 0.092, 'loss': 4.64221598, 'lr': 0, 'params': 284917, 'time_iter': 0.00657, 'accuracy': 0.23333, 'f1': 0.19951, 'auc': 0.83983}
> Epoch 102: took 2.6s (avg 2.6s) | Best so far: epoch 100	train_loss: 0.4265 train_accuracy: 0.8547	val_loss: 3.7637 val_accuracy: 0.2667	test_loss: 3.5849 test_accuracy: 0.2524	F1: 0.2320 Prec: 0.3070 Rec: 0.2524
train: {'epoch': 103, 'time_epoch': 2.43159, 'eta': 339.79565, 'eta_hours': 0.09439, 'loss': 0.4253392, 'lr': 0.00063648, 'params': 284917, 'time_iter': 0.01389, 'accuracy': 0.85484, 'f1': 0.85476, 'auc': 0.99508}
val: {'epoch': 103, 'time_epoch': 0.10168, 'loss': 6.5129797, 'lr': 0, 'params': 284917, 'time_iter': 0.00726, 'accuracy': 0.15952, 'f1': 0.10679, 'auc': 0.81313}
test: {'epoch': 103, 'time_epoch': 0.09607, 'loss': 2.86331608, 'lr': 0, 'params': 284917, 'time_iter': 0.00686, 'accuracy': 0.37857, 'f1': 0.34823, 'auc': 0.90967}
> Epoch 103: took 2.7s (avg 2.6s) | Best so far: epoch 100	train_loss: 0.4265 train_accuracy: 0.8547	val_loss: 3.7637 val_accuracy: 0.2667	test_loss: 3.5849 test_accuracy: 0.2524	F1: 0.2320 Prec: 0.3070 Rec: 0.2524
train: {'epoch': 104, 'time_epoch': 2.37277, 'eta': 337.53099, 'eta_hours': 0.09376, 'loss': 0.40809582, 'lr': 0.00063042, 'params': 284917, 'time_iter': 0.01356, 'accuracy': 0.8638, 'f1': 0.8637, 'auc': 0.99544}
val: {'epoch': 104, 'time_epoch': 0.08955, 'loss': 4.38548579, 'lr': 0, 'params': 284917, 'time_iter': 0.0064, 'accuracy': 0.20476, 'f1': 0.14628, 'auc': 0.8679}
test: {'epoch': 104, 'time_epoch': 0.14597, 'loss': 2.42599785, 'lr': 0, 'params': 284917, 'time_iter': 0.01043, 'accuracy': 0.37143, 'f1': 0.34221, 'auc': 0.9201}
> Epoch 104: took 2.7s (avg 2.6s) | Best so far: epoch 100	train_loss: 0.4265 train_accuracy: 0.8547	val_loss: 3.7637 val_accuracy: 0.2667	test_loss: 3.5849 test_accuracy: 0.2524	F1: 0.2320 Prec: 0.3070 Rec: 0.2524
train: {'epoch': 105, 'time_epoch': 2.30855, 'eta': 335.17704, 'eta_hours': 0.0931, 'loss': 0.38339687, 'lr': 0.00062434, 'params': 284917, 'time_iter': 0.01319, 'accuracy': 0.86882, 'f1': 0.8688, 'auc': 0.99582}
val: {'epoch': 105, 'time_epoch': 0.10037, 'loss': 4.22142175, 'lr': 0, 'params': 284917, 'time_iter': 0.00717, 'accuracy': 0.15476, 'f1': 0.11427, 'auc': 0.84447}
test: {'epoch': 105, 'time_epoch': 0.0974, 'loss': 2.43046636, 'lr': 0, 'params': 284917, 'time_iter': 0.00696, 'accuracy': 0.44048, 'f1': 0.41434, 'auc': 0.91534}
> Epoch 105: took 2.6s (avg 2.6s) | Best so far: epoch 100	train_loss: 0.4265 train_accuracy: 0.8547	val_loss: 3.7637 val_accuracy: 0.2667	test_loss: 3.5849 test_accuracy: 0.2524	F1: 0.2320 Prec: 0.3070 Rec: 0.2524
train: {'epoch': 106, 'time_epoch': 2.32557, 'eta': 332.84669, 'eta_hours': 0.09246, 'loss': 0.39668667, 'lr': 0.00061825, 'params': 284917, 'time_iter': 0.01329, 'accuracy': 0.86183, 'f1': 0.86173, 'auc': 0.99567}
val: {'epoch': 106, 'time_epoch': 0.08941, 'loss': 2.78753539, 'lr': 0, 'params': 284917, 'time_iter': 0.00639, 'accuracy': 0.27381, 'f1': 0.24572, 'auc': 0.89755}
test: {'epoch': 106, 'time_epoch': 0.09896, 'loss': 2.8309576, 'lr': 0, 'params': 284917, 'time_iter': 0.00707, 'accuracy': 0.35, 'f1': 0.31505, 'auc': 0.8952}
[*] Confusion Matrix saved to: results_lopo_1.0/DE_3m\Conf\confusion_matrix_epoch_106.png
> Epoch 106: took 2.6s (avg 2.6s) | Best so far: epoch 106	train_loss: 0.3967 train_accuracy: 0.8618	val_loss: 2.7875 val_accuracy: 0.2738	test_loss: 2.8310 test_accuracy: 0.3500	F1: 0.3150 Prec: 0.4114 Rec: 0.3500
train: {'epoch': 107, 'time_epoch': 2.49253, 'eta': 330.73594, 'eta_hours': 0.09187, 'loss': 0.39069012, 'lr': 0.00061214, 'params': 284917, 'time_iter': 0.01424, 'accuracy': 0.87168, 'f1': 0.87158, 'auc': 0.99575}
val: {'epoch': 107, 'time_epoch': 0.10462, 'loss': 3.3674533, 'lr': 0, 'params': 284917, 'time_iter': 0.00747, 'accuracy': 0.27619, 'f1': 0.21989, 'auc': 0.89346}
test: {'epoch': 107, 'time_epoch': 0.08898, 'loss': 2.05867637, 'lr': 0, 'params': 284917, 'time_iter': 0.00636, 'accuracy': 0.46429, 'f1': 0.45924, 'auc': 0.92757}
[*] Confusion Matrix saved to: results_lopo_1.0/DE_3m\Conf\confusion_matrix_epoch_107.png
> Epoch 107: took 2.8s (avg 2.6s) | Best so far: epoch 107	train_loss: 0.3907 train_accuracy: 0.8717	val_loss: 3.3675 val_accuracy: 0.2762	test_loss: 2.0587 test_accuracy: 0.4643	F1: 0.4592 Prec: 0.5515 Rec: 0.4643
train: {'epoch': 108, 'time_epoch': 2.43334, 'eta': 328.54163, 'eta_hours': 0.09126, 'loss': 0.3810315, 'lr': 0.000606, 'params': 284917, 'time_iter': 0.0139, 'accuracy': 0.87151, 'f1': 0.87147, 'auc': 0.9961}
val: {'epoch': 108, 'time_epoch': 0.0984, 'loss': 5.00460545, 'lr': 0, 'params': 284917, 'time_iter': 0.00703, 'accuracy': 0.16667, 'f1': 0.10362, 'auc': 0.82182}
test: {'epoch': 108, 'time_epoch': 0.09263, 'loss': 4.32008429, 'lr': 0, 'params': 284917, 'time_iter': 0.00662, 'accuracy': 0.23095, 'f1': 0.19409, 'auc': 0.85341}
> Epoch 108: took 2.7s (avg 2.6s) | Best so far: epoch 107	train_loss: 0.3907 train_accuracy: 0.8717	val_loss: 3.3675 val_accuracy: 0.2762	test_loss: 2.0587 test_accuracy: 0.4643	F1: 0.4592 Prec: 0.5515 Rec: 0.4643
train: {'epoch': 109, 'time_epoch': 2.35586, 'eta': 326.24436, 'eta_hours': 0.09062, 'loss': 0.39144791, 'lr': 0.00059985, 'params': 284917, 'time_iter': 0.01346, 'accuracy': 0.87186, 'f1': 0.87183, 'auc': 0.99573}
val: {'epoch': 109, 'time_epoch': 0.09896, 'loss': 4.6669552, 'lr': 0, 'params': 284917, 'time_iter': 0.00707, 'accuracy': 0.1619, 'f1': 0.09992, 'auc': 0.81253}
test: {'epoch': 109, 'time_epoch': 0.09867, 'loss': 4.7112984, 'lr': 0, 'params': 284917, 'time_iter': 0.00705, 'accuracy': 0.12143, 'f1': 0.11226, 'auc': 0.7934}
> Epoch 109: took 2.6s (avg 2.6s) | Best so far: epoch 107	train_loss: 0.3907 train_accuracy: 0.8717	val_loss: 3.3675 val_accuracy: 0.2762	test_loss: 2.0587 test_accuracy: 0.4643	F1: 0.4592 Prec: 0.5515 Rec: 0.4643
train: {'epoch': 110, 'time_epoch': 2.30197, 'eta': 323.87855, 'eta_hours': 0.08997, 'loss': 0.40115995, 'lr': 0.00059369, 'params': 284917, 'time_iter': 0.01315, 'accuracy': 0.86595, 'f1': 0.86581, 'auc': 0.99549}
val: {'epoch': 110, 'time_epoch': 0.09233, 'loss': 4.36957675, 'lr': 0, 'params': 284917, 'time_iter': 0.0066, 'accuracy': 0.17619, 'f1': 0.12058, 'auc': 0.87432}
test: {'epoch': 110, 'time_epoch': 0.10027, 'loss': 3.85288779, 'lr': 0, 'params': 284917, 'time_iter': 0.00716, 'accuracy': 0.24048, 'f1': 0.21929, 'auc': 0.87282}
> Epoch 110: took 2.6s (avg 2.6s) | Best so far: epoch 107	train_loss: 0.3907 train_accuracy: 0.8717	val_loss: 3.3675 val_accuracy: 0.2762	test_loss: 2.0587 test_accuracy: 0.4643	F1: 0.4592 Prec: 0.5515 Rec: 0.4643
train: {'epoch': 111, 'time_epoch': 2.31115, 'eta': 321.52519, 'eta_hours': 0.08931, 'loss': 0.37608479, 'lr': 0.00058751, 'params': 284917, 'time_iter': 0.01321, 'accuracy': 0.87419, 'f1': 0.87414, 'auc': 0.99612}
val: {'epoch': 111, 'time_epoch': 0.0941, 'loss': 3.58853851, 'lr': 0, 'params': 284917, 'time_iter': 0.00672, 'accuracy': 0.20952, 'f1': 0.14291, 'auc': 0.89896}
test: {'epoch': 111, 'time_epoch': 0.10013, 'loss': 2.93190156, 'lr': 0, 'params': 284917, 'time_iter': 0.00715, 'accuracy': 0.35714, 'f1': 0.33199, 'auc': 0.90462}
> Epoch 111: took 2.6s (avg 2.6s) | Best so far: epoch 107	train_loss: 0.3907 train_accuracy: 0.8717	val_loss: 3.3675 val_accuracy: 0.2762	test_loss: 2.0587 test_accuracy: 0.4643	F1: 0.4592 Prec: 0.5515 Rec: 0.4643
train: {'epoch': 112, 'time_epoch': 2.3475, 'eta': 319.21664, 'eta_hours': 0.08867, 'loss': 0.35288467, 'lr': 0.00058132, 'params': 284917, 'time_iter': 0.01341, 'accuracy': 0.88369, 'f1': 0.88372, 'auc': 0.99659}
val: {'epoch': 112, 'time_epoch': 0.10474, 'loss': 5.79484693, 'lr': 0, 'params': 284917, 'time_iter': 0.00748, 'accuracy': 0.11667, 'f1': 0.08224, 'auc': 0.78877}
test: {'epoch': 112, 'time_epoch': 0.11069, 'loss': 5.40694866, 'lr': 0, 'params': 284917, 'time_iter': 0.00791, 'accuracy': 0.15476, 'f1': 0.10368, 'auc': 0.83196}
> Epoch 112: took 2.7s (avg 2.6s) | Best so far: epoch 107	train_loss: 0.3907 train_accuracy: 0.8717	val_loss: 3.3675 val_accuracy: 0.2762	test_loss: 2.0587 test_accuracy: 0.4643	F1: 0.4592 Prec: 0.5515 Rec: 0.4643
train: {'epoch': 113, 'time_epoch': 2.93458, 'eta': 317.60779, 'eta_hours': 0.08822, 'loss': 0.36580318, 'lr': 0.00057511, 'params': 284917, 'time_iter': 0.01677, 'accuracy': 0.87491, 'f1': 0.87487, 'auc': 0.99638}
val: {'epoch': 113, 'time_epoch': 0.12027, 'loss': 5.34964388, 'lr': 0, 'params': 284917, 'time_iter': 0.00859, 'accuracy': 0.13333, 'f1': 0.08234, 'auc': 0.78771}
test: {'epoch': 113, 'time_epoch': 0.11712, 'loss': 3.25960677, 'lr': 0, 'params': 284917, 'time_iter': 0.00837, 'accuracy': 0.28571, 'f1': 0.24775, 'auc': 0.87252}
> Epoch 113: took 3.3s (avg 2.6s) | Best so far: epoch 107	train_loss: 0.3907 train_accuracy: 0.8717	val_loss: 3.3675 val_accuracy: 0.2762	test_loss: 2.0587 test_accuracy: 0.4643	F1: 0.4592 Prec: 0.5515 Rec: 0.4643
train: {'epoch': 114, 'time_epoch': 2.77868, 'eta': 315.79287, 'eta_hours': 0.08772, 'loss': 0.38942048, 'lr': 0.0005689, 'params': 284917, 'time_iter': 0.01588, 'accuracy': 0.86989, 'f1': 0.86977, 'auc': 0.99572}
val: {'epoch': 114, 'time_epoch': 0.10457, 'loss': 5.37181286, 'lr': 0, 'params': 284917, 'time_iter': 0.00747, 'accuracy': 0.17381, 'f1': 0.12808, 'auc': 0.81377}
test: {'epoch': 114, 'time_epoch': 0.18295, 'loss': 3.35825575, 'lr': 0, 'params': 284917, 'time_iter': 0.01307, 'accuracy': 0.27619, 'f1': 0.22216, 'auc': 0.87562}
> Epoch 114: took 3.2s (avg 2.6s) | Best so far: epoch 107	train_loss: 0.3907 train_accuracy: 0.8717	val_loss: 3.3675 val_accuracy: 0.2762	test_loss: 2.0587 test_accuracy: 0.4643	F1: 0.4592 Prec: 0.5515 Rec: 0.4643
train: {'epoch': 115, 'time_epoch': 2.69674, 'eta': 313.86667, 'eta_hours': 0.08719, 'loss': 0.38617277, 'lr': 0.00056267, 'params': 284917, 'time_iter': 0.01541, 'accuracy': 0.87366, 'f1': 0.87352, 'auc': 0.99582}
val: {'epoch': 115, 'time_epoch': 0.15635, 'loss': 4.98688535, 'lr': 0, 'params': 284917, 'time_iter': 0.01117, 'accuracy': 0.1881, 'f1': 0.14432, 'auc': 0.85167}
test: {'epoch': 115, 'time_epoch': 0.11822, 'loss': 2.69929817, 'lr': 0, 'params': 284917, 'time_iter': 0.00844, 'accuracy': 0.3881, 'f1': 0.34863, 'auc': 0.91685}
> Epoch 115: took 3.1s (avg 2.6s) | Best so far: epoch 107	train_loss: 0.3907 train_accuracy: 0.8717	val_loss: 3.3675 val_accuracy: 0.2762	test_loss: 2.0587 test_accuracy: 0.4643	F1: 0.4592 Prec: 0.5515 Rec: 0.4643
train: {'epoch': 116, 'time_epoch': 2.46827, 'eta': 311.66759, 'eta_hours': 0.08657, 'loss': 0.35276008, 'lr': 0.00055643, 'params': 284917, 'time_iter': 0.0141, 'accuracy': 0.88333, 'f1': 0.88319, 'auc': 0.99645}
val: {'epoch': 116, 'time_epoch': 0.11124, 'loss': 3.11628337, 'lr': 0, 'params': 284917, 'time_iter': 0.00795, 'accuracy': 0.25952, 'f1': 0.22274, 'auc': 0.88341}
test: {'epoch': 116, 'time_epoch': 0.10739, 'loss': 2.06583068, 'lr': 0, 'params': 284917, 'time_iter': 0.00767, 'accuracy': 0.50476, 'f1': 0.4692, 'auc': 0.92836}
> Epoch 116: took 2.8s (avg 2.6s) | Best so far: epoch 107	train_loss: 0.3907 train_accuracy: 0.8717	val_loss: 3.3675 val_accuracy: 0.2762	test_loss: 2.0587 test_accuracy: 0.4643	F1: 0.4592 Prec: 0.5515 Rec: 0.4643
train: {'epoch': 117, 'time_epoch': 2.76427, 'eta': 309.79506, 'eta_hours': 0.08605, 'loss': 0.36182984, 'lr': 0.00055018, 'params': 284917, 'time_iter': 0.0158, 'accuracy': 0.88065, 'f1': 0.88059, 'auc': 0.99628}
val: {'epoch': 117, 'time_epoch': 0.10233, 'loss': 5.51061121, 'lr': 0, 'params': 284917, 'time_iter': 0.00731, 'accuracy': 0.2119, 'f1': 0.15431, 'auc': 0.85856}
test: {'epoch': 117, 'time_epoch': 0.09861, 'loss': 3.16025441, 'lr': 0, 'params': 284917, 'time_iter': 0.00704, 'accuracy': 0.31905, 'f1': 0.27067, 'auc': 0.91682}
> Epoch 117: took 3.1s (avg 2.6s) | Best so far: epoch 107	train_loss: 0.3907 train_accuracy: 0.8717	val_loss: 3.3675 val_accuracy: 0.2762	test_loss: 2.0587 test_accuracy: 0.4643	F1: 0.4592 Prec: 0.5515 Rec: 0.4643
train: {'epoch': 118, 'time_epoch': 2.73649, 'eta': 307.87697, 'eta_hours': 0.08552, 'loss': 0.33131594, 'lr': 0.00054393, 'params': 284917, 'time_iter': 0.01564, 'accuracy': 0.88853, 'f1': 0.88845, 'auc': 0.997}
val: {'epoch': 118, 'time_epoch': 0.13517, 'loss': 3.02282341, 'lr': 0, 'params': 284917, 'time_iter': 0.00965, 'accuracy': 0.27381, 'f1': 0.2529, 'auc': 0.88646}
test: {'epoch': 118, 'time_epoch': 0.11944, 'loss': 2.61327559, 'lr': 0, 'params': 284917, 'time_iter': 0.00853, 'accuracy': 0.38571, 'f1': 0.34891, 'auc': 0.90756}
> Epoch 118: took 3.1s (avg 2.6s) | Best so far: epoch 107	train_loss: 0.3907 train_accuracy: 0.8717	val_loss: 3.3675 val_accuracy: 0.2762	test_loss: 2.0587 test_accuracy: 0.4643	F1: 0.4592 Prec: 0.5515 Rec: 0.4643
train: {'epoch': 119, 'time_epoch': 3.06839, 'eta': 306.30479, 'eta_hours': 0.08508, 'loss': 0.34913714, 'lr': 0.00053766, 'params': 284917, 'time_iter': 0.01753, 'accuracy': 0.8819, 'f1': 0.88184, 'auc': 0.99658}
val: {'epoch': 119, 'time_epoch': 0.13408, 'loss': 6.96311715, 'lr': 0, 'params': 284917, 'time_iter': 0.00958, 'accuracy': 0.14524, 'f1': 0.10156, 'auc': 0.80805}
test: {'epoch': 119, 'time_epoch': 0.12425, 'loss': 3.72956682, 'lr': 0, 'params': 284917, 'time_iter': 0.00888, 'accuracy': 0.32857, 'f1': 0.27137, 'auc': 0.88826}
> Epoch 119: took 3.4s (avg 2.6s) | Best so far: epoch 107	train_loss: 0.3907 train_accuracy: 0.8717	val_loss: 3.3675 val_accuracy: 0.2762	test_loss: 2.0587 test_accuracy: 0.4643	F1: 0.4592 Prec: 0.5515 Rec: 0.4643
train: {'epoch': 120, 'time_epoch': 3.03164, 'eta': 304.66871, 'eta_hours': 0.08463, 'loss': 0.3573332, 'lr': 0.0005314, 'params': 284917, 'time_iter': 0.01732, 'accuracy': 0.88172, 'f1': 0.88154, 'auc': 0.99641}
val: {'epoch': 120, 'time_epoch': 0.12228, 'loss': 3.22810626, 'lr': 0, 'params': 284917, 'time_iter': 0.00873, 'accuracy': 0.25238, 'f1': 0.21699, 'auc': 0.88232}
test: {'epoch': 120, 'time_epoch': 0.13724, 'loss': 2.79883264, 'lr': 0, 'params': 284917, 'time_iter': 0.0098, 'accuracy': 0.39048, 'f1': 0.36941, 'auc': 0.89438}
> Epoch 120: took 3.4s (avg 2.6s) | Best so far: epoch 107	train_loss: 0.3907 train_accuracy: 0.8717	val_loss: 3.3675 val_accuracy: 0.2762	test_loss: 2.0587 test_accuracy: 0.4643	F1: 0.4592 Prec: 0.5515 Rec: 0.4643
train: {'epoch': 121, 'time_epoch': 2.83246, 'eta': 302.80078, 'eta_hours': 0.08411, 'loss': 0.33911599, 'lr': 0.00052512, 'params': 284917, 'time_iter': 0.01619, 'accuracy': 0.88835, 'f1': 0.88835, 'auc': 0.99677}
val: {'epoch': 121, 'time_epoch': 0.11162, 'loss': 5.85565017, 'lr': 0, 'params': 284917, 'time_iter': 0.00797, 'accuracy': 0.2119, 'f1': 0.13091, 'auc': 0.84407}
test: {'epoch': 121, 'time_epoch': 0.11938, 'loss': 5.29765922, 'lr': 0, 'params': 284917, 'time_iter': 0.00853, 'accuracy': 0.16667, 'f1': 0.11484, 'auc': 0.84014}
> Epoch 121: took 3.2s (avg 2.7s) | Best so far: epoch 107	train_loss: 0.3907 train_accuracy: 0.8717	val_loss: 3.3675 val_accuracy: 0.2762	test_loss: 2.0587 test_accuracy: 0.4643	F1: 0.4592 Prec: 0.5515 Rec: 0.4643
train: {'epoch': 122, 'time_epoch': 2.61736, 'eta': 300.69506, 'eta_hours': 0.08353, 'loss': 0.33270678, 'lr': 0.00051885, 'params': 284917, 'time_iter': 0.01496, 'accuracy': 0.88692, 'f1': 0.88685, 'auc': 0.99692}
val: {'epoch': 122, 'time_epoch': 0.11761, 'loss': 5.06248755, 'lr': 0, 'params': 284917, 'time_iter': 0.0084, 'accuracy': 0.18095, 'f1': 0.13649, 'auc': 0.86589}
test: {'epoch': 122, 'time_epoch': 0.10173, 'loss': 2.77848821, 'lr': 0, 'params': 284917, 'time_iter': 0.00727, 'accuracy': 0.37619, 'f1': 0.35719, 'auc': 0.91193}
> Epoch 122: took 2.9s (avg 2.7s) | Best so far: epoch 107	train_loss: 0.3907 train_accuracy: 0.8717	val_loss: 3.3675 val_accuracy: 0.2762	test_loss: 2.0587 test_accuracy: 0.4643	F1: 0.4592 Prec: 0.5515 Rec: 0.4643
train: {'epoch': 123, 'time_epoch': 2.32363, 'eta': 298.28263, 'eta_hours': 0.08286, 'loss': 0.33465292, 'lr': 0.00051257, 'params': 284917, 'time_iter': 0.01328, 'accuracy': 0.88566, 'f1': 0.88553, 'auc': 0.99699}
val: {'epoch': 123, 'time_epoch': 0.10367, 'loss': 4.72491215, 'lr': 0, 'params': 284917, 'time_iter': 0.00741, 'accuracy': 0.14286, 'f1': 0.11779, 'auc': 0.86376}
test: {'epoch': 123, 'time_epoch': 0.1023, 'loss': 3.35452355, 'lr': 0, 'params': 284917, 'time_iter': 0.00731, 'accuracy': 0.29048, 'f1': 0.25239, 'auc': 0.88944}
> Epoch 123: took 2.6s (avg 2.7s) | Best so far: epoch 107	train_loss: 0.3907 train_accuracy: 0.8717	val_loss: 3.3675 val_accuracy: 0.2762	test_loss: 2.0587 test_accuracy: 0.4643	F1: 0.4592 Prec: 0.5515 Rec: 0.4643
train: {'epoch': 124, 'time_epoch': 2.64094, 'eta': 296.18892, 'eta_hours': 0.08227, 'loss': 0.33894974, 'lr': 0.00050628, 'params': 284917, 'time_iter': 0.01509, 'accuracy': 0.89086, 'f1': 0.89071, 'auc': 0.99672}
val: {'epoch': 124, 'time_epoch': 0.08821, 'loss': 3.57630102, 'lr': 0, 'params': 284917, 'time_iter': 0.0063, 'accuracy': 0.23333, 'f1': 0.18057, 'auc': 0.89648}
test: {'epoch': 124, 'time_epoch': 0.09104, 'loss': 2.19849557, 'lr': 0, 'params': 284917, 'time_iter': 0.0065, 'accuracy': 0.46429, 'f1': 0.45441, 'auc': 0.92691}
> Epoch 124: took 2.9s (avg 2.7s) | Best so far: epoch 107	train_loss: 0.3907 train_accuracy: 0.8717	val_loss: 3.3675 val_accuracy: 0.2762	test_loss: 2.0587 test_accuracy: 0.4643	F1: 0.4592 Prec: 0.5515 Rec: 0.4643
train: {'epoch': 125, 'time_epoch': 2.36331, 'eta': 293.8133, 'eta_hours': 0.08161, 'loss': 0.35310388, 'lr': 0.0005, 'params': 284917, 'time_iter': 0.0135, 'accuracy': 0.88907, 'f1': 0.88903, 'auc': 0.99629}
val: {'epoch': 125, 'time_epoch': 0.10075, 'loss': 3.75592297, 'lr': 0, 'params': 284917, 'time_iter': 0.0072, 'accuracy': 0.23571, 'f1': 0.15934, 'auc': 0.86837}
test: {'epoch': 125, 'time_epoch': 0.09741, 'loss': 3.15733202, 'lr': 0, 'params': 284917, 'time_iter': 0.00696, 'accuracy': 0.34048, 'f1': 0.29345, 'auc': 0.8968}
> Epoch 125: took 2.7s (avg 2.7s) | Best so far: epoch 107	train_loss: 0.3907 train_accuracy: 0.8717	val_loss: 3.3675 val_accuracy: 0.2762	test_loss: 2.0587 test_accuracy: 0.4643	F1: 0.4592 Prec: 0.5515 Rec: 0.4643
train: {'epoch': 126, 'time_epoch': 2.49863, 'eta': 291.56894, 'eta_hours': 0.08099, 'loss': 0.32616837, 'lr': 0.00049372, 'params': 284917, 'time_iter': 0.01428, 'accuracy': 0.89265, 'f1': 0.89264, 'auc': 0.99708}
val: {'epoch': 126, 'time_epoch': 0.11623, 'loss': 5.45558207, 'lr': 0, 'params': 284917, 'time_iter': 0.0083, 'accuracy': 0.19524, 'f1': 0.14098, 'auc': 0.85668}
test: {'epoch': 126, 'time_epoch': 0.12279, 'loss': 3.01299648, 'lr': 0, 'params': 284917, 'time_iter': 0.00877, 'accuracy': 0.32143, 'f1': 0.30532, 'auc': 0.90102}
> Epoch 126: took 2.8s (avg 2.7s) | Best so far: epoch 107	train_loss: 0.3907 train_accuracy: 0.8717	val_loss: 3.3675 val_accuracy: 0.2762	test_loss: 2.0587 test_accuracy: 0.4643	F1: 0.4592 Prec: 0.5515 Rec: 0.4643
train: {'epoch': 127, 'time_epoch': 2.5454, 'eta': 289.36518, 'eta_hours': 0.08038, 'loss': 0.3135167, 'lr': 0.00048743, 'params': 284917, 'time_iter': 0.01455, 'accuracy': 0.89229, 'f1': 0.89216, 'auc': 0.99734}
val: {'epoch': 127, 'time_epoch': 0.16559, 'loss': 4.59552828, 'lr': 0, 'params': 284917, 'time_iter': 0.01183, 'accuracy': 0.2381, 'f1': 0.18255, 'auc': 0.87746}
test: {'epoch': 127, 'time_epoch': 0.11283, 'loss': 2.59658394, 'lr': 0, 'params': 284917, 'time_iter': 0.00806, 'accuracy': 0.39762, 'f1': 0.3844, 'auc': 0.92539}
> Epoch 127: took 2.9s (avg 2.7s) | Best so far: epoch 107	train_loss: 0.3907 train_accuracy: 0.8717	val_loss: 3.3675 val_accuracy: 0.2762	test_loss: 2.0587 test_accuracy: 0.4643	F1: 0.4592 Prec: 0.5515 Rec: 0.4643
train: {'epoch': 128, 'time_epoch': 2.67792, 'eta': 287.28042, 'eta_hours': 0.0798, 'loss': 0.33662304, 'lr': 0.00048115, 'params': 284917, 'time_iter': 0.0153, 'accuracy': 0.88835, 'f1': 0.88837, 'auc': 0.99665}
val: {'epoch': 128, 'time_epoch': 0.09584, 'loss': 5.03175504, 'lr': 0, 'params': 284917, 'time_iter': 0.00685, 'accuracy': 0.16429, 'f1': 0.11994, 'auc': 0.83121}
test: {'epoch': 128, 'time_epoch': 0.10005, 'loss': 2.24093047, 'lr': 0, 'params': 284917, 'time_iter': 0.00715, 'accuracy': 0.46905, 'f1': 0.43689, 'auc': 0.9266}
> Epoch 128: took 3.0s (avg 2.7s) | Best so far: epoch 107	train_loss: 0.3907 train_accuracy: 0.8717	val_loss: 3.3675 val_accuracy: 0.2762	test_loss: 2.0587 test_accuracy: 0.4643	F1: 0.4592 Prec: 0.5515 Rec: 0.4643
train: {'epoch': 129, 'time_epoch': 2.38601, 'eta': 284.91709, 'eta_hours': 0.07914, 'loss': 0.31118782, 'lr': 0.00047488, 'params': 284917, 'time_iter': 0.01363, 'accuracy': 0.8991, 'f1': 0.89907, 'auc': 0.99724}
val: {'epoch': 129, 'time_epoch': 0.09528, 'loss': 4.78863885, 'lr': 0, 'params': 284917, 'time_iter': 0.00681, 'accuracy': 0.22619, 'f1': 0.13288, 'auc': 0.8643}
test: {'epoch': 129, 'time_epoch': 0.10218, 'loss': 2.33804745, 'lr': 0, 'params': 284917, 'time_iter': 0.0073, 'accuracy': 0.4381, 'f1': 0.41637, 'auc': 0.92579}
> Epoch 129: took 2.7s (avg 2.7s) | Best so far: epoch 107	train_loss: 0.3907 train_accuracy: 0.8717	val_loss: 3.3675 val_accuracy: 0.2762	test_loss: 2.0587 test_accuracy: 0.4643	F1: 0.4592 Prec: 0.5515 Rec: 0.4643
train: {'epoch': 130, 'time_epoch': 2.60548, 'eta': 282.75278, 'eta_hours': 0.07854, 'loss': 0.33413293, 'lr': 0.0004686, 'params': 284917, 'time_iter': 0.01489, 'accuracy': 0.88405, 'f1': 0.88398, 'auc': 0.99692}
val: {'epoch': 130, 'time_epoch': 0.10262, 'loss': 3.21438004, 'lr': 0, 'params': 284917, 'time_iter': 0.00733, 'accuracy': 0.30476, 'f1': 0.27029, 'auc': 0.89733}
test: {'epoch': 130, 'time_epoch': 0.09915, 'loss': 2.07596951, 'lr': 0, 'params': 284917, 'time_iter': 0.00708, 'accuracy': 0.49524, 'f1': 0.49822, 'auc': 0.92874}
[*] Confusion Matrix saved to: results_lopo_1.0/DE_3m\Conf\confusion_matrix_epoch_130.png
> Epoch 130: took 2.9s (avg 2.7s) | Best so far: epoch 130	train_loss: 0.3341 train_accuracy: 0.8841	val_loss: 3.2144 val_accuracy: 0.3048	test_loss: 2.0760 test_accuracy: 0.4952	F1: 0.4982 Prec: 0.6021 Rec: 0.4952
train: {'epoch': 131, 'time_epoch': 2.41567, 'eta': 280.4121, 'eta_hours': 0.07789, 'loss': 0.33884671, 'lr': 0.00046234, 'params': 284917, 'time_iter': 0.0138, 'accuracy': 0.88817, 'f1': 0.88793, 'auc': 0.99676}
val: {'epoch': 131, 'time_epoch': 0.10751, 'loss': 4.40693025, 'lr': 0, 'params': 284917, 'time_iter': 0.00768, 'accuracy': 0.20238, 'f1': 0.14133, 'auc': 0.86676}
test: {'epoch': 131, 'time_epoch': 0.10095, 'loss': 2.04819616, 'lr': 0, 'params': 284917, 'time_iter': 0.00721, 'accuracy': 0.48571, 'f1': 0.47207, 'auc': 0.92896}
> Epoch 131: took 2.7s (avg 2.7s) | Best so far: epoch 130	train_loss: 0.3341 train_accuracy: 0.8841	val_loss: 3.2144 val_accuracy: 0.3048	test_loss: 2.0760 test_accuracy: 0.4952	F1: 0.4982 Prec: 0.6021 Rec: 0.4952
train: {'epoch': 132, 'time_epoch': 2.45005, 'eta': 278.10054, 'eta_hours': 0.07725, 'loss': 0.31723318, 'lr': 0.00045607, 'params': 284917, 'time_iter': 0.014, 'accuracy': 0.89659, 'f1': 0.89653, 'auc': 0.99722}
val: {'epoch': 132, 'time_epoch': 0.10652, 'loss': 4.665938, 'lr': 0, 'params': 284917, 'time_iter': 0.00761, 'accuracy': 0.22619, 'f1': 0.16585, 'auc': 0.87402}
test: {'epoch': 132, 'time_epoch': 0.10469, 'loss': 3.36993663, 'lr': 0, 'params': 284917, 'time_iter': 0.00748, 'accuracy': 0.23333, 'f1': 0.20601, 'auc': 0.8932}
> Epoch 132: took 2.8s (avg 2.7s) | Best so far: epoch 130	train_loss: 0.3341 train_accuracy: 0.8841	val_loss: 3.2144 val_accuracy: 0.3048	test_loss: 2.0760 test_accuracy: 0.4952	F1: 0.4982 Prec: 0.6021 Rec: 0.4952
train: {'epoch': 133, 'time_epoch': 2.57792, 'eta': 275.89761, 'eta_hours': 0.07664, 'loss': 0.29850252, 'lr': 0.00044982, 'params': 284917, 'time_iter': 0.01473, 'accuracy': 0.90036, 'f1': 0.90023, 'auc': 0.99758}
val: {'epoch': 133, 'time_epoch': 0.11054, 'loss': 5.28894856, 'lr': 0, 'params': 284917, 'time_iter': 0.0079, 'accuracy': 0.2, 'f1': 0.11829, 'auc': 0.8403}
test: {'epoch': 133, 'time_epoch': 0.09761, 'loss': 3.5069452, 'lr': 0, 'params': 284917, 'time_iter': 0.00697, 'accuracy': 0.28333, 'f1': 0.24889, 'auc': 0.87727}
> Epoch 133: took 2.9s (avg 2.7s) | Best so far: epoch 130	train_loss: 0.3341 train_accuracy: 0.8841	val_loss: 3.2144 val_accuracy: 0.3048	test_loss: 2.0760 test_accuracy: 0.4952	F1: 0.4982 Prec: 0.6021 Rec: 0.4952
train: {'epoch': 134, 'time_epoch': 2.49638, 'eta': 273.61966, 'eta_hours': 0.07601, 'loss': 0.30341413, 'lr': 0.00044357, 'params': 284917, 'time_iter': 0.01427, 'accuracy': 0.89821, 'f1': 0.89815, 'auc': 0.99747}
val: {'epoch': 134, 'time_epoch': 0.10052, 'loss': 4.58300721, 'lr': 0, 'params': 284917, 'time_iter': 0.00718, 'accuracy': 0.20238, 'f1': 0.16184, 'auc': 0.88149}
test: {'epoch': 134, 'time_epoch': 0.11767, 'loss': 2.43362009, 'lr': 0, 'params': 284917, 'time_iter': 0.0084, 'accuracy': 0.39762, 'f1': 0.39432, 'auc': 0.92489}
> Epoch 134: took 2.8s (avg 2.7s) | Best so far: epoch 130	train_loss: 0.3341 train_accuracy: 0.8841	val_loss: 3.2144 val_accuracy: 0.3048	test_loss: 2.0760 test_accuracy: 0.4952	F1: 0.4982 Prec: 0.6021 Rec: 0.4952
train: {'epoch': 135, 'time_epoch': 2.48816, 'eta': 271.3316, 'eta_hours': 0.07537, 'loss': 0.2959693, 'lr': 0.00043733, 'params': 284917, 'time_iter': 0.01422, 'accuracy': 0.9009, 'f1': 0.90081, 'auc': 0.99756}
val: {'epoch': 135, 'time_epoch': 0.11282, 'loss': 3.98790293, 'lr': 0, 'params': 284917, 'time_iter': 0.00806, 'accuracy': 0.20238, 'f1': 0.15433, 'auc': 0.86292}
test: {'epoch': 135, 'time_epoch': 0.12061, 'loss': 3.65913575, 'lr': 0, 'params': 284917, 'time_iter': 0.00862, 'accuracy': 0.24762, 'f1': 0.21129, 'auc': 0.85404}
> Epoch 135: took 2.8s (avg 2.7s) | Best so far: epoch 130	train_loss: 0.3341 train_accuracy: 0.8841	val_loss: 3.2144 val_accuracy: 0.3048	test_loss: 2.0760 test_accuracy: 0.4952	F1: 0.4982 Prec: 0.6021 Rec: 0.4952
train: {'epoch': 136, 'time_epoch': 2.73107, 'eta': 269.24099, 'eta_hours': 0.07479, 'loss': 0.28468498, 'lr': 0.0004311, 'params': 284917, 'time_iter': 0.01561, 'accuracy': 0.90573, 'f1': 0.90562, 'auc': 0.99779}
val: {'epoch': 136, 'time_epoch': 0.11246, 'loss': 4.75647677, 'lr': 0, 'params': 284917, 'time_iter': 0.00803, 'accuracy': 0.17381, 'f1': 0.12095, 'auc': 0.85624}
test: {'epoch': 136, 'time_epoch': 0.10331, 'loss': 4.55186224, 'lr': 0, 'params': 284917, 'time_iter': 0.00738, 'accuracy': 0.22381, 'f1': 0.16777, 'auc': 0.8556}
> Epoch 136: took 3.0s (avg 2.7s) | Best so far: epoch 130	train_loss: 0.3341 train_accuracy: 0.8841	val_loss: 3.2144 val_accuracy: 0.3048	test_loss: 2.0760 test_accuracy: 0.4952	F1: 0.4982 Prec: 0.6021 Rec: 0.4952
train: {'epoch': 137, 'time_epoch': 2.51796, 'eta': 266.96813, 'eta_hours': 0.07416, 'loss': 0.28554908, 'lr': 0.00042489, 'params': 284917, 'time_iter': 0.01439, 'accuracy': 0.90878, 'f1': 0.90885, 'auc': 0.99764}
val: {'epoch': 137, 'time_epoch': 0.10926, 'loss': 7.29226953, 'lr': 0, 'params': 284917, 'time_iter': 0.0078, 'accuracy': 0.16905, 'f1': 0.11909, 'auc': 0.81742}
test: {'epoch': 137, 'time_epoch': 0.13203, 'loss': 3.28504536, 'lr': 0, 'params': 284917, 'time_iter': 0.00943, 'accuracy': 0.34524, 'f1': 0.30425, 'auc': 0.91245}
> Epoch 137: took 2.9s (avg 2.7s) | Best so far: epoch 130	train_loss: 0.3341 train_accuracy: 0.8841	val_loss: 3.2144 val_accuracy: 0.3048	test_loss: 2.0760 test_accuracy: 0.4952	F1: 0.4982 Prec: 0.6021 Rec: 0.4952
train: {'epoch': 138, 'time_epoch': 2.55259, 'eta': 264.7194, 'eta_hours': 0.07353, 'loss': 0.29530541, 'lr': 0.00041868, 'params': 284917, 'time_iter': 0.01459, 'accuracy': 0.90072, 'f1': 0.90069, 'auc': 0.99761}
val: {'epoch': 138, 'time_epoch': 0.1132, 'loss': 4.11792974, 'lr': 0, 'params': 284917, 'time_iter': 0.00809, 'accuracy': 0.20476, 'f1': 0.1537, 'auc': 0.88999}
test: {'epoch': 138, 'time_epoch': 0.09934, 'loss': 2.13294073, 'lr': 0, 'params': 284917, 'time_iter': 0.0071, 'accuracy': 0.49762, 'f1': 0.48086, 'auc': 0.93661}
> Epoch 138: took 2.9s (avg 2.7s) | Best so far: epoch 130	train_loss: 0.3341 train_accuracy: 0.8841	val_loss: 3.2144 val_accuracy: 0.3048	test_loss: 2.0760 test_accuracy: 0.4952	F1: 0.4982 Prec: 0.6021 Rec: 0.4952
train: {'epoch': 139, 'time_epoch': 2.65074, 'eta': 262.54344, 'eta_hours': 0.07293, 'loss': 0.3011519, 'lr': 0.00041249, 'params': 284917, 'time_iter': 0.01515, 'accuracy': 0.90161, 'f1': 0.90157, 'auc': 0.99742}
val: {'epoch': 139, 'time_epoch': 0.11387, 'loss': 3.56734158, 'lr': 0, 'params': 284917, 'time_iter': 0.00813, 'accuracy': 0.24048, 'f1': 0.20746, 'auc': 0.88473}
test: {'epoch': 139, 'time_epoch': 0.13098, 'loss': 2.41378297, 'lr': 0, 'params': 284917, 'time_iter': 0.00936, 'accuracy': 0.45, 'f1': 0.44352, 'auc': 0.91486}
> Epoch 139: took 3.0s (avg 2.7s) | Best so far: epoch 130	train_loss: 0.3341 train_accuracy: 0.8841	val_loss: 3.2144 val_accuracy: 0.3048	test_loss: 2.0760 test_accuracy: 0.4952	F1: 0.4982 Prec: 0.6021 Rec: 0.4952
train: {'epoch': 140, 'time_epoch': 2.45574, 'eta': 260.21001, 'eta_hours': 0.07228, 'loss': 0.28943666, 'lr': 0.00040631, 'params': 284917, 'time_iter': 0.01403, 'accuracy': 0.90735, 'f1': 0.90728, 'auc': 0.99761}
val: {'epoch': 140, 'time_epoch': 0.09882, 'loss': 5.02398043, 'lr': 0, 'params': 284917, 'time_iter': 0.00706, 'accuracy': 0.16667, 'f1': 0.13139, 'auc': 0.83623}
test: {'epoch': 140, 'time_epoch': 0.09508, 'loss': 2.66995043, 'lr': 0, 'params': 284917, 'time_iter': 0.00679, 'accuracy': 0.43333, 'f1': 0.4079, 'auc': 0.91868}
> Epoch 140: took 2.7s (avg 2.7s) | Best so far: epoch 130	train_loss: 0.3341 train_accuracy: 0.8841	val_loss: 3.2144 val_accuracy: 0.3048	test_loss: 2.0760 test_accuracy: 0.4952	F1: 0.4982 Prec: 0.6021 Rec: 0.4952
train: {'epoch': 141, 'time_epoch': 2.48817, 'eta': 257.89952, 'eta_hours': 0.07164, 'loss': 0.28755149, 'lr': 0.00040015, 'params': 284917, 'time_iter': 0.01422, 'accuracy': 0.90179, 'f1': 0.90176, 'auc': 0.99774}
val: {'epoch': 141, 'time_epoch': 0.10511, 'loss': 4.10634901, 'lr': 0, 'params': 284917, 'time_iter': 0.00751, 'accuracy': 0.23095, 'f1': 0.17651, 'auc': 0.86385}
test: {'epoch': 141, 'time_epoch': 0.10359, 'loss': 2.06698439, 'lr': 0, 'params': 284917, 'time_iter': 0.0074, 'accuracy': 0.44762, 'f1': 0.4356, 'auc': 0.92865}
> Epoch 141: took 2.8s (avg 2.7s) | Best so far: epoch 130	train_loss: 0.3341 train_accuracy: 0.8841	val_loss: 3.2144 val_accuracy: 0.3048	test_loss: 2.0760 test_accuracy: 0.4952	F1: 0.4982 Prec: 0.6021 Rec: 0.4952
train: {'epoch': 142, 'time_epoch': 2.57351, 'eta': 255.6504, 'eta_hours': 0.07101, 'loss': 0.29440412, 'lr': 0.000394, 'params': 284917, 'time_iter': 0.01471, 'accuracy': 0.90358, 'f1': 0.9035, 'auc': 0.99757}
val: {'epoch': 142, 'time_epoch': 0.11317, 'loss': 4.47515914, 'lr': 0, 'params': 284917, 'time_iter': 0.00808, 'accuracy': 0.1881, 'f1': 0.14576, 'auc': 0.83715}
test: {'epoch': 142, 'time_epoch': 0.09919, 'loss': 2.46225611, 'lr': 0, 'params': 284917, 'time_iter': 0.00708, 'accuracy': 0.4119, 'f1': 0.3878, 'auc': 0.90699}
> Epoch 142: took 2.9s (avg 2.7s) | Best so far: epoch 130	train_loss: 0.3341 train_accuracy: 0.8841	val_loss: 3.2144 val_accuracy: 0.3048	test_loss: 2.0760 test_accuracy: 0.4952	F1: 0.4982 Prec: 0.6021 Rec: 0.4952
train: {'epoch': 143, 'time_epoch': 2.5012, 'eta': 253.34355, 'eta_hours': 0.07037, 'loss': 0.29801246, 'lr': 0.00038786, 'params': 284917, 'time_iter': 0.01429, 'accuracy': 0.8991, 'f1': 0.89911, 'auc': 0.99751}
val: {'epoch': 143, 'time_epoch': 0.12514, 'loss': 3.83081504, 'lr': 0, 'params': 284917, 'time_iter': 0.00894, 'accuracy': 0.21667, 'f1': 0.15995, 'auc': 0.89319}
test: {'epoch': 143, 'time_epoch': 0.12047, 'loss': 2.58473523, 'lr': 0, 'params': 284917, 'time_iter': 0.0086, 'accuracy': 0.41429, 'f1': 0.39068, 'auc': 0.91192}
> Epoch 143: took 2.9s (avg 2.7s) | Best so far: epoch 130	train_loss: 0.3341 train_accuracy: 0.8841	val_loss: 3.2144 val_accuracy: 0.3048	test_loss: 2.0760 test_accuracy: 0.4952	F1: 0.4982 Prec: 0.6021 Rec: 0.4952
train: {'epoch': 144, 'time_epoch': 2.68621, 'eta': 251.16799, 'eta_hours': 0.06977, 'loss': 0.27911552, 'lr': 0.00038175, 'params': 284917, 'time_iter': 0.01535, 'accuracy': 0.90699, 'f1': 0.90695, 'auc': 0.99784}
val: {'epoch': 144, 'time_epoch': 0.10957, 'loss': 5.0035373, 'lr': 0, 'params': 284917, 'time_iter': 0.00783, 'accuracy': 0.20476, 'f1': 0.13896, 'auc': 0.8754}
test: {'epoch': 144, 'time_epoch': 0.11043, 'loss': 2.42366342, 'lr': 0, 'params': 284917, 'time_iter': 0.00789, 'accuracy': 0.44762, 'f1': 0.42821, 'auc': 0.93139}
> Epoch 144: took 3.0s (avg 2.7s) | Best so far: epoch 130	train_loss: 0.3341 train_accuracy: 0.8841	val_loss: 3.2144 val_accuracy: 0.3048	test_loss: 2.0760 test_accuracy: 0.4952	F1: 0.4982 Prec: 0.6021 Rec: 0.4952
train: {'epoch': 145, 'time_epoch': 2.73705, 'eta': 249.02164, 'eta_hours': 0.06917, 'loss': 0.27314532, 'lr': 0.00037566, 'params': 284917, 'time_iter': 0.01564, 'accuracy': 0.91165, 'f1': 0.91162, 'auc': 0.99776}
val: {'epoch': 145, 'time_epoch': 0.11564, 'loss': 3.84374626, 'lr': 0, 'params': 284917, 'time_iter': 0.00826, 'accuracy': 0.23333, 'f1': 0.18779, 'auc': 0.89892}
test: {'epoch': 145, 'time_epoch': 0.11035, 'loss': 2.49319151, 'lr': 0, 'params': 284917, 'time_iter': 0.00788, 'accuracy': 0.4, 'f1': 0.37548, 'auc': 0.92454}
> Epoch 145: took 3.1s (avg 2.7s) | Best so far: epoch 130	train_loss: 0.3341 train_accuracy: 0.8841	val_loss: 3.2144 val_accuracy: 0.3048	test_loss: 2.0760 test_accuracy: 0.4952	F1: 0.4982 Prec: 0.6021 Rec: 0.4952
train: {'epoch': 146, 'time_epoch': 2.66304, 'eta': 246.8154, 'eta_hours': 0.06856, 'loss': 0.27403322, 'lr': 0.00036958, 'params': 284917, 'time_iter': 0.01522, 'accuracy': 0.90591, 'f1': 0.9059, 'auc': 0.99789}
val: {'epoch': 146, 'time_epoch': 0.10417, 'loss': 3.95714706, 'lr': 0, 'params': 284917, 'time_iter': 0.00744, 'accuracy': 0.22381, 'f1': 0.16375, 'auc': 0.87471}
test: {'epoch': 146, 'time_epoch': 0.10437, 'loss': 2.11645022, 'lr': 0, 'params': 284917, 'time_iter': 0.00745, 'accuracy': 0.4881, 'f1': 0.45593, 'auc': 0.93744}
> Epoch 146: took 3.0s (avg 2.7s) | Best so far: epoch 130	train_loss: 0.3341 train_accuracy: 0.8841	val_loss: 3.2144 val_accuracy: 0.3048	test_loss: 2.0760 test_accuracy: 0.4952	F1: 0.4982 Prec: 0.6021 Rec: 0.4952
train: {'epoch': 147, 'time_epoch': 3.3854, 'eta': 245.10084, 'eta_hours': 0.06808, 'loss': 0.26548575, 'lr': 0.00036352, 'params': 284917, 'time_iter': 0.01935, 'accuracy': 0.91452, 'f1': 0.91446, 'auc': 0.99806}
val: {'epoch': 147, 'time_epoch': 0.142, 'loss': 4.54906027, 'lr': 0, 'params': 284917, 'time_iter': 0.01014, 'accuracy': 0.2381, 'f1': 0.16698, 'auc': 0.87642}
test: {'epoch': 147, 'time_epoch': 0.13427, 'loss': 2.22235222, 'lr': 0, 'params': 284917, 'time_iter': 0.00959, 'accuracy': 0.4619, 'f1': 0.4519, 'auc': 0.9381}
> Epoch 147: took 3.8s (avg 2.7s) | Best so far: epoch 130	train_loss: 0.3341 train_accuracy: 0.8841	val_loss: 3.2144 val_accuracy: 0.3048	test_loss: 2.0760 test_accuracy: 0.4952	F1: 0.4982 Prec: 0.6021 Rec: 0.4952
train: {'epoch': 148, 'time_epoch': 3.47253, 'eta': 243.42291, 'eta_hours': 0.06762, 'loss': 0.27405406, 'lr': 0.00035749, 'params': 284917, 'time_iter': 0.01984, 'accuracy': 0.91326, 'f1': 0.91318, 'auc': 0.99785}
val: {'epoch': 148, 'time_epoch': 0.10549, 'loss': 3.74590791, 'lr': 0, 'params': 284917, 'time_iter': 0.00754, 'accuracy': 0.22619, 'f1': 0.19325, 'auc': 0.85551}
test: {'epoch': 148, 'time_epoch': 0.10135, 'loss': 3.37594935, 'lr': 0, 'params': 284917, 'time_iter': 0.00724, 'accuracy': 0.30952, 'f1': 0.24023, 'auc': 0.88738}
> Epoch 148: took 3.8s (avg 2.7s) | Best so far: epoch 130	train_loss: 0.3341 train_accuracy: 0.8841	val_loss: 3.2144 val_accuracy: 0.3048	test_loss: 2.0760 test_accuracy: 0.4952	F1: 0.4982 Prec: 0.6021 Rec: 0.4952
train: {'epoch': 149, 'time_epoch': 3.37211, 'eta': 241.6541, 'eta_hours': 0.06713, 'loss': 0.25764263, 'lr': 0.00035148, 'params': 284917, 'time_iter': 0.01927, 'accuracy': 0.91452, 'f1': 0.91445, 'auc': 0.99815}
val: {'epoch': 149, 'time_epoch': 0.14142, 'loss': 4.13096304, 'lr': 0, 'params': 284917, 'time_iter': 0.0101, 'accuracy': 0.1619, 'f1': 0.12508, 'auc': 0.86909}
test: {'epoch': 149, 'time_epoch': 0.15243, 'loss': 2.69800053, 'lr': 0, 'params': 284917, 'time_iter': 0.01089, 'accuracy': 0.40238, 'f1': 0.3583, 'auc': 0.90198}
> Epoch 149: took 3.8s (avg 2.7s) | Best so far: epoch 130	train_loss: 0.3341 train_accuracy: 0.8841	val_loss: 3.2144 val_accuracy: 0.3048	test_loss: 2.0760 test_accuracy: 0.4952	F1: 0.4982 Prec: 0.6021 Rec: 0.4952
train: {'epoch': 150, 'time_epoch': 2.55801, 'eta': 239.33031, 'eta_hours': 0.06648, 'loss': 0.27753007, 'lr': 0.00034549, 'params': 284917, 'time_iter': 0.01462, 'accuracy': 0.91022, 'f1': 0.91026, 'auc': 0.99778}
val: {'epoch': 150, 'time_epoch': 0.09622, 'loss': 4.13747826, 'lr': 0, 'params': 284917, 'time_iter': 0.00687, 'accuracy': 0.17619, 'f1': 0.13119, 'auc': 0.86517}
test: {'epoch': 150, 'time_epoch': 0.0972, 'loss': 2.50289724, 'lr': 0, 'params': 284917, 'time_iter': 0.00694, 'accuracy': 0.42143, 'f1': 0.37634, 'auc': 0.92332}
> Epoch 150: took 2.8s (avg 2.7s) | Best so far: epoch 130	train_loss: 0.3341 train_accuracy: 0.8841	val_loss: 3.2144 val_accuracy: 0.3048	test_loss: 2.0760 test_accuracy: 0.4952	F1: 0.4982 Prec: 0.6021 Rec: 0.4952
train: {'epoch': 151, 'time_epoch': 2.4319, 'eta': 236.92213, 'eta_hours': 0.06581, 'loss': 0.28587436, 'lr': 0.00033953, 'params': 284917, 'time_iter': 0.0139, 'accuracy': 0.90609, 'f1': 0.90604, 'auc': 0.99765}
val: {'epoch': 151, 'time_epoch': 0.10586, 'loss': 4.6677248, 'lr': 0, 'params': 284917, 'time_iter': 0.00756, 'accuracy': 0.16905, 'f1': 0.15047, 'auc': 0.85093}
test: {'epoch': 151, 'time_epoch': 0.10616, 'loss': 2.89136678, 'lr': 0, 'params': 284917, 'time_iter': 0.00758, 'accuracy': 0.39762, 'f1': 0.37865, 'auc': 0.91}
> Epoch 151: took 2.7s (avg 2.7s) | Best so far: epoch 130	train_loss: 0.3341 train_accuracy: 0.8841	val_loss: 3.2144 val_accuracy: 0.3048	test_loss: 2.0760 test_accuracy: 0.4952	F1: 0.4982 Prec: 0.6021 Rec: 0.4952
train: {'epoch': 152, 'time_epoch': 2.56939, 'eta': 234.60081, 'eta_hours': 0.06517, 'loss': 0.26509729, 'lr': 0.00033359, 'params': 284917, 'time_iter': 0.01468, 'accuracy': 0.9095, 'f1': 0.90946, 'auc': 0.99812}
val: {'epoch': 152, 'time_epoch': 0.10253, 'loss': 4.7412117, 'lr': 0, 'params': 284917, 'time_iter': 0.00732, 'accuracy': 0.1881, 'f1': 0.14221, 'auc': 0.86951}
test: {'epoch': 152, 'time_epoch': 0.09855, 'loss': 2.31804039, 'lr': 0, 'params': 284917, 'time_iter': 0.00704, 'accuracy': 0.4381, 'f1': 0.42987, 'auc': 0.93364}
> Epoch 152: took 2.9s (avg 2.7s) | Best so far: epoch 130	train_loss: 0.3341 train_accuracy: 0.8841	val_loss: 3.2144 val_accuracy: 0.3048	test_loss: 2.0760 test_accuracy: 0.4952	F1: 0.4982 Prec: 0.6021 Rec: 0.4952
train: {'epoch': 153, 'time_epoch': 2.56195, 'eta': 232.27163, 'eta_hours': 0.06452, 'loss': 0.2479034, 'lr': 0.00032768, 'params': 284917, 'time_iter': 0.01464, 'accuracy': 0.92025, 'f1': 0.92025, 'auc': 0.99829}
val: {'epoch': 153, 'time_epoch': 0.10688, 'loss': 4.89441015, 'lr': 0, 'params': 284917, 'time_iter': 0.00763, 'accuracy': 0.17619, 'f1': 0.11626, 'auc': 0.8506}
test: {'epoch': 153, 'time_epoch': 0.1019, 'loss': 2.11940287, 'lr': 0, 'params': 284917, 'time_iter': 0.00728, 'accuracy': 0.48571, 'f1': 0.45063, 'auc': 0.9341}
> Epoch 153: took 2.9s (avg 2.7s) | Best so far: epoch 130	train_loss: 0.3341 train_accuracy: 0.8841	val_loss: 3.2144 val_accuracy: 0.3048	test_loss: 2.0760 test_accuracy: 0.4952	F1: 0.4982 Prec: 0.6021 Rec: 0.4952
train: {'epoch': 154, 'time_epoch': 2.47332, 'eta': 229.88512, 'eta_hours': 0.06386, 'loss': 0.25340842, 'lr': 0.00032179, 'params': 284917, 'time_iter': 0.01413, 'accuracy': 0.91523, 'f1': 0.91513, 'auc': 0.99828}
val: {'epoch': 154, 'time_epoch': 0.09375, 'loss': 4.31285447, 'lr': 0, 'params': 284917, 'time_iter': 0.0067, 'accuracy': 0.2, 'f1': 0.1452, 'auc': 0.87253}
test: {'epoch': 154, 'time_epoch': 0.11379, 'loss': 2.14035489, 'lr': 0, 'params': 284917, 'time_iter': 0.00813, 'accuracy': 0.45476, 'f1': 0.43146, 'auc': 0.93017}
> Epoch 154: took 2.8s (avg 2.7s) | Best so far: epoch 130	train_loss: 0.3341 train_accuracy: 0.8841	val_loss: 3.2144 val_accuracy: 0.3048	test_loss: 2.0760 test_accuracy: 0.4952	F1: 0.4982 Prec: 0.6021 Rec: 0.4952
train: {'epoch': 155, 'time_epoch': 2.42537, 'eta': 227.46861, 'eta_hours': 0.06319, 'loss': 0.25410391, 'lr': 0.00031594, 'params': 284917, 'time_iter': 0.01386, 'accuracy': 0.91685, 'f1': 0.91678, 'auc': 0.99823}
val: {'epoch': 155, 'time_epoch': 0.09784, 'loss': 4.08442941, 'lr': 0, 'params': 284917, 'time_iter': 0.00699, 'accuracy': 0.18095, 'f1': 0.1307, 'auc': 0.87549}
test: {'epoch': 155, 'time_epoch': 0.10612, 'loss': 2.65467828, 'lr': 0, 'params': 284917, 'time_iter': 0.00758, 'accuracy': 0.37143, 'f1': 0.34137, 'auc': 0.90436}
> Epoch 155: took 2.7s (avg 2.7s) | Best so far: epoch 130	train_loss: 0.3341 train_accuracy: 0.8841	val_loss: 3.2144 val_accuracy: 0.3048	test_loss: 2.0760 test_accuracy: 0.4952	F1: 0.4982 Prec: 0.6021 Rec: 0.4952
train: {'epoch': 156, 'time_epoch': 2.46286, 'eta': 225.07419, 'eta_hours': 0.06252, 'loss': 0.25872647, 'lr': 0.00031011, 'params': 284917, 'time_iter': 0.01407, 'accuracy': 0.91326, 'f1': 0.91323, 'auc': 0.99806}
val: {'epoch': 156, 'time_epoch': 0.1113, 'loss': 3.5991601, 'lr': 0, 'params': 284917, 'time_iter': 0.00795, 'accuracy': 0.25238, 'f1': 0.19327, 'auc': 0.89468}
test: {'epoch': 156, 'time_epoch': 0.12072, 'loss': 1.92958523, 'lr': 0, 'params': 284917, 'time_iter': 0.00862, 'accuracy': 0.52619, 'f1': 0.51772, 'auc': 0.93835}
> Epoch 156: took 2.8s (avg 2.7s) | Best so far: epoch 130	train_loss: 0.3341 train_accuracy: 0.8841	val_loss: 3.2144 val_accuracy: 0.3048	test_loss: 2.0760 test_accuracy: 0.4952	F1: 0.4982 Prec: 0.6021 Rec: 0.4952
train: {'epoch': 157, 'time_epoch': 2.3937, 'eta': 222.63863, 'eta_hours': 0.06184, 'loss': 0.24325812, 'lr': 0.00030431, 'params': 284917, 'time_iter': 0.01368, 'accuracy': 0.91989, 'f1': 0.91988, 'auc': 0.99823}
val: {'epoch': 157, 'time_epoch': 0.1001, 'loss': 4.28608713, 'lr': 0, 'params': 284917, 'time_iter': 0.00715, 'accuracy': 0.22857, 'f1': 0.17994, 'auc': 0.87792}
test: {'epoch': 157, 'time_epoch': 0.17004, 'loss': 1.97931859, 'lr': 0, 'params': 284917, 'time_iter': 0.01215, 'accuracy': 0.48095, 'f1': 0.47073, 'auc': 0.93582}
> Epoch 157: took 2.8s (avg 2.7s) | Best so far: epoch 130	train_loss: 0.3341 train_accuracy: 0.8841	val_loss: 3.2144 val_accuracy: 0.3048	test_loss: 2.0760 test_accuracy: 0.4952	F1: 0.4982 Prec: 0.6021 Rec: 0.4952
train: {'epoch': 158, 'time_epoch': 2.51563, 'eta': 220.27339, 'eta_hours': 0.06119, 'loss': 0.2544351, 'lr': 0.00029855, 'params': 284917, 'time_iter': 0.01438, 'accuracy': 0.91918, 'f1': 0.9191, 'auc': 0.99812}
val: {'epoch': 158, 'time_epoch': 0.11606, 'loss': 3.75472449, 'lr': 0, 'params': 284917, 'time_iter': 0.00829, 'accuracy': 0.22381, 'f1': 0.19073, 'auc': 0.8772}
test: {'epoch': 158, 'time_epoch': 0.10344, 'loss': 2.01084886, 'lr': 0, 'params': 284917, 'time_iter': 0.00739, 'accuracy': 0.46429, 'f1': 0.45406, 'auc': 0.93785}
> Epoch 158: took 2.8s (avg 2.7s) | Best so far: epoch 130	train_loss: 0.3341 train_accuracy: 0.8841	val_loss: 3.2144 val_accuracy: 0.3048	test_loss: 2.0760 test_accuracy: 0.4952	F1: 0.4982 Prec: 0.6021 Rec: 0.4952
train: {'epoch': 159, 'time_epoch': 2.47305, 'eta': 217.88231, 'eta_hours': 0.06052, 'loss': 0.25813963, 'lr': 0.00029281, 'params': 284917, 'time_iter': 0.01413, 'accuracy': 0.91434, 'f1': 0.91422, 'auc': 0.998}
val: {'epoch': 159, 'time_epoch': 0.12117, 'loss': 3.26070212, 'lr': 0, 'params': 284917, 'time_iter': 0.00865, 'accuracy': 0.25476, 'f1': 0.20491, 'auc': 0.89608}
test: {'epoch': 159, 'time_epoch': 0.12381, 'loss': 2.43760728, 'lr': 0, 'params': 284917, 'time_iter': 0.00884, 'accuracy': 0.43571, 'f1': 0.40522, 'auc': 0.92062}
> Epoch 159: took 2.8s (avg 2.7s) | Best so far: epoch 130	train_loss: 0.3341 train_accuracy: 0.8841	val_loss: 3.2144 val_accuracy: 0.3048	test_loss: 2.0760 test_accuracy: 0.4952	F1: 0.4982 Prec: 0.6021 Rec: 0.4952
train: {'epoch': 160, 'time_epoch': 2.3054, 'eta': 215.39754, 'eta_hours': 0.05983, 'loss': 0.2653351, 'lr': 0.00028711, 'params': 284917, 'time_iter': 0.01317, 'accuracy': 0.91452, 'f1': 0.91452, 'auc': 0.99792}
val: {'epoch': 160, 'time_epoch': 0.11322, 'loss': 5.27767153, 'lr': 0, 'params': 284917, 'time_iter': 0.00809, 'accuracy': 0.18571, 'f1': 0.13161, 'auc': 0.86778}
test: {'epoch': 160, 'time_epoch': 0.10389, 'loss': 2.4111368, 'lr': 0, 'params': 284917, 'time_iter': 0.00742, 'accuracy': 0.44048, 'f1': 0.40804, 'auc': 0.92995}
> Epoch 160: took 2.6s (avg 2.7s) | Best so far: epoch 130	train_loss: 0.3341 train_accuracy: 0.8841	val_loss: 3.2144 val_accuracy: 0.3048	test_loss: 2.0760 test_accuracy: 0.4952	F1: 0.4982 Prec: 0.6021 Rec: 0.4952
train: {'epoch': 161, 'time_epoch': 2.37758, 'eta': 212.9542, 'eta_hours': 0.05915, 'loss': 0.23949465, 'lr': 0.00028144, 'params': 284917, 'time_iter': 0.01359, 'accuracy': 0.91828, 'f1': 0.91824, 'auc': 0.99839}
val: {'epoch': 161, 'time_epoch': 0.09803, 'loss': 3.67484123, 'lr': 0, 'params': 284917, 'time_iter': 0.007, 'accuracy': 0.21905, 'f1': 0.17265, 'auc': 0.88021}
test: {'epoch': 161, 'time_epoch': 0.12187, 'loss': 2.40677943, 'lr': 0, 'params': 284917, 'time_iter': 0.0087, 'accuracy': 0.42143, 'f1': 0.3828, 'auc': 0.9211}
> Epoch 161: took 2.7s (avg 2.7s) | Best so far: epoch 130	train_loss: 0.3341 train_accuracy: 0.8841	val_loss: 3.2144 val_accuracy: 0.3048	test_loss: 2.0760 test_accuracy: 0.4952	F1: 0.4982 Prec: 0.6021 Rec: 0.4952
train: {'epoch': 162, 'time_epoch': 2.28878, 'eta': 210.46426, 'eta_hours': 0.05846, 'loss': 0.24310738, 'lr': 0.00027581, 'params': 284917, 'time_iter': 0.01308, 'accuracy': 0.91882, 'f1': 0.91869, 'auc': 0.99836}
val: {'epoch': 162, 'time_epoch': 0.09146, 'loss': 3.893623, 'lr': 0, 'params': 284917, 'time_iter': 0.00653, 'accuracy': 0.25238, 'f1': 0.17933, 'auc': 0.8989}
test: {'epoch': 162, 'time_epoch': 0.13448, 'loss': 1.85298199, 'lr': 0, 'params': 284917, 'time_iter': 0.00961, 'accuracy': 0.50238, 'f1': 0.49081, 'auc': 0.94452}
> Epoch 162: took 2.6s (avg 2.7s) | Best so far: epoch 130	train_loss: 0.3341 train_accuracy: 0.8841	val_loss: 3.2144 val_accuracy: 0.3048	test_loss: 2.0760 test_accuracy: 0.4952	F1: 0.4982 Prec: 0.6021 Rec: 0.4952
train: {'epoch': 163, 'time_epoch': 2.42275, 'eta': 208.04703, 'eta_hours': 0.05779, 'loss': 0.2217521, 'lr': 0.00027021, 'params': 284917, 'time_iter': 0.01384, 'accuracy': 0.92634, 'f1': 0.92634, 'auc': 0.99861}
val: {'epoch': 163, 'time_epoch': 0.09769, 'loss': 5.41967088, 'lr': 0, 'params': 284917, 'time_iter': 0.00698, 'accuracy': 0.22381, 'f1': 0.15964, 'auc': 0.86229}
test: {'epoch': 163, 'time_epoch': 0.11938, 'loss': 2.10201061, 'lr': 0, 'params': 284917, 'time_iter': 0.00853, 'accuracy': 0.48571, 'f1': 0.46444, 'auc': 0.94234}
> Epoch 163: took 2.7s (avg 2.7s) | Best so far: epoch 130	train_loss: 0.3341 train_accuracy: 0.8841	val_loss: 3.2144 val_accuracy: 0.3048	test_loss: 2.0760 test_accuracy: 0.4952	F1: 0.4982 Prec: 0.6021 Rec: 0.4952
train: {'epoch': 164, 'time_epoch': 2.35282, 'eta': 205.59371, 'eta_hours': 0.05711, 'loss': 0.24943964, 'lr': 0.00026465, 'params': 284917, 'time_iter': 0.01344, 'accuracy': 0.92025, 'f1': 0.92023, 'auc': 0.99819}
val: {'epoch': 164, 'time_epoch': 0.09564, 'loss': 4.13056994, 'lr': 0, 'params': 284917, 'time_iter': 0.00683, 'accuracy': 0.25952, 'f1': 0.18917, 'auc': 0.8894}
test: {'epoch': 164, 'time_epoch': 0.10194, 'loss': 1.77691433, 'lr': 0, 'params': 284917, 'time_iter': 0.00728, 'accuracy': 0.53571, 'f1': 0.51991, 'auc': 0.95054}
> Epoch 164: took 2.6s (avg 2.7s) | Best so far: epoch 130	train_loss: 0.3341 train_accuracy: 0.8841	val_loss: 3.2144 val_accuracy: 0.3048	test_loss: 2.0760 test_accuracy: 0.4952	F1: 0.4982 Prec: 0.6021 Rec: 0.4952
train: {'epoch': 165, 'time_epoch': 2.34694, 'eta': 203.13862, 'eta_hours': 0.05643, 'loss': 0.24502872, 'lr': 0.00025912, 'params': 284917, 'time_iter': 0.01341, 'accuracy': 0.91756, 'f1': 0.91749, 'auc': 0.99835}
val: {'epoch': 165, 'time_epoch': 0.11043, 'loss': 4.09252501, 'lr': 0, 'params': 284917, 'time_iter': 0.00789, 'accuracy': 0.21905, 'f1': 0.15996, 'auc': 0.89289}
test: {'epoch': 165, 'time_epoch': 0.11768, 'loss': 2.17030636, 'lr': 0, 'params': 284917, 'time_iter': 0.00841, 'accuracy': 0.45476, 'f1': 0.44571, 'auc': 0.93858}
> Epoch 165: took 2.7s (avg 2.7s) | Best so far: epoch 130	train_loss: 0.3341 train_accuracy: 0.8841	val_loss: 3.2144 val_accuracy: 0.3048	test_loss: 2.0760 test_accuracy: 0.4952	F1: 0.4982 Prec: 0.6021 Rec: 0.4952
train: {'epoch': 166, 'time_epoch': 2.64633, 'eta': 200.83363, 'eta_hours': 0.05579, 'loss': 0.23066087, 'lr': 0.00025364, 'params': 284917, 'time_iter': 0.01512, 'accuracy': 0.92455, 'f1': 0.92449, 'auc': 0.99854}
val: {'epoch': 166, 'time_epoch': 0.10828, 'loss': 3.90131824, 'lr': 0, 'params': 284917, 'time_iter': 0.00773, 'accuracy': 0.23571, 'f1': 0.1899, 'auc': 0.88963}
test: {'epoch': 166, 'time_epoch': 0.10626, 'loss': 2.28733271, 'lr': 0, 'params': 284917, 'time_iter': 0.00759, 'accuracy': 0.45238, 'f1': 0.41027, 'auc': 0.92393}
> Epoch 166: took 3.0s (avg 2.7s) | Best so far: epoch 130	train_loss: 0.3341 train_accuracy: 0.8841	val_loss: 3.2144 val_accuracy: 0.3048	test_loss: 2.0760 test_accuracy: 0.4952	F1: 0.4982 Prec: 0.6021 Rec: 0.4952
train: {'epoch': 167, 'time_epoch': 2.62604, 'eta': 198.51467, 'eta_hours': 0.05514, 'loss': 0.23334463, 'lr': 0.00024819, 'params': 284917, 'time_iter': 0.01501, 'accuracy': 0.92079, 'f1': 0.92076, 'auc': 0.99851}
val: {'epoch': 167, 'time_epoch': 0.13231, 'loss': 4.30542385, 'lr': 0, 'params': 284917, 'time_iter': 0.00945, 'accuracy': 0.20476, 'f1': 0.15297, 'auc': 0.88255}
test: {'epoch': 167, 'time_epoch': 0.11619, 'loss': 1.89461432, 'lr': 0, 'params': 284917, 'time_iter': 0.0083, 'accuracy': 0.52381, 'f1': 0.50906, 'auc': 0.9452}
> Epoch 167: took 3.0s (avg 2.7s) | Best so far: epoch 130	train_loss: 0.3341 train_accuracy: 0.8841	val_loss: 3.2144 val_accuracy: 0.3048	test_loss: 2.0760 test_accuracy: 0.4952	F1: 0.4982 Prec: 0.6021 Rec: 0.4952
train: {'epoch': 168, 'time_epoch': 2.55811, 'eta': 196.15952, 'eta_hours': 0.05449, 'loss': 0.22145539, 'lr': 0.00024278, 'params': 284917, 'time_iter': 0.01462, 'accuracy': 0.9276, 'f1': 0.92753, 'auc': 0.99861}
val: {'epoch': 168, 'time_epoch': 0.09849, 'loss': 4.20083786, 'lr': 0, 'params': 284917, 'time_iter': 0.00703, 'accuracy': 0.20714, 'f1': 0.14629, 'auc': 0.88035}
test: {'epoch': 168, 'time_epoch': 0.10603, 'loss': 2.27986095, 'lr': 0, 'params': 284917, 'time_iter': 0.00757, 'accuracy': 0.44762, 'f1': 0.42506, 'auc': 0.91969}
> Epoch 168: took 2.9s (avg 2.7s) | Best so far: epoch 130	train_loss: 0.3341 train_accuracy: 0.8841	val_loss: 3.2144 val_accuracy: 0.3048	test_loss: 2.0760 test_accuracy: 0.4952	F1: 0.4982 Prec: 0.6021 Rec: 0.4952
train: {'epoch': 169, 'time_epoch': 2.38299, 'eta': 193.71957, 'eta_hours': 0.05381, 'loss': 0.24288943, 'lr': 0.00023741, 'params': 284917, 'time_iter': 0.01362, 'accuracy': 0.92186, 'f1': 0.92186, 'auc': 0.99816}
val: {'epoch': 169, 'time_epoch': 0.10026, 'loss': 4.6836707, 'lr': 0, 'params': 284917, 'time_iter': 0.00716, 'accuracy': 0.22381, 'f1': 0.16517, 'auc': 0.8753}
test: {'epoch': 169, 'time_epoch': 0.11369, 'loss': 2.13493498, 'lr': 0, 'params': 284917, 'time_iter': 0.00812, 'accuracy': 0.47857, 'f1': 0.46082, 'auc': 0.93829}
> Epoch 169: took 2.7s (avg 2.7s) | Best so far: epoch 130	train_loss: 0.3341 train_accuracy: 0.8841	val_loss: 3.2144 val_accuracy: 0.3048	test_loss: 2.0760 test_accuracy: 0.4952	F1: 0.4982 Prec: 0.6021 Rec: 0.4952
train: {'epoch': 170, 'time_epoch': 2.29394, 'eta': 191.23914, 'eta_hours': 0.05312, 'loss': 0.23526737, 'lr': 0.00023209, 'params': 284917, 'time_iter': 0.01311, 'accuracy': 0.92168, 'f1': 0.92163, 'auc': 0.99844}
val: {'epoch': 170, 'time_epoch': 0.08983, 'loss': 4.76140625, 'lr': 0, 'params': 284917, 'time_iter': 0.00642, 'accuracy': 0.21429, 'f1': 0.15452, 'auc': 0.87257}
test: {'epoch': 170, 'time_epoch': 0.1122, 'loss': 2.15637253, 'lr': 0, 'params': 284917, 'time_iter': 0.00801, 'accuracy': 0.49286, 'f1': 0.46879, 'auc': 0.93618}
> Epoch 170: took 2.6s (avg 2.7s) | Best so far: epoch 130	train_loss: 0.3341 train_accuracy: 0.8841	val_loss: 3.2144 val_accuracy: 0.3048	test_loss: 2.0760 test_accuracy: 0.4952	F1: 0.4982 Prec: 0.6021 Rec: 0.4952
train: {'epoch': 171, 'time_epoch': 2.34585, 'eta': 188.78443, 'eta_hours': 0.05244, 'loss': 0.21843769, 'lr': 0.0002268, 'params': 284917, 'time_iter': 0.0134, 'accuracy': 0.92957, 'f1': 0.92953, 'auc': 0.99867}
val: {'epoch': 171, 'time_epoch': 0.10994, 'loss': 5.22508694, 'lr': 0, 'params': 284917, 'time_iter': 0.00785, 'accuracy': 0.19762, 'f1': 0.14448, 'auc': 0.8586}
test: {'epoch': 171, 'time_epoch': 0.09206, 'loss': 2.28042031, 'lr': 0, 'params': 284917, 'time_iter': 0.00658, 'accuracy': 0.4619, 'f1': 0.44058, 'auc': 0.93702}
> Epoch 171: took 2.8s (avg 2.7s) | Best so far: epoch 130	train_loss: 0.3341 train_accuracy: 0.8841	val_loss: 3.2144 val_accuracy: 0.3048	test_loss: 2.0760 test_accuracy: 0.4952	F1: 0.4982 Prec: 0.6021 Rec: 0.4952
train: {'epoch': 172, 'time_epoch': 2.43904, 'eta': 186.37245, 'eta_hours': 0.05177, 'loss': 0.22599691, 'lr': 0.00022156, 'params': 284917, 'time_iter': 0.01394, 'accuracy': 0.92599, 'f1': 0.9259, 'auc': 0.99862}
val: {'epoch': 172, 'time_epoch': 0.10702, 'loss': 3.62133573, 'lr': 0, 'params': 284917, 'time_iter': 0.00764, 'accuracy': 0.20714, 'f1': 0.17106, 'auc': 0.87457}
test: {'epoch': 172, 'time_epoch': 0.09447, 'loss': 2.68710902, 'lr': 0, 'params': 284917, 'time_iter': 0.00675, 'accuracy': 0.39524, 'f1': 0.36047, 'auc': 0.89829}
> Epoch 172: took 2.7s (avg 2.7s) | Best so far: epoch 130	train_loss: 0.3341 train_accuracy: 0.8841	val_loss: 3.2144 val_accuracy: 0.3048	test_loss: 2.0760 test_accuracy: 0.4952	F1: 0.4982 Prec: 0.6021 Rec: 0.4952
train: {'epoch': 173, 'time_epoch': 2.4674, 'eta': 183.97255, 'eta_hours': 0.0511, 'loss': 0.23439228, 'lr': 0.00021637, 'params': 284917, 'time_iter': 0.0141, 'accuracy': 0.92581, 'f1': 0.92576, 'auc': 0.9983}
val: {'epoch': 173, 'time_epoch': 0.10972, 'loss': 4.6634027, 'lr': 0, 'params': 284917, 'time_iter': 0.00784, 'accuracy': 0.20238, 'f1': 0.15725, 'auc': 0.86436}
test: {'epoch': 173, 'time_epoch': 0.14097, 'loss': 2.28698735, 'lr': 0, 'params': 284917, 'time_iter': 0.01007, 'accuracy': 0.47619, 'f1': 0.45196, 'auc': 0.92998}
> Epoch 173: took 2.9s (avg 2.7s) | Best so far: epoch 130	train_loss: 0.3341 train_accuracy: 0.8841	val_loss: 3.2144 val_accuracy: 0.3048	test_loss: 2.0760 test_accuracy: 0.4952	F1: 0.4982 Prec: 0.6021 Rec: 0.4952
train: {'epoch': 174, 'time_epoch': 2.37007, 'eta': 181.53016, 'eta_hours': 0.05043, 'loss': 0.20546627, 'lr': 0.00021121, 'params': 284917, 'time_iter': 0.01354, 'accuracy': 0.93513, 'f1': 0.93513, 'auc': 0.99885}
val: {'epoch': 174, 'time_epoch': 0.10147, 'loss': 4.53581741, 'lr': 0, 'params': 284917, 'time_iter': 0.00725, 'accuracy': 0.21667, 'f1': 0.1668, 'auc': 0.87963}
test: {'epoch': 174, 'time_epoch': 0.11095, 'loss': 2.04122679, 'lr': 0, 'params': 284917, 'time_iter': 0.00792, 'accuracy': 0.50952, 'f1': 0.48476, 'auc': 0.93741}
> Epoch 174: took 2.7s (avg 2.7s) | Best so far: epoch 130	train_loss: 0.3341 train_accuracy: 0.8841	val_loss: 3.2144 val_accuracy: 0.3048	test_loss: 2.0760 test_accuracy: 0.4952	F1: 0.4982 Prec: 0.6021 Rec: 0.4952
train: {'epoch': 175, 'time_epoch': 2.39874, 'eta': 179.10065, 'eta_hours': 0.04975, 'loss': 0.21566706, 'lr': 0.00020611, 'params': 284917, 'time_iter': 0.01371, 'accuracy': 0.92581, 'f1': 0.92578, 'auc': 0.99871}
val: {'epoch': 175, 'time_epoch': 0.10462, 'loss': 6.29252015, 'lr': 0, 'params': 284917, 'time_iter': 0.00747, 'accuracy': 0.1619, 'f1': 0.11202, 'auc': 0.83158}
test: {'epoch': 175, 'time_epoch': 0.12012, 'loss': 2.79084372, 'lr': 0, 'params': 284917, 'time_iter': 0.00858, 'accuracy': 0.40238, 'f1': 0.37958, 'auc': 0.92277}
> Epoch 175: took 2.7s (avg 2.7s) | Best so far: epoch 130	train_loss: 0.3341 train_accuracy: 0.8841	val_loss: 3.2144 val_accuracy: 0.3048	test_loss: 2.0760 test_accuracy: 0.4952	F1: 0.4982 Prec: 0.6021 Rec: 0.4952
train: {'epoch': 176, 'time_epoch': 2.39548, 'eta': 176.67014, 'eta_hours': 0.04908, 'loss': 0.22230288, 'lr': 0.00020105, 'params': 284917, 'time_iter': 0.01369, 'accuracy': 0.92455, 'f1': 0.92454, 'auc': 0.99863}
val: {'epoch': 176, 'time_epoch': 0.10107, 'loss': 4.5320956, 'lr': 0, 'params': 284917, 'time_iter': 0.00722, 'accuracy': 0.21667, 'f1': 0.16998, 'auc': 0.87858}
test: {'epoch': 176, 'time_epoch': 0.10818, 'loss': 2.44790333, 'lr': 0, 'params': 284917, 'time_iter': 0.00773, 'accuracy': 0.46429, 'f1': 0.43872, 'auc': 0.93364}
> Epoch 176: took 2.7s (avg 2.7s) | Best so far: epoch 130	train_loss: 0.3341 train_accuracy: 0.8841	val_loss: 3.2144 val_accuracy: 0.3048	test_loss: 2.0760 test_accuracy: 0.4952	F1: 0.4982 Prec: 0.6021 Rec: 0.4952
train: {'epoch': 177, 'time_epoch': 2.45545, 'eta': 174.26429, 'eta_hours': 0.04841, 'loss': 0.22160139, 'lr': 0.00019603, 'params': 284917, 'time_iter': 0.01403, 'accuracy': 0.92384, 'f1': 0.92383, 'auc': 0.99864}
val: {'epoch': 177, 'time_epoch': 0.10447, 'loss': 6.13866649, 'lr': 0, 'params': 284917, 'time_iter': 0.00746, 'accuracy': 0.17857, 'f1': 0.11039, 'auc': 0.85486}
test: {'epoch': 177, 'time_epoch': 0.11087, 'loss': 3.08235114, 'lr': 0, 'params': 284917, 'time_iter': 0.00792, 'accuracy': 0.38333, 'f1': 0.35238, 'auc': 0.91871}
> Epoch 177: took 2.8s (avg 2.7s) | Best so far: epoch 130	train_loss: 0.3341 train_accuracy: 0.8841	val_loss: 3.2144 val_accuracy: 0.3048	test_loss: 2.0760 test_accuracy: 0.4952	F1: 0.4982 Prec: 0.6021 Rec: 0.4952
train: {'epoch': 178, 'time_epoch': 2.34677, 'eta': 171.81477, 'eta_hours': 0.04773, 'loss': 0.20658074, 'lr': 0.00019107, 'params': 284917, 'time_iter': 0.01341, 'accuracy': 0.93728, 'f1': 0.93722, 'auc': 0.99872}
val: {'epoch': 178, 'time_epoch': 0.10117, 'loss': 4.49256113, 'lr': 0, 'params': 284917, 'time_iter': 0.00723, 'accuracy': 0.20952, 'f1': 0.1601, 'auc': 0.87271}
test: {'epoch': 178, 'time_epoch': 0.09942, 'loss': 2.01784112, 'lr': 0, 'params': 284917, 'time_iter': 0.0071, 'accuracy': 0.54048, 'f1': 0.51329, 'auc': 0.94148}
> Epoch 178: took 2.6s (avg 2.7s) | Best so far: epoch 130	train_loss: 0.3341 train_accuracy: 0.8841	val_loss: 3.2144 val_accuracy: 0.3048	test_loss: 2.0760 test_accuracy: 0.4952	F1: 0.4982 Prec: 0.6021 Rec: 0.4952
train: {'epoch': 179, 'time_epoch': 2.51452, 'eta': 169.43163, 'eta_hours': 0.04706, 'loss': 0.19866028, 'lr': 0.00018615, 'params': 284917, 'time_iter': 0.01437, 'accuracy': 0.93746, 'f1': 0.93743, 'auc': 0.99889}
val: {'epoch': 179, 'time_epoch': 0.09775, 'loss': 3.57785774, 'lr': 0, 'params': 284917, 'time_iter': 0.00698, 'accuracy': 0.22619, 'f1': 0.19228, 'auc': 0.8965}
test: {'epoch': 179, 'time_epoch': 0.12202, 'loss': 2.10842643, 'lr': 0, 'params': 284917, 'time_iter': 0.00872, 'accuracy': 0.50238, 'f1': 0.46912, 'auc': 0.93458}
> Epoch 179: took 2.8s (avg 2.7s) | Best so far: epoch 130	train_loss: 0.3341 train_accuracy: 0.8841	val_loss: 3.2144 val_accuracy: 0.3048	test_loss: 2.0760 test_accuracy: 0.4952	F1: 0.4982 Prec: 0.6021 Rec: 0.4952
train: {'epoch': 180, 'time_epoch': 2.29501, 'eta': 166.96336, 'eta_hours': 0.04638, 'loss': 0.20829632, 'lr': 0.00018129, 'params': 284917, 'time_iter': 0.01311, 'accuracy': 0.93082, 'f1': 0.93076, 'auc': 0.99881}
val: {'epoch': 180, 'time_epoch': 0.09833, 'loss': 5.14316273, 'lr': 0, 'params': 284917, 'time_iter': 0.00702, 'accuracy': 0.20476, 'f1': 0.14456, 'auc': 0.87645}
test: {'epoch': 180, 'time_epoch': 0.10302, 'loss': 2.18954533, 'lr': 0, 'params': 284917, 'time_iter': 0.00736, 'accuracy': 0.44524, 'f1': 0.43246, 'auc': 0.94057}
> Epoch 180: took 2.6s (avg 2.7s) | Best so far: epoch 130	train_loss: 0.3341 train_accuracy: 0.8841	val_loss: 3.2144 val_accuracy: 0.3048	test_loss: 2.0760 test_accuracy: 0.4952	F1: 0.4982 Prec: 0.6021 Rec: 0.4952
train: {'epoch': 181, 'time_epoch': 3.0481, 'eta': 164.77836, 'eta_hours': 0.04577, 'loss': 0.22568033, 'lr': 0.00017647, 'params': 284917, 'time_iter': 0.01742, 'accuracy': 0.92796, 'f1': 0.9279, 'auc': 0.99851}
val: {'epoch': 181, 'time_epoch': 0.10796, 'loss': 4.16233996, 'lr': 0, 'params': 284917, 'time_iter': 0.00771, 'accuracy': 0.23095, 'f1': 0.17591, 'auc': 0.89301}
test: {'epoch': 181, 'time_epoch': 0.09201, 'loss': 1.90902945, 'lr': 0, 'params': 284917, 'time_iter': 0.00657, 'accuracy': 0.49048, 'f1': 0.48318, 'auc': 0.94765}
> Epoch 181: took 3.3s (avg 2.7s) | Best so far: epoch 130	train_loss: 0.3341 train_accuracy: 0.8841	val_loss: 3.2144 val_accuracy: 0.3048	test_loss: 2.0760 test_accuracy: 0.4952	F1: 0.4982 Prec: 0.6021 Rec: 0.4952
train: {'epoch': 182, 'time_epoch': 2.4999, 'eta': 162.38323, 'eta_hours': 0.04511, 'loss': 0.21816476, 'lr': 0.00017171, 'params': 284917, 'time_iter': 0.01429, 'accuracy': 0.93065, 'f1': 0.93054, 'auc': 0.99857}
val: {'epoch': 182, 'time_epoch': 0.1525, 'loss': 4.74835388, 'lr': 0, 'params': 284917, 'time_iter': 0.01089, 'accuracy': 0.22619, 'f1': 0.16813, 'auc': 0.88635}
test: {'epoch': 182, 'time_epoch': 0.10806, 'loss': 2.0185447, 'lr': 0, 'params': 284917, 'time_iter': 0.00772, 'accuracy': 0.51429, 'f1': 0.49151, 'auc': 0.9459}
> Epoch 182: took 2.9s (avg 2.7s) | Best so far: epoch 130	train_loss: 0.3341 train_accuracy: 0.8841	val_loss: 3.2144 val_accuracy: 0.3048	test_loss: 2.0760 test_accuracy: 0.4952	F1: 0.4982 Prec: 0.6021 Rec: 0.4952
train: {'epoch': 183, 'time_epoch': 3.3422, 'eta': 160.28909, 'eta_hours': 0.04452, 'loss': 0.19844801, 'lr': 0.00016699, 'params': 284917, 'time_iter': 0.0191, 'accuracy': 0.93333, 'f1': 0.93335, 'auc': 0.99897}
val: {'epoch': 183, 'time_epoch': 0.17973, 'loss': 6.41523578, 'lr': 0, 'params': 284917, 'time_iter': 0.01284, 'accuracy': 0.17857, 'f1': 0.11855, 'auc': 0.85173}
test: {'epoch': 183, 'time_epoch': 0.12494, 'loss': 3.39063589, 'lr': 0, 'params': 284917, 'time_iter': 0.00892, 'accuracy': 0.36667, 'f1': 0.33594, 'auc': 0.91482}
> Epoch 183: took 3.8s (avg 2.7s) | Best so far: epoch 130	train_loss: 0.3341 train_accuracy: 0.8841	val_loss: 3.2144 val_accuracy: 0.3048	test_loss: 2.0760 test_accuracy: 0.4952	F1: 0.4982 Prec: 0.6021 Rec: 0.4952
train: {'epoch': 184, 'time_epoch': 2.61735, 'eta': 157.92677, 'eta_hours': 0.04387, 'loss': 0.19343466, 'lr': 0.00016233, 'params': 284917, 'time_iter': 0.01496, 'accuracy': 0.93423, 'f1': 0.93418, 'auc': 0.99895}
val: {'epoch': 184, 'time_epoch': 0.10417, 'loss': 3.8398131, 'lr': 0, 'params': 284917, 'time_iter': 0.00744, 'accuracy': 0.27619, 'f1': 0.22332, 'auc': 0.89906}
test: {'epoch': 184, 'time_epoch': 0.09843, 'loss': 1.87622428, 'lr': 0, 'params': 284917, 'time_iter': 0.00703, 'accuracy': 0.49286, 'f1': 0.47932, 'auc': 0.94596}
> Epoch 184: took 2.9s (avg 2.7s) | Best so far: epoch 130	train_loss: 0.3341 train_accuracy: 0.8841	val_loss: 3.2144 val_accuracy: 0.3048	test_loss: 2.0760 test_accuracy: 0.4952	F1: 0.4982 Prec: 0.6021 Rec: 0.4952
train: {'epoch': 185, 'time_epoch': 2.3119, 'eta': 155.45662, 'eta_hours': 0.04318, 'loss': 0.19245626, 'lr': 0.00015773, 'params': 284917, 'time_iter': 0.01321, 'accuracy': 0.93746, 'f1': 0.93739, 'auc': 0.99892}
val: {'epoch': 185, 'time_epoch': 0.09493, 'loss': 4.4382927, 'lr': 0, 'params': 284917, 'time_iter': 0.00678, 'accuracy': 0.22619, 'f1': 0.16947, 'auc': 0.88365}
test: {'epoch': 185, 'time_epoch': 0.09265, 'loss': 1.92740563, 'lr': 0, 'params': 284917, 'time_iter': 0.00662, 'accuracy': 0.53095, 'f1': 0.51331, 'auc': 0.94769}
> Epoch 185: took 2.6s (avg 2.7s) | Best so far: epoch 130	train_loss: 0.3341 train_accuracy: 0.8841	val_loss: 3.2144 val_accuracy: 0.3048	test_loss: 2.0760 test_accuracy: 0.4952	F1: 0.4982 Prec: 0.6021 Rec: 0.4952
train: {'epoch': 186, 'time_epoch': 2.42641, 'eta': 153.02673, 'eta_hours': 0.04251, 'loss': 0.20321694, 'lr': 0.00015317, 'params': 284917, 'time_iter': 0.01387, 'accuracy': 0.93244, 'f1': 0.93244, 'auc': 0.99889}
val: {'epoch': 186, 'time_epoch': 0.09928, 'loss': 5.08446264, 'lr': 0, 'params': 284917, 'time_iter': 0.00709, 'accuracy': 0.22143, 'f1': 0.1616, 'auc': 0.87524}
test: {'epoch': 186, 'time_epoch': 0.10264, 'loss': 2.16046434, 'lr': 0, 'params': 284917, 'time_iter': 0.00733, 'accuracy': 0.47619, 'f1': 0.45757, 'auc': 0.94458}
> Epoch 186: took 2.7s (avg 2.7s) | Best so far: epoch 130	train_loss: 0.3341 train_accuracy: 0.8841	val_loss: 3.2144 val_accuracy: 0.3048	test_loss: 2.0760 test_accuracy: 0.4952	F1: 0.4982 Prec: 0.6021 Rec: 0.4952
train: {'epoch': 187, 'time_epoch': 2.46283, 'eta': 150.6089, 'eta_hours': 0.04184, 'loss': 0.1928913, 'lr': 0.00014868, 'params': 284917, 'time_iter': 0.01407, 'accuracy': 0.93817, 'f1': 0.93812, 'auc': 0.99889}
val: {'epoch': 187, 'time_epoch': 0.10152, 'loss': 4.24238182, 'lr': 0, 'params': 284917, 'time_iter': 0.00725, 'accuracy': 0.22381, 'f1': 0.17641, 'auc': 0.89181}
test: {'epoch': 187, 'time_epoch': 0.09997, 'loss': 2.09455326, 'lr': 0, 'params': 284917, 'time_iter': 0.00714, 'accuracy': 0.49524, 'f1': 0.48374, 'auc': 0.94085}
> Epoch 187: took 2.8s (avg 2.7s) | Best so far: epoch 130	train_loss: 0.3341 train_accuracy: 0.8841	val_loss: 3.2144 val_accuracy: 0.3048	test_loss: 2.0760 test_accuracy: 0.4952	F1: 0.4982 Prec: 0.6021 Rec: 0.4952
train: {'epoch': 188, 'time_epoch': 2.3826, 'eta': 148.16469, 'eta_hours': 0.04116, 'loss': 0.18508904, 'lr': 0.00014423, 'params': 284917, 'time_iter': 0.01361, 'accuracy': 0.94032, 'f1': 0.94027, 'auc': 0.99898}
val: {'epoch': 188, 'time_epoch': 0.10889, 'loss': 3.65327796, 'lr': 0, 'params': 284917, 'time_iter': 0.00778, 'accuracy': 0.24762, 'f1': 0.21081, 'auc': 0.89023}
test: {'epoch': 188, 'time_epoch': 0.1036, 'loss': 2.0223023, 'lr': 0, 'params': 284917, 'time_iter': 0.0074, 'accuracy': 0.50714, 'f1': 0.48159, 'auc': 0.94011}
> Epoch 188: took 2.7s (avg 2.7s) | Best so far: epoch 130	train_loss: 0.3341 train_accuracy: 0.8841	val_loss: 3.2144 val_accuracy: 0.3048	test_loss: 2.0760 test_accuracy: 0.4952	F1: 0.4982 Prec: 0.6021 Rec: 0.4952
train: {'epoch': 189, 'time_epoch': 2.33332, 'eta': 145.70557, 'eta_hours': 0.04047, 'loss': 0.20503737, 'lr': 0.00013985, 'params': 284917, 'time_iter': 0.01333, 'accuracy': 0.93333, 'f1': 0.93331, 'auc': 0.99885}
val: {'epoch': 189, 'time_epoch': 0.1074, 'loss': 4.57445795, 'lr': 0, 'params': 284917, 'time_iter': 0.00767, 'accuracy': 0.21905, 'f1': 0.15602, 'auc': 0.88117}
test: {'epoch': 189, 'time_epoch': 0.11517, 'loss': 2.09360053, 'lr': 0, 'params': 284917, 'time_iter': 0.00823, 'accuracy': 0.49762, 'f1': 0.46736, 'auc': 0.94051}
> Epoch 189: took 2.6s (avg 2.7s) | Best so far: epoch 130	train_loss: 0.3341 train_accuracy: 0.8841	val_loss: 3.2144 val_accuracy: 0.3048	test_loss: 2.0760 test_accuracy: 0.4952	F1: 0.4982 Prec: 0.6021 Rec: 0.4952
train: {'epoch': 190, 'time_epoch': 2.6041, 'eta': 143.3314, 'eta_hours': 0.03981, 'loss': 0.19765026, 'lr': 0.00013552, 'params': 284917, 'time_iter': 0.01488, 'accuracy': 0.93548, 'f1': 0.93542, 'auc': 0.9989}
val: {'epoch': 190, 'time_epoch': 0.1, 'loss': 4.25953237, 'lr': 0, 'params': 284917, 'time_iter': 0.00714, 'accuracy': 0.21905, 'f1': 0.17817, 'auc': 0.87834}
test: {'epoch': 190, 'time_epoch': 0.13124, 'loss': 1.93855005, 'lr': 0, 'params': 284917, 'time_iter': 0.00937, 'accuracy': 0.52381, 'f1': 0.49988, 'auc': 0.94483}
> Epoch 190: took 2.9s (avg 2.7s) | Best so far: epoch 130	train_loss: 0.3341 train_accuracy: 0.8841	val_loss: 3.2144 val_accuracy: 0.3048	test_loss: 2.0760 test_accuracy: 0.4952	F1: 0.4982 Prec: 0.6021 Rec: 0.4952
train: {'epoch': 191, 'time_epoch': 2.59377, 'eta': 140.95173, 'eta_hours': 0.03915, 'loss': 0.18926901, 'lr': 0.00013124, 'params': 284917, 'time_iter': 0.01482, 'accuracy': 0.93674, 'f1': 0.93668, 'auc': 0.99901}
val: {'epoch': 191, 'time_epoch': 0.13056, 'loss': 4.26993359, 'lr': 0, 'params': 284917, 'time_iter': 0.00933, 'accuracy': 0.20714, 'f1': 0.15268, 'auc': 0.87772}
test: {'epoch': 191, 'time_epoch': 0.11428, 'loss': 2.07422579, 'lr': 0, 'params': 284917, 'time_iter': 0.00816, 'accuracy': 0.49762, 'f1': 0.46628, 'auc': 0.93992}
> Epoch 191: took 2.9s (avg 2.7s) | Best so far: epoch 130	train_loss: 0.3341 train_accuracy: 0.8841	val_loss: 3.2144 val_accuracy: 0.3048	test_loss: 2.0760 test_accuracy: 0.4952	F1: 0.4982 Prec: 0.6021 Rec: 0.4952
train: {'epoch': 192, 'time_epoch': 2.95308, 'eta': 138.67595, 'eta_hours': 0.03852, 'loss': 0.17940305, 'lr': 0.00012703, 'params': 284917, 'time_iter': 0.01687, 'accuracy': 0.94409, 'f1': 0.94405, 'auc': 0.99913}
val: {'epoch': 192, 'time_epoch': 0.11302, 'loss': 4.87624287, 'lr': 0, 'params': 284917, 'time_iter': 0.00807, 'accuracy': 0.23571, 'f1': 0.17531, 'auc': 0.87933}
test: {'epoch': 192, 'time_epoch': 0.12379, 'loss': 2.23404453, 'lr': 0, 'params': 284917, 'time_iter': 0.00884, 'accuracy': 0.43095, 'f1': 0.42166, 'auc': 0.94049}
> Epoch 192: took 3.3s (avg 2.7s) | Best so far: epoch 130	train_loss: 0.3341 train_accuracy: 0.8841	val_loss: 3.2144 val_accuracy: 0.3048	test_loss: 2.0760 test_accuracy: 0.4952	F1: 0.4982 Prec: 0.6021 Rec: 0.4952
train: {'epoch': 193, 'time_epoch': 2.47016, 'eta': 136.25379, 'eta_hours': 0.03785, 'loss': 0.1736594, 'lr': 0.00012287, 'params': 284917, 'time_iter': 0.01412, 'accuracy': 0.94355, 'f1': 0.9435, 'auc': 0.99916}
val: {'epoch': 193, 'time_epoch': 0.10018, 'loss': 4.74622017, 'lr': 0, 'params': 284917, 'time_iter': 0.00716, 'accuracy': 0.24524, 'f1': 0.18253, 'auc': 0.88224}
test: {'epoch': 193, 'time_epoch': 0.10019, 'loss': 2.03280494, 'lr': 0, 'params': 284917, 'time_iter': 0.00716, 'accuracy': 0.47143, 'f1': 0.46326, 'auc': 0.94595}
> Epoch 193: took 2.8s (avg 2.7s) | Best so far: epoch 130	train_loss: 0.3341 train_accuracy: 0.8841	val_loss: 3.2144 val_accuracy: 0.3048	test_loss: 2.0760 test_accuracy: 0.4952	F1: 0.4982 Prec: 0.6021 Rec: 0.4952
train: {'epoch': 194, 'time_epoch': 2.62508, 'eta': 133.87484, 'eta_hours': 0.03719, 'loss': 0.19076024, 'lr': 0.00011878, 'params': 284917, 'time_iter': 0.015, 'accuracy': 0.9362, 'f1': 0.93618, 'auc': 0.99898}
val: {'epoch': 194, 'time_epoch': 0.12917, 'loss': 4.96559063, 'lr': 0, 'params': 284917, 'time_iter': 0.00923, 'accuracy': 0.21667, 'f1': 0.16042, 'auc': 0.87674}
test: {'epoch': 194, 'time_epoch': 0.10398, 'loss': 2.20262106, 'lr': 0, 'params': 284917, 'time_iter': 0.00743, 'accuracy': 0.44286, 'f1': 0.42636, 'auc': 0.93904}
> Epoch 194: took 3.0s (avg 2.7s) | Best so far: epoch 130	train_loss: 0.3341 train_accuracy: 0.8841	val_loss: 3.2144 val_accuracy: 0.3048	test_loss: 2.0760 test_accuracy: 0.4952	F1: 0.4982 Prec: 0.6021 Rec: 0.4952
train: {'epoch': 195, 'time_epoch': 2.55734, 'eta': 131.4747, 'eta_hours': 0.03652, 'loss': 0.17906126, 'lr': 0.00011474, 'params': 284917, 'time_iter': 0.01461, 'accuracy': 0.94319, 'f1': 0.94323, 'auc': 0.9991}
val: {'epoch': 195, 'time_epoch': 0.09938, 'loss': 4.66347767, 'lr': 0, 'params': 284917, 'time_iter': 0.0071, 'accuracy': 0.24048, 'f1': 0.17693, 'auc': 0.8882}
test: {'epoch': 195, 'time_epoch': 0.1103, 'loss': 2.08996448, 'lr': 0, 'params': 284917, 'time_iter': 0.00788, 'accuracy': 0.48333, 'f1': 0.46014, 'auc': 0.94562}
> Epoch 195: took 2.9s (avg 2.7s) | Best so far: epoch 130	train_loss: 0.3341 train_accuracy: 0.8841	val_loss: 3.2144 val_accuracy: 0.3048	test_loss: 2.0760 test_accuracy: 0.4952	F1: 0.4982 Prec: 0.6021 Rec: 0.4952
train: {'epoch': 196, 'time_epoch': 2.64415, 'eta': 129.09633, 'eta_hours': 0.03586, 'loss': 0.17840424, 'lr': 0.00011077, 'params': 284917, 'time_iter': 0.01511, 'accuracy': 0.94534, 'f1': 0.94533, 'auc': 0.99906}
val: {'epoch': 196, 'time_epoch': 0.11237, 'loss': 4.35320641, 'lr': 0, 'params': 284917, 'time_iter': 0.00803, 'accuracy': 0.20952, 'f1': 0.16185, 'auc': 0.87768}
test: {'epoch': 196, 'time_epoch': 0.11203, 'loss': 1.85842453, 'lr': 0, 'params': 284917, 'time_iter': 0.008, 'accuracy': 0.55238, 'f1': 0.52655, 'auc': 0.94953}
> Epoch 196: took 3.0s (avg 2.7s) | Best so far: epoch 130	train_loss: 0.3341 train_accuracy: 0.8841	val_loss: 3.2144 val_accuracy: 0.3048	test_loss: 2.0760 test_accuracy: 0.4952	F1: 0.4982 Prec: 0.6021 Rec: 0.4952
train: {'epoch': 197, 'time_epoch': 2.53114, 'eta': 126.6856, 'eta_hours': 0.03519, 'loss': 0.18248993, 'lr': 0.00010686, 'params': 284917, 'time_iter': 0.01446, 'accuracy': 0.94462, 'f1': 0.94458, 'auc': 0.99902}
val: {'epoch': 197, 'time_epoch': 0.11163, 'loss': 4.43081071, 'lr': 0, 'params': 284917, 'time_iter': 0.00797, 'accuracy': 0.21667, 'f1': 0.17137, 'auc': 0.86999}
test: {'epoch': 197, 'time_epoch': 0.09782, 'loss': 1.98093389, 'lr': 0, 'params': 284917, 'time_iter': 0.00699, 'accuracy': 0.54048, 'f1': 0.52292, 'auc': 0.94689}
> Epoch 197: took 2.8s (avg 2.7s) | Best so far: epoch 130	train_loss: 0.3341 train_accuracy: 0.8841	val_loss: 3.2144 val_accuracy: 0.3048	test_loss: 2.0760 test_accuracy: 0.4952	F1: 0.4982 Prec: 0.6021 Rec: 0.4952
train: {'epoch': 198, 'time_epoch': 2.46785, 'eta': 124.25743, 'eta_hours': 0.03452, 'loss': 0.17138661, 'lr': 0.000103, 'params': 284917, 'time_iter': 0.0141, 'accuracy': 0.9448, 'f1': 0.94481, 'auc': 0.99921}
val: {'epoch': 198, 'time_epoch': 0.1244, 'loss': 4.9798114, 'lr': 0, 'params': 284917, 'time_iter': 0.00889, 'accuracy': 0.20476, 'f1': 0.14877, 'auc': 0.8697}
test: {'epoch': 198, 'time_epoch': 0.11949, 'loss': 2.11471389, 'lr': 0, 'params': 284917, 'time_iter': 0.00853, 'accuracy': 0.47143, 'f1': 0.45865, 'auc': 0.94197}
> Epoch 198: took 2.8s (avg 2.7s) | Best so far: epoch 130	train_loss: 0.3341 train_accuracy: 0.8841	val_loss: 3.2144 val_accuracy: 0.3048	test_loss: 2.0760 test_accuracy: 0.4952	F1: 0.4982 Prec: 0.6021 Rec: 0.4952
train: {'epoch': 199, 'time_epoch': 2.48829, 'eta': 121.83398, 'eta_hours': 0.03384, 'loss': 0.17414249, 'lr': 9.922e-05, 'params': 284917, 'time_iter': 0.01422, 'accuracy': 0.94642, 'f1': 0.94638, 'auc': 0.99909}
val: {'epoch': 199, 'time_epoch': 0.11635, 'loss': 4.9290646, 'lr': 0, 'params': 284917, 'time_iter': 0.00831, 'accuracy': 0.20476, 'f1': 0.15841, 'auc': 0.86825}
test: {'epoch': 199, 'time_epoch': 0.10055, 'loss': 2.11727517, 'lr': 0, 'params': 284917, 'time_iter': 0.00718, 'accuracy': 0.48333, 'f1': 0.46579, 'auc': 0.94107}
> Epoch 199: took 2.8s (avg 2.7s) | Best so far: epoch 130	train_loss: 0.3341 train_accuracy: 0.8841	val_loss: 3.2144 val_accuracy: 0.3048	test_loss: 2.0760 test_accuracy: 0.4952	F1: 0.4982 Prec: 0.6021 Rec: 0.4952
train: {'epoch': 200, 'time_epoch': 2.44409, 'eta': 119.39911, 'eta_hours': 0.03317, 'loss': 0.1842731, 'lr': 9.549e-05, 'params': 284917, 'time_iter': 0.01397, 'accuracy': 0.94337, 'f1': 0.94334, 'auc': 0.99907}
val: {'epoch': 200, 'time_epoch': 0.11565, 'loss': 4.71766256, 'lr': 0, 'params': 284917, 'time_iter': 0.00826, 'accuracy': 0.19762, 'f1': 0.1533, 'auc': 0.86838}
test: {'epoch': 200, 'time_epoch': 0.11449, 'loss': 2.08358929, 'lr': 0, 'params': 284917, 'time_iter': 0.00818, 'accuracy': 0.5, 'f1': 0.47436, 'auc': 0.94095}
> Epoch 200: took 2.8s (avg 2.7s) | Best so far: epoch 130	train_loss: 0.3341 train_accuracy: 0.8841	val_loss: 3.2144 val_accuracy: 0.3048	test_loss: 2.0760 test_accuracy: 0.4952	F1: 0.4982 Prec: 0.6021 Rec: 0.4952
train: {'epoch': 201, 'time_epoch': 2.54294, 'eta': 116.98763, 'eta_hours': 0.0325, 'loss': 0.17594948, 'lr': 9.183e-05, 'params': 284917, 'time_iter': 0.01453, 'accuracy': 0.94498, 'f1': 0.94493, 'auc': 0.99909}
val: {'epoch': 201, 'time_epoch': 0.09804, 'loss': 5.80148654, 'lr': 0, 'params': 284917, 'time_iter': 0.007, 'accuracy': 0.18333, 'f1': 0.12748, 'auc': 0.85143}
test: {'epoch': 201, 'time_epoch': 0.1026, 'loss': 2.35227056, 'lr': 0, 'params': 284917, 'time_iter': 0.00733, 'accuracy': 0.46905, 'f1': 0.45045, 'auc': 0.93764}
> Epoch 201: took 2.8s (avg 2.7s) | Best so far: epoch 130	train_loss: 0.3341 train_accuracy: 0.8841	val_loss: 3.2144 val_accuracy: 0.3048	test_loss: 2.0760 test_accuracy: 0.4952	F1: 0.4982 Prec: 0.6021 Rec: 0.4952
train: {'epoch': 202, 'time_epoch': 2.5158, 'eta': 114.56858, 'eta_hours': 0.03182, 'loss': 0.19327533, 'lr': 8.823e-05, 'params': 284917, 'time_iter': 0.01438, 'accuracy': 0.93781, 'f1': 0.93785, 'auc': 0.99889}
val: {'epoch': 202, 'time_epoch': 0.11376, 'loss': 4.60364655, 'lr': 0, 'params': 284917, 'time_iter': 0.00813, 'accuracy': 0.22619, 'f1': 0.16813, 'auc': 0.88195}
test: {'epoch': 202, 'time_epoch': 0.09783, 'loss': 2.0061621, 'lr': 0, 'params': 284917, 'time_iter': 0.00699, 'accuracy': 0.49762, 'f1': 0.48904, 'auc': 0.94538}
> Epoch 202: took 2.8s (avg 2.7s) | Best so far: epoch 130	train_loss: 0.3341 train_accuracy: 0.8841	val_loss: 3.2144 val_accuracy: 0.3048	test_loss: 2.0760 test_accuracy: 0.4952	F1: 0.4982 Prec: 0.6021 Rec: 0.4952
train: {'epoch': 203, 'time_epoch': 2.42218, 'eta': 112.12747, 'eta_hours': 0.03115, 'loss': 0.18700029, 'lr': 8.47e-05, 'params': 284917, 'time_iter': 0.01384, 'accuracy': 0.94158, 'f1': 0.94157, 'auc': 0.99893}
val: {'epoch': 203, 'time_epoch': 0.11396, 'loss': 4.25870113, 'lr': 0, 'params': 284917, 'time_iter': 0.00814, 'accuracy': 0.23571, 'f1': 0.18271, 'auc': 0.88396}
test: {'epoch': 203, 'time_epoch': 0.10025, 'loss': 1.86230601, 'lr': 0, 'params': 284917, 'time_iter': 0.00716, 'accuracy': 0.55714, 'f1': 0.53557, 'auc': 0.95009}
> Epoch 203: took 2.7s (avg 2.7s) | Best so far: epoch 130	train_loss: 0.3341 train_accuracy: 0.8841	val_loss: 3.2144 val_accuracy: 0.3048	test_loss: 2.0760 test_accuracy: 0.4952	F1: 0.4982 Prec: 0.6021 Rec: 0.4952
train: {'epoch': 204, 'time_epoch': 2.52906, 'eta': 109.71, 'eta_hours': 0.03047, 'loss': 0.17288948, 'lr': 8.124e-05, 'params': 284917, 'time_iter': 0.01445, 'accuracy': 0.9457, 'f1': 0.94562, 'auc': 0.99916}
val: {'epoch': 204, 'time_epoch': 0.09836, 'loss': 4.42901652, 'lr': 0, 'params': 284917, 'time_iter': 0.00703, 'accuracy': 0.22619, 'f1': 0.178, 'auc': 0.88326}
test: {'epoch': 204, 'time_epoch': 0.10711, 'loss': 1.98846226, 'lr': 0, 'params': 284917, 'time_iter': 0.00765, 'accuracy': 0.51667, 'f1': 0.50656, 'auc': 0.94424}
> Epoch 204: took 2.8s (avg 2.7s) | Best so far: epoch 130	train_loss: 0.3341 train_accuracy: 0.8841	val_loss: 3.2144 val_accuracy: 0.3048	test_loss: 2.0760 test_accuracy: 0.4952	F1: 0.4982 Prec: 0.6021 Rec: 0.4952
train: {'epoch': 205, 'time_epoch': 2.45667, 'eta': 107.27599, 'eta_hours': 0.0298, 'loss': 0.19360395, 'lr': 7.784e-05, 'params': 284917, 'time_iter': 0.01404, 'accuracy': 0.93781, 'f1': 0.93779, 'auc': 0.99893}
val: {'epoch': 205, 'time_epoch': 0.10199, 'loss': 5.08662711, 'lr': 0, 'params': 284917, 'time_iter': 0.00728, 'accuracy': 0.21905, 'f1': 0.15314, 'auc': 0.86907}
test: {'epoch': 205, 'time_epoch': 0.09803, 'loss': 2.13097362, 'lr': 0, 'params': 284917, 'time_iter': 0.007, 'accuracy': 0.46429, 'f1': 0.43785, 'auc': 0.94283}
> Epoch 205: took 2.8s (avg 2.7s) | Best so far: epoch 130	train_loss: 0.3341 train_accuracy: 0.8841	val_loss: 3.2144 val_accuracy: 0.3048	test_loss: 2.0760 test_accuracy: 0.4952	F1: 0.4982 Prec: 0.6021 Rec: 0.4952
train: {'epoch': 206, 'time_epoch': 2.54039, 'eta': 104.85915, 'eta_hours': 0.02913, 'loss': 0.16817774, 'lr': 7.45e-05, 'params': 284917, 'time_iter': 0.01452, 'accuracy': 0.94785, 'f1': 0.94784, 'auc': 0.99925}
val: {'epoch': 206, 'time_epoch': 0.10237, 'loss': 4.34124782, 'lr': 0, 'params': 284917, 'time_iter': 0.00731, 'accuracy': 0.24762, 'f1': 0.18559, 'auc': 0.8881}
test: {'epoch': 206, 'time_epoch': 0.10041, 'loss': 1.85465611, 'lr': 0, 'params': 284917, 'time_iter': 0.00717, 'accuracy': 0.51429, 'f1': 0.49795, 'auc': 0.95014}
> Epoch 206: took 2.8s (avg 2.7s) | Best so far: epoch 130	train_loss: 0.3341 train_accuracy: 0.8841	val_loss: 3.2144 val_accuracy: 0.3048	test_loss: 2.0760 test_accuracy: 0.4952	F1: 0.4982 Prec: 0.6021 Rec: 0.4952
train: {'epoch': 207, 'time_epoch': 2.51899, 'eta': 102.4368, 'eta_hours': 0.02845, 'loss': 0.16768527, 'lr': 7.124e-05, 'params': 284917, 'time_iter': 0.01439, 'accuracy': 0.94552, 'f1': 0.94547, 'auc': 0.99921}
val: {'epoch': 207, 'time_epoch': 0.09868, 'loss': 4.53891253, 'lr': 0, 'params': 284917, 'time_iter': 0.00705, 'accuracy': 0.22381, 'f1': 0.16408, 'auc': 0.88479}
test: {'epoch': 207, 'time_epoch': 0.10673, 'loss': 1.90883381, 'lr': 0, 'params': 284917, 'time_iter': 0.00762, 'accuracy': 0.50714, 'f1': 0.48777, 'auc': 0.9481}
> Epoch 207: took 2.9s (avg 2.7s) | Best so far: epoch 130	train_loss: 0.3341 train_accuracy: 0.8841	val_loss: 3.2144 val_accuracy: 0.3048	test_loss: 2.0760 test_accuracy: 0.4952	F1: 0.4982 Prec: 0.6021 Rec: 0.4952
train: {'epoch': 208, 'time_epoch': 2.87977, 'eta': 100.0843, 'eta_hours': 0.0278, 'loss': 0.16394936, 'lr': 6.804e-05, 'params': 284917, 'time_iter': 0.01646, 'accuracy': 0.94857, 'f1': 0.94858, 'auc': 0.99922}
val: {'epoch': 208, 'time_epoch': 0.10277, 'loss': 4.46575092, 'lr': 0, 'params': 284917, 'time_iter': 0.00734, 'accuracy': 0.21905, 'f1': 0.16515, 'auc': 0.88213}
test: {'epoch': 208, 'time_epoch': 0.11206, 'loss': 1.90161218, 'lr': 0, 'params': 284917, 'time_iter': 0.008, 'accuracy': 0.50238, 'f1': 0.48909, 'auc': 0.94575}
> Epoch 208: took 3.2s (avg 2.7s) | Best so far: epoch 130	train_loss: 0.3341 train_accuracy: 0.8841	val_loss: 3.2144 val_accuracy: 0.3048	test_loss: 2.0760 test_accuracy: 0.4952	F1: 0.4982 Prec: 0.6021 Rec: 0.4952
train: {'epoch': 209, 'time_epoch': 2.7162, 'eta': 97.69562, 'eta_hours': 0.02714, 'loss': 0.16898245, 'lr': 6.491e-05, 'params': 284917, 'time_iter': 0.01552, 'accuracy': 0.94606, 'f1': 0.94602, 'auc': 0.9992}
val: {'epoch': 209, 'time_epoch': 0.09223, 'loss': 4.39461399, 'lr': 0, 'params': 284917, 'time_iter': 0.00659, 'accuracy': 0.23095, 'f1': 0.17236, 'auc': 0.88778}
test: {'epoch': 209, 'time_epoch': 0.15594, 'loss': 1.89650413, 'lr': 0, 'params': 284917, 'time_iter': 0.01114, 'accuracy': 0.49762, 'f1': 0.48838, 'auc': 0.947}
> Epoch 209: took 3.1s (avg 2.7s) | Best so far: epoch 130	train_loss: 0.3341 train_accuracy: 0.8841	val_loss: 3.2144 val_accuracy: 0.3048	test_loss: 2.0760 test_accuracy: 0.4952	F1: 0.4982 Prec: 0.6021 Rec: 0.4952
train: {'epoch': 210, 'time_epoch': 2.60672, 'eta': 95.28361, 'eta_hours': 0.02647, 'loss': 0.17642244, 'lr': 6.185e-05, 'params': 284917, 'time_iter': 0.0149, 'accuracy': 0.94516, 'f1': 0.94513, 'auc': 0.99903}
val: {'epoch': 210, 'time_epoch': 0.10443, 'loss': 5.03750657, 'lr': 0, 'params': 284917, 'time_iter': 0.00746, 'accuracy': 0.22619, 'f1': 0.1599, 'auc': 0.86926}
test: {'epoch': 210, 'time_epoch': 0.10589, 'loss': 2.07250037, 'lr': 0, 'params': 284917, 'time_iter': 0.00756, 'accuracy': 0.45238, 'f1': 0.43773, 'auc': 0.94551}
> Epoch 210: took 2.9s (avg 2.7s) | Best so far: epoch 130	train_loss: 0.3341 train_accuracy: 0.8841	val_loss: 3.2144 val_accuracy: 0.3048	test_loss: 2.0760 test_accuracy: 0.4952	F1: 0.4982 Prec: 0.6021 Rec: 0.4952
train: {'epoch': 211, 'time_epoch': 2.40905, 'eta': 92.83432, 'eta_hours': 0.02579, 'loss': 0.17601204, 'lr': 5.885e-05, 'params': 284917, 'time_iter': 0.01377, 'accuracy': 0.94427, 'f1': 0.94419, 'auc': 0.99915}
val: {'epoch': 211, 'time_epoch': 0.09797, 'loss': 4.68750403, 'lr': 0, 'params': 284917, 'time_iter': 0.007, 'accuracy': 0.21429, 'f1': 0.1535, 'auc': 0.87768}
test: {'epoch': 211, 'time_epoch': 0.09834, 'loss': 2.01916557, 'lr': 0, 'params': 284917, 'time_iter': 0.00702, 'accuracy': 0.50714, 'f1': 0.49193, 'auc': 0.94538}
> Epoch 211: took 2.7s (avg 2.7s) | Best so far: epoch 130	train_loss: 0.3341 train_accuracy: 0.8841	val_loss: 3.2144 val_accuracy: 0.3048	test_loss: 2.0760 test_accuracy: 0.4952	F1: 0.4982 Prec: 0.6021 Rec: 0.4952
train: {'epoch': 212, 'time_epoch': 2.61405, 'eta': 90.42102, 'eta_hours': 0.02512, 'loss': 0.16608156, 'lr': 5.593e-05, 'params': 284917, 'time_iter': 0.01494, 'accuracy': 0.94391, 'f1': 0.9439, 'auc': 0.99924}
val: {'epoch': 212, 'time_epoch': 0.14594, 'loss': 4.45738026, 'lr': 0, 'params': 284917, 'time_iter': 0.01042, 'accuracy': 0.22381, 'f1': 0.16378, 'auc': 0.88202}
test: {'epoch': 212, 'time_epoch': 0.1373, 'loss': 1.93068227, 'lr': 0, 'params': 284917, 'time_iter': 0.00981, 'accuracy': 0.50238, 'f1': 0.48684, 'auc': 0.9443}
> Epoch 212: took 3.0s (avg 2.7s) | Best so far: epoch 130	train_loss: 0.3341 train_accuracy: 0.8841	val_loss: 3.2144 val_accuracy: 0.3048	test_loss: 2.0760 test_accuracy: 0.4952	F1: 0.4982 Prec: 0.6021 Rec: 0.4952
train: {'epoch': 213, 'time_epoch': 4.64456, 'eta': 88.34743, 'eta_hours': 0.02454, 'loss': 0.16755597, 'lr': 5.308e-05, 'params': 284917, 'time_iter': 0.02654, 'accuracy': 0.94552, 'f1': 0.94553, 'auc': 0.99922}
val: {'epoch': 213, 'time_epoch': 0.31053, 'loss': 4.47962145, 'lr': 0, 'params': 284917, 'time_iter': 0.02218, 'accuracy': 0.23333, 'f1': 0.16376, 'auc': 0.88496}
test: {'epoch': 213, 'time_epoch': 0.35663, 'loss': 1.84222768, 'lr': 0, 'params': 284917, 'time_iter': 0.02547, 'accuracy': 0.51905, 'f1': 0.5077, 'auc': 0.94805}
> Epoch 213: took 5.6s (avg 2.8s) | Best so far: epoch 130	train_loss: 0.3341 train_accuracy: 0.8841	val_loss: 3.2144 val_accuracy: 0.3048	test_loss: 2.0760 test_accuracy: 0.4952	F1: 0.4982 Prec: 0.6021 Rec: 0.4952
train: {'epoch': 214, 'time_epoch': 10.13283, 'eta': 87.14336, 'eta_hours': 0.02421, 'loss': 0.16685664, 'lr': 5.03e-05, 'params': 284917, 'time_iter': 0.0579, 'accuracy': 0.94301, 'f1': 0.94296, 'auc': 0.99922}
val: {'epoch': 214, 'time_epoch': 0.30498, 'loss': 4.32564276, 'lr': 0, 'params': 284917, 'time_iter': 0.02178, 'accuracy': 0.22857, 'f1': 0.1673, 'auc': 0.88593}
test: {'epoch': 214, 'time_epoch': 0.33654, 'loss': 1.8472338, 'lr': 0, 'params': 284917, 'time_iter': 0.02404, 'accuracy': 0.54048, 'f1': 0.52341, 'auc': 0.94682}
> Epoch 214: took 11.0s (avg 2.8s) | Best so far: epoch 130	train_loss: 0.3341 train_accuracy: 0.8841	val_loss: 3.2144 val_accuracy: 0.3048	test_loss: 2.0760 test_accuracy: 0.4952	F1: 0.4982 Prec: 0.6021 Rec: 0.4952
train: {'epoch': 215, 'time_epoch': 7.37865, 'eta': 85.42309, 'eta_hours': 0.02373, 'loss': 0.16753447, 'lr': 4.759e-05, 'params': 284917, 'time_iter': 0.04216, 'accuracy': 0.9457, 'f1': 0.94563, 'auc': 0.9992}
val: {'epoch': 215, 'time_epoch': 0.30197, 'loss': 4.64243378, 'lr': 0, 'params': 284917, 'time_iter': 0.02157, 'accuracy': 0.21905, 'f1': 0.16251, 'auc': 0.8755}
test: {'epoch': 215, 'time_epoch': 0.25638, 'loss': 1.9308722, 'lr': 0, 'params': 284917, 'time_iter': 0.01831, 'accuracy': 0.50952, 'f1': 0.50163, 'auc': 0.94579}
> Epoch 215: took 8.2s (avg 2.8s) | Best so far: epoch 130	train_loss: 0.3341 train_accuracy: 0.8841	val_loss: 3.2144 val_accuracy: 0.3048	test_loss: 2.0760 test_accuracy: 0.4952	F1: 0.4982 Prec: 0.6021 Rec: 0.4952
train: {'epoch': 216, 'time_epoch': 6.91535, 'eta': 83.58021, 'eta_hours': 0.02322, 'loss': 0.16197017, 'lr': 4.495e-05, 'params': 284917, 'time_iter': 0.03952, 'accuracy': 0.95, 'f1': 0.94997, 'auc': 0.99924}
val: {'epoch': 216, 'time_epoch': 0.2807, 'loss': 5.07645537, 'lr': 0, 'params': 284917, 'time_iter': 0.02005, 'accuracy': 0.20952, 'f1': 0.1469, 'auc': 0.86775}
test: {'epoch': 216, 'time_epoch': 0.27569, 'loss': 1.99914725, 'lr': 0, 'params': 284917, 'time_iter': 0.01969, 'accuracy': 0.49286, 'f1': 0.47945, 'auc': 0.9444}
> Epoch 216: took 7.6s (avg 2.8s) | Best so far: epoch 130	train_loss: 0.3341 train_accuracy: 0.8841	val_loss: 3.2144 val_accuracy: 0.3048	test_loss: 2.0760 test_accuracy: 0.4952	F1: 0.4982 Prec: 0.6021 Rec: 0.4952
train: {'epoch': 217, 'time_epoch': 2.49264, 'eta': 81.04159, 'eta_hours': 0.02251, 'loss': 0.16681737, 'lr': 4.238e-05, 'params': 284917, 'time_iter': 0.01424, 'accuracy': 0.94552, 'f1': 0.94548, 'auc': 0.99921}
val: {'epoch': 217, 'time_epoch': 0.12229, 'loss': 4.9528387, 'lr': 0, 'params': 284917, 'time_iter': 0.00874, 'accuracy': 0.21905, 'f1': 0.16462, 'auc': 0.86858}
test: {'epoch': 217, 'time_epoch': 0.10671, 'loss': 1.98266823, 'lr': 0, 'params': 284917, 'time_iter': 0.00762, 'accuracy': 0.4881, 'f1': 0.4824, 'auc': 0.94415}
> Epoch 217: took 2.8s (avg 2.8s) | Best so far: epoch 130	train_loss: 0.3341 train_accuracy: 0.8841	val_loss: 3.2144 val_accuracy: 0.3048	test_loss: 2.0760 test_accuracy: 0.4952	F1: 0.4982 Prec: 0.6021 Rec: 0.4952
train: {'epoch': 218, 'time_epoch': 3.35235, 'eta': 78.62509, 'eta_hours': 0.02184, 'loss': 0.17448598, 'lr': 3.988e-05, 'params': 284917, 'time_iter': 0.01916, 'accuracy': 0.94176, 'f1': 0.94175, 'auc': 0.99916}
val: {'epoch': 218, 'time_epoch': 0.09982, 'loss': 4.41156943, 'lr': 0, 'params': 284917, 'time_iter': 0.00713, 'accuracy': 0.23095, 'f1': 0.18021, 'auc': 0.882}
test: {'epoch': 218, 'time_epoch': 0.12275, 'loss': 1.92635153, 'lr': 0, 'params': 284917, 'time_iter': 0.00877, 'accuracy': 0.51667, 'f1': 0.50291, 'auc': 0.94454}
> Epoch 218: took 3.7s (avg 2.8s) | Best so far: epoch 130	train_loss: 0.3341 train_accuracy: 0.8841	val_loss: 3.2144 val_accuracy: 0.3048	test_loss: 2.0760 test_accuracy: 0.4952	F1: 0.4982 Prec: 0.6021 Rec: 0.4952
train: {'epoch': 219, 'time_epoch': 2.53864, 'eta': 76.08912, 'eta_hours': 0.02114, 'loss': 0.16557368, 'lr': 3.746e-05, 'params': 284917, 'time_iter': 0.01451, 'accuracy': 0.94498, 'f1': 0.94495, 'auc': 0.99923}
val: {'epoch': 219, 'time_epoch': 0.11444, 'loss': 4.31582418, 'lr': 0, 'params': 284917, 'time_iter': 0.00817, 'accuracy': 0.23095, 'f1': 0.17653, 'auc': 0.88729}
test: {'epoch': 219, 'time_epoch': 0.10697, 'loss': 1.86968486, 'lr': 0, 'params': 284917, 'time_iter': 0.00764, 'accuracy': 0.52857, 'f1': 0.51024, 'auc': 0.94846}
> Epoch 219: took 2.9s (avg 2.8s) | Best so far: epoch 130	train_loss: 0.3341 train_accuracy: 0.8841	val_loss: 3.2144 val_accuracy: 0.3048	test_loss: 2.0760 test_accuracy: 0.4952	F1: 0.4982 Prec: 0.6021 Rec: 0.4952
train: {'epoch': 220, 'time_epoch': 2.74684, 'eta': 73.58044, 'eta_hours': 0.02044, 'loss': 0.1635318, 'lr': 3.511e-05, 'params': 284917, 'time_iter': 0.0157, 'accuracy': 0.94624, 'f1': 0.94622, 'auc': 0.99931}
val: {'epoch': 220, 'time_epoch': 0.15163, 'loss': 4.36929016, 'lr': 0, 'params': 284917, 'time_iter': 0.01083, 'accuracy': 0.23095, 'f1': 0.17428, 'auc': 0.88283}
test: {'epoch': 220, 'time_epoch': 0.11719, 'loss': 1.91257058, 'lr': 0, 'params': 284917, 'time_iter': 0.00837, 'accuracy': 0.53333, 'f1': 0.52136, 'auc': 0.94579}
> Epoch 220: took 3.1s (avg 2.9s) | Best so far: epoch 130	train_loss: 0.3341 train_accuracy: 0.8841	val_loss: 3.2144 val_accuracy: 0.3048	test_loss: 2.0760 test_accuracy: 0.4952	F1: 0.4982 Prec: 0.6021 Rec: 0.4952
train: {'epoch': 221, 'time_epoch': 2.87997, 'eta': 71.08641, 'eta_hours': 0.01975, 'loss': 0.16812126, 'lr': 3.284e-05, 'params': 284917, 'time_iter': 0.01646, 'accuracy': 0.94552, 'f1': 0.94545, 'auc': 0.99923}
val: {'epoch': 221, 'time_epoch': 0.12666, 'loss': 4.84443072, 'lr': 0, 'params': 284917, 'time_iter': 0.00905, 'accuracy': 0.22143, 'f1': 0.16739, 'auc': 0.8676}
test: {'epoch': 221, 'time_epoch': 0.13107, 'loss': 1.9878773, 'lr': 0, 'params': 284917, 'time_iter': 0.00936, 'accuracy': 0.51429, 'f1': 0.49335, 'auc': 0.94518}
> Epoch 221: took 3.2s (avg 2.9s) | Best so far: epoch 130	train_loss: 0.3341 train_accuracy: 0.8841	val_loss: 3.2144 val_accuracy: 0.3048	test_loss: 2.0760 test_accuracy: 0.4952	F1: 0.4982 Prec: 0.6021 Rec: 0.4952
train: {'epoch': 222, 'time_epoch': 3.24047, 'eta': 68.63256, 'eta_hours': 0.01906, 'loss': 0.16761843, 'lr': 3.063e-05, 'params': 284917, 'time_iter': 0.01852, 'accuracy': 0.94767, 'f1': 0.94769, 'auc': 0.99921}
val: {'epoch': 222, 'time_epoch': 0.13152, 'loss': 4.7963971, 'lr': 0, 'params': 284917, 'time_iter': 0.00939, 'accuracy': 0.2119, 'f1': 0.15839, 'auc': 0.87127}
test: {'epoch': 222, 'time_epoch': 0.12179, 'loss': 1.98396171, 'lr': 0, 'params': 284917, 'time_iter': 0.0087, 'accuracy': 0.50238, 'f1': 0.483, 'auc': 0.94578}
> Epoch 222: took 3.6s (avg 2.9s) | Best so far: epoch 130	train_loss: 0.3341 train_accuracy: 0.8841	val_loss: 3.2144 val_accuracy: 0.3048	test_loss: 2.0760 test_accuracy: 0.4952	F1: 0.4982 Prec: 0.6021 Rec: 0.4952
train: {'epoch': 223, 'time_epoch': 3.0373, 'eta': 66.14811, 'eta_hours': 0.01837, 'loss': 0.15430458, 'lr': 2.85e-05, 'params': 284917, 'time_iter': 0.01736, 'accuracy': 0.95108, 'f1': 0.95104, 'auc': 0.9993}
val: {'epoch': 223, 'time_epoch': 0.14205, 'loss': 4.6536645, 'lr': 0, 'params': 284917, 'time_iter': 0.01015, 'accuracy': 0.22619, 'f1': 0.17009, 'auc': 0.876}
test: {'epoch': 223, 'time_epoch': 0.12411, 'loss': 1.95322775, 'lr': 0, 'params': 284917, 'time_iter': 0.00886, 'accuracy': 0.51905, 'f1': 0.49625, 'auc': 0.94655}
> Epoch 223: took 3.4s (avg 2.9s) | Best so far: epoch 130	train_loss: 0.3341 train_accuracy: 0.8841	val_loss: 3.2144 val_accuracy: 0.3048	test_loss: 2.0760 test_accuracy: 0.4952	F1: 0.4982 Prec: 0.6021 Rec: 0.4952
train: {'epoch': 224, 'time_epoch': 3.01579, 'eta': 63.65636, 'eta_hours': 0.01768, 'loss': 0.16220337, 'lr': 2.645e-05, 'params': 284917, 'time_iter': 0.01723, 'accuracy': 0.9509, 'f1': 0.95085, 'auc': 0.99917}
val: {'epoch': 224, 'time_epoch': 0.12419, 'loss': 4.73853149, 'lr': 0, 'params': 284917, 'time_iter': 0.00887, 'accuracy': 0.23571, 'f1': 0.17508, 'auc': 0.87773}
test: {'epoch': 224, 'time_epoch': 0.13085, 'loss': 1.97807047, 'lr': 0, 'params': 284917, 'time_iter': 0.00935, 'accuracy': 0.5119, 'f1': 0.49046, 'auc': 0.94689}
> Epoch 224: took 3.4s (avg 2.9s) | Best so far: epoch 130	train_loss: 0.3341 train_accuracy: 0.8841	val_loss: 3.2144 val_accuracy: 0.3048	test_loss: 2.0760 test_accuracy: 0.4952	F1: 0.4982 Prec: 0.6021 Rec: 0.4952
train: {'epoch': 225, 'time_epoch': 3.02695, 'eta': 61.16115, 'eta_hours': 0.01699, 'loss': 0.16332763, 'lr': 2.447e-05, 'params': 284917, 'time_iter': 0.0173, 'accuracy': 0.94695, 'f1': 0.94695, 'auc': 0.99926}
val: {'epoch': 225, 'time_epoch': 0.12426, 'loss': 4.76798683, 'lr': 0, 'params': 284917, 'time_iter': 0.00888, 'accuracy': 0.23095, 'f1': 0.17676, 'auc': 0.87277}
test: {'epoch': 225, 'time_epoch': 0.12064, 'loss': 1.94774972, 'lr': 0, 'params': 284917, 'time_iter': 0.00862, 'accuracy': 0.5, 'f1': 0.48108, 'auc': 0.94494}
> Epoch 225: took 3.4s (avg 2.9s) | Best so far: epoch 130	train_loss: 0.3341 train_accuracy: 0.8841	val_loss: 3.2144 val_accuracy: 0.3048	test_loss: 2.0760 test_accuracy: 0.4952	F1: 0.4982 Prec: 0.6021 Rec: 0.4952
train: {'epoch': 226, 'time_epoch': 2.95258, 'eta': 58.65372, 'eta_hours': 0.01629, 'loss': 0.16202426, 'lr': 2.257e-05, 'params': 284917, 'time_iter': 0.01687, 'accuracy': 0.9491, 'f1': 0.9491, 'auc': 0.99924}
val: {'epoch': 226, 'time_epoch': 0.14993, 'loss': 4.55524578, 'lr': 0, 'params': 284917, 'time_iter': 0.01071, 'accuracy': 0.23571, 'f1': 0.17543, 'auc': 0.88175}
test: {'epoch': 226, 'time_epoch': 0.12159, 'loss': 1.93960302, 'lr': 0, 'params': 284917, 'time_iter': 0.00869, 'accuracy': 0.51429, 'f1': 0.49348, 'auc': 0.94637}
> Epoch 226: took 3.3s (avg 2.9s) | Best so far: epoch 130	train_loss: 0.3341 train_accuracy: 0.8841	val_loss: 3.2144 val_accuracy: 0.3048	test_loss: 2.0760 test_accuracy: 0.4952	F1: 0.4982 Prec: 0.6021 Rec: 0.4952
train: {'epoch': 227, 'time_epoch': 3.01712, 'eta': 56.14862, 'eta_hours': 0.0156, 'loss': 0.16056562, 'lr': 2.074e-05, 'params': 284917, 'time_iter': 0.01724, 'accuracy': 0.9491, 'f1': 0.94908, 'auc': 0.99932}
val: {'epoch': 227, 'time_epoch': 0.13155, 'loss': 4.93559709, 'lr': 0, 'params': 284917, 'time_iter': 0.0094, 'accuracy': 0.21667, 'f1': 0.16091, 'auc': 0.86965}
test: {'epoch': 227, 'time_epoch': 0.12107, 'loss': 2.00989434, 'lr': 0, 'params': 284917, 'time_iter': 0.00865, 'accuracy': 0.50476, 'f1': 0.47666, 'auc': 0.94549}
> Epoch 227: took 3.4s (avg 2.9s) | Best so far: epoch 130	train_loss: 0.3341 train_accuracy: 0.8841	val_loss: 3.2144 val_accuracy: 0.3048	test_loss: 2.0760 test_accuracy: 0.4952	F1: 0.4982 Prec: 0.6021 Rec: 0.4952
train: {'epoch': 228, 'time_epoch': 2.87188, 'eta': 53.62572, 'eta_hours': 0.0149, 'loss': 0.15784916, 'lr': 1.899e-05, 'params': 284917, 'time_iter': 0.01641, 'accuracy': 0.94749, 'f1': 0.94748, 'auc': 0.99931}
val: {'epoch': 228, 'time_epoch': 0.10848, 'loss': 4.49660815, 'lr': 0, 'params': 284917, 'time_iter': 0.00775, 'accuracy': 0.23333, 'f1': 0.18003, 'auc': 0.8803}
test: {'epoch': 228, 'time_epoch': 0.11438, 'loss': 1.89985031, 'lr': 0, 'params': 284917, 'time_iter': 0.00817, 'accuracy': 0.5119, 'f1': 0.49698, 'auc': 0.94701}
> Epoch 228: took 3.2s (avg 2.9s) | Best so far: epoch 130	train_loss: 0.3341 train_accuracy: 0.8841	val_loss: 3.2144 val_accuracy: 0.3048	test_loss: 2.0760 test_accuracy: 0.4952	F1: 0.4982 Prec: 0.6021 Rec: 0.4952
train: {'epoch': 229, 'time_epoch': 2.52148, 'eta': 51.06932, 'eta_hours': 0.01419, 'loss': 0.15720219, 'lr': 1.731e-05, 'params': 284917, 'time_iter': 0.01441, 'accuracy': 0.94964, 'f1': 0.94963, 'auc': 0.99935}
val: {'epoch': 229, 'time_epoch': 0.09476, 'loss': 4.60139783, 'lr': 0, 'params': 284917, 'time_iter': 0.00677, 'accuracy': 0.21667, 'f1': 0.16913, 'auc': 0.87353}
test: {'epoch': 229, 'time_epoch': 0.09584, 'loss': 1.93864167, 'lr': 0, 'params': 284917, 'time_iter': 0.00685, 'accuracy': 0.52619, 'f1': 0.50231, 'auc': 0.94582}
> Epoch 229: took 2.8s (avg 2.9s) | Best so far: epoch 130	train_loss: 0.3341 train_accuracy: 0.8841	val_loss: 3.2144 val_accuracy: 0.3048	test_loss: 2.0760 test_accuracy: 0.4952	F1: 0.4982 Prec: 0.6021 Rec: 0.4952
train: {'epoch': 230, 'time_epoch': 2.4642, 'eta': 48.50851, 'eta_hours': 0.01347, 'loss': 0.15483124, 'lr': 1.571e-05, 'params': 284917, 'time_iter': 0.01408, 'accuracy': 0.9491, 'f1': 0.9491, 'auc': 0.99936}
val: {'epoch': 230, 'time_epoch': 0.10151, 'loss': 4.35003322, 'lr': 0, 'params': 284917, 'time_iter': 0.00725, 'accuracy': 0.23095, 'f1': 0.17947, 'auc': 0.88227}
test: {'epoch': 230, 'time_epoch': 0.14892, 'loss': 1.89703632, 'lr': 0, 'params': 284917, 'time_iter': 0.01064, 'accuracy': 0.52619, 'f1': 0.51063, 'auc': 0.94724}
> Epoch 230: took 2.8s (avg 2.9s) | Best so far: epoch 130	train_loss: 0.3341 train_accuracy: 0.8841	val_loss: 3.2144 val_accuracy: 0.3048	test_loss: 2.0760 test_accuracy: 0.4952	F1: 0.4982 Prec: 0.6021 Rec: 0.4952
train: {'epoch': 231, 'time_epoch': 5.74889, 'eta': 46.20339, 'eta_hours': 0.01283, 'loss': 0.16442448, 'lr': 1.418e-05, 'params': 284917, 'time_iter': 0.03285, 'accuracy': 0.94767, 'f1': 0.94765, 'auc': 0.99928}
val: {'epoch': 231, 'time_epoch': 0.24679, 'loss': 4.42069351, 'lr': 0, 'params': 284917, 'time_iter': 0.01763, 'accuracy': 0.2381, 'f1': 0.18908, 'auc': 0.88045}
test: {'epoch': 231, 'time_epoch': 0.25488, 'loss': 1.89033527, 'lr': 0, 'params': 284917, 'time_iter': 0.01821, 'accuracy': 0.5381, 'f1': 0.52135, 'auc': 0.94848}
> Epoch 231: took 6.4s (avg 2.9s) | Best so far: epoch 130	train_loss: 0.3341 train_accuracy: 0.8841	val_loss: 3.2144 val_accuracy: 0.3048	test_loss: 2.0760 test_accuracy: 0.4952	F1: 0.4982 Prec: 0.6021 Rec: 0.4952
train: {'epoch': 232, 'time_epoch': 6.29476, 'eta': 43.90852, 'eta_hours': 0.0122, 'loss': 0.16289566, 'lr': 1.274e-05, 'params': 284917, 'time_iter': 0.03597, 'accuracy': 0.94731, 'f1': 0.94732, 'auc': 0.9993}
val: {'epoch': 232, 'time_epoch': 0.27312, 'loss': 4.51508618, 'lr': 0, 'params': 284917, 'time_iter': 0.01951, 'accuracy': 0.24048, 'f1': 0.18733, 'auc': 0.87901}
test: {'epoch': 232, 'time_epoch': 0.28969, 'loss': 1.85014148, 'lr': 0, 'params': 284917, 'time_iter': 0.02069, 'accuracy': 0.52619, 'f1': 0.50811, 'auc': 0.94842}
> Epoch 232: took 7.1s (avg 2.9s) | Best so far: epoch 130	train_loss: 0.3341 train_accuracy: 0.8841	val_loss: 3.2144 val_accuracy: 0.3048	test_loss: 2.0760 test_accuracy: 0.4952	F1: 0.4982 Prec: 0.6021 Rec: 0.4952
train: {'epoch': 233, 'time_epoch': 6.49518, 'eta': 41.59318, 'eta_hours': 0.01155, 'loss': 0.15718268, 'lr': 1.137e-05, 'params': 284917, 'time_iter': 0.03712, 'accuracy': 0.94964, 'f1': 0.94959, 'auc': 0.9993}
val: {'epoch': 233, 'time_epoch': 0.24146, 'loss': 4.74929069, 'lr': 0, 'params': 284917, 'time_iter': 0.01725, 'accuracy': 0.21905, 'f1': 0.16982, 'auc': 0.87115}
test: {'epoch': 233, 'time_epoch': 0.23171, 'loss': 1.94829651, 'lr': 0, 'params': 284917, 'time_iter': 0.01655, 'accuracy': 0.51667, 'f1': 0.4979, 'auc': 0.94754}
> Epoch 233: took 7.2s (avg 2.9s) | Best so far: epoch 130	train_loss: 0.3341 train_accuracy: 0.8841	val_loss: 3.2144 val_accuracy: 0.3048	test_loss: 2.0760 test_accuracy: 0.4952	F1: 0.4982 Prec: 0.6021 Rec: 0.4952
train: {'epoch': 234, 'time_epoch': 6.41068, 'eta': 39.23687, 'eta_hours': 0.0109, 'loss': 0.16501345, 'lr': 1.007e-05, 'params': 284917, 'time_iter': 0.03663, 'accuracy': 0.94731, 'f1': 0.94733, 'auc': 0.9992}
val: {'epoch': 234, 'time_epoch': 0.3581, 'loss': 4.64310772, 'lr': 0, 'params': 284917, 'time_iter': 0.02558, 'accuracy': 0.23095, 'f1': 0.17847, 'auc': 0.87971}
test: {'epoch': 234, 'time_epoch': 0.28229, 'loss': 1.94215888, 'lr': 0, 'params': 284917, 'time_iter': 0.02016, 'accuracy': 0.5119, 'f1': 0.49378, 'auc': 0.94746}
> Epoch 234: took 7.3s (avg 2.9s) | Best so far: epoch 130	train_loss: 0.3341 train_accuracy: 0.8841	val_loss: 3.2144 val_accuracy: 0.3048	test_loss: 2.0760 test_accuracy: 0.4952	F1: 0.4982 Prec: 0.6021 Rec: 0.4952
train: {'epoch': 235, 'time_epoch': 6.63865, 'eta': 36.85972, 'eta_hours': 0.01024, 'loss': 0.16252388, 'lr': 8.86e-06, 'params': 284917, 'time_iter': 0.03794, 'accuracy': 0.94964, 'f1': 0.94961, 'auc': 0.99927}
val: {'epoch': 235, 'time_epoch': 0.26621, 'loss': 4.57445586, 'lr': 0, 'params': 284917, 'time_iter': 0.01901, 'accuracy': 0.24286, 'f1': 0.17925, 'auc': 0.88393}
test: {'epoch': 235, 'time_epoch': 0.25048, 'loss': 1.87342634, 'lr': 0, 'params': 284917, 'time_iter': 0.01789, 'accuracy': 0.5119, 'f1': 0.493, 'auc': 0.94887}
> Epoch 235: took 7.3s (avg 3.0s) | Best so far: epoch 130	train_loss: 0.3341 train_accuracy: 0.8841	val_loss: 3.2144 val_accuracy: 0.3048	test_loss: 2.0760 test_accuracy: 0.4952	F1: 0.4982 Prec: 0.6021 Rec: 0.4952
train: {'epoch': 236, 'time_epoch': 6.17884, 'eta': 34.42139, 'eta_hours': 0.00956, 'loss': 0.15566881, 'lr': 7.72e-06, 'params': 284917, 'time_iter': 0.03531, 'accuracy': 0.95036, 'f1': 0.95033, 'auc': 0.99934}
val: {'epoch': 236, 'time_epoch': 0.28974, 'loss': 4.40516897, 'lr': 0, 'params': 284917, 'time_iter': 0.0207, 'accuracy': 0.23571, 'f1': 0.18994, 'auc': 0.88264}
test: {'epoch': 236, 'time_epoch': 0.26534, 'loss': 1.92105515, 'lr': 0, 'params': 284917, 'time_iter': 0.01895, 'accuracy': 0.5119, 'f1': 0.49137, 'auc': 0.94665}
> Epoch 236: took 7.0s (avg 3.0s) | Best so far: epoch 130	train_loss: 0.3341 train_accuracy: 0.8841	val_loss: 3.2144 val_accuracy: 0.3048	test_loss: 2.0760 test_accuracy: 0.4952	F1: 0.4982 Prec: 0.6021 Rec: 0.4952
train: {'epoch': 237, 'time_epoch': 6.46301, 'eta': 31.96595, 'eta_hours': 0.00888, 'loss': 0.15865099, 'lr': 6.66e-06, 'params': 284917, 'time_iter': 0.03693, 'accuracy': 0.94749, 'f1': 0.94746, 'auc': 0.9993}
val: {'epoch': 237, 'time_epoch': 0.27243, 'loss': 4.56918071, 'lr': 0, 'params': 284917, 'time_iter': 0.01946, 'accuracy': 0.23333, 'f1': 0.17594, 'auc': 0.87861}
test: {'epoch': 237, 'time_epoch': 0.26821, 'loss': 1.84125967, 'lr': 0, 'params': 284917, 'time_iter': 0.01916, 'accuracy': 0.53333, 'f1': 0.51557, 'auc': 0.94914}
> Epoch 237: took 7.2s (avg 3.0s) | Best so far: epoch 130	train_loss: 0.3341 train_accuracy: 0.8841	val_loss: 3.2144 val_accuracy: 0.3048	test_loss: 2.0760 test_accuracy: 0.4952	F1: 0.4982 Prec: 0.6021 Rec: 0.4952
train: {'epoch': 238, 'time_epoch': 6.45149, 'eta': 29.47645, 'eta_hours': 0.00819, 'loss': 0.15392583, 'lr': 5.67e-06, 'params': 284917, 'time_iter': 0.03687, 'accuracy': 0.95358, 'f1': 0.95359, 'auc': 0.99931}
val: {'epoch': 238, 'time_epoch': 0.26261, 'loss': 4.66518102, 'lr': 0, 'params': 284917, 'time_iter': 0.01876, 'accuracy': 0.22619, 'f1': 0.17863, 'auc': 0.87478}
test: {'epoch': 238, 'time_epoch': 0.18665, 'loss': 1.91000724, 'lr': 0, 'params': 284917, 'time_iter': 0.01333, 'accuracy': 0.51429, 'f1': 0.48809, 'auc': 0.94628}
> Epoch 238: took 7.1s (avg 3.0s) | Best so far: epoch 130	train_loss: 0.3341 train_accuracy: 0.8841	val_loss: 3.2144 val_accuracy: 0.3048	test_loss: 2.0760 test_accuracy: 0.4952	F1: 0.4982 Prec: 0.6021 Rec: 0.4952
train: {'epoch': 239, 'time_epoch': 7.20907, 'eta': 26.9855, 'eta_hours': 0.0075, 'loss': 0.16620749, 'lr': 4.77e-06, 'params': 284917, 'time_iter': 0.04119, 'accuracy': 0.95125, 'f1': 0.95124, 'auc': 0.99918}
val: {'epoch': 239, 'time_epoch': 0.28408, 'loss': 4.5104031, 'lr': 0, 'params': 284917, 'time_iter': 0.02029, 'accuracy': 0.22619, 'f1': 0.17524, 'auc': 0.87997}
test: {'epoch': 239, 'time_epoch': 0.28407, 'loss': 1.93571023, 'lr': 0, 'params': 284917, 'time_iter': 0.02029, 'accuracy': 0.5119, 'f1': 0.48943, 'auc': 0.94639}
> Epoch 239: took 8.0s (avg 3.0s) | Best so far: epoch 130	train_loss: 0.3341 train_accuracy: 0.8841	val_loss: 3.2144 val_accuracy: 0.3048	test_loss: 2.0760 test_accuracy: 0.4952	F1: 0.4982 Prec: 0.6021 Rec: 0.4952
train: {'epoch': 240, 'time_epoch': 7.85923, 'eta': 24.47967, 'eta_hours': 0.0068, 'loss': 0.15243878, 'lr': 3.94e-06, 'params': 284917, 'time_iter': 0.04491, 'accuracy': 0.9509, 'f1': 0.95091, 'auc': 0.99934}
val: {'epoch': 240, 'time_epoch': 0.28666, 'loss': 4.87037016, 'lr': 0, 'params': 284917, 'time_iter': 0.02048, 'accuracy': 0.20476, 'f1': 0.15011, 'auc': 0.87047}
test: {'epoch': 240, 'time_epoch': 0.25731, 'loss': 1.98465965, 'lr': 0, 'params': 284917, 'time_iter': 0.01838, 'accuracy': 0.50238, 'f1': 0.48311, 'auc': 0.94626}
> Epoch 240: took 8.6s (avg 3.1s) | Best so far: epoch 130	train_loss: 0.3341 train_accuracy: 0.8841	val_loss: 3.2144 val_accuracy: 0.3048	test_loss: 2.0760 test_accuracy: 0.4952	F1: 0.4982 Prec: 0.6021 Rec: 0.4952
train: {'epoch': 241, 'time_epoch': 6.3597, 'eta': 21.88003, 'eta_hours': 0.00608, 'loss': 0.16853783, 'lr': 3.19e-06, 'params': 284917, 'time_iter': 0.03634, 'accuracy': 0.94731, 'f1': 0.94729, 'auc': 0.9992}
val: {'epoch': 241, 'time_epoch': 0.25942, 'loss': 4.52985192, 'lr': 0, 'params': 284917, 'time_iter': 0.01853, 'accuracy': 0.23571, 'f1': 0.17431, 'auc': 0.88241}
test: {'epoch': 241, 'time_epoch': 0.26963, 'loss': 1.90567589, 'lr': 0, 'params': 284917, 'time_iter': 0.01926, 'accuracy': 0.52381, 'f1': 0.49891, 'auc': 0.94793}
> Epoch 241: took 7.1s (avg 3.1s) | Best so far: epoch 130	train_loss: 0.3341 train_accuracy: 0.8841	val_loss: 3.2144 val_accuracy: 0.3048	test_loss: 2.0760 test_accuracy: 0.4952	F1: 0.4982 Prec: 0.6021 Rec: 0.4952
train: {'epoch': 242, 'time_epoch': 6.15599, 'eta': 19.24357, 'eta_hours': 0.00535, 'loss': 0.16497977, 'lr': 2.52e-06, 'params': 284917, 'time_iter': 0.03518, 'accuracy': 0.94803, 'f1': 0.94797, 'auc': 0.99918}
val: {'epoch': 242, 'time_epoch': 0.22093, 'loss': 4.56172435, 'lr': 0, 'params': 284917, 'time_iter': 0.01578, 'accuracy': 0.23095, 'f1': 0.16839, 'auc': 0.88353}
test: {'epoch': 242, 'time_epoch': 0.2536, 'loss': 1.91568429, 'lr': 0, 'params': 284917, 'time_iter': 0.01811, 'accuracy': 0.5119, 'f1': 0.49078, 'auc': 0.94718}
> Epoch 242: took 6.8s (avg 3.1s) | Best so far: epoch 130	train_loss: 0.3341 train_accuracy: 0.8841	val_loss: 3.2144 val_accuracy: 0.3048	test_loss: 2.0760 test_accuracy: 0.4952	F1: 0.4982 Prec: 0.6021 Rec: 0.4952
train: {'epoch': 243, 'time_epoch': 6.11, 'eta': 16.57714, 'eta_hours': 0.0046, 'loss': 0.15425866, 'lr': 1.93e-06, 'params': 284917, 'time_iter': 0.03491, 'accuracy': 0.95161, 'f1': 0.95162, 'auc': 0.99929}
val: {'epoch': 243, 'time_epoch': 0.22296, 'loss': 4.61525111, 'lr': 0, 'params': 284917, 'time_iter': 0.01593, 'accuracy': 0.22857, 'f1': 0.17437, 'auc': 0.87816}
test: {'epoch': 243, 'time_epoch': 0.21558, 'loss': 1.93486993, 'lr': 0, 'params': 284917, 'time_iter': 0.0154, 'accuracy': 0.51905, 'f1': 0.50148, 'auc': 0.94811}
> Epoch 243: took 6.8s (avg 3.1s) | Best so far: epoch 130	train_loss: 0.3341 train_accuracy: 0.8841	val_loss: 3.2144 val_accuracy: 0.3048	test_loss: 2.0760 test_accuracy: 0.4952	F1: 0.4982 Prec: 0.6021 Rec: 0.4952
train: {'epoch': 244, 'time_epoch': 6.08644, 'eta': 13.88211, 'eta_hours': 0.00386, 'loss': 0.14714913, 'lr': 1.42e-06, 'params': 284917, 'time_iter': 0.03478, 'accuracy': 0.95323, 'f1': 0.95322, 'auc': 0.99939}
val: {'epoch': 244, 'time_epoch': 0.23743, 'loss': 4.56018132, 'lr': 0, 'params': 284917, 'time_iter': 0.01696, 'accuracy': 0.22619, 'f1': 0.17911, 'auc': 0.87712}
test: {'epoch': 244, 'time_epoch': 0.24077, 'loss': 1.9004363, 'lr': 0, 'params': 284917, 'time_iter': 0.0172, 'accuracy': 0.52619, 'f1': 0.51171, 'auc': 0.94692}
> Epoch 244: took 6.8s (avg 3.1s) | Best so far: epoch 130	train_loss: 0.3341 train_accuracy: 0.8841	val_loss: 3.2144 val_accuracy: 0.3048	test_loss: 2.0760 test_accuracy: 0.4952	F1: 0.4982 Prec: 0.6021 Rec: 0.4952
train: {'epoch': 245, 'time_epoch': 6.05558, 'eta': 11.15901, 'eta_hours': 0.0031, 'loss': 0.16760394, 'lr': 9.9e-07, 'params': 284917, 'time_iter': 0.0346, 'accuracy': 0.94588, 'f1': 0.94586, 'auc': 0.99923}
val: {'epoch': 245, 'time_epoch': 0.2554, 'loss': 4.50967102, 'lr': 0, 'params': 284917, 'time_iter': 0.01824, 'accuracy': 0.24048, 'f1': 0.18529, 'auc': 0.87963}
test: {'epoch': 245, 'time_epoch': 0.24185, 'loss': 1.89393585, 'lr': 0, 'params': 284917, 'time_iter': 0.01728, 'accuracy': 0.52381, 'f1': 0.50675, 'auc': 0.94871}
> Epoch 245: took 6.7s (avg 3.1s) | Best so far: epoch 130	train_loss: 0.3341 train_accuracy: 0.8841	val_loss: 3.2144 val_accuracy: 0.3048	test_loss: 2.0760 test_accuracy: 0.4952	F1: 0.4982 Prec: 0.6021 Rec: 0.4952
train: {'epoch': 246, 'time_epoch': 6.72797, 'eta': 8.41709, 'eta_hours': 0.00234, 'loss': 0.15537929, 'lr': 6.3e-07, 'params': 284917, 'time_iter': 0.03845, 'accuracy': 0.95125, 'f1': 0.95115, 'auc': 0.99932}
val: {'epoch': 246, 'time_epoch': 0.25168, 'loss': 4.44232789, 'lr': 0, 'params': 284917, 'time_iter': 0.01798, 'accuracy': 0.23333, 'f1': 0.18505, 'auc': 0.88108}
test: {'epoch': 246, 'time_epoch': 0.27973, 'loss': 1.90481892, 'lr': 0, 'params': 284917, 'time_iter': 0.01998, 'accuracy': 0.52619, 'f1': 0.51094, 'auc': 0.94786}
> Epoch 246: took 7.5s (avg 3.1s) | Best so far: epoch 130	train_loss: 0.3341 train_accuracy: 0.8841	val_loss: 3.2144 val_accuracy: 0.3048	test_loss: 2.0760 test_accuracy: 0.4952	F1: 0.4982 Prec: 0.6021 Rec: 0.4952
train: {'epoch': 247, 'time_epoch': 6.26527, 'eta': 5.63929, 'eta_hours': 0.00157, 'loss': 0.16421534, 'lr': 3.6e-07, 'params': 284917, 'time_iter': 0.0358, 'accuracy': 0.94767, 'f1': 0.94767, 'auc': 0.99922}
val: {'epoch': 247, 'time_epoch': 0.2283, 'loss': 4.53408814, 'lr': 0, 'params': 284917, 'time_iter': 0.01631, 'accuracy': 0.23333, 'f1': 0.18109, 'auc': 0.8792}
test: {'epoch': 247, 'time_epoch': 0.23183, 'loss': 1.88914559, 'lr': 0, 'params': 284917, 'time_iter': 0.01656, 'accuracy': 0.53095, 'f1': 0.52137, 'auc': 0.94781}
> Epoch 247: took 6.9s (avg 3.2s) | Best so far: epoch 130	train_loss: 0.3341 train_accuracy: 0.8841	val_loss: 3.2144 val_accuracy: 0.3048	test_loss: 2.0760 test_accuracy: 0.4952	F1: 0.4982 Prec: 0.6021 Rec: 0.4952
train: {'epoch': 248, 'time_epoch': 6.1449, 'eta': 2.833, 'eta_hours': 0.00079, 'loss': 0.16370925, 'lr': 1.6e-07, 'params': 284917, 'time_iter': 0.03511, 'accuracy': 0.94857, 'f1': 0.94855, 'auc': 0.99923}
val: {'epoch': 248, 'time_epoch': 0.25404, 'loss': 4.57072921, 'lr': 0, 'params': 284917, 'time_iter': 0.01815, 'accuracy': 0.21667, 'f1': 0.16737, 'auc': 0.8762}
test: {'epoch': 248, 'time_epoch': 0.24629, 'loss': 1.89779451, 'lr': 0, 'params': 284917, 'time_iter': 0.01759, 'accuracy': 0.5381, 'f1': 0.51682, 'auc': 0.94845}
> Epoch 248: took 6.8s (avg 3.2s) | Best so far: epoch 130	train_loss: 0.3341 train_accuracy: 0.8841	val_loss: 3.2144 val_accuracy: 0.3048	test_loss: 2.0760 test_accuracy: 0.4952	F1: 0.4982 Prec: 0.6021 Rec: 0.4952
train: {'epoch': 249, 'time_epoch': 5.9134, 'eta': 0.0, 'eta_hours': 0.0, 'loss': 0.15920916, 'lr': 4e-08, 'params': 284917, 'time_iter': 0.03379, 'accuracy': 0.95341, 'f1': 0.95344, 'auc': 0.99929}
val: {'epoch': 249, 'time_epoch': 0.30427, 'loss': 4.35776878, 'lr': 0, 'params': 284917, 'time_iter': 0.02173, 'accuracy': 0.24048, 'f1': 0.17742, 'auc': 0.88765}
test: {'epoch': 249, 'time_epoch': 0.24378, 'loss': 1.83882689, 'lr': 0, 'params': 284917, 'time_iter': 0.01741, 'accuracy': 0.52143, 'f1': 0.50081, 'auc': 0.95015}
> Epoch 249: took 6.6s (avg 3.2s) | Best so far: epoch 130	train_loss: 0.3341 train_accuracy: 0.8841	val_loss: 3.2144 val_accuracy: 0.3048	test_loss: 2.0760 test_accuracy: 0.4952	F1: 0.4982 Prec: 0.6021 Rec: 0.4952
Avg time per epoch: 3.19s
Total train loop time: 0.22h
Task done, results saved in results_lopo_1.0/DE_3m
[*] All done: 2026-04-20 13:36:59.974726
[*] Run ID 0: seed=0, split_index=0
    Starting now: 2026-04-20 15:07:59.204977
[*] Loaded dataset 'rfid' from 'RFID':
  Data(x=[1540800, 2], edge_index=[2, 6009120], y=[6420], y_user=[6420], subject=[6420])
  undirected: False
  num graphs: 6420
  avg num_nodes/graph: 240
  num node features: 2
  num edge features: 0
  num classes: 21
[*] LOPO Split: Test Subj=DE 3m, Val Subj=FQ 3m
    Train: 5580 | Val: 420 | Test: 420
GraphGymModule(
  (model): CustomGNN(
    (encoder): FeatureEncoder()
    (pre_mp): GeneralMultiLayer(
      (Layer_0): GeneralLayer(
        (layer): Linear(
          (model): Linear(2, 128, bias=False)
        )
        (post_layer): Sequential(
          (0): BatchNorm1d(128, eps=1e-05, momentum=0.1, affine=True, track_running_stats=True)
          (1): Dropout(p=0.2, inplace=False)
          (2): ReLU()
        )
      )
    )
    (gnn_layers): Sequential(
      (0): GCNConvLayer(
        (bn_node_x): BatchNorm1d(128, eps=1e-05, momentum=0.1, affine=True, track_running_stats=True)
        (act): Sequential(
          (0): ReLU()
          (1): Dropout(p=0.2, inplace=False)
        )
        (model): GCNConv(128, 128)
        (norm1_local): BatchNorm1d(128, eps=1e-05, momentum=0.1, affine=True, track_running_stats=True)
        (ff_linear1): Linear(in_features=128, out_features=256, bias=True)
        (ff_linear2): Linear(in_features=256, out_features=128, bias=True)
        (act_fn_ff): ReLU()
        (norm2): BatchNorm1d(128, eps=1e-05, momentum=0.1, affine=True, track_running_stats=True)
        (ff_dropout1): Dropout(p=0.2, inplace=False)
        (ff_dropout2): Dropout(p=0.2, inplace=False)
      )
      (1): GCNConvLayer(
        (bn_node_x): BatchNorm1d(128, eps=1e-05, momentum=0.1, affine=True, track_running_stats=True)
        (act): Sequential(
          (0): ReLU()
          (1): Dropout(p=0.2, inplace=False)
        )
        (model): GCNConv(128, 128)
        (norm1_local): BatchNorm1d(128, eps=1e-05, momentum=0.1, affine=True, track_running_stats=True)
        (ff_linear1): Linear(in_features=128, out_features=256, bias=True)
        (ff_linear2): Linear(in_features=256, out_features=128, bias=True)
        (act_fn_ff): ReLU()
        (norm2): BatchNorm1d(128, eps=1e-05, momentum=0.1, affine=True, track_running_stats=True)
        (ff_dropout1): Dropout(p=0.2, inplace=False)
        (ff_dropout2): Dropout(p=0.2, inplace=False)
      )
      (2): GCNConvLayer(
        (bn_node_x): BatchNorm1d(128, eps=1e-05, momentum=0.1, affine=True, track_running_stats=True)
        (act): Sequential(
          (0): ReLU()
          (1): Dropout(p=0.2, inplace=False)
        )
        (model): GCNConv(128, 128)
        (norm1_local): BatchNorm1d(128, eps=1e-05, momentum=0.1, affine=True, track_running_stats=True)
        (ff_linear1): Linear(in_features=128, out_features=256, bias=True)
        (ff_linear2): Linear(in_features=256, out_features=128, bias=True)
        (act_fn_ff): ReLU()
        (norm2): BatchNorm1d(128, eps=1e-05, momentum=0.1, affine=True, track_running_stats=True)
        (ff_dropout1): Dropout(p=0.2, inplace=False)
        (ff_dropout2): Dropout(p=0.2, inplace=False)
      )
    )
    (post_mp): MLPGraphHead(
      (mlp): Sequential(
        (0): Dropout(p=0.2, inplace=False)
        (1): Linear(in_features=128, out_features=128, bias=True)
        (2): ReLU()
        (3): Dropout(p=0.2, inplace=False)
        (4): Linear(in_features=128, out_features=21, bias=True)
      )
    )
  )
)
accelerator: cuda
adv:
  lambda_u: 1.0
  num_users: 16
  use: False
benchmark: False
bn:
  eps: 1e-05
  mom: 0.1
cfg_dest: config.yaml
custom_metrics: []
dataset:
  cache_load: False
  cache_save: False
  dir: C:\Users\PC\Desktop\AdversarialLearningProject 1\ICML\Adversarial_Learning\Daniel\RFIDDataSet\DataSetLOPO
  edge_dim: 128
  edge_encoder: False
  edge_encoder_bn: True
  edge_encoder_name: Bond
  edge_encoder_num_types: 0
  edge_message_ratio: 0.8
  edge_negative_sampling_ratio: 1.0
  edge_train_mode: all
  encoder: True
  encoder_bn: True
  encoder_dim: 128
  encoder_name: db
  format: RFID
  infer_link_label: None
  label_column: none
  label_table: none
  location: local
  name: rfid
  node_encoder: False
  node_encoder_bn: True
  node_encoder_name: Atom
  node_encoder_num_types: 0
  remove_feature: False
  resample_disjoint: False
  resample_negative: False
  shuffle_split: True
  slic_compactness: 10
  split: [0.8, 0.1, 0.1]
  split_dir: ./splits
  split_index: 0
  split_mode: lopo-subject
  task: graph
  task_type: classification
  test_subj: DE 3m
  to_undirected: False
  transductive: False
  transform: none
  tu_simple: True
  val_subj: FQ 3m
devices: 1
example_arg: example
example_group:
  example_arg: example
gnn:
  act: relu
  agg: add
  att_final_linear: False
  att_final_linear_bn: False
  att_heads: 1
  batchnorm: True
  clear_feature: True
  dim_inner: 128
  dropout: 0.2
  ffn: True
  head: mlp_graph
  keep_edge: 0.5
  l2norm: True
  layer_type: gcn
  layers_mp: 3
  layers_post_mp: 2
  layers_pre_mp: 1
  msg_direction: single
  normalize_adj: False
  residual: False
  self_msg: concat
  skip_every: 1
  stage_type: stack
gpu_mem: False
mem:
  inplace: False
metric_agg: argmax
metric_best: accuracy
model:
  edge_decoding: dot
  graph_pooling: mean
  loss_fun: cross_entropy
  match_upper: True
  size_average: mean
  thresh: 0.5
  type: custom_gnn
name_tag: 
num_threads: 6
num_workers: 0
optim:
  base_lr: 0.001
  batch_accumulation: 1
  clip_grad_norm: False
  clip_grad_norm_value: 1.0
  lr_decay: 0.1
  max_epoch: 250
  min_lr: 0.0
  momentum: 0.9
  num_warmup_epochs: 50
  optimizer: adam
  reduce_factor: 0.1
  schedule_patience: 10
  scheduler: cos
  steps: [30, 60, 90]
  weight_decay: 0.0005
out_dir: results_lopo_1.0/DE_3m
posenc_RWSE:
  dim_pe: 16
  enable: False
  kernel:
    times: []
    times_func: 
  layers: 3
  model: none
  n_heads: 4
  pass_as_var: False
  post_layers: 0
  raw_norm_type: none
pretrained:
  dir: 
  freeze_main: False
  reset_prediction_head: True
print: both
round: 5
run_dir: results_lopo_1.0/DE_3m
run_id: 0
run_multiple_splits: []
seed: 0
share:
  dim_in: 2
  dim_out: 21
  num_splits: 3
tensorboard_agg: True
tensorboard_each_run: False
train:
  auto_resume: False
  batch_size: 32
  ckpt_best: False
  ckpt_clean: True
  ckpt_period: 100
  enable_ckpt: True
  epoch_resume: -1
  eval_period: 1
  eval_smoothing_metrics: False
  iter_per_epoch: 32
  mode: custom
  neighbor_sizes: [20, 15, 10, 5]
  node_per_graph: 32
  radius: extend
  sample_node: False
  sampler: full_batch
  skip_train_eval: False
  walk_length: 4
val:
  node_per_graph: 32
  radius: extend
  sample_node: False
  sampler: full_batch
view_emb: False
wandb:
  entity: gnn
  name: 
  project: rfid_lopo
  use: False
Num parameters: 269333
Start from epoch 0
train: {'epoch': 0, 'time_epoch': 2.50957, 'eta': 624.88195, 'eta_hours': 0.17358, 'loss': 2.90378703, 'lr': 0.001, 'params': 269333, 'time_iter': 0.01434, 'accuracy': 0.11022, 'f1': 0.09959, 'auc': 0.64917}
...computing epoch stats took: 0.09s
val: {'epoch': 0, 'time_epoch': 0.10682, 'loss': 3.06163611, 'lr': 0, 'params': 269333, 'time_iter': 0.00763, 'accuracy': 0.07619, 'f1': 0.01943, 'auc': 0.72787}
...computing epoch stats took: 0.04s
test: {'epoch': 0, 'time_epoch': 0.11763, 'loss': 3.05031834, 'lr': 0, 'params': 269333, 'time_iter': 0.0084, 'accuracy': 0.07619, 'f1': 0.04709, 'auc': 0.68862}
...computing epoch stats took: 0.02s
[*] Confusion Matrix saved to: results_lopo_1.0/DE_3m\Conf\confusion_matrix_epoch_0.png
> Epoch 0: took 2.9s (avg 2.9s) | Best so far: epoch 0	train_loss: 2.9038 train_accuracy: 0.1102	val_loss: 3.0616 val_accuracy: 0.0762	test_loss: 3.0503 test_accuracy: 0.0762	F1: 0.0471 Prec: 0.0990 Rec: 0.0762
train: {'epoch': 1, 'time_epoch': 2.00151, 'eta': 559.37398, 'eta_hours': 0.15538, 'loss': 2.73692212, 'lr': 0.00099996, 'params': 269333, 'time_iter': 0.01144, 'accuracy': 0.15054, 'f1': 0.13993, 'auc': 0.72506}
...computing epoch stats took: 0.03s
val: {'epoch': 1, 'time_epoch': 0.09644, 'loss': 2.96724259, 'lr': 0, 'params': 269333, 'time_iter': 0.00689, 'accuracy': 0.10238, 'f1': 0.06646, 'auc': 0.6981}
...computing epoch stats took: 0.02s
test: {'epoch': 1, 'time_epoch': 0.08959, 'loss': 3.09031752, 'lr': 0, 'params': 269333, 'time_iter': 0.0064, 'accuracy': 0.0881, 'f1': 0.05735, 'auc': 0.66772}
...computing epoch stats took: 0.02s
[*] Confusion Matrix saved to: results_lopo_1.0/DE_3m\Conf\confusion_matrix_epoch_1.png
> Epoch 1: took 2.3s (avg 2.6s) | Best so far: epoch 1	train_loss: 2.7369 train_accuracy: 0.1505	val_loss: 2.9672 val_accuracy: 0.1024	test_loss: 3.0903 test_accuracy: 0.0881	F1: 0.0574 Prec: 0.1329 Rec: 0.0881
train: {'epoch': 2, 'time_epoch': 1.90444, 'eta': 528.2115, 'eta_hours': 0.14673, 'loss': 2.62055492, 'lr': 0.00099984, 'params': 269333, 'time_iter': 0.01088, 'accuracy': 0.19821, 'f1': 0.18404, 'auc': 0.75794}
...computing epoch stats took: 0.02s
val: {'epoch': 2, 'time_epoch': 0.08249, 'loss': 3.17151924, 'lr': 0, 'params': 269333, 'time_iter': 0.00589, 'accuracy': 0.11429, 'f1': 0.07241, 'auc': 0.70523}
...computing epoch stats took: 0.02s
test: {'epoch': 2, 'time_epoch': 0.07952, 'loss': 3.09866682, 'lr': 0, 'params': 269333, 'time_iter': 0.00568, 'accuracy': 0.10238, 'f1': 0.07945, 'auc': 0.66988}
...computing epoch stats took: 0.02s
[*] Confusion Matrix saved to: results_lopo_1.0/DE_3m\Conf\confusion_matrix_epoch_2.png
> Epoch 2: took 2.1s (avg 2.4s) | Best so far: epoch 2	train_loss: 2.6206 train_accuracy: 0.1982	val_loss: 3.1715 val_accuracy: 0.1143	test_loss: 3.0987 test_accuracy: 0.1024	F1: 0.0795 Prec: 0.1475 Rec: 0.1024
train: {'epoch': 3, 'time_epoch': 2.00278, 'eta': 517.72566, 'eta_hours': 0.14381, 'loss': 2.5106565, 'lr': 0.00099964, 'params': 269333, 'time_iter': 0.01144, 'accuracy': 0.22527, 'f1': 0.20845, 'auc': 0.78661}
val: {'epoch': 3, 'time_epoch': 0.08298, 'loss': 5.08812692, 'lr': 0, 'params': 269333, 'time_iter': 0.00593, 'accuracy': 0.07619, 'f1': 0.04356, 'auc': 0.60613}
test: {'epoch': 3, 'time_epoch': 0.09173, 'loss': 3.85033414, 'lr': 0, 'params': 269333, 'time_iter': 0.00655, 'accuracy': 0.05, 'f1': 0.04412, 'auc': 0.63513}
> Epoch 3: took 2.3s (avg 2.4s) | Best so far: epoch 2	train_loss: 2.6206 train_accuracy: 0.1982	val_loss: 3.1715 val_accuracy: 0.1143	test_loss: 3.0987 test_accuracy: 0.1024	F1: 0.0795 Prec: 0.1475 Rec: 0.1024
train: {'epoch': 4, 'time_epoch': 1.94143, 'eta': 507.62704, 'eta_hours': 0.14101, 'loss': 2.4000512, 'lr': 0.00099937, 'params': 269333, 'time_iter': 0.01109, 'accuracy': 0.25323, 'f1': 0.23606, 'auc': 0.81114}
val: {'epoch': 4, 'time_epoch': 0.08487, 'loss': 5.02574622, 'lr': 0, 'params': 269333, 'time_iter': 0.00606, 'accuracy': 0.09524, 'f1': 0.05277, 'auc': 0.63823}
test: {'epoch': 4, 'time_epoch': 0.08179, 'loss': 3.75057987, 'lr': 0, 'params': 269333, 'time_iter': 0.00584, 'accuracy': 0.13333, 'f1': 0.09954, 'auc': 0.64306}
> Epoch 4: took 2.2s (avg 2.4s) | Best so far: epoch 2	train_loss: 2.6206 train_accuracy: 0.1982	val_loss: 3.1715 val_accuracy: 0.1143	test_loss: 3.0987 test_accuracy: 0.1024	F1: 0.0795 Prec: 0.1475 Rec: 0.1024
train: {'epoch': 5, 'time_epoch': 2.20803, 'eta': 511.08909, 'eta_hours': 0.14197, 'loss': 2.30759256, 'lr': 0.00099901, 'params': 269333, 'time_iter': 0.01262, 'accuracy': 0.27867, 'f1': 0.26325, 'auc': 0.82891}
val: {'epoch': 5, 'time_epoch': 0.08216, 'loss': 6.32155312, 'lr': 0, 'params': 269333, 'time_iter': 0.00587, 'accuracy': 0.13095, 'f1': 0.0789, 'auc': 0.63323}
test: {'epoch': 5, 'time_epoch': 0.08425, 'loss': 4.27935102, 'lr': 0, 'params': 269333, 'time_iter': 0.00602, 'accuracy': 0.09524, 'f1': 0.0684, 'auc': 0.65289}
[*] Confusion Matrix saved to: results_lopo_1.0/DE_3m\Conf\confusion_matrix_epoch_5.png
> Epoch 5: took 2.4s (avg 2.4s) | Best so far: epoch 5	train_loss: 2.3076 train_accuracy: 0.2787	val_loss: 6.3216 val_accuracy: 0.1310	test_loss: 4.2794 test_accuracy: 0.0952	F1: 0.0684 Prec: 0.1405 Rec: 0.0952
train: {'epoch': 6, 'time_epoch': 1.98161, 'eta': 505.07097, 'eta_hours': 0.1403, 'loss': 2.2285239, 'lr': 0.00099858, 'params': 269333, 'time_iter': 0.01132, 'accuracy': 0.30806, 'f1': 0.29285, 'auc': 0.84333}
val: {'epoch': 6, 'time_epoch': 0.07821, 'loss': 9.78623416, 'lr': 0, 'params': 269333, 'time_iter': 0.00559, 'accuracy': 0.12381, 'f1': 0.06735, 'auc': 0.58165}
test: {'epoch': 6, 'time_epoch': 0.08142, 'loss': 5.96799076, 'lr': 0, 'params': 269333, 'time_iter': 0.00582, 'accuracy': 0.11667, 'f1': 0.06193, 'auc': 0.6146}
> Epoch 6: took 2.2s (avg 2.3s) | Best so far: epoch 5	train_loss: 2.3076 train_accuracy: 0.2787	val_loss: 6.3216 val_accuracy: 0.1310	test_loss: 4.2794 test_accuracy: 0.0952	F1: 0.0684 Prec: 0.1405 Rec: 0.0952
train: {'epoch': 7, 'time_epoch': 2.11087, 'eta': 503.97237, 'eta_hours': 0.13999, 'loss': 2.14681297, 'lr': 0.00099807, 'params': 269333, 'time_iter': 0.01206, 'accuracy': 0.32616, 'f1': 0.31216, 'auc': 0.85763}
val: {'epoch': 7, 'time_epoch': 0.09228, 'loss': 8.5372859, 'lr': 0, 'params': 269333, 'time_iter': 0.00659, 'accuracy': 0.11667, 'f1': 0.06094, 'auc': 0.60461}
test: {'epoch': 7, 'time_epoch': 0.08549, 'loss': 5.39274971, 'lr': 0, 'params': 269333, 'time_iter': 0.00611, 'accuracy': 0.14524, 'f1': 0.10951, 'auc': 0.65373}
> Epoch 7: took 2.4s (avg 2.3s) | Best so far: epoch 5	train_loss: 2.3076 train_accuracy: 0.2787	val_loss: 6.3216 val_accuracy: 0.1310	test_loss: 4.2794 test_accuracy: 0.0952	F1: 0.0684 Prec: 0.1405 Rec: 0.0952
train: {'epoch': 8, 'time_epoch': 4.11176, 'eta': 556.22803, 'eta_hours': 0.15451, 'loss': 2.08498827, 'lr': 0.00099748, 'params': 269333, 'time_iter': 0.0235, 'accuracy': 0.34946, 'f1': 0.33789, 'auc': 0.8669}
val: {'epoch': 8, 'time_epoch': 0.17925, 'loss': 6.27885884, 'lr': 0, 'params': 269333, 'time_iter': 0.0128, 'accuracy': 0.0619, 'f1': 0.02974, 'auc': 0.63692}
test: {'epoch': 8, 'time_epoch': 0.20074, 'loss': 4.07117177, 'lr': 0, 'params': 269333, 'time_iter': 0.01434, 'accuracy': 0.10476, 'f1': 0.07957, 'auc': 0.66741}
> Epoch 8: took 4.6s (avg 2.6s) | Best so far: epoch 5	train_loss: 2.3076 train_accuracy: 0.2787	val_loss: 6.3216 val_accuracy: 0.1310	test_loss: 4.2794 test_accuracy: 0.0952	F1: 0.0684 Prec: 0.1405 Rec: 0.0952
train: {'epoch': 9, 'time_epoch': 5.03464, 'eta': 619.3595, 'eta_hours': 0.17204, 'loss': 2.0382642, 'lr': 0.00099681, 'params': 269333, 'time_iter': 0.02877, 'accuracy': 0.35753, 'f1': 0.34645, 'auc': 0.87424}
val: {'epoch': 9, 'time_epoch': 0.1972, 'loss': 8.96029143, 'lr': 0, 'params': 269333, 'time_iter': 0.01409, 'accuracy': 0.07381, 'f1': 0.03123, 'auc': 0.59448}
test: {'epoch': 9, 'time_epoch': 0.17243, 'loss': 6.10183451, 'lr': 0, 'params': 269333, 'time_iter': 0.01232, 'accuracy': 0.13095, 'f1': 0.12457, 'auc': 0.63411}
> Epoch 9: took 5.5s (avg 2.9s) | Best so far: epoch 5	train_loss: 2.3076 train_accuracy: 0.2787	val_loss: 6.3216 val_accuracy: 0.1310	test_loss: 4.2794 test_accuracy: 0.0952	F1: 0.0684 Prec: 0.1405 Rec: 0.0952
train: {'epoch': 10, 'time_epoch': 4.75932, 'eta': 664.11508, 'eta_hours': 0.18448, 'loss': 1.99720643, 'lr': 0.00099606, 'params': 269333, 'time_iter': 0.0272, 'accuracy': 0.37133, 'f1': 0.36153, 'auc': 0.8797}
val: {'epoch': 10, 'time_epoch': 0.1713, 'loss': 4.39361956, 'lr': 0, 'params': 269333, 'time_iter': 0.01224, 'accuracy': 0.10238, 'f1': 0.05576, 'auc': 0.6847}
test: {'epoch': 10, 'time_epoch': 0.14678, 'loss': 3.1789901, 'lr': 0, 'params': 269333, 'time_iter': 0.01048, 'accuracy': 0.2, 'f1': 0.15677, 'auc': 0.73577}
> Epoch 10: took 5.2s (avg 3.1s) | Best so far: epoch 5	train_loss: 2.3076 train_accuracy: 0.2787	val_loss: 6.3216 val_accuracy: 0.1310	test_loss: 4.2794 test_accuracy: 0.0952	F1: 0.0684 Prec: 0.1405 Rec: 0.0952
train: {'epoch': 11, 'time_epoch': 4.1411, 'eta': 688.35678, 'eta_hours': 0.19121, 'loss': 1.94185984, 'lr': 0.00099523, 'params': 269333, 'time_iter': 0.02366, 'accuracy': 0.39373, 'f1': 0.38377, 'auc': 0.887}
val: {'epoch': 11, 'time_epoch': 0.10128, 'loss': 11.95950521, 'lr': 0, 'params': 269333, 'time_iter': 0.00723, 'accuracy': 0.0881, 'f1': 0.03832, 'auc': 0.5972}
test: {'epoch': 11, 'time_epoch': 0.08906, 'loss': 7.33272978, 'lr': 0, 'params': 269333, 'time_iter': 0.00636, 'accuracy': 0.12619, 'f1': 0.11688, 'auc': 0.61441}
> Epoch 11: took 4.4s (avg 3.2s) | Best so far: epoch 5	train_loss: 2.3076 train_accuracy: 0.2787	val_loss: 6.3216 val_accuracy: 0.1310	test_loss: 4.2794 test_accuracy: 0.0952	F1: 0.0684 Prec: 0.1405 Rec: 0.0952
train: {'epoch': 12, 'time_epoch': 2.05389, 'eta': 670.1804, 'eta_hours': 0.18616, 'loss': 1.9044112, 'lr': 0.00099433, 'params': 269333, 'time_iter': 0.01174, 'accuracy': 0.40341, 'f1': 0.39557, 'auc': 0.89103}
val: {'epoch': 12, 'time_epoch': 0.11577, 'loss': 12.96267775, 'lr': 0, 'params': 269333, 'time_iter': 0.00827, 'accuracy': 0.08333, 'f1': 0.0417, 'auc': 0.57659}
test: {'epoch': 12, 'time_epoch': 0.12589, 'loss': 8.15997867, 'lr': 0, 'params': 269333, 'time_iter': 0.00899, 'accuracy': 0.11429, 'f1': 0.08609, 'auc': 0.59308}
> Epoch 12: took 2.4s (avg 3.2s) | Best so far: epoch 5	train_loss: 2.3076 train_accuracy: 0.2787	val_loss: 6.3216 val_accuracy: 0.1310	test_loss: 4.2794 test_accuracy: 0.0952	F1: 0.0684 Prec: 0.1405 Rec: 0.0952
train: {'epoch': 13, 'time_epoch': 1.89095, 'eta': 651.56069, 'eta_hours': 0.18099, 'loss': 1.82844136, 'lr': 0.00099334, 'params': 269333, 'time_iter': 0.01081, 'accuracy': 0.42168, 'f1': 0.4146, 'auc': 0.90307}
val: {'epoch': 13, 'time_epoch': 0.0914, 'loss': 9.1281546, 'lr': 0, 'params': 269333, 'time_iter': 0.00653, 'accuracy': 0.12143, 'f1': 0.06506, 'auc': 0.59819}
test: {'epoch': 13, 'time_epoch': 0.08449, 'loss': 5.38366502, 'lr': 0, 'params': 269333, 'time_iter': 0.00603, 'accuracy': 0.16429, 'f1': 0.13021, 'auc': 0.65906}
> Epoch 13: took 2.1s (avg 3.1s) | Best so far: epoch 5	train_loss: 2.3076 train_accuracy: 0.2787	val_loss: 6.3216 val_accuracy: 0.1310	test_loss: 4.2794 test_accuracy: 0.0952	F1: 0.0684 Prec: 0.1405 Rec: 0.0952
train: {'epoch': 14, 'time_epoch': 2.08789, 'eta': 638.25684, 'eta_hours': 0.17729, 'loss': 1.81870989, 'lr': 0.00099228, 'params': 269333, 'time_iter': 0.01193, 'accuracy': 0.43118, 'f1': 0.42474, 'auc': 0.90328}
val: {'epoch': 14, 'time_epoch': 0.0951, 'loss': 13.92250243, 'lr': 0, 'params': 269333, 'time_iter': 0.00679, 'accuracy': 0.08333, 'f1': 0.04014, 'auc': 0.58722}
test: {'epoch': 14, 'time_epoch': 0.08274, 'loss': 8.9455792, 'lr': 0, 'params': 269333, 'time_iter': 0.00591, 'accuracy': 0.08095, 'f1': 0.07049, 'auc': 0.60927}
> Epoch 14: took 2.3s (avg 3.0s) | Best so far: epoch 5	train_loss: 2.3076 train_accuracy: 0.2787	val_loss: 6.3216 val_accuracy: 0.1310	test_loss: 4.2794 test_accuracy: 0.0952	F1: 0.0684 Prec: 0.1405 Rec: 0.0952
train: {'epoch': 15, 'time_epoch': 2.10843, 'eta': 626.65532, 'eta_hours': 0.17407, 'loss': 1.76626514, 'lr': 0.00099114, 'params': 269333, 'time_iter': 0.01205, 'accuracy': 0.44516, 'f1': 0.43985, 'auc': 0.90948}
val: {'epoch': 15, 'time_epoch': 0.08052, 'loss': 12.82741469, 'lr': 0, 'params': 269333, 'time_iter': 0.00575, 'accuracy': 0.08333, 'f1': 0.04147, 'auc': 0.58152}
test: {'epoch': 15, 'time_epoch': 0.08013, 'loss': 7.9125103, 'lr': 0, 'params': 269333, 'time_iter': 0.00572, 'accuracy': 0.12381, 'f1': 0.09511, 'auc': 0.6252}
> Epoch 15: took 2.3s (avg 3.0s) | Best so far: epoch 5	train_loss: 2.3076 train_accuracy: 0.2787	val_loss: 6.3216 val_accuracy: 0.1310	test_loss: 4.2794 test_accuracy: 0.0952	F1: 0.0684 Prec: 0.1405 Rec: 0.0952
train: {'epoch': 16, 'time_epoch': 1.97497, 'eta': 614.34147, 'eta_hours': 0.17065, 'loss': 1.74244964, 'lr': 0.00098993, 'params': 269333, 'time_iter': 0.01129, 'accuracy': 0.4543, 'f1': 0.44833, 'auc': 0.91123}
val: {'epoch': 16, 'time_epoch': 0.08709, 'loss': 6.60373475, 'lr': 0, 'params': 269333, 'time_iter': 0.00622, 'accuracy': 0.13571, 'f1': 0.07808, 'auc': 0.6335}
test: {'epoch': 16, 'time_epoch': 0.08481, 'loss': 5.3346393, 'lr': 0, 'params': 269333, 'time_iter': 0.00606, 'accuracy': 0.15, 'f1': 0.10967, 'auc': 0.65507}
[*] Confusion Matrix saved to: results_lopo_1.0/DE_3m\Conf\confusion_matrix_epoch_16.png
> Epoch 16: took 2.2s (avg 2.9s) | Best so far: epoch 16	train_loss: 1.7424 train_accuracy: 0.4543	val_loss: 6.6037 val_accuracy: 0.1357	test_loss: 5.3346 test_accuracy: 0.1500	F1: 0.1097 Prec: 0.1444 Rec: 0.1500
train: {'epoch': 17, 'time_epoch': 1.98482, 'eta': 603.30329, 'eta_hours': 0.16758, 'loss': 1.67716972, 'lr': 0.00098863, 'params': 269333, 'time_iter': 0.01134, 'accuracy': 0.47401, 'f1': 0.47019, 'auc': 0.91886}
val: {'epoch': 17, 'time_epoch': 0.08637, 'loss': 13.06767927, 'lr': 0, 'params': 269333, 'time_iter': 0.00617, 'accuracy': 0.09762, 'f1': 0.04186, 'auc': 0.58233}
test: {'epoch': 17, 'time_epoch': 0.08946, 'loss': 8.5537329, 'lr': 0, 'params': 269333, 'time_iter': 0.00639, 'accuracy': 0.11905, 'f1': 0.09425, 'auc': 0.62695}
> Epoch 17: took 2.2s (avg 2.9s) | Best so far: epoch 16	train_loss: 1.7424 train_accuracy: 0.4543	val_loss: 6.6037 val_accuracy: 0.1357	test_loss: 5.3346 test_accuracy: 0.1500	F1: 0.1097 Prec: 0.1444 Rec: 0.1500
train: {'epoch': 18, 'time_epoch': 2.10282, 'eta': 594.6528, 'eta_hours': 0.16518, 'loss': 1.67251519, 'lr': 0.00098726, 'params': 269333, 'time_iter': 0.01202, 'accuracy': 0.47276, 'f1': 0.46909, 'auc': 0.91982}
val: {'epoch': 18, 'time_epoch': 0.08194, 'loss': 5.48486845, 'lr': 0, 'params': 269333, 'time_iter': 0.00585, 'accuracy': 0.14048, 'f1': 0.0884, 'auc': 0.69302}
test: {'epoch': 18, 'time_epoch': 0.08169, 'loss': 3.80435874, 'lr': 0, 'params': 269333, 'time_iter': 0.00583, 'accuracy': 0.12143, 'f1': 0.11376, 'auc': 0.74122}
[*] Confusion Matrix saved to: results_lopo_1.0/DE_3m\Conf\confusion_matrix_epoch_18.png
> Epoch 18: took 2.3s (avg 2.9s) | Best so far: epoch 18	train_loss: 1.6725 train_accuracy: 0.4728	val_loss: 5.4849 val_accuracy: 0.1405	test_loss: 3.8044 test_accuracy: 0.1214	F1: 0.1138 Prec: 0.1667 Rec: 0.1214
train: {'epoch': 19, 'time_epoch': 1.96748, 'eta': 585.10064, 'eta_hours': 0.16253, 'loss': 1.63960568, 'lr': 0.00098582, 'params': 269333, 'time_iter': 0.01124, 'accuracy': 0.48566, 'f1': 0.48155, 'auc': 0.92297}
val: {'epoch': 19, 'time_epoch': 0.08088, 'loss': 14.17143244, 'lr': 0, 'params': 269333, 'time_iter': 0.00578, 'accuracy': 0.09048, 'f1': 0.04553, 'auc': 0.58951}
test: {'epoch': 19, 'time_epoch': 0.07859, 'loss': 8.5477207, 'lr': 0, 'params': 269333, 'time_iter': 0.00561, 'accuracy': 0.12143, 'f1': 0.09571, 'auc': 0.6089}
> Epoch 19: took 2.2s (avg 2.8s) | Best so far: epoch 18	train_loss: 1.6725 train_accuracy: 0.4728	val_loss: 5.4849 val_accuracy: 0.1405	test_loss: 3.8044 test_accuracy: 0.1214	F1: 0.1138 Prec: 0.1667 Rec: 0.1214
train: {'epoch': 20, 'time_epoch': 1.92482, 'eta': 575.8056, 'eta_hours': 0.15995, 'loss': 1.59772217, 'lr': 0.00098429, 'params': 269333, 'time_iter': 0.011, 'accuracy': 0.4991, 'f1': 0.49547, 'auc': 0.92676}
val: {'epoch': 20, 'time_epoch': 0.08636, 'loss': 15.26008539, 'lr': 0, 'params': 269333, 'time_iter': 0.00617, 'accuracy': 0.09286, 'f1': 0.04635, 'auc': 0.57449}
test: {'epoch': 20, 'time_epoch': 0.0861, 'loss': 9.21242412, 'lr': 0, 'params': 269333, 'time_iter': 0.00615, 'accuracy': 0.08571, 'f1': 0.04833, 'auc': 0.61593}
> Epoch 20: took 2.2s (avg 2.8s) | Best so far: epoch 18	train_loss: 1.6725 train_accuracy: 0.4728	val_loss: 5.4849 val_accuracy: 0.1405	test_loss: 3.8044 test_accuracy: 0.1214	F1: 0.1138 Prec: 0.1667 Rec: 0.1214
train: {'epoch': 21, 'time_epoch': 2.21017, 'eta': 570.13783, 'eta_hours': 0.15837, 'loss': 1.56194433, 'lr': 0.00098269, 'params': 269333, 'time_iter': 0.01263, 'accuracy': 0.51111, 'f1': 0.50759, 'auc': 0.93009}
val: {'epoch': 21, 'time_epoch': 0.10714, 'loss': 14.97008772, 'lr': 0, 'params': 269333, 'time_iter': 0.00765, 'accuracy': 0.10238, 'f1': 0.0495, 'auc': 0.5887}
test: {'epoch': 21, 'time_epoch': 0.10554, 'loss': 10.25294496, 'lr': 0, 'params': 269333, 'time_iter': 0.00754, 'accuracy': 0.05714, 'f1': 0.0439, 'auc': 0.57762}
> Epoch 21: took 2.5s (avg 2.8s) | Best so far: epoch 18	train_loss: 1.6725 train_accuracy: 0.4728	val_loss: 5.4849 val_accuracy: 0.1405	test_loss: 3.8044 test_accuracy: 0.1214	F1: 0.1138 Prec: 0.1667 Rec: 0.1214
train: {'epoch': 22, 'time_epoch': 2.14357, 'eta': 564.11343, 'eta_hours': 0.1567, 'loss': 1.53810423, 'lr': 0.00098101, 'params': 269333, 'time_iter': 0.01225, 'accuracy': 0.51631, 'f1': 0.51319, 'auc': 0.93241}
val: {'epoch': 22, 'time_epoch': 0.08292, 'loss': 12.37625821, 'lr': 0, 'params': 269333, 'time_iter': 0.00592, 'accuracy': 0.0881, 'f1': 0.05195, 'auc': 0.60258}
test: {'epoch': 22, 'time_epoch': 0.08372, 'loss': 7.63536693, 'lr': 0, 'params': 269333, 'time_iter': 0.00598, 'accuracy': 0.09762, 'f1': 0.08878, 'auc': 0.62921}
> Epoch 22: took 2.4s (avg 2.8s) | Best so far: epoch 18	train_loss: 1.6725 train_accuracy: 0.4728	val_loss: 5.4849 val_accuracy: 0.1405	test_loss: 3.8044 test_accuracy: 0.1214	F1: 0.1138 Prec: 0.1667 Rec: 0.1214
train: {'epoch': 23, 'time_epoch': 2.01717, 'eta': 557.2222, 'eta_hours': 0.15478, 'loss': 1.50039731, 'lr': 0.00097926, 'params': 269333, 'time_iter': 0.01153, 'accuracy': 0.52222, 'f1': 0.52052, 'auc': 0.93633}
val: {'epoch': 23, 'time_epoch': 0.10402, 'loss': 18.16063105, 'lr': 0, 'params': 269333, 'time_iter': 0.00743, 'accuracy': 0.07619, 'f1': 0.02864, 'auc': 0.58175}
test: {'epoch': 23, 'time_epoch': 0.0842, 'loss': 13.42755936, 'lr': 0, 'params': 269333, 'time_iter': 0.00601, 'accuracy': 0.10714, 'f1': 0.06334, 'auc': 0.57744}
> Epoch 23: took 2.3s (avg 2.8s) | Best so far: epoch 18	train_loss: 1.6725 train_accuracy: 0.4728	val_loss: 5.4849 val_accuracy: 0.1405	test_loss: 3.8044 test_accuracy: 0.1214	F1: 0.1138 Prec: 0.1667 Rec: 0.1214
train: {'epoch': 24, 'time_epoch': 4.50283, 'eta': 573.09186, 'eta_hours': 0.15919, 'loss': 1.48284709, 'lr': 0.00097743, 'params': 269333, 'time_iter': 0.02573, 'accuracy': 0.53065, 'f1': 0.52846, 'auc': 0.93769}
val: {'epoch': 24, 'time_epoch': 0.25249, 'loss': 12.71401227, 'lr': 0, 'params': 269333, 'time_iter': 0.01803, 'accuracy': 0.0881, 'f1': 0.03731, 'auc': 0.5926}
test: {'epoch': 24, 'time_epoch': 0.25396, 'loss': 9.04795378, 'lr': 0, 'params': 269333, 'time_iter': 0.01814, 'accuracy': 0.11429, 'f1': 0.06838, 'auc': 0.61423}
> Epoch 24: took 5.2s (avg 2.9s) | Best so far: epoch 18	train_loss: 1.6725 train_accuracy: 0.4728	val_loss: 5.4849 val_accuracy: 0.1405	test_loss: 3.8044 test_accuracy: 0.1214	F1: 0.1138 Prec: 0.1667 Rec: 0.1214
train: {'epoch': 25, 'time_epoch': 5.50598, 'eta': 596.03688, 'eta_hours': 0.16557, 'loss': 1.46827153, 'lr': 0.00097553, 'params': 269333, 'time_iter': 0.03146, 'accuracy': 0.53817, 'f1': 0.53572, 'auc': 0.93815}
val: {'epoch': 25, 'time_epoch': 0.25141, 'loss': 12.8707986, 'lr': 0, 'params': 269333, 'time_iter': 0.01796, 'accuracy': 0.1119, 'f1': 0.04822, 'auc': 0.59076}
test: {'epoch': 25, 'time_epoch': 0.2362, 'loss': 7.257757, 'lr': 0, 'params': 269333, 'time_iter': 0.01687, 'accuracy': 0.13095, 'f1': 0.1101, 'auc': 0.64424}
> Epoch 25: took 6.2s (avg 3.0s) | Best so far: epoch 18	train_loss: 1.6725 train_accuracy: 0.4728	val_loss: 5.4849 val_accuracy: 0.1405	test_loss: 3.8044 test_accuracy: 0.1214	F1: 0.1138 Prec: 0.1667 Rec: 0.1214
train: {'epoch': 26, 'time_epoch': 4.69326, 'eta': 610.16193, 'eta_hours': 0.16949, 'loss': 1.43826524, 'lr': 0.00097355, 'params': 269333, 'time_iter': 0.02682, 'accuracy': 0.53925, 'f1': 0.53645, 'auc': 0.94186}
val: {'epoch': 26, 'time_epoch': 0.23749, 'loss': 10.93812296, 'lr': 0, 'params': 269333, 'time_iter': 0.01696, 'accuracy': 0.08571, 'f1': 0.04784, 'auc': 0.61396}
test: {'epoch': 26, 'time_epoch': 0.2278, 'loss': 6.77343096, 'lr': 0, 'params': 269333, 'time_iter': 0.01627, 'accuracy': 0.10476, 'f1': 0.08008, 'auc': 0.6384}
> Epoch 26: took 5.3s (avg 3.1s) | Best so far: epoch 18	train_loss: 1.6725 train_accuracy: 0.4728	val_loss: 5.4849 val_accuracy: 0.1405	test_loss: 3.8044 test_accuracy: 0.1214	F1: 0.1138 Prec: 0.1667 Rec: 0.1214
train: {'epoch': 27, 'time_epoch': 5.15191, 'eta': 626.57929, 'eta_hours': 0.17405, 'loss': 1.42128919, 'lr': 0.0009715, 'params': 269333, 'time_iter': 0.02944, 'accuracy': 0.55914, 'f1': 0.55748, 'auc': 0.9421}
val: {'epoch': 27, 'time_epoch': 0.22925, 'loss': 6.5401512, 'lr': 0, 'params': 269333, 'time_iter': 0.01637, 'accuracy': 0.11429, 'f1': 0.07821, 'auc': 0.64124}
test: {'epoch': 27, 'time_epoch': 0.26037, 'loss': 4.33322111, 'lr': 0, 'params': 269333, 'time_iter': 0.0186, 'accuracy': 0.15, 'f1': 0.13827, 'auc': 0.71742}
> Epoch 27: took 5.8s (avg 3.2s) | Best so far: epoch 18	train_loss: 1.6725 train_accuracy: 0.4728	val_loss: 5.4849 val_accuracy: 0.1405	test_loss: 3.8044 test_accuracy: 0.1214	F1: 0.1138 Prec: 0.1667 Rec: 0.1214
train: {'epoch': 28, 'time_epoch': 5.34952, 'eta': 643.015, 'eta_hours': 0.17862, 'loss': 1.4081256, 'lr': 0.00096937, 'params': 269333, 'time_iter': 0.03057, 'accuracy': 0.55376, 'f1': 0.55181, 'auc': 0.94387}
val: {'epoch': 28, 'time_epoch': 0.20513, 'loss': 8.36759929, 'lr': 0, 'params': 269333, 'time_iter': 0.01465, 'accuracy': 0.07381, 'f1': 0.05119, 'auc': 0.61865}
test: {'epoch': 28, 'time_epoch': 0.26534, 'loss': 4.91180091, 'lr': 0, 'params': 269333, 'time_iter': 0.01895, 'accuracy': 0.11429, 'f1': 0.10603, 'auc': 0.68236}
> Epoch 28: took 6.0s (avg 3.3s) | Best so far: epoch 18	train_loss: 1.6725 train_accuracy: 0.4728	val_loss: 5.4849 val_accuracy: 0.1405	test_loss: 3.8044 test_accuracy: 0.1214	F1: 0.1138 Prec: 0.1667 Rec: 0.1214
train: {'epoch': 29, 'time_epoch': 6.68409, 'eta': 667.78521, 'eta_hours': 0.1855, 'loss': 1.37459234, 'lr': 0.00096716, 'params': 269333, 'time_iter': 0.03819, 'accuracy': 0.56254, 'f1': 0.55999, 'auc': 0.9468}
val: {'epoch': 29, 'time_epoch': 0.63808, 'loss': 9.7659723, 'lr': 0, 'params': 269333, 'time_iter': 0.04558, 'accuracy': 0.10476, 'f1': 0.07237, 'auc': 0.62693}
test: {'epoch': 29, 'time_epoch': 0.36626, 'loss': 7.93594502, 'lr': 0, 'params': 269333, 'time_iter': 0.02616, 'accuracy': 0.1381, 'f1': 0.11622, 'auc': 0.62344}
> Epoch 29: took 7.9s (avg 3.4s) | Best so far: epoch 18	train_loss: 1.6725 train_accuracy: 0.4728	val_loss: 5.4849 val_accuracy: 0.1405	test_loss: 3.8044 test_accuracy: 0.1214	F1: 0.1138 Prec: 0.1667 Rec: 0.1214
train: {'epoch': 30, 'time_epoch': 5.97982, 'eta': 685.5508, 'eta_hours': 0.19043, 'loss': 1.36961686, 'lr': 0.00096489, 'params': 269333, 'time_iter': 0.03417, 'accuracy': 0.57061, 'f1': 0.56981, 'auc': 0.94696}
val: {'epoch': 30, 'time_epoch': 0.29874, 'loss': 8.43811415, 'lr': 0, 'params': 269333, 'time_iter': 0.02134, 'accuracy': 0.10238, 'f1': 0.06283, 'auc': 0.60808}
test: {'epoch': 30, 'time_epoch': 0.2863, 'loss': 4.98451355, 'lr': 0, 'params': 269333, 'time_iter': 0.02045, 'accuracy': 0.15714, 'f1': 0.12655, 'auc': 0.68919}
> Epoch 30: took 6.8s (avg 3.5s) | Best so far: epoch 18	train_loss: 1.6725 train_accuracy: 0.4728	val_loss: 5.4849 val_accuracy: 0.1405	test_loss: 3.8044 test_accuracy: 0.1214	F1: 0.1138 Prec: 0.1667 Rec: 0.1214
train: {'epoch': 31, 'time_epoch': 6.91702, 'eta': 708.217, 'eta_hours': 0.19673, 'loss': 1.31502536, 'lr': 0.00096254, 'params': 269333, 'time_iter': 0.03953, 'accuracy': 0.58907, 'f1': 0.58736, 'auc': 0.95114}
val: {'epoch': 31, 'time_epoch': 0.23579, 'loss': 14.12295523, 'lr': 0, 'params': 269333, 'time_iter': 0.01684, 'accuracy': 0.08571, 'f1': 0.04119, 'auc': 0.57914}
test: {'epoch': 31, 'time_epoch': 0.26605, 'loss': 8.86720027, 'lr': 0, 'params': 269333, 'time_iter': 0.019, 'accuracy': 0.12619, 'f1': 0.08443, 'auc': 0.62665}
> Epoch 31: took 7.6s (avg 3.7s) | Best so far: epoch 18	train_loss: 1.6725 train_accuracy: 0.4728	val_loss: 5.4849 val_accuracy: 0.1405	test_loss: 3.8044 test_accuracy: 0.1214	F1: 0.1138 Prec: 0.1667 Rec: 0.1214
train: {'epoch': 32, 'time_epoch': 6.82608, 'eta': 728.49227, 'eta_hours': 0.20236, 'loss': 1.32086129, 'lr': 0.00096012, 'params': 269333, 'time_iter': 0.03901, 'accuracy': 0.57384, 'f1': 0.57243, 'auc': 0.9517}
val: {'epoch': 32, 'time_epoch': 0.48259, 'loss': 13.00548412, 'lr': 0, 'params': 269333, 'time_iter': 0.03447, 'accuracy': 0.0881, 'f1': 0.0444, 'auc': 0.60913}
test: {'epoch': 32, 'time_epoch': 0.31054, 'loss': 9.32274405, 'lr': 0, 'params': 269333, 'time_iter': 0.02218, 'accuracy': 0.0881, 'f1': 0.08133, 'auc': 0.60424}
> Epoch 32: took 7.8s (avg 3.8s) | Best so far: epoch 18	train_loss: 1.6725 train_accuracy: 0.4728	val_loss: 5.4849 val_accuracy: 0.1405	test_loss: 3.8044 test_accuracy: 0.1214	F1: 0.1138 Prec: 0.1667 Rec: 0.1214
train: {'epoch': 33, 'time_epoch': 5.60597, 'eta': 739.42205, 'eta_hours': 0.2054, 'loss': 1.27186129, 'lr': 0.00095762, 'params': 269333, 'time_iter': 0.03203, 'accuracy': 0.60215, 'f1': 0.60081, 'auc': 0.95513}
val: {'epoch': 33, 'time_epoch': 0.24977, 'loss': 7.09838515, 'lr': 0, 'params': 269333, 'time_iter': 0.01784, 'accuracy': 0.12381, 'f1': 0.09032, 'auc': 0.66444}
test: {'epoch': 33, 'time_epoch': 0.27338, 'loss': 4.51033329, 'lr': 0, 'params': 269333, 'time_iter': 0.01953, 'accuracy': 0.11905, 'f1': 0.10775, 'auc': 0.7122}
> Epoch 33: took 6.3s (avg 3.9s) | Best so far: epoch 18	train_loss: 1.6725 train_accuracy: 0.4728	val_loss: 5.4849 val_accuracy: 0.1405	test_loss: 3.8044 test_accuracy: 0.1214	F1: 0.1138 Prec: 0.1667 Rec: 0.1214
train: {'epoch': 34, 'time_epoch': 5.62305, 'eta': 749.51187, 'eta_hours': 0.2082, 'loss': 1.28635939, 'lr': 0.00095505, 'params': 269333, 'time_iter': 0.03213, 'accuracy': 0.60323, 'f1': 0.60156, 'auc': 0.95338}
val: {'epoch': 34, 'time_epoch': 0.22034, 'loss': 16.69719821, 'lr': 0, 'params': 269333, 'time_iter': 0.01574, 'accuracy': 0.06667, 'f1': 0.02234, 'auc': 0.56762}
test: {'epoch': 34, 'time_epoch': 0.28183, 'loss': 10.68207086, 'lr': 0, 'params': 269333, 'time_iter': 0.02013, 'accuracy': 0.11429, 'f1': 0.07295, 'auc': 0.61052}
> Epoch 34: took 6.3s (avg 3.9s) | Best so far: epoch 18	train_loss: 1.6725 train_accuracy: 0.4728	val_loss: 5.4849 val_accuracy: 0.1405	test_loss: 3.8044 test_accuracy: 0.1214	F1: 0.1138 Prec: 0.1667 Rec: 0.1214
train: {'epoch': 35, 'time_epoch': 5.25889, 'eta': 756.56399, 'eta_hours': 0.21016, 'loss': 1.23988172, 'lr': 0.00095241, 'params': 269333, 'time_iter': 0.03005, 'accuracy': 0.60358, 'f1': 0.6023, 'auc': 0.9573}
val: {'epoch': 35, 'time_epoch': 0.16226, 'loss': 14.88967416, 'lr': 0, 'params': 269333, 'time_iter': 0.01159, 'accuracy': 0.07857, 'f1': 0.04457, 'auc': 0.55856}
test: {'epoch': 35, 'time_epoch': 0.22247, 'loss': 10.21588592, 'lr': 0, 'params': 269333, 'time_iter': 0.01589, 'accuracy': 0.11429, 'f1': 0.06751, 'auc': 0.6267}
> Epoch 35: took 5.8s (avg 4.0s) | Best so far: epoch 18	train_loss: 1.6725 train_accuracy: 0.4728	val_loss: 5.4849 val_accuracy: 0.1405	test_loss: 3.8044 test_accuracy: 0.1214	F1: 0.1138 Prec: 0.1667 Rec: 0.1214
train: {'epoch': 36, 'time_epoch': 5.42243, 'eta': 763.89211, 'eta_hours': 0.21219, 'loss': 1.24203123, 'lr': 0.0009497, 'params': 269333, 'time_iter': 0.03099, 'accuracy': 0.60681, 'f1': 0.60554, 'auc': 0.95654}
val: {'epoch': 36, 'time_epoch': 0.24198, 'loss': 7.71249041, 'lr': 0, 'params': 269333, 'time_iter': 0.01728, 'accuracy': 0.09048, 'f1': 0.06163, 'auc': 0.65813}
test: {'epoch': 36, 'time_epoch': 0.17508, 'loss': 5.81928485, 'lr': 0, 'params': 269333, 'time_iter': 0.01251, 'accuracy': 0.14048, 'f1': 0.1308, 'auc': 0.6832}
> Epoch 36: took 6.0s (avg 4.0s) | Best so far: epoch 18	train_loss: 1.6725 train_accuracy: 0.4728	val_loss: 5.4849 val_accuracy: 0.1405	test_loss: 3.8044 test_accuracy: 0.1214	F1: 0.1138 Prec: 0.1667 Rec: 0.1214
train: {'epoch': 37, 'time_epoch': 2.07034, 'eta': 751.84804, 'eta_hours': 0.20885, 'loss': 1.23805498, 'lr': 0.00094692, 'params': 269333, 'time_iter': 0.01183, 'accuracy': 0.61434, 'f1': 0.61384, 'auc': 0.95694}
val: {'epoch': 37, 'time_epoch': 0.08082, 'loss': 19.74512731, 'lr': 0, 'params': 269333, 'time_iter': 0.00577, 'accuracy': 0.0619, 'f1': 0.02779, 'auc': 0.53695}
test: {'epoch': 37, 'time_epoch': 0.07901, 'loss': 12.17639043, 'lr': 0, 'params': 269333, 'time_iter': 0.00564, 'accuracy': 0.14524, 'f1': 0.10167, 'auc': 0.62078}
> Epoch 37: took 2.3s (avg 4.0s) | Best so far: epoch 18	train_loss: 1.6725 train_accuracy: 0.4728	val_loss: 5.4849 val_accuracy: 0.1405	test_loss: 3.8044 test_accuracy: 0.1214	F1: 0.1138 Prec: 0.1667 Rec: 0.1214
train: {'epoch': 38, 'time_epoch': 2.18588, 'eta': 740.94053, 'eta_hours': 0.20582, 'loss': 1.23035179, 'lr': 0.00094407, 'params': 269333, 'time_iter': 0.01249, 'accuracy': 0.60824, 'f1': 0.60749, 'auc': 0.95763}
val: {'epoch': 38, 'time_epoch': 0.09273, 'loss': 19.70593076, 'lr': 0, 'params': 269333, 'time_iter': 0.00662, 'accuracy': 0.06667, 'f1': 0.02715, 'auc': 0.56421}
test: {'epoch': 38, 'time_epoch': 0.09594, 'loss': 11.09258469, 'lr': 0, 'params': 269333, 'time_iter': 0.00685, 'accuracy': 0.12381, 'f1': 0.09366, 'auc': 0.61564}
> Epoch 38: took 2.5s (avg 4.0s) | Best so far: epoch 18	train_loss: 1.6725 train_accuracy: 0.4728	val_loss: 5.4849 val_accuracy: 0.1405	test_loss: 3.8044 test_accuracy: 0.1214	F1: 0.1138 Prec: 0.1667 Rec: 0.1214
train: {'epoch': 39, 'time_epoch': 2.24463, 'eta': 730.77755, 'eta_hours': 0.20299, 'loss': 1.16020188, 'lr': 0.00094115, 'params': 269333, 'time_iter': 0.01283, 'accuracy': 0.63602, 'f1': 0.63469, 'auc': 0.96298}
val: {'epoch': 39, 'time_epoch': 0.08794, 'loss': 25.26479103, 'lr': 0, 'params': 269333, 'time_iter': 0.00628, 'accuracy': 0.06905, 'f1': 0.03349, 'auc': 0.55182}
test: {'epoch': 39, 'time_epoch': 0.08228, 'loss': 15.58124196, 'lr': 0, 'params': 269333, 'time_iter': 0.00588, 'accuracy': 0.06905, 'f1': 0.04545, 'auc': 0.56106}
> Epoch 39: took 2.5s (avg 3.9s) | Best so far: epoch 18	train_loss: 1.6725 train_accuracy: 0.4728	val_loss: 5.4849 val_accuracy: 0.1405	test_loss: 3.8044 test_accuracy: 0.1214	F1: 0.1138 Prec: 0.1667 Rec: 0.1214
train: {'epoch': 40, 'time_epoch': 2.09825, 'eta': 720.25464, 'eta_hours': 0.20007, 'loss': 1.18190025, 'lr': 0.00093815, 'params': 269333, 'time_iter': 0.01199, 'accuracy': 0.62706, 'f1': 0.62608, 'auc': 0.96152}
val: {'epoch': 40, 'time_epoch': 0.09913, 'loss': 20.33116539, 'lr': 0, 'params': 269333, 'time_iter': 0.00708, 'accuracy': 0.09762, 'f1': 0.05239, 'auc': 0.58211}
test: {'epoch': 40, 'time_epoch': 0.09727, 'loss': 12.21547644, 'lr': 0, 'params': 269333, 'time_iter': 0.00695, 'accuracy': 0.1119, 'f1': 0.06563, 'auc': 0.60523}
> Epoch 40: took 2.4s (avg 3.9s) | Best so far: epoch 18	train_loss: 1.6725 train_accuracy: 0.4728	val_loss: 5.4849 val_accuracy: 0.1405	test_loss: 3.8044 test_accuracy: 0.1214	F1: 0.1138 Prec: 0.1667 Rec: 0.1214
train: {'epoch': 41, 'time_epoch': 2.27976, 'eta': 711.03182, 'eta_hours': 0.19751, 'loss': 1.16021988, 'lr': 0.00093509, 'params': 269333, 'time_iter': 0.01303, 'accuracy': 0.63763, 'f1': 0.63644, 'auc': 0.96212}
val: {'epoch': 41, 'time_epoch': 0.10566, 'loss': 17.10775235, 'lr': 0, 'params': 269333, 'time_iter': 0.00755, 'accuracy': 0.07381, 'f1': 0.0233, 'auc': 0.56819}
test: {'epoch': 41, 'time_epoch': 0.11475, 'loss': 9.74049584, 'lr': 0, 'params': 269333, 'time_iter': 0.0082, 'accuracy': 0.11429, 'f1': 0.08161, 'auc': 0.62158}
> Epoch 41: took 2.6s (avg 3.8s) | Best so far: epoch 18	train_loss: 1.6725 train_accuracy: 0.4728	val_loss: 5.4849 val_accuracy: 0.1405	test_loss: 3.8044 test_accuracy: 0.1214	F1: 0.1138 Prec: 0.1667 Rec: 0.1214
train: {'epoch': 42, 'time_epoch': 2.16445, 'eta': 701.57684, 'eta_hours': 0.19488, 'loss': 1.13920114, 'lr': 0.00093196, 'params': 269333, 'time_iter': 0.01237, 'accuracy': 0.64068, 'f1': 0.63967, 'auc': 0.9639}
val: {'epoch': 42, 'time_epoch': 0.08839, 'loss': 13.10484258, 'lr': 0, 'params': 269333, 'time_iter': 0.00631, 'accuracy': 0.07381, 'f1': 0.02404, 'auc': 0.56513}
test: {'epoch': 42, 'time_epoch': 0.0926, 'loss': 6.66683266, 'lr': 0, 'params': 269333, 'time_iter': 0.00661, 'accuracy': 0.14048, 'f1': 0.10035, 'auc': 0.67657}
> Epoch 42: took 2.4s (avg 3.8s) | Best so far: epoch 18	train_loss: 1.6725 train_accuracy: 0.4728	val_loss: 5.4849 val_accuracy: 0.1405	test_loss: 3.8044 test_accuracy: 0.1214	F1: 0.1138 Prec: 0.1667 Rec: 0.1214
train: {'epoch': 43, 'time_epoch': 2.02238, 'eta': 691.78808, 'eta_hours': 0.19216, 'loss': 1.09011978, 'lr': 0.00092876, 'params': 269333, 'time_iter': 0.01156, 'accuracy': 0.65305, 'f1': 0.65233, 'auc': 0.96718}
val: {'epoch': 43, 'time_epoch': 0.08718, 'loss': 16.32274642, 'lr': 0, 'params': 269333, 'time_iter': 0.00623, 'accuracy': 0.07857, 'f1': 0.03974, 'auc': 0.58281}
test: {'epoch': 43, 'time_epoch': 0.08169, 'loss': 10.17349974, 'lr': 0, 'params': 269333, 'time_iter': 0.00583, 'accuracy': 0.1, 'f1': 0.06339, 'auc': 0.62492}
> Epoch 43: took 2.3s (avg 3.8s) | Best so far: epoch 18	train_loss: 1.6725 train_accuracy: 0.4728	val_loss: 5.4849 val_accuracy: 0.1405	test_loss: 3.8044 test_accuracy: 0.1214	F1: 0.1138 Prec: 0.1667 Rec: 0.1214
train: {'epoch': 44, 'time_epoch': 2.0848, 'eta': 682.62885, 'eta_hours': 0.18962, 'loss': 1.11174212, 'lr': 0.0009255, 'params': 269333, 'time_iter': 0.01191, 'accuracy': 0.64857, 'f1': 0.64799, 'auc': 0.96581}
val: {'epoch': 44, 'time_epoch': 0.08354, 'loss': 9.16954694, 'lr': 0, 'params': 269333, 'time_iter': 0.00597, 'accuracy': 0.12143, 'f1': 0.08165, 'auc': 0.6129}
test: {'epoch': 44, 'time_epoch': 0.0905, 'loss': 5.96046548, 'lr': 0, 'params': 269333, 'time_iter': 0.00646, 'accuracy': 0.10952, 'f1': 0.09024, 'auc': 0.66749}
> Epoch 44: took 2.3s (avg 3.7s) | Best so far: epoch 18	train_loss: 1.6725 train_accuracy: 0.4728	val_loss: 5.4849 val_accuracy: 0.1405	test_loss: 3.8044 test_accuracy: 0.1214	F1: 0.1138 Prec: 0.1667 Rec: 0.1214
train: {'epoch': 45, 'time_epoch': 2.04864, 'eta': 673.61684, 'eta_hours': 0.18712, 'loss': 1.08961835, 'lr': 0.00092216, 'params': 269333, 'time_iter': 0.01171, 'accuracy': 0.66505, 'f1': 0.6646, 'auc': 0.96651}
val: {'epoch': 45, 'time_epoch': 0.09086, 'loss': 16.36337634, 'lr': 0, 'params': 269333, 'time_iter': 0.00649, 'accuracy': 0.11429, 'f1': 0.07793, 'auc': 0.6027}
test: {'epoch': 45, 'time_epoch': 0.09513, 'loss': 8.5883551, 'lr': 0, 'params': 269333, 'time_iter': 0.0068, 'accuracy': 0.1, 'f1': 0.07025, 'auc': 0.63092}
> Epoch 45: took 2.3s (avg 3.7s) | Best so far: epoch 18	train_loss: 1.6725 train_accuracy: 0.4728	val_loss: 5.4849 val_accuracy: 0.1405	test_loss: 3.8044 test_accuracy: 0.1214	F1: 0.1138 Prec: 0.1667 Rec: 0.1214
train: {'epoch': 46, 'time_epoch': 2.1572, 'eta': 665.37003, 'eta_hours': 0.18483, 'loss': 1.08213769, 'lr': 0.00091876, 'params': 269333, 'time_iter': 0.01233, 'accuracy': 0.65824, 'f1': 0.6572, 'auc': 0.96734}
val: {'epoch': 46, 'time_epoch': 0.07672, 'loss': 16.78551819, 'lr': 0, 'params': 269333, 'time_iter': 0.00548, 'accuracy': 0.09286, 'f1': 0.0467, 'auc': 0.57707}
test: {'epoch': 46, 'time_epoch': 0.07489, 'loss': 10.77855017, 'lr': 0, 'params': 269333, 'time_iter': 0.00535, 'accuracy': 0.1119, 'f1': 0.07112, 'auc': 0.62512}
> Epoch 46: took 2.4s (avg 3.7s) | Best so far: epoch 18	train_loss: 1.6725 train_accuracy: 0.4728	val_loss: 5.4849 val_accuracy: 0.1405	test_loss: 3.8044 test_accuracy: 0.1214	F1: 0.1138 Prec: 0.1667 Rec: 0.1214
train: {'epoch': 47, 'time_epoch': 1.97172, 'eta': 656.59639, 'eta_hours': 0.18239, 'loss': 1.08130304, 'lr': 0.0009153, 'params': 269333, 'time_iter': 0.01127, 'accuracy': 0.65233, 'f1': 0.65159, 'auc': 0.96789}
val: {'epoch': 47, 'time_epoch': 0.08888, 'loss': 11.65879099, 'lr': 0, 'params': 269333, 'time_iter': 0.00635, 'accuracy': 0.09286, 'f1': 0.07123, 'auc': 0.6036}
test: {'epoch': 47, 'time_epoch': 0.08499, 'loss': 7.29092542, 'lr': 0, 'params': 269333, 'time_iter': 0.00607, 'accuracy': 0.11667, 'f1': 0.0805, 'auc': 0.65751}
> Epoch 47: took 2.2s (avg 3.7s) | Best so far: epoch 18	train_loss: 1.6725 train_accuracy: 0.4728	val_loss: 5.4849 val_accuracy: 0.1405	test_loss: 3.8044 test_accuracy: 0.1214	F1: 0.1138 Prec: 0.1667 Rec: 0.1214
train: {'epoch': 48, 'time_epoch': 2.0383, 'eta': 648.37353, 'eta_hours': 0.1801, 'loss': 1.06349015, 'lr': 0.00091177, 'params': 269333, 'time_iter': 0.01165, 'accuracy': 0.6638, 'f1': 0.66326, 'auc': 0.96821}
val: {'epoch': 48, 'time_epoch': 0.09787, 'loss': 19.70961213, 'lr': 0, 'params': 269333, 'time_iter': 0.00699, 'accuracy': 0.10238, 'f1': 0.05714, 'auc': 0.5764}
test: {'epoch': 48, 'time_epoch': 0.08983, 'loss': 12.49403732, 'lr': 0, 'params': 269333, 'time_iter': 0.00642, 'accuracy': 0.09048, 'f1': 0.06008, 'auc': 0.59179}
> Epoch 48: took 2.3s (avg 3.6s) | Best so far: epoch 18	train_loss: 1.6725 train_accuracy: 0.4728	val_loss: 5.4849 val_accuracy: 0.1405	test_loss: 3.8044 test_accuracy: 0.1214	F1: 0.1138 Prec: 0.1667 Rec: 0.1214
train: {'epoch': 49, 'time_epoch': 2.07162, 'eta': 640.53129, 'eta_hours': 0.17793, 'loss': 1.0507361, 'lr': 0.00090817, 'params': 269333, 'time_iter': 0.01184, 'accuracy': 0.66452, 'f1': 0.66398, 'auc': 0.96906}
val: {'epoch': 49, 'time_epoch': 0.09794, 'loss': 17.64361823, 'lr': 0, 'params': 269333, 'time_iter': 0.007, 'accuracy': 0.08095, 'f1': 0.04885, 'auc': 0.55986}
test: {'epoch': 49, 'time_epoch': 0.08685, 'loss': 9.65715377, 'lr': 0, 'params': 269333, 'time_iter': 0.0062, 'accuracy': 0.0881, 'f1': 0.06698, 'auc': 0.61899}
> Epoch 49: took 2.3s (avg 3.6s) | Best so far: epoch 18	train_loss: 1.6725 train_accuracy: 0.4728	val_loss: 5.4849 val_accuracy: 0.1405	test_loss: 3.8044 test_accuracy: 0.1214	F1: 0.1138 Prec: 0.1667 Rec: 0.1214
train: {'epoch': 50, 'time_epoch': 2.12392, 'eta': 633.11945, 'eta_hours': 0.17587, 'loss': 1.00955688, 'lr': 0.00090451, 'params': 269333, 'time_iter': 0.01214, 'accuracy': 0.68172, 'f1': 0.68158, 'auc': 0.97173}
val: {'epoch': 50, 'time_epoch': 0.08291, 'loss': 17.28443453, 'lr': 0, 'params': 269333, 'time_iter': 0.00592, 'accuracy': 0.11429, 'f1': 0.06531, 'auc': 0.59279}
test: {'epoch': 50, 'time_epoch': 0.09742, 'loss': 9.75529511, 'lr': 0, 'params': 269333, 'time_iter': 0.00696, 'accuracy': 0.10238, 'f1': 0.07483, 'auc': 0.62562}
> Epoch 50: took 2.4s (avg 3.6s) | Best so far: epoch 18	train_loss: 1.6725 train_accuracy: 0.4728	val_loss: 5.4849 val_accuracy: 0.1405	test_loss: 3.8044 test_accuracy: 0.1214	F1: 0.1138 Prec: 0.1667 Rec: 0.1214
train: {'epoch': 51, 'time_epoch': 2.06832, 'eta': 625.69927, 'eta_hours': 0.17381, 'loss': 1.00894246, 'lr': 0.00090078, 'params': 269333, 'time_iter': 0.01182, 'accuracy': 0.68781, 'f1': 0.68731, 'auc': 0.9716}
val: {'epoch': 51, 'time_epoch': 0.07681, 'loss': 9.19577112, 'lr': 0, 'params': 269333, 'time_iter': 0.00549, 'accuracy': 0.10238, 'f1': 0.0742, 'auc': 0.63324}
test: {'epoch': 51, 'time_epoch': 0.0894, 'loss': 5.22576121, 'lr': 0, 'params': 269333, 'time_iter': 0.00639, 'accuracy': 0.15, 'f1': 0.13289, 'auc': 0.71515}
> Epoch 51: took 2.3s (avg 3.6s) | Best so far: epoch 18	train_loss: 1.6725 train_accuracy: 0.4728	val_loss: 5.4849 val_accuracy: 0.1405	test_loss: 3.8044 test_accuracy: 0.1214	F1: 0.1138 Prec: 0.1667 Rec: 0.1214
train: {'epoch': 52, 'time_epoch': 2.18895, 'eta': 618.92943, 'eta_hours': 0.17192, 'loss': 1.00267585, 'lr': 0.000897, 'params': 269333, 'time_iter': 0.01251, 'accuracy': 0.69247, 'f1': 0.69169, 'auc': 0.97151}
val: {'epoch': 52, 'time_epoch': 0.08125, 'loss': 19.50757221, 'lr': 0, 'params': 269333, 'time_iter': 0.0058, 'accuracy': 0.06667, 'f1': 0.03403, 'auc': 0.54502}
test: {'epoch': 52, 'time_epoch': 0.08758, 'loss': 10.83503345, 'lr': 0, 'params': 269333, 'time_iter': 0.00626, 'accuracy': 0.1381, 'f1': 0.09662, 'auc': 0.64205}
> Epoch 52: took 2.4s (avg 3.5s) | Best so far: epoch 18	train_loss: 1.6725 train_accuracy: 0.4728	val_loss: 5.4849 val_accuracy: 0.1405	test_loss: 3.8044 test_accuracy: 0.1214	F1: 0.1138 Prec: 0.1667 Rec: 0.1214
[*] Run ID 0: seed=0, split_index=0
    Starting now: 2026-04-20 15:13:34.950377
[*] Loaded dataset 'rfid' from 'RFID':
  Data(x=[1540800, 2], edge_index=[2, 6009120], y=[6420], y_user=[6420], subject=[6420])
  undirected: False
  num graphs: 6420
  avg num_nodes/graph: 240
  num node features: 2
  num edge features: 0
  num classes: 21
[*] LOPO Split: Test Subj=DE 3m, Val Subj=FQ 3m
    Train: 5580 | Val: 420 | Test: 420
GraphGymModule(
  (model): CustomGNN(
    (encoder): FeatureEncoder()
    (pre_mp): GeneralMultiLayer(
      (Layer_0): GeneralLayer(
        (layer): Linear(
          (model): Linear(2, 128, bias=False)
        )
        (post_layer): Sequential(
          (0): BatchNorm1d(128, eps=1e-05, momentum=0.1, affine=True, track_running_stats=True)
          (1): Dropout(p=0.2, inplace=False)
          (2): ReLU()
        )
      )
    )
    (gnn_layers): Sequential(
      (0): GCNConvLayer(
        (bn_node_x): BatchNorm1d(128, eps=1e-05, momentum=0.1, affine=True, track_running_stats=True)
        (act): Sequential(
          (0): ReLU()
          (1): Dropout(p=0.2, inplace=False)
        )
        (model): GCNConv(128, 128)
        (norm1_local): BatchNorm1d(128, eps=1e-05, momentum=0.1, affine=True, track_running_stats=True)
        (ff_linear1): Linear(in_features=128, out_features=256, bias=True)
        (ff_linear2): Linear(in_features=256, out_features=128, bias=True)
        (act_fn_ff): ReLU()
        (norm2): BatchNorm1d(128, eps=1e-05, momentum=0.1, affine=True, track_running_stats=True)
        (ff_dropout1): Dropout(p=0.2, inplace=False)
        (ff_dropout2): Dropout(p=0.2, inplace=False)
      )
      (1): GCNConvLayer(
        (bn_node_x): BatchNorm1d(128, eps=1e-05, momentum=0.1, affine=True, track_running_stats=True)
        (act): Sequential(
          (0): ReLU()
          (1): Dropout(p=0.2, inplace=False)
        )
        (model): GCNConv(128, 128)
        (norm1_local): BatchNorm1d(128, eps=1e-05, momentum=0.1, affine=True, track_running_stats=True)
        (ff_linear1): Linear(in_features=128, out_features=256, bias=True)
        (ff_linear2): Linear(in_features=256, out_features=128, bias=True)
        (act_fn_ff): ReLU()
        (norm2): BatchNorm1d(128, eps=1e-05, momentum=0.1, affine=True, track_running_stats=True)
        (ff_dropout1): Dropout(p=0.2, inplace=False)
        (ff_dropout2): Dropout(p=0.2, inplace=False)
      )
      (2): GCNConvLayer(
        (bn_node_x): BatchNorm1d(128, eps=1e-05, momentum=0.1, affine=True, track_running_stats=True)
        (act): Sequential(
          (0): ReLU()
          (1): Dropout(p=0.2, inplace=False)
        )
        (model): GCNConv(128, 128)
        (norm1_local): BatchNorm1d(128, eps=1e-05, momentum=0.1, affine=True, track_running_stats=True)
        (ff_linear1): Linear(in_features=128, out_features=256, bias=True)
        (ff_linear2): Linear(in_features=256, out_features=128, bias=True)
        (act_fn_ff): ReLU()
        (norm2): BatchNorm1d(128, eps=1e-05, momentum=0.1, affine=True, track_running_stats=True)
        (ff_dropout1): Dropout(p=0.2, inplace=False)
        (ff_dropout2): Dropout(p=0.2, inplace=False)
      )
    )
    (post_mp): MLPGraphHead(
      (mlp): Sequential(
        (0): Dropout(p=0.2, inplace=False)
        (1): Linear(in_features=128, out_features=128, bias=True)
        (2): ReLU()
        (3): Dropout(p=0.2, inplace=False)
        (4): Linear(in_features=128, out_features=21, bias=True)
      )
    )
  )
)
accelerator: cuda
adv:
  lambda_u: 1.0
  num_users: 16
  use: False
benchmark: False
bn:
  eps: 1e-05
  mom: 0.1
cfg_dest: config.yaml
custom_metrics: []
dataset:
  cache_load: False
  cache_save: False
  dir: C:\Users\PC\Desktop\AdversarialLearningProject 1\ICML\Adversarial_Learning\Daniel\RFIDDataSet\DataSetLOPO
  edge_dim: 128
  edge_encoder: False
  edge_encoder_bn: True
  edge_encoder_name: Bond
  edge_encoder_num_types: 0
  edge_message_ratio: 0.8
  edge_negative_sampling_ratio: 1.0
  edge_train_mode: all
  encoder: True
  encoder_bn: True
  encoder_dim: 128
  encoder_name: db
  format: RFID
  infer_link_label: None
  label_column: none
  label_table: none
  location: local
  name: rfid
  node_encoder: False
  node_encoder_bn: True
  node_encoder_name: Atom
  node_encoder_num_types: 0
  remove_feature: False
  resample_disjoint: False
  resample_negative: False
  shuffle_split: True
  slic_compactness: 10
  split: [0.8, 0.1, 0.1]
  split_dir: ./splits
  split_index: 0
  split_mode: lopo-subject
  task: graph
  task_type: classification
  test_subj: DE 3m
  to_undirected: False
  transductive: False
  transform: none
  tu_simple: True
  val_subj: FQ 3m
devices: 1
example_arg: example
example_group:
  example_arg: example
gnn:
  act: relu
  agg: add
  att_final_linear: False
  att_final_linear_bn: False
  att_heads: 1
  batchnorm: True
  clear_feature: True
  dim_inner: 128
  dropout: 0.2
  ffn: True
  head: mlp_graph
  keep_edge: 0.5
  l2norm: True
  layer_type: gcn
  layers_mp: 3
  layers_post_mp: 2
  layers_pre_mp: 1
  msg_direction: single
  normalize_adj: False
  residual: False
  self_msg: concat
  skip_every: 1
  stage_type: stack
gpu_mem: False
mem:
  inplace: False
metric_agg: argmax
metric_best: accuracy
model:
  edge_decoding: dot
  graph_pooling: mean
  loss_fun: cross_entropy
  match_upper: True
  size_average: mean
  thresh: 0.5
  type: custom_gnn
name_tag: 
num_threads: 6
num_workers: 0
optim:
  base_lr: 0.001
  batch_accumulation: 1
  clip_grad_norm: False
  clip_grad_norm_value: 1.0
  lr_decay: 0.1
  max_epoch: 250
  min_lr: 0.0
  momentum: 0.9
  num_warmup_epochs: 50
  optimizer: adam
  reduce_factor: 0.1
  schedule_patience: 10
  scheduler: cos
  steps: [30, 60, 90]
  weight_decay: 0.0005
out_dir: results_lopo_1.0/DE_3m
posenc_RWSE:
  dim_pe: 16
  enable: False
  kernel:
    times: []
    times_func: 
  layers: 3
  model: none
  n_heads: 4
  pass_as_var: False
  post_layers: 0
  raw_norm_type: none
pretrained:
  dir: 
  freeze_main: False
  reset_prediction_head: True
print: both
round: 5
run_dir: results_lopo_1.0/DE_3m
run_id: 0
run_multiple_splits: []
seed: 0
share:
  dim_in: 2
  dim_out: 21
  num_splits: 3
tensorboard_agg: True
tensorboard_each_run: False
train:
  auto_resume: False
  batch_size: 32
  ckpt_best: False
  ckpt_clean: True
  ckpt_period: 100
  enable_ckpt: True
  epoch_resume: -1
  eval_period: 1
  eval_smoothing_metrics: False
  iter_per_epoch: 32
  mode: custom
  neighbor_sizes: [20, 15, 10, 5]
  node_per_graph: 32
  radius: extend
  sample_node: False
  sampler: full_batch
  skip_train_eval: False
  walk_length: 4
val:
  node_per_graph: 32
  radius: extend
  sample_node: False
  sampler: full_batch
view_emb: False
wandb:
  entity: gnn
  name: 
  project: rfid_lopo
  use: False
Num parameters: 269333
Start from epoch 0
train: {'epoch': 0, 'time_epoch': 2.52289, 'eta': 628.20023, 'eta_hours': 0.1745, 'loss': 2.90368931, 'lr': 0.001, 'params': 269333, 'time_iter': 0.01442, 'accuracy': 0.10556, 'f1': 0.09475, 'auc': 0.64961}
...computing epoch stats took: 0.08s
val: {'epoch': 0, 'time_epoch': 0.10209, 'loss': 2.9725064, 'lr': 0, 'params': 269333, 'time_iter': 0.00729, 'accuracy': 0.07857, 'f1': 0.02599, 'auc': 0.73431}
...computing epoch stats took: 0.04s
test: {'epoch': 0, 'time_epoch': 0.1216, 'loss': 3.00184373, 'lr': 0, 'params': 269333, 'time_iter': 0.00869, 'accuracy': 0.06905, 'f1': 0.04009, 'auc': 0.68368}
...computing epoch stats took: 0.03s
[*] Confusion Matrix saved to: results_lopo_1.0/DE_3m\Conf\confusion_matrix_epoch_0.png
> Epoch 0: took 2.9s (avg 2.9s) | Best so far: epoch 0	train_loss: 2.9037 train_accuracy: 0.1056	val_loss: 2.9725 val_accuracy: 0.0786	test_loss: 3.0018 test_accuracy: 0.0691	F1: 0.0401 Prec: 0.0599 Rec: 0.0690
train: {'epoch': 1, 'time_epoch': 2.07391, 'eta': 570.00303, 'eta_hours': 0.15833, 'loss': 2.73853185, 'lr': 0.00099996, 'params': 269333, 'time_iter': 0.01185, 'accuracy': 0.15484, 'f1': 0.14341, 'auc': 0.7241}
...computing epoch stats took: 0.03s
val: {'epoch': 1, 'time_epoch': 0.09851, 'loss': 2.91156413, 'lr': 0, 'params': 269333, 'time_iter': 0.00704, 'accuracy': 0.11667, 'f1': 0.07739, 'auc': 0.69738}
...computing epoch stats took: 0.03s
test: {'epoch': 1, 'time_epoch': 0.08566, 'loss': 3.08773156, 'lr': 0, 'params': 269333, 'time_iter': 0.00612, 'accuracy': 0.08333, 'f1': 0.05441, 'auc': 0.65741}
...computing epoch stats took: 0.02s
[*] Confusion Matrix saved to: results_lopo_1.0/DE_3m\Conf\confusion_matrix_epoch_1.png
> Epoch 1: took 2.4s (avg 2.6s) | Best so far: epoch 1	train_loss: 2.7385 train_accuracy: 0.1548	val_loss: 2.9116 val_accuracy: 0.1167	test_loss: 3.0877 test_accuracy: 0.0833	F1: 0.0544 Prec: 0.1770 Rec: 0.0833
train: {'epoch': 2, 'time_epoch': 2.09671, 'eta': 551.09864, 'eta_hours': 0.15308, 'loss': 2.619702, 'lr': 0.00099984, 'params': 269333, 'time_iter': 0.01198, 'accuracy': 0.1914, 'f1': 0.17821, 'auc': 0.75854}
...computing epoch stats took: 0.02s
val: {'epoch': 2, 'time_epoch': 0.09456, 'loss': 3.16299255, 'lr': 0, 'params': 269333, 'time_iter': 0.00675, 'accuracy': 0.12619, 'f1': 0.07123, 'auc': 0.7074}
...computing epoch stats took: 0.02s
test: {'epoch': 2, 'time_epoch': 0.08681, 'loss': 2.90828825, 'lr': 0, 'params': 269333, 'time_iter': 0.0062, 'accuracy': 0.09762, 'f1': 0.08272, 'auc': 0.70391}
...computing epoch stats took: 0.02s
[*] Confusion Matrix saved to: results_lopo_1.0/DE_3m\Conf\confusion_matrix_epoch_2.png
> Epoch 2: took 2.4s (avg 2.5s) | Best so far: epoch 2	train_loss: 2.6197 train_accuracy: 0.1914	val_loss: 3.1630 val_accuracy: 0.1262	test_loss: 2.9083 test_accuracy: 0.0976	F1: 0.0827 Prec: 0.1332 Rec: 0.0976
train: {'epoch': 3, 'time_epoch': 2.08656, 'eta': 539.97434, 'eta_hours': 0.14999, 'loss': 2.50643461, 'lr': 0.00099964, 'params': 269333, 'time_iter': 0.01192, 'accuracy': 0.22491, 'f1': 0.20877, 'auc': 0.788}
val: {'epoch': 3, 'time_epoch': 0.08948, 'loss': 4.73277798, 'lr': 0, 'params': 269333, 'time_iter': 0.00639, 'accuracy': 0.08095, 'f1': 0.04184, 'auc': 0.60408}
test: {'epoch': 3, 'time_epoch': 0.08467, 'loss': 3.76758127, 'lr': 0, 'params': 269333, 'time_iter': 0.00605, 'accuracy': 0.05, 'f1': 0.04536, 'auc': 0.64304}
> Epoch 3: took 2.3s (avg 2.5s) | Best so far: epoch 2	train_loss: 2.6197 train_accuracy: 0.1914	val_loss: 3.1630 val_accuracy: 0.1262	test_loss: 2.9083 test_accuracy: 0.0976	F1: 0.0827 Prec: 0.1332 Rec: 0.0976
train: {'epoch': 4, 'time_epoch': 2.04834, 'eta': 530.5922, 'eta_hours': 0.14739, 'loss': 2.39961417, 'lr': 0.00099937, 'params': 269333, 'time_iter': 0.0117, 'accuracy': 0.2509, 'f1': 0.23471, 'auc': 0.81187}
val: {'epoch': 4, 'time_epoch': 0.10503, 'loss': 6.77888971, 'lr': 0, 'params': 269333, 'time_iter': 0.0075, 'accuracy': 0.06429, 'f1': 0.02228, 'auc': 0.59326}
test: {'epoch': 4, 'time_epoch': 0.11794, 'loss': 4.96365193, 'lr': 0, 'params': 269333, 'time_iter': 0.00842, 'accuracy': 0.11905, 'f1': 0.08202, 'auc': 0.60548}
> Epoch 4: took 2.4s (avg 2.5s) | Best so far: epoch 2	train_loss: 2.6197 train_accuracy: 0.1914	val_loss: 3.1630 val_accuracy: 0.1262	test_loss: 2.9083 test_accuracy: 0.0976	F1: 0.0827 Prec: 0.1332 Rec: 0.0976
train: {'epoch': 5, 'time_epoch': 2.17093, 'eta': 528.63985, 'eta_hours': 0.14684, 'loss': 2.31272235, 'lr': 0.00099901, 'params': 269333, 'time_iter': 0.01241, 'accuracy': 0.27491, 'f1': 0.25964, 'auc': 0.82823}
val: {'epoch': 5, 'time_epoch': 0.08143, 'loss': 6.76359655, 'lr': 0, 'params': 269333, 'time_iter': 0.00582, 'accuracy': 0.10952, 'f1': 0.06377, 'auc': 0.62848}
test: {'epoch': 5, 'time_epoch': 0.08004, 'loss': 4.55313366, 'lr': 0, 'params': 269333, 'time_iter': 0.00572, 'accuracy': 0.08333, 'f1': 0.05564, 'auc': 0.64697}
> Epoch 5: took 2.4s (avg 2.4s) | Best so far: epoch 2	train_loss: 2.6197 train_accuracy: 0.1914	val_loss: 3.1630 val_accuracy: 0.1262	test_loss: 2.9083 test_accuracy: 0.0976	F1: 0.0827 Prec: 0.1332 Rec: 0.0976
train: {'epoch': 6, 'time_epoch': 2.06552, 'eta': 522.96598, 'eta_hours': 0.14527, 'loss': 2.23476937, 'lr': 0.00099858, 'params': 269333, 'time_iter': 0.0118, 'accuracy': 0.31075, 'f1': 0.2961, 'auc': 0.84252}
val: {'epoch': 6, 'time_epoch': 0.07753, 'loss': 4.95319959, 'lr': 0, 'params': 269333, 'time_iter': 0.00554, 'accuracy': 0.09048, 'f1': 0.06806, 'auc': 0.62819}
test: {'epoch': 6, 'time_epoch': 0.07707, 'loss': 3.36496092, 'lr': 0, 'params': 269333, 'time_iter': 0.0055, 'accuracy': 0.12143, 'f1': 0.10361, 'auc': 0.7062}
> Epoch 6: took 2.3s (avg 2.4s) | Best so far: epoch 2	train_loss: 2.6197 train_accuracy: 0.1914	val_loss: 3.1630 val_accuracy: 0.1262	test_loss: 2.9083 test_accuracy: 0.0976	F1: 0.0827 Prec: 0.1332 Rec: 0.0976
train: {'epoch': 7, 'time_epoch': 2.00186, 'eta': 516.26831, 'eta_hours': 0.14341, 'loss': 2.16092367, 'lr': 0.00099807, 'params': 269333, 'time_iter': 0.01144, 'accuracy': 0.32688, 'f1': 0.31496, 'auc': 0.85479}
val: {'epoch': 7, 'time_epoch': 0.1006, 'loss': 8.83823204, 'lr': 0, 'params': 269333, 'time_iter': 0.00719, 'accuracy': 0.08333, 'f1': 0.03779, 'auc': 0.62099}
test: {'epoch': 7, 'time_epoch': 0.08742, 'loss': 6.98440548, 'lr': 0, 'params': 269333, 'time_iter': 0.00624, 'accuracy': 0.07619, 'f1': 0.07849, 'auc': 0.60045}
> Epoch 7: took 2.3s (avg 2.4s) | Best so far: epoch 2	train_loss: 2.6197 train_accuracy: 0.1914	val_loss: 3.1630 val_accuracy: 0.1262	test_loss: 2.9083 test_accuracy: 0.0976	F1: 0.0827 Prec: 0.1332 Rec: 0.0976
train: {'epoch': 8, 'time_epoch': 2.09991, 'eta': 513.23986, 'eta_hours': 0.14257, 'loss': 2.08030717, 'lr': 0.00099748, 'params': 269333, 'time_iter': 0.012, 'accuracy': 0.35215, 'f1': 0.33841, 'auc': 0.86872}
val: {'epoch': 8, 'time_epoch': 0.09147, 'loss': 8.8316771, 'lr': 0, 'params': 269333, 'time_iter': 0.00653, 'accuracy': 0.09524, 'f1': 0.04468, 'auc': 0.60482}
test: {'epoch': 8, 'time_epoch': 0.09654, 'loss': 6.71671972, 'lr': 0, 'params': 269333, 'time_iter': 0.0069, 'accuracy': 0.08571, 'f1': 0.07989, 'auc': 0.59498}
> Epoch 8: took 2.4s (avg 2.4s) | Best so far: epoch 2	train_loss: 2.6197 train_accuracy: 0.1914	val_loss: 3.1630 val_accuracy: 0.1262	test_loss: 2.9083 test_accuracy: 0.0976	F1: 0.0827 Prec: 0.1332 Rec: 0.0976
train: {'epoch': 9, 'time_epoch': 2.04468, 'eta': 509.07157, 'eta_hours': 0.14141, 'loss': 2.03665639, 'lr': 0.00099681, 'params': 269333, 'time_iter': 0.01168, 'accuracy': 0.36613, 'f1': 0.35591, 'auc': 0.87362}
val: {'epoch': 9, 'time_epoch': 0.08254, 'loss': 15.81104983, 'lr': 0, 'params': 269333, 'time_iter': 0.0059, 'accuracy': 0.1119, 'f1': 0.04402, 'auc': 0.59372}
test: {'epoch': 9, 'time_epoch': 0.08475, 'loss': 9.83755574, 'lr': 0, 'params': 269333, 'time_iter': 0.00605, 'accuracy': 0.0881, 'f1': 0.04895, 'auc': 0.59191}
> Epoch 9: took 2.3s (avg 2.4s) | Best so far: epoch 2	train_loss: 2.6197 train_accuracy: 0.1914	val_loss: 3.1630 val_accuracy: 0.1262	test_loss: 2.9083 test_accuracy: 0.0976	F1: 0.0827 Prec: 0.1332 Rec: 0.0976
train: {'epoch': 10, 'time_epoch': 2.02675, 'eta': 504.89977, 'eta_hours': 0.14025, 'loss': 1.98514667, 'lr': 0.00099606, 'params': 269333, 'time_iter': 0.01158, 'accuracy': 0.37312, 'f1': 0.3644, 'auc': 0.88261}
val: {'epoch': 10, 'time_epoch': 0.07764, 'loss': 7.40302342, 'lr': 0, 'params': 269333, 'time_iter': 0.00555, 'accuracy': 0.09524, 'f1': 0.0308, 'auc': 0.61342}
test: {'epoch': 10, 'time_epoch': 0.07903, 'loss': 4.2512166, 'lr': 0, 'params': 269333, 'time_iter': 0.00565, 'accuracy': 0.1119, 'f1': 0.1009, 'auc': 0.68741}
> Epoch 10: took 2.3s (avg 2.4s) | Best so far: epoch 2	train_loss: 2.6197 train_accuracy: 0.1914	val_loss: 3.1630 val_accuracy: 0.1262	test_loss: 2.9083 test_accuracy: 0.0976	F1: 0.0827 Prec: 0.1332 Rec: 0.0976
train: {'epoch': 11, 'time_epoch': 2.0902, 'eta': 502.34388, 'eta_hours': 0.13954, 'loss': 1.94726677, 'lr': 0.00099523, 'params': 269333, 'time_iter': 0.01194, 'accuracy': 0.3862, 'f1': 0.37797, 'auc': 0.88681}
val: {'epoch': 11, 'time_epoch': 0.08626, 'loss': 9.49924583, 'lr': 0, 'params': 269333, 'time_iter': 0.00616, 'accuracy': 0.09048, 'f1': 0.04411, 'auc': 0.62848}
test: {'epoch': 11, 'time_epoch': 0.08599, 'loss': 6.06580432, 'lr': 0, 'params': 269333, 'time_iter': 0.00614, 'accuracy': 0.09286, 'f1': 0.06941, 'auc': 0.6324}
> Epoch 11: took 2.3s (avg 2.4s) | Best so far: epoch 2	train_loss: 2.6197 train_accuracy: 0.1914	val_loss: 3.1630 val_accuracy: 0.1262	test_loss: 2.9083 test_accuracy: 0.0976	F1: 0.0827 Prec: 0.1332 Rec: 0.0976
train: {'epoch': 12, 'time_epoch': 1.99687, 'eta': 498.15818, 'eta_hours': 0.13838, 'loss': 1.88764866, 'lr': 0.00099433, 'params': 269333, 'time_iter': 0.01141, 'accuracy': 0.40663, 'f1': 0.40018, 'auc': 0.89508}
val: {'epoch': 12, 'time_epoch': 0.08338, 'loss': 8.64792338, 'lr': 0, 'params': 269333, 'time_iter': 0.00596, 'accuracy': 0.1, 'f1': 0.0481, 'auc': 0.59822}
test: {'epoch': 12, 'time_epoch': 0.0845, 'loss': 5.39608249, 'lr': 0, 'params': 269333, 'time_iter': 0.00604, 'accuracy': 0.11429, 'f1': 0.09264, 'auc': 0.64868}
> Epoch 12: took 2.2s (avg 2.4s) | Best so far: epoch 2	train_loss: 2.6197 train_accuracy: 0.1914	val_loss: 3.1630 val_accuracy: 0.1262	test_loss: 2.9083 test_accuracy: 0.0976	F1: 0.0827 Prec: 0.1332 Rec: 0.0976
train: {'epoch': 13, 'time_epoch': 1.97292, 'eta': 493.88144, 'eta_hours': 0.13719, 'loss': 1.84328298, 'lr': 0.00099334, 'params': 269333, 'time_iter': 0.01127, 'accuracy': 0.41864, 'f1': 0.41234, 'auc': 0.89958}
val: {'epoch': 13, 'time_epoch': 0.08762, 'loss': 11.01087179, 'lr': 0, 'params': 269333, 'time_iter': 0.00626, 'accuracy': 0.09286, 'f1': 0.03572, 'auc': 0.60988}
test: {'epoch': 13, 'time_epoch': 0.07917, 'loss': 6.75439245, 'lr': 0, 'params': 269333, 'time_iter': 0.00565, 'accuracy': 0.10476, 'f1': 0.08761, 'auc': 0.63677}
> Epoch 13: took 2.2s (avg 2.4s) | Best so far: epoch 2	train_loss: 2.6197 train_accuracy: 0.1914	val_loss: 3.1630 val_accuracy: 0.1262	test_loss: 2.9083 test_accuracy: 0.0976	F1: 0.0827 Prec: 0.1332 Rec: 0.0976
train: {'epoch': 14, 'time_epoch': 1.97942, 'eta': 490.01377, 'eta_hours': 0.13611, 'loss': 1.8133054, 'lr': 0.00099228, 'params': 269333, 'time_iter': 0.01131, 'accuracy': 0.4181, 'f1': 0.41204, 'auc': 0.90443}
val: {'epoch': 14, 'time_epoch': 0.08269, 'loss': 17.22008518, 'lr': 0, 'params': 269333, 'time_iter': 0.00591, 'accuracy': 0.09524, 'f1': 0.03807, 'auc': 0.59105}
test: {'epoch': 14, 'time_epoch': 0.085, 'loss': 11.23893126, 'lr': 0, 'params': 269333, 'time_iter': 0.00607, 'accuracy': 0.05952, 'f1': 0.03968, 'auc': 0.58754}
> Epoch 14: took 2.2s (avg 2.3s) | Best so far: epoch 2	train_loss: 2.6197 train_accuracy: 0.1914	val_loss: 3.1630 val_accuracy: 0.1262	test_loss: 2.9083 test_accuracy: 0.0976	F1: 0.0827 Prec: 0.1332 Rec: 0.0976
train: {'epoch': 15, 'time_epoch': 2.15863, 'eta': 489.00303, 'eta_hours': 0.13583, 'loss': 1.77554224, 'lr': 0.00099114, 'params': 269333, 'time_iter': 0.01234, 'accuracy': 0.44086, 'f1': 0.43615, 'auc': 0.90833}
val: {'epoch': 15, 'time_epoch': 0.09891, 'loss': 17.25528041, 'lr': 0, 'params': 269333, 'time_iter': 0.00707, 'accuracy': 0.09286, 'f1': 0.03349, 'auc': 0.57346}
test: {'epoch': 15, 'time_epoch': 0.10415, 'loss': 11.33757321, 'lr': 0, 'params': 269333, 'time_iter': 0.00744, 'accuracy': 0.09048, 'f1': 0.06905, 'auc': 0.57014}
> Epoch 15: took 2.4s (avg 2.4s) | Best so far: epoch 2	train_loss: 2.6197 train_accuracy: 0.1914	val_loss: 3.1630 val_accuracy: 0.1262	test_loss: 2.9083 test_accuracy: 0.0976	F1: 0.0827 Prec: 0.1332 Rec: 0.0976
train: {'epoch': 16, 'time_epoch': 2.07891, 'eta': 486.76465, 'eta_hours': 0.13521, 'loss': 1.73303997, 'lr': 0.00098993, 'params': 269333, 'time_iter': 0.01188, 'accuracy': 0.45806, 'f1': 0.45183, 'auc': 0.91212}
val: {'epoch': 16, 'time_epoch': 0.08608, 'loss': 11.14703602, 'lr': 0, 'params': 269333, 'time_iter': 0.00615, 'accuracy': 0.07619, 'f1': 0.03361, 'auc': 0.58861}
test: {'epoch': 16, 'time_epoch': 0.08773, 'loss': 7.34841888, 'lr': 0, 'params': 269333, 'time_iter': 0.00627, 'accuracy': 0.14048, 'f1': 0.11485, 'auc': 0.62514}
> Epoch 16: took 2.3s (avg 2.4s) | Best so far: epoch 2	train_loss: 2.6197 train_accuracy: 0.1914	val_loss: 3.1630 val_accuracy: 0.1262	test_loss: 2.9083 test_accuracy: 0.0976	F1: 0.0827 Prec: 0.1332 Rec: 0.0976
train: {'epoch': 17, 'time_epoch': 2.02028, 'eta': 483.78825, 'eta_hours': 0.13439, 'loss': 1.68890465, 'lr': 0.00098863, 'params': 269333, 'time_iter': 0.01154, 'accuracy': 0.46452, 'f1': 0.46014, 'auc': 0.91745}
val: {'epoch': 17, 'time_epoch': 0.0836, 'loss': 9.40906107, 'lr': 0, 'params': 269333, 'time_iter': 0.00597, 'accuracy': 0.12857, 'f1': 0.06663, 'auc': 0.61268}
test: {'epoch': 17, 'time_epoch': 0.07684, 'loss': 6.46823126, 'lr': 0, 'params': 269333, 'time_iter': 0.00549, 'accuracy': 0.09524, 'f1': 0.07165, 'auc': 0.6346}
[*] Confusion Matrix saved to: results_lopo_1.0/DE_3m\Conf\confusion_matrix_epoch_17.png
> Epoch 17: took 2.3s (avg 2.3s) | Best so far: epoch 17	train_loss: 1.6889 train_accuracy: 0.4645	val_loss: 9.4091 val_accuracy: 0.1286	test_loss: 6.4682 test_accuracy: 0.0952	F1: 0.0717 Prec: 0.0780 Rec: 0.0952
train: {'epoch': 18, 'time_epoch': 1.9444, 'eta': 479.98999, 'eta_hours': 0.13333, 'loss': 1.65592227, 'lr': 0.00098726, 'params': 269333, 'time_iter': 0.01111, 'accuracy': 0.4767, 'f1': 0.47294, 'auc': 0.9212}
val: {'epoch': 18, 'time_epoch': 0.09275, 'loss': 16.97431978, 'lr': 0, 'params': 269333, 'time_iter': 0.00663, 'accuracy': 0.09762, 'f1': 0.04573, 'auc': 0.57174}
test: {'epoch': 18, 'time_epoch': 0.09422, 'loss': 10.52994921, 'lr': 0, 'params': 269333, 'time_iter': 0.00673, 'accuracy': 0.08571, 'f1': 0.05253, 'auc': 0.58228}
> Epoch 18: took 2.2s (avg 2.3s) | Best so far: epoch 17	train_loss: 1.6889 train_accuracy: 0.4645	val_loss: 9.4091 val_accuracy: 0.1286	test_loss: 6.4682 test_accuracy: 0.0952	F1: 0.0717 Prec: 0.0780 Rec: 0.0952
train: {'epoch': 19, 'time_epoch': 2.10221, 'eta': 478.19187, 'eta_hours': 0.13283, 'loss': 1.64422935, 'lr': 0.00098582, 'params': 269333, 'time_iter': 0.01201, 'accuracy': 0.48513, 'f1': 0.4826, 'auc': 0.92238}
val: {'epoch': 19, 'time_epoch': 0.08831, 'loss': 17.47942374, 'lr': 0, 'params': 269333, 'time_iter': 0.00631, 'accuracy': 0.11429, 'f1': 0.05261, 'auc': 0.58736}
test: {'epoch': 19, 'time_epoch': 0.10961, 'loss': 12.45583648, 'lr': 0, 'params': 269333, 'time_iter': 0.00783, 'accuracy': 0.10952, 'f1': 0.06012, 'auc': 0.57536}
> Epoch 19: took 2.4s (avg 2.3s) | Best so far: epoch 17	train_loss: 1.6889 train_accuracy: 0.4645	val_loss: 9.4091 val_accuracy: 0.1286	test_loss: 6.4682 test_accuracy: 0.0952	F1: 0.0717 Prec: 0.0780 Rec: 0.0952
train: {'epoch': 20, 'time_epoch': 1.89991, 'eta': 474.15883, 'eta_hours': 0.13171, 'loss': 1.59394041, 'lr': 0.00098429, 'params': 269333, 'time_iter': 0.01086, 'accuracy': 0.49695, 'f1': 0.49294, 'auc': 0.9283}
val: {'epoch': 20, 'time_epoch': 0.07738, 'loss': 5.80596263, 'lr': 0, 'params': 269333, 'time_iter': 0.00553, 'accuracy': 0.14762, 'f1': 0.10399, 'auc': 0.67153}
test: {'epoch': 20, 'time_epoch': 0.07611, 'loss': 3.86978032, 'lr': 0, 'params': 269333, 'time_iter': 0.00544, 'accuracy': 0.18095, 'f1': 0.14096, 'auc': 0.73981}
[*] Confusion Matrix saved to: results_lopo_1.0/DE_3m\Conf\confusion_matrix_epoch_20.png
> Epoch 20: took 2.1s (avg 2.3s) | Best so far: epoch 20	train_loss: 1.5939 train_accuracy: 0.4970	val_loss: 5.8060 val_accuracy: 0.1476	test_loss: 3.8698 test_accuracy: 0.1809	F1: 0.1410 Prec: 0.1576 Rec: 0.1810
train: {'epoch': 21, 'time_epoch': 1.9953, 'eta': 471.30827, 'eta_hours': 0.13092, 'loss': 1.59289674, 'lr': 0.00098269, 'params': 269333, 'time_iter': 0.0114, 'accuracy': 0.50699, 'f1': 0.50458, 'auc': 0.92653}
val: {'epoch': 21, 'time_epoch': 0.07605, 'loss': 5.31964723, 'lr': 0, 'params': 269333, 'time_iter': 0.00543, 'accuracy': 0.0881, 'f1': 0.05907, 'auc': 0.67574}
test: {'epoch': 21, 'time_epoch': 0.0916, 'loss': 4.33681465, 'lr': 0, 'params': 269333, 'time_iter': 0.00654, 'accuracy': 0.09048, 'f1': 0.08758, 'auc': 0.68456}
> Epoch 21: took 2.3s (avg 2.3s) | Best so far: epoch 20	train_loss: 1.5939 train_accuracy: 0.4970	val_loss: 5.8060 val_accuracy: 0.1476	test_loss: 3.8698 test_accuracy: 0.1809	F1: 0.1410 Prec: 0.1576 Rec: 0.1810
train: {'epoch': 22, 'time_epoch': 2.02537, 'eta': 468.82884, 'eta_hours': 0.13023, 'loss': 1.55744425, 'lr': 0.00098101, 'params': 269333, 'time_iter': 0.01157, 'accuracy': 0.50968, 'f1': 0.50776, 'auc': 0.93094}
val: {'epoch': 22, 'time_epoch': 0.08318, 'loss': 15.73604282, 'lr': 0, 'params': 269333, 'time_iter': 0.00594, 'accuracy': 0.07143, 'f1': 0.02751, 'auc': 0.57466}
test: {'epoch': 22, 'time_epoch': 0.08091, 'loss': 9.8800948, 'lr': 0, 'params': 269333, 'time_iter': 0.00578, 'accuracy': 0.11667, 'f1': 0.06657, 'auc': 0.60605}
> Epoch 22: took 2.3s (avg 2.3s) | Best so far: epoch 20	train_loss: 1.5939 train_accuracy: 0.4970	val_loss: 5.8060 val_accuracy: 0.1476	test_loss: 3.8698 test_accuracy: 0.1809	F1: 0.1410 Prec: 0.1576 Rec: 0.1810
train: {'epoch': 23, 'time_epoch': 2.04168, 'eta': 466.54082, 'eta_hours': 0.12959, 'loss': 1.51557792, 'lr': 0.00097926, 'params': 269333, 'time_iter': 0.01167, 'accuracy': 0.52939, 'f1': 0.52741, 'auc': 0.93439}
val: {'epoch': 23, 'time_epoch': 0.08412, 'loss': 6.65632009, 'lr': 0, 'params': 269333, 'time_iter': 0.00601, 'accuracy': 0.11429, 'f1': 0.08385, 'auc': 0.63056}
test: {'epoch': 23, 'time_epoch': 0.07859, 'loss': 4.12902632, 'lr': 0, 'params': 269333, 'time_iter': 0.00561, 'accuracy': 0.12381, 'f1': 0.10317, 'auc': 0.71508}
> Epoch 23: took 2.3s (avg 2.3s) | Best so far: epoch 20	train_loss: 1.5939 train_accuracy: 0.4970	val_loss: 5.8060 val_accuracy: 0.1476	test_loss: 3.8698 test_accuracy: 0.1809	F1: 0.1410 Prec: 0.1576 Rec: 0.1810
train: {'epoch': 24, 'time_epoch': 2.09519, 'eta': 464.75412, 'eta_hours': 0.1291, 'loss': 1.49040745, 'lr': 0.00097743, 'params': 269333, 'time_iter': 0.01197, 'accuracy': 0.52939, 'f1': 0.5273, 'auc': 0.93708}
val: {'epoch': 24, 'time_epoch': 0.0812, 'loss': 9.11792303, 'lr': 0, 'params': 269333, 'time_iter': 0.0058, 'accuracy': 0.09762, 'f1': 0.05536, 'auc': 0.609}
test: {'epoch': 24, 'time_epoch': 0.07678, 'loss': 6.02250879, 'lr': 0, 'params': 269333, 'time_iter': 0.00548, 'accuracy': 0.11905, 'f1': 0.09048, 'auc': 0.65942}
> Epoch 24: took 2.3s (avg 2.3s) | Best so far: epoch 20	train_loss: 1.5939 train_accuracy: 0.4970	val_loss: 5.8060 val_accuracy: 0.1476	test_loss: 3.8698 test_accuracy: 0.1809	F1: 0.1410 Prec: 0.1576 Rec: 0.1810
train: {'epoch': 25, 'time_epoch': 2.0713, 'eta': 462.73791, 'eta_hours': 0.12854, 'loss': 1.49464373, 'lr': 0.00097553, 'params': 269333, 'time_iter': 0.01184, 'accuracy': 0.53136, 'f1': 0.52928, 'auc': 0.93647}
val: {'epoch': 25, 'time_epoch': 0.0922, 'loss': 6.92295378, 'lr': 0, 'params': 269333, 'time_iter': 0.00659, 'accuracy': 0.1, 'f1': 0.06639, 'auc': 0.65158}
test: {'epoch': 25, 'time_epoch': 0.08793, 'loss': 4.15234692, 'lr': 0, 'params': 269333, 'time_iter': 0.00628, 'accuracy': 0.17857, 'f1': 0.15346, 'auc': 0.73101}
> Epoch 25: took 2.3s (avg 2.3s) | Best so far: epoch 20	train_loss: 1.5939 train_accuracy: 0.4970	val_loss: 5.8060 val_accuracy: 0.1476	test_loss: 3.8698 test_accuracy: 0.1809	F1: 0.1410 Prec: 0.1576 Rec: 0.1810
train: {'epoch': 26, 'time_epoch': 2.15507, 'eta': 461.40947, 'eta_hours': 0.12817, 'loss': 1.44957664, 'lr': 0.00097355, 'params': 269333, 'time_iter': 0.01231, 'accuracy': 0.54086, 'f1': 0.53937, 'auc': 0.94081}
val: {'epoch': 26, 'time_epoch': 0.07954, 'loss': 7.43976222, 'lr': 0, 'params': 269333, 'time_iter': 0.00568, 'accuracy': 0.1, 'f1': 0.05909, 'auc': 0.62169}
test: {'epoch': 26, 'time_epoch': 0.07751, 'loss': 4.67589664, 'lr': 0, 'params': 269333, 'time_iter': 0.00554, 'accuracy': 0.1, 'f1': 0.09788, 'auc': 0.68075}
> Epoch 26: took 2.4s (avg 2.3s) | Best so far: epoch 20	train_loss: 1.5939 train_accuracy: 0.4970	val_loss: 5.8060 val_accuracy: 0.1476	test_loss: 3.8698 test_accuracy: 0.1809	F1: 0.1410 Prec: 0.1576 Rec: 0.1810
train: {'epoch': 27, 'time_epoch': 1.87331, 'eta': 457.788, 'eta_hours': 0.12716, 'loss': 1.4275026, 'lr': 0.0009715, 'params': 269333, 'time_iter': 0.0107, 'accuracy': 0.54588, 'f1': 0.54457, 'auc': 0.94293}
val: {'epoch': 27, 'time_epoch': 0.08197, 'loss': 4.61729383, 'lr': 0, 'params': 269333, 'time_iter': 0.00586, 'accuracy': 0.10476, 'f1': 0.06637, 'auc': 0.6899}
test: {'epoch': 27, 'time_epoch': 0.08042, 'loss': 3.26595357, 'lr': 0, 'params': 269333, 'time_iter': 0.00574, 'accuracy': 0.15714, 'f1': 0.14092, 'auc': 0.7694}
> Epoch 27: took 2.1s (avg 2.3s) | Best so far: epoch 20	train_loss: 1.5939 train_accuracy: 0.4970	val_loss: 5.8060 val_accuracy: 0.1476	test_loss: 3.8698 test_accuracy: 0.1809	F1: 0.1410 Prec: 0.1576 Rec: 0.1810
train: {'epoch': 28, 'time_epoch': 1.93976, 'eta': 454.79352, 'eta_hours': 0.12633, 'loss': 1.39054508, 'lr': 0.00096937, 'params': 269333, 'time_iter': 0.01108, 'accuracy': 0.56792, 'f1': 0.56636, 'auc': 0.94512}
val: {'epoch': 28, 'time_epoch': 0.07983, 'loss': 11.59401312, 'lr': 0, 'params': 269333, 'time_iter': 0.0057, 'accuracy': 0.10476, 'f1': 0.07163, 'auc': 0.60335}
test: {'epoch': 28, 'time_epoch': 0.08392, 'loss': 7.22335904, 'lr': 0, 'params': 269333, 'time_iter': 0.00599, 'accuracy': 0.09286, 'f1': 0.06784, 'auc': 0.64717}
> Epoch 28: took 2.2s (avg 2.3s) | Best so far: epoch 20	train_loss: 1.5939 train_accuracy: 0.4970	val_loss: 5.8060 val_accuracy: 0.1476	test_loss: 3.8698 test_accuracy: 0.1809	F1: 0.1410 Prec: 0.1576 Rec: 0.1810
train: {'epoch': 29, 'time_epoch': 2.01921, 'eta': 452.452, 'eta_hours': 0.12568, 'loss': 1.35914167, 'lr': 0.00096716, 'params': 269333, 'time_iter': 0.01154, 'accuracy': 0.5681, 'f1': 0.56697, 'auc': 0.94805}
val: {'epoch': 29, 'time_epoch': 0.07721, 'loss': 5.52979468, 'lr': 0, 'params': 269333, 'time_iter': 0.00551, 'accuracy': 0.09762, 'f1': 0.0862, 'auc': 0.64185}
test: {'epoch': 29, 'time_epoch': 0.08911, 'loss': 3.60853216, 'lr': 0, 'params': 269333, 'time_iter': 0.00636, 'accuracy': 0.15476, 'f1': 0.14093, 'auc': 0.72731}
> Epoch 29: took 2.3s (avg 2.3s) | Best so far: epoch 20	train_loss: 1.5939 train_accuracy: 0.4970	val_loss: 5.8060 val_accuracy: 0.1476	test_loss: 3.8698 test_accuracy: 0.1809	F1: 0.1410 Prec: 0.1576 Rec: 0.1810
train: {'epoch': 30, 'time_epoch': 1.91936, 'eta': 449.4259, 'eta_hours': 0.12484, 'loss': 1.35164018, 'lr': 0.00096489, 'params': 269333, 'time_iter': 0.01097, 'accuracy': 0.58011, 'f1': 0.57872, 'auc': 0.94799}
val: {'epoch': 30, 'time_epoch': 0.08695, 'loss': 9.02762901, 'lr': 0, 'params': 269333, 'time_iter': 0.00621, 'accuracy': 0.08333, 'f1': 0.0506, 'auc': 0.61744}
test: {'epoch': 30, 'time_epoch': 0.0937, 'loss': 5.34661863, 'lr': 0, 'params': 269333, 'time_iter': 0.00669, 'accuracy': 0.12381, 'f1': 0.09699, 'auc': 0.68079}
> Epoch 30: took 2.2s (avg 2.3s) | Best so far: epoch 20	train_loss: 1.5939 train_accuracy: 0.4970	val_loss: 5.8060 val_accuracy: 0.1476	test_loss: 3.8698 test_accuracy: 0.1809	F1: 0.1410 Prec: 0.1576 Rec: 0.1810
train: {'epoch': 31, 'time_epoch': 2.07109, 'eta': 447.50261, 'eta_hours': 0.12431, 'loss': 1.31423235, 'lr': 0.00096254, 'params': 269333, 'time_iter': 0.01183, 'accuracy': 0.58136, 'f1': 0.57949, 'auc': 0.95161}
val: {'epoch': 31, 'time_epoch': 0.07685, 'loss': 11.10886952, 'lr': 0, 'params': 269333, 'time_iter': 0.00549, 'accuracy': 0.10476, 'f1': 0.05976, 'auc': 0.59843}
test: {'epoch': 31, 'time_epoch': 0.08318, 'loss': 5.79657168, 'lr': 0, 'params': 269333, 'time_iter': 0.00594, 'accuracy': 0.08571, 'f1': 0.07683, 'auc': 0.66883}
> Epoch 31: took 2.3s (avg 2.3s) | Best so far: epoch 20	train_loss: 1.5939 train_accuracy: 0.4970	val_loss: 5.8060 val_accuracy: 0.1476	test_loss: 3.8698 test_accuracy: 0.1809	F1: 0.1410 Prec: 0.1576 Rec: 0.1810
train: {'epoch': 32, 'time_epoch': 2.03967, 'eta': 445.36373, 'eta_hours': 0.12371, 'loss': 1.32943909, 'lr': 0.00096012, 'params': 269333, 'time_iter': 0.01166, 'accuracy': 0.57778, 'f1': 0.57672, 'auc': 0.95029}
val: {'epoch': 32, 'time_epoch': 0.07949, 'loss': 11.88369518, 'lr': 0, 'params': 269333, 'time_iter': 0.00568, 'accuracy': 0.09762, 'f1': 0.05767, 'auc': 0.58848}
test: {'epoch': 32, 'time_epoch': 0.08492, 'loss': 6.14855706, 'lr': 0, 'params': 269333, 'time_iter': 0.00607, 'accuracy': 0.09762, 'f1': 0.08482, 'auc': 0.65735}
> Epoch 32: took 2.3s (avg 2.3s) | Best so far: epoch 20	train_loss: 1.5939 train_accuracy: 0.4970	val_loss: 5.8060 val_accuracy: 0.1476	test_loss: 3.8698 test_accuracy: 0.1809	F1: 0.1410 Prec: 0.1576 Rec: 0.1810
train: {'epoch': 33, 'time_epoch': 1.97474, 'eta': 442.81817, 'eta_hours': 0.12301, 'loss': 1.2918658, 'lr': 0.00095762, 'params': 269333, 'time_iter': 0.01128, 'accuracy': 0.59283, 'f1': 0.59171, 'auc': 0.95332}
val: {'epoch': 33, 'time_epoch': 0.10285, 'loss': 13.29557132, 'lr': 0, 'params': 269333, 'time_iter': 0.00735, 'accuracy': 0.1, 'f1': 0.05133, 'auc': 0.58071}
test: {'epoch': 33, 'time_epoch': 0.0858, 'loss': 6.93595796, 'lr': 0, 'params': 269333, 'time_iter': 0.00613, 'accuracy': 0.09048, 'f1': 0.06137, 'auc': 0.64735}
> Epoch 33: took 2.2s (avg 2.3s) | Best so far: epoch 20	train_loss: 1.5939 train_accuracy: 0.4970	val_loss: 5.8060 val_accuracy: 0.1476	test_loss: 3.8698 test_accuracy: 0.1809	F1: 0.1410 Prec: 0.1576 Rec: 0.1810
train: {'epoch': 34, 'time_epoch': 1.84, 'eta': 439.47755, 'eta_hours': 0.12208, 'loss': 1.27109563, 'lr': 0.00095505, 'params': 269333, 'time_iter': 0.01051, 'accuracy': 0.60018, 'f1': 0.59941, 'auc': 0.95527}
val: {'epoch': 34, 'time_epoch': 0.07706, 'loss': 15.64755601, 'lr': 0, 'params': 269333, 'time_iter': 0.0055, 'accuracy': 0.09048, 'f1': 0.03688, 'auc': 0.57008}
test: {'epoch': 34, 'time_epoch': 0.0834, 'loss': 8.50117592, 'lr': 0, 'params': 269333, 'time_iter': 0.00596, 'accuracy': 0.07857, 'f1': 0.05821, 'auc': 0.62386}
> Epoch 34: took 2.1s (avg 2.3s) | Best so far: epoch 20	train_loss: 1.5939 train_accuracy: 0.4970	val_loss: 5.8060 val_accuracy: 0.1476	test_loss: 3.8698 test_accuracy: 0.1809	F1: 0.1410 Prec: 0.1576 Rec: 0.1810
train: {'epoch': 35, 'time_epoch': 1.94133, 'eta': 436.82268, 'eta_hours': 0.12134, 'loss': 1.2539667, 'lr': 0.00095241, 'params': 269333, 'time_iter': 0.01109, 'accuracy': 0.60197, 'f1': 0.60111, 'auc': 0.95603}
val: {'epoch': 35, 'time_epoch': 0.0802, 'loss': 8.95486643, 'lr': 0, 'params': 269333, 'time_iter': 0.00573, 'accuracy': 0.11429, 'f1': 0.07632, 'auc': 0.61037}
test: {'epoch': 35, 'time_epoch': 0.08455, 'loss': 5.05955086, 'lr': 0, 'params': 269333, 'time_iter': 0.00604, 'accuracy': 0.12619, 'f1': 0.11205, 'auc': 0.68644}
> Epoch 35: took 2.2s (avg 2.3s) | Best so far: epoch 20	train_loss: 1.5939 train_accuracy: 0.4970	val_loss: 5.8060 val_accuracy: 0.1476	test_loss: 3.8698 test_accuracy: 0.1809	F1: 0.1410 Prec: 0.1576 Rec: 0.1810
train: {'epoch': 36, 'time_epoch': 2.04246, 'eta': 434.78852, 'eta_hours': 0.12077, 'loss': 1.24573533, 'lr': 0.0009497, 'params': 269333, 'time_iter': 0.01167, 'accuracy': 0.60932, 'f1': 0.60844, 'auc': 0.9563}
val: {'epoch': 36, 'time_epoch': 0.08336, 'loss': 5.75131806, 'lr': 0, 'params': 269333, 'time_iter': 0.00595, 'accuracy': 0.11667, 'f1': 0.08187, 'auc': 0.65358}
test: {'epoch': 36, 'time_epoch': 0.11797, 'loss': 3.97092585, 'lr': 0, 'params': 269333, 'time_iter': 0.00843, 'accuracy': 0.15238, 'f1': 0.12771, 'auc': 0.7407}
> Epoch 36: took 2.3s (avg 2.3s) | Best so far: epoch 20	train_loss: 1.5939 train_accuracy: 0.4970	val_loss: 5.8060 val_accuracy: 0.1476	test_loss: 3.8698 test_accuracy: 0.1809	F1: 0.1410 Prec: 0.1576 Rec: 0.1810
train: {'epoch': 37, 'time_epoch': 2.04838, 'eta': 432.78696, 'eta_hours': 0.12022, 'loss': 1.23131127, 'lr': 0.00094692, 'params': 269333, 'time_iter': 0.01171, 'accuracy': 0.62007, 'f1': 0.62003, 'auc': 0.95679}
val: {'epoch': 37, 'time_epoch': 0.10274, 'loss': 12.78408292, 'lr': 0, 'params': 269333, 'time_iter': 0.00734, 'accuracy': 0.07857, 'f1': 0.03882, 'auc': 0.57605}
test: {'epoch': 37, 'time_epoch': 0.09989, 'loss': 6.51012287, 'lr': 0, 'params': 269333, 'time_iter': 0.00714, 'accuracy': 0.11667, 'f1': 0.08536, 'auc': 0.67036}
> Epoch 37: took 2.3s (avg 2.3s) | Best so far: epoch 20	train_loss: 1.5939 train_accuracy: 0.4970	val_loss: 5.8060 val_accuracy: 0.1476	test_loss: 3.8698 test_accuracy: 0.1809	F1: 0.1410 Prec: 0.1576 Rec: 0.1810
train: {'epoch': 38, 'time_epoch': 2.13973, 'eta': 431.27727, 'eta_hours': 0.1198, 'loss': 1.20293097, 'lr': 0.00094407, 'params': 269333, 'time_iter': 0.01223, 'accuracy': 0.6224, 'f1': 0.62141, 'auc': 0.95978}
val: {'epoch': 38, 'time_epoch': 0.10027, 'loss': 7.90894085, 'lr': 0, 'params': 269333, 'time_iter': 0.00716, 'accuracy': 0.09524, 'f1': 0.06719, 'auc': 0.60651}
test: {'epoch': 38, 'time_epoch': 0.09692, 'loss': 4.03903105, 'lr': 0, 'params': 269333, 'time_iter': 0.00692, 'accuracy': 0.14524, 'f1': 0.12462, 'auc': 0.72852}
> Epoch 38: took 2.5s (avg 2.3s) | Best so far: epoch 20	train_loss: 1.5939 train_accuracy: 0.4970	val_loss: 5.8060 val_accuracy: 0.1476	test_loss: 3.8698 test_accuracy: 0.1809	F1: 0.1410 Prec: 0.1576 Rec: 0.1810
train: {'epoch': 39, 'time_epoch': 2.32678, 'eta': 430.71808, 'eta_hours': 0.11964, 'loss': 1.18546786, 'lr': 0.00094115, 'params': 269333, 'time_iter': 0.0133, 'accuracy': 0.62348, 'f1': 0.62309, 'auc': 0.9609}
val: {'epoch': 39, 'time_epoch': 0.08588, 'loss': 15.90411168, 'lr': 0, 'params': 269333, 'time_iter': 0.00613, 'accuracy': 0.07143, 'f1': 0.03101, 'auc': 0.5633}
test: {'epoch': 39, 'time_epoch': 0.09295, 'loss': 8.28399558, 'lr': 0, 'params': 269333, 'time_iter': 0.00664, 'accuracy': 0.12619, 'f1': 0.08414, 'auc': 0.64983}
> Epoch 39: took 2.6s (avg 2.3s) | Best so far: epoch 20	train_loss: 1.5939 train_accuracy: 0.4970	val_loss: 5.8060 val_accuracy: 0.1476	test_loss: 3.8698 test_accuracy: 0.1809	F1: 0.1410 Prec: 0.1576 Rec: 0.1810
train: {'epoch': 40, 'time_epoch': 1.92146, 'eta': 428.00652, 'eta_hours': 0.11889, 'loss': 1.16670993, 'lr': 0.00093815, 'params': 269333, 'time_iter': 0.01098, 'accuracy': 0.6267, 'f1': 0.6258, 'auc': 0.9622}
val: {'epoch': 40, 'time_epoch': 0.08526, 'loss': 22.80503082, 'lr': 0, 'params': 269333, 'time_iter': 0.00609, 'accuracy': 0.08333, 'f1': 0.05764, 'auc': 0.5579}
test: {'epoch': 40, 'time_epoch': 0.09644, 'loss': 13.67321487, 'lr': 0, 'params': 269333, 'time_iter': 0.00689, 'accuracy': 0.08571, 'f1': 0.06058, 'auc': 0.5714}
> Epoch 40: took 2.2s (avg 2.3s) | Best so far: epoch 20	train_loss: 1.5939 train_accuracy: 0.4970	val_loss: 5.8060 val_accuracy: 0.1476	test_loss: 3.8698 test_accuracy: 0.1809	F1: 0.1410 Prec: 0.1576 Rec: 0.1810
train: {'epoch': 41, 'time_epoch': 2.08658, 'eta': 426.1503, 'eta_hours': 0.11838, 'loss': 1.15199999, 'lr': 0.00093509, 'params': 269333, 'time_iter': 0.01192, 'accuracy': 0.63692, 'f1': 0.63609, 'auc': 0.9632}
val: {'epoch': 41, 'time_epoch': 0.08738, 'loss': 11.50368383, 'lr': 0, 'params': 269333, 'time_iter': 0.00624, 'accuracy': 0.06905, 'f1': 0.04412, 'auc': 0.58668}
test: {'epoch': 41, 'time_epoch': 0.0834, 'loss': 5.91524243, 'lr': 0, 'params': 269333, 'time_iter': 0.00596, 'accuracy': 0.13333, 'f1': 0.10016, 'auc': 0.6849}
> Epoch 41: took 2.3s (avg 2.3s) | Best so far: epoch 20	train_loss: 1.5939 train_accuracy: 0.4970	val_loss: 5.8060 val_accuracy: 0.1476	test_loss: 3.8698 test_accuracy: 0.1809	F1: 0.1410 Prec: 0.1576 Rec: 0.1810
train: {'epoch': 42, 'time_epoch': 1.94083, 'eta': 423.58172, 'eta_hours': 0.11766, 'loss': 1.15413983, 'lr': 0.00093196, 'params': 269333, 'time_iter': 0.01109, 'accuracy': 0.63781, 'f1': 0.63708, 'auc': 0.96297}
val: {'epoch': 42, 'time_epoch': 0.0803, 'loss': 6.04131581, 'lr': 0, 'params': 269333, 'time_iter': 0.00574, 'accuracy': 0.13333, 'f1': 0.08143, 'auc': 0.67084}
test: {'epoch': 42, 'time_epoch': 0.10293, 'loss': 3.76830582, 'lr': 0, 'params': 269333, 'time_iter': 0.00735, 'accuracy': 0.10952, 'f1': 0.11543, 'auc': 0.74113}
> Epoch 42: took 2.2s (avg 2.3s) | Best so far: epoch 20	train_loss: 1.5939 train_accuracy: 0.4970	val_loss: 5.8060 val_accuracy: 0.1476	test_loss: 3.8698 test_accuracy: 0.1809	F1: 0.1410 Prec: 0.1576 Rec: 0.1810
train: {'epoch': 43, 'time_epoch': 2.05791, 'eta': 421.58986, 'eta_hours': 0.11711, 'loss': 1.13828454, 'lr': 0.00092876, 'params': 269333, 'time_iter': 0.01176, 'accuracy': 0.64355, 'f1': 0.64319, 'auc': 0.96363}
val: {'epoch': 43, 'time_epoch': 0.08968, 'loss': 10.58945349, 'lr': 0, 'params': 269333, 'time_iter': 0.00641, 'accuracy': 0.09048, 'f1': 0.05215, 'auc': 0.59486}
test: {'epoch': 43, 'time_epoch': 0.08598, 'loss': 5.45873744, 'lr': 0, 'params': 269333, 'time_iter': 0.00614, 'accuracy': 0.15238, 'f1': 0.14538, 'auc': 0.69149}
> Epoch 43: took 2.3s (avg 2.3s) | Best so far: epoch 20	train_loss: 1.5939 train_accuracy: 0.4970	val_loss: 5.8060 val_accuracy: 0.1476	test_loss: 3.8698 test_accuracy: 0.1809	F1: 0.1410 Prec: 0.1576 Rec: 0.1810
train: {'epoch': 44, 'time_epoch': 1.94415, 'eta': 419.07683, 'eta_hours': 0.11641, 'loss': 1.12632881, 'lr': 0.0009255, 'params': 269333, 'time_iter': 0.01111, 'accuracy': 0.64588, 'f1': 0.64514, 'auc': 0.96486}
val: {'epoch': 44, 'time_epoch': 0.08415, 'loss': 8.25293581, 'lr': 0, 'params': 269333, 'time_iter': 0.00601, 'accuracy': 0.07619, 'f1': 0.04927, 'auc': 0.61979}
test: {'epoch': 44, 'time_epoch': 0.08276, 'loss': 5.08119462, 'lr': 0, 'params': 269333, 'time_iter': 0.00591, 'accuracy': 0.14048, 'f1': 0.11131, 'auc': 0.69345}
> Epoch 44: took 2.2s (avg 2.3s) | Best so far: epoch 20	train_loss: 1.5939 train_accuracy: 0.4970	val_loss: 5.8060 val_accuracy: 0.1476	test_loss: 3.8698 test_accuracy: 0.1809	F1: 0.1410 Prec: 0.1576 Rec: 0.1810
train: {'epoch': 45, 'time_epoch': 2.05734, 'eta': 417.09047, 'eta_hours': 0.11586, 'loss': 1.08658842, 'lr': 0.00092216, 'params': 269333, 'time_iter': 0.01176, 'accuracy': 0.6552, 'f1': 0.65439, 'auc': 0.96723}
val: {'epoch': 45, 'time_epoch': 0.08863, 'loss': 9.09404373, 'lr': 0, 'params': 269333, 'time_iter': 0.00633, 'accuracy': 0.12143, 'f1': 0.08255, 'auc': 0.61989}
test: {'epoch': 45, 'time_epoch': 0.09374, 'loss': 4.70628222, 'lr': 0, 'params': 269333, 'time_iter': 0.0067, 'accuracy': 0.11667, 'f1': 0.10686, 'auc': 0.7144}
> Epoch 45: took 2.3s (avg 2.3s) | Best so far: epoch 20	train_loss: 1.5939 train_accuracy: 0.4970	val_loss: 5.8060 val_accuracy: 0.1476	test_loss: 3.8698 test_accuracy: 0.1809	F1: 0.1410 Prec: 0.1576 Rec: 0.1810
train: {'epoch': 46, 'time_epoch': 1.9799, 'eta': 414.76664, 'eta_hours': 0.11521, 'loss': 1.08313708, 'lr': 0.00091876, 'params': 269333, 'time_iter': 0.01131, 'accuracy': 0.65699, 'f1': 0.65603, 'auc': 0.96751}
val: {'epoch': 46, 'time_epoch': 0.08331, 'loss': 15.76157196, 'lr': 0, 'params': 269333, 'time_iter': 0.00595, 'accuracy': 0.07381, 'f1': 0.05729, 'auc': 0.57634}
test: {'epoch': 46, 'time_epoch': 0.08363, 'loss': 8.77843147, 'lr': 0, 'params': 269333, 'time_iter': 0.00597, 'accuracy': 0.1119, 'f1': 0.07742, 'auc': 0.64656}
> Epoch 46: took 2.2s (avg 2.3s) | Best so far: epoch 20	train_loss: 1.5939 train_accuracy: 0.4970	val_loss: 5.8060 val_accuracy: 0.1476	test_loss: 3.8698 test_accuracy: 0.1809	F1: 0.1410 Prec: 0.1576 Rec: 0.1810
train: {'epoch': 47, 'time_epoch': 1.97285, 'eta': 412.42745, 'eta_hours': 0.11456, 'loss': 1.08111128, 'lr': 0.0009153, 'params': 269333, 'time_iter': 0.01127, 'accuracy': 0.66165, 'f1': 0.66092, 'auc': 0.96733}
val: {'epoch': 47, 'time_epoch': 0.08437, 'loss': 14.97979962, 'lr': 0, 'params': 269333, 'time_iter': 0.00603, 'accuracy': 0.09286, 'f1': 0.05147, 'auc': 0.58375}
test: {'epoch': 47, 'time_epoch': 0.09143, 'loss': 8.5007786, 'lr': 0, 'params': 269333, 'time_iter': 0.00653, 'accuracy': 0.1381, 'f1': 0.11396, 'auc': 0.64297}
> Epoch 47: took 2.2s (avg 2.3s) | Best so far: epoch 20	train_loss: 1.5939 train_accuracy: 0.4970	val_loss: 5.8060 val_accuracy: 0.1476	test_loss: 3.8698 test_accuracy: 0.1809	F1: 0.1410 Prec: 0.1576 Rec: 0.1810
train: {'epoch': 48, 'time_epoch': 2.06319, 'eta': 410.47382, 'eta_hours': 0.11402, 'loss': 1.06452387, 'lr': 0.00091177, 'params': 269333, 'time_iter': 0.01179, 'accuracy': 0.6647, 'f1': 0.66443, 'auc': 0.96882}
val: {'epoch': 48, 'time_epoch': 0.08509, 'loss': 22.22870269, 'lr': 0, 'params': 269333, 'time_iter': 0.00608, 'accuracy': 0.0881, 'f1': 0.05604, 'auc': 0.55983}
test: {'epoch': 48, 'time_epoch': 0.08794, 'loss': 13.06783336, 'lr': 0, 'params': 269333, 'time_iter': 0.00628, 'accuracy': 0.08571, 'f1': 0.05651, 'auc': 0.60495}
> Epoch 48: took 2.3s (avg 2.3s) | Best so far: epoch 20	train_loss: 1.5939 train_accuracy: 0.4970	val_loss: 5.8060 val_accuracy: 0.1476	test_loss: 3.8698 test_accuracy: 0.1809	F1: 0.1410 Prec: 0.1576 Rec: 0.1810
train: {'epoch': 49, 'time_epoch': 2.01234, 'eta': 408.31237, 'eta_hours': 0.11342, 'loss': 1.06080404, 'lr': 0.00090817, 'params': 269333, 'time_iter': 0.0115, 'accuracy': 0.66022, 'f1': 0.65978, 'auc': 0.96868}
val: {'epoch': 49, 'time_epoch': 0.08249, 'loss': 15.10759068, 'lr': 0, 'params': 269333, 'time_iter': 0.00589, 'accuracy': 0.13095, 'f1': 0.08214, 'auc': 0.58101}
test: {'epoch': 49, 'time_epoch': 0.08714, 'loss': 8.09549908, 'lr': 0, 'params': 269333, 'time_iter': 0.00622, 'accuracy': 0.10952, 'f1': 0.08641, 'auc': 0.65429}
> Epoch 49: took 2.3s (avg 2.3s) | Best so far: epoch 20	train_loss: 1.5939 train_accuracy: 0.4970	val_loss: 5.8060 val_accuracy: 0.1476	test_loss: 3.8698 test_accuracy: 0.1809	F1: 0.1410 Prec: 0.1576 Rec: 0.1810
train: {'epoch': 50, 'time_epoch': 2.0849, 'eta': 406.4399, 'eta_hours': 0.1129, 'loss': 1.0485483, 'lr': 0.00090451, 'params': 269333, 'time_iter': 0.01191, 'accuracy': 0.66344, 'f1': 0.6633, 'auc': 0.9696}
val: {'epoch': 50, 'time_epoch': 0.09715, 'loss': 14.27646475, 'lr': 0, 'params': 269333, 'time_iter': 0.00694, 'accuracy': 0.09286, 'f1': 0.05941, 'auc': 0.58464}
test: {'epoch': 50, 'time_epoch': 0.09602, 'loss': 7.35409451, 'lr': 0, 'params': 269333, 'time_iter': 0.00686, 'accuracy': 0.13333, 'f1': 0.10556, 'auc': 0.66375}
> Epoch 50: took 2.4s (avg 2.3s) | Best so far: epoch 20	train_loss: 1.5939 train_accuracy: 0.4970	val_loss: 5.8060 val_accuracy: 0.1476	test_loss: 3.8698 test_accuracy: 0.1809	F1: 0.1410 Prec: 0.1576 Rec: 0.1810
train: {'epoch': 51, 'time_epoch': 2.12126, 'eta': 404.69773, 'eta_hours': 0.11242, 'loss': 1.02666163, 'lr': 0.00090078, 'params': 269333, 'time_iter': 0.01212, 'accuracy': 0.67186, 'f1': 0.67144, 'auc': 0.97106}
val: {'epoch': 51, 'time_epoch': 0.08851, 'loss': 14.78093749, 'lr': 0, 'params': 269333, 'time_iter': 0.00632, 'accuracy': 0.08095, 'f1': 0.0451, 'auc': 0.57039}
test: {'epoch': 51, 'time_epoch': 0.08661, 'loss': 8.40119096, 'lr': 0, 'params': 269333, 'time_iter': 0.00619, 'accuracy': 0.11667, 'f1': 0.09599, 'auc': 0.65711}
> Epoch 51: took 2.4s (avg 2.3s) | Best so far: epoch 20	train_loss: 1.5939 train_accuracy: 0.4970	val_loss: 5.8060 val_accuracy: 0.1476	test_loss: 3.8698 test_accuracy: 0.1809	F1: 0.1410 Prec: 0.1576 Rec: 0.1810
train: {'epoch': 52, 'time_epoch': 2.08151, 'eta': 402.7935, 'eta_hours': 0.11189, 'loss': 1.00465575, 'lr': 0.000897, 'params': 269333, 'time_iter': 0.01189, 'accuracy': 0.67778, 'f1': 0.67721, 'auc': 0.97206}
val: {'epoch': 52, 'time_epoch': 0.09592, 'loss': 21.31253982, 'lr': 0, 'params': 269333, 'time_iter': 0.00685, 'accuracy': 0.0881, 'f1': 0.03916, 'auc': 0.56173}
test: {'epoch': 52, 'time_epoch': 0.08869, 'loss': 11.92873167, 'lr': 0, 'params': 269333, 'time_iter': 0.00634, 'accuracy': 0.09762, 'f1': 0.07286, 'auc': 0.60976}
> Epoch 52: took 2.3s (avg 2.3s) | Best so far: epoch 20	train_loss: 1.5939 train_accuracy: 0.4970	val_loss: 5.8060 val_accuracy: 0.1476	test_loss: 3.8698 test_accuracy: 0.1809	F1: 0.1410 Prec: 0.1576 Rec: 0.1810
train: {'epoch': 53, 'time_epoch': 2.31774, 'eta': 401.74013, 'eta_hours': 0.11159, 'loss': 1.01013345, 'lr': 0.00089314, 'params': 269333, 'time_iter': 0.01324, 'accuracy': 0.68441, 'f1': 0.68379, 'auc': 0.9714}
val: {'epoch': 53, 'time_epoch': 0.10154, 'loss': 13.56238848, 'lr': 0, 'params': 269333, 'time_iter': 0.00725, 'accuracy': 0.09524, 'f1': 0.05271, 'auc': 0.58664}
test: {'epoch': 53, 'time_epoch': 0.10482, 'loss': 8.82029277, 'lr': 0, 'params': 269333, 'time_iter': 0.00749, 'accuracy': 0.10952, 'f1': 0.08488, 'auc': 0.65578}
> Epoch 53: took 2.6s (avg 2.3s) | Best so far: epoch 20	train_loss: 1.5939 train_accuracy: 0.4970	val_loss: 5.8060 val_accuracy: 0.1476	test_loss: 3.8698 test_accuracy: 0.1809	F1: 0.1410 Prec: 0.1576 Rec: 0.1810
train: {'epoch': 54, 'time_epoch': 2.08312, 'eta': 399.80894, 'eta_hours': 0.11106, 'loss': 1.02323424, 'lr': 0.00088923, 'params': 269333, 'time_iter': 0.0119, 'accuracy': 0.67921, 'f1': 0.67864, 'auc': 0.97049}
val: {'epoch': 54, 'time_epoch': 0.09596, 'loss': 24.14108451, 'lr': 0, 'params': 269333, 'time_iter': 0.00685, 'accuracy': 0.0881, 'f1': 0.04726, 'auc': 0.56287}
test: {'epoch': 54, 'time_epoch': 0.10276, 'loss': 14.8843556, 'lr': 0, 'params': 269333, 'time_iter': 0.00734, 'accuracy': 0.09524, 'f1': 0.05715, 'auc': 0.60427}
> Epoch 54: took 2.4s (avg 2.3s) | Best so far: epoch 20	train_loss: 1.5939 train_accuracy: 0.4970	val_loss: 5.8060 val_accuracy: 0.1476	test_loss: 3.8698 test_accuracy: 0.1809	F1: 0.1410 Prec: 0.1576 Rec: 0.1810
train: {'epoch': 55, 'time_epoch': 1.98244, 'eta': 397.52352, 'eta_hours': 0.11042, 'loss': 0.96346206, 'lr': 0.00088526, 'params': 269333, 'time_iter': 0.01133, 'accuracy': 0.69319, 'f1': 0.69238, 'auc': 0.97475}
val: {'epoch': 55, 'time_epoch': 0.08566, 'loss': 18.45958165, 'lr': 0, 'params': 269333, 'time_iter': 0.00612, 'accuracy': 0.07381, 'f1': 0.04562, 'auc': 0.5649}
test: {'epoch': 55, 'time_epoch': 0.09349, 'loss': 11.15995834, 'lr': 0, 'params': 269333, 'time_iter': 0.00668, 'accuracy': 0.12619, 'f1': 0.09853, 'auc': 0.62593}
> Epoch 55: took 2.2s (avg 2.3s) | Best so far: epoch 20	train_loss: 1.5939 train_accuracy: 0.4970	val_loss: 5.8060 val_accuracy: 0.1476	test_loss: 3.8698 test_accuracy: 0.1809	F1: 0.1410 Prec: 0.1576 Rec: 0.1810
train: {'epoch': 56, 'time_epoch': 2.09523, 'eta': 395.63065, 'eta_hours': 0.1099, 'loss': 0.97184307, 'lr': 0.00088122, 'params': 269333, 'time_iter': 0.01197, 'accuracy': 0.69283, 'f1': 0.69247, 'auc': 0.97364}
val: {'epoch': 56, 'time_epoch': 0.09534, 'loss': 21.70552052, 'lr': 0, 'params': 269333, 'time_iter': 0.00681, 'accuracy': 0.1, 'f1': 0.05847, 'auc': 0.57345}
test: {'epoch': 56, 'time_epoch': 0.08884, 'loss': 12.36324134, 'lr': 0, 'params': 269333, 'time_iter': 0.00635, 'accuracy': 0.09762, 'f1': 0.06357, 'auc': 0.62001}
> Epoch 56: took 2.4s (avg 2.3s) | Best so far: epoch 20	train_loss: 1.5939 train_accuracy: 0.4970	val_loss: 5.8060 val_accuracy: 0.1476	test_loss: 3.8698 test_accuracy: 0.1809	F1: 0.1410 Prec: 0.1576 Rec: 0.1810
train: {'epoch': 57, 'time_epoch': 2.19923, 'eta': 394.07509, 'eta_hours': 0.10947, 'loss': 0.93738451, 'lr': 0.00087713, 'params': 269333, 'time_iter': 0.01257, 'accuracy': 0.70878, 'f1': 0.70859, 'auc': 0.97538}
val: {'epoch': 57, 'time_epoch': 0.08558, 'loss': 15.93857683, 'lr': 0, 'params': 269333, 'time_iter': 0.00611, 'accuracy': 0.10238, 'f1': 0.06056, 'auc': 0.56252}
test: {'epoch': 57, 'time_epoch': 0.09073, 'loss': 8.94236769, 'lr': 0, 'params': 269333, 'time_iter': 0.00648, 'accuracy': 0.1119, 'f1': 0.07631, 'auc': 0.6395}
> Epoch 57: took 2.5s (avg 2.3s) | Best so far: epoch 20	train_loss: 1.5939 train_accuracy: 0.4970	val_loss: 5.8060 val_accuracy: 0.1476	test_loss: 3.8698 test_accuracy: 0.1809	F1: 0.1410 Prec: 0.1576 Rec: 0.1810
train: {'epoch': 58, 'time_epoch': 2.27488, 'eta': 392.7426, 'eta_hours': 0.1091, 'loss': 0.95219178, 'lr': 0.00087297, 'params': 269333, 'time_iter': 0.013, 'accuracy': 0.69695, 'f1': 0.69654, 'auc': 0.97525}
val: {'epoch': 58, 'time_epoch': 0.11024, 'loss': 11.9385831, 'lr': 0, 'params': 269333, 'time_iter': 0.00787, 'accuracy': 0.07619, 'f1': 0.05694, 'auc': 0.57683}
test: {'epoch': 58, 'time_epoch': 0.10118, 'loss': 6.06150207, 'lr': 0, 'params': 269333, 'time_iter': 0.00723, 'accuracy': 0.13095, 'f1': 0.10424, 'auc': 0.69993}
> Epoch 58: took 2.6s (avg 2.3s) | Best so far: epoch 20	train_loss: 1.5939 train_accuracy: 0.4970	val_loss: 5.8060 val_accuracy: 0.1476	test_loss: 3.8698 test_accuracy: 0.1809	F1: 0.1410 Prec: 0.1576 Rec: 0.1810
train: {'epoch': 59, 'time_epoch': 2.08883, 'eta': 390.78954, 'eta_hours': 0.10855, 'loss': 0.92616786, 'lr': 0.00086876, 'params': 269333, 'time_iter': 0.01194, 'accuracy': 0.70717, 'f1': 0.70653, 'auc': 0.97599}
val: {'epoch': 59, 'time_epoch': 0.08318, 'loss': 24.90753588, 'lr': 0, 'params': 269333, 'time_iter': 0.00594, 'accuracy': 0.0619, 'f1': 0.04315, 'auc': 0.54602}
test: {'epoch': 59, 'time_epoch': 0.08718, 'loss': 14.11342746, 'lr': 0, 'params': 269333, 'time_iter': 0.00623, 'accuracy': 0.07381, 'f1': 0.05189, 'auc': 0.59918}
> Epoch 59: took 2.3s (avg 2.3s) | Best so far: epoch 20	train_loss: 1.5939 train_accuracy: 0.4970	val_loss: 5.8060 val_accuracy: 0.1476	test_loss: 3.8698 test_accuracy: 0.1809	F1: 0.1410 Prec: 0.1576 Rec: 0.1810
train: {'epoch': 60, 'time_epoch': 2.22252, 'eta': 389.24624, 'eta_hours': 0.10812, 'loss': 0.92034503, 'lr': 0.00086448, 'params': 269333, 'time_iter': 0.0127, 'accuracy': 0.70341, 'f1': 0.7033, 'auc': 0.97652}
val: {'epoch': 60, 'time_epoch': 0.0814, 'loss': 8.58418681, 'lr': 0, 'params': 269333, 'time_iter': 0.00581, 'accuracy': 0.10238, 'f1': 0.07083, 'auc': 0.61554}
test: {'epoch': 60, 'time_epoch': 0.09116, 'loss': 5.23272266, 'lr': 0, 'params': 269333, 'time_iter': 0.00651, 'accuracy': 0.15952, 'f1': 0.15221, 'auc': 0.69492}
> Epoch 60: took 2.5s (avg 2.3s) | Best so far: epoch 20	train_loss: 1.5939 train_accuracy: 0.4970	val_loss: 5.8060 val_accuracy: 0.1476	test_loss: 3.8698 test_accuracy: 0.1809	F1: 0.1410 Prec: 0.1576 Rec: 0.1810
train: {'epoch': 61, 'time_epoch': 2.27797, 'eta': 387.84918, 'eta_hours': 0.10774, 'loss': 0.91417383, 'lr': 0.00086015, 'params': 269333, 'time_iter': 0.01302, 'accuracy': 0.71111, 'f1': 0.71039, 'auc': 0.97689}
val: {'epoch': 61, 'time_epoch': 0.07949, 'loss': 12.41611186, 'lr': 0, 'params': 269333, 'time_iter': 0.00568, 'accuracy': 0.10714, 'f1': 0.06516, 'auc': 0.60218}
test: {'epoch': 61, 'time_epoch': 0.08717, 'loss': 5.65367449, 'lr': 0, 'params': 269333, 'time_iter': 0.00623, 'accuracy': 0.12857, 'f1': 0.12643, 'auc': 0.70017}
> Epoch 61: took 2.5s (avg 2.3s) | Best so far: epoch 20	train_loss: 1.5939 train_accuracy: 0.4970	val_loss: 5.8060 val_accuracy: 0.1476	test_loss: 3.8698 test_accuracy: 0.1809	F1: 0.1410 Prec: 0.1576 Rec: 0.1810
train: {'epoch': 62, 'time_epoch': 2.16142, 'eta': 386.07821, 'eta_hours': 0.10724, 'loss': 0.91227037, 'lr': 0.00085577, 'params': 269333, 'time_iter': 0.01235, 'accuracy': 0.70914, 'f1': 0.70874, 'auc': 0.97697}
val: {'epoch': 62, 'time_epoch': 0.10617, 'loss': 9.75162651, 'lr': 0, 'params': 269333, 'time_iter': 0.00758, 'accuracy': 0.08095, 'f1': 0.05334, 'auc': 0.60002}
test: {'epoch': 62, 'time_epoch': 0.09761, 'loss': 5.51656291, 'lr': 0, 'params': 269333, 'time_iter': 0.00697, 'accuracy': 0.12857, 'f1': 0.10016, 'auc': 0.70385}
> Epoch 62: took 2.5s (avg 2.3s) | Best so far: epoch 20	train_loss: 1.5939 train_accuracy: 0.4970	val_loss: 5.8060 val_accuracy: 0.1476	test_loss: 3.8698 test_accuracy: 0.1809	F1: 0.1410 Prec: 0.1576 Rec: 0.1810
train: {'epoch': 63, 'time_epoch': 2.21212, 'eta': 384.44238, 'eta_hours': 0.10679, 'loss': 0.90788116, 'lr': 0.00085132, 'params': 269333, 'time_iter': 0.01264, 'accuracy': 0.70753, 'f1': 0.70716, 'auc': 0.97725}
val: {'epoch': 63, 'time_epoch': 0.08903, 'loss': 8.17219999, 'lr': 0, 'params': 269333, 'time_iter': 0.00636, 'accuracy': 0.1, 'f1': 0.07244, 'auc': 0.61653}
test: {'epoch': 63, 'time_epoch': 0.13282, 'loss': 5.13907869, 'lr': 0, 'params': 269333, 'time_iter': 0.00949, 'accuracy': 0.13095, 'f1': 0.11066, 'auc': 0.71318}
> Epoch 63: took 2.5s (avg 2.3s) | Best so far: epoch 20	train_loss: 1.5939 train_accuracy: 0.4970	val_loss: 5.8060 val_accuracy: 0.1476	test_loss: 3.8698 test_accuracy: 0.1809	F1: 0.1410 Prec: 0.1576 Rec: 0.1810
train: {'epoch': 64, 'time_epoch': 1.93842, 'eta': 382.00982, 'eta_hours': 0.10611, 'loss': 0.8761884, 'lr': 0.00084683, 'params': 269333, 'time_iter': 0.01108, 'accuracy': 0.72366, 'f1': 0.72334, 'auc': 0.9787}
val: {'epoch': 64, 'time_epoch': 0.08622, 'loss': 16.43283057, 'lr': 0, 'params': 269333, 'time_iter': 0.00616, 'accuracy': 0.08571, 'f1': 0.04839, 'auc': 0.57176}
test: {'epoch': 64, 'time_epoch': 0.08964, 'loss': 10.1203279, 'lr': 0, 'params': 269333, 'time_iter': 0.0064, 'accuracy': 0.09762, 'f1': 0.06784, 'auc': 0.6341}
> Epoch 64: took 2.2s (avg 2.3s) | Best so far: epoch 20	train_loss: 1.5939 train_accuracy: 0.4970	val_loss: 5.8060 val_accuracy: 0.1476	test_loss: 3.8698 test_accuracy: 0.1809	F1: 0.1410 Prec: 0.1576 Rec: 0.1810
train: {'epoch': 65, 'time_epoch': 2.03267, 'eta': 379.85501, 'eta_hours': 0.10552, 'loss': 0.88240032, 'lr': 0.00084227, 'params': 269333, 'time_iter': 0.01162, 'accuracy': 0.71882, 'f1': 0.71843, 'auc': 0.97837}
val: {'epoch': 65, 'time_epoch': 0.09199, 'loss': 10.43515536, 'lr': 0, 'params': 269333, 'time_iter': 0.00657, 'accuracy': 0.13333, 'f1': 0.086, 'auc': 0.62968}
test: {'epoch': 65, 'time_epoch': 0.0844, 'loss': 5.12184832, 'lr': 0, 'params': 269333, 'time_iter': 0.00603, 'accuracy': 0.13095, 'f1': 0.1234, 'auc': 0.7251}
> Epoch 65: took 2.3s (avg 2.3s) | Best so far: epoch 20	train_loss: 1.5939 train_accuracy: 0.4970	val_loss: 5.8060 val_accuracy: 0.1476	test_loss: 3.8698 test_accuracy: 0.1809	F1: 0.1410 Prec: 0.1576 Rec: 0.1810
train: {'epoch': 66, 'time_epoch': 2.0151, 'eta': 377.65585, 'eta_hours': 0.1049, 'loss': 0.84526721, 'lr': 0.00083767, 'params': 269333, 'time_iter': 0.01151, 'accuracy': 0.73065, 'f1': 0.73059, 'auc': 0.98037}
val: {'epoch': 66, 'time_epoch': 0.09027, 'loss': 15.41335462, 'lr': 0, 'params': 269333, 'time_iter': 0.00645, 'accuracy': 0.1119, 'f1': 0.05939, 'auc': 0.59069}
test: {'epoch': 66, 'time_epoch': 0.08962, 'loss': 7.17787347, 'lr': 0, 'params': 269333, 'time_iter': 0.0064, 'accuracy': 0.13333, 'f1': 0.11049, 'auc': 0.68634}
> Epoch 66: took 2.3s (avg 2.3s) | Best so far: epoch 20	train_loss: 1.5939 train_accuracy: 0.4970	val_loss: 5.8060 val_accuracy: 0.1476	test_loss: 3.8698 test_accuracy: 0.1809	F1: 0.1410 Prec: 0.1576 Rec: 0.1810
train: {'epoch': 67, 'time_epoch': 2.0479, 'eta': 375.54988, 'eta_hours': 0.10432, 'loss': 0.8471417, 'lr': 0.00083301, 'params': 269333, 'time_iter': 0.0117, 'accuracy': 0.72814, 'f1': 0.72791, 'auc': 0.98002}
val: {'epoch': 67, 'time_epoch': 0.08762, 'loss': 15.95175547, 'lr': 0, 'params': 269333, 'time_iter': 0.00626, 'accuracy': 0.09048, 'f1': 0.04944, 'auc': 0.5812}
test: {'epoch': 67, 'time_epoch': 0.095, 'loss': 8.58798811, 'lr': 0, 'params': 269333, 'time_iter': 0.00679, 'accuracy': 0.12381, 'f1': 0.08745, 'auc': 0.66215}
> Epoch 67: took 2.3s (avg 2.3s) | Best so far: epoch 20	train_loss: 1.5939 train_accuracy: 0.4970	val_loss: 5.8060 val_accuracy: 0.1476	test_loss: 3.8698 test_accuracy: 0.1809	F1: 0.1410 Prec: 0.1576 Rec: 0.1810
train: {'epoch': 68, 'time_epoch': 2.00821, 'eta': 373.34148, 'eta_hours': 0.10371, 'loss': 0.86392791, 'lr': 0.00082829, 'params': 269333, 'time_iter': 0.01148, 'accuracy': 0.72043, 'f1': 0.71994, 'auc': 0.97951}
val: {'epoch': 68, 'time_epoch': 0.09307, 'loss': 12.33428041, 'lr': 0, 'params': 269333, 'time_iter': 0.00665, 'accuracy': 0.08333, 'f1': 0.05297, 'auc': 0.57772}
test: {'epoch': 68, 'time_epoch': 0.07969, 'loss': 5.81130441, 'lr': 0, 'params': 269333, 'time_iter': 0.00569, 'accuracy': 0.15714, 'f1': 0.14953, 'auc': 0.71443}
> Epoch 68: took 2.3s (avg 2.3s) | Best so far: epoch 20	train_loss: 1.5939 train_accuracy: 0.4970	val_loss: 5.8060 val_accuracy: 0.1476	test_loss: 3.8698 test_accuracy: 0.1809	F1: 0.1410 Prec: 0.1576 Rec: 0.1810
train: {'epoch': 69, 'time_epoch': 1.98275, 'eta': 371.07333, 'eta_hours': 0.10308, 'loss': 0.85899969, 'lr': 0.00082353, 'params': 269333, 'time_iter': 0.01133, 'accuracy': 0.73154, 'f1': 0.73125, 'auc': 0.97949}
val: {'epoch': 69, 'time_epoch': 0.08749, 'loss': 7.36905281, 'lr': 0, 'params': 269333, 'time_iter': 0.00625, 'accuracy': 0.11905, 'f1': 0.08229, 'auc': 0.66185}
test: {'epoch': 69, 'time_epoch': 0.08814, 'loss': 4.26583192, 'lr': 0, 'params': 269333, 'time_iter': 0.0063, 'accuracy': 0.13333, 'f1': 0.12606, 'auc': 0.736}
> Epoch 69: took 2.2s (avg 2.3s) | Best so far: epoch 20	train_loss: 1.5939 train_accuracy: 0.4970	val_loss: 5.8060 val_accuracy: 0.1476	test_loss: 3.8698 test_accuracy: 0.1809	F1: 0.1410 Prec: 0.1576 Rec: 0.1810
train: {'epoch': 70, 'time_epoch': 2.12105, 'eta': 369.1619, 'eta_hours': 0.10254, 'loss': 0.83042958, 'lr': 0.00081871, 'params': 269333, 'time_iter': 0.01212, 'accuracy': 0.72993, 'f1': 0.72969, 'auc': 0.98105}
val: {'epoch': 70, 'time_epoch': 0.10409, 'loss': 8.05034992, 'lr': 0, 'params': 269333, 'time_iter': 0.00744, 'accuracy': 0.09286, 'f1': 0.07136, 'auc': 0.63196}
test: {'epoch': 70, 'time_epoch': 0.09191, 'loss': 5.09725259, 'lr': 0, 'params': 269333, 'time_iter': 0.00656, 'accuracy': 0.10714, 'f1': 0.09224, 'auc': 0.7175}
> Epoch 70: took 2.4s (avg 2.3s) | Best so far: epoch 20	train_loss: 1.5939 train_accuracy: 0.4970	val_loss: 5.8060 val_accuracy: 0.1476	test_loss: 3.8698 test_accuracy: 0.1809	F1: 0.1410 Prec: 0.1576 Rec: 0.1810
train: {'epoch': 71, 'time_epoch': 2.05669, 'eta': 367.08553, 'eta_hours': 0.10197, 'loss': 0.83030702, 'lr': 0.00081385, 'params': 269333, 'time_iter': 0.01175, 'accuracy': 0.74068, 'f1': 0.74027, 'auc': 0.98127}
val: {'epoch': 71, 'time_epoch': 0.0949, 'loss': 17.49141228, 'lr': 0, 'params': 269333, 'time_iter': 0.00678, 'accuracy': 0.09762, 'f1': 0.04373, 'auc': 0.58183}
test: {'epoch': 71, 'time_epoch': 0.08972, 'loss': 9.15464116, 'lr': 0, 'params': 269333, 'time_iter': 0.00641, 'accuracy': 0.13333, 'f1': 0.11105, 'auc': 0.65026}
> Epoch 71: took 2.3s (avg 2.3s) | Best so far: epoch 20	train_loss: 1.5939 train_accuracy: 0.4970	val_loss: 5.8060 val_accuracy: 0.1476	test_loss: 3.8698 test_accuracy: 0.1809	F1: 0.1410 Prec: 0.1576 Rec: 0.1810
train: {'epoch': 72, 'time_epoch': 2.05169, 'eta': 364.99758, 'eta_hours': 0.10139, 'loss': 0.82239637, 'lr': 0.00080893, 'params': 269333, 'time_iter': 0.01172, 'accuracy': 0.74086, 'f1': 0.74057, 'auc': 0.98122}
val: {'epoch': 72, 'time_epoch': 0.09111, 'loss': 6.19262328, 'lr': 0, 'params': 269333, 'time_iter': 0.00651, 'accuracy': 0.08095, 'f1': 0.07666, 'auc': 0.65553}
test: {'epoch': 72, 'time_epoch': 0.09021, 'loss': 4.05732721, 'lr': 0, 'params': 269333, 'time_iter': 0.00644, 'accuracy': 0.17619, 'f1': 0.1648, 'auc': 0.76569}
> Epoch 72: took 2.3s (avg 2.3s) | Best so far: epoch 20	train_loss: 1.5939 train_accuracy: 0.4970	val_loss: 5.8060 val_accuracy: 0.1476	test_loss: 3.8698 test_accuracy: 0.1809	F1: 0.1410 Prec: 0.1576 Rec: 0.1810
train: {'epoch': 73, 'time_epoch': 2.06875, 'eta': 362.95118, 'eta_hours': 0.10082, 'loss': 0.81254136, 'lr': 0.00080397, 'params': 269333, 'time_iter': 0.01182, 'accuracy': 0.74283, 'f1': 0.7428, 'auc': 0.98157}
val: {'epoch': 73, 'time_epoch': 0.08293, 'loss': 19.95746522, 'lr': 0, 'params': 269333, 'time_iter': 0.00592, 'accuracy': 0.06905, 'f1': 0.04012, 'auc': 0.56639}
test: {'epoch': 73, 'time_epoch': 0.08766, 'loss': 9.25493191, 'lr': 0, 'params': 269333, 'time_iter': 0.00626, 'accuracy': 0.12619, 'f1': 0.10291, 'auc': 0.64857}
> Epoch 73: took 2.3s (avg 2.3s) | Best so far: epoch 20	train_loss: 1.5939 train_accuracy: 0.4970	val_loss: 5.8060 val_accuracy: 0.1476	test_loss: 3.8698 test_accuracy: 0.1809	F1: 0.1410 Prec: 0.1576 Rec: 0.1810
train: {'epoch': 74, 'time_epoch': 2.02717, 'eta': 360.80718, 'eta_hours': 0.10022, 'loss': 0.80845178, 'lr': 0.00079895, 'params': 269333, 'time_iter': 0.01158, 'accuracy': 0.74194, 'f1': 0.74156, 'auc': 0.98191}
val: {'epoch': 74, 'time_epoch': 0.08162, 'loss': 7.73533803, 'lr': 0, 'params': 269333, 'time_iter': 0.00583, 'accuracy': 0.10238, 'f1': 0.06278, 'auc': 0.62569}
test: {'epoch': 74, 'time_epoch': 0.09292, 'loss': 4.35142315, 'lr': 0, 'params': 269333, 'time_iter': 0.00664, 'accuracy': 0.14762, 'f1': 0.13547, 'auc': 0.75632}
> Epoch 74: took 2.3s (avg 2.3s) | Best so far: epoch 20	train_loss: 1.5939 train_accuracy: 0.4970	val_loss: 5.8060 val_accuracy: 0.1476	test_loss: 3.8698 test_accuracy: 0.1809	F1: 0.1410 Prec: 0.1576 Rec: 0.1810
train: {'epoch': 75, 'time_epoch': 2.08076, 'eta': 358.78894, 'eta_hours': 0.09966, 'loss': 0.80367333, 'lr': 0.00079389, 'params': 269333, 'time_iter': 0.01189, 'accuracy': 0.74498, 'f1': 0.74489, 'auc': 0.98178}
val: {'epoch': 75, 'time_epoch': 0.08116, 'loss': 10.71723442, 'lr': 0, 'params': 269333, 'time_iter': 0.0058, 'accuracy': 0.1381, 'f1': 0.09647, 'auc': 0.61485}
test: {'epoch': 75, 'time_epoch': 0.08028, 'loss': 5.31200446, 'lr': 0, 'params': 269333, 'time_iter': 0.00573, 'accuracy': 0.14762, 'f1': 0.1284, 'auc': 0.72235}
> Epoch 75: took 2.3s (avg 2.3s) | Best so far: epoch 20	train_loss: 1.5939 train_accuracy: 0.4970	val_loss: 5.8060 val_accuracy: 0.1476	test_loss: 3.8698 test_accuracy: 0.1809	F1: 0.1410 Prec: 0.1576 Rec: 0.1810
train: {'epoch': 76, 'time_epoch': 2.05235, 'eta': 356.70524, 'eta_hours': 0.09908, 'loss': 0.79737017, 'lr': 0.00078879, 'params': 269333, 'time_iter': 0.01173, 'accuracy': 0.74928, 'f1': 0.74893, 'auc': 0.98221}
val: {'epoch': 76, 'time_epoch': 0.08382, 'loss': 16.85173769, 'lr': 0, 'params': 269333, 'time_iter': 0.00599, 'accuracy': 0.09524, 'f1': 0.06012, 'auc': 0.56666}
test: {'epoch': 76, 'time_epoch': 0.09204, 'loss': 8.53155775, 'lr': 0, 'params': 269333, 'time_iter': 0.00657, 'accuracy': 0.10952, 'f1': 0.10329, 'auc': 0.6494}
> Epoch 76: took 2.3s (avg 2.3s) | Best so far: epoch 20	train_loss: 1.5939 train_accuracy: 0.4970	val_loss: 5.8060 val_accuracy: 0.1476	test_loss: 3.8698 test_accuracy: 0.1809	F1: 0.1410 Prec: 0.1576 Rec: 0.1810
train: {'epoch': 77, 'time_epoch': 2.18503, 'eta': 354.91493, 'eta_hours': 0.09859, 'loss': 0.76664484, 'lr': 0.00078363, 'params': 269333, 'time_iter': 0.01249, 'accuracy': 0.75305, 'f1': 0.75268, 'auc': 0.98404}
val: {'epoch': 77, 'time_epoch': 0.09701, 'loss': 17.31341506, 'lr': 0, 'params': 269333, 'time_iter': 0.00693, 'accuracy': 0.10714, 'f1': 0.06283, 'auc': 0.56792}
test: {'epoch': 77, 'time_epoch': 0.09361, 'loss': 8.69770099, 'lr': 0, 'params': 269333, 'time_iter': 0.00669, 'accuracy': 0.0881, 'f1': 0.08197, 'auc': 0.6446}
> Epoch 77: took 2.5s (avg 2.3s) | Best so far: epoch 20	train_loss: 1.5939 train_accuracy: 0.4970	val_loss: 5.8060 val_accuracy: 0.1476	test_loss: 3.8698 test_accuracy: 0.1809	F1: 0.1410 Prec: 0.1576 Rec: 0.1810
train: {'epoch': 78, 'time_epoch': 2.15274, 'eta': 353.04472, 'eta_hours': 0.09807, 'loss': 0.79071389, 'lr': 0.00077844, 'params': 269333, 'time_iter': 0.0123, 'accuracy': 0.74928, 'f1': 0.74922, 'auc': 0.98258}
val: {'epoch': 78, 'time_epoch': 0.08562, 'loss': 18.2669851, 'lr': 0, 'params': 269333, 'time_iter': 0.00612, 'accuracy': 0.0619, 'f1': 0.04564, 'auc': 0.56855}
test: {'epoch': 78, 'time_epoch': 0.08416, 'loss': 9.79903064, 'lr': 0, 'params': 269333, 'time_iter': 0.00601, 'accuracy': 0.10714, 'f1': 0.08892, 'auc': 0.65159}
> Epoch 78: took 2.4s (avg 2.3s) | Best so far: epoch 20	train_loss: 1.5939 train_accuracy: 0.4970	val_loss: 5.8060 val_accuracy: 0.1476	test_loss: 3.8698 test_accuracy: 0.1809	F1: 0.1410 Prec: 0.1576 Rec: 0.1810
train: {'epoch': 79, 'time_epoch': 2.53523, 'eta': 351.98024, 'eta_hours': 0.09777, 'loss': 0.765936, 'lr': 0.0007732, 'params': 269333, 'time_iter': 0.01449, 'accuracy': 0.75341, 'f1': 0.75317, 'auc': 0.98393}
val: {'epoch': 79, 'time_epoch': 0.11877, 'loss': 19.81095105, 'lr': 0, 'params': 269333, 'time_iter': 0.00848, 'accuracy': 0.05, 'f1': 0.03472, 'auc': 0.54482}
test: {'epoch': 79, 'time_epoch': 0.09617, 'loss': 10.92297445, 'lr': 0, 'params': 269333, 'time_iter': 0.00687, 'accuracy': 0.10238, 'f1': 0.0939, 'auc': 0.6324}
> Epoch 79: took 2.9s (avg 2.3s) | Best so far: epoch 20	train_loss: 1.5939 train_accuracy: 0.4970	val_loss: 5.8060 val_accuracy: 0.1476	test_loss: 3.8698 test_accuracy: 0.1809	F1: 0.1410 Prec: 0.1576 Rec: 0.1810
train: {'epoch': 80, 'time_epoch': 2.06539, 'eta': 349.89916, 'eta_hours': 0.09719, 'loss': 0.77441942, 'lr': 0.00076791, 'params': 269333, 'time_iter': 0.0118, 'accuracy': 0.75036, 'f1': 0.75026, 'auc': 0.98319}
val: {'epoch': 80, 'time_epoch': 0.08503, 'loss': 17.62290582, 'lr': 0, 'params': 269333, 'time_iter': 0.00607, 'accuracy': 0.08095, 'f1': 0.05134, 'auc': 0.57643}
test: {'epoch': 80, 'time_epoch': 0.08654, 'loss': 9.50265677, 'lr': 0, 'params': 269333, 'time_iter': 0.00618, 'accuracy': 0.14762, 'f1': 0.13091, 'auc': 0.65227}
> Epoch 80: took 2.3s (avg 2.3s) | Best so far: epoch 20	train_loss: 1.5939 train_accuracy: 0.4970	val_loss: 5.8060 val_accuracy: 0.1476	test_loss: 3.8698 test_accuracy: 0.1809	F1: 0.1410 Prec: 0.1576 Rec: 0.1810
train: {'epoch': 81, 'time_epoch': 2.18093, 'eta': 348.05518, 'eta_hours': 0.09668, 'loss': 0.73722103, 'lr': 0.00076259, 'params': 269333, 'time_iter': 0.01246, 'accuracy': 0.77007, 'f1': 0.76979, 'auc': 0.98521}
val: {'epoch': 81, 'time_epoch': 0.09003, 'loss': 17.533425, 'lr': 0, 'params': 269333, 'time_iter': 0.00643, 'accuracy': 0.1, 'f1': 0.0537, 'auc': 0.56943}
test: {'epoch': 81, 'time_epoch': 0.10733, 'loss': 10.02710916, 'lr': 0, 'params': 269333, 'time_iter': 0.00767, 'accuracy': 0.10476, 'f1': 0.07736, 'auc': 0.63301}
> Epoch 81: took 2.5s (avg 2.3s) | Best so far: epoch 20	train_loss: 1.5939 train_accuracy: 0.4970	val_loss: 5.8060 val_accuracy: 0.1476	test_loss: 3.8698 test_accuracy: 0.1809	F1: 0.1410 Prec: 0.1576 Rec: 0.1810
train: {'epoch': 82, 'time_epoch': 2.0236, 'eta': 345.88652, 'eta_hours': 0.09608, 'loss': 0.74473536, 'lr': 0.00075722, 'params': 269333, 'time_iter': 0.01156, 'accuracy': 0.76147, 'f1': 0.7612, 'auc': 0.98453}
val: {'epoch': 82, 'time_epoch': 0.10452, 'loss': 15.66597926, 'lr': 0, 'params': 269333, 'time_iter': 0.00747, 'accuracy': 0.07143, 'f1': 0.04795, 'auc': 0.56112}
test: {'epoch': 82, 'time_epoch': 0.09143, 'loss': 8.80523211, 'lr': 0, 'params': 269333, 'time_iter': 0.00653, 'accuracy': 0.1, 'f1': 0.08318, 'auc': 0.64842}
> Epoch 82: took 2.3s (avg 2.3s) | Best so far: epoch 20	train_loss: 1.5939 train_accuracy: 0.4970	val_loss: 5.8060 val_accuracy: 0.1476	test_loss: 3.8698 test_accuracy: 0.1809	F1: 0.1410 Prec: 0.1576 Rec: 0.1810
train: {'epoch': 83, 'time_epoch': 2.12184, 'eta': 343.91546, 'eta_hours': 0.09553, 'loss': 0.70541983, 'lr': 0.00075181, 'params': 269333, 'time_iter': 0.01212, 'accuracy': 0.78011, 'f1': 0.77977, 'auc': 0.98631}
val: {'epoch': 83, 'time_epoch': 0.08985, 'loss': 10.91432733, 'lr': 0, 'params': 269333, 'time_iter': 0.00642, 'accuracy': 0.08333, 'f1': 0.06103, 'auc': 0.60523}
test: {'epoch': 83, 'time_epoch': 0.08515, 'loss': 6.33433412, 'lr': 0, 'params': 269333, 'time_iter': 0.00608, 'accuracy': 0.14762, 'f1': 0.14088, 'auc': 0.68404}
> Epoch 83: took 2.4s (avg 2.3s) | Best so far: epoch 20	train_loss: 1.5939 train_accuracy: 0.4970	val_loss: 5.8060 val_accuracy: 0.1476	test_loss: 3.8698 test_accuracy: 0.1809	F1: 0.1410 Prec: 0.1576 Rec: 0.1810
train: {'epoch': 84, 'time_epoch': 2.15871, 'eta': 342.01243, 'eta_hours': 0.095, 'loss': 0.72429092, 'lr': 0.00074636, 'params': 269333, 'time_iter': 0.01234, 'accuracy': 0.76864, 'f1': 0.76857, 'auc': 0.9856}
val: {'epoch': 84, 'time_epoch': 0.09048, 'loss': 13.13356663, 'lr': 0, 'params': 269333, 'time_iter': 0.00646, 'accuracy': 0.09286, 'f1': 0.05975, 'auc': 0.59032}
test: {'epoch': 84, 'time_epoch': 0.08742, 'loss': 7.82337431, 'lr': 0, 'params': 269333, 'time_iter': 0.00624, 'accuracy': 0.13095, 'f1': 0.0992, 'auc': 0.68424}
> Epoch 84: took 2.4s (avg 2.3s) | Best so far: epoch 20	train_loss: 1.5939 train_accuracy: 0.4970	val_loss: 5.8060 val_accuracy: 0.1476	test_loss: 3.8698 test_accuracy: 0.1809	F1: 0.1410 Prec: 0.1576 Rec: 0.1810
train: {'epoch': 85, 'time_epoch': 2.04869, 'eta': 339.89364, 'eta_hours': 0.09441, 'loss': 0.72496281, 'lr': 0.00074088, 'params': 269333, 'time_iter': 0.01171, 'accuracy': 0.77366, 'f1': 0.77317, 'auc': 0.98533}
val: {'epoch': 85, 'time_epoch': 0.09053, 'loss': 13.38878116, 'lr': 0, 'params': 269333, 'time_iter': 0.00647, 'accuracy': 0.10952, 'f1': 0.0728, 'auc': 0.59715}
test: {'epoch': 85, 'time_epoch': 0.12053, 'loss': 6.99743285, 'lr': 0, 'params': 269333, 'time_iter': 0.00861, 'accuracy': 0.14048, 'f1': 0.11118, 'auc': 0.67542}
> Epoch 85: took 2.4s (avg 2.3s) | Best so far: epoch 20	train_loss: 1.5939 train_accuracy: 0.4970	val_loss: 5.8060 val_accuracy: 0.1476	test_loss: 3.8698 test_accuracy: 0.1809	F1: 0.1410 Prec: 0.1576 Rec: 0.1810
train: {'epoch': 86, 'time_epoch': 2.11795, 'eta': 337.90623, 'eta_hours': 0.09386, 'loss': 0.74504382, 'lr': 0.00073535, 'params': 269333, 'time_iter': 0.0121, 'accuracy': 0.76559, 'f1': 0.76541, 'auc': 0.9847}
val: {'epoch': 86, 'time_epoch': 0.08233, 'loss': 15.40544866, 'lr': 0, 'params': 269333, 'time_iter': 0.00588, 'accuracy': 0.1119, 'f1': 0.06391, 'auc': 0.58515}
test: {'epoch': 86, 'time_epoch': 0.07992, 'loss': 7.91116251, 'lr': 0, 'params': 269333, 'time_iter': 0.00571, 'accuracy': 0.14048, 'f1': 0.10137, 'auc': 0.67451}
> Epoch 86: took 2.4s (avg 2.3s) | Best so far: epoch 20	train_loss: 1.5939 train_accuracy: 0.4970	val_loss: 5.8060 val_accuracy: 0.1476	test_loss: 3.8698 test_accuracy: 0.1809	F1: 0.1410 Prec: 0.1576 Rec: 0.1810
train: {'epoch': 87, 'time_epoch': 1.96304, 'eta': 335.63069, 'eta_hours': 0.09323, 'loss': 0.71074832, 'lr': 0.00072979, 'params': 269333, 'time_iter': 0.01122, 'accuracy': 0.76918, 'f1': 0.76887, 'auc': 0.98607}
val: {'epoch': 87, 'time_epoch': 0.08899, 'loss': 23.3924211, 'lr': 0, 'params': 269333, 'time_iter': 0.00636, 'accuracy': 0.06667, 'f1': 0.04308, 'auc': 0.54691}
test: {'epoch': 87, 'time_epoch': 0.0909, 'loss': 13.59672862, 'lr': 0, 'params': 269333, 'time_iter': 0.00649, 'accuracy': 0.11667, 'f1': 0.0768, 'auc': 0.62579}
> Epoch 87: took 2.2s (avg 2.3s) | Best so far: epoch 20	train_loss: 1.5939 train_accuracy: 0.4970	val_loss: 5.8060 val_accuracy: 0.1476	test_loss: 3.8698 test_accuracy: 0.1809	F1: 0.1410 Prec: 0.1576 Rec: 0.1810
train: {'epoch': 88, 'time_epoch': 2.15587, 'eta': 333.71099, 'eta_hours': 0.0927, 'loss': 0.73488838, 'lr': 0.00072419, 'params': 269333, 'time_iter': 0.01232, 'accuracy': 0.7638, 'f1': 0.76323, 'auc': 0.98514}
val: {'epoch': 88, 'time_epoch': 0.09587, 'loss': 12.3196975, 'lr': 0, 'params': 269333, 'time_iter': 0.00685, 'accuracy': 0.09048, 'f1': 0.05715, 'auc': 0.58307}
test: {'epoch': 88, 'time_epoch': 0.12744, 'loss': 7.66834427, 'lr': 0, 'params': 269333, 'time_iter': 0.0091, 'accuracy': 0.1381, 'f1': 0.11914, 'auc': 0.67037}
> Epoch 88: took 2.5s (avg 2.3s) | Best so far: epoch 20	train_loss: 1.5939 train_accuracy: 0.4970	val_loss: 5.8060 val_accuracy: 0.1476	test_loss: 3.8698 test_accuracy: 0.1809	F1: 0.1410 Prec: 0.1576 Rec: 0.1810
train: {'epoch': 89, 'time_epoch': 2.10581, 'eta': 331.69704, 'eta_hours': 0.09214, 'loss': 0.68626357, 'lr': 0.00071856, 'params': 269333, 'time_iter': 0.01203, 'accuracy': 0.78011, 'f1': 0.77984, 'auc': 0.98715}
val: {'epoch': 89, 'time_epoch': 0.09329, 'loss': 13.92004458, 'lr': 0, 'params': 269333, 'time_iter': 0.00666, 'accuracy': 0.07857, 'f1': 0.05159, 'auc': 0.57033}
test: {'epoch': 89, 'time_epoch': 0.09306, 'loss': 6.93961751, 'lr': 0, 'params': 269333, 'time_iter': 0.00665, 'accuracy': 0.15952, 'f1': 0.13985, 'auc': 0.68362}
> Epoch 89: took 2.4s (avg 2.3s) | Best so far: epoch 20	train_loss: 1.5939 train_accuracy: 0.4970	val_loss: 5.8060 val_accuracy: 0.1476	test_loss: 3.8698 test_accuracy: 0.1809	F1: 0.1410 Prec: 0.1576 Rec: 0.1810
train: {'epoch': 90, 'time_epoch': 2.10023, 'eta': 329.67133, 'eta_hours': 0.09158, 'loss': 0.68345789, 'lr': 0.00071289, 'params': 269333, 'time_iter': 0.012, 'accuracy': 0.78244, 'f1': 0.78209, 'auc': 0.98736}
val: {'epoch': 90, 'time_epoch': 0.1068, 'loss': 9.32194543, 'lr': 0, 'params': 269333, 'time_iter': 0.00763, 'accuracy': 0.10714, 'f1': 0.07823, 'auc': 0.61845}
test: {'epoch': 90, 'time_epoch': 0.10073, 'loss': 4.74488053, 'lr': 0, 'params': 269333, 'time_iter': 0.00719, 'accuracy': 0.17857, 'f1': 0.16569, 'auc': 0.74399}
> Epoch 90: took 2.4s (avg 2.3s) | Best so far: epoch 20	train_loss: 1.5939 train_accuracy: 0.4970	val_loss: 5.8060 val_accuracy: 0.1476	test_loss: 3.8698 test_accuracy: 0.1809	F1: 0.1410 Prec: 0.1576 Rec: 0.1810
train: {'epoch': 91, 'time_epoch': 2.12507, 'eta': 327.68666, 'eta_hours': 0.09102, 'loss': 0.678252, 'lr': 0.00070719, 'params': 269333, 'time_iter': 0.01214, 'accuracy': 0.78118, 'f1': 0.78101, 'auc': 0.98715}
val: {'epoch': 91, 'time_epoch': 0.08592, 'loss': 18.53532591, 'lr': 0, 'params': 269333, 'time_iter': 0.00614, 'accuracy': 0.09524, 'f1': 0.05754, 'auc': 0.58139}
test: {'epoch': 91, 'time_epoch': 0.09102, 'loss': 11.42225571, 'lr': 0, 'params': 269333, 'time_iter': 0.0065, 'accuracy': 0.11429, 'f1': 0.08557, 'auc': 0.64364}
> Epoch 91: took 2.4s (avg 2.3s) | Best so far: epoch 20	train_loss: 1.5939 train_accuracy: 0.4970	val_loss: 5.8060 val_accuracy: 0.1476	test_loss: 3.8698 test_accuracy: 0.1809	F1: 0.1410 Prec: 0.1576 Rec: 0.1810
train: {'epoch': 92, 'time_epoch': 2.16788, 'eta': 325.77124, 'eta_hours': 0.09049, 'loss': 0.67119544, 'lr': 0.00070145, 'params': 269333, 'time_iter': 0.01239, 'accuracy': 0.78602, 'f1': 0.78581, 'auc': 0.98773}
val: {'epoch': 92, 'time_epoch': 0.09355, 'loss': 11.50858759, 'lr': 0, 'params': 269333, 'time_iter': 0.00668, 'accuracy': 0.09524, 'f1': 0.05775, 'auc': 0.61144}
test: {'epoch': 92, 'time_epoch': 0.09187, 'loss': 6.92779026, 'lr': 0, 'params': 269333, 'time_iter': 0.00656, 'accuracy': 0.11429, 'f1': 0.10718, 'auc': 0.68543}
> Epoch 92: took 2.4s (avg 2.3s) | Best so far: epoch 20	train_loss: 1.5939 train_accuracy: 0.4970	val_loss: 5.8060 val_accuracy: 0.1476	test_loss: 3.8698 test_accuracy: 0.1809	F1: 0.1410 Prec: 0.1576 Rec: 0.1810
train: {'epoch': 93, 'time_epoch': 2.17711, 'eta': 323.86576, 'eta_hours': 0.08996, 'loss': 0.67165037, 'lr': 0.00069569, 'params': 269333, 'time_iter': 0.01244, 'accuracy': 0.78333, 'f1': 0.78332, 'auc': 0.98764}
val: {'epoch': 93, 'time_epoch': 0.08848, 'loss': 15.22641838, 'lr': 0, 'params': 269333, 'time_iter': 0.00632, 'accuracy': 0.08571, 'f1': 0.05012, 'auc': 0.58001}
test: {'epoch': 93, 'time_epoch': 0.08731, 'loss': 8.2760385, 'lr': 0, 'params': 269333, 'time_iter': 0.00624, 'accuracy': 0.11429, 'f1': 0.09916, 'auc': 0.67115}
> Epoch 93: took 2.4s (avg 2.3s) | Best so far: epoch 20	train_loss: 1.5939 train_accuracy: 0.4970	val_loss: 5.8060 val_accuracy: 0.1476	test_loss: 3.8698 test_accuracy: 0.1809	F1: 0.1410 Prec: 0.1576 Rec: 0.1810
train: {'epoch': 94, 'time_epoch': 2.29517, 'eta': 322.14719, 'eta_hours': 0.08949, 'loss': 0.67029541, 'lr': 0.00068989, 'params': 269333, 'time_iter': 0.01312, 'accuracy': 0.78961, 'f1': 0.78924, 'auc': 0.98719}
val: {'epoch': 94, 'time_epoch': 0.09292, 'loss': 13.14562181, 'lr': 0, 'params': 269333, 'time_iter': 0.00664, 'accuracy': 0.08571, 'f1': 0.05072, 'auc': 0.5683}
test: {'epoch': 94, 'time_epoch': 0.0928, 'loss': 6.41482139, 'lr': 0, 'params': 269333, 'time_iter': 0.00663, 'accuracy': 0.14524, 'f1': 0.1344, 'auc': 0.69465}
> Epoch 94: took 2.6s (avg 2.3s) | Best so far: epoch 20	train_loss: 1.5939 train_accuracy: 0.4970	val_loss: 5.8060 val_accuracy: 0.1476	test_loss: 3.8698 test_accuracy: 0.1809	F1: 0.1410 Prec: 0.1576 Rec: 0.1810
train: {'epoch': 95, 'time_epoch': 2.27216, 'eta': 320.3797, 'eta_hours': 0.08899, 'loss': 0.66864232, 'lr': 0.00068406, 'params': 269333, 'time_iter': 0.01298, 'accuracy': 0.78369, 'f1': 0.78357, 'auc': 0.98761}
val: {'epoch': 95, 'time_epoch': 0.08816, 'loss': 13.00319445, 'lr': 0, 'params': 269333, 'time_iter': 0.0063, 'accuracy': 0.10714, 'f1': 0.06119, 'auc': 0.59922}
test: {'epoch': 95, 'time_epoch': 0.09499, 'loss': 6.15937861, 'lr': 0, 'params': 269333, 'time_iter': 0.00679, 'accuracy': 0.14286, 'f1': 0.13319, 'auc': 0.71601}
> Epoch 95: took 2.5s (avg 2.3s) | Best so far: epoch 20	train_loss: 1.5939 train_accuracy: 0.4970	val_loss: 5.8060 val_accuracy: 0.1476	test_loss: 3.8698 test_accuracy: 0.1809	F1: 0.1410 Prec: 0.1576 Rec: 0.1810
train: {'epoch': 96, 'time_epoch': 2.17216, 'eta': 318.44406, 'eta_hours': 0.08846, 'loss': 0.6379491, 'lr': 0.00067821, 'params': 269333, 'time_iter': 0.01241, 'accuracy': 0.80036, 'f1': 0.8001, 'auc': 0.98862}
val: {'epoch': 96, 'time_epoch': 0.08896, 'loss': 7.24552156, 'lr': 0, 'params': 269333, 'time_iter': 0.00635, 'accuracy': 0.09762, 'f1': 0.06321, 'auc': 0.65265}
test: {'epoch': 96, 'time_epoch': 0.09485, 'loss': 4.73440191, 'lr': 0, 'params': 269333, 'time_iter': 0.00678, 'accuracy': 0.15476, 'f1': 0.14669, 'auc': 0.75068}
> Epoch 96: took 2.4s (avg 2.3s) | Best so far: epoch 20	train_loss: 1.5939 train_accuracy: 0.4970	val_loss: 5.8060 val_accuracy: 0.1476	test_loss: 3.8698 test_accuracy: 0.1809	F1: 0.1410 Prec: 0.1576 Rec: 0.1810
train: {'epoch': 97, 'time_epoch': 2.18613, 'eta': 316.52527, 'eta_hours': 0.08792, 'loss': 0.6654164, 'lr': 0.00067232, 'params': 269333, 'time_iter': 0.01249, 'accuracy': 0.7828, 'f1': 0.78268, 'auc': 0.98786}
val: {'epoch': 97, 'time_epoch': 0.08757, 'loss': 7.69637366, 'lr': 0, 'params': 269333, 'time_iter': 0.00626, 'accuracy': 0.11905, 'f1': 0.08889, 'auc': 0.65958}
test: {'epoch': 97, 'time_epoch': 0.09107, 'loss': 5.00316318, 'lr': 0, 'params': 269333, 'time_iter': 0.0065, 'accuracy': 0.14762, 'f1': 0.13188, 'auc': 0.72723}
> Epoch 97: took 2.4s (avg 2.3s) | Best so far: epoch 20	train_loss: 1.5939 train_accuracy: 0.4970	val_loss: 5.8060 val_accuracy: 0.1476	test_loss: 3.8698 test_accuracy: 0.1809	F1: 0.1410 Prec: 0.1576 Rec: 0.1810
train: {'epoch': 98, 'time_epoch': 1.96374, 'eta': 314.26188, 'eta_hours': 0.08729, 'loss': 0.62488656, 'lr': 0.00066641, 'params': 269333, 'time_iter': 0.01122, 'accuracy': 0.80842, 'f1': 0.80793, 'auc': 0.98901}
val: {'epoch': 98, 'time_epoch': 0.09867, 'loss': 14.95354276, 'lr': 0, 'params': 269333, 'time_iter': 0.00705, 'accuracy': 0.06667, 'f1': 0.03915, 'auc': 0.58108}
test: {'epoch': 98, 'time_epoch': 0.09228, 'loss': 7.72931558, 'lr': 0, 'params': 269333, 'time_iter': 0.00659, 'accuracy': 0.12619, 'f1': 0.1026, 'auc': 0.67849}
> Epoch 98: took 2.3s (avg 2.3s) | Best so far: epoch 20	train_loss: 1.5939 train_accuracy: 0.4970	val_loss: 5.8060 val_accuracy: 0.1476	test_loss: 3.8698 test_accuracy: 0.1809	F1: 0.1410 Prec: 0.1576 Rec: 0.1810
train: {'epoch': 99, 'time_epoch': 2.11901, 'eta': 312.23738, 'eta_hours': 0.08673, 'loss': 0.65449796, 'lr': 0.00066047, 'params': 269333, 'time_iter': 0.01211, 'accuracy': 0.79731, 'f1': 0.7973, 'auc': 0.98784}
val: {'epoch': 99, 'time_epoch': 0.0967, 'loss': 7.2045386, 'lr': 0, 'params': 269333, 'time_iter': 0.00691, 'accuracy': 0.13095, 'f1': 0.10802, 'auc': 0.65559}
test: {'epoch': 99, 'time_epoch': 0.09916, 'loss': 5.32713011, 'lr': 0, 'params': 269333, 'time_iter': 0.00708, 'accuracy': 0.14286, 'f1': 0.1475, 'auc': 0.70864}
> Epoch 99: took 2.4s (avg 2.3s) | Best so far: epoch 20	train_loss: 1.5939 train_accuracy: 0.4970	val_loss: 5.8060 val_accuracy: 0.1476	test_loss: 3.8698 test_accuracy: 0.1809	F1: 0.1410 Prec: 0.1576 Rec: 0.1810
train: {'epoch': 100, 'time_epoch': 2.40736, 'eta': 310.6364, 'eta_hours': 0.08629, 'loss': 0.64288857, 'lr': 0.00065451, 'params': 269333, 'time_iter': 0.01376, 'accuracy': 0.78907, 'f1': 0.78869, 'auc': 0.98861}
val: {'epoch': 100, 'time_epoch': 0.09866, 'loss': 12.8397864, 'lr': 0, 'params': 269333, 'time_iter': 0.00705, 'accuracy': 0.10476, 'f1': 0.06849, 'auc': 0.60879}
test: {'epoch': 100, 'time_epoch': 0.09932, 'loss': 6.92190691, 'lr': 0, 'params': 269333, 'time_iter': 0.00709, 'accuracy': 0.1381, 'f1': 0.11112, 'auc': 0.71136}
> Epoch 100: took 2.7s (avg 2.4s) | Best so far: epoch 20	train_loss: 1.5939 train_accuracy: 0.4970	val_loss: 5.8060 val_accuracy: 0.1476	test_loss: 3.8698 test_accuracy: 0.1809	F1: 0.1410 Prec: 0.1576 Rec: 0.1810
train: {'epoch': 101, 'time_epoch': 2.28718, 'eta': 308.84523, 'eta_hours': 0.08579, 'loss': 0.64609263, 'lr': 0.00064852, 'params': 269333, 'time_iter': 0.01307, 'accuracy': 0.79301, 'f1': 0.79285, 'auc': 0.9883}
val: {'epoch': 101, 'time_epoch': 0.10393, 'loss': 12.13354868, 'lr': 0, 'params': 269333, 'time_iter': 0.00742, 'accuracy': 0.12143, 'f1': 0.07887, 'auc': 0.60667}
test: {'epoch': 101, 'time_epoch': 0.10422, 'loss': 6.9674116, 'lr': 0, 'params': 269333, 'time_iter': 0.00744, 'accuracy': 0.11429, 'f1': 0.10226, 'auc': 0.68666}
> Epoch 101: took 2.6s (avg 2.4s) | Best so far: epoch 20	train_loss: 1.5939 train_accuracy: 0.4970	val_loss: 5.8060 val_accuracy: 0.1476	test_loss: 3.8698 test_accuracy: 0.1809	F1: 0.1410 Prec: 0.1576 Rec: 0.1810
train: {'epoch': 102, 'time_epoch': 2.38459, 'eta': 307.18344, 'eta_hours': 0.08533, 'loss': 0.63764687, 'lr': 0.00064251, 'params': 269333, 'time_iter': 0.01363, 'accuracy': 0.79892, 'f1': 0.79861, 'auc': 0.98864}
val: {'epoch': 102, 'time_epoch': 0.09877, 'loss': 13.24110892, 'lr': 0, 'params': 269333, 'time_iter': 0.00706, 'accuracy': 0.09524, 'f1': 0.04776, 'auc': 0.58642}
test: {'epoch': 102, 'time_epoch': 0.10317, 'loss': 6.87297813, 'lr': 0, 'params': 269333, 'time_iter': 0.00737, 'accuracy': 0.12143, 'f1': 0.11585, 'auc': 0.6736}
> Epoch 102: took 2.7s (avg 2.4s) | Best so far: epoch 20	train_loss: 1.5939 train_accuracy: 0.4970	val_loss: 5.8060 val_accuracy: 0.1476	test_loss: 3.8698 test_accuracy: 0.1809	F1: 0.1410 Prec: 0.1576 Rec: 0.1810
train: {'epoch': 103, 'time_epoch': 2.46501, 'eta': 305.62067, 'eta_hours': 0.08489, 'loss': 0.61755649, 'lr': 0.00063648, 'params': 269333, 'time_iter': 0.01409, 'accuracy': 0.80484, 'f1': 0.80479, 'auc': 0.98965}
val: {'epoch': 103, 'time_epoch': 0.12316, 'loss': 15.80678022, 'lr': 0, 'params': 269333, 'time_iter': 0.0088, 'accuracy': 0.1119, 'f1': 0.06133, 'auc': 0.59274}
test: {'epoch': 103, 'time_epoch': 0.10943, 'loss': 7.90879879, 'lr': 0, 'params': 269333, 'time_iter': 0.00782, 'accuracy': 0.12857, 'f1': 0.09889, 'auc': 0.68815}
> Epoch 103: took 2.8s (avg 2.4s) | Best so far: epoch 20	train_loss: 1.5939 train_accuracy: 0.4970	val_loss: 5.8060 val_accuracy: 0.1476	test_loss: 3.8698 test_accuracy: 0.1809	F1: 0.1410 Prec: 0.1576 Rec: 0.1810
train: {'epoch': 104, 'time_epoch': 2.29565, 'eta': 303.80682, 'eta_hours': 0.08439, 'loss': 0.603097, 'lr': 0.00063042, 'params': 269333, 'time_iter': 0.01312, 'accuracy': 0.80484, 'f1': 0.80463, 'auc': 0.99012}
val: {'epoch': 104, 'time_epoch': 0.11884, 'loss': 10.15465713, 'lr': 0, 'params': 269333, 'time_iter': 0.00849, 'accuracy': 0.09762, 'f1': 0.05859, 'auc': 0.60838}
test: {'epoch': 104, 'time_epoch': 0.09864, 'loss': 5.11632509, 'lr': 0, 'params': 269333, 'time_iter': 0.00705, 'accuracy': 0.17619, 'f1': 0.18342, 'auc': 0.73948}
> Epoch 104: took 2.6s (avg 2.4s) | Best so far: epoch 20	train_loss: 1.5939 train_accuracy: 0.4970	val_loss: 5.8060 val_accuracy: 0.1476	test_loss: 3.8698 test_accuracy: 0.1809	F1: 0.1410 Prec: 0.1576 Rec: 0.1810
train: {'epoch': 105, 'time_epoch': 6.95755, 'eta': 308.31703, 'eta_hours': 0.08564, 'loss': 0.62423771, 'lr': 0.00062434, 'params': 269333, 'time_iter': 0.03976, 'accuracy': 0.79731, 'f1': 0.79701, 'auc': 0.98934}
val: {'epoch': 105, 'time_epoch': 0.25162, 'loss': 18.89958176, 'lr': 0, 'params': 269333, 'time_iter': 0.01797, 'accuracy': 0.05952, 'f1': 0.03619, 'auc': 0.55494}
test: {'epoch': 105, 'time_epoch': 0.25251, 'loss': 10.94314759, 'lr': 0, 'params': 269333, 'time_iter': 0.01804, 'accuracy': 0.08571, 'f1': 0.07014, 'auc': 0.65863}
> Epoch 105: took 7.7s (avg 2.4s) | Best so far: epoch 20	train_loss: 1.5939 train_accuracy: 0.4970	val_loss: 5.8060 val_accuracy: 0.1476	test_loss: 3.8698 test_accuracy: 0.1809	F1: 0.1410 Prec: 0.1576 Rec: 0.1810
train: {'epoch': 106, 'time_epoch': 7.04346, 'eta': 312.72771, 'eta_hours': 0.08687, 'loss': 0.61949278, 'lr': 0.00061825, 'params': 269333, 'time_iter': 0.04025, 'accuracy': 0.79964, 'f1': 0.7993, 'auc': 0.98953}
val: {'epoch': 106, 'time_epoch': 0.3213, 'loss': 12.43286856, 'lr': 0, 'params': 269333, 'time_iter': 0.02295, 'accuracy': 0.10952, 'f1': 0.07398, 'auc': 0.58582}
test: {'epoch': 106, 'time_epoch': 0.34998, 'loss': 9.23102743, 'lr': 0, 'params': 269333, 'time_iter': 0.025, 'accuracy': 0.14048, 'f1': 0.11863, 'auc': 0.64864}
> Epoch 106: took 8.0s (avg 2.5s) | Best so far: epoch 20	train_loss: 1.5939 train_accuracy: 0.4970	val_loss: 5.8060 val_accuracy: 0.1476	test_loss: 3.8698 test_accuracy: 0.1809	F1: 0.1410 Prec: 0.1576 Rec: 0.1810
train: {'epoch': 107, 'time_epoch': 10.16904, 'eta': 321.03583, 'eta_hours': 0.08918, 'loss': 0.58681103, 'lr': 0.00061214, 'params': 269333, 'time_iter': 0.05811, 'accuracy': 0.8086, 'f1': 0.80844, 'auc': 0.99075}
val: {'epoch': 107, 'time_epoch': 0.48711, 'loss': 19.50812135, 'lr': 0, 'params': 269333, 'time_iter': 0.03479, 'accuracy': 0.08571, 'f1': 0.05251, 'auc': 0.56302}
test: {'epoch': 107, 'time_epoch': 0.51445, 'loss': 10.60997888, 'lr': 0, 'params': 269333, 'time_iter': 0.03675, 'accuracy': 0.12143, 'f1': 0.08856, 'auc': 0.65018}
> Epoch 107: took 11.5s (avg 2.5s) | Best so far: epoch 20	train_loss: 1.5939 train_accuracy: 0.4970	val_loss: 5.8060 val_accuracy: 0.1476	test_loss: 3.8698 test_accuracy: 0.1809	F1: 0.1410 Prec: 0.1576 Rec: 0.1810
train: {'epoch': 108, 'time_epoch': 7.39254, 'eta': 325.41331, 'eta_hours': 0.09039, 'loss': 0.59376144, 'lr': 0.000606, 'params': 269333, 'time_iter': 0.04224, 'accuracy': 0.81416, 'f1': 0.81401, 'auc': 0.9901}
val: {'epoch': 108, 'time_epoch': 0.23236, 'loss': 7.71673448, 'lr': 0, 'params': 269333, 'time_iter': 0.0166, 'accuracy': 0.12143, 'f1': 0.08776, 'auc': 0.65374}
test: {'epoch': 108, 'time_epoch': 0.29111, 'loss': 4.71631243, 'lr': 0, 'params': 269333, 'time_iter': 0.02079, 'accuracy': 0.15238, 'f1': 0.1564, 'auc': 0.73233}
> Epoch 108: took 8.1s (avg 2.6s) | Best so far: epoch 20	train_loss: 1.5939 train_accuracy: 0.4970	val_loss: 5.8060 val_accuracy: 0.1476	test_loss: 3.8698 test_accuracy: 0.1809	F1: 0.1410 Prec: 0.1576 Rec: 0.1810
train: {'epoch': 109, 'time_epoch': 7.15342, 'eta': 329.27244, 'eta_hours': 0.09146, 'loss': 0.62767632, 'lr': 0.00059985, 'params': 269333, 'time_iter': 0.04088, 'accuracy': 0.79749, 'f1': 0.7973, 'auc': 0.98915}
val: {'epoch': 109, 'time_epoch': 0.3083, 'loss': 16.10259161, 'lr': 0, 'params': 269333, 'time_iter': 0.02202, 'accuracy': 0.0881, 'f1': 0.03975, 'auc': 0.56826}
test: {'epoch': 109, 'time_epoch': 0.26196, 'loss': 9.13361384, 'lr': 0, 'params': 269333, 'time_iter': 0.01871, 'accuracy': 0.12143, 'f1': 0.09546, 'auc': 0.66657}
> Epoch 109: took 7.9s (avg 2.6s) | Best so far: epoch 20	train_loss: 1.5939 train_accuracy: 0.4970	val_loss: 5.8060 val_accuracy: 0.1476	test_loss: 3.8698 test_accuracy: 0.1809	F1: 0.1410 Prec: 0.1576 Rec: 0.1810
train: {'epoch': 110, 'time_epoch': 6.60294, 'eta': 332.24382, 'eta_hours': 0.09229, 'loss': 0.56774201, 'lr': 0.00059369, 'params': 269333, 'time_iter': 0.03773, 'accuracy': 0.82186, 'f1': 0.82147, 'auc': 0.9912}
val: {'epoch': 110, 'time_epoch': 0.22878, 'loss': 9.57207498, 'lr': 0, 'params': 269333, 'time_iter': 0.01634, 'accuracy': 0.06667, 'f1': 0.05278, 'auc': 0.61033}
test: {'epoch': 110, 'time_epoch': 0.2568, 'loss': 5.85017973, 'lr': 0, 'params': 269333, 'time_iter': 0.01834, 'accuracy': 0.15714, 'f1': 0.14804, 'auc': 0.72392}
> Epoch 110: took 7.3s (avg 2.7s) | Best so far: epoch 20	train_loss: 1.5939 train_accuracy: 0.4970	val_loss: 5.8060 val_accuracy: 0.1476	test_loss: 3.8698 test_accuracy: 0.1809	F1: 0.1410 Prec: 0.1576 Rec: 0.1810
train: {'epoch': 111, 'time_epoch': 6.33752, 'eta': 334.71719, 'eta_hours': 0.09298, 'loss': 0.57802094, 'lr': 0.00058751, 'params': 269333, 'time_iter': 0.03621, 'accuracy': 0.81434, 'f1': 0.81405, 'auc': 0.99072}
val: {'epoch': 111, 'time_epoch': 0.25649, 'loss': 7.77574376, 'lr': 0, 'params': 269333, 'time_iter': 0.01832, 'accuracy': 0.10714, 'f1': 0.07352, 'auc': 0.65865}
test: {'epoch': 111, 'time_epoch': 0.23005, 'loss': 5.11121862, 'lr': 0, 'params': 269333, 'time_iter': 0.01643, 'accuracy': 0.11429, 'f1': 0.11151, 'auc': 0.72773}
> Epoch 111: took 7.0s (avg 2.7s) | Best so far: epoch 20	train_loss: 1.5939 train_accuracy: 0.4970	val_loss: 5.8060 val_accuracy: 0.1476	test_loss: 3.8698 test_accuracy: 0.1809	F1: 0.1410 Prec: 0.1576 Rec: 0.1810
train: {'epoch': 112, 'time_epoch': 5.31916, 'eta': 335.79996, 'eta_hours': 0.09328, 'loss': 0.59020162, 'lr': 0.00058132, 'params': 269333, 'time_iter': 0.0304, 'accuracy': 0.80842, 'f1': 0.80837, 'auc': 0.99044}
val: {'epoch': 112, 'time_epoch': 0.12513, 'loss': 14.38570993, 'lr': 0, 'params': 269333, 'time_iter': 0.00894, 'accuracy': 0.09048, 'f1': 0.05889, 'auc': 0.5732}
test: {'epoch': 112, 'time_epoch': 0.13274, 'loss': 6.8793564, 'lr': 0, 'params': 269333, 'time_iter': 0.00948, 'accuracy': 0.12857, 'f1': 0.1307, 'auc': 0.69083}
> Epoch 112: took 5.7s (avg 2.8s) | Best so far: epoch 20	train_loss: 1.5939 train_accuracy: 0.4970	val_loss: 5.8060 val_accuracy: 0.1476	test_loss: 3.8698 test_accuracy: 0.1809	F1: 0.1410 Prec: 0.1576 Rec: 0.1810
train: {'epoch': 113, 'time_epoch': 2.85643, 'eta': 333.83242, 'eta_hours': 0.09273, 'loss': 0.60302731, 'lr': 0.00057511, 'params': 269333, 'time_iter': 0.01632, 'accuracy': 0.80878, 'f1': 0.80861, 'auc': 0.98998}
val: {'epoch': 113, 'time_epoch': 0.10153, 'loss': 14.02950672, 'lr': 0, 'params': 269333, 'time_iter': 0.00725, 'accuracy': 0.09762, 'f1': 0.05463, 'auc': 0.58926}
test: {'epoch': 113, 'time_epoch': 0.10238, 'loss': 7.40085844, 'lr': 0, 'params': 269333, 'time_iter': 0.00731, 'accuracy': 0.12381, 'f1': 0.11149, 'auc': 0.69353}
> Epoch 113: took 3.2s (avg 2.8s) | Best so far: epoch 20	train_loss: 1.5939 train_accuracy: 0.4970	val_loss: 5.8060 val_accuracy: 0.1476	test_loss: 3.8698 test_accuracy: 0.1809	F1: 0.1410 Prec: 0.1576 Rec: 0.1810
train: {'epoch': 114, 'time_epoch': 2.40706, 'eta': 331.32191, 'eta_hours': 0.09203, 'loss': 0.56769734, 'lr': 0.0005689, 'params': 269333, 'time_iter': 0.01375, 'accuracy': 0.81523, 'f1': 0.8149, 'auc': 0.99121}
val: {'epoch': 114, 'time_epoch': 0.12813, 'loss': 9.82236428, 'lr': 0, 'params': 269333, 'time_iter': 0.00915, 'accuracy': 0.10952, 'f1': 0.0728, 'auc': 0.62112}
test: {'epoch': 114, 'time_epoch': 0.12297, 'loss': 5.06816952, 'lr': 0, 'params': 269333, 'time_iter': 0.00878, 'accuracy': 0.14286, 'f1': 0.14044, 'auc': 0.72726}
> Epoch 114: took 2.8s (avg 2.8s) | Best so far: epoch 20	train_loss: 1.5939 train_accuracy: 0.4970	val_loss: 5.8060 val_accuracy: 0.1476	test_loss: 3.8698 test_accuracy: 0.1809	F1: 0.1410 Prec: 0.1576 Rec: 0.1810
train: {'epoch': 115, 'time_epoch': 2.65635, 'eta': 329.10114, 'eta_hours': 0.09142, 'loss': 0.55723903, 'lr': 0.00056267, 'params': 269333, 'time_iter': 0.01518, 'accuracy': 0.82401, 'f1': 0.82391, 'auc': 0.99158}
val: {'epoch': 115, 'time_epoch': 0.11143, 'loss': 14.69151838, 'lr': 0, 'params': 269333, 'time_iter': 0.00796, 'accuracy': 0.08333, 'f1': 0.05349, 'auc': 0.57535}
test: {'epoch': 115, 'time_epoch': 0.11005, 'loss': 7.11560489, 'lr': 0, 'params': 269333, 'time_iter': 0.00786, 'accuracy': 0.13571, 'f1': 0.13418, 'auc': 0.67989}
> Epoch 115: took 3.0s (avg 2.8s) | Best so far: epoch 20	train_loss: 1.5939 train_accuracy: 0.4970	val_loss: 5.8060 val_accuracy: 0.1476	test_loss: 3.8698 test_accuracy: 0.1809	F1: 0.1410 Prec: 0.1576 Rec: 0.1810
train: {'epoch': 116, 'time_epoch': 2.33325, 'eta': 326.50566, 'eta_hours': 0.0907, 'loss': 0.54592129, 'lr': 0.00055643, 'params': 269333, 'time_iter': 0.01333, 'accuracy': 0.83244, 'f1': 0.83245, 'auc': 0.99179}
val: {'epoch': 116, 'time_epoch': 0.09898, 'loss': 13.46336514, 'lr': 0, 'params': 269333, 'time_iter': 0.00707, 'accuracy': 0.09524, 'f1': 0.05541, 'auc': 0.58667}
test: {'epoch': 116, 'time_epoch': 0.09785, 'loss': 6.2314606, 'lr': 0, 'params': 269333, 'time_iter': 0.00699, 'accuracy': 0.18333, 'f1': 0.15696, 'auc': 0.70565}
> Epoch 116: took 2.6s (avg 2.8s) | Best so far: epoch 20	train_loss: 1.5939 train_accuracy: 0.4970	val_loss: 5.8060 val_accuracy: 0.1476	test_loss: 3.8698 test_accuracy: 0.1809	F1: 0.1410 Prec: 0.1576 Rec: 0.1810
train: {'epoch': 117, 'time_epoch': 2.53722, 'eta': 324.14278, 'eta_hours': 0.09004, 'loss': 0.55629998, 'lr': 0.00055018, 'params': 269333, 'time_iter': 0.0145, 'accuracy': 0.82115, 'f1': 0.82094, 'auc': 0.99156}
val: {'epoch': 117, 'time_epoch': 0.11411, 'loss': 9.25495593, 'lr': 0, 'params': 269333, 'time_iter': 0.00815, 'accuracy': 0.08571, 'f1': 0.05133, 'auc': 0.62089}
test: {'epoch': 117, 'time_epoch': 0.10613, 'loss': 5.19927786, 'lr': 0, 'params': 269333, 'time_iter': 0.00758, 'accuracy': 0.14048, 'f1': 0.1628, 'auc': 0.7345}
> Epoch 117: took 2.9s (avg 2.8s) | Best so far: epoch 20	train_loss: 1.5939 train_accuracy: 0.4970	val_loss: 5.8060 val_accuracy: 0.1476	test_loss: 3.8698 test_accuracy: 0.1809	F1: 0.1410 Prec: 0.1576 Rec: 0.1810
train: {'epoch': 118, 'time_epoch': 2.46778, 'eta': 321.70053, 'eta_hours': 0.08936, 'loss': 0.54678928, 'lr': 0.00054393, 'params': 269333, 'time_iter': 0.0141, 'accuracy': 0.81685, 'f1': 0.81673, 'auc': 0.99199}
val: {'epoch': 118, 'time_epoch': 0.10912, 'loss': 13.34109848, 'lr': 0, 'params': 269333, 'time_iter': 0.00779, 'accuracy': 0.08571, 'f1': 0.04805, 'auc': 0.57733}
test: {'epoch': 118, 'time_epoch': 0.09587, 'loss': 5.94891163, 'lr': 0, 'params': 269333, 'time_iter': 0.00685, 'accuracy': 0.16667, 'f1': 0.16018, 'auc': 0.7328}
> Epoch 118: took 2.8s (avg 2.8s) | Best so far: epoch 20	train_loss: 1.5939 train_accuracy: 0.4970	val_loss: 5.8060 val_accuracy: 0.1476	test_loss: 3.8698 test_accuracy: 0.1809	F1: 0.1410 Prec: 0.1576 Rec: 0.1810
train: {'epoch': 119, 'time_epoch': 2.35674, 'eta': 319.13757, 'eta_hours': 0.08865, 'loss': 0.53562173, 'lr': 0.00053766, 'params': 269333, 'time_iter': 0.01347, 'accuracy': 0.82885, 'f1': 0.82875, 'auc': 0.99197}
val: {'epoch': 119, 'time_epoch': 0.09591, 'loss': 8.77018338, 'lr': 0, 'params': 269333, 'time_iter': 0.00685, 'accuracy': 0.06667, 'f1': 0.04934, 'auc': 0.60258}
test: {'epoch': 119, 'time_epoch': 0.13348, 'loss': 5.12544892, 'lr': 0, 'params': 269333, 'time_iter': 0.00953, 'accuracy': 0.14286, 'f1': 0.14401, 'auc': 0.73256}
> Epoch 119: took 2.7s (avg 2.8s) | Best so far: epoch 20	train_loss: 1.5939 train_accuracy: 0.4970	val_loss: 5.8060 val_accuracy: 0.1476	test_loss: 3.8698 test_accuracy: 0.1809	F1: 0.1410 Prec: 0.1576 Rec: 0.1810
train: {'epoch': 120, 'time_epoch': 2.39036, 'eta': 316.61385, 'eta_hours': 0.08795, 'loss': 0.56208081, 'lr': 0.0005314, 'params': 269333, 'time_iter': 0.01366, 'accuracy': 0.81756, 'f1': 0.81732, 'auc': 0.99131}
val: {'epoch': 120, 'time_epoch': 0.10011, 'loss': 10.37584276, 'lr': 0, 'params': 269333, 'time_iter': 0.00715, 'accuracy': 0.11667, 'f1': 0.06247, 'auc': 0.62238}
test: {'epoch': 120, 'time_epoch': 0.10172, 'loss': 5.50241561, 'lr': 0, 'params': 269333, 'time_iter': 0.00727, 'accuracy': 0.16905, 'f1': 0.16236, 'auc': 0.73013}
> Epoch 120: took 2.7s (avg 2.8s) | Best so far: epoch 20	train_loss: 1.5939 train_accuracy: 0.4970	val_loss: 5.8060 val_accuracy: 0.1476	test_loss: 3.8698 test_accuracy: 0.1809	F1: 0.1410 Prec: 0.1576 Rec: 0.1810
train: {'epoch': 121, 'time_epoch': 2.47312, 'eta': 314.17915, 'eta_hours': 0.08727, 'loss': 0.53843521, 'lr': 0.00052512, 'params': 269333, 'time_iter': 0.01413, 'accuracy': 0.8276, 'f1': 0.82748, 'auc': 0.99207}
val: {'epoch': 121, 'time_epoch': 0.1075, 'loss': 24.12494696, 'lr': 0, 'params': 269333, 'time_iter': 0.00768, 'accuracy': 0.06905, 'f1': 0.04177, 'auc': 0.56046}
test: {'epoch': 121, 'time_epoch': 0.10723, 'loss': 12.64485072, 'lr': 0, 'params': 269333, 'time_iter': 0.00766, 'accuracy': 0.11905, 'f1': 0.10463, 'auc': 0.6443}
> Epoch 121: took 2.8s (avg 2.8s) | Best so far: epoch 20	train_loss: 1.5939 train_accuracy: 0.4970	val_loss: 5.8060 val_accuracy: 0.1476	test_loss: 3.8698 test_accuracy: 0.1809	F1: 0.1410 Prec: 0.1576 Rec: 0.1810
train: {'epoch': 122, 'time_epoch': 2.35261, 'eta': 311.6194, 'eta_hours': 0.08656, 'loss': 0.54667587, 'lr': 0.00051885, 'params': 269333, 'time_iter': 0.01344, 'accuracy': 0.82455, 'f1': 0.8245, 'auc': 0.99176}
val: {'epoch': 122, 'time_epoch': 0.1041, 'loss': 10.68648714, 'lr': 0, 'params': 269333, 'time_iter': 0.00744, 'accuracy': 0.07143, 'f1': 0.05008, 'auc': 0.61369}
test: {'epoch': 122, 'time_epoch': 0.10719, 'loss': 6.04978521, 'lr': 0, 'params': 269333, 'time_iter': 0.00766, 'accuracy': 0.13571, 'f1': 0.12587, 'auc': 0.7252}
> Epoch 122: took 2.7s (avg 2.8s) | Best so far: epoch 20	train_loss: 1.5939 train_accuracy: 0.4970	val_loss: 5.8060 val_accuracy: 0.1476	test_loss: 3.8698 test_accuracy: 0.1809	F1: 0.1410 Prec: 0.1576 Rec: 0.1810
train: {'epoch': 123, 'time_epoch': 2.2956, 'eta': 309.00506, 'eta_hours': 0.08583, 'loss': 0.51421817, 'lr': 0.00051257, 'params': 269333, 'time_iter': 0.01312, 'accuracy': 0.83692, 'f1': 0.83683, 'auc': 0.99271}
val: {'epoch': 123, 'time_epoch': 0.09053, 'loss': 11.8380697, 'lr': 0, 'params': 269333, 'time_iter': 0.00647, 'accuracy': 0.11667, 'f1': 0.08835, 'auc': 0.58795}
test: {'epoch': 123, 'time_epoch': 0.08919, 'loss': 6.21318456, 'lr': 0, 'params': 269333, 'time_iter': 0.00637, 'accuracy': 0.12857, 'f1': 0.12201, 'auc': 0.71007}
> Epoch 123: took 2.6s (avg 2.8s) | Best so far: epoch 20	train_loss: 1.5939 train_accuracy: 0.4970	val_loss: 5.8060 val_accuracy: 0.1476	test_loss: 3.8698 test_accuracy: 0.1809	F1: 0.1410 Prec: 0.1576 Rec: 0.1810
train: {'epoch': 124, 'time_epoch': 2.27305, 'eta': 306.37327, 'eta_hours': 0.0851, 'loss': 0.50652908, 'lr': 0.00050628, 'params': 269333, 'time_iter': 0.01299, 'accuracy': 0.83817, 'f1': 0.83814, 'auc': 0.99297}
val: {'epoch': 124, 'time_epoch': 0.09892, 'loss': 11.57184434, 'lr': 0, 'params': 269333, 'time_iter': 0.00707, 'accuracy': 0.1, 'f1': 0.06272, 'auc': 0.60619}
test: {'epoch': 124, 'time_epoch': 0.13018, 'loss': 5.72051136, 'lr': 0, 'params': 269333, 'time_iter': 0.0093, 'accuracy': 0.1619, 'f1': 0.15268, 'auc': 0.71626}
> Epoch 124: took 2.6s (avg 2.8s) | Best so far: epoch 20	train_loss: 1.5939 train_accuracy: 0.4970	val_loss: 5.8060 val_accuracy: 0.1476	test_loss: 3.8698 test_accuracy: 0.1809	F1: 0.1410 Prec: 0.1576 Rec: 0.1810
train: {'epoch': 125, 'time_epoch': 2.38698, 'eta': 303.85929, 'eta_hours': 0.08441, 'loss': 0.47508938, 'lr': 0.0005, 'params': 269333, 'time_iter': 0.01364, 'accuracy': 0.85108, 'f1': 0.85087, 'auc': 0.99395}
val: {'epoch': 125, 'time_epoch': 0.08581, 'loss': 15.38004005, 'lr': 0, 'params': 269333, 'time_iter': 0.00613, 'accuracy': 0.09524, 'f1': 0.07003, 'auc': 0.58265}
test: {'epoch': 125, 'time_epoch': 0.08712, 'loss': 8.51051947, 'lr': 0, 'params': 269333, 'time_iter': 0.00622, 'accuracy': 0.11429, 'f1': 0.09153, 'auc': 0.66502}
> Epoch 125: took 2.6s (avg 2.8s) | Best so far: epoch 20	train_loss: 1.5939 train_accuracy: 0.4970	val_loss: 5.8060 val_accuracy: 0.1476	test_loss: 3.8698 test_accuracy: 0.1809	F1: 0.1410 Prec: 0.1576 Rec: 0.1810
train: {'epoch': 126, 'time_epoch': 2.17951, 'eta': 301.14638, 'eta_hours': 0.08365, 'loss': 0.49877705, 'lr': 0.00049372, 'params': 269333, 'time_iter': 0.01245, 'accuracy': 0.8414, 'f1': 0.84127, 'auc': 0.99312}
val: {'epoch': 126, 'time_epoch': 0.08995, 'loss': 12.46830404, 'lr': 0, 'params': 269333, 'time_iter': 0.00642, 'accuracy': 0.08333, 'f1': 0.04724, 'auc': 0.59598}
test: {'epoch': 126, 'time_epoch': 0.09778, 'loss': 6.50364895, 'lr': 0, 'params': 269333, 'time_iter': 0.00698, 'accuracy': 0.16429, 'f1': 0.13656, 'auc': 0.71381}
> Epoch 126: took 2.5s (avg 2.8s) | Best so far: epoch 20	train_loss: 1.5939 train_accuracy: 0.4970	val_loss: 5.8060 val_accuracy: 0.1476	test_loss: 3.8698 test_accuracy: 0.1809	F1: 0.1410 Prec: 0.1576 Rec: 0.1810
train: {'epoch': 127, 'time_epoch': 2.28967, 'eta': 298.5468, 'eta_hours': 0.08293, 'loss': 0.50216974, 'lr': 0.00048743, 'params': 269333, 'time_iter': 0.01308, 'accuracy': 0.84014, 'f1': 0.84019, 'auc': 0.9929}
val: {'epoch': 127, 'time_epoch': 0.09905, 'loss': 14.88032579, 'lr': 0, 'params': 269333, 'time_iter': 0.00707, 'accuracy': 0.10714, 'f1': 0.06513, 'auc': 0.59271}
test: {'epoch': 127, 'time_epoch': 0.09386, 'loss': 7.94923973, 'lr': 0, 'params': 269333, 'time_iter': 0.0067, 'accuracy': 0.1, 'f1': 0.07883, 'auc': 0.67236}
> Epoch 127: took 2.6s (avg 2.8s) | Best so far: epoch 20	train_loss: 1.5939 train_accuracy: 0.4970	val_loss: 5.8060 val_accuracy: 0.1476	test_loss: 3.8698 test_accuracy: 0.1809	F1: 0.1410 Prec: 0.1576 Rec: 0.1810
train: {'epoch': 128, 'time_epoch': 2.12753, 'eta': 295.79994, 'eta_hours': 0.08217, 'loss': 0.47510234, 'lr': 0.00048115, 'params': 269333, 'time_iter': 0.01216, 'accuracy': 0.85305, 'f1': 0.85292, 'auc': 0.99384}
val: {'epoch': 128, 'time_epoch': 0.09182, 'loss': 11.17033299, 'lr': 0, 'params': 269333, 'time_iter': 0.00656, 'accuracy': 0.10476, 'f1': 0.07696, 'auc': 0.61461}
test: {'epoch': 128, 'time_epoch': 0.09518, 'loss': 6.67326865, 'lr': 0, 'params': 269333, 'time_iter': 0.0068, 'accuracy': 0.13571, 'f1': 0.12762, 'auc': 0.6976}
> Epoch 128: took 2.4s (avg 2.7s) | Best so far: epoch 20	train_loss: 1.5939 train_accuracy: 0.4970	val_loss: 5.8060 val_accuracy: 0.1476	test_loss: 3.8698 test_accuracy: 0.1809	F1: 0.1410 Prec: 0.1576 Rec: 0.1810
train: {'epoch': 129, 'time_epoch': 2.27383, 'eta': 293.19765, 'eta_hours': 0.08144, 'loss': 0.5067859, 'lr': 0.00047488, 'params': 269333, 'time_iter': 0.01299, 'accuracy': 0.83907, 'f1': 0.83886, 'auc': 0.9928}
val: {'epoch': 129, 'time_epoch': 0.12778, 'loss': 7.75409072, 'lr': 0, 'params': 269333, 'time_iter': 0.00913, 'accuracy': 0.11905, 'f1': 0.09174, 'auc': 0.65628}
test: {'epoch': 129, 'time_epoch': 0.12793, 'loss': 5.05537463, 'lr': 0, 'params': 269333, 'time_iter': 0.00914, 'accuracy': 0.15714, 'f1': 0.14868, 'auc': 0.73528}
> Epoch 129: took 2.6s (avg 2.7s) | Best so far: epoch 20	train_loss: 1.5939 train_accuracy: 0.4970	val_loss: 5.8060 val_accuracy: 0.1476	test_loss: 3.8698 test_accuracy: 0.1809	F1: 0.1410 Prec: 0.1576 Rec: 0.1810
train: {'epoch': 130, 'time_epoch': 2.40007, 'eta': 290.71506, 'eta_hours': 0.08075, 'loss': 0.51127247, 'lr': 0.0004686, 'params': 269333, 'time_iter': 0.01371, 'accuracy': 0.83118, 'f1': 0.83099, 'auc': 0.99282}
val: {'epoch': 130, 'time_epoch': 0.10094, 'loss': 10.08447725, 'lr': 0, 'params': 269333, 'time_iter': 0.00721, 'accuracy': 0.10476, 'f1': 0.07729, 'auc': 0.61589}
test: {'epoch': 130, 'time_epoch': 0.10735, 'loss': 5.54672858, 'lr': 0, 'params': 269333, 'time_iter': 0.00767, 'accuracy': 0.13095, 'f1': 0.13422, 'auc': 0.71682}
> Epoch 130: took 2.7s (avg 2.7s) | Best so far: epoch 20	train_loss: 1.5939 train_accuracy: 0.4970	val_loss: 5.8060 val_accuracy: 0.1476	test_loss: 3.8698 test_accuracy: 0.1809	F1: 0.1410 Prec: 0.1576 Rec: 0.1810
train: {'epoch': 131, 'time_epoch': 2.29529, 'eta': 288.14005, 'eta_hours': 0.08004, 'loss': 0.49729792, 'lr': 0.00046234, 'params': 269333, 'time_iter': 0.01312, 'accuracy': 0.83835, 'f1': 0.83826, 'auc': 0.99325}
val: {'epoch': 131, 'time_epoch': 0.11219, 'loss': 8.57523484, 'lr': 0, 'params': 269333, 'time_iter': 0.00801, 'accuracy': 0.14048, 'f1': 0.11071, 'auc': 0.63064}
test: {'epoch': 131, 'time_epoch': 0.11642, 'loss': 6.02675269, 'lr': 0, 'params': 269333, 'time_iter': 0.00832, 'accuracy': 0.12381, 'f1': 0.11666, 'auc': 0.70849}
> Epoch 131: took 2.6s (avg 2.7s) | Best so far: epoch 20	train_loss: 1.5939 train_accuracy: 0.4970	val_loss: 5.8060 val_accuracy: 0.1476	test_loss: 3.8698 test_accuracy: 0.1809	F1: 0.1410 Prec: 0.1576 Rec: 0.1810
train: {'epoch': 132, 'time_epoch': 2.14259, 'eta': 285.43491, 'eta_hours': 0.07929, 'loss': 0.48581771, 'lr': 0.00045607, 'params': 269333, 'time_iter': 0.01224, 'accuracy': 0.84624, 'f1': 0.84618, 'auc': 0.99362}
val: {'epoch': 132, 'time_epoch': 0.10547, 'loss': 8.83608173, 'lr': 0, 'params': 269333, 'time_iter': 0.00753, 'accuracy': 0.10476, 'f1': 0.07545, 'auc': 0.63819}
test: {'epoch': 132, 'time_epoch': 0.09669, 'loss': 6.3782761, 'lr': 0, 'params': 269333, 'time_iter': 0.00691, 'accuracy': 0.1381, 'f1': 0.12902, 'auc': 0.70327}
> Epoch 132: took 2.4s (avg 2.7s) | Best so far: epoch 20	train_loss: 1.5939 train_accuracy: 0.4970	val_loss: 5.8060 val_accuracy: 0.1476	test_loss: 3.8698 test_accuracy: 0.1809	F1: 0.1410 Prec: 0.1576 Rec: 0.1810
train: {'epoch': 133, 'time_epoch': 2.29089, 'eta': 282.86655, 'eta_hours': 0.07857, 'loss': 0.46875168, 'lr': 0.00044982, 'params': 269333, 'time_iter': 0.01309, 'accuracy': 0.85108, 'f1': 0.85104, 'auc': 0.99406}
val: {'epoch': 133, 'time_epoch': 0.09828, 'loss': 10.45220742, 'lr': 0, 'params': 269333, 'time_iter': 0.00702, 'accuracy': 0.11429, 'f1': 0.07425, 'auc': 0.61753}
test: {'epoch': 133, 'time_epoch': 0.10586, 'loss': 6.18661225, 'lr': 0, 'params': 269333, 'time_iter': 0.00756, 'accuracy': 0.1381, 'f1': 0.11282, 'auc': 0.71516}
> Epoch 133: took 2.6s (avg 2.7s) | Best so far: epoch 20	train_loss: 1.5939 train_accuracy: 0.4970	val_loss: 5.8060 val_accuracy: 0.1476	test_loss: 3.8698 test_accuracy: 0.1809	F1: 0.1410 Prec: 0.1576 Rec: 0.1810
train: {'epoch': 134, 'time_epoch': 2.36625, 'eta': 280.3665, 'eta_hours': 0.07788, 'loss': 0.48330628, 'lr': 0.00044357, 'params': 269333, 'time_iter': 0.01352, 'accuracy': 0.84875, 'f1': 0.84859, 'auc': 0.99355}
val: {'epoch': 134, 'time_epoch': 0.09032, 'loss': 6.61137443, 'lr': 0, 'params': 269333, 'time_iter': 0.00645, 'accuracy': 0.13333, 'f1': 0.10562, 'auc': 0.68495}
test: {'epoch': 134, 'time_epoch': 0.0999, 'loss': 4.35931572, 'lr': 0, 'params': 269333, 'time_iter': 0.00714, 'accuracy': 0.21905, 'f1': 0.22464, 'auc': 0.77629}
> Epoch 134: took 2.6s (avg 2.7s) | Best so far: epoch 20	train_loss: 1.5939 train_accuracy: 0.4970	val_loss: 5.8060 val_accuracy: 0.1476	test_loss: 3.8698 test_accuracy: 0.1809	F1: 0.1410 Prec: 0.1576 Rec: 0.1810
train: {'epoch': 135, 'time_epoch': 2.46603, 'eta': 277.95205, 'eta_hours': 0.07721, 'loss': 0.46385295, 'lr': 0.00043733, 'params': 269333, 'time_iter': 0.01409, 'accuracy': 0.84695, 'f1': 0.84679, 'auc': 0.99434}
val: {'epoch': 135, 'time_epoch': 0.09436, 'loss': 9.08725488, 'lr': 0, 'params': 269333, 'time_iter': 0.00674, 'accuracy': 0.10714, 'f1': 0.07604, 'auc': 0.64507}
test: {'epoch': 135, 'time_epoch': 0.16105, 'loss': 7.03128676, 'lr': 0, 'params': 269333, 'time_iter': 0.0115, 'accuracy': 0.13571, 'f1': 0.12131, 'auc': 0.70905}
> Epoch 135: took 2.8s (avg 2.7s) | Best so far: epoch 20	train_loss: 1.5939 train_accuracy: 0.4970	val_loss: 5.8060 val_accuracy: 0.1476	test_loss: 3.8698 test_accuracy: 0.1809	F1: 0.1410 Prec: 0.1576 Rec: 0.1810
train: {'epoch': 136, 'time_epoch': 2.41296, 'eta': 275.49308, 'eta_hours': 0.07653, 'loss': 0.50106959, 'lr': 0.0004311, 'params': 269333, 'time_iter': 0.01379, 'accuracy': 0.83548, 'f1': 0.83546, 'auc': 0.99305}
val: {'epoch': 136, 'time_epoch': 0.10416, 'loss': 6.03281268, 'lr': 0, 'params': 269333, 'time_iter': 0.00744, 'accuracy': 0.12143, 'f1': 0.10433, 'auc': 0.6902}
test: {'epoch': 136, 'time_epoch': 0.10801, 'loss': 4.73390164, 'lr': 0, 'params': 269333, 'time_iter': 0.00772, 'accuracy': 0.19762, 'f1': 0.18802, 'auc': 0.75296}
> Epoch 136: took 2.7s (avg 2.7s) | Best so far: epoch 20	train_loss: 1.5939 train_accuracy: 0.4970	val_loss: 5.8060 val_accuracy: 0.1476	test_loss: 3.8698 test_accuracy: 0.1809	F1: 0.1410 Prec: 0.1576 Rec: 0.1810
train: {'epoch': 137, 'time_epoch': 2.48543, 'eta': 273.09359, 'eta_hours': 0.07586, 'loss': 0.46475795, 'lr': 0.00042489, 'params': 269333, 'time_iter': 0.0142, 'accuracy': 0.84964, 'f1': 0.84956, 'auc': 0.99433}
val: {'epoch': 137, 'time_epoch': 0.10737, 'loss': 9.14270192, 'lr': 0, 'params': 269333, 'time_iter': 0.00767, 'accuracy': 0.08333, 'f1': 0.05209, 'auc': 0.63942}
test: {'epoch': 137, 'time_epoch': 0.10323, 'loss': 5.67843783, 'lr': 0, 'params': 269333, 'time_iter': 0.00737, 'accuracy': 0.15238, 'f1': 0.14525, 'auc': 0.72812}
> Epoch 137: took 2.8s (avg 2.7s) | Best so far: epoch 20	train_loss: 1.5939 train_accuracy: 0.4970	val_loss: 5.8060 val_accuracy: 0.1476	test_loss: 3.8698 test_accuracy: 0.1809	F1: 0.1410 Prec: 0.1576 Rec: 0.1810
train: {'epoch': 138, 'time_epoch': 2.24337, 'eta': 270.49956, 'eta_hours': 0.07514, 'loss': 0.45364198, 'lr': 0.00041868, 'params': 269333, 'time_iter': 0.01282, 'accuracy': 0.8543, 'f1': 0.85415, 'auc': 0.99425}
val: {'epoch': 138, 'time_epoch': 0.09893, 'loss': 11.19071054, 'lr': 0, 'params': 269333, 'time_iter': 0.00707, 'accuracy': 0.10714, 'f1': 0.06658, 'auc': 0.61623}
test: {'epoch': 138, 'time_epoch': 0.10364, 'loss': 6.74166891, 'lr': 0, 'params': 269333, 'time_iter': 0.0074, 'accuracy': 0.14762, 'f1': 0.12808, 'auc': 0.70224}
> Epoch 138: took 2.5s (avg 2.7s) | Best so far: epoch 20	train_loss: 1.5939 train_accuracy: 0.4970	val_loss: 5.8060 val_accuracy: 0.1476	test_loss: 3.8698 test_accuracy: 0.1809	F1: 0.1410 Prec: 0.1576 Rec: 0.1810
train: {'epoch': 139, 'time_epoch': 2.28038, 'eta': 267.93963, 'eta_hours': 0.07443, 'loss': 0.46849204, 'lr': 0.00041249, 'params': 269333, 'time_iter': 0.01303, 'accuracy': 0.84516, 'f1': 0.84504, 'auc': 0.99403}
val: {'epoch': 139, 'time_epoch': 0.10382, 'loss': 15.11950816, 'lr': 0, 'params': 269333, 'time_iter': 0.00742, 'accuracy': 0.08333, 'f1': 0.04854, 'auc': 0.59247}
test: {'epoch': 139, 'time_epoch': 0.10153, 'loss': 9.14590761, 'lr': 0, 'params': 269333, 'time_iter': 0.00725, 'accuracy': 0.10952, 'f1': 0.09109, 'auc': 0.65632}
> Epoch 139: took 2.6s (avg 2.7s) | Best so far: epoch 20	train_loss: 1.5939 train_accuracy: 0.4970	val_loss: 5.8060 val_accuracy: 0.1476	test_loss: 3.8698 test_accuracy: 0.1809	F1: 0.1410 Prec: 0.1576 Rec: 0.1810
train: {'epoch': 140, 'time_epoch': 2.34362, 'eta': 265.43254, 'eta_hours': 0.07373, 'loss': 0.45991106, 'lr': 0.00040631, 'params': 269333, 'time_iter': 0.01339, 'accuracy': 0.85305, 'f1': 0.85284, 'auc': 0.99412}
val: {'epoch': 140, 'time_epoch': 0.0989, 'loss': 10.27943139, 'lr': 0, 'params': 269333, 'time_iter': 0.00706, 'accuracy': 0.08095, 'f1': 0.04928, 'auc': 0.58616}
test: {'epoch': 140, 'time_epoch': 0.09971, 'loss': 5.61871732, 'lr': 0, 'params': 269333, 'time_iter': 0.00712, 'accuracy': 0.15238, 'f1': 0.14698, 'auc': 0.72758}
> Epoch 140: took 2.6s (avg 2.7s) | Best so far: epoch 20	train_loss: 1.5939 train_accuracy: 0.4970	val_loss: 5.8060 val_accuracy: 0.1476	test_loss: 3.8698 test_accuracy: 0.1809	F1: 0.1410 Prec: 0.1576 Rec: 0.1810
train: {'epoch': 141, 'time_epoch': 2.48637, 'eta': 263.03633, 'eta_hours': 0.07307, 'loss': 0.48490255, 'lr': 0.00040015, 'params': 269333, 'time_iter': 0.01421, 'accuracy': 0.84498, 'f1': 0.84496, 'auc': 0.99357}
val: {'epoch': 141, 'time_epoch': 0.10548, 'loss': 9.00766672, 'lr': 0, 'params': 269333, 'time_iter': 0.00753, 'accuracy': 0.10952, 'f1': 0.07194, 'auc': 0.65192}
test: {'epoch': 141, 'time_epoch': 0.10838, 'loss': 6.27763795, 'lr': 0, 'params': 269333, 'time_iter': 0.00774, 'accuracy': 0.14286, 'f1': 0.12651, 'auc': 0.71655}
> Epoch 141: took 2.8s (avg 2.7s) | Best so far: epoch 20	train_loss: 1.5939 train_accuracy: 0.4970	val_loss: 5.8060 val_accuracy: 0.1476	test_loss: 3.8698 test_accuracy: 0.1809	F1: 0.1410 Prec: 0.1576 Rec: 0.1810
train: {'epoch': 142, 'time_epoch': 2.35529, 'eta': 260.54077, 'eta_hours': 0.07237, 'loss': 0.44618786, 'lr': 0.000394, 'params': 269333, 'time_iter': 0.01346, 'accuracy': 0.85914, 'f1': 0.85905, 'auc': 0.99453}
val: {'epoch': 142, 'time_epoch': 0.10687, 'loss': 8.7261469, 'lr': 0, 'params': 269333, 'time_iter': 0.00763, 'accuracy': 0.12619, 'f1': 0.09082, 'auc': 0.6491}
test: {'epoch': 142, 'time_epoch': 0.11363, 'loss': 5.86263331, 'lr': 0, 'params': 269333, 'time_iter': 0.00812, 'accuracy': 0.17857, 'f1': 0.16557, 'auc': 0.73843}
> Epoch 142: took 2.7s (avg 2.7s) | Best so far: epoch 20	train_loss: 1.5939 train_accuracy: 0.4970	val_loss: 5.8060 val_accuracy: 0.1476	test_loss: 3.8698 test_accuracy: 0.1809	F1: 0.1410 Prec: 0.1576 Rec: 0.1810
train: {'epoch': 143, 'time_epoch': 2.38993, 'eta': 258.07267, 'eta_hours': 0.07169, 'loss': 0.4424412, 'lr': 0.00038786, 'params': 269333, 'time_iter': 0.01366, 'accuracy': 0.85466, 'f1': 0.85465, 'auc': 0.99481}
val: {'epoch': 143, 'time_epoch': 0.10525, 'loss': 12.75794752, 'lr': 0, 'params': 269333, 'time_iter': 0.00752, 'accuracy': 0.10238, 'f1': 0.06185, 'auc': 0.61634}
test: {'epoch': 143, 'time_epoch': 0.09279, 'loss': 7.85857717, 'lr': 0, 'params': 269333, 'time_iter': 0.00663, 'accuracy': 0.13571, 'f1': 0.11547, 'auc': 0.67374}
> Epoch 143: took 2.7s (avg 2.7s) | Best so far: epoch 20	train_loss: 1.5939 train_accuracy: 0.4970	val_loss: 5.8060 val_accuracy: 0.1476	test_loss: 3.8698 test_accuracy: 0.1809	F1: 0.1410 Prec: 0.1576 Rec: 0.1810
train: {'epoch': 144, 'time_epoch': 2.55817, 'eta': 255.72747, 'eta_hours': 0.07104, 'loss': 0.44477218, 'lr': 0.00038175, 'params': 269333, 'time_iter': 0.01462, 'accuracy': 0.85806, 'f1': 0.85796, 'auc': 0.99449}
val: {'epoch': 144, 'time_epoch': 0.10565, 'loss': 8.7805924, 'lr': 0, 'params': 269333, 'time_iter': 0.00755, 'accuracy': 0.11667, 'f1': 0.08048, 'auc': 0.64855}
test: {'epoch': 144, 'time_epoch': 0.10814, 'loss': 5.20280239, 'lr': 0, 'params': 269333, 'time_iter': 0.00772, 'accuracy': 0.16905, 'f1': 0.16034, 'auc': 0.74051}
> Epoch 144: took 2.9s (avg 2.7s) | Best so far: epoch 20	train_loss: 1.5939 train_accuracy: 0.4970	val_loss: 5.8060 val_accuracy: 0.1476	test_loss: 3.8698 test_accuracy: 0.1809	F1: 0.1410 Prec: 0.1576 Rec: 0.1810
train: {'epoch': 145, 'time_epoch': 2.55176, 'eta': 253.37478, 'eta_hours': 0.07038, 'loss': 0.40821784, 'lr': 0.00037566, 'params': 269333, 'time_iter': 0.01458, 'accuracy': 0.87527, 'f1': 0.87507, 'auc': 0.99567}
val: {'epoch': 145, 'time_epoch': 0.11402, 'loss': 12.27290965, 'lr': 0, 'params': 269333, 'time_iter': 0.00814, 'accuracy': 0.10476, 'f1': 0.05993, 'auc': 0.60912}
test: {'epoch': 145, 'time_epoch': 0.11193, 'loss': 6.5300232, 'lr': 0, 'params': 269333, 'time_iter': 0.008, 'accuracy': 0.13571, 'f1': 0.11809, 'auc': 0.70257}
> Epoch 145: took 2.9s (avg 2.7s) | Best so far: epoch 20	train_loss: 1.5939 train_accuracy: 0.4970	val_loss: 5.8060 val_accuracy: 0.1476	test_loss: 3.8698 test_accuracy: 0.1809	F1: 0.1410 Prec: 0.1576 Rec: 0.1810
train: {'epoch': 146, 'time_epoch': 2.52758, 'eta': 251.00244, 'eta_hours': 0.06972, 'loss': 0.42735938, 'lr': 0.00036958, 'params': 269333, 'time_iter': 0.01444, 'accuracy': 0.86093, 'f1': 0.86096, 'auc': 0.99516}
val: {'epoch': 146, 'time_epoch': 0.09964, 'loss': 12.08818672, 'lr': 0, 'params': 269333, 'time_iter': 0.00712, 'accuracy': 0.08095, 'f1': 0.05739, 'auc': 0.59827}
test: {'epoch': 146, 'time_epoch': 0.11205, 'loss': 6.76783302, 'lr': 0, 'params': 269333, 'time_iter': 0.008, 'accuracy': 0.14762, 'f1': 0.14136, 'auc': 0.69783}
> Epoch 146: took 2.8s (avg 2.7s) | Best so far: epoch 20	train_loss: 1.5939 train_accuracy: 0.4970	val_loss: 5.8060 val_accuracy: 0.1476	test_loss: 3.8698 test_accuracy: 0.1809	F1: 0.1410 Prec: 0.1576 Rec: 0.1810
train: {'epoch': 147, 'time_epoch': 2.45142, 'eta': 248.57552, 'eta_hours': 0.06905, 'loss': 0.44446257, 'lr': 0.00036352, 'params': 269333, 'time_iter': 0.01401, 'accuracy': 0.86272, 'f1': 0.86257, 'auc': 0.99452}
val: {'epoch': 147, 'time_epoch': 0.09868, 'loss': 9.66584209, 'lr': 0, 'params': 269333, 'time_iter': 0.00705, 'accuracy': 0.07381, 'f1': 0.06343, 'auc': 0.61653}
test: {'epoch': 147, 'time_epoch': 0.11334, 'loss': 6.12619878, 'lr': 0, 'params': 269333, 'time_iter': 0.0081, 'accuracy': 0.12381, 'f1': 0.11685, 'auc': 0.70218}
> Epoch 147: took 2.8s (avg 2.7s) | Best so far: epoch 20	train_loss: 1.5939 train_accuracy: 0.4970	val_loss: 5.8060 val_accuracy: 0.1476	test_loss: 3.8698 test_accuracy: 0.1809	F1: 0.1410 Prec: 0.1576 Rec: 0.1810
train: {'epoch': 148, 'time_epoch': 2.35705, 'eta': 246.08431, 'eta_hours': 0.06836, 'loss': 0.43607364, 'lr': 0.00035749, 'params': 269333, 'time_iter': 0.01347, 'accuracy': 0.85806, 'f1': 0.85782, 'auc': 0.99481}
val: {'epoch': 148, 'time_epoch': 0.10019, 'loss': 11.70687973, 'lr': 0, 'params': 269333, 'time_iter': 0.00716, 'accuracy': 0.10476, 'f1': 0.07785, 'auc': 0.60558}
test: {'epoch': 148, 'time_epoch': 0.10198, 'loss': 6.69499607, 'lr': 0, 'params': 269333, 'time_iter': 0.00728, 'accuracy': 0.15, 'f1': 0.1405, 'auc': 0.70092}
> Epoch 148: took 2.6s (avg 2.7s) | Best so far: epoch 20	train_loss: 1.5939 train_accuracy: 0.4970	val_loss: 5.8060 val_accuracy: 0.1476	test_loss: 3.8698 test_accuracy: 0.1809	F1: 0.1410 Prec: 0.1576 Rec: 0.1810
train: {'epoch': 149, 'time_epoch': 2.38488, 'eta': 243.61343, 'eta_hours': 0.06767, 'loss': 0.40723921, 'lr': 0.00035148, 'params': 269333, 'time_iter': 0.01363, 'accuracy': 0.86774, 'f1': 0.86765, 'auc': 0.99539}
val: {'epoch': 149, 'time_epoch': 0.09515, 'loss': 12.06273153, 'lr': 0, 'params': 269333, 'time_iter': 0.0068, 'accuracy': 0.10238, 'f1': 0.05909, 'auc': 0.59529}
test: {'epoch': 149, 'time_epoch': 0.11127, 'loss': 5.76929751, 'lr': 0, 'params': 269333, 'time_iter': 0.00795, 'accuracy': 0.16905, 'f1': 0.18657, 'auc': 0.71589}
> Epoch 149: took 2.7s (avg 2.7s) | Best so far: epoch 20	train_loss: 1.5939 train_accuracy: 0.4970	val_loss: 5.8060 val_accuracy: 0.1476	test_loss: 3.8698 test_accuracy: 0.1809	F1: 0.1410 Prec: 0.1576 Rec: 0.1810
train: {'epoch': 150, 'time_epoch': 2.80867, 'eta': 241.42154, 'eta_hours': 0.06706, 'loss': 0.4251711, 'lr': 0.00034549, 'params': 269333, 'time_iter': 0.01605, 'accuracy': 0.86559, 'f1': 0.86568, 'auc': 0.99498}
val: {'epoch': 150, 'time_epoch': 0.1069, 'loss': 11.64723075, 'lr': 0, 'params': 269333, 'time_iter': 0.00764, 'accuracy': 0.0881, 'f1': 0.05824, 'auc': 0.59945}
test: {'epoch': 150, 'time_epoch': 0.1146, 'loss': 6.34672641, 'lr': 0, 'params': 269333, 'time_iter': 0.00819, 'accuracy': 0.16429, 'f1': 0.16017, 'auc': 0.70076}
> Epoch 150: took 3.1s (avg 2.7s) | Best so far: epoch 20	train_loss: 1.5939 train_accuracy: 0.4970	val_loss: 5.8060 val_accuracy: 0.1476	test_loss: 3.8698 test_accuracy: 0.1809	F1: 0.1410 Prec: 0.1576 Rec: 0.1810
train: {'epoch': 151, 'time_epoch': 2.43485, 'eta': 238.98052, 'eta_hours': 0.06638, 'loss': 0.39873662, 'lr': 0.00033953, 'params': 269333, 'time_iter': 0.01391, 'accuracy': 0.87186, 'f1': 0.8718, 'auc': 0.99573}
val: {'epoch': 151, 'time_epoch': 0.15986, 'loss': 9.72337636, 'lr': 0, 'params': 269333, 'time_iter': 0.01142, 'accuracy': 0.11667, 'f1': 0.07838, 'auc': 0.62086}
test: {'epoch': 151, 'time_epoch': 0.12371, 'loss': 6.21677351, 'lr': 0, 'params': 269333, 'time_iter': 0.00884, 'accuracy': 0.12143, 'f1': 0.1199, 'auc': 0.69626}
> Epoch 151: took 2.8s (avg 2.7s) | Best so far: epoch 20	train_loss: 1.5939 train_accuracy: 0.4970	val_loss: 5.8060 val_accuracy: 0.1476	test_loss: 3.8698 test_accuracy: 0.1809	F1: 0.1410 Prec: 0.1576 Rec: 0.1810
train: {'epoch': 152, 'time_epoch': 2.4949, 'eta': 236.57765, 'eta_hours': 0.06572, 'loss': 0.41071787, 'lr': 0.00033359, 'params': 269333, 'time_iter': 0.01426, 'accuracy': 0.87133, 'f1': 0.87125, 'auc': 0.99526}
val: {'epoch': 152, 'time_epoch': 0.09218, 'loss': 18.16136533, 'lr': 0, 'params': 269333, 'time_iter': 0.00658, 'accuracy': 0.10238, 'f1': 0.06095, 'auc': 0.56524}
test: {'epoch': 152, 'time_epoch': 0.10496, 'loss': 9.36397117, 'lr': 0, 'params': 269333, 'time_iter': 0.0075, 'accuracy': 0.12143, 'f1': 0.12097, 'auc': 0.64114}
> Epoch 152: took 2.8s (avg 2.7s) | Best so far: epoch 20	train_loss: 1.5939 train_accuracy: 0.4970	val_loss: 5.8060 val_accuracy: 0.1476	test_loss: 3.8698 test_accuracy: 0.1809	F1: 0.1410 Prec: 0.1576 Rec: 0.1810
train: {'epoch': 153, 'time_epoch': 2.54546, 'eta': 234.20511, 'eta_hours': 0.06506, 'loss': 0.4294421, 'lr': 0.00032768, 'params': 269333, 'time_iter': 0.01455, 'accuracy': 0.86398, 'f1': 0.86392, 'auc': 0.99484}
val: {'epoch': 153, 'time_epoch': 0.14111, 'loss': 8.78040461, 'lr': 0, 'params': 269333, 'time_iter': 0.01008, 'accuracy': 0.1, 'f1': 0.07843, 'auc': 0.63424}
test: {'epoch': 153, 'time_epoch': 0.10643, 'loss': 5.04277308, 'lr': 0, 'params': 269333, 'time_iter': 0.0076, 'accuracy': 0.1881, 'f1': 0.18936, 'auc': 0.74363}
> Epoch 153: took 2.9s (avg 2.7s) | Best so far: epoch 20	train_loss: 1.5939 train_accuracy: 0.4970	val_loss: 5.8060 val_accuracy: 0.1476	test_loss: 3.8698 test_accuracy: 0.1809	F1: 0.1410 Prec: 0.1576 Rec: 0.1810
train: {'epoch': 154, 'time_epoch': 2.24486, 'eta': 231.64609, 'eta_hours': 0.06435, 'loss': 0.39905364, 'lr': 0.00032179, 'params': 269333, 'time_iter': 0.01283, 'accuracy': 0.87599, 'f1': 0.87589, 'auc': 0.99546}
val: {'epoch': 154, 'time_epoch': 0.0956, 'loss': 11.96580525, 'lr': 0, 'params': 269333, 'time_iter': 0.00683, 'accuracy': 0.12381, 'f1': 0.08607, 'auc': 0.62647}
test: {'epoch': 154, 'time_epoch': 0.11391, 'loss': 6.49230071, 'lr': 0, 'params': 269333, 'time_iter': 0.00814, 'accuracy': 0.13571, 'f1': 0.13772, 'auc': 0.70668}
> Epoch 154: took 2.5s (avg 2.7s) | Best so far: epoch 20	train_loss: 1.5939 train_accuracy: 0.4970	val_loss: 5.8060 val_accuracy: 0.1476	test_loss: 3.8698 test_accuracy: 0.1809	F1: 0.1410 Prec: 0.1576 Rec: 0.1810
train: {'epoch': 155, 'time_epoch': 2.32922, 'eta': 229.14194, 'eta_hours': 0.06365, 'loss': 0.41156379, 'lr': 0.00031594, 'params': 269333, 'time_iter': 0.01331, 'accuracy': 0.86326, 'f1': 0.8632, 'auc': 0.99553}
val: {'epoch': 155, 'time_epoch': 0.11511, 'loss': 7.83777726, 'lr': 0, 'params': 269333, 'time_iter': 0.00822, 'accuracy': 0.12143, 'f1': 0.08656, 'auc': 0.67108}
test: {'epoch': 155, 'time_epoch': 0.11737, 'loss': 5.03087972, 'lr': 0, 'params': 269333, 'time_iter': 0.00838, 'accuracy': 0.21667, 'f1': 0.21481, 'auc': 0.75046}
> Epoch 155: took 2.7s (avg 2.7s) | Best so far: epoch 20	train_loss: 1.5939 train_accuracy: 0.4970	val_loss: 5.8060 val_accuracy: 0.1476	test_loss: 3.8698 test_accuracy: 0.1809	F1: 0.1410 Prec: 0.1576 Rec: 0.1810
train: {'epoch': 156, 'time_epoch': 2.16217, 'eta': 226.54106, 'eta_hours': 0.06293, 'loss': 0.40639604, 'lr': 0.00031011, 'params': 269333, 'time_iter': 0.01236, 'accuracy': 0.87043, 'f1': 0.87038, 'auc': 0.99555}
val: {'epoch': 156, 'time_epoch': 0.10085, 'loss': 11.76403227, 'lr': 0, 'params': 269333, 'time_iter': 0.0072, 'accuracy': 0.10476, 'f1': 0.05542, 'auc': 0.60989}
test: {'epoch': 156, 'time_epoch': 0.09623, 'loss': 6.73347326, 'lr': 0, 'params': 269333, 'time_iter': 0.00687, 'accuracy': 0.12143, 'f1': 0.11148, 'auc': 0.70233}
> Epoch 156: took 2.4s (avg 2.7s) | Best so far: epoch 20	train_loss: 1.5939 train_accuracy: 0.4970	val_loss: 5.8060 val_accuracy: 0.1476	test_loss: 3.8698 test_accuracy: 0.1809	F1: 0.1410 Prec: 0.1576 Rec: 0.1810
train: {'epoch': 157, 'time_epoch': 2.31256, 'eta': 224.0333, 'eta_hours': 0.06223, 'loss': 0.40738972, 'lr': 0.00030431, 'params': 269333, 'time_iter': 0.01321, 'accuracy': 0.87366, 'f1': 0.87348, 'auc': 0.99543}
val: {'epoch': 157, 'time_epoch': 0.10182, 'loss': 10.17101388, 'lr': 0, 'params': 269333, 'time_iter': 0.00727, 'accuracy': 0.0881, 'f1': 0.06512, 'auc': 0.62354}
test: {'epoch': 157, 'time_epoch': 0.10969, 'loss': 6.83912942, 'lr': 0, 'params': 269333, 'time_iter': 0.00784, 'accuracy': 0.15714, 'f1': 0.14256, 'auc': 0.71715}
> Epoch 157: took 2.6s (avg 2.7s) | Best so far: epoch 20	train_loss: 1.5939 train_accuracy: 0.4970	val_loss: 5.8060 val_accuracy: 0.1476	test_loss: 3.8698 test_accuracy: 0.1809	F1: 0.1410 Prec: 0.1576 Rec: 0.1810
train: {'epoch': 158, 'time_epoch': 2.4521, 'eta': 221.60786, 'eta_hours': 0.06156, 'loss': 0.38957267, 'lr': 0.00029855, 'params': 269333, 'time_iter': 0.01401, 'accuracy': 0.87545, 'f1': 0.87534, 'auc': 0.99596}
val: {'epoch': 158, 'time_epoch': 0.10773, 'loss': 9.36628215, 'lr': 0, 'params': 269333, 'time_iter': 0.00769, 'accuracy': 0.09286, 'f1': 0.06758, 'auc': 0.64177}
test: {'epoch': 158, 'time_epoch': 0.10049, 'loss': 5.54500108, 'lr': 0, 'params': 269333, 'time_iter': 0.00718, 'accuracy': 0.18571, 'f1': 0.18257, 'auc': 0.73642}
> Epoch 158: took 2.8s (avg 2.7s) | Best so far: epoch 20	train_loss: 1.5939 train_accuracy: 0.4970	val_loss: 5.8060 val_accuracy: 0.1476	test_loss: 3.8698 test_accuracy: 0.1809	F1: 0.1410 Prec: 0.1576 Rec: 0.1810
train: {'epoch': 159, 'time_epoch': 2.33714, 'eta': 219.11742, 'eta_hours': 0.06087, 'loss': 0.38438934, 'lr': 0.00029281, 'params': 269333, 'time_iter': 0.01336, 'accuracy': 0.87921, 'f1': 0.87912, 'auc': 0.99608}
val: {'epoch': 159, 'time_epoch': 0.10222, 'loss': 15.14974514, 'lr': 0, 'params': 269333, 'time_iter': 0.0073, 'accuracy': 0.09048, 'f1': 0.05445, 'auc': 0.57814}
test: {'epoch': 159, 'time_epoch': 0.12435, 'loss': 8.79641429, 'lr': 0, 'params': 269333, 'time_iter': 0.00888, 'accuracy': 0.13333, 'f1': 0.11134, 'auc': 0.67205}
> Epoch 159: took 2.7s (avg 2.7s) | Best so far: epoch 20	train_loss: 1.5939 train_accuracy: 0.4970	val_loss: 5.8060 val_accuracy: 0.1476	test_loss: 3.8698 test_accuracy: 0.1809	F1: 0.1410 Prec: 0.1576 Rec: 0.1810
train: {'epoch': 160, 'time_epoch': 2.39611, 'eta': 216.66148, 'eta_hours': 0.06018, 'loss': 0.37340953, 'lr': 0.00028711, 'params': 269333, 'time_iter': 0.01369, 'accuracy': 0.88136, 'f1': 0.88138, 'auc': 0.99642}
val: {'epoch': 160, 'time_epoch': 0.11108, 'loss': 10.39522994, 'lr': 0, 'params': 269333, 'time_iter': 0.00793, 'accuracy': 0.10238, 'f1': 0.07796, 'auc': 0.61494}
test: {'epoch': 160, 'time_epoch': 0.11632, 'loss': 6.35586886, 'lr': 0, 'params': 269333, 'time_iter': 0.00831, 'accuracy': 0.15238, 'f1': 0.15331, 'auc': 0.70867}
> Epoch 160: took 2.7s (avg 2.7s) | Best so far: epoch 20	train_loss: 1.5939 train_accuracy: 0.4970	val_loss: 5.8060 val_accuracy: 0.1476	test_loss: 3.8698 test_accuracy: 0.1809	F1: 0.1410 Prec: 0.1576 Rec: 0.1810
train: {'epoch': 161, 'time_epoch': 2.64941, 'eta': 214.34388, 'eta_hours': 0.05954, 'loss': 0.38297819, 'lr': 0.00028144, 'params': 269333, 'time_iter': 0.01514, 'accuracy': 0.87688, 'f1': 0.87681, 'auc': 0.99605}
val: {'epoch': 161, 'time_epoch': 0.14383, 'loss': 11.34857832, 'lr': 0, 'params': 269333, 'time_iter': 0.01027, 'accuracy': 0.07857, 'f1': 0.05149, 'auc': 0.59602}
test: {'epoch': 161, 'time_epoch': 0.10982, 'loss': 6.23914453, 'lr': 0, 'params': 269333, 'time_iter': 0.00784, 'accuracy': 0.16429, 'f1': 0.15889, 'auc': 0.70989}
> Epoch 161: took 3.0s (avg 2.7s) | Best so far: epoch 20	train_loss: 1.5939 train_accuracy: 0.4970	val_loss: 5.8060 val_accuracy: 0.1476	test_loss: 3.8698 test_accuracy: 0.1809	F1: 0.1410 Prec: 0.1576 Rec: 0.1810
train: {'epoch': 162, 'time_epoch': 2.35042, 'eta': 211.86262, 'eta_hours': 0.05885, 'loss': 0.37376485, 'lr': 0.00027581, 'params': 269333, 'time_iter': 0.01343, 'accuracy': 0.88351, 'f1': 0.8833, 'auc': 0.99627}
val: {'epoch': 162, 'time_epoch': 0.10251, 'loss': 11.01491062, 'lr': 0, 'params': 269333, 'time_iter': 0.00732, 'accuracy': 0.07619, 'f1': 0.04369, 'auc': 0.61661}
test: {'epoch': 162, 'time_epoch': 0.13837, 'loss': 6.89254095, 'lr': 0, 'params': 269333, 'time_iter': 0.00988, 'accuracy': 0.12857, 'f1': 0.12887, 'auc': 0.69816}
> Epoch 162: took 2.7s (avg 2.7s) | Best so far: epoch 20	train_loss: 1.5939 train_accuracy: 0.4970	val_loss: 5.8060 val_accuracy: 0.1476	test_loss: 3.8698 test_accuracy: 0.1809	F1: 0.1410 Prec: 0.1576 Rec: 0.1810
train: {'epoch': 163, 'time_epoch': 3.37463, 'eta': 209.92005, 'eta_hours': 0.05831, 'loss': 0.39669798, 'lr': 0.00027021, 'params': 269333, 'time_iter': 0.01928, 'accuracy': 0.87545, 'f1': 0.8753, 'auc': 0.99565}
val: {'epoch': 163, 'time_epoch': 0.12497, 'loss': 14.28169656, 'lr': 0, 'params': 269333, 'time_iter': 0.00893, 'accuracy': 0.09286, 'f1': 0.05636, 'auc': 0.58648}
test: {'epoch': 163, 'time_epoch': 0.10867, 'loss': 8.65055491, 'lr': 0, 'params': 269333, 'time_iter': 0.00776, 'accuracy': 0.12857, 'f1': 0.09967, 'auc': 0.68815}
> Epoch 163: took 3.7s (avg 2.7s) | Best so far: epoch 20	train_loss: 1.5939 train_accuracy: 0.4970	val_loss: 5.8060 val_accuracy: 0.1476	test_loss: 3.8698 test_accuracy: 0.1809	F1: 0.1410 Prec: 0.1576 Rec: 0.1810
train: {'epoch': 164, 'time_epoch': 2.58419, 'eta': 207.55292, 'eta_hours': 0.05765, 'loss': 0.37097265, 'lr': 0.00026465, 'params': 269333, 'time_iter': 0.01477, 'accuracy': 0.8776, 'f1': 0.87747, 'auc': 0.99633}
val: {'epoch': 164, 'time_epoch': 0.10188, 'loss': 17.94714127, 'lr': 0, 'params': 269333, 'time_iter': 0.00728, 'accuracy': 0.08095, 'f1': 0.0442, 'auc': 0.55657}
test: {'epoch': 164, 'time_epoch': 0.10143, 'loss': 9.58129626, 'lr': 0, 'params': 269333, 'time_iter': 0.00724, 'accuracy': 0.10238, 'f1': 0.08028, 'auc': 0.6603}
> Epoch 164: took 2.9s (avg 2.7s) | Best so far: epoch 20	train_loss: 1.5939 train_accuracy: 0.4970	val_loss: 5.8060 val_accuracy: 0.1476	test_loss: 3.8698 test_accuracy: 0.1809	F1: 0.1410 Prec: 0.1576 Rec: 0.1810
train: {'epoch': 165, 'time_epoch': 2.42078, 'eta': 205.10048, 'eta_hours': 0.05697, 'loss': 0.3623871, 'lr': 0.00025912, 'params': 269333, 'time_iter': 0.01383, 'accuracy': 0.88817, 'f1': 0.88804, 'auc': 0.99643}
val: {'epoch': 165, 'time_epoch': 0.12116, 'loss': 16.84779449, 'lr': 0, 'params': 269333, 'time_iter': 0.00865, 'accuracy': 0.09048, 'f1': 0.05763, 'auc': 0.57546}
test: {'epoch': 165, 'time_epoch': 0.10883, 'loss': 8.97607066, 'lr': 0, 'params': 269333, 'time_iter': 0.00777, 'accuracy': 0.13095, 'f1': 0.12716, 'auc': 0.66492}
> Epoch 165: took 2.8s (avg 2.7s) | Best so far: epoch 20	train_loss: 1.5939 train_accuracy: 0.4970	val_loss: 5.8060 val_accuracy: 0.1476	test_loss: 3.8698 test_accuracy: 0.1809	F1: 0.1410 Prec: 0.1576 Rec: 0.1810
train: {'epoch': 166, 'time_epoch': 2.34482, 'eta': 202.61067, 'eta_hours': 0.05628, 'loss': 0.38369924, 'lr': 0.00025364, 'params': 269333, 'time_iter': 0.0134, 'accuracy': 0.87885, 'f1': 0.87875, 'auc': 0.99585}
val: {'epoch': 166, 'time_epoch': 0.09587, 'loss': 13.59741632, 'lr': 0, 'params': 269333, 'time_iter': 0.00685, 'accuracy': 0.0881, 'f1': 0.06508, 'auc': 0.59272}
test: {'epoch': 166, 'time_epoch': 0.10544, 'loss': 7.89857194, 'lr': 0, 'params': 269333, 'time_iter': 0.00753, 'accuracy': 0.12381, 'f1': 0.11498, 'auc': 0.68481}
> Epoch 166: took 2.7s (avg 2.7s) | Best so far: epoch 20	train_loss: 1.5939 train_accuracy: 0.4970	val_loss: 5.8060 val_accuracy: 0.1476	test_loss: 3.8698 test_accuracy: 0.1809	F1: 0.1410 Prec: 0.1576 Rec: 0.1810
train: {'epoch': 167, 'time_epoch': 2.38296, 'eta': 200.14121, 'eta_hours': 0.05559, 'loss': 0.36818023, 'lr': 0.00024819, 'params': 269333, 'time_iter': 0.01362, 'accuracy': 0.88065, 'f1': 0.88066, 'auc': 0.99636}
val: {'epoch': 167, 'time_epoch': 0.10751, 'loss': 13.75284762, 'lr': 0, 'params': 269333, 'time_iter': 0.00768, 'accuracy': 0.08571, 'f1': 0.0481, 'auc': 0.59027}
test: {'epoch': 167, 'time_epoch': 0.13786, 'loss': 7.3849982, 'lr': 0, 'params': 269333, 'time_iter': 0.00985, 'accuracy': 0.1381, 'f1': 0.12857, 'auc': 0.68826}
> Epoch 167: took 2.7s (avg 2.7s) | Best so far: epoch 20	train_loss: 1.5939 train_accuracy: 0.4970	val_loss: 5.8060 val_accuracy: 0.1476	test_loss: 3.8698 test_accuracy: 0.1809	F1: 0.1410 Prec: 0.1576 Rec: 0.1810
train: {'epoch': 168, 'time_epoch': 2.32817, 'eta': 197.6465, 'eta_hours': 0.0549, 'loss': 0.3442928, 'lr': 0.00024278, 'params': 269333, 'time_iter': 0.0133, 'accuracy': 0.88978, 'f1': 0.88968, 'auc': 0.99687}
val: {'epoch': 168, 'time_epoch': 0.10614, 'loss': 11.82499938, 'lr': 0, 'params': 269333, 'time_iter': 0.00758, 'accuracy': 0.08095, 'f1': 0.04914, 'auc': 0.60238}
test: {'epoch': 168, 'time_epoch': 0.11587, 'loss': 6.84901649, 'lr': 0, 'params': 269333, 'time_iter': 0.00828, 'accuracy': 0.15952, 'f1': 0.14467, 'auc': 0.70945}
> Epoch 168: took 2.6s (avg 2.7s) | Best so far: epoch 20	train_loss: 1.5939 train_accuracy: 0.4970	val_loss: 5.8060 val_accuracy: 0.1476	test_loss: 3.8698 test_accuracy: 0.1809	F1: 0.1410 Prec: 0.1576 Rec: 0.1810
train: {'epoch': 169, 'time_epoch': 2.71317, 'eta': 195.33493, 'eta_hours': 0.05426, 'loss': 0.36623518, 'lr': 0.00023741, 'params': 269333, 'time_iter': 0.0155, 'accuracy': 0.88459, 'f1': 0.88449, 'auc': 0.99628}
val: {'epoch': 169, 'time_epoch': 0.11449, 'loss': 13.27397632, 'lr': 0, 'params': 269333, 'time_iter': 0.00818, 'accuracy': 0.09762, 'f1': 0.0673, 'auc': 0.59686}
test: {'epoch': 169, 'time_epoch': 0.09681, 'loss': 7.77145586, 'lr': 0, 'params': 269333, 'time_iter': 0.00691, 'accuracy': 0.13571, 'f1': 0.11851, 'auc': 0.69138}
> Epoch 169: took 3.0s (avg 2.7s) | Best so far: epoch 20	train_loss: 1.5939 train_accuracy: 0.4970	val_loss: 5.8060 val_accuracy: 0.1476	test_loss: 3.8698 test_accuracy: 0.1809	F1: 0.1410 Prec: 0.1576 Rec: 0.1810
train: {'epoch': 170, 'time_epoch': 2.51537, 'eta': 192.92728, 'eta_hours': 0.05359, 'loss': 0.37202117, 'lr': 0.00023209, 'params': 269333, 'time_iter': 0.01437, 'accuracy': 0.88297, 'f1': 0.88303, 'auc': 0.99624}
val: {'epoch': 170, 'time_epoch': 0.11775, 'loss': 18.3930926, 'lr': 0, 'params': 269333, 'time_iter': 0.00841, 'accuracy': 0.05476, 'f1': 0.03328, 'auc': 0.55877}
test: {'epoch': 170, 'time_epoch': 0.0953, 'loss': 9.74009936, 'lr': 0, 'params': 269333, 'time_iter': 0.00681, 'accuracy': 0.11905, 'f1': 0.10387, 'auc': 0.66036}
> Epoch 170: took 2.8s (avg 2.7s) | Best so far: epoch 20	train_loss: 1.5939 train_accuracy: 0.4970	val_loss: 5.8060 val_accuracy: 0.1476	test_loss: 3.8698 test_accuracy: 0.1809	F1: 0.1410 Prec: 0.1576 Rec: 0.1810
train: {'epoch': 171, 'time_epoch': 2.57087, 'eta': 190.54356, 'eta_hours': 0.05293, 'loss': 0.35424092, 'lr': 0.0002268, 'params': 269333, 'time_iter': 0.01469, 'accuracy': 0.8853, 'f1': 0.8853, 'auc': 0.99677}
val: {'epoch': 171, 'time_epoch': 0.10124, 'loss': 14.74626276, 'lr': 0, 'params': 269333, 'time_iter': 0.00723, 'accuracy': 0.0881, 'f1': 0.05696, 'auc': 0.58773}
test: {'epoch': 171, 'time_epoch': 0.12166, 'loss': 8.20745424, 'lr': 0, 'params': 269333, 'time_iter': 0.00869, 'accuracy': 0.1119, 'f1': 0.09222, 'auc': 0.68053}
> Epoch 171: took 2.9s (avg 2.8s) | Best so far: epoch 20	train_loss: 1.5939 train_accuracy: 0.4970	val_loss: 5.8060 val_accuracy: 0.1476	test_loss: 3.8698 test_accuracy: 0.1809	F1: 0.1410 Prec: 0.1576 Rec: 0.1810
train: {'epoch': 172, 'time_epoch': 2.35305, 'eta': 188.06071, 'eta_hours': 0.05224, 'loss': 0.35882176, 'lr': 0.00022156, 'params': 269333, 'time_iter': 0.01345, 'accuracy': 0.88602, 'f1': 0.88594, 'auc': 0.99652}
val: {'epoch': 172, 'time_epoch': 0.10777, 'loss': 11.77751617, 'lr': 0, 'params': 269333, 'time_iter': 0.0077, 'accuracy': 0.10238, 'f1': 0.08133, 'auc': 0.60417}
test: {'epoch': 172, 'time_epoch': 0.09811, 'loss': 6.47607521, 'lr': 0, 'params': 269333, 'time_iter': 0.00701, 'accuracy': 0.1381, 'f1': 0.12911, 'auc': 0.70736}
> Epoch 172: took 2.7s (avg 2.8s) | Best so far: epoch 20	train_loss: 1.5939 train_accuracy: 0.4970	val_loss: 5.8060 val_accuracy: 0.1476	test_loss: 3.8698 test_accuracy: 0.1809	F1: 0.1410 Prec: 0.1576 Rec: 0.1810
train: {'epoch': 173, 'time_epoch': 2.57629, 'eta': 185.67687, 'eta_hours': 0.05158, 'loss': 0.34824112, 'lr': 0.00021637, 'params': 269333, 'time_iter': 0.01472, 'accuracy': 0.88978, 'f1': 0.88964, 'auc': 0.99674}
val: {'epoch': 173, 'time_epoch': 0.10774, 'loss': 12.69611319, 'lr': 0, 'params': 269333, 'time_iter': 0.0077, 'accuracy': 0.0881, 'f1': 0.05597, 'auc': 0.59648}
test: {'epoch': 173, 'time_epoch': 0.1073, 'loss': 6.77925779, 'lr': 0, 'params': 269333, 'time_iter': 0.00766, 'accuracy': 0.16667, 'f1': 0.15573, 'auc': 0.70931}
> Epoch 173: took 2.9s (avg 2.8s) | Best so far: epoch 20	train_loss: 1.5939 train_accuracy: 0.4970	val_loss: 5.8060 val_accuracy: 0.1476	test_loss: 3.8698 test_accuracy: 0.1809	F1: 0.1410 Prec: 0.1576 Rec: 0.1810
train: {'epoch': 174, 'time_epoch': 2.31361, 'eta': 183.17825, 'eta_hours': 0.05088, 'loss': 0.32516886, 'lr': 0.00021121, 'params': 269333, 'time_iter': 0.01322, 'accuracy': 0.90287, 'f1': 0.90276, 'auc': 0.99702}
val: {'epoch': 174, 'time_epoch': 0.10017, 'loss': 13.62768039, 'lr': 0, 'params': 269333, 'time_iter': 0.00715, 'accuracy': 0.10238, 'f1': 0.07675, 'auc': 0.58795}
test: {'epoch': 174, 'time_epoch': 0.10097, 'loss': 7.658075, 'lr': 0, 'params': 269333, 'time_iter': 0.00721, 'accuracy': 0.12381, 'f1': 0.11408, 'auc': 0.68478}
> Epoch 174: took 2.6s (avg 2.8s) | Best so far: epoch 20	train_loss: 1.5939 train_accuracy: 0.4970	val_loss: 5.8060 val_accuracy: 0.1476	test_loss: 3.8698 test_accuracy: 0.1809	F1: 0.1410 Prec: 0.1576 Rec: 0.1810
train: {'epoch': 175, 'time_epoch': 2.40305, 'eta': 180.71934, 'eta_hours': 0.0502, 'loss': 0.34980958, 'lr': 0.00020611, 'params': 269333, 'time_iter': 0.01373, 'accuracy': 0.89373, 'f1': 0.89363, 'auc': 0.99664}
val: {'epoch': 175, 'time_epoch': 0.10455, 'loss': 13.2699317, 'lr': 0, 'params': 269333, 'time_iter': 0.00747, 'accuracy': 0.11905, 'f1': 0.08302, 'auc': 0.60236}
test: {'epoch': 175, 'time_epoch': 0.11474, 'loss': 6.61009395, 'lr': 0, 'params': 269333, 'time_iter': 0.0082, 'accuracy': 0.12619, 'f1': 0.13091, 'auc': 0.70997}
> Epoch 175: took 2.7s (avg 2.8s) | Best so far: epoch 20	train_loss: 1.5939 train_accuracy: 0.4970	val_loss: 5.8060 val_accuracy: 0.1476	test_loss: 3.8698 test_accuracy: 0.1809	F1: 0.1410 Prec: 0.1576 Rec: 0.1810
train: {'epoch': 176, 'time_epoch': 2.37147, 'eta': 178.24803, 'eta_hours': 0.04951, 'loss': 0.3452113, 'lr': 0.00020105, 'params': 269333, 'time_iter': 0.01355, 'accuracy': 0.88746, 'f1': 0.88739, 'auc': 0.9968}
val: {'epoch': 176, 'time_epoch': 0.10047, 'loss': 10.93564113, 'lr': 0, 'params': 269333, 'time_iter': 0.00718, 'accuracy': 0.09286, 'f1': 0.06408, 'auc': 0.61209}
test: {'epoch': 176, 'time_epoch': 0.11835, 'loss': 6.19117304, 'lr': 0, 'params': 269333, 'time_iter': 0.00845, 'accuracy': 0.15476, 'f1': 0.15417, 'auc': 0.72057}
> Epoch 176: took 2.7s (avg 2.7s) | Best so far: epoch 20	train_loss: 1.5939 train_accuracy: 0.4970	val_loss: 5.8060 val_accuracy: 0.1476	test_loss: 3.8698 test_accuracy: 0.1809	F1: 0.1410 Prec: 0.1576 Rec: 0.1810
train: {'epoch': 177, 'time_epoch': 2.51981, 'eta': 175.83785, 'eta_hours': 0.04884, 'loss': 0.33949034, 'lr': 0.00019603, 'params': 269333, 'time_iter': 0.0144, 'accuracy': 0.89247, 'f1': 0.89243, 'auc': 0.99693}
val: {'epoch': 177, 'time_epoch': 0.10663, 'loss': 13.20489466, 'lr': 0, 'params': 269333, 'time_iter': 0.00762, 'accuracy': 0.10952, 'f1': 0.07114, 'auc': 0.60114}
test: {'epoch': 177, 'time_epoch': 0.10435, 'loss': 7.28327025, 'lr': 0, 'params': 269333, 'time_iter': 0.00745, 'accuracy': 0.13333, 'f1': 0.12732, 'auc': 0.69438}
> Epoch 177: took 2.8s (avg 2.8s) | Best so far: epoch 20	train_loss: 1.5939 train_accuracy: 0.4970	val_loss: 5.8060 val_accuracy: 0.1476	test_loss: 3.8698 test_accuracy: 0.1809	F1: 0.1410 Prec: 0.1576 Rec: 0.1810
train: {'epoch': 178, 'time_epoch': 2.31048, 'eta': 173.34341, 'eta_hours': 0.04815, 'loss': 0.35590386, 'lr': 0.00019107, 'params': 269333, 'time_iter': 0.0132, 'accuracy': 0.88746, 'f1': 0.88735, 'auc': 0.99649}
val: {'epoch': 178, 'time_epoch': 0.11162, 'loss': 13.10142257, 'lr': 0, 'params': 269333, 'time_iter': 0.00797, 'accuracy': 0.09524, 'f1': 0.06186, 'auc': 0.59088}
test: {'epoch': 178, 'time_epoch': 0.09851, 'loss': 7.63238498, 'lr': 0, 'params': 269333, 'time_iter': 0.00704, 'accuracy': 0.12619, 'f1': 0.11245, 'auc': 0.69911}
> Epoch 178: took 2.6s (avg 2.7s) | Best so far: epoch 20	train_loss: 1.5939 train_accuracy: 0.4970	val_loss: 5.8060 val_accuracy: 0.1476	test_loss: 3.8698 test_accuracy: 0.1809	F1: 0.1410 Prec: 0.1576 Rec: 0.1810
train: {'epoch': 179, 'time_epoch': 2.47053, 'eta': 170.91326, 'eta_hours': 0.04748, 'loss': 0.32802529, 'lr': 0.00018615, 'params': 269333, 'time_iter': 0.01412, 'accuracy': 0.89677, 'f1': 0.89662, 'auc': 0.99723}
val: {'epoch': 179, 'time_epoch': 0.09808, 'loss': 13.79391523, 'lr': 0, 'params': 269333, 'time_iter': 0.00701, 'accuracy': 0.1, 'f1': 0.06851, 'auc': 0.59769}
test: {'epoch': 179, 'time_epoch': 0.12969, 'loss': 7.76150394, 'lr': 0, 'params': 269333, 'time_iter': 0.00926, 'accuracy': 0.1619, 'f1': 0.15253, 'auc': 0.69686}
> Epoch 179: took 2.8s (avg 2.7s) | Best so far: epoch 20	train_loss: 1.5939 train_accuracy: 0.4970	val_loss: 5.8060 val_accuracy: 0.1476	test_loss: 3.8698 test_accuracy: 0.1809	F1: 0.1410 Prec: 0.1576 Rec: 0.1810
train: {'epoch': 180, 'time_epoch': 2.38805, 'eta': 168.45123, 'eta_hours': 0.04679, 'loss': 0.32746069, 'lr': 0.00018129, 'params': 269333, 'time_iter': 0.01365, 'accuracy': 0.89642, 'f1': 0.8962, 'auc': 0.99713}
val: {'epoch': 180, 'time_epoch': 0.10071, 'loss': 10.46289242, 'lr': 0, 'params': 269333, 'time_iter': 0.00719, 'accuracy': 0.11429, 'f1': 0.07304, 'auc': 0.6107}
test: {'epoch': 180, 'time_epoch': 0.1084, 'loss': 5.89146494, 'lr': 0, 'params': 269333, 'time_iter': 0.00774, 'accuracy': 0.1381, 'f1': 0.13399, 'auc': 0.7281}
> Epoch 180: took 2.7s (avg 2.7s) | Best so far: epoch 20	train_loss: 1.5939 train_accuracy: 0.4970	val_loss: 5.8060 val_accuracy: 0.1476	test_loss: 3.8698 test_accuracy: 0.1809	F1: 0.1410 Prec: 0.1576 Rec: 0.1810
train: {'epoch': 181, 'time_epoch': 2.34765, 'eta': 165.9749, 'eta_hours': 0.0461, 'loss': 0.32772615, 'lr': 0.00017647, 'params': 269333, 'time_iter': 0.01342, 'accuracy': 0.89677, 'f1': 0.89677, 'auc': 0.99703}
val: {'epoch': 181, 'time_epoch': 0.09985, 'loss': 12.43822981, 'lr': 0, 'params': 269333, 'time_iter': 0.00713, 'accuracy': 0.09762, 'f1': 0.06018, 'auc': 0.59846}
test: {'epoch': 181, 'time_epoch': 0.09711, 'loss': 6.97238086, 'lr': 0, 'params': 269333, 'time_iter': 0.00694, 'accuracy': 0.1381, 'f1': 0.13462, 'auc': 0.70009}
> Epoch 181: took 2.6s (avg 2.7s) | Best so far: epoch 20	train_loss: 1.5939 train_accuracy: 0.4970	val_loss: 5.8060 val_accuracy: 0.1476	test_loss: 3.8698 test_accuracy: 0.1809	F1: 0.1410 Prec: 0.1576 Rec: 0.1810
train: {'epoch': 182, 'time_epoch': 2.2801, 'eta': 163.47526, 'eta_hours': 0.04541, 'loss': 0.33082416, 'lr': 0.00017171, 'params': 269333, 'time_iter': 0.01303, 'accuracy': 0.8914, 'f1': 0.89128, 'auc': 0.99722}
val: {'epoch': 182, 'time_epoch': 0.09424, 'loss': 17.74046442, 'lr': 0, 'params': 269333, 'time_iter': 0.00673, 'accuracy': 0.09286, 'f1': 0.05399, 'auc': 0.56958}
test: {'epoch': 182, 'time_epoch': 0.11181, 'loss': 10.02785935, 'lr': 0, 'params': 269333, 'time_iter': 0.00799, 'accuracy': 0.10476, 'f1': 0.09087, 'auc': 0.64717}
> Epoch 182: took 2.6s (avg 2.7s) | Best so far: epoch 20	train_loss: 1.5939 train_accuracy: 0.4970	val_loss: 5.8060 val_accuracy: 0.1476	test_loss: 3.8698 test_accuracy: 0.1809	F1: 0.1410 Prec: 0.1576 Rec: 0.1810
train: {'epoch': 183, 'time_epoch': 2.5016, 'eta': 161.05745, 'eta_hours': 0.04474, 'loss': 0.31751794, 'lr': 0.00016699, 'params': 269333, 'time_iter': 0.01429, 'accuracy': 0.9009, 'f1': 0.90074, 'auc': 0.99735}
val: {'epoch': 183, 'time_epoch': 0.09544, 'loss': 11.24437285, 'lr': 0, 'params': 269333, 'time_iter': 0.00682, 'accuracy': 0.12857, 'f1': 0.08959, 'auc': 0.62414}
test: {'epoch': 183, 'time_epoch': 0.09973, 'loss': 6.49824743, 'lr': 0, 'params': 269333, 'time_iter': 0.00712, 'accuracy': 0.14048, 'f1': 0.14359, 'auc': 0.71714}
> Epoch 183: took 2.8s (avg 2.7s) | Best so far: epoch 20	train_loss: 1.5939 train_accuracy: 0.4970	val_loss: 5.8060 val_accuracy: 0.1476	test_loss: 3.8698 test_accuracy: 0.1809	F1: 0.1410 Prec: 0.1576 Rec: 0.1810
train: {'epoch': 184, 'time_epoch': 2.35241, 'eta': 158.58632, 'eta_hours': 0.04405, 'loss': 0.32854441, 'lr': 0.00016233, 'params': 269333, 'time_iter': 0.01344, 'accuracy': 0.89373, 'f1': 0.89357, 'auc': 0.99712}
val: {'epoch': 184, 'time_epoch': 0.10174, 'loss': 15.94451412, 'lr': 0, 'params': 269333, 'time_iter': 0.00727, 'accuracy': 0.07381, 'f1': 0.04794, 'auc': 0.5719}
test: {'epoch': 184, 'time_epoch': 0.11575, 'loss': 8.09146304, 'lr': 0, 'params': 269333, 'time_iter': 0.00827, 'accuracy': 0.12857, 'f1': 0.12482, 'auc': 0.67833}
> Epoch 184: took 2.7s (avg 2.7s) | Best so far: epoch 20	train_loss: 1.5939 train_accuracy: 0.4970	val_loss: 5.8060 val_accuracy: 0.1476	test_loss: 3.8698 test_accuracy: 0.1809	F1: 0.1410 Prec: 0.1576 Rec: 0.1810
train: {'epoch': 185, 'time_epoch': 2.92778, 'eta': 156.31444, 'eta_hours': 0.04342, 'loss': 0.32059203, 'lr': 0.00015773, 'params': 269333, 'time_iter': 0.01673, 'accuracy': 0.90143, 'f1': 0.90134, 'auc': 0.99728}
val: {'epoch': 185, 'time_epoch': 0.1284, 'loss': 12.93993194, 'lr': 0, 'params': 269333, 'time_iter': 0.00917, 'accuracy': 0.09286, 'f1': 0.05983, 'auc': 0.60013}
test: {'epoch': 185, 'time_epoch': 0.10778, 'loss': 7.26135915, 'lr': 0, 'params': 269333, 'time_iter': 0.0077, 'accuracy': 0.13571, 'f1': 0.13118, 'auc': 0.70107}
> Epoch 185: took 3.3s (avg 2.8s) | Best so far: epoch 20	train_loss: 1.5939 train_accuracy: 0.4970	val_loss: 5.8060 val_accuracy: 0.1476	test_loss: 3.8698 test_accuracy: 0.1809	F1: 0.1410 Prec: 0.1576 Rec: 0.1810
train: {'epoch': 186, 'time_epoch': 2.63933, 'eta': 153.93837, 'eta_hours': 0.04276, 'loss': 0.31699109, 'lr': 0.00015317, 'params': 269333, 'time_iter': 0.01508, 'accuracy': 0.90376, 'f1': 0.90375, 'auc': 0.99724}
val: {'epoch': 186, 'time_epoch': 0.11648, 'loss': 14.23373707, 'lr': 0, 'params': 269333, 'time_iter': 0.00832, 'accuracy': 0.08571, 'f1': 0.05269, 'auc': 0.57912}
test: {'epoch': 186, 'time_epoch': 0.10693, 'loss': 7.6060419, 'lr': 0, 'params': 269333, 'time_iter': 0.00764, 'accuracy': 0.14286, 'f1': 0.14218, 'auc': 0.69693}
> Epoch 186: took 3.0s (avg 2.8s) | Best so far: epoch 20	train_loss: 1.5939 train_accuracy: 0.4970	val_loss: 5.8060 val_accuracy: 0.1476	test_loss: 3.8698 test_accuracy: 0.1809	F1: 0.1410 Prec: 0.1576 Rec: 0.1810
train: {'epoch': 187, 'time_epoch': 2.60695, 'eta': 151.54881, 'eta_hours': 0.0421, 'loss': 0.32978546, 'lr': 0.00014868, 'params': 269333, 'time_iter': 0.0149, 'accuracy': 0.89301, 'f1': 0.89295, 'auc': 0.9971}
val: {'epoch': 187, 'time_epoch': 0.10709, 'loss': 15.88335653, 'lr': 0, 'params': 269333, 'time_iter': 0.00765, 'accuracy': 0.09524, 'f1': 0.06354, 'auc': 0.57435}
test: {'epoch': 187, 'time_epoch': 0.1142, 'loss': 8.18954233, 'lr': 0, 'params': 269333, 'time_iter': 0.00816, 'accuracy': 0.12381, 'f1': 0.10934, 'auc': 0.68271}
> Epoch 187: took 2.9s (avg 2.8s) | Best so far: epoch 20	train_loss: 1.5939 train_accuracy: 0.4970	val_loss: 5.8060 val_accuracy: 0.1476	test_loss: 3.8698 test_accuracy: 0.1809	F1: 0.1410 Prec: 0.1576 Rec: 0.1810
train: {'epoch': 188, 'time_epoch': 2.68544, 'eta': 149.1823, 'eta_hours': 0.04144, 'loss': 0.29727495, 'lr': 0.00014423, 'params': 269333, 'time_iter': 0.01535, 'accuracy': 0.90305, 'f1': 0.90301, 'auc': 0.99772}
val: {'epoch': 188, 'time_epoch': 0.11129, 'loss': 14.69736225, 'lr': 0, 'params': 269333, 'time_iter': 0.00795, 'accuracy': 0.08333, 'f1': 0.05851, 'auc': 0.5839}
test: {'epoch': 188, 'time_epoch': 0.12021, 'loss': 7.38400051, 'lr': 0, 'params': 269333, 'time_iter': 0.00859, 'accuracy': 0.15, 'f1': 0.1465, 'auc': 0.69447}
> Epoch 188: took 3.0s (avg 2.8s) | Best so far: epoch 20	train_loss: 1.5939 train_accuracy: 0.4970	val_loss: 5.8060 val_accuracy: 0.1476	test_loss: 3.8698 test_accuracy: 0.1809	F1: 0.1410 Prec: 0.1576 Rec: 0.1810
train: {'epoch': 189, 'time_epoch': 7.21371, 'eta': 148.2424, 'eta_hours': 0.04118, 'loss': 0.29790017, 'lr': 0.00013985, 'params': 269333, 'time_iter': 0.04122, 'accuracy': 0.90735, 'f1': 0.90733, 'auc': 0.99757}
val: {'epoch': 189, 'time_epoch': 0.27891, 'loss': 14.08085647, 'lr': 0, 'params': 269333, 'time_iter': 0.01992, 'accuracy': 0.1, 'f1': 0.0718, 'auc': 0.59001}
test: {'epoch': 189, 'time_epoch': 0.25428, 'loss': 6.90584728, 'lr': 0, 'params': 269333, 'time_iter': 0.01816, 'accuracy': 0.16905, 'f1': 0.16814, 'auc': 0.70567}
> Epoch 189: took 8.0s (avg 2.8s) | Best so far: epoch 20	train_loss: 1.5939 train_accuracy: 0.4970	val_loss: 5.8060 val_accuracy: 0.1476	test_loss: 3.8698 test_accuracy: 0.1809	F1: 0.1410 Prec: 0.1576 Rec: 0.1810
train: {'epoch': 190, 'time_epoch': 7.68692, 'eta': 147.38298, 'eta_hours': 0.04094, 'loss': 0.31264608, 'lr': 0.00013552, 'params': 269333, 'time_iter': 0.04393, 'accuracy': 0.90448, 'f1': 0.90446, 'auc': 0.99735}
val: {'epoch': 190, 'time_epoch': 0.36651, 'loss': 16.03790062, 'lr': 0, 'params': 269333, 'time_iter': 0.02618, 'accuracy': 0.08333, 'f1': 0.04916, 'auc': 0.58239}
test: {'epoch': 190, 'time_epoch': 0.24724, 'loss': 8.10207087, 'lr': 0, 'params': 269333, 'time_iter': 0.01766, 'accuracy': 0.12381, 'f1': 0.11961, 'auc': 0.67661}
> Epoch 190: took 8.6s (avg 2.8s) | Best so far: epoch 20	train_loss: 1.5939 train_accuracy: 0.4970	val_loss: 5.8060 val_accuracy: 0.1476	test_loss: 3.8698 test_accuracy: 0.1809	F1: 0.1410 Prec: 0.1576 Rec: 0.1810
train: {'epoch': 191, 'time_epoch': 8.32773, 'eta': 146.64602, 'eta_hours': 0.04074, 'loss': 0.34768141, 'lr': 0.00013124, 'params': 269333, 'time_iter': 0.04759, 'accuracy': 0.88871, 'f1': 0.88856, 'auc': 0.99671}
val: {'epoch': 191, 'time_epoch': 0.35529, 'loss': 15.79005815, 'lr': 0, 'params': 269333, 'time_iter': 0.02538, 'accuracy': 0.10714, 'f1': 0.06628, 'auc': 0.57691}
test: {'epoch': 191, 'time_epoch': 0.32662, 'loss': 8.05463032, 'lr': 0, 'params': 269333, 'time_iter': 0.02333, 'accuracy': 0.0881, 'f1': 0.07289, 'auc': 0.67184}
> Epoch 191: took 9.3s (avg 2.8s) | Best so far: epoch 20	train_loss: 1.5939 train_accuracy: 0.4970	val_loss: 5.8060 val_accuracy: 0.1476	test_loss: 3.8698 test_accuracy: 0.1809	F1: 0.1410 Prec: 0.1576 Rec: 0.1810
train: {'epoch': 192, 'time_epoch': 8.73743, 'eta': 145.9514, 'eta_hours': 0.04054, 'loss': 0.3067368, 'lr': 0.00012703, 'params': 269333, 'time_iter': 0.04993, 'accuracy': 0.90341, 'f1': 0.90321, 'auc': 0.99746}
val: {'epoch': 192, 'time_epoch': 0.36931, 'loss': 13.76743785, 'lr': 0, 'params': 269333, 'time_iter': 0.02638, 'accuracy': 0.09762, 'f1': 0.05914, 'auc': 0.59455}
test: {'epoch': 192, 'time_epoch': 0.36387, 'loss': 6.88819444, 'lr': 0, 'params': 269333, 'time_iter': 0.02599, 'accuracy': 0.15714, 'f1': 0.15091, 'auc': 0.70621}
> Epoch 192: took 9.7s (avg 2.9s) | Best so far: epoch 20	train_loss: 1.5939 train_accuracy: 0.4970	val_loss: 5.8060 val_accuracy: 0.1476	test_loss: 3.8698 test_accuracy: 0.1809	F1: 0.1410 Prec: 0.1576 Rec: 0.1810
train: {'epoch': 193, 'time_epoch': 9.32402, 'eta': 145.34319, 'eta_hours': 0.04037, 'loss': 0.30331202, 'lr': 0.00012287, 'params': 269333, 'time_iter': 0.05328, 'accuracy': 0.91093, 'f1': 0.91093, 'auc': 0.99759}
val: {'epoch': 193, 'time_epoch': 0.30477, 'loss': 17.31600069, 'lr': 0, 'params': 269333, 'time_iter': 0.02177, 'accuracy': 0.08571, 'f1': 0.05468, 'auc': 0.56393}
test: {'epoch': 193, 'time_epoch': 0.30159, 'loss': 8.194103, 'lr': 0, 'params': 269333, 'time_iter': 0.02154, 'accuracy': 0.13333, 'f1': 0.13937, 'auc': 0.6713}
> Epoch 193: took 10.2s (avg 2.9s) | Best so far: epoch 20	train_loss: 1.5939 train_accuracy: 0.4970	val_loss: 5.8060 val_accuracy: 0.1476	test_loss: 3.8698 test_accuracy: 0.1809	F1: 0.1410 Prec: 0.1576 Rec: 0.1810
train: {'epoch': 194, 'time_epoch': 6.94608, 'eta': 143.97489, 'eta_hours': 0.03999, 'loss': 0.31446706, 'lr': 0.00011878, 'params': 269333, 'time_iter': 0.03969, 'accuracy': 0.89964, 'f1': 0.8997, 'auc': 0.99736}
val: {'epoch': 194, 'time_epoch': 0.30761, 'loss': 15.38816054, 'lr': 0, 'params': 269333, 'time_iter': 0.02197, 'accuracy': 0.10714, 'f1': 0.06792, 'auc': 0.58372}
test: {'epoch': 194, 'time_epoch': 0.35994, 'loss': 8.01737196, 'lr': 0, 'params': 269333, 'time_iter': 0.02571, 'accuracy': 0.14524, 'f1': 0.14235, 'auc': 0.67942}
> Epoch 194: took 7.8s (avg 2.9s) | Best so far: epoch 20	train_loss: 1.5939 train_accuracy: 0.4970	val_loss: 5.8060 val_accuracy: 0.1476	test_loss: 3.8698 test_accuracy: 0.1809	F1: 0.1410 Prec: 0.1576 Rec: 0.1810
train: {'epoch': 195, 'time_epoch': 6.36262, 'eta': 142.38892, 'eta_hours': 0.03955, 'loss': 0.29923232, 'lr': 0.00011474, 'params': 269333, 'time_iter': 0.03636, 'accuracy': 0.90645, 'f1': 0.90625, 'auc': 0.99753}
val: {'epoch': 195, 'time_epoch': 0.25555, 'loss': 14.09259911, 'lr': 0, 'params': 269333, 'time_iter': 0.01825, 'accuracy': 0.11667, 'f1': 0.08177, 'auc': 0.59393}
test: {'epoch': 195, 'time_epoch': 0.36256, 'loss': 7.45603414, 'lr': 0, 'params': 269333, 'time_iter': 0.0259, 'accuracy': 0.15, 'f1': 0.14207, 'auc': 0.69495}
> Epoch 195: took 7.2s (avg 3.0s) | Best so far: epoch 20	train_loss: 1.5939 train_accuracy: 0.4970	val_loss: 5.8060 val_accuracy: 0.1476	test_loss: 3.8698 test_accuracy: 0.1809	F1: 0.1410 Prec: 0.1576 Rec: 0.1810
train: {'epoch': 196, 'time_epoch': 6.80608, 'eta': 140.87377, 'eta_hours': 0.03913, 'loss': 0.29667486, 'lr': 0.00011077, 'params': 269333, 'time_iter': 0.03889, 'accuracy': 0.90878, 'f1': 0.90879, 'auc': 0.99769}
val: {'epoch': 196, 'time_epoch': 0.26936, 'loss': 17.36903581, 'lr': 0, 'params': 269333, 'time_iter': 0.01924, 'accuracy': 0.08333, 'f1': 0.05566, 'auc': 0.5628}
test: {'epoch': 196, 'time_epoch': 0.29574, 'loss': 9.07613363, 'lr': 0, 'params': 269333, 'time_iter': 0.02112, 'accuracy': 0.1, 'f1': 0.08715, 'auc': 0.66168}
> Epoch 196: took 7.6s (avg 3.0s) | Best so far: epoch 20	train_loss: 1.5939 train_accuracy: 0.4970	val_loss: 5.8060 val_accuracy: 0.1476	test_loss: 3.8698 test_accuracy: 0.1809	F1: 0.1410 Prec: 0.1576 Rec: 0.1810
train: {'epoch': 197, 'time_epoch': 6.62176, 'eta': 139.25676, 'eta_hours': 0.03868, 'loss': 0.2966256, 'lr': 0.00010686, 'params': 269333, 'time_iter': 0.03784, 'accuracy': 0.90717, 'f1': 0.90717, 'auc': 0.99759}
val: {'epoch': 197, 'time_epoch': 0.33451, 'loss': 17.05637948, 'lr': 0, 'params': 269333, 'time_iter': 0.02389, 'accuracy': 0.09048, 'f1': 0.05914, 'auc': 0.57427}
test: {'epoch': 197, 'time_epoch': 0.28295, 'loss': 9.27003066, 'lr': 0, 'params': 269333, 'time_iter': 0.02021, 'accuracy': 0.12143, 'f1': 0.11915, 'auc': 0.65816}
> Epoch 197: took 7.4s (avg 3.0s) | Best so far: epoch 20	train_loss: 1.5939 train_accuracy: 0.4970	val_loss: 5.8060 val_accuracy: 0.1476	test_loss: 3.8698 test_accuracy: 0.1809	F1: 0.1410 Prec: 0.1576 Rec: 0.1810
train: {'epoch': 198, 'time_epoch': 7.05867, 'eta': 137.70142, 'eta_hours': 0.03825, 'loss': 0.28756684, 'lr': 0.000103, 'params': 269333, 'time_iter': 0.04034, 'accuracy': 0.91631, 'f1': 0.91626, 'auc': 0.99767}
val: {'epoch': 198, 'time_epoch': 0.30584, 'loss': 17.94001921, 'lr': 0, 'params': 269333, 'time_iter': 0.02185, 'accuracy': 0.1, 'f1': 0.06242, 'auc': 0.56949}
test: {'epoch': 198, 'time_epoch': 0.28387, 'loss': 9.52651677, 'lr': 0, 'params': 269333, 'time_iter': 0.02028, 'accuracy': 0.10952, 'f1': 0.09392, 'auc': 0.65692}
> Epoch 198: took 7.9s (avg 3.0s) | Best so far: epoch 20	train_loss: 1.5939 train_accuracy: 0.4970	val_loss: 5.8060 val_accuracy: 0.1476	test_loss: 3.8698 test_accuracy: 0.1809	F1: 0.1410 Prec: 0.1576 Rec: 0.1810
train: {'epoch': 199, 'time_epoch': 6.36904, 'eta': 135.91865, 'eta_hours': 0.03776, 'loss': 0.28547992, 'lr': 9.922e-05, 'params': 269333, 'time_iter': 0.03639, 'accuracy': 0.9129, 'f1': 0.91279, 'auc': 0.99781}
val: {'epoch': 199, 'time_epoch': 0.28734, 'loss': 16.33361391, 'lr': 0, 'params': 269333, 'time_iter': 0.02052, 'accuracy': 0.08571, 'f1': 0.05272, 'auc': 0.57569}
test: {'epoch': 199, 'time_epoch': 0.2642, 'loss': 8.53193609, 'lr': 0, 'params': 269333, 'time_iter': 0.01887, 'accuracy': 0.12381, 'f1': 0.11244, 'auc': 0.66866}
> Epoch 199: took 7.1s (avg 3.1s) | Best so far: epoch 20	train_loss: 1.5939 train_accuracy: 0.4970	val_loss: 5.8060 val_accuracy: 0.1476	test_loss: 3.8698 test_accuracy: 0.1809	F1: 0.1410 Prec: 0.1576 Rec: 0.1810
train: {'epoch': 200, 'time_epoch': 7.21327, 'eta': 134.29605, 'eta_hours': 0.0373, 'loss': 0.29270161, 'lr': 9.549e-05, 'params': 269333, 'time_iter': 0.04122, 'accuracy': 0.90502, 'f1': 0.9049, 'auc': 0.99781}
val: {'epoch': 200, 'time_epoch': 0.26868, 'loss': 17.3232098, 'lr': 0, 'params': 269333, 'time_iter': 0.01919, 'accuracy': 0.10238, 'f1': 0.05835, 'auc': 0.5741}
test: {'epoch': 200, 'time_epoch': 0.28474, 'loss': 9.20902451, 'lr': 0, 'params': 269333, 'time_iter': 0.02034, 'accuracy': 0.12381, 'f1': 0.10342, 'auc': 0.66766}
> Epoch 200: took 8.0s (avg 3.1s) | Best so far: epoch 20	train_loss: 1.5939 train_accuracy: 0.4970	val_loss: 5.8060 val_accuracy: 0.1476	test_loss: 3.8698 test_accuracy: 0.1809	F1: 0.1410 Prec: 0.1576 Rec: 0.1810
train: {'epoch': 201, 'time_epoch': 7.15098, 'eta': 132.60329, 'eta_hours': 0.03683, 'loss': 0.29510105, 'lr': 9.183e-05, 'params': 269333, 'time_iter': 0.04086, 'accuracy': 0.90645, 'f1': 0.90637, 'auc': 0.99776}
val: {'epoch': 201, 'time_epoch': 0.36321, 'loss': 18.26165408, 'lr': 0, 'params': 269333, 'time_iter': 0.02594, 'accuracy': 0.10238, 'f1': 0.06342, 'auc': 0.5724}
test: {'epoch': 201, 'time_epoch': 0.29122, 'loss': 9.34698426, 'lr': 0, 'params': 269333, 'time_iter': 0.0208, 'accuracy': 0.10476, 'f1': 0.09533, 'auc': 0.65507}
> Epoch 201: took 8.0s (avg 3.1s) | Best so far: epoch 20	train_loss: 1.5939 train_accuracy: 0.4970	val_loss: 5.8060 val_accuracy: 0.1476	test_loss: 3.8698 test_accuracy: 0.1809	F1: 0.1410 Prec: 0.1576 Rec: 0.1810
train: {'epoch': 202, 'time_epoch': 7.55704, 'eta': 130.95077, 'eta_hours': 0.03638, 'loss': 0.30622802, 'lr': 8.823e-05, 'params': 269333, 'time_iter': 0.04318, 'accuracy': 0.90323, 'f1': 0.9031, 'auc': 0.99734}
val: {'epoch': 202, 'time_epoch': 0.37356, 'loss': 18.77833623, 'lr': 0, 'params': 269333, 'time_iter': 0.02668, 'accuracy': 0.09762, 'f1': 0.05794, 'auc': 0.57083}
test: {'epoch': 202, 'time_epoch': 0.33602, 'loss': 9.7101148, 'lr': 0, 'params': 269333, 'time_iter': 0.024, 'accuracy': 0.11429, 'f1': 0.10334, 'auc': 0.65314}
> Epoch 202: took 8.6s (avg 3.1s) | Best so far: epoch 20	train_loss: 1.5939 train_accuracy: 0.4970	val_loss: 5.8060 val_accuracy: 0.1476	test_loss: 3.8698 test_accuracy: 0.1809	F1: 0.1410 Prec: 0.1576 Rec: 0.1810
train: {'epoch': 203, 'time_epoch': 7.64782, 'eta': 129.26083, 'eta_hours': 0.03591, 'loss': 0.28410315, 'lr': 8.47e-05, 'params': 269333, 'time_iter': 0.0437, 'accuracy': 0.91111, 'f1': 0.91103, 'auc': 0.99788}
val: {'epoch': 203, 'time_epoch': 0.28374, 'loss': 17.62458467, 'lr': 0, 'params': 269333, 'time_iter': 0.02027, 'accuracy': 0.09048, 'f1': 0.05526, 'auc': 0.57208}
test: {'epoch': 203, 'time_epoch': 0.29854, 'loss': 8.93563011, 'lr': 0, 'params': 269333, 'time_iter': 0.02132, 'accuracy': 0.11429, 'f1': 0.10315, 'auc': 0.66901}
> Epoch 203: took 8.4s (avg 3.2s) | Best so far: epoch 20	train_loss: 1.5939 train_accuracy: 0.4970	val_loss: 5.8060 val_accuracy: 0.1476	test_loss: 3.8698 test_accuracy: 0.1809	F1: 0.1410 Prec: 0.1576 Rec: 0.1810
train: {'epoch': 204, 'time_epoch': 6.9327, 'eta': 127.3558, 'eta_hours': 0.03538, 'loss': 0.27121068, 'lr': 8.124e-05, 'params': 269333, 'time_iter': 0.03962, 'accuracy': 0.919, 'f1': 0.91904, 'auc': 0.99816}
val: {'epoch': 204, 'time_epoch': 0.26049, 'loss': 18.50753937, 'lr': 0, 'params': 269333, 'time_iter': 0.01861, 'accuracy': 0.08333, 'f1': 0.05131, 'auc': 0.5682}
test: {'epoch': 204, 'time_epoch': 0.2599, 'loss': 9.16304977, 'lr': 0, 'params': 269333, 'time_iter': 0.01856, 'accuracy': 0.11905, 'f1': 0.11157, 'auc': 0.66165}
> Epoch 204: took 7.7s (avg 3.2s) | Best so far: epoch 20	train_loss: 1.5939 train_accuracy: 0.4970	val_loss: 5.8060 val_accuracy: 0.1476	test_loss: 3.8698 test_accuracy: 0.1809	F1: 0.1410 Prec: 0.1576 Rec: 0.1810
train: {'epoch': 205, 'time_epoch': 6.46901, 'eta': 125.3029, 'eta_hours': 0.03481, 'loss': 0.2860064, 'lr': 7.784e-05, 'params': 269333, 'time_iter': 0.03697, 'accuracy': 0.90896, 'f1': 0.90885, 'auc': 0.99783}
val: {'epoch': 205, 'time_epoch': 0.29335, 'loss': 14.05116966, 'lr': 0, 'params': 269333, 'time_iter': 0.02095, 'accuracy': 0.11429, 'f1': 0.0786, 'auc': 0.59114}
test: {'epoch': 205, 'time_epoch': 0.23902, 'loss': 7.23000278, 'lr': 0, 'params': 269333, 'time_iter': 0.01707, 'accuracy': 0.13333, 'f1': 0.13185, 'auc': 0.69919}
> Epoch 205: took 7.2s (avg 3.2s) | Best so far: epoch 20	train_loss: 1.5939 train_accuracy: 0.4970	val_loss: 5.8060 val_accuracy: 0.1476	test_loss: 3.8698 test_accuracy: 0.1809	F1: 0.1410 Prec: 0.1576 Rec: 0.1810
train: {'epoch': 206, 'time_epoch': 6.63201, 'eta': 123.2412, 'eta_hours': 0.03423, 'loss': 0.27328518, 'lr': 7.45e-05, 'params': 269333, 'time_iter': 0.0379, 'accuracy': 0.91882, 'f1': 0.91882, 'auc': 0.99803}
val: {'epoch': 206, 'time_epoch': 0.32005, 'loss': 15.30537296, 'lr': 0, 'params': 269333, 'time_iter': 0.02286, 'accuracy': 0.1119, 'f1': 0.07489, 'auc': 0.59126}
test: {'epoch': 206, 'time_epoch': 0.30893, 'loss': 8.19296064, 'lr': 0, 'params': 269333, 'time_iter': 0.02207, 'accuracy': 0.13095, 'f1': 0.13124, 'auc': 0.68464}
> Epoch 206: took 7.5s (avg 3.2s) | Best so far: epoch 20	train_loss: 1.5939 train_accuracy: 0.4970	val_loss: 5.8060 val_accuracy: 0.1476	test_loss: 3.8698 test_accuracy: 0.1809	F1: 0.1410 Prec: 0.1576 Rec: 0.1810
train: {'epoch': 207, 'time_epoch': 5.83485, 'eta': 120.97459, 'eta_hours': 0.0336, 'loss': 0.27715587, 'lr': 7.124e-05, 'params': 269333, 'time_iter': 0.03334, 'accuracy': 0.91057, 'f1': 0.91053, 'auc': 0.99808}
val: {'epoch': 207, 'time_epoch': 0.13142, 'loss': 16.60629523, 'lr': 0, 'params': 269333, 'time_iter': 0.00939, 'accuracy': 0.10476, 'f1': 0.06436, 'auc': 0.58248}
test: {'epoch': 207, 'time_epoch': 0.11608, 'loss': 8.78019584, 'lr': 0, 'params': 269333, 'time_iter': 0.00829, 'accuracy': 0.12857, 'f1': 0.11579, 'auc': 0.67227}
> Epoch 207: took 6.2s (avg 3.2s) | Best so far: epoch 20	train_loss: 1.5939 train_accuracy: 0.4970	val_loss: 5.8060 val_accuracy: 0.1476	test_loss: 3.8698 test_accuracy: 0.1809	F1: 0.1410 Prec: 0.1576 Rec: 0.1810
train: {'epoch': 208, 'time_epoch': 2.5912, 'eta': 118.03752, 'eta_hours': 0.03279, 'loss': 0.29053179, 'lr': 6.804e-05, 'params': 269333, 'time_iter': 0.01481, 'accuracy': 0.90771, 'f1': 0.90762, 'auc': 0.9979}
val: {'epoch': 208, 'time_epoch': 0.10344, 'loss': 17.07550448, 'lr': 0, 'params': 269333, 'time_iter': 0.00739, 'accuracy': 0.09048, 'f1': 0.05932, 'auc': 0.57748}
test: {'epoch': 208, 'time_epoch': 0.16933, 'loss': 8.80157155, 'lr': 0, 'params': 269333, 'time_iter': 0.01209, 'accuracy': 0.11667, 'f1': 0.1056, 'auc': 0.6699}
> Epoch 208: took 3.0s (avg 3.2s) | Best so far: epoch 20	train_loss: 1.5939 train_accuracy: 0.4970	val_loss: 5.8060 val_accuracy: 0.1476	test_loss: 3.8698 test_accuracy: 0.1809	F1: 0.1410 Prec: 0.1576 Rec: 0.1810
train: {'epoch': 209, 'time_epoch': 2.66773, 'eta': 115.11832, 'eta_hours': 0.03198, 'loss': 0.28295529, 'lr': 6.491e-05, 'params': 269333, 'time_iter': 0.01524, 'accuracy': 0.90914, 'f1': 0.90912, 'auc': 0.99788}
val: {'epoch': 209, 'time_epoch': 0.12018, 'loss': 13.37680301, 'lr': 0, 'params': 269333, 'time_iter': 0.00858, 'accuracy': 0.1119, 'f1': 0.08132, 'auc': 0.5976}
test: {'epoch': 209, 'time_epoch': 0.13135, 'loss': 7.25356616, 'lr': 0, 'params': 269333, 'time_iter': 0.00938, 'accuracy': 0.1381, 'f1': 0.13209, 'auc': 0.70128}
> Epoch 209: took 3.0s (avg 3.2s) | Best so far: epoch 20	train_loss: 1.5939 train_accuracy: 0.4970	val_loss: 5.8060 val_accuracy: 0.1476	test_loss: 3.8698 test_accuracy: 0.1809	F1: 0.1410 Prec: 0.1576 Rec: 0.1810
train: {'epoch': 210, 'time_epoch': 2.8689, 'eta': 112.23869, 'eta_hours': 0.03118, 'loss': 0.27192241, 'lr': 6.185e-05, 'params': 269333, 'time_iter': 0.01639, 'accuracy': 0.9181, 'f1': 0.91806, 'auc': 0.99807}
val: {'epoch': 210, 'time_epoch': 0.11459, 'loss': 15.4732666, 'lr': 0, 'params': 269333, 'time_iter': 0.00819, 'accuracy': 0.10238, 'f1': 0.06807, 'auc': 0.57939}
test: {'epoch': 210, 'time_epoch': 0.1248, 'loss': 7.94918405, 'lr': 0, 'params': 269333, 'time_iter': 0.00891, 'accuracy': 0.14524, 'f1': 0.14455, 'auc': 0.68467}
> Epoch 210: took 3.2s (avg 3.2s) | Best so far: epoch 20	train_loss: 1.5939 train_accuracy: 0.4970	val_loss: 5.8060 val_accuracy: 0.1476	test_loss: 3.8698 test_accuracy: 0.1809	F1: 0.1410 Prec: 0.1576 Rec: 0.1810
train: {'epoch': 211, 'time_epoch': 2.57592, 'eta': 109.30664, 'eta_hours': 0.03036, 'loss': 0.27576648, 'lr': 5.885e-05, 'params': 269333, 'time_iter': 0.01472, 'accuracy': 0.91828, 'f1': 0.91818, 'auc': 0.99808}
val: {'epoch': 211, 'time_epoch': 0.11657, 'loss': 17.96333951, 'lr': 0, 'params': 269333, 'time_iter': 0.00833, 'accuracy': 0.1, 'f1': 0.06204, 'auc': 0.5765}
test: {'epoch': 211, 'time_epoch': 0.11863, 'loss': 9.53950965, 'lr': 0, 'params': 269333, 'time_iter': 0.00847, 'accuracy': 0.10714, 'f1': 0.09727, 'auc': 0.65245}
> Epoch 211: took 2.9s (avg 3.2s) | Best so far: epoch 20	train_loss: 1.5939 train_accuracy: 0.4970	val_loss: 5.8060 val_accuracy: 0.1476	test_loss: 3.8698 test_accuracy: 0.1809	F1: 0.1410 Prec: 0.1576 Rec: 0.1810
train: {'epoch': 212, 'time_epoch': 2.24091, 'eta': 106.31975, 'eta_hours': 0.02953, 'loss': 0.28413728, 'lr': 5.593e-05, 'params': 269333, 'time_iter': 0.01281, 'accuracy': 0.9129, 'f1': 0.9128, 'auc': 0.9979}
val: {'epoch': 212, 'time_epoch': 0.10573, 'loss': 18.20876387, 'lr': 0, 'params': 269333, 'time_iter': 0.00755, 'accuracy': 0.10476, 'f1': 0.06798, 'auc': 0.57589}
test: {'epoch': 212, 'time_epoch': 0.09684, 'loss': 9.79466144, 'lr': 0, 'params': 269333, 'time_iter': 0.00692, 'accuracy': 0.08571, 'f1': 0.06837, 'auc': 0.64731}
> Epoch 212: took 2.5s (avg 3.2s) | Best so far: epoch 20	train_loss: 1.5939 train_accuracy: 0.4970	val_loss: 5.8060 val_accuracy: 0.1476	test_loss: 3.8698 test_accuracy: 0.1809	F1: 0.1410 Prec: 0.1576 Rec: 0.1810
train: {'epoch': 213, 'time_epoch': 2.50482, 'eta': 103.38422, 'eta_hours': 0.02872, 'loss': 0.27690837, 'lr': 5.308e-05, 'params': 269333, 'time_iter': 0.01431, 'accuracy': 0.91219, 'f1': 0.91211, 'auc': 0.99799}
val: {'epoch': 213, 'time_epoch': 0.11705, 'loss': 16.94723033, 'lr': 0, 'params': 269333, 'time_iter': 0.00836, 'accuracy': 0.10238, 'f1': 0.06451, 'auc': 0.5785}
test: {'epoch': 213, 'time_epoch': 0.13033, 'loss': 9.02312942, 'lr': 0, 'params': 269333, 'time_iter': 0.00931, 'accuracy': 0.11905, 'f1': 0.10696, 'auc': 0.66387}
> Epoch 213: took 2.9s (avg 3.2s) | Best so far: epoch 20	train_loss: 1.5939 train_accuracy: 0.4970	val_loss: 5.8060 val_accuracy: 0.1476	test_loss: 3.8698 test_accuracy: 0.1809	F1: 0.1410 Prec: 0.1576 Rec: 0.1810
train: {'epoch': 214, 'time_epoch': 2.42985, 'eta': 100.44049, 'eta_hours': 0.0279, 'loss': 0.26541103, 'lr': 5.03e-05, 'params': 269333, 'time_iter': 0.01388, 'accuracy': 0.91864, 'f1': 0.91859, 'auc': 0.99828}
val: {'epoch': 214, 'time_epoch': 0.09981, 'loss': 18.06049605, 'lr': 0, 'params': 269333, 'time_iter': 0.00713, 'accuracy': 0.09286, 'f1': 0.06203, 'auc': 0.56986}
test: {'epoch': 214, 'time_epoch': 0.11118, 'loss': 9.67555796, 'lr': 0, 'params': 269333, 'time_iter': 0.00794, 'accuracy': 0.10952, 'f1': 0.09314, 'auc': 0.65618}
> Epoch 214: took 2.7s (avg 3.2s) | Best so far: epoch 20	train_loss: 1.5939 train_accuracy: 0.4970	val_loss: 5.8060 val_accuracy: 0.1476	test_loss: 3.8698 test_accuracy: 0.1809	F1: 0.1410 Prec: 0.1576 Rec: 0.1810
train: {'epoch': 215, 'time_epoch': 2.47972, 'eta': 97.50937, 'eta_hours': 0.02709, 'loss': 0.26081337, 'lr': 4.759e-05, 'params': 269333, 'time_iter': 0.01417, 'accuracy': 0.91882, 'f1': 0.91875, 'auc': 0.99837}
val: {'epoch': 215, 'time_epoch': 0.13361, 'loss': 18.90438243, 'lr': 0, 'params': 269333, 'time_iter': 0.00954, 'accuracy': 0.09286, 'f1': 0.05889, 'auc': 0.56637}
test: {'epoch': 215, 'time_epoch': 0.13476, 'loss': 10.08226064, 'lr': 0, 'params': 269333, 'time_iter': 0.00963, 'accuracy': 0.1119, 'f1': 0.09669, 'auc': 0.65334}
> Epoch 215: took 2.9s (avg 3.2s) | Best so far: epoch 20	train_loss: 1.5939 train_accuracy: 0.4970	val_loss: 5.8060 val_accuracy: 0.1476	test_loss: 3.8698 test_accuracy: 0.1809	F1: 0.1410 Prec: 0.1576 Rec: 0.1810
train: {'epoch': 216, 'time_epoch': 2.56691, 'eta': 94.59568, 'eta_hours': 0.02628, 'loss': 0.25928346, 'lr': 4.495e-05, 'params': 269333, 'time_iter': 0.01467, 'accuracy': 0.92097, 'f1': 0.92099, 'auc': 0.99819}
val: {'epoch': 216, 'time_epoch': 0.10234, 'loss': 18.56511528, 'lr': 0, 'params': 269333, 'time_iter': 0.00731, 'accuracy': 0.09524, 'f1': 0.05903, 'auc': 0.56835}
test: {'epoch': 216, 'time_epoch': 0.10795, 'loss': 9.62422036, 'lr': 0, 'params': 269333, 'time_iter': 0.00771, 'accuracy': 0.09762, 'f1': 0.09198, 'auc': 0.65237}
> Epoch 216: took 2.9s (avg 3.2s) | Best so far: epoch 20	train_loss: 1.5939 train_accuracy: 0.4970	val_loss: 5.8060 val_accuracy: 0.1476	test_loss: 3.8698 test_accuracy: 0.1809	F1: 0.1410 Prec: 0.1576 Rec: 0.1810
train: {'epoch': 217, 'time_epoch': 2.54042, 'eta': 91.68127, 'eta_hours': 0.02547, 'loss': 0.25242448, 'lr': 4.238e-05, 'params': 269333, 'time_iter': 0.01452, 'accuracy': 0.92168, 'f1': 0.92169, 'auc': 0.99849}
val: {'epoch': 217, 'time_epoch': 0.14941, 'loss': 18.292057, 'lr': 0, 'params': 269333, 'time_iter': 0.01067, 'accuracy': 0.09286, 'f1': 0.05685, 'auc': 0.57076}
test: {'epoch': 217, 'time_epoch': 0.09198, 'loss': 9.2492596, 'lr': 0, 'params': 269333, 'time_iter': 0.00657, 'accuracy': 0.10238, 'f1': 0.09054, 'auc': 0.66317}
> Epoch 217: took 2.9s (avg 3.2s) | Best so far: epoch 20	train_loss: 1.5939 train_accuracy: 0.4970	val_loss: 5.8060 val_accuracy: 0.1476	test_loss: 3.8698 test_accuracy: 0.1809	F1: 0.1410 Prec: 0.1576 Rec: 0.1810
train: {'epoch': 218, 'time_epoch': 2.27764, 'eta': 88.73308, 'eta_hours': 0.02465, 'loss': 0.28281183, 'lr': 3.988e-05, 'params': 269333, 'time_iter': 0.01302, 'accuracy': 0.91344, 'f1': 0.91334, 'auc': 0.99788}
val: {'epoch': 218, 'time_epoch': 0.12651, 'loss': 18.21987448, 'lr': 0, 'params': 269333, 'time_iter': 0.00904, 'accuracy': 0.09286, 'f1': 0.06114, 'auc': 0.56799}
test: {'epoch': 218, 'time_epoch': 0.1197, 'loss': 9.39768709, 'lr': 0, 'params': 269333, 'time_iter': 0.00855, 'accuracy': 0.10238, 'f1': 0.08061, 'auc': 0.66243}
> Epoch 218: took 2.6s (avg 3.2s) | Best so far: epoch 20	train_loss: 1.5939 train_accuracy: 0.4970	val_loss: 5.8060 val_accuracy: 0.1476	test_loss: 3.8698 test_accuracy: 0.1809	F1: 0.1410 Prec: 0.1576 Rec: 0.1810
train: {'epoch': 219, 'time_epoch': 2.67114, 'eta': 85.84465, 'eta_hours': 0.02385, 'loss': 0.27003863, 'lr': 3.746e-05, 'params': 269333, 'time_iter': 0.01526, 'accuracy': 0.91487, 'f1': 0.9149, 'auc': 0.9982}
val: {'epoch': 219, 'time_epoch': 0.11168, 'loss': 17.63877293, 'lr': 0, 'params': 269333, 'time_iter': 0.00798, 'accuracy': 0.09286, 'f1': 0.05316, 'auc': 0.57286}
test: {'epoch': 219, 'time_epoch': 0.09248, 'loss': 9.33592486, 'lr': 0, 'params': 269333, 'time_iter': 0.00661, 'accuracy': 0.11429, 'f1': 0.09995, 'auc': 0.6686}
> Epoch 219: took 3.0s (avg 3.2s) | Best so far: epoch 20	train_loss: 1.5939 train_accuracy: 0.4970	val_loss: 5.8060 val_accuracy: 0.1476	test_loss: 3.8698 test_accuracy: 0.1809	F1: 0.1410 Prec: 0.1576 Rec: 0.1810
train: {'epoch': 220, 'time_epoch': 2.4229, 'eta': 82.92561, 'eta_hours': 0.02303, 'loss': 0.25703507, 'lr': 3.511e-05, 'params': 269333, 'time_iter': 0.01385, 'accuracy': 0.92115, 'f1': 0.92106, 'auc': 0.99836}
val: {'epoch': 220, 'time_epoch': 0.10326, 'loss': 16.77011334, 'lr': 0, 'params': 269333, 'time_iter': 0.00738, 'accuracy': 0.1, 'f1': 0.06141, 'auc': 0.5857}
test: {'epoch': 220, 'time_epoch': 0.11952, 'loss': 9.01290372, 'lr': 0, 'params': 269333, 'time_iter': 0.00854, 'accuracy': 0.1119, 'f1': 0.09725, 'auc': 0.67129}
> Epoch 220: took 2.7s (avg 3.2s) | Best so far: epoch 20	train_loss: 1.5939 train_accuracy: 0.4970	val_loss: 5.8060 val_accuracy: 0.1476	test_loss: 3.8698 test_accuracy: 0.1809	F1: 0.1410 Prec: 0.1576 Rec: 0.1810
train: {'epoch': 221, 'time_epoch': 2.51962, 'eta': 80.02324, 'eta_hours': 0.02223, 'loss': 0.27201512, 'lr': 3.284e-05, 'params': 269333, 'time_iter': 0.0144, 'accuracy': 0.91846, 'f1': 0.91837, 'auc': 0.99806}
val: {'epoch': 221, 'time_epoch': 0.09057, 'loss': 19.63080117, 'lr': 0, 'params': 269333, 'time_iter': 0.00647, 'accuracy': 0.09286, 'f1': 0.05911, 'auc': 0.56717}
test: {'epoch': 221, 'time_epoch': 0.09051, 'loss': 10.24451766, 'lr': 0, 'params': 269333, 'time_iter': 0.00646, 'accuracy': 0.1, 'f1': 0.08533, 'auc': 0.65474}
> Epoch 221: took 2.8s (avg 3.2s) | Best so far: epoch 20	train_loss: 1.5939 train_accuracy: 0.4970	val_loss: 5.8060 val_accuracy: 0.1476	test_loss: 3.8698 test_accuracy: 0.1809	F1: 0.1410 Prec: 0.1576 Rec: 0.1810
train: {'epoch': 222, 'time_epoch': 2.27432, 'eta': 77.0946, 'eta_hours': 0.02142, 'loss': 0.26377939, 'lr': 3.063e-05, 'params': 269333, 'time_iter': 0.013, 'accuracy': 0.92097, 'f1': 0.92097, 'auc': 0.99811}
val: {'epoch': 222, 'time_epoch': 0.10252, 'loss': 16.07746173, 'lr': 0, 'params': 269333, 'time_iter': 0.00732, 'accuracy': 0.09762, 'f1': 0.06117, 'auc': 0.57832}
test: {'epoch': 222, 'time_epoch': 0.10606, 'loss': 8.49025828, 'lr': 0, 'params': 269333, 'time_iter': 0.00758, 'accuracy': 0.13095, 'f1': 0.12056, 'auc': 0.67582}
> Epoch 222: took 2.6s (avg 3.2s) | Best so far: epoch 20	train_loss: 1.5939 train_accuracy: 0.4970	val_loss: 5.8060 val_accuracy: 0.1476	test_loss: 3.8698 test_accuracy: 0.1809	F1: 0.1410 Prec: 0.1576 Rec: 0.1810
train: {'epoch': 223, 'time_epoch': 2.68782, 'eta': 74.2198, 'eta_hours': 0.02062, 'loss': 0.281548, 'lr': 2.85e-05, 'params': 269333, 'time_iter': 0.01536, 'accuracy': 0.9147, 'f1': 0.91477, 'auc': 0.99786}
val: {'epoch': 223, 'time_epoch': 0.12244, 'loss': 17.62443499, 'lr': 0, 'params': 269333, 'time_iter': 0.00875, 'accuracy': 0.09762, 'f1': 0.05922, 'auc': 0.57532}
test: {'epoch': 223, 'time_epoch': 0.09994, 'loss': 9.1014029, 'lr': 0, 'params': 269333, 'time_iter': 0.00714, 'accuracy': 0.09762, 'f1': 0.08423, 'auc': 0.66588}
> Epoch 223: took 3.0s (avg 3.2s) | Best so far: epoch 20	train_loss: 1.5939 train_accuracy: 0.4970	val_loss: 5.8060 val_accuracy: 0.1476	test_loss: 3.8698 test_accuracy: 0.1809	F1: 0.1410 Prec: 0.1576 Rec: 0.1810
train: {'epoch': 224, 'time_epoch': 2.47139, 'eta': 71.32261, 'eta_hours': 0.01981, 'loss': 0.26841118, 'lr': 2.645e-05, 'params': 269333, 'time_iter': 0.01412, 'accuracy': 0.92133, 'f1': 0.92116, 'auc': 0.99798}
val: {'epoch': 224, 'time_epoch': 0.10126, 'loss': 17.26460235, 'lr': 0, 'params': 269333, 'time_iter': 0.00723, 'accuracy': 0.10476, 'f1': 0.06486, 'auc': 0.57667}
test: {'epoch': 224, 'time_epoch': 0.10943, 'loss': 9.20173357, 'lr': 0, 'params': 269333, 'time_iter': 0.00782, 'accuracy': 0.1119, 'f1': 0.09632, 'auc': 0.66696}
> Epoch 224: took 2.8s (avg 3.2s) | Best so far: epoch 20	train_loss: 1.5939 train_accuracy: 0.4970	val_loss: 5.8060 val_accuracy: 0.1476	test_loss: 3.8698 test_accuracy: 0.1809	F1: 0.1410 Prec: 0.1576 Rec: 0.1810
train: {'epoch': 225, 'time_epoch': 5.47992, 'eta': 68.74868, 'eta_hours': 0.0191, 'loss': 0.26792189, 'lr': 2.447e-05, 'params': 269333, 'time_iter': 0.03131, 'accuracy': 0.91505, 'f1': 0.91506, 'auc': 0.99812}
val: {'epoch': 225, 'time_epoch': 0.41478, 'loss': 17.01061449, 'lr': 0, 'params': 269333, 'time_iter': 0.02963, 'accuracy': 0.10476, 'f1': 0.06467, 'auc': 0.57897}
test: {'epoch': 225, 'time_epoch': 0.26643, 'loss': 9.02008896, 'lr': 0, 'params': 269333, 'time_iter': 0.01903, 'accuracy': 0.11667, 'f1': 0.10733, 'auc': 0.66818}
> Epoch 225: took 6.4s (avg 3.2s) | Best so far: epoch 20	train_loss: 1.5939 train_accuracy: 0.4970	val_loss: 5.8060 val_accuracy: 0.1476	test_loss: 3.8698 test_accuracy: 0.1809	F1: 0.1410 Prec: 0.1576 Rec: 0.1810
train: {'epoch': 226, 'time_epoch': 5.7406, 'eta': 66.17556, 'eta_hours': 0.01838, 'loss': 0.26418376, 'lr': 2.257e-05, 'params': 269333, 'time_iter': 0.0328, 'accuracy': 0.9181, 'f1': 0.91807, 'auc': 0.99821}
val: {'epoch': 226, 'time_epoch': 0.31225, 'loss': 16.13590364, 'lr': 0, 'params': 269333, 'time_iter': 0.0223, 'accuracy': 0.09762, 'f1': 0.05909, 'auc': 0.5853}
test: {'epoch': 226, 'time_epoch': 0.26639, 'loss': 8.64487172, 'lr': 0, 'params': 269333, 'time_iter': 0.01903, 'accuracy': 0.11905, 'f1': 0.10883, 'auc': 0.67743}
> Epoch 226: took 6.5s (avg 3.2s) | Best so far: epoch 20	train_loss: 1.5939 train_accuracy: 0.4970	val_loss: 5.8060 val_accuracy: 0.1476	test_loss: 3.8698 test_accuracy: 0.1809	F1: 0.1410 Prec: 0.1576 Rec: 0.1810
train: {'epoch': 227, 'time_epoch': 7.06791, 'eta': 63.70273, 'eta_hours': 0.0177, 'loss': 0.25488023, 'lr': 2.074e-05, 'params': 269333, 'time_iter': 0.04039, 'accuracy': 0.92294, 'f1': 0.92283, 'auc': 0.99832}
val: {'epoch': 227, 'time_epoch': 0.25563, 'loss': 14.20939816, 'lr': 0, 'params': 269333, 'time_iter': 0.01826, 'accuracy': 0.10476, 'f1': 0.07287, 'auc': 0.59689}
test: {'epoch': 227, 'time_epoch': 0.27503, 'loss': 7.81889709, 'lr': 0, 'params': 269333, 'time_iter': 0.01964, 'accuracy': 0.12619, 'f1': 0.11505, 'auc': 0.69698}
> Epoch 227: took 7.8s (avg 3.3s) | Best so far: epoch 20	train_loss: 1.5939 train_accuracy: 0.4970	val_loss: 5.8060 val_accuracy: 0.1476	test_loss: 3.8698 test_accuracy: 0.1809	F1: 0.1410 Prec: 0.1576 Rec: 0.1810
train: {'epoch': 228, 'time_epoch': 6.79318, 'eta': 61.16457, 'eta_hours': 0.01699, 'loss': 0.24286197, 'lr': 1.899e-05, 'params': 269333, 'time_iter': 0.03882, 'accuracy': 0.92778, 'f1': 0.92769, 'auc': 0.99847}
val: {'epoch': 228, 'time_epoch': 0.28881, 'loss': 14.29305529, 'lr': 0, 'params': 269333, 'time_iter': 0.02063, 'accuracy': 0.10238, 'f1': 0.06516, 'auc': 0.58786}
test: {'epoch': 228, 'time_epoch': 0.24818, 'loss': 7.71124245, 'lr': 0, 'params': 269333, 'time_iter': 0.01773, 'accuracy': 0.14524, 'f1': 0.13996, 'auc': 0.6961}
> Epoch 228: took 7.6s (avg 3.3s) | Best so far: epoch 20	train_loss: 1.5939 train_accuracy: 0.4970	val_loss: 5.8060 val_accuracy: 0.1476	test_loss: 3.8698 test_accuracy: 0.1809	F1: 0.1410 Prec: 0.1576 Rec: 0.1810
train: {'epoch': 229, 'time_epoch': 7.14676, 'eta': 58.62016, 'eta_hours': 0.01628, 'loss': 0.25169431, 'lr': 1.731e-05, 'params': 269333, 'time_iter': 0.04084, 'accuracy': 0.9233, 'f1': 0.92317, 'auc': 0.99834}
val: {'epoch': 229, 'time_epoch': 0.25641, 'loss': 17.1961384, 'lr': 0, 'params': 269333, 'time_iter': 0.01831, 'accuracy': 0.10476, 'f1': 0.06505, 'auc': 0.57809}
test: {'epoch': 229, 'time_epoch': 0.30258, 'loss': 8.90261796, 'lr': 0, 'params': 269333, 'time_iter': 0.02161, 'accuracy': 0.12381, 'f1': 0.11139, 'auc': 0.67315}
> Epoch 229: took 7.9s (avg 3.3s) | Best so far: epoch 20	train_loss: 1.5939 train_accuracy: 0.4970	val_loss: 5.8060 val_accuracy: 0.1476	test_loss: 3.8698 test_accuracy: 0.1809	F1: 0.1410 Prec: 0.1576 Rec: 0.1810
train: {'epoch': 230, 'time_epoch': 7.18997, 'eta': 56.03946, 'eta_hours': 0.01557, 'loss': 0.24425434, 'lr': 1.571e-05, 'params': 269333, 'time_iter': 0.04109, 'accuracy': 0.92599, 'f1': 0.92594, 'auc': 0.9985}
val: {'epoch': 230, 'time_epoch': 0.29325, 'loss': 18.44371225, 'lr': 0, 'params': 269333, 'time_iter': 0.02095, 'accuracy': 0.09048, 'f1': 0.05629, 'auc': 0.57035}
test: {'epoch': 230, 'time_epoch': 0.23725, 'loss': 9.56932211, 'lr': 0, 'params': 269333, 'time_iter': 0.01695, 'accuracy': 0.09762, 'f1': 0.08686, 'auc': 0.65472}
> Epoch 230: took 7.9s (avg 3.3s) | Best so far: epoch 20	train_loss: 1.5939 train_accuracy: 0.4970	val_loss: 5.8060 val_accuracy: 0.1476	test_loss: 3.8698 test_accuracy: 0.1809	F1: 0.1410 Prec: 0.1576 Rec: 0.1810
train: {'epoch': 231, 'time_epoch': 6.84208, 'eta': 53.39203, 'eta_hours': 0.01483, 'loss': 0.24191354, 'lr': 1.418e-05, 'params': 269333, 'time_iter': 0.0391, 'accuracy': 0.92348, 'f1': 0.92333, 'auc': 0.99854}
val: {'epoch': 231, 'time_epoch': 0.25378, 'loss': 18.87300709, 'lr': 0, 'params': 269333, 'time_iter': 0.01813, 'accuracy': 0.09762, 'f1': 0.06146, 'auc': 0.57082}
test: {'epoch': 231, 'time_epoch': 0.25639, 'loss': 9.61903796, 'lr': 0, 'params': 269333, 'time_iter': 0.01831, 'accuracy': 0.09286, 'f1': 0.08122, 'auc': 0.65627}
> Epoch 231: took 7.6s (avg 3.3s) | Best so far: epoch 20	train_loss: 1.5939 train_accuracy: 0.4970	val_loss: 5.8060 val_accuracy: 0.1476	test_loss: 3.8698 test_accuracy: 0.1809	F1: 0.1410 Prec: 0.1576 Rec: 0.1810
train: {'epoch': 232, 'time_epoch': 6.54331, 'eta': 50.68679, 'eta_hours': 0.01408, 'loss': 0.27258953, 'lr': 1.274e-05, 'params': 269333, 'time_iter': 0.03739, 'accuracy': 0.91918, 'f1': 0.91917, 'auc': 0.99802}
val: {'epoch': 232, 'time_epoch': 0.26285, 'loss': 18.27772021, 'lr': 0, 'params': 269333, 'time_iter': 0.01878, 'accuracy': 0.10714, 'f1': 0.06463, 'auc': 0.57269}
test: {'epoch': 232, 'time_epoch': 0.24103, 'loss': 9.45436483, 'lr': 0, 'params': 269333, 'time_iter': 0.01722, 'accuracy': 0.10238, 'f1': 0.08983, 'auc': 0.66059}
> Epoch 232: took 7.2s (avg 3.3s) | Best so far: epoch 20	train_loss: 1.5939 train_accuracy: 0.4970	val_loss: 5.8060 val_accuracy: 0.1476	test_loss: 3.8698 test_accuracy: 0.1809	F1: 0.1410 Prec: 0.1576 Rec: 0.1810
train: {'epoch': 233, 'time_epoch': 6.61871, 'eta': 47.95391, 'eta_hours': 0.01332, 'loss': 0.26106325, 'lr': 1.137e-05, 'params': 269333, 'time_iter': 0.03782, 'accuracy': 0.91918, 'f1': 0.91905, 'auc': 0.99828}
val: {'epoch': 233, 'time_epoch': 0.27571, 'loss': 16.98851889, 'lr': 0, 'params': 269333, 'time_iter': 0.01969, 'accuracy': 0.10238, 'f1': 0.06157, 'auc': 0.58339}
test: {'epoch': 233, 'time_epoch': 0.28339, 'loss': 8.98590582, 'lr': 0, 'params': 269333, 'time_iter': 0.02024, 'accuracy': 0.10714, 'f1': 0.09606, 'auc': 0.6708}
> Epoch 233: took 7.4s (avg 3.4s) | Best so far: epoch 20	train_loss: 1.5939 train_accuracy: 0.4970	val_loss: 5.8060 val_accuracy: 0.1476	test_loss: 3.8698 test_accuracy: 0.1809	F1: 0.1410 Prec: 0.1576 Rec: 0.1810
train: {'epoch': 234, 'time_epoch': 6.16427, 'eta': 45.15895, 'eta_hours': 0.01254, 'loss': 0.25881901, 'lr': 1.007e-05, 'params': 269333, 'time_iter': 0.03522, 'accuracy': 0.91953, 'f1': 0.91959, 'auc': 0.99833}
val: {'epoch': 234, 'time_epoch': 0.21947, 'loss': 15.59175455, 'lr': 0, 'params': 269333, 'time_iter': 0.01568, 'accuracy': 0.10476, 'f1': 0.06878, 'auc': 0.58712}
test: {'epoch': 234, 'time_epoch': 0.28793, 'loss': 8.35226936, 'lr': 0, 'params': 269333, 'time_iter': 0.02057, 'accuracy': 0.11905, 'f1': 0.1089, 'auc': 0.67911}
> Epoch 234: took 6.9s (avg 3.4s) | Best so far: epoch 20	train_loss: 1.5939 train_accuracy: 0.4970	val_loss: 5.8060 val_accuracy: 0.1476	test_loss: 3.8698 test_accuracy: 0.1809	F1: 0.1410 Prec: 0.1576 Rec: 0.1810
train: {'epoch': 235, 'time_epoch': 7.03309, 'eta': 42.38697, 'eta_hours': 0.01177, 'loss': 0.25733882, 'lr': 8.86e-06, 'params': 269333, 'time_iter': 0.04019, 'accuracy': 0.91989, 'f1': 0.91986, 'auc': 0.99832}
val: {'epoch': 235, 'time_epoch': 0.18914, 'loss': 17.01739845, 'lr': 0, 'params': 269333, 'time_iter': 0.01351, 'accuracy': 0.09524, 'f1': 0.06029, 'auc': 0.58005}
test: {'epoch': 235, 'time_epoch': 0.25062, 'loss': 8.96790634, 'lr': 0, 'params': 269333, 'time_iter': 0.0179, 'accuracy': 0.13095, 'f1': 0.12162, 'auc': 0.67429}
> Epoch 235: took 7.7s (avg 3.4s) | Best so far: epoch 20	train_loss: 1.5939 train_accuracy: 0.4970	val_loss: 5.8060 val_accuracy: 0.1476	test_loss: 3.8698 test_accuracy: 0.1809	F1: 0.1410 Prec: 0.1576 Rec: 0.1810
train: {'epoch': 236, 'time_epoch': 6.82715, 'eta': 39.56774, 'eta_hours': 0.01099, 'loss': 0.24991173, 'lr': 7.72e-06, 'params': 269333, 'time_iter': 0.03901, 'accuracy': 0.92168, 'f1': 0.92175, 'auc': 0.9984}
val: {'epoch': 236, 'time_epoch': 0.27073, 'loss': 18.8812545, 'lr': 0, 'params': 269333, 'time_iter': 0.01934, 'accuracy': 0.09524, 'f1': 0.05922, 'auc': 0.56995}
test: {'epoch': 236, 'time_epoch': 0.24947, 'loss': 9.98351933, 'lr': 0, 'params': 269333, 'time_iter': 0.01782, 'accuracy': 0.09048, 'f1': 0.07541, 'auc': 0.64908}
> Epoch 236: took 7.6s (avg 3.4s) | Best so far: epoch 20	train_loss: 1.5939 train_accuracy: 0.4970	val_loss: 5.8060 val_accuracy: 0.1476	test_loss: 3.8698 test_accuracy: 0.1809	F1: 0.1410 Prec: 0.1576 Rec: 0.1810
train: {'epoch': 237, 'time_epoch': 7.39743, 'eta': 36.74359, 'eta_hours': 0.01021, 'loss': 0.25649988, 'lr': 6.66e-06, 'params': 269333, 'time_iter': 0.04227, 'accuracy': 0.92258, 'f1': 0.92253, 'auc': 0.99816}
val: {'epoch': 237, 'time_epoch': 0.29262, 'loss': 17.12540225, 'lr': 0, 'params': 269333, 'time_iter': 0.0209, 'accuracy': 0.10714, 'f1': 0.07139, 'auc': 0.57645}
test: {'epoch': 237, 'time_epoch': 0.32819, 'loss': 8.82359514, 'lr': 0, 'params': 269333, 'time_iter': 0.02344, 'accuracy': 0.11905, 'f1': 0.11035, 'auc': 0.67335}
> Epoch 237: took 8.3s (avg 3.4s) | Best so far: epoch 20	train_loss: 1.5939 train_accuracy: 0.4970	val_loss: 5.8060 val_accuracy: 0.1476	test_loss: 3.8698 test_accuracy: 0.1809	F1: 0.1410 Prec: 0.1576 Rec: 0.1810
train: {'epoch': 238, 'time_epoch': 7.09498, 'eta': 33.86724, 'eta_hours': 0.00941, 'loss': 0.25197519, 'lr': 5.67e-06, 'params': 269333, 'time_iter': 0.04054, 'accuracy': 0.9233, 'f1': 0.92316, 'auc': 0.99835}
val: {'epoch': 238, 'time_epoch': 0.23999, 'loss': 18.9675148, 'lr': 0, 'params': 269333, 'time_iter': 0.01714, 'accuracy': 0.09048, 'f1': 0.05584, 'auc': 0.5669}
test: {'epoch': 238, 'time_epoch': 0.25816, 'loss': 9.98203063, 'lr': 0, 'params': 269333, 'time_iter': 0.01844, 'accuracy': 0.09524, 'f1': 0.08072, 'auc': 0.65286}
> Epoch 238: took 7.8s (avg 3.5s) | Best so far: epoch 20	train_loss: 1.5939 train_accuracy: 0.4970	val_loss: 5.8060 val_accuracy: 0.1476	test_loss: 3.8698 test_accuracy: 0.1809	F1: 0.1410 Prec: 0.1576 Rec: 0.1810
train: {'epoch': 239, 'time_epoch': 6.45872, 'eta': 30.92923, 'eta_hours': 0.00859, 'loss': 0.2428995, 'lr': 4.77e-06, 'params': 269333, 'time_iter': 0.03691, 'accuracy': 0.92616, 'f1': 0.92619, 'auc': 0.99858}
val: {'epoch': 239, 'time_epoch': 0.29717, 'loss': 15.15889052, 'lr': 0, 'params': 269333, 'time_iter': 0.02123, 'accuracy': 0.10476, 'f1': 0.06802, 'auc': 0.58734}
test: {'epoch': 239, 'time_epoch': 0.25029, 'loss': 8.15622404, 'lr': 0, 'params': 269333, 'time_iter': 0.01788, 'accuracy': 0.13095, 'f1': 0.1259, 'auc': 0.68792}
> Epoch 239: took 7.2s (avg 3.5s) | Best so far: epoch 20	train_loss: 1.5939 train_accuracy: 0.4970	val_loss: 5.8060 val_accuracy: 0.1476	test_loss: 3.8698 test_accuracy: 0.1809	F1: 0.1410 Prec: 0.1576 Rec: 0.1810
train: {'epoch': 240, 'time_epoch': 7.31278, 'eta': 27.9939, 'eta_hours': 0.00778, 'loss': 0.25838449, 'lr': 3.94e-06, 'params': 269333, 'time_iter': 0.04179, 'accuracy': 0.92151, 'f1': 0.92142, 'auc': 0.99823}
val: {'epoch': 240, 'time_epoch': 0.25023, 'loss': 17.18489587, 'lr': 0, 'params': 269333, 'time_iter': 0.01787, 'accuracy': 0.1, 'f1': 0.06202, 'auc': 0.57345}
test: {'epoch': 240, 'time_epoch': 0.2719, 'loss': 9.06789654, 'lr': 0, 'params': 269333, 'time_iter': 0.01942, 'accuracy': 0.09762, 'f1': 0.08493, 'auc': 0.66823}
> Epoch 240: took 8.0s (avg 3.5s) | Best so far: epoch 20	train_loss: 1.5939 train_accuracy: 0.4970	val_loss: 5.8060 val_accuracy: 0.1476	test_loss: 3.8698 test_accuracy: 0.1809	F1: 0.1410 Prec: 0.1576 Rec: 0.1810
train: {'epoch': 241, 'time_epoch': 6.46751, 'eta': 24.99444, 'eta_hours': 0.00694, 'loss': 0.2585701, 'lr': 3.19e-06, 'params': 269333, 'time_iter': 0.03696, 'accuracy': 0.9233, 'f1': 0.92321, 'auc': 0.9983}
val: {'epoch': 241, 'time_epoch': 0.3886, 'loss': 17.52951215, 'lr': 0, 'params': 269333, 'time_iter': 0.02776, 'accuracy': 0.1, 'f1': 0.06202, 'auc': 0.579}
test: {'epoch': 241, 'time_epoch': 0.28115, 'loss': 9.29901366, 'lr': 0, 'params': 269333, 'time_iter': 0.02008, 'accuracy': 0.11667, 'f1': 0.10464, 'auc': 0.66174}
> Epoch 241: took 7.4s (avg 3.5s) | Best so far: epoch 20	train_loss: 1.5939 train_accuracy: 0.4970	val_loss: 5.8060 val_accuracy: 0.1476	test_loss: 3.8698 test_accuracy: 0.1809	F1: 0.1410 Prec: 0.1576 Rec: 0.1810
train: {'epoch': 242, 'time_epoch': 6.57084, 'eta': 21.96942, 'eta_hours': 0.0061, 'loss': 0.25240248, 'lr': 2.52e-06, 'params': 269333, 'time_iter': 0.03755, 'accuracy': 0.92384, 'f1': 0.92373, 'auc': 0.99837}
val: {'epoch': 242, 'time_epoch': 0.25416, 'loss': 17.26020388, 'lr': 0, 'params': 269333, 'time_iter': 0.01815, 'accuracy': 0.1, 'f1': 0.06152, 'auc': 0.57808}
test: {'epoch': 242, 'time_epoch': 0.23409, 'loss': 9.07993521, 'lr': 0, 'params': 269333, 'time_iter': 0.01672, 'accuracy': 0.11905, 'f1': 0.10784, 'auc': 0.67026}
> Epoch 242: took 7.3s (avg 3.5s) | Best so far: epoch 20	train_loss: 1.5939 train_accuracy: 0.4970	val_loss: 5.8060 val_accuracy: 0.1476	test_loss: 3.8698 test_accuracy: 0.1809	F1: 0.1410 Prec: 0.1576 Rec: 0.1810
