[*] Run ID 0: seed=0, split_index=0
    Starting now: 2026-04-01 14:02:51.636736
[*] Loaded dataset 'rfid' from 'RFID':
  Data(x=[51360, 60], edge_index=[2, 51360], y=[6420], y_user=[6420], subject=[6420])
  undirected: True
  num graphs: 6420
  avg num_nodes/graph: 8
  num node features: 60
  num edge features: 0
  num classes: 21
[*] LOPO Split: Test Subj=LR 3m, Val Subj=MA 3m
    Train: 5670 | Val: 330 | Test: 420
GraphGymModule(
  (model): CustomGNN(
    (encoder): FeatureEncoder()
    (pre_mp): GeneralMultiLayer(
      (Layer_0): GeneralLayer(
        (layer): Linear(
          (model): Linear(60, 128, bias=False)
        )
        (post_layer): Sequential(
          (0): BatchNorm1d(128, eps=1e-05, momentum=0.1, affine=True, track_running_stats=True)
          (1): Dropout(p=0.2, inplace=False)
          (2): ReLU()
        )
      )
    )
    (gnn_layers): Sequential(
      (0): GCNConvLayer(
        (bn_node_x): BatchNorm1d(128, eps=1e-05, momentum=0.1, affine=True, track_running_stats=True)
        (act): Sequential(
          (0): ReLU()
          (1): Dropout(p=0.2, inplace=False)
        )
        (model): GCNConv(128, 128)
        (norm1_local): BatchNorm1d(128, eps=1e-05, momentum=0.1, affine=True, track_running_stats=True)
        (ff_linear1): Linear(in_features=128, out_features=256, bias=True)
        (ff_linear2): Linear(in_features=256, out_features=128, bias=True)
        (act_fn_ff): ReLU()
        (norm2): BatchNorm1d(128, eps=1e-05, momentum=0.1, affine=True, track_running_stats=True)
        (ff_dropout1): Dropout(p=0.2, inplace=False)
        (ff_dropout2): Dropout(p=0.2, inplace=False)
      )
      (1): GCNConvLayer(
        (bn_node_x): BatchNorm1d(128, eps=1e-05, momentum=0.1, affine=True, track_running_stats=True)
        (act): Sequential(
          (0): ReLU()
          (1): Dropout(p=0.2, inplace=False)
        )
        (model): GCNConv(128, 128)
        (norm1_local): BatchNorm1d(128, eps=1e-05, momentum=0.1, affine=True, track_running_stats=True)
        (ff_linear1): Linear(in_features=128, out_features=256, bias=True)
        (ff_linear2): Linear(in_features=256, out_features=128, bias=True)
        (act_fn_ff): ReLU()
        (norm2): BatchNorm1d(128, eps=1e-05, momentum=0.1, affine=True, track_running_stats=True)
        (ff_dropout1): Dropout(p=0.2, inplace=False)
        (ff_dropout2): Dropout(p=0.2, inplace=False)
      )
      (2): GCNConvLayer(
        (bn_node_x): BatchNorm1d(128, eps=1e-05, momentum=0.1, affine=True, track_running_stats=True)
        (act): Sequential(
          (0): ReLU()
          (1): Dropout(p=0.2, inplace=False)
        )
        (model): GCNConv(128, 128)
        (norm1_local): BatchNorm1d(128, eps=1e-05, momentum=0.1, affine=True, track_running_stats=True)
        (ff_linear1): Linear(in_features=128, out_features=256, bias=True)
        (ff_linear2): Linear(in_features=256, out_features=128, bias=True)
        (act_fn_ff): ReLU()
        (norm2): BatchNorm1d(128, eps=1e-05, momentum=0.1, affine=True, track_running_stats=True)
        (ff_dropout1): Dropout(p=0.2, inplace=False)
        (ff_dropout2): Dropout(p=0.2, inplace=False)
      )
    )
    (post_mp): MLPGraphHead(
      (mlp): Sequential(
        (0): Dropout(p=0.2, inplace=False)
        (1): Linear(in_features=128, out_features=128, bias=True)
        (2): ReLU()
        (3): Dropout(p=0.2, inplace=False)
        (4): Linear(in_features=128, out_features=21, bias=True)
      )
    )
  )
)
accelerator: cuda
adv:
  lambda_u: 0.1
  num_users: 16
  use: False
benchmark: False
bn:
  eps: 1e-05
  mom: 0.1
cfg_dest: config.yaml
custom_metrics: []
dataset:
  cache_load: False
  cache_save: False
  dir: C:\Users\PC\Desktop\AdversarialLearningProject 1\ICML\Adversarial_Learning\Daniel\RFIDDataSet\DataSetLOPO
  edge_dim: 128
  edge_encoder: False
  edge_encoder_bn: True
  edge_encoder_name: Bond
  edge_encoder_num_types: 0
  edge_message_ratio: 0.8
  edge_negative_sampling_ratio: 1.0
  edge_train_mode: all
  encoder: True
  encoder_bn: True
  encoder_dim: 128
  encoder_name: db
  format: RFID
  infer_link_label: None
  label_column: none
  label_table: none
  location: local
  name: rfid
  node_encoder: False
  node_encoder_bn: True
  node_encoder_name: Atom
  node_encoder_num_types: 0
  remove_feature: False
  resample_disjoint: False
  resample_negative: False
  shuffle_split: True
  slic_compactness: 10
  split: [0.8, 0.1, 0.1]
  split_dir: ./splits
  split_index: 0
  split_mode: lopo-subject
  task: graph
  task_type: classification
  test_subj: LR 3m
  to_undirected: False
  transductive: False
  transform: none
  tu_simple: True
  val_subj: MA 3m
devices: 1
example_arg: example
example_group:
  example_arg: example
gnn:
  act: relu
  agg: add
  att_final_linear: False
  att_final_linear_bn: False
  att_heads: 1
  batchnorm: True
  clear_feature: True
  dim_inner: 128
  dropout: 0.2
  ffn: True
  head: mlp_graph
  keep_edge: 0.5
  l2norm: True
  layer_type: gcn
  layers_mp: 3
  layers_post_mp: 2
  layers_pre_mp: 1
  msg_direction: single
  normalize_adj: False
  residual: False
  self_msg: concat
  skip_every: 1
  stage_type: stack
gpu_mem: False
mem:
  inplace: False
metric_agg: argmax
metric_best: accuracy
model:
  edge_decoding: dot
  graph_pooling: mean
  loss_fun: cross_entropy
  match_upper: True
  size_average: mean
  thresh: 0.5
  type: custom_gnn
name_tag: 
num_threads: 6
num_workers: 0
optim:
  base_lr: 0.001
  batch_accumulation: 1
  clip_grad_norm: False
  clip_grad_norm_value: 1.0
  lr_decay: 0.1
  max_epoch: 250
  min_lr: 0.0
  momentum: 0.9
  num_warmup_epochs: 50
  optimizer: adam
  reduce_factor: 0.1
  schedule_patience: 10
  scheduler: cos
  steps: [30, 60, 90]
  weight_decay: 0.0005
out_dir: results_lopo_none/LR_3m
posenc_RWSE:
  dim_pe: 16
  enable: False
  kernel:
    times: []
    times_func: 
  layers: 3
  model: none
  n_heads: 4
  pass_as_var: False
  post_layers: 0
  raw_norm_type: none
pretrained:
  dir: 
  freeze_main: False
  reset_prediction_head: True
print: both
round: 5
run_dir: results_lopo_none/LR_3m
run_id: 0
run_multiple_splits: []
seed: 0
share:
  dim_in: 60
  dim_out: 21
  num_splits: 3
tensorboard_agg: True
tensorboard_each_run: False
train:
  auto_resume: False
  batch_size: 32
  ckpt_best: False
  ckpt_clean: True
  ckpt_period: 100
  enable_ckpt: True
  epoch_resume: -1
  eval_period: 1
  eval_smoothing_metrics: False
  iter_per_epoch: 32
  mode: custom
  neighbor_sizes: [20, 15, 10, 5]
  node_per_graph: 32
  radius: extend
  sample_node: False
  sampler: full_batch
  skip_train_eval: False
  walk_length: 4
val:
  node_per_graph: 32
  radius: extend
  sample_node: False
  sampler: full_batch
view_emb: False
wandb:
  entity: gnn
  name: 
  project: rfid_lopo
  use: False
Num parameters: 276757
Start from epoch 0
train: {'epoch': 0, 'time_epoch': 2.6954, 'eta': 671.15472, 'eta_hours': 0.18643, 'loss': 2.63198044, 'lr': 0.001, 'params': 276757, 'time_iter': 0.01514, 'accuracy': 0.18183, 'f1': 0.16, 'auc': 0.75897}
...computing epoch stats took: 0.08s
val: {'epoch': 0, 'time_epoch': 0.0837, 'loss': 2.87520234, 'lr': 0, 'params': 276757, 'time_iter': 0.00761, 'accuracy': 0.13636, 'f1': 0.07558, 'auc': 0.79144}
...computing epoch stats took: 0.05s
test: {'epoch': 0, 'time_epoch': 0.12602, 'loss': 2.93760414, 'lr': 0, 'params': 276757, 'time_iter': 0.009, 'accuracy': 0.11905, 'f1': 0.06752, 'auc': 0.68509}
...computing epoch stats took: 0.02s
[*] Confusion Matrix saved to: results_lopo_none/LR_3m\Conf\confusion_matrix_epoch_0.png
> Epoch 0: took 3.1s (avg 3.1s) | Best so far: epoch 0	train_loss: 2.6320 train_accuracy: 0.1818	val_loss: 2.8752 val_accuracy: 0.1364	test_loss: 2.9376 test_accuracy: 0.1191	F1: 0.0675 Prec: 0.1189 Rec: 0.1190
train: {'epoch': 1, 'time_epoch': 2.04476, 'eta': 587.78046, 'eta_hours': 0.16327, 'loss': 2.16905164, 'lr': 0.00099996, 'params': 276757, 'time_iter': 0.01149, 'accuracy': 0.28466, 'f1': 0.27313, 'auc': 0.85716}
...computing epoch stats took: 0.04s
val: {'epoch': 1, 'time_epoch': 0.08698, 'loss': 4.01474399, 'lr': 0, 'params': 276757, 'time_iter': 0.00791, 'accuracy': 0.11515, 'f1': 0.03208, 'auc': 0.75466}
...computing epoch stats took: 0.02s
test: {'epoch': 1, 'time_epoch': 0.07031, 'loss': 3.76744873, 'lr': 0, 'params': 276757, 'time_iter': 0.00502, 'accuracy': 0.06667, 'f1': 0.02411, 'auc': 0.63848}
...computing epoch stats took: 0.02s
> Epoch 1: took 2.3s (avg 2.7s) | Best so far: epoch 0	train_loss: 2.6320 train_accuracy: 0.1818	val_loss: 2.8752 val_accuracy: 0.1364	test_loss: 2.9376 test_accuracy: 0.1191	F1: 0.0675 Prec: 0.1189 Rec: 0.1190
train: {'epoch': 2, 'time_epoch': 1.86651, 'eta': 543.94931, 'eta_hours': 0.1511, 'loss': 1.95320457, 'lr': 0.00099984, 'params': 276757, 'time_iter': 0.01049, 'accuracy': 0.35062, 'f1': 0.34132, 'auc': 0.88819}
...computing epoch stats took: 0.03s
val: {'epoch': 2, 'time_epoch': 0.09144, 'loss': 4.38261912, 'lr': 0, 'params': 276757, 'time_iter': 0.00831, 'accuracy': 0.06364, 'f1': 0.0177, 'auc': 0.73661}
...computing epoch stats took: 0.02s
test: {'epoch': 2, 'time_epoch': 0.08225, 'loss': 4.25953632, 'lr': 0, 'params': 276757, 'time_iter': 0.00588, 'accuracy': 0.11429, 'f1': 0.04593, 'auc': 0.61937}
...computing epoch stats took: 0.02s
> Epoch 2: took 2.1s (avg 2.5s) | Best so far: epoch 0	train_loss: 2.6320 train_accuracy: 0.1818	val_loss: 2.8752 val_accuracy: 0.1364	test_loss: 2.9376 test_accuracy: 0.1191	F1: 0.0675 Prec: 0.1189 Rec: 0.1190
train: {'epoch': 3, 'time_epoch': 1.76091, 'eta': 514.60614, 'eta_hours': 0.14295, 'loss': 1.81555997, 'lr': 0.00099964, 'params': 276757, 'time_iter': 0.00989, 'accuracy': 0.38995, 'f1': 0.3844, 'auc': 0.90611}
val: {'epoch': 3, 'time_epoch': 0.06118, 'loss': 5.32461237, 'lr': 0, 'params': 276757, 'time_iter': 0.00556, 'accuracy': 0.08788, 'f1': 0.03416, 'auc': 0.73149}
test: {'epoch': 3, 'time_epoch': 0.07496, 'loss': 4.92560805, 'lr': 0, 'params': 276757, 'time_iter': 0.00535, 'accuracy': 0.1, 'f1': 0.06328, 'auc': 0.68352}
> Epoch 3: took 2.0s (avg 2.4s) | Best so far: epoch 0	train_loss: 2.6320 train_accuracy: 0.1818	val_loss: 2.8752 val_accuracy: 0.1364	test_loss: 2.9376 test_accuracy: 0.1191	F1: 0.0675 Prec: 0.1189 Rec: 0.1190
train: {'epoch': 4, 'time_epoch': 1.84802, 'eta': 500.56414, 'eta_hours': 0.13905, 'loss': 1.78459933, 'lr': 0.00099937, 'params': 276757, 'time_iter': 0.01038, 'accuracy': 0.40141, 'f1': 0.39594, 'auc': 0.9092}
val: {'epoch': 4, 'time_epoch': 0.05195, 'loss': 2.5155878, 'lr': 0, 'params': 276757, 'time_iter': 0.00472, 'accuracy': 0.21212, 'f1': 0.13908, 'auc': 0.86844}
test: {'epoch': 4, 'time_epoch': 0.06704, 'loss': 2.7639061, 'lr': 0, 'params': 276757, 'time_iter': 0.00479, 'accuracy': 0.20238, 'f1': 0.1881, 'auc': 0.76998}
[*] Confusion Matrix saved to: results_lopo_none/LR_3m\Conf\confusion_matrix_epoch_4.png
> Epoch 4: took 2.0s (avg 2.3s) | Best so far: epoch 4	train_loss: 1.7846 train_accuracy: 0.4014	val_loss: 2.5156 val_accuracy: 0.2121	test_loss: 2.7639 test_accuracy: 0.2024	F1: 0.1881 Prec: 0.2820 Rec: 0.2024
train: {'epoch': 5, 'time_epoch': 1.58338, 'eta': 479.82484, 'eta_hours': 0.13328, 'loss': 1.65676912, 'lr': 0.00099901, 'params': 276757, 'time_iter': 0.0089, 'accuracy': 0.43986, 'f1': 0.43443, 'auc': 0.92317}
val: {'epoch': 5, 'time_epoch': 0.05697, 'loss': 10.50322515, 'lr': 0, 'params': 276757, 'time_iter': 0.00518, 'accuracy': 0.04545, 'f1': 0.00414, 'auc': 0.68445}
test: {'epoch': 5, 'time_epoch': 0.06829, 'loss': 9.3039944, 'lr': 0, 'params': 276757, 'time_iter': 0.00488, 'accuracy': 0.04762, 'f1': 0.00433, 'auc': 0.63607}
> Epoch 5: took 1.8s (avg 2.2s) | Best so far: epoch 4	train_loss: 1.7846 train_accuracy: 0.4014	val_loss: 2.5156 val_accuracy: 0.2121	test_loss: 2.7639 test_accuracy: 0.2024	F1: 0.1881 Prec: 0.2820 Rec: 0.2024
train: {'epoch': 6, 'time_epoch': 1.7556, 'eta': 470.53723, 'eta_hours': 0.1307, 'loss': 1.63236603, 'lr': 0.00099858, 'params': 276757, 'time_iter': 0.00986, 'accuracy': 0.45009, 'f1': 0.44658, 'auc': 0.92595}
val: {'epoch': 6, 'time_epoch': 0.05477, 'loss': 7.63307938, 'lr': 0, 'params': 276757, 'time_iter': 0.00498, 'accuracy': 0.12121, 'f1': 0.044, 'auc': 0.75987}
test: {'epoch': 6, 'time_epoch': 0.06824, 'loss': 6.52136384, 'lr': 0, 'params': 276757, 'time_iter': 0.00487, 'accuracy': 0.10476, 'f1': 0.03006, 'auc': 0.69005}
> Epoch 6: took 2.0s (avg 2.2s) | Best so far: epoch 4	train_loss: 1.7846 train_accuracy: 0.4014	val_loss: 2.5156 val_accuracy: 0.2121	test_loss: 2.7639 test_accuracy: 0.2024	F1: 0.1881 Prec: 0.2820 Rec: 0.2024
train: {'epoch': 7, 'time_epoch': 1.87885, 'eta': 466.86103, 'eta_hours': 0.12968, 'loss': 1.59849559, 'lr': 0.00099807, 'params': 276757, 'time_iter': 0.01056, 'accuracy': 0.45908, 'f1': 0.45699, 'auc': 0.92901}
val: {'epoch': 7, 'time_epoch': 0.04934, 'loss': 7.81422409, 'lr': 0, 'params': 276757, 'time_iter': 0.00449, 'accuracy': 0.08182, 'f1': 0.03465, 'auc': 0.75524}
test: {'epoch': 7, 'time_epoch': 0.06709, 'loss': 7.0993628, 'lr': 0, 'params': 276757, 'time_iter': 0.00479, 'accuracy': 0.12143, 'f1': 0.06513, 'auc': 0.68368}
> Epoch 7: took 2.1s (avg 2.2s) | Best so far: epoch 4	train_loss: 1.7846 train_accuracy: 0.4014	val_loss: 2.5156 val_accuracy: 0.2121	test_loss: 2.7639 test_accuracy: 0.2024	F1: 0.1881 Prec: 0.2820 Rec: 0.2024
train: {'epoch': 8, 'time_epoch': 1.62069, 'eta': 456.67124, 'eta_hours': 0.12685, 'loss': 1.50978992, 'lr': 0.00099748, 'params': 276757, 'time_iter': 0.00911, 'accuracy': 0.48836, 'f1': 0.48515, 'auc': 0.93792}
val: {'epoch': 8, 'time_epoch': 0.08619, 'loss': 10.9383544, 'lr': 0, 'params': 276757, 'time_iter': 0.00784, 'accuracy': 0.07879, 'f1': 0.03131, 'auc': 0.65528}
test: {'epoch': 8, 'time_epoch': 0.06749, 'loss': 9.83611072, 'lr': 0, 'params': 276757, 'time_iter': 0.00482, 'accuracy': 0.06667, 'f1': 0.02505, 'auc': 0.63572}
> Epoch 8: took 1.9s (avg 2.1s) | Best so far: epoch 4	train_loss: 1.7846 train_accuracy: 0.4014	val_loss: 2.5156 val_accuracy: 0.2121	test_loss: 2.7639 test_accuracy: 0.2024	F1: 0.1881 Prec: 0.2820 Rec: 0.2024
train: {'epoch': 9, 'time_epoch': 1.79752, 'eta': 452.43926, 'eta_hours': 0.12568, 'loss': 1.51194191, 'lr': 0.00099681, 'params': 276757, 'time_iter': 0.0101, 'accuracy': 0.48236, 'f1': 0.4798, 'auc': 0.93741}
val: {'epoch': 9, 'time_epoch': 0.05251, 'loss': 12.2744784, 'lr': 0, 'params': 276757, 'time_iter': 0.00477, 'accuracy': 0.04848, 'f1': 0.00633, 'auc': 0.65663}
test: {'epoch': 9, 'time_epoch': 0.06584, 'loss': 11.404061, 'lr': 0, 'params': 276757, 'time_iter': 0.0047, 'accuracy': 0.04762, 'f1': 0.00438, 'auc': 0.6402}
> Epoch 9: took 2.0s (avg 2.1s) | Best so far: epoch 4	train_loss: 1.7846 train_accuracy: 0.4014	val_loss: 2.5156 val_accuracy: 0.2121	test_loss: 2.7639 test_accuracy: 0.2024	F1: 0.1881 Prec: 0.2820 Rec: 0.2024
train: {'epoch': 10, 'time_epoch': 1.70418, 'eta': 446.62179, 'eta_hours': 0.12406, 'loss': 1.48292739, 'lr': 0.00099606, 'params': 276757, 'time_iter': 0.00957, 'accuracy': 0.49048, 'f1': 0.48792, 'auc': 0.94005}
val: {'epoch': 10, 'time_epoch': 0.05041, 'loss': 10.19661818, 'lr': 0, 'params': 276757, 'time_iter': 0.00458, 'accuracy': 0.06364, 'f1': 0.01368, 'auc': 0.69288}
test: {'epoch': 10, 'time_epoch': 0.06873, 'loss': 9.0168085, 'lr': 0, 'params': 276757, 'time_iter': 0.00491, 'accuracy': 0.05, 'f1': 0.00688, 'auc': 0.65751}
> Epoch 10: took 1.9s (avg 2.1s) | Best so far: epoch 4	train_loss: 1.7846 train_accuracy: 0.4014	val_loss: 2.5156 val_accuracy: 0.2121	test_loss: 2.7639 test_accuracy: 0.2024	F1: 0.1881 Prec: 0.2820 Rec: 0.2024
train: {'epoch': 11, 'time_epoch': 1.75461, 'eta': 442.49006, 'eta_hours': 0.12291, 'loss': 1.43330043, 'lr': 0.00099523, 'params': 276757, 'time_iter': 0.00986, 'accuracy': 0.50899, 'f1': 0.50632, 'auc': 0.94409}
val: {'epoch': 11, 'time_epoch': 0.05372, 'loss': 7.42078818, 'lr': 0, 'params': 276757, 'time_iter': 0.00488, 'accuracy': 0.09091, 'f1': 0.01813, 'auc': 0.71132}
test: {'epoch': 11, 'time_epoch': 0.10437, 'loss': 6.38551765, 'lr': 0, 'params': 276757, 'time_iter': 0.00746, 'accuracy': 0.09524, 'f1': 0.02641, 'auc': 0.72055}
> Epoch 11: took 2.0s (avg 2.1s) | Best so far: epoch 4	train_loss: 1.7846 train_accuracy: 0.4014	val_loss: 2.5156 val_accuracy: 0.2121	test_loss: 2.7639 test_accuracy: 0.2024	F1: 0.1881 Prec: 0.2820 Rec: 0.2024
train: {'epoch': 12, 'time_epoch': 1.90506, 'eta': 441.46687, 'eta_hours': 0.12263, 'loss': 1.4057506, 'lr': 0.00099433, 'params': 276757, 'time_iter': 0.0107, 'accuracy': 0.51517, 'f1': 0.51263, 'auc': 0.9465}
val: {'epoch': 12, 'time_epoch': 0.07623, 'loss': 9.98836786, 'lr': 0, 'params': 276757, 'time_iter': 0.00693, 'accuracy': 0.09091, 'f1': 0.01817, 'auc': 0.72949}
test: {'epoch': 12, 'time_epoch': 0.07989, 'loss': 9.21588364, 'lr': 0, 'params': 276757, 'time_iter': 0.00571, 'accuracy': 0.04762, 'f1': 0.00519, 'auc': 0.63249}
> Epoch 12: took 2.1s (avg 2.1s) | Best so far: epoch 4	train_loss: 1.7846 train_accuracy: 0.4014	val_loss: 2.5156 val_accuracy: 0.2121	test_loss: 2.7639 test_accuracy: 0.2024	F1: 0.1881 Prec: 0.2820 Rec: 0.2024
train: {'epoch': 13, 'time_epoch': 1.70776, 'eta': 436.99173, 'eta_hours': 0.12139, 'loss': 1.36892707, 'lr': 0.00099334, 'params': 276757, 'time_iter': 0.00959, 'accuracy': 0.5254, 'f1': 0.52333, 'auc': 0.94945}
val: {'epoch': 13, 'time_epoch': 0.05958, 'loss': 6.19289062, 'lr': 0, 'params': 276757, 'time_iter': 0.00542, 'accuracy': 0.08182, 'f1': 0.02807, 'auc': 0.74219}
test: {'epoch': 13, 'time_epoch': 0.0709, 'loss': 5.33925156, 'lr': 0, 'params': 276757, 'time_iter': 0.00506, 'accuracy': 0.12143, 'f1': 0.05928, 'auc': 0.7062}
> Epoch 13: took 1.9s (avg 2.1s) | Best so far: epoch 4	train_loss: 1.7846 train_accuracy: 0.4014	val_loss: 2.5156 val_accuracy: 0.2121	test_loss: 2.7639 test_accuracy: 0.2024	F1: 0.1881 Prec: 0.2820 Rec: 0.2024
train: {'epoch': 14, 'time_epoch': 1.84995, 'eta': 435.11333, 'eta_hours': 0.12086, 'loss': 1.33434489, 'lr': 0.00099228, 'params': 276757, 'time_iter': 0.01039, 'accuracy': 0.55626, 'f1': 0.55488, 'auc': 0.95144}
val: {'epoch': 14, 'time_epoch': 0.05975, 'loss': 9.53875795, 'lr': 0, 'params': 276757, 'time_iter': 0.00543, 'accuracy': 0.07879, 'f1': 0.04475, 'auc': 0.68928}
test: {'epoch': 14, 'time_epoch': 0.09747, 'loss': 8.302226, 'lr': 0, 'params': 276757, 'time_iter': 0.00696, 'accuracy': 0.08095, 'f1': 0.04487, 'auc': 0.6901}
> Epoch 14: took 2.1s (avg 2.1s) | Best so far: epoch 4	train_loss: 1.7846 train_accuracy: 0.4014	val_loss: 2.5156 val_accuracy: 0.2121	test_loss: 2.7639 test_accuracy: 0.2024	F1: 0.1881 Prec: 0.2820 Rec: 0.2024
train: {'epoch': 15, 'time_epoch': 1.75536, 'eta': 431.85513, 'eta_hours': 0.11996, 'loss': 1.27560286, 'lr': 0.00099114, 'params': 276757, 'time_iter': 0.00986, 'accuracy': 0.56138, 'f1': 0.55971, 'auc': 0.95645}
val: {'epoch': 15, 'time_epoch': 0.05065, 'loss': 9.92049724, 'lr': 0, 'params': 276757, 'time_iter': 0.0046, 'accuracy': 0.06061, 'f1': 0.02594, 'auc': 0.7203}
test: {'epoch': 15, 'time_epoch': 0.07411, 'loss': 8.84742379, 'lr': 0, 'params': 276757, 'time_iter': 0.00529, 'accuracy': 0.05714, 'f1': 0.01454, 'auc': 0.68385}
> Epoch 15: took 2.0s (avg 2.1s) | Best so far: epoch 4	train_loss: 1.7846 train_accuracy: 0.4014	val_loss: 2.5156 val_accuracy: 0.2121	test_loss: 2.7639 test_accuracy: 0.2024	F1: 0.1881 Prec: 0.2820 Rec: 0.2024
train: {'epoch': 16, 'time_epoch': 1.96433, 'eta': 431.63777, 'eta_hours': 0.1199, 'loss': 1.28218681, 'lr': 0.00098993, 'params': 276757, 'time_iter': 0.01104, 'accuracy': 0.56596, 'f1': 0.56478, 'auc': 0.95532}
val: {'epoch': 16, 'time_epoch': 0.06029, 'loss': 7.59201476, 'lr': 0, 'params': 276757, 'time_iter': 0.00548, 'accuracy': 0.09091, 'f1': 0.02287, 'auc': 0.74637}
test: {'epoch': 16, 'time_epoch': 0.07409, 'loss': 6.71773719, 'lr': 0, 'params': 276757, 'time_iter': 0.00529, 'accuracy': 0.09762, 'f1': 0.02725, 'auc': 0.72002}
> Epoch 16: took 2.2s (avg 2.1s) | Best so far: epoch 4	train_loss: 1.7846 train_accuracy: 0.4014	val_loss: 2.5156 val_accuracy: 0.2121	test_loss: 2.7639 test_accuracy: 0.2024	F1: 0.1881 Prec: 0.2820 Rec: 0.2024
train: {'epoch': 17, 'time_epoch': 2.04529, 'eta': 432.26979, 'eta_hours': 0.12007, 'loss': 1.23971349, 'lr': 0.00098863, 'params': 276757, 'time_iter': 0.01149, 'accuracy': 0.57672, 'f1': 0.57555, 'auc': 0.95872}
val: {'epoch': 17, 'time_epoch': 0.10012, 'loss': 11.88254149, 'lr': 0, 'params': 276757, 'time_iter': 0.0091, 'accuracy': 0.09091, 'f1': 0.02088, 'auc': 0.71731}
test: {'epoch': 17, 'time_epoch': 0.09474, 'loss': 10.12383891, 'lr': 0, 'params': 276757, 'time_iter': 0.00677, 'accuracy': 0.09524, 'f1': 0.02354, 'auc': 0.70186}
> Epoch 17: took 2.3s (avg 2.1s) | Best so far: epoch 4	train_loss: 1.7846 train_accuracy: 0.4014	val_loss: 2.5156 val_accuracy: 0.2121	test_loss: 2.7639 test_accuracy: 0.2024	F1: 0.1881 Prec: 0.2820 Rec: 0.2024
train: {'epoch': 18, 'time_epoch': 1.93286, 'eta': 431.25305, 'eta_hours': 0.11979, 'loss': 1.2343281, 'lr': 0.00098726, 'params': 276757, 'time_iter': 0.01086, 'accuracy': 0.57972, 'f1': 0.57813, 'auc': 0.95907}
val: {'epoch': 18, 'time_epoch': 0.05592, 'loss': 8.415489, 'lr': 0, 'params': 276757, 'time_iter': 0.00508, 'accuracy': 0.10606, 'f1': 0.06722, 'auc': 0.79016}
test: {'epoch': 18, 'time_epoch': 0.06747, 'loss': 7.69123348, 'lr': 0, 'params': 276757, 'time_iter': 0.00482, 'accuracy': 0.09286, 'f1': 0.05477, 'auc': 0.71318}
> Epoch 18: took 2.1s (avg 2.1s) | Best so far: epoch 4	train_loss: 1.7846 train_accuracy: 0.4014	val_loss: 2.5156 val_accuracy: 0.2121	test_loss: 2.7639 test_accuracy: 0.2024	F1: 0.1881 Prec: 0.2820 Rec: 0.2024
train: {'epoch': 19, 'time_epoch': 2.22381, 'eta': 433.49065, 'eta_hours': 0.12041, 'loss': 1.19416313, 'lr': 0.00098582, 'params': 276757, 'time_iter': 0.01249, 'accuracy': 0.59471, 'f1': 0.59336, 'auc': 0.96178}
val: {'epoch': 19, 'time_epoch': 0.06651, 'loss': 7.15364706, 'lr': 0, 'params': 276757, 'time_iter': 0.00605, 'accuracy': 0.13333, 'f1': 0.08898, 'auc': 0.79233}
test: {'epoch': 19, 'time_epoch': 0.07596, 'loss': 6.21627693, 'lr': 0, 'params': 276757, 'time_iter': 0.00543, 'accuracy': 0.09286, 'f1': 0.04782, 'auc': 0.70359}
> Epoch 19: took 2.4s (avg 2.1s) | Best so far: epoch 4	train_loss: 1.7846 train_accuracy: 0.4014	val_loss: 2.5156 val_accuracy: 0.2121	test_loss: 2.7639 test_accuracy: 0.2024	F1: 0.1881 Prec: 0.2820 Rec: 0.2024
train: {'epoch': 20, 'time_epoch': 1.77522, 'eta': 430.41159, 'eta_hours': 0.11956, 'loss': 1.18158966, 'lr': 0.00098429, 'params': 276757, 'time_iter': 0.00997, 'accuracy': 0.59312, 'f1': 0.59166, 'auc': 0.96289}
val: {'epoch': 20, 'time_epoch': 0.05347, 'loss': 4.94481957, 'lr': 0, 'params': 276757, 'time_iter': 0.00486, 'accuracy': 0.10909, 'f1': 0.05182, 'auc': 0.80224}
test: {'epoch': 20, 'time_epoch': 0.06709, 'loss': 4.04721781, 'lr': 0, 'params': 276757, 'time_iter': 0.00479, 'accuracy': 0.23333, 'f1': 0.16263, 'auc': 0.78847}
> Epoch 20: took 2.0s (avg 2.1s) | Best so far: epoch 4	train_loss: 1.7846 train_accuracy: 0.4014	val_loss: 2.5156 val_accuracy: 0.2121	test_loss: 2.7639 test_accuracy: 0.2024	F1: 0.1881 Prec: 0.2820 Rec: 0.2024
train: {'epoch': 21, 'time_epoch': 1.6819, 'eta': 426.48395, 'eta_hours': 0.11847, 'loss': 1.17872082, 'lr': 0.00098269, 'params': 276757, 'time_iter': 0.00945, 'accuracy': 0.59947, 'f1': 0.59855, 'auc': 0.96282}
val: {'epoch': 21, 'time_epoch': 0.05005, 'loss': 6.39913817, 'lr': 0, 'params': 276757, 'time_iter': 0.00455, 'accuracy': 0.09091, 'f1': 0.02494, 'auc': 0.76709}
test: {'epoch': 21, 'time_epoch': 0.06378, 'loss': 5.43514729, 'lr': 0, 'params': 276757, 'time_iter': 0.00456, 'accuracy': 0.13095, 'f1': 0.0578, 'auc': 0.72982}
> Epoch 21: took 1.9s (avg 2.1s) | Best so far: epoch 4	train_loss: 1.7846 train_accuracy: 0.4014	val_loss: 2.5156 val_accuracy: 0.2121	test_loss: 2.7639 test_accuracy: 0.2024	F1: 0.1881 Prec: 0.2820 Rec: 0.2024
train: {'epoch': 22, 'time_epoch': 1.8396, 'eta': 424.30805, 'eta_hours': 0.11786, 'loss': 1.14341687, 'lr': 0.00098101, 'params': 276757, 'time_iter': 0.01033, 'accuracy': 0.61182, 'f1': 0.61, 'auc': 0.96506}
val: {'epoch': 22, 'time_epoch': 0.06091, 'loss': 9.94001266, 'lr': 0, 'params': 276757, 'time_iter': 0.00554, 'accuracy': 0.11515, 'f1': 0.03342, 'auc': 0.79667}
test: {'epoch': 22, 'time_epoch': 0.10693, 'loss': 8.17498664, 'lr': 0, 'params': 276757, 'time_iter': 0.00764, 'accuracy': 0.16429, 'f1': 0.06591, 'auc': 0.73143}
> Epoch 22: took 2.1s (avg 2.1s) | Best so far: epoch 4	train_loss: 1.7846 train_accuracy: 0.4014	val_loss: 2.5156 val_accuracy: 0.2121	test_loss: 2.7639 test_accuracy: 0.2024	F1: 0.1881 Prec: 0.2820 Rec: 0.2024
train: {'epoch': 23, 'time_epoch': 1.57265, 'eta': 419.64637, 'eta_hours': 0.11657, 'loss': 1.12782522, 'lr': 0.00097926, 'params': 276757, 'time_iter': 0.00884, 'accuracy': 0.61887, 'f1': 0.61795, 'auc': 0.96581}
val: {'epoch': 23, 'time_epoch': 0.05307, 'loss': 7.34535694, 'lr': 0, 'params': 276757, 'time_iter': 0.00482, 'accuracy': 0.11212, 'f1': 0.05738, 'auc': 0.75655}
test: {'epoch': 23, 'time_epoch': 0.06671, 'loss': 6.72550597, 'lr': 0, 'params': 276757, 'time_iter': 0.00477, 'accuracy': 0.12857, 'f1': 0.08034, 'auc': 0.73795}
> Epoch 23: took 1.8s (avg 2.1s) | Best so far: epoch 4	train_loss: 1.7846 train_accuracy: 0.4014	val_loss: 2.5156 val_accuracy: 0.2121	test_loss: 2.7639 test_accuracy: 0.2024	F1: 0.1881 Prec: 0.2820 Rec: 0.2024
train: {'epoch': 24, 'time_epoch': 1.83983, 'eta': 417.63641, 'eta_hours': 0.11601, 'loss': 1.12473756, 'lr': 0.00097743, 'params': 276757, 'time_iter': 0.01034, 'accuracy': 0.6224, 'f1': 0.62145, 'auc': 0.96583}
val: {'epoch': 24, 'time_epoch': 0.05545, 'loss': 9.72830896, 'lr': 0, 'params': 276757, 'time_iter': 0.00504, 'accuracy': 0.09091, 'f1': 0.02528, 'auc': 0.74853}
test: {'epoch': 24, 'time_epoch': 0.09509, 'loss': 8.67801366, 'lr': 0, 'params': 276757, 'time_iter': 0.00679, 'accuracy': 0.06905, 'f1': 0.02216, 'auc': 0.70126}
> Epoch 24: took 2.1s (avg 2.1s) | Best so far: epoch 4	train_loss: 1.7846 train_accuracy: 0.4014	val_loss: 2.5156 val_accuracy: 0.2121	test_loss: 2.7639 test_accuracy: 0.2024	F1: 0.1881 Prec: 0.2820 Rec: 0.2024
train: {'epoch': 25, 'time_epoch': 1.84817, 'eta': 415.71139, 'eta_hours': 0.11548, 'loss': 1.08929072, 'lr': 0.00097553, 'params': 276757, 'time_iter': 0.01038, 'accuracy': 0.62981, 'f1': 0.62915, 'auc': 0.96808}
val: {'epoch': 25, 'time_epoch': 0.05609, 'loss': 8.58593289, 'lr': 0, 'params': 276757, 'time_iter': 0.0051, 'accuracy': 0.09394, 'f1': 0.04075, 'auc': 0.7313}
test: {'epoch': 25, 'time_epoch': 0.07306, 'loss': 7.84877282, 'lr': 0, 'params': 276757, 'time_iter': 0.00522, 'accuracy': 0.11905, 'f1': 0.06874, 'auc': 0.70974}
> Epoch 25: took 2.1s (avg 2.1s) | Best so far: epoch 4	train_loss: 1.7846 train_accuracy: 0.4014	val_loss: 2.5156 val_accuracy: 0.2121	test_loss: 2.7639 test_accuracy: 0.2024	F1: 0.1881 Prec: 0.2820 Rec: 0.2024
train: {'epoch': 26, 'time_epoch': 1.7102, 'eta': 412.6525, 'eta_hours': 0.11463, 'loss': 1.07219467, 'lr': 0.00097355, 'params': 276757, 'time_iter': 0.00961, 'accuracy': 0.6328, 'f1': 0.63144, 'auc': 0.96937}
val: {'epoch': 26, 'time_epoch': 0.06371, 'loss': 11.11137475, 'lr': 0, 'params': 276757, 'time_iter': 0.00579, 'accuracy': 0.11212, 'f1': 0.03811, 'auc': 0.72885}
test: {'epoch': 26, 'time_epoch': 0.07563, 'loss': 9.49279521, 'lr': 0, 'params': 276757, 'time_iter': 0.0054, 'accuracy': 0.10476, 'f1': 0.0377, 'auc': 0.7024}
> Epoch 26: took 1.9s (avg 2.1s) | Best so far: epoch 4	train_loss: 1.7846 train_accuracy: 0.4014	val_loss: 2.5156 val_accuracy: 0.2121	test_loss: 2.7639 test_accuracy: 0.2024	F1: 0.1881 Prec: 0.2820 Rec: 0.2024
train: {'epoch': 27, 'time_epoch': 1.88379, 'eta': 411.0663, 'eta_hours': 0.11419, 'loss': 1.03536715, 'lr': 0.0009715, 'params': 276757, 'time_iter': 0.01058, 'accuracy': 0.64974, 'f1': 0.64947, 'auc': 0.97148}
val: {'epoch': 27, 'time_epoch': 0.05246, 'loss': 10.9210945, 'lr': 0, 'params': 276757, 'time_iter': 0.00477, 'accuracy': 0.09091, 'f1': 0.02005, 'auc': 0.75917}
test: {'epoch': 27, 'time_epoch': 0.06521, 'loss': 8.53071903, 'lr': 0, 'params': 276757, 'time_iter': 0.00466, 'accuracy': 0.0881, 'f1': 0.02475, 'auc': 0.72463}
> Epoch 27: took 2.1s (avg 2.1s) | Best so far: epoch 4	train_loss: 1.7846 train_accuracy: 0.4014	val_loss: 2.5156 val_accuracy: 0.2121	test_loss: 2.7639 test_accuracy: 0.2024	F1: 0.1881 Prec: 0.2820 Rec: 0.2024
train: {'epoch': 28, 'time_epoch': 1.68371, 'eta': 407.93481, 'eta_hours': 0.11332, 'loss': 1.07435689, 'lr': 0.00096937, 'params': 276757, 'time_iter': 0.00946, 'accuracy': 0.6284, 'f1': 0.62731, 'auc': 0.96924}
val: {'epoch': 28, 'time_epoch': 0.04974, 'loss': 11.10042059, 'lr': 0, 'params': 276757, 'time_iter': 0.00452, 'accuracy': 0.07273, 'f1': 0.01927, 'auc': 0.73176}
test: {'epoch': 28, 'time_epoch': 0.06734, 'loss': 9.20139468, 'lr': 0, 'params': 276757, 'time_iter': 0.00481, 'accuracy': 0.07857, 'f1': 0.01977, 'auc': 0.68871}
> Epoch 28: took 1.9s (avg 2.1s) | Best so far: epoch 4	train_loss: 1.7846 train_accuracy: 0.4014	val_loss: 2.5156 val_accuracy: 0.2121	test_loss: 2.7639 test_accuracy: 0.2024	F1: 0.1881 Prec: 0.2820 Rec: 0.2024
train: {'epoch': 29, 'time_epoch': 1.80632, 'eta': 405.79897, 'eta_hours': 0.11272, 'loss': 1.01159045, 'lr': 0.00096716, 'params': 276757, 'time_iter': 0.01015, 'accuracy': 0.65344, 'f1': 0.65328, 'auc': 0.97269}
val: {'epoch': 29, 'time_epoch': 0.06848, 'loss': 6.35520196, 'lr': 0, 'params': 276757, 'time_iter': 0.00623, 'accuracy': 0.06667, 'f1': 0.01871, 'auc': 0.73223}
test: {'epoch': 29, 'time_epoch': 0.07056, 'loss': 5.51379451, 'lr': 0, 'params': 276757, 'time_iter': 0.00504, 'accuracy': 0.11905, 'f1': 0.08186, 'auc': 0.74204}
> Epoch 29: took 2.0s (avg 2.1s) | Best so far: epoch 4	train_loss: 1.7846 train_accuracy: 0.4014	val_loss: 2.5156 val_accuracy: 0.2121	test_loss: 2.7639 test_accuracy: 0.2024	F1: 0.1881 Prec: 0.2820 Rec: 0.2024
train: {'epoch': 30, 'time_epoch': 1.68536, 'eta': 402.82987, 'eta_hours': 0.1119, 'loss': 1.0399786, 'lr': 0.00096489, 'params': 276757, 'time_iter': 0.00947, 'accuracy': 0.64885, 'f1': 0.6484, 'auc': 0.97123}
val: {'epoch': 30, 'time_epoch': 0.08005, 'loss': 10.4259091, 'lr': 0, 'params': 276757, 'time_iter': 0.00728, 'accuracy': 0.09394, 'f1': 0.02335, 'auc': 0.74261}
test: {'epoch': 30, 'time_epoch': 0.08771, 'loss': 9.79222392, 'lr': 0, 'params': 276757, 'time_iter': 0.00627, 'accuracy': 0.10952, 'f1': 0.04432, 'auc': 0.69208}
> Epoch 30: took 1.9s (avg 2.1s) | Best so far: epoch 4	train_loss: 1.7846 train_accuracy: 0.4014	val_loss: 2.5156 val_accuracy: 0.2121	test_loss: 2.7639 test_accuracy: 0.2024	F1: 0.1881 Prec: 0.2820 Rec: 0.2024
train: {'epoch': 31, 'time_epoch': 1.65133, 'eta': 399.70923, 'eta_hours': 0.11103, 'loss': 1.01522093, 'lr': 0.00096254, 'params': 276757, 'time_iter': 0.00928, 'accuracy': 0.65944, 'f1': 0.65917, 'auc': 0.97262}
val: {'epoch': 31, 'time_epoch': 0.05955, 'loss': 11.68164484, 'lr': 0, 'params': 276757, 'time_iter': 0.00541, 'accuracy': 0.07879, 'f1': 0.0346, 'auc': 0.70266}
test: {'epoch': 31, 'time_epoch': 0.06865, 'loss': 10.06158366, 'lr': 0, 'params': 276757, 'time_iter': 0.0049, 'accuracy': 0.0619, 'f1': 0.02511, 'auc': 0.69414}
> Epoch 31: took 1.9s (avg 2.1s) | Best so far: epoch 4	train_loss: 1.7846 train_accuracy: 0.4014	val_loss: 2.5156 val_accuracy: 0.2121	test_loss: 2.7639 test_accuracy: 0.2024	F1: 0.1881 Prec: 0.2820 Rec: 0.2024
train: {'epoch': 32, 'time_epoch': 1.80842, 'eta': 397.71058, 'eta_hours': 0.11048, 'loss': 0.95625739, 'lr': 0.00096012, 'params': 276757, 'time_iter': 0.01016, 'accuracy': 0.67672, 'f1': 0.6764, 'auc': 0.97562}
val: {'epoch': 32, 'time_epoch': 0.05877, 'loss': 4.2495732, 'lr': 0, 'params': 276757, 'time_iter': 0.00534, 'accuracy': 0.19394, 'f1': 0.1296, 'auc': 0.84785}
test: {'epoch': 32, 'time_epoch': 0.06558, 'loss': 3.80295998, 'lr': 0, 'params': 276757, 'time_iter': 0.00468, 'accuracy': 0.27143, 'f1': 0.24571, 'auc': 0.83557}
> Epoch 32: took 2.0s (avg 2.1s) | Best so far: epoch 4	train_loss: 1.7846 train_accuracy: 0.4014	val_loss: 2.5156 val_accuracy: 0.2121	test_loss: 2.7639 test_accuracy: 0.2024	F1: 0.1881 Prec: 0.2820 Rec: 0.2024
train: {'epoch': 33, 'time_epoch': 1.69922, 'eta': 395.02938, 'eta_hours': 0.10973, 'loss': 0.97881996, 'lr': 0.00095762, 'params': 276757, 'time_iter': 0.00955, 'accuracy': 0.67072, 'f1': 0.67028, 'auc': 0.9742}
val: {'epoch': 33, 'time_epoch': 0.05281, 'loss': 5.16135501, 'lr': 0, 'params': 276757, 'time_iter': 0.0048, 'accuracy': 0.1303, 'f1': 0.05989, 'auc': 0.82348}
test: {'epoch': 33, 'time_epoch': 0.06189, 'loss': 4.99951578, 'lr': 0, 'params': 276757, 'time_iter': 0.00442, 'accuracy': 0.21905, 'f1': 0.1294, 'auc': 0.77584}
> Epoch 33: took 1.9s (avg 2.1s) | Best so far: epoch 4	train_loss: 1.7846 train_accuracy: 0.4014	val_loss: 2.5156 val_accuracy: 0.2121	test_loss: 2.7639 test_accuracy: 0.2024	F1: 0.1881 Prec: 0.2820 Rec: 0.2024
train: {'epoch': 34, 'time_epoch': 1.60343, 'eta': 391.81587, 'eta_hours': 0.10884, 'loss': 0.96629922, 'lr': 0.00095505, 'params': 276757, 'time_iter': 0.00901, 'accuracy': 0.67601, 'f1': 0.67567, 'auc': 0.97488}
val: {'epoch': 34, 'time_epoch': 0.05778, 'loss': 5.20287692, 'lr': 0, 'params': 276757, 'time_iter': 0.00525, 'accuracy': 0.1697, 'f1': 0.13725, 'auc': 0.82572}
test: {'epoch': 34, 'time_epoch': 0.07456, 'loss': 4.69947336, 'lr': 0, 'params': 276757, 'time_iter': 0.00533, 'accuracy': 0.15238, 'f1': 0.11773, 'auc': 0.75114}
> Epoch 34: took 1.8s (avg 2.0s) | Best so far: epoch 4	train_loss: 1.7846 train_accuracy: 0.4014	val_loss: 2.5156 val_accuracy: 0.2121	test_loss: 2.7639 test_accuracy: 0.2024	F1: 0.1881 Prec: 0.2820 Rec: 0.2024
train: {'epoch': 35, 'time_epoch': 2.05999, 'eta': 391.40581, 'eta_hours': 0.10872, 'loss': 0.93951541, 'lr': 0.00095241, 'params': 276757, 'time_iter': 0.01157, 'accuracy': 0.68818, 'f1': 0.68777, 'auc': 0.97642}
val: {'epoch': 35, 'time_epoch': 0.05913, 'loss': 5.97978722, 'lr': 0, 'params': 276757, 'time_iter': 0.00538, 'accuracy': 0.17273, 'f1': 0.12618, 'auc': 0.78967}
test: {'epoch': 35, 'time_epoch': 0.07211, 'loss': 6.53863767, 'lr': 0, 'params': 276757, 'time_iter': 0.00515, 'accuracy': 0.12857, 'f1': 0.05952, 'auc': 0.73813}
> Epoch 35: took 2.3s (avg 2.1s) | Best so far: epoch 4	train_loss: 1.7846 train_accuracy: 0.4014	val_loss: 2.5156 val_accuracy: 0.2121	test_loss: 2.7639 test_accuracy: 0.2024	F1: 0.1881 Prec: 0.2820 Rec: 0.2024
train: {'epoch': 36, 'time_epoch': 1.86613, 'eta': 389.79057, 'eta_hours': 0.10828, 'loss': 0.9399579, 'lr': 0.0009497, 'params': 276757, 'time_iter': 0.01048, 'accuracy': 0.69295, 'f1': 0.69216, 'auc': 0.97594}
val: {'epoch': 36, 'time_epoch': 0.05747, 'loss': 13.56234768, 'lr': 0, 'params': 276757, 'time_iter': 0.00522, 'accuracy': 0.09697, 'f1': 0.03012, 'auc': 0.72316}
test: {'epoch': 36, 'time_epoch': 0.08161, 'loss': 11.48918109, 'lr': 0, 'params': 276757, 'time_iter': 0.00583, 'accuracy': 0.12381, 'f1': 0.05983, 'auc': 0.68776}
> Epoch 36: took 2.1s (avg 2.1s) | Best so far: epoch 4	train_loss: 1.7846 train_accuracy: 0.4014	val_loss: 2.5156 val_accuracy: 0.2121	test_loss: 2.7639 test_accuracy: 0.2024	F1: 0.1881 Prec: 0.2820 Rec: 0.2024
train: {'epoch': 37, 'time_epoch': 1.96429, 'eta': 388.70974, 'eta_hours': 0.10797, 'loss': 0.93066884, 'lr': 0.00094692, 'params': 276757, 'time_iter': 0.01104, 'accuracy': 0.6866, 'f1': 0.6864, 'auc': 0.97672}
val: {'epoch': 37, 'time_epoch': 0.05986, 'loss': 11.03115822, 'lr': 0, 'params': 276757, 'time_iter': 0.00544, 'accuracy': 0.09091, 'f1': 0.02824, 'auc': 0.76907}
test: {'epoch': 37, 'time_epoch': 0.07394, 'loss': 9.26401592, 'lr': 0, 'params': 276757, 'time_iter': 0.00528, 'accuracy': 0.10476, 'f1': 0.04068, 'auc': 0.7128}
> Epoch 37: took 2.2s (avg 2.1s) | Best so far: epoch 4	train_loss: 1.7846 train_accuracy: 0.4014	val_loss: 2.5156 val_accuracy: 0.2121	test_loss: 2.7639 test_accuracy: 0.2024	F1: 0.1881 Prec: 0.2820 Rec: 0.2024
train: {'epoch': 38, 'time_epoch': 1.96996, 'eta': 387.61426, 'eta_hours': 0.10767, 'loss': 0.9276416, 'lr': 0.00094407, 'params': 276757, 'time_iter': 0.01107, 'accuracy': 0.68959, 'f1': 0.68925, 'auc': 0.97687}
val: {'epoch': 38, 'time_epoch': 0.05636, 'loss': 9.3076883, 'lr': 0, 'params': 276757, 'time_iter': 0.00512, 'accuracy': 0.13939, 'f1': 0.04905, 'auc': 0.79588}
test: {'epoch': 38, 'time_epoch': 0.06419, 'loss': 8.50649857, 'lr': 0, 'params': 276757, 'time_iter': 0.00459, 'accuracy': 0.15238, 'f1': 0.07324, 'auc': 0.72812}
> Epoch 38: took 2.2s (avg 2.1s) | Best so far: epoch 4	train_loss: 1.7846 train_accuracy: 0.4014	val_loss: 2.5156 val_accuracy: 0.2121	test_loss: 2.7639 test_accuracy: 0.2024	F1: 0.1881 Prec: 0.2820 Rec: 0.2024
train: {'epoch': 39, 'time_epoch': 1.89116, 'eta': 386.06139, 'eta_hours': 0.10724, 'loss': 0.90944218, 'lr': 0.00094115, 'params': 276757, 'time_iter': 0.01062, 'accuracy': 0.69559, 'f1': 0.69539, 'auc': 0.97762}
val: {'epoch': 39, 'time_epoch': 0.0541, 'loss': 10.91975782, 'lr': 0, 'params': 276757, 'time_iter': 0.00492, 'accuracy': 0.09394, 'f1': 0.03547, 'auc': 0.69815}
test: {'epoch': 39, 'time_epoch': 0.06779, 'loss': 9.04068422, 'lr': 0, 'params': 276757, 'time_iter': 0.00484, 'accuracy': 0.08571, 'f1': 0.03865, 'auc': 0.70935}
> Epoch 39: took 2.1s (avg 2.1s) | Best so far: epoch 4	train_loss: 1.7846 train_accuracy: 0.4014	val_loss: 2.5156 val_accuracy: 0.2121	test_loss: 2.7639 test_accuracy: 0.2024	F1: 0.1881 Prec: 0.2820 Rec: 0.2024
train: {'epoch': 40, 'time_epoch': 1.90772, 'eta': 384.57644, 'eta_hours': 0.10683, 'loss': 0.8787248, 'lr': 0.00093815, 'params': 276757, 'time_iter': 0.01072, 'accuracy': 0.7134, 'f1': 0.71335, 'auc': 0.97928}
val: {'epoch': 40, 'time_epoch': 0.05758, 'loss': 6.38783843, 'lr': 0, 'params': 276757, 'time_iter': 0.00523, 'accuracy': 0.11212, 'f1': 0.0589, 'auc': 0.79324}
test: {'epoch': 40, 'time_epoch': 0.0725, 'loss': 5.38635834, 'lr': 0, 'params': 276757, 'time_iter': 0.00518, 'accuracy': 0.14762, 'f1': 0.09894, 'auc': 0.74776}
> Epoch 40: took 2.1s (avg 2.1s) | Best so far: epoch 4	train_loss: 1.7846 train_accuracy: 0.4014	val_loss: 2.5156 val_accuracy: 0.2121	test_loss: 2.7639 test_accuracy: 0.2024	F1: 0.1881 Prec: 0.2820 Rec: 0.2024
train: {'epoch': 41, 'time_epoch': 1.73484, 'eta': 382.21516, 'eta_hours': 0.10617, 'loss': 0.89384657, 'lr': 0.00093509, 'params': 276757, 'time_iter': 0.00975, 'accuracy': 0.70194, 'f1': 0.70156, 'auc': 0.97842}
val: {'epoch': 41, 'time_epoch': 0.0537, 'loss': 7.99185766, 'lr': 0, 'params': 276757, 'time_iter': 0.00488, 'accuracy': 0.15152, 'f1': 0.06924, 'auc': 0.79545}
test: {'epoch': 41, 'time_epoch': 0.0726, 'loss': 7.0395004, 'lr': 0, 'params': 276757, 'time_iter': 0.00519, 'accuracy': 0.1381, 'f1': 0.09807, 'auc': 0.7196}
> Epoch 41: took 1.9s (avg 2.1s) | Best so far: epoch 4	train_loss: 1.7846 train_accuracy: 0.4014	val_loss: 2.5156 val_accuracy: 0.2121	test_loss: 2.7639 test_accuracy: 0.2024	F1: 0.1881 Prec: 0.2820 Rec: 0.2024
train: {'epoch': 42, 'time_epoch': 1.76687, 'eta': 380.03724, 'eta_hours': 0.10557, 'loss': 0.84813532, 'lr': 0.00093196, 'params': 276757, 'time_iter': 0.00993, 'accuracy': 0.71728, 'f1': 0.71698, 'auc': 0.98091}
val: {'epoch': 42, 'time_epoch': 0.06512, 'loss': 8.55549379, 'lr': 0, 'params': 276757, 'time_iter': 0.00592, 'accuracy': 0.10606, 'f1': 0.04366, 'auc': 0.78082}
test: {'epoch': 42, 'time_epoch': 0.06393, 'loss': 7.18737714, 'lr': 0, 'params': 276757, 'time_iter': 0.00457, 'accuracy': 0.11429, 'f1': 0.04724, 'auc': 0.75823}
> Epoch 42: took 2.0s (avg 2.1s) | Best so far: epoch 4	train_loss: 1.7846 train_accuracy: 0.4014	val_loss: 2.5156 val_accuracy: 0.2121	test_loss: 2.7639 test_accuracy: 0.2024	F1: 0.1881 Prec: 0.2820 Rec: 0.2024
train: {'epoch': 43, 'time_epoch': 1.73766, 'eta': 377.74123, 'eta_hours': 0.10493, 'loss': 0.84987845, 'lr': 0.00092876, 'params': 276757, 'time_iter': 0.00976, 'accuracy': 0.71552, 'f1': 0.71543, 'auc': 0.98082}
val: {'epoch': 43, 'time_epoch': 0.05533, 'loss': 9.63765374, 'lr': 0, 'params': 276757, 'time_iter': 0.00503, 'accuracy': 0.07879, 'f1': 0.05075, 'auc': 0.75237}
test: {'epoch': 43, 'time_epoch': 0.06734, 'loss': 8.28995855, 'lr': 0, 'params': 276757, 'time_iter': 0.00481, 'accuracy': 0.06429, 'f1': 0.01953, 'auc': 0.71799}
> Epoch 43: took 1.9s (avg 2.1s) | Best so far: epoch 4	train_loss: 1.7846 train_accuracy: 0.4014	val_loss: 2.5156 val_accuracy: 0.2121	test_loss: 2.7639 test_accuracy: 0.2024	F1: 0.1881 Prec: 0.2820 Rec: 0.2024
train: {'epoch': 44, 'time_epoch': 1.6986, 'eta': 375.29211, 'eta_hours': 0.10425, 'loss': 0.83315187, 'lr': 0.0009255, 'params': 276757, 'time_iter': 0.00954, 'accuracy': 0.71429, 'f1': 0.71405, 'auc': 0.98154}
val: {'epoch': 44, 'time_epoch': 0.05007, 'loss': 8.25973447, 'lr': 0, 'params': 276757, 'time_iter': 0.00455, 'accuracy': 0.1, 'f1': 0.03586, 'auc': 0.76532}
test: {'epoch': 44, 'time_epoch': 0.07173, 'loss': 6.63773455, 'lr': 0, 'params': 276757, 'time_iter': 0.00512, 'accuracy': 0.13095, 'f1': 0.04581, 'auc': 0.76326}
> Epoch 44: took 1.9s (avg 2.0s) | Best so far: epoch 4	train_loss: 1.7846 train_accuracy: 0.4014	val_loss: 2.5156 val_accuracy: 0.2121	test_loss: 2.7639 test_accuracy: 0.2024	F1: 0.1881 Prec: 0.2820 Rec: 0.2024
train: {'epoch': 45, 'time_epoch': 1.74985, 'eta': 373.1029, 'eta_hours': 0.10364, 'loss': 0.83143168, 'lr': 0.00092216, 'params': 276757, 'time_iter': 0.00983, 'accuracy': 0.72081, 'f1': 0.72069, 'auc': 0.98137}
val: {'epoch': 45, 'time_epoch': 0.08424, 'loss': 4.8671773, 'lr': 0, 'params': 276757, 'time_iter': 0.00766, 'accuracy': 0.1697, 'f1': 0.09308, 'auc': 0.85707}
test: {'epoch': 45, 'time_epoch': 0.07014, 'loss': 4.24055607, 'lr': 0, 'params': 276757, 'time_iter': 0.00501, 'accuracy': 0.25, 'f1': 0.18569, 'auc': 0.83366}
> Epoch 45: took 2.0s (avg 2.0s) | Best so far: epoch 4	train_loss: 1.7846 train_accuracy: 0.4014	val_loss: 2.5156 val_accuracy: 0.2121	test_loss: 2.7639 test_accuracy: 0.2024	F1: 0.1881 Prec: 0.2820 Rec: 0.2024
train: {'epoch': 46, 'time_epoch': 1.70241, 'eta': 370.72746, 'eta_hours': 0.10298, 'loss': 0.82156486, 'lr': 0.00091876, 'params': 276757, 'time_iter': 0.00956, 'accuracy': 0.72945, 'f1': 0.72963, 'auc': 0.98187}
val: {'epoch': 46, 'time_epoch': 0.05648, 'loss': 9.2367947, 'lr': 0, 'params': 276757, 'time_iter': 0.00513, 'accuracy': 0.12727, 'f1': 0.06071, 'auc': 0.76146}
test: {'epoch': 46, 'time_epoch': 0.06704, 'loss': 7.61354955, 'lr': 0, 'params': 276757, 'time_iter': 0.00479, 'accuracy': 0.12857, 'f1': 0.04547, 'auc': 0.74581}
> Epoch 46: took 1.9s (avg 2.0s) | Best so far: epoch 4	train_loss: 1.7846 train_accuracy: 0.4014	val_loss: 2.5156 val_accuracy: 0.2121	test_loss: 2.7639 test_accuracy: 0.2024	F1: 0.1881 Prec: 0.2820 Rec: 0.2024
train: {'epoch': 47, 'time_epoch': 1.78697, 'eta': 368.73596, 'eta_hours': 0.10243, 'loss': 0.82616143, 'lr': 0.0009153, 'params': 276757, 'time_iter': 0.01004, 'accuracy': 0.72575, 'f1': 0.72544, 'auc': 0.98166}
val: {'epoch': 47, 'time_epoch': 0.09628, 'loss': 14.60201213, 'lr': 0, 'params': 276757, 'time_iter': 0.00875, 'accuracy': 0.04848, 'f1': 0.01062, 'auc': 0.69162}
test: {'epoch': 47, 'time_epoch': 0.07009, 'loss': 12.78139289, 'lr': 0, 'params': 276757, 'time_iter': 0.00501, 'accuracy': 0.05952, 'f1': 0.02086, 'auc': 0.6792}
> Epoch 47: took 2.0s (avg 2.0s) | Best so far: epoch 4	train_loss: 1.7846 train_accuracy: 0.4014	val_loss: 2.5156 val_accuracy: 0.2121	test_loss: 2.7639 test_accuracy: 0.2024	F1: 0.1881 Prec: 0.2820 Rec: 0.2024
train: {'epoch': 48, 'time_epoch': 1.86557, 'eta': 367.0752, 'eta_hours': 0.10197, 'loss': 0.81111955, 'lr': 0.00091177, 'params': 276757, 'time_iter': 0.01048, 'accuracy': 0.73034, 'f1': 0.73023, 'auc': 0.98249}
val: {'epoch': 48, 'time_epoch': 0.05776, 'loss': 11.82379323, 'lr': 0, 'params': 276757, 'time_iter': 0.00525, 'accuracy': 0.12121, 'f1': 0.03836, 'auc': 0.77672}
test: {'epoch': 48, 'time_epoch': 0.07647, 'loss': 9.705176, 'lr': 0, 'params': 276757, 'time_iter': 0.00546, 'accuracy': 0.1381, 'f1': 0.04853, 'auc': 0.73738}
> Epoch 48: took 2.1s (avg 2.0s) | Best so far: epoch 4	train_loss: 1.7846 train_accuracy: 0.4014	val_loss: 2.5156 val_accuracy: 0.2121	test_loss: 2.7639 test_accuracy: 0.2024	F1: 0.1881 Prec: 0.2820 Rec: 0.2024
train: {'epoch': 49, 'time_epoch': 1.85491, 'eta': 365.3636, 'eta_hours': 0.10149, 'loss': 0.80854911, 'lr': 0.00090817, 'params': 276757, 'time_iter': 0.01042, 'accuracy': 0.72787, 'f1': 0.72791, 'auc': 0.98228}
val: {'epoch': 49, 'time_epoch': 0.05398, 'loss': 4.43808336, 'lr': 0, 'params': 276757, 'time_iter': 0.00491, 'accuracy': 0.1697, 'f1': 0.1098, 'auc': 0.8488}
test: {'epoch': 49, 'time_epoch': 0.07242, 'loss': 3.69767616, 'lr': 0, 'params': 276757, 'time_iter': 0.00517, 'accuracy': 0.27619, 'f1': 0.21875, 'auc': 0.84646}
> Epoch 49: took 2.0s (avg 2.0s) | Best so far: epoch 4	train_loss: 1.7846 train_accuracy: 0.4014	val_loss: 2.5156 val_accuracy: 0.2121	test_loss: 2.7639 test_accuracy: 0.2024	F1: 0.1881 Prec: 0.2820 Rec: 0.2024
train: {'epoch': 50, 'time_epoch': 1.82391, 'eta': 363.52545, 'eta_hours': 0.10098, 'loss': 0.79053012, 'lr': 0.00090451, 'params': 276757, 'time_iter': 0.01025, 'accuracy': 0.73527, 'f1': 0.73498, 'auc': 0.98323}
val: {'epoch': 50, 'time_epoch': 0.05379, 'loss': 8.2723394, 'lr': 0, 'params': 276757, 'time_iter': 0.00489, 'accuracy': 0.1303, 'f1': 0.04647, 'auc': 0.78942}
test: {'epoch': 50, 'time_epoch': 0.0814, 'loss': 7.1343549, 'lr': 0, 'params': 276757, 'time_iter': 0.00581, 'accuracy': 0.15, 'f1': 0.0849, 'auc': 0.74842}
> Epoch 50: took 2.0s (avg 2.0s) | Best so far: epoch 4	train_loss: 1.7846 train_accuracy: 0.4014	val_loss: 2.5156 val_accuracy: 0.2121	test_loss: 2.7639 test_accuracy: 0.2024	F1: 0.1881 Prec: 0.2820 Rec: 0.2024
train: {'epoch': 51, 'time_epoch': 1.96121, 'eta': 362.21063, 'eta_hours': 0.10061, 'loss': 0.78001882, 'lr': 0.00090078, 'params': 276757, 'time_iter': 0.01102, 'accuracy': 0.74109, 'f1': 0.74106, 'auc': 0.9837}
val: {'epoch': 51, 'time_epoch': 0.05591, 'loss': 9.06385532, 'lr': 0, 'params': 276757, 'time_iter': 0.00508, 'accuracy': 0.11212, 'f1': 0.05138, 'auc': 0.73293}
test: {'epoch': 51, 'time_epoch': 0.06623, 'loss': 8.27141612, 'lr': 0, 'params': 276757, 'time_iter': 0.00473, 'accuracy': 0.10714, 'f1': 0.05065, 'auc': 0.7058}
> Epoch 51: took 2.1s (avg 2.0s) | Best so far: epoch 4	train_loss: 1.7846 train_accuracy: 0.4014	val_loss: 2.5156 val_accuracy: 0.2121	test_loss: 2.7639 test_accuracy: 0.2024	F1: 0.1881 Prec: 0.2820 Rec: 0.2024
train: {'epoch': 52, 'time_epoch': 1.70548, 'eta': 359.92086, 'eta_hours': 0.09998, 'loss': 0.77541797, 'lr': 0.000897, 'params': 276757, 'time_iter': 0.00958, 'accuracy': 0.75009, 'f1': 0.74987, 'auc': 0.98393}
val: {'epoch': 52, 'time_epoch': 0.05414, 'loss': 16.00259425, 'lr': 0, 'params': 276757, 'time_iter': 0.00492, 'accuracy': 0.10909, 'f1': 0.04179, 'auc': 0.70012}
test: {'epoch': 52, 'time_epoch': 0.06313, 'loss': 13.16604685, 'lr': 0, 'params': 276757, 'time_iter': 0.00451, 'accuracy': 0.10714, 'f1': 0.03723, 'auc': 0.69882}
> Epoch 52: took 1.9s (avg 2.0s) | Best so far: epoch 4	train_loss: 1.7846 train_accuracy: 0.4014	val_loss: 2.5156 val_accuracy: 0.2121	test_loss: 2.7639 test_accuracy: 0.2024	F1: 0.1881 Prec: 0.2820 Rec: 0.2024
train: {'epoch': 53, 'time_epoch': 1.86499, 'eta': 358.23171, 'eta_hours': 0.09951, 'loss': 0.79217094, 'lr': 0.00089314, 'params': 276757, 'time_iter': 0.01048, 'accuracy': 0.73545, 'f1': 0.73538, 'auc': 0.98302}
val: {'epoch': 53, 'time_epoch': 0.05019, 'loss': 6.50522989, 'lr': 0, 'params': 276757, 'time_iter': 0.00456, 'accuracy': 0.14848, 'f1': 0.07777, 'auc': 0.81961}
test: {'epoch': 53, 'time_epoch': 0.11329, 'loss': 5.94617692, 'lr': 0, 'params': 276757, 'time_iter': 0.00809, 'accuracy': 0.1619, 'f1': 0.08716, 'auc': 0.74489}
> Epoch 53: took 2.1s (avg 2.0s) | Best so far: epoch 4	train_loss: 1.7846 train_accuracy: 0.4014	val_loss: 2.5156 val_accuracy: 0.2121	test_loss: 2.7639 test_accuracy: 0.2024	F1: 0.1881 Prec: 0.2820 Rec: 0.2024
train: {'epoch': 54, 'time_epoch': 2.13133, 'eta': 357.48047, 'eta_hours': 0.0993, 'loss': 0.77168001, 'lr': 0.00088923, 'params': 276757, 'time_iter': 0.01197, 'accuracy': 0.74832, 'f1': 0.74811, 'auc': 0.98386}
val: {'epoch': 54, 'time_epoch': 0.05807, 'loss': 9.2844459, 'lr': 0, 'params': 276757, 'time_iter': 0.00528, 'accuracy': 0.08788, 'f1': 0.03161, 'auc': 0.73008}
test: {'epoch': 54, 'time_epoch': 0.09575, 'loss': 7.14148362, 'lr': 0, 'params': 276757, 'time_iter': 0.00684, 'accuracy': 0.13571, 'f1': 0.07638, 'auc': 0.7392}
> Epoch 54: took 2.4s (avg 2.1s) | Best so far: epoch 4	train_loss: 1.7846 train_accuracy: 0.4014	val_loss: 2.5156 val_accuracy: 0.2121	test_loss: 2.7639 test_accuracy: 0.2024	F1: 0.1881 Prec: 0.2820 Rec: 0.2024
train: {'epoch': 55, 'time_epoch': 1.95789, 'eta': 356.07909, 'eta_hours': 0.09891, 'loss': 0.73995868, 'lr': 0.00088526, 'params': 276757, 'time_iter': 0.011, 'accuracy': 0.75132, 'f1': 0.75134, 'auc': 0.9854}
val: {'epoch': 55, 'time_epoch': 0.05666, 'loss': 9.93286257, 'lr': 0, 'params': 276757, 'time_iter': 0.00515, 'accuracy': 0.04545, 'f1': 0.00481, 'auc': 0.65121}
test: {'epoch': 55, 'time_epoch': 0.0936, 'loss': 8.53782697, 'lr': 0, 'params': 276757, 'time_iter': 0.00669, 'accuracy': 0.09048, 'f1': 0.01886, 'auc': 0.65286}
> Epoch 55: took 2.2s (avg 2.1s) | Best so far: epoch 4	train_loss: 1.7846 train_accuracy: 0.4014	val_loss: 2.5156 val_accuracy: 0.2121	test_loss: 2.7639 test_accuracy: 0.2024	F1: 0.1881 Prec: 0.2820 Rec: 0.2024
train: {'epoch': 56, 'time_epoch': 2.0645, 'eta': 355.01916, 'eta_hours': 0.09862, 'loss': 0.73349853, 'lr': 0.00088122, 'params': 276757, 'time_iter': 0.0116, 'accuracy': 0.75344, 'f1': 0.75307, 'auc': 0.98556}
val: {'epoch': 56, 'time_epoch': 0.05831, 'loss': 7.53975694, 'lr': 0, 'params': 276757, 'time_iter': 0.0053, 'accuracy': 0.16364, 'f1': 0.08703, 'auc': 0.80193}
test: {'epoch': 56, 'time_epoch': 0.06616, 'loss': 6.91722399, 'lr': 0, 'params': 276757, 'time_iter': 0.00473, 'accuracy': 0.10952, 'f1': 0.0637, 'auc': 0.74662}
> Epoch 56: took 2.3s (avg 2.1s) | Best so far: epoch 4	train_loss: 1.7846 train_accuracy: 0.4014	val_loss: 2.5156 val_accuracy: 0.2121	test_loss: 2.7639 test_accuracy: 0.2024	F1: 0.1881 Prec: 0.2820 Rec: 0.2024
train: {'epoch': 57, 'time_epoch': 2.11179, 'eta': 354.08113, 'eta_hours': 0.09836, 'loss': 0.74156677, 'lr': 0.00087713, 'params': 276757, 'time_iter': 0.01186, 'accuracy': 0.75379, 'f1': 0.75371, 'auc': 0.98511}
val: {'epoch': 57, 'time_epoch': 0.05829, 'loss': 11.66990702, 'lr': 0, 'params': 276757, 'time_iter': 0.0053, 'accuracy': 0.09394, 'f1': 0.0563, 'auc': 0.74574}
test: {'epoch': 57, 'time_epoch': 0.06577, 'loss': 9.83924192, 'lr': 0, 'params': 276757, 'time_iter': 0.0047, 'accuracy': 0.12857, 'f1': 0.06404, 'auc': 0.72093}
> Epoch 57: took 2.3s (avg 2.1s) | Best so far: epoch 4	train_loss: 1.7846 train_accuracy: 0.4014	val_loss: 2.5156 val_accuracy: 0.2121	test_loss: 2.7639 test_accuracy: 0.2024	F1: 0.1881 Prec: 0.2820 Rec: 0.2024
train: {'epoch': 58, 'time_epoch': 2.02687, 'eta': 352.82841, 'eta_hours': 0.09801, 'loss': 0.73447947, 'lr': 0.00087297, 'params': 276757, 'time_iter': 0.01139, 'accuracy': 0.75362, 'f1': 0.75341, 'auc': 0.98534}
val: {'epoch': 58, 'time_epoch': 0.0679, 'loss': 11.9895026, 'lr': 0, 'params': 276757, 'time_iter': 0.00617, 'accuracy': 0.08788, 'f1': 0.03863, 'auc': 0.74899}
test: {'epoch': 58, 'time_epoch': 0.09413, 'loss': 10.8933227, 'lr': 0, 'params': 276757, 'time_iter': 0.00672, 'accuracy': 0.06667, 'f1': 0.03233, 'auc': 0.67896}
> Epoch 58: took 2.3s (avg 2.1s) | Best so far: epoch 4	train_loss: 1.7846 train_accuracy: 0.4014	val_loss: 2.5156 val_accuracy: 0.2121	test_loss: 2.7639 test_accuracy: 0.2024	F1: 0.1881 Prec: 0.2820 Rec: 0.2024
train: {'epoch': 59, 'time_epoch': 1.78627, 'eta': 350.78797, 'eta_hours': 0.09744, 'loss': 0.72060758, 'lr': 0.00086876, 'params': 276757, 'time_iter': 0.01004, 'accuracy': 0.76067, 'f1': 0.76045, 'auc': 0.98576}
val: {'epoch': 59, 'time_epoch': 0.06554, 'loss': 13.40399498, 'lr': 0, 'params': 276757, 'time_iter': 0.00596, 'accuracy': 0.08485, 'f1': 0.03805, 'auc': 0.69944}
test: {'epoch': 59, 'time_epoch': 0.06872, 'loss': 11.73704227, 'lr': 0, 'params': 276757, 'time_iter': 0.00491, 'accuracy': 0.10952, 'f1': 0.06774, 'auc': 0.69596}
> Epoch 59: took 2.1s (avg 2.1s) | Best so far: epoch 4	train_loss: 1.7846 train_accuracy: 0.4014	val_loss: 2.5156 val_accuracy: 0.2121	test_loss: 2.7639 test_accuracy: 0.2024	F1: 0.1881 Prec: 0.2820 Rec: 0.2024
train: {'epoch': 60, 'time_epoch': 1.81803, 'eta': 348.85427, 'eta_hours': 0.0969, 'loss': 0.7417017, 'lr': 0.00086448, 'params': 276757, 'time_iter': 0.01021, 'accuracy': 0.75079, 'f1': 0.75051, 'auc': 0.9853}
val: {'epoch': 60, 'time_epoch': 0.0501, 'loss': 15.20983802, 'lr': 0, 'params': 276757, 'time_iter': 0.00455, 'accuracy': 0.1303, 'f1': 0.04637, 'auc': 0.69785}
test: {'epoch': 60, 'time_epoch': 0.06955, 'loss': 13.52105593, 'lr': 0, 'params': 276757, 'time_iter': 0.00497, 'accuracy': 0.11667, 'f1': 0.04627, 'auc': 0.6904}
> Epoch 60: took 2.0s (avg 2.1s) | Best so far: epoch 4	train_loss: 1.7846 train_accuracy: 0.4014	val_loss: 2.5156 val_accuracy: 0.2121	test_loss: 2.7639 test_accuracy: 0.2024	F1: 0.1881 Prec: 0.2820 Rec: 0.2024
train: {'epoch': 61, 'time_epoch': 1.75923, 'eta': 346.746, 'eta_hours': 0.09632, 'loss': 0.72711268, 'lr': 0.00086015, 'params': 276757, 'time_iter': 0.00988, 'accuracy': 0.75397, 'f1': 0.75379, 'auc': 0.98587}
val: {'epoch': 61, 'time_epoch': 0.05379, 'loss': 10.86591139, 'lr': 0, 'params': 276757, 'time_iter': 0.00489, 'accuracy': 0.13636, 'f1': 0.05662, 'auc': 0.80567}
test: {'epoch': 61, 'time_epoch': 0.06597, 'loss': 8.91517458, 'lr': 0, 'params': 276757, 'time_iter': 0.00471, 'accuracy': 0.16905, 'f1': 0.07087, 'auc': 0.77421}
> Epoch 61: took 2.0s (avg 2.1s) | Best so far: epoch 4	train_loss: 1.7846 train_accuracy: 0.4014	val_loss: 2.5156 val_accuracy: 0.2121	test_loss: 2.7639 test_accuracy: 0.2024	F1: 0.1881 Prec: 0.2820 Rec: 0.2024
train: {'epoch': 62, 'time_epoch': 1.76991, 'eta': 344.68053, 'eta_hours': 0.09574, 'loss': 0.68621482, 'lr': 0.00085577, 'params': 276757, 'time_iter': 0.00994, 'accuracy': 0.77002, 'f1': 0.77003, 'auc': 0.98728}
val: {'epoch': 62, 'time_epoch': 0.05559, 'loss': 6.21802649, 'lr': 0, 'params': 276757, 'time_iter': 0.00505, 'accuracy': 0.1697, 'f1': 0.08997, 'auc': 0.81298}
test: {'epoch': 62, 'time_epoch': 0.0754, 'loss': 5.17880992, 'lr': 0, 'params': 276757, 'time_iter': 0.00539, 'accuracy': 0.23571, 'f1': 0.16616, 'auc': 0.80731}
> Epoch 62: took 2.0s (avg 2.1s) | Best so far: epoch 4	train_loss: 1.7846 train_accuracy: 0.4014	val_loss: 2.5156 val_accuracy: 0.2121	test_loss: 2.7639 test_accuracy: 0.2024	F1: 0.1881 Prec: 0.2820 Rec: 0.2024
train: {'epoch': 63, 'time_epoch': 1.85759, 'eta': 342.87911, 'eta_hours': 0.09524, 'loss': 0.7062008, 'lr': 0.00085132, 'params': 276757, 'time_iter': 0.01044, 'accuracy': 0.76367, 'f1': 0.76359, 'auc': 0.98656}
val: {'epoch': 63, 'time_epoch': 0.05482, 'loss': 8.30430538, 'lr': 0, 'params': 276757, 'time_iter': 0.00498, 'accuracy': 0.1303, 'f1': 0.05377, 'auc': 0.78428}
test: {'epoch': 63, 'time_epoch': 0.07177, 'loss': 6.59026508, 'lr': 0, 'params': 276757, 'time_iter': 0.00513, 'accuracy': 0.21429, 'f1': 0.13631, 'auc': 0.78523}
> Epoch 63: took 2.1s (avg 2.1s) | Best so far: epoch 4	train_loss: 1.7846 train_accuracy: 0.4014	val_loss: 2.5156 val_accuracy: 0.2121	test_loss: 2.7639 test_accuracy: 0.2024	F1: 0.1881 Prec: 0.2820 Rec: 0.2024
train: {'epoch': 64, 'time_epoch': 1.8879, 'eta': 341.16221, 'eta_hours': 0.09477, 'loss': 0.68540812, 'lr': 0.00084683, 'params': 276757, 'time_iter': 0.01061, 'accuracy': 0.77002, 'f1': 0.7698, 'auc': 0.98731}
val: {'epoch': 64, 'time_epoch': 0.06755, 'loss': 8.1295932, 'lr': 0, 'params': 276757, 'time_iter': 0.00614, 'accuracy': 0.09091, 'f1': 0.02989, 'auc': 0.75671}
test: {'epoch': 64, 'time_epoch': 0.10129, 'loss': 6.47733756, 'lr': 0, 'params': 276757, 'time_iter': 0.00724, 'accuracy': 0.14524, 'f1': 0.09337, 'auc': 0.7546}
> Epoch 64: took 2.1s (avg 2.1s) | Best so far: epoch 4	train_loss: 1.7846 train_accuracy: 0.4014	val_loss: 2.5156 val_accuracy: 0.2121	test_loss: 2.7639 test_accuracy: 0.2024	F1: 0.1881 Prec: 0.2820 Rec: 0.2024
train: {'epoch': 65, 'time_epoch': 1.79423, 'eta': 339.17902, 'eta_hours': 0.09422, 'loss': 0.70020304, 'lr': 0.00084227, 'params': 276757, 'time_iter': 0.01008, 'accuracy': 0.76861, 'f1': 0.7685, 'auc': 0.9868}
val: {'epoch': 65, 'time_epoch': 0.05233, 'loss': 4.95610698, 'lr': 0, 'params': 276757, 'time_iter': 0.00476, 'accuracy': 0.17576, 'f1': 0.1052, 'auc': 0.85582}
test: {'epoch': 65, 'time_epoch': 0.06884, 'loss': 5.0072253, 'lr': 0, 'params': 276757, 'time_iter': 0.00492, 'accuracy': 0.19048, 'f1': 0.12994, 'auc': 0.79652}
> Epoch 65: took 2.0s (avg 2.1s) | Best so far: epoch 4	train_loss: 1.7846 train_accuracy: 0.4014	val_loss: 2.5156 val_accuracy: 0.2121	test_loss: 2.7639 test_accuracy: 0.2024	F1: 0.1881 Prec: 0.2820 Rec: 0.2024
train: {'epoch': 66, 'time_epoch': 1.81759, 'eta': 337.26526, 'eta_hours': 0.09368, 'loss': 0.67204542, 'lr': 0.00083767, 'params': 276757, 'time_iter': 0.01021, 'accuracy': 0.78236, 'f1': 0.78216, 'auc': 0.98761}
val: {'epoch': 66, 'time_epoch': 0.05413, 'loss': 2.89636937, 'lr': 0, 'params': 276757, 'time_iter': 0.00492, 'accuracy': 0.24545, 'f1': 0.18436, 'auc': 0.89388}
test: {'epoch': 66, 'time_epoch': 0.07621, 'loss': 2.90104021, 'lr': 0, 'params': 276757, 'time_iter': 0.00544, 'accuracy': 0.3119, 'f1': 0.24666, 'auc': 0.86408}
[*] Confusion Matrix saved to: results_lopo_none/LR_3m\Conf\confusion_matrix_epoch_66.png
> Epoch 66: took 2.0s (avg 2.1s) | Best so far: epoch 66	train_loss: 0.6720 train_accuracy: 0.7824	val_loss: 2.8964 val_accuracy: 0.2455	test_loss: 2.9010 test_accuracy: 0.3119	F1: 0.2467 Prec: 0.2608 Rec: 0.3119
train: {'epoch': 67, 'time_epoch': 1.8054, 'eta': 335.32169, 'eta_hours': 0.09314, 'loss': 0.6484972, 'lr': 0.00083301, 'params': 276757, 'time_iter': 0.01014, 'accuracy': 0.79101, 'f1': 0.79111, 'auc': 0.98861}
val: {'epoch': 67, 'time_epoch': 0.0642, 'loss': 2.15522652, 'lr': 0, 'params': 276757, 'time_iter': 0.00584, 'accuracy': 0.33333, 'f1': 0.29465, 'auc': 0.93215}
test: {'epoch': 67, 'time_epoch': 0.06966, 'loss': 2.54532698, 'lr': 0, 'params': 276757, 'time_iter': 0.00498, 'accuracy': 0.40952, 'f1': 0.36888, 'auc': 0.88861}
[*] Confusion Matrix saved to: results_lopo_none/LR_3m\Conf\confusion_matrix_epoch_67.png
> Epoch 67: took 2.0s (avg 2.1s) | Best so far: epoch 67	train_loss: 0.6485 train_accuracy: 0.7910	val_loss: 2.1552 val_accuracy: 0.3333	test_loss: 2.5453 test_accuracy: 0.4095	F1: 0.3689 Prec: 0.4246 Rec: 0.4095
train: {'epoch': 68, 'time_epoch': 1.95993, 'eta': 333.78751, 'eta_hours': 0.09272, 'loss': 0.68320222, 'lr': 0.00082829, 'params': 276757, 'time_iter': 0.01101, 'accuracy': 0.76878, 'f1': 0.76877, 'auc': 0.98738}
val: {'epoch': 68, 'time_epoch': 0.08147, 'loss': 4.71353751, 'lr': 0, 'params': 276757, 'time_iter': 0.00741, 'accuracy': 0.1697, 'f1': 0.09561, 'auc': 0.83432}
test: {'epoch': 68, 'time_epoch': 0.07254, 'loss': 4.57212163, 'lr': 0, 'params': 276757, 'time_iter': 0.00518, 'accuracy': 0.27143, 'f1': 0.20871, 'auc': 0.80326}
> Epoch 68: took 2.2s (avg 2.1s) | Best so far: epoch 67	train_loss: 0.6485 train_accuracy: 0.7910	val_loss: 2.1552 val_accuracy: 0.3333	test_loss: 2.5453 test_accuracy: 0.4095	F1: 0.3689 Prec: 0.4246 Rec: 0.4095
train: {'epoch': 69, 'time_epoch': 1.91524, 'eta': 332.12624, 'eta_hours': 0.09226, 'loss': 0.6449415, 'lr': 0.00082353, 'params': 276757, 'time_iter': 0.01076, 'accuracy': 0.7843, 'f1': 0.7843, 'auc': 0.98881}
val: {'epoch': 69, 'time_epoch': 0.05627, 'loss': 8.20886518, 'lr': 0, 'params': 276757, 'time_iter': 0.00512, 'accuracy': 0.14848, 'f1': 0.08043, 'auc': 0.77712}
test: {'epoch': 69, 'time_epoch': 0.06909, 'loss': 5.90611733, 'lr': 0, 'params': 276757, 'time_iter': 0.00494, 'accuracy': 0.22143, 'f1': 0.155, 'auc': 0.77833}
> Epoch 69: took 2.1s (avg 2.1s) | Best so far: epoch 67	train_loss: 0.6485 train_accuracy: 0.7910	val_loss: 2.1552 val_accuracy: 0.3333	test_loss: 2.5453 test_accuracy: 0.4095	F1: 0.3689 Prec: 0.4246 Rec: 0.4095
train: {'epoch': 70, 'time_epoch': 1.87617, 'eta': 330.3593, 'eta_hours': 0.09177, 'loss': 0.68147088, 'lr': 0.00081871, 'params': 276757, 'time_iter': 0.01054, 'accuracy': 0.76984, 'f1': 0.76971, 'auc': 0.98745}
val: {'epoch': 70, 'time_epoch': 0.04991, 'loss': 11.6164365, 'lr': 0, 'params': 276757, 'time_iter': 0.00454, 'accuracy': 0.07879, 'f1': 0.04113, 'auc': 0.7429}
test: {'epoch': 70, 'time_epoch': 0.06652, 'loss': 11.05662951, 'lr': 0, 'params': 276757, 'time_iter': 0.00475, 'accuracy': 0.12857, 'f1': 0.08389, 'auc': 0.71935}
> Epoch 70: took 2.1s (avg 2.1s) | Best so far: epoch 67	train_loss: 0.6485 train_accuracy: 0.7910	val_loss: 2.1552 val_accuracy: 0.3333	test_loss: 2.5453 test_accuracy: 0.4095	F1: 0.3689 Prec: 0.4246 Rec: 0.4095
train: {'epoch': 71, 'time_epoch': 1.85276, 'eta': 328.53146, 'eta_hours': 0.09126, 'loss': 0.64700323, 'lr': 0.00081385, 'params': 276757, 'time_iter': 0.01041, 'accuracy': 0.78131, 'f1': 0.78135, 'auc': 0.98866}
val: {'epoch': 71, 'time_epoch': 0.05989, 'loss': 10.46277735, 'lr': 0, 'params': 276757, 'time_iter': 0.00544, 'accuracy': 0.10606, 'f1': 0.04364, 'auc': 0.75591}
test: {'epoch': 71, 'time_epoch': 0.07002, 'loss': 8.84287738, 'lr': 0, 'params': 276757, 'time_iter': 0.005, 'accuracy': 0.1119, 'f1': 0.07711, 'auc': 0.70888}
> Epoch 71: took 2.1s (avg 2.1s) | Best so far: epoch 67	train_loss: 0.6485 train_accuracy: 0.7910	val_loss: 2.1552 val_accuracy: 0.3333	test_loss: 2.5453 test_accuracy: 0.4095	F1: 0.3689 Prec: 0.4246 Rec: 0.4095
train: {'epoch': 72, 'time_epoch': 1.92199, 'eta': 326.8708, 'eta_hours': 0.0908, 'loss': 0.62390682, 'lr': 0.00080893, 'params': 276757, 'time_iter': 0.0108, 'accuracy': 0.79471, 'f1': 0.79443, 'auc': 0.98938}
val: {'epoch': 72, 'time_epoch': 0.08043, 'loss': 12.37265548, 'lr': 0, 'params': 276757, 'time_iter': 0.00731, 'accuracy': 0.11515, 'f1': 0.04987, 'auc': 0.77849}
test: {'epoch': 72, 'time_epoch': 0.07608, 'loss': 10.24695889, 'lr': 0, 'params': 276757, 'time_iter': 0.00543, 'accuracy': 0.08095, 'f1': 0.03619, 'auc': 0.72024}
> Epoch 72: took 2.2s (avg 2.1s) | Best so far: epoch 67	train_loss: 0.6485 train_accuracy: 0.7910	val_loss: 2.1552 val_accuracy: 0.3333	test_loss: 2.5453 test_accuracy: 0.4095	F1: 0.3689 Prec: 0.4246 Rec: 0.4095
train: {'epoch': 73, 'time_epoch': 1.89199, 'eta': 325.13172, 'eta_hours': 0.09031, 'loss': 0.66724073, 'lr': 0.00080397, 'params': 276757, 'time_iter': 0.01063, 'accuracy': 0.77249, 'f1': 0.77251, 'auc': 0.98803}
val: {'epoch': 73, 'time_epoch': 0.05621, 'loss': 10.51466908, 'lr': 0, 'params': 276757, 'time_iter': 0.00511, 'accuracy': 0.16061, 'f1': 0.09219, 'auc': 0.75981}
test: {'epoch': 73, 'time_epoch': 0.0726, 'loss': 7.54207379, 'lr': 0, 'params': 276757, 'time_iter': 0.00519, 'accuracy': 0.2, 'f1': 0.11173, 'auc': 0.77692}
> Epoch 73: took 2.1s (avg 2.1s) | Best so far: epoch 67	train_loss: 0.6485 train_accuracy: 0.7910	val_loss: 2.1552 val_accuracy: 0.3333	test_loss: 2.5453 test_accuracy: 0.4095	F1: 0.3689 Prec: 0.4246 Rec: 0.4095
train: {'epoch': 74, 'time_epoch': 1.8635, 'eta': 323.32209, 'eta_hours': 0.08981, 'loss': 0.62099006, 'lr': 0.00079895, 'params': 276757, 'time_iter': 0.01047, 'accuracy': 0.79506, 'f1': 0.7951, 'auc': 0.98941}
val: {'epoch': 74, 'time_epoch': 0.05394, 'loss': 7.15582171, 'lr': 0, 'params': 276757, 'time_iter': 0.0049, 'accuracy': 0.19091, 'f1': 0.11017, 'auc': 0.81134}
test: {'epoch': 74, 'time_epoch': 0.07176, 'loss': 5.63128772, 'lr': 0, 'params': 276757, 'time_iter': 0.00513, 'accuracy': 0.2381, 'f1': 0.14649, 'auc': 0.805}
> Epoch 74: took 2.1s (avg 2.1s) | Best so far: epoch 67	train_loss: 0.6485 train_accuracy: 0.7910	val_loss: 2.1552 val_accuracy: 0.3333	test_loss: 2.5453 test_accuracy: 0.4095	F1: 0.3689 Prec: 0.4246 Rec: 0.4095
train: {'epoch': 75, 'time_epoch': 2.07424, 'eta': 321.99351, 'eta_hours': 0.08944, 'loss': 0.59164903, 'lr': 0.00079389, 'params': 276757, 'time_iter': 0.01165, 'accuracy': 0.80265, 'f1': 0.80252, 'auc': 0.99063}
val: {'epoch': 75, 'time_epoch': 0.07249, 'loss': 10.85142324, 'lr': 0, 'params': 276757, 'time_iter': 0.00659, 'accuracy': 0.12424, 'f1': 0.04035, 'auc': 0.77549}
test: {'epoch': 75, 'time_epoch': 0.07856, 'loss': 9.86057457, 'lr': 0, 'params': 276757, 'time_iter': 0.00561, 'accuracy': 0.14762, 'f1': 0.07889, 'auc': 0.73198}
> Epoch 75: took 2.3s (avg 2.1s) | Best so far: epoch 67	train_loss: 0.6485 train_accuracy: 0.7910	val_loss: 2.1552 val_accuracy: 0.3333	test_loss: 2.5453 test_accuracy: 0.4095	F1: 0.3689 Prec: 0.4246 Rec: 0.4095
train: {'epoch': 76, 'time_epoch': 2.01514, 'eta': 320.5128, 'eta_hours': 0.08903, 'loss': 0.63951202, 'lr': 0.00078879, 'params': 276757, 'time_iter': 0.01132, 'accuracy': 0.78589, 'f1': 0.78586, 'auc': 0.98871}
val: {'epoch': 76, 'time_epoch': 0.06833, 'loss': 10.44436925, 'lr': 0, 'params': 276757, 'time_iter': 0.00621, 'accuracy': 0.13333, 'f1': 0.05562, 'auc': 0.78616}
test: {'epoch': 76, 'time_epoch': 0.06103, 'loss': 9.22993832, 'lr': 0, 'params': 276757, 'time_iter': 0.00436, 'accuracy': 0.12857, 'f1': 0.06054, 'auc': 0.72908}
> Epoch 76: took 2.2s (avg 2.1s) | Best so far: epoch 67	train_loss: 0.6485 train_accuracy: 0.7910	val_loss: 2.1552 val_accuracy: 0.3333	test_loss: 2.5453 test_accuracy: 0.4095	F1: 0.3689 Prec: 0.4246 Rec: 0.4095
train: {'epoch': 77, 'time_epoch': 1.79244, 'eta': 318.5273, 'eta_hours': 0.08848, 'loss': 0.62808031, 'lr': 0.00078363, 'params': 276757, 'time_iter': 0.01007, 'accuracy': 0.79577, 'f1': 0.79573, 'auc': 0.98915}
val: {'epoch': 77, 'time_epoch': 0.09155, 'loss': 6.62906573, 'lr': 0, 'params': 276757, 'time_iter': 0.00832, 'accuracy': 0.1697, 'f1': 0.07484, 'auc': 0.81879}
test: {'epoch': 77, 'time_epoch': 0.06553, 'loss': 6.4472643, 'lr': 0, 'params': 276757, 'time_iter': 0.00468, 'accuracy': 0.21429, 'f1': 0.12837, 'auc': 0.7668}
> Epoch 77: took 2.0s (avg 2.1s) | Best so far: epoch 67	train_loss: 0.6485 train_accuracy: 0.7910	val_loss: 2.1552 val_accuracy: 0.3333	test_loss: 2.5453 test_accuracy: 0.4095	F1: 0.3689 Prec: 0.4246 Rec: 0.4095
train: {'epoch': 78, 'time_epoch': 1.89972, 'eta': 316.77891, 'eta_hours': 0.08799, 'loss': 0.5933452, 'lr': 0.00077844, 'params': 276757, 'time_iter': 0.01067, 'accuracy': 0.80882, 'f1': 0.80865, 'auc': 0.99027}
val: {'epoch': 78, 'time_epoch': 0.07162, 'loss': 15.71141077, 'lr': 0, 'params': 276757, 'time_iter': 0.00651, 'accuracy': 0.04545, 'f1': 0.00419, 'auc': 0.68394}
test: {'epoch': 78, 'time_epoch': 0.06872, 'loss': 13.51871027, 'lr': 0, 'params': 276757, 'time_iter': 0.00491, 'accuracy': 0.04762, 'f1': 0.00435, 'auc': 0.67778}
> Epoch 78: took 2.1s (avg 2.1s) | Best so far: epoch 67	train_loss: 0.6485 train_accuracy: 0.7910	val_loss: 2.1552 val_accuracy: 0.3333	test_loss: 2.5453 test_accuracy: 0.4095	F1: 0.3689 Prec: 0.4246 Rec: 0.4095
train: {'epoch': 79, 'time_epoch': 1.7612, 'eta': 314.73238, 'eta_hours': 0.08743, 'loss': 0.60024899, 'lr': 0.0007732, 'params': 276757, 'time_iter': 0.00989, 'accuracy': 0.79912, 'f1': 0.79899, 'auc': 0.99016}
val: {'epoch': 79, 'time_epoch': 0.05692, 'loss': 8.58686619, 'lr': 0, 'params': 276757, 'time_iter': 0.00517, 'accuracy': 0.14242, 'f1': 0.05289, 'auc': 0.79583}
test: {'epoch': 79, 'time_epoch': 0.08992, 'loss': 6.74381219, 'lr': 0, 'params': 276757, 'time_iter': 0.00642, 'accuracy': 0.20238, 'f1': 0.11045, 'auc': 0.78074}
> Epoch 79: took 2.0s (avg 2.1s) | Best so far: epoch 67	train_loss: 0.6485 train_accuracy: 0.7910	val_loss: 2.1552 val_accuracy: 0.3333	test_loss: 2.5453 test_accuracy: 0.4095	F1: 0.3689 Prec: 0.4246 Rec: 0.4095
train: {'epoch': 80, 'time_epoch': 2.02244, 'eta': 313.23794, 'eta_hours': 0.08701, 'loss': 0.58591433, 'lr': 0.00076791, 'params': 276757, 'time_iter': 0.01136, 'accuracy': 0.806, 'f1': 0.80601, 'auc': 0.99078}
val: {'epoch': 80, 'time_epoch': 0.05453, 'loss': 5.02383023, 'lr': 0, 'params': 276757, 'time_iter': 0.00496, 'accuracy': 0.1697, 'f1': 0.10288, 'auc': 0.8557}
test: {'epoch': 80, 'time_epoch': 0.06803, 'loss': 3.86884585, 'lr': 0, 'params': 276757, 'time_iter': 0.00486, 'accuracy': 0.36905, 'f1': 0.30554, 'auc': 0.85818}
> Epoch 80: took 2.2s (avg 2.1s) | Best so far: epoch 67	train_loss: 0.6485 train_accuracy: 0.7910	val_loss: 2.1552 val_accuracy: 0.3333	test_loss: 2.5453 test_accuracy: 0.4095	F1: 0.3689 Prec: 0.4246 Rec: 0.4095
train: {'epoch': 81, 'time_epoch': 1.80616, 'eta': 311.28751, 'eta_hours': 0.08647, 'loss': 0.58702423, 'lr': 0.00076259, 'params': 276757, 'time_iter': 0.01015, 'accuracy': 0.8134, 'f1': 0.81338, 'auc': 0.99041}
val: {'epoch': 81, 'time_epoch': 0.05362, 'loss': 9.00062857, 'lr': 0, 'params': 276757, 'time_iter': 0.00487, 'accuracy': 0.13939, 'f1': 0.05149, 'auc': 0.79547}
test: {'epoch': 81, 'time_epoch': 0.08078, 'loss': 6.6041386, 'lr': 0, 'params': 276757, 'time_iter': 0.00577, 'accuracy': 0.18333, 'f1': 0.09686, 'auc': 0.82529}
> Epoch 81: took 2.0s (avg 2.1s) | Best so far: epoch 67	train_loss: 0.6485 train_accuracy: 0.7910	val_loss: 2.1552 val_accuracy: 0.3333	test_loss: 2.5453 test_accuracy: 0.4095	F1: 0.3689 Prec: 0.4246 Rec: 0.4095
train: {'epoch': 82, 'time_epoch': 1.74902, 'eta': 309.22559, 'eta_hours': 0.0859, 'loss': 0.58452253, 'lr': 0.00075722, 'params': 276757, 'time_iter': 0.00983, 'accuracy': 0.8134, 'f1': 0.81345, 'auc': 0.99027}
val: {'epoch': 82, 'time_epoch': 0.06056, 'loss': 9.20034142, 'lr': 0, 'params': 276757, 'time_iter': 0.00551, 'accuracy': 0.15152, 'f1': 0.06105, 'auc': 0.78703}
test: {'epoch': 82, 'time_epoch': 0.07096, 'loss': 7.22588803, 'lr': 0, 'params': 276757, 'time_iter': 0.00507, 'accuracy': 0.21667, 'f1': 0.13305, 'auc': 0.77198}
> Epoch 82: took 2.0s (avg 2.1s) | Best so far: epoch 67	train_loss: 0.6485 train_accuracy: 0.7910	val_loss: 2.1552 val_accuracy: 0.3333	test_loss: 2.5453 test_accuracy: 0.4095	F1: 0.3689 Prec: 0.4246 Rec: 0.4095
train: {'epoch': 83, 'time_epoch': 1.84212, 'eta': 307.3551, 'eta_hours': 0.08538, 'loss': 0.55947678, 'lr': 0.00075181, 'params': 276757, 'time_iter': 0.01035, 'accuracy': 0.82011, 'f1': 0.82, 'auc': 0.99126}
val: {'epoch': 83, 'time_epoch': 0.05041, 'loss': 10.2150715, 'lr': 0, 'params': 276757, 'time_iter': 0.00458, 'accuracy': 0.13939, 'f1': 0.0552, 'auc': 0.77429}
test: {'epoch': 83, 'time_epoch': 0.0995, 'loss': 8.8959635, 'lr': 0, 'params': 276757, 'time_iter': 0.00711, 'accuracy': 0.16667, 'f1': 0.1173, 'auc': 0.74242}
> Epoch 83: took 2.1s (avg 2.1s) | Best so far: epoch 67	train_loss: 0.6485 train_accuracy: 0.7910	val_loss: 2.1552 val_accuracy: 0.3333	test_loss: 2.5453 test_accuracy: 0.4095	F1: 0.3689 Prec: 0.4246 Rec: 0.4095
train: {'epoch': 84, 'time_epoch': 1.82029, 'eta': 305.44291, 'eta_hours': 0.08485, 'loss': 0.55780803, 'lr': 0.00074636, 'params': 276757, 'time_iter': 0.01023, 'accuracy': 0.81623, 'f1': 0.8162, 'auc': 0.9916}
val: {'epoch': 84, 'time_epoch': 0.05395, 'loss': 8.48604088, 'lr': 0, 'params': 276757, 'time_iter': 0.0049, 'accuracy': 0.16061, 'f1': 0.10965, 'auc': 0.77907}
test: {'epoch': 84, 'time_epoch': 0.07089, 'loss': 7.39771572, 'lr': 0, 'params': 276757, 'time_iter': 0.00506, 'accuracy': 0.24048, 'f1': 0.1872, 'auc': 0.78893}
> Epoch 84: took 2.0s (avg 2.1s) | Best so far: epoch 67	train_loss: 0.6485 train_accuracy: 0.7910	val_loss: 2.1552 val_accuracy: 0.3333	test_loss: 2.5453 test_accuracy: 0.4095	F1: 0.3689 Prec: 0.4246 Rec: 0.4095
train: {'epoch': 85, 'time_epoch': 1.84825, 'eta': 303.58618, 'eta_hours': 0.08433, 'loss': 0.579767, 'lr': 0.00074088, 'params': 276757, 'time_iter': 0.01038, 'accuracy': 0.81111, 'f1': 0.81104, 'auc': 0.99075}
val: {'epoch': 85, 'time_epoch': 0.07889, 'loss': 4.24648847, 'lr': 0, 'params': 276757, 'time_iter': 0.00717, 'accuracy': 0.21515, 'f1': 0.14441, 'auc': 0.87394}
test: {'epoch': 85, 'time_epoch': 0.06478, 'loss': 4.44090747, 'lr': 0, 'params': 276757, 'time_iter': 0.00463, 'accuracy': 0.30476, 'f1': 0.21364, 'auc': 0.82255}
> Epoch 85: took 2.1s (avg 2.1s) | Best so far: epoch 67	train_loss: 0.6485 train_accuracy: 0.7910	val_loss: 2.1552 val_accuracy: 0.3333	test_loss: 2.5453 test_accuracy: 0.4095	F1: 0.3689 Prec: 0.4246 Rec: 0.4095
train: {'epoch': 86, 'time_epoch': 1.86779, 'eta': 301.76625, 'eta_hours': 0.08382, 'loss': 0.57201532, 'lr': 0.00073535, 'params': 276757, 'time_iter': 0.01049, 'accuracy': 0.81076, 'f1': 0.81092, 'auc': 0.99099}
val: {'epoch': 86, 'time_epoch': 0.06435, 'loss': 10.72195232, 'lr': 0, 'params': 276757, 'time_iter': 0.00585, 'accuracy': 0.16061, 'f1': 0.07961, 'auc': 0.77085}
test: {'epoch': 86, 'time_epoch': 0.07948, 'loss': 8.05409888, 'lr': 0, 'params': 276757, 'time_iter': 0.00568, 'accuracy': 0.17143, 'f1': 0.08637, 'auc': 0.7751}
> Epoch 86: took 2.1s (avg 2.1s) | Best so far: epoch 67	train_loss: 0.6485 train_accuracy: 0.7910	val_loss: 2.1552 val_accuracy: 0.3333	test_loss: 2.5453 test_accuracy: 0.4095	F1: 0.3689 Prec: 0.4246 Rec: 0.4095
train: {'epoch': 87, 'time_epoch': 1.89792, 'eta': 300.0007, 'eta_hours': 0.08333, 'loss': 0.56744271, 'lr': 0.00072979, 'params': 276757, 'time_iter': 0.01066, 'accuracy': 0.81217, 'f1': 0.81205, 'auc': 0.99113}
val: {'epoch': 87, 'time_epoch': 0.06304, 'loss': 7.3889201, 'lr': 0, 'params': 276757, 'time_iter': 0.00573, 'accuracy': 0.1697, 'f1': 0.07731, 'auc': 0.82858}
test: {'epoch': 87, 'time_epoch': 0.07082, 'loss': 7.09411209, 'lr': 0, 'params': 276757, 'time_iter': 0.00506, 'accuracy': 0.22143, 'f1': 0.1437, 'auc': 0.78674}
> Epoch 87: took 2.1s (avg 2.1s) | Best so far: epoch 67	train_loss: 0.6485 train_accuracy: 0.7910	val_loss: 2.1552 val_accuracy: 0.3333	test_loss: 2.5453 test_accuracy: 0.4095	F1: 0.3689 Prec: 0.4246 Rec: 0.4095
train: {'epoch': 88, 'time_epoch': 1.80175, 'eta': 298.0582, 'eta_hours': 0.08279, 'loss': 0.58036339, 'lr': 0.00072419, 'params': 276757, 'time_iter': 0.01012, 'accuracy': 0.80653, 'f1': 0.80651, 'auc': 0.99087}
val: {'epoch': 88, 'time_epoch': 0.07973, 'loss': 10.63092903, 'lr': 0, 'params': 276757, 'time_iter': 0.00725, 'accuracy': 0.11818, 'f1': 0.03948, 'auc': 0.78108}
test: {'epoch': 88, 'time_epoch': 0.06681, 'loss': 8.61105897, 'lr': 0, 'params': 276757, 'time_iter': 0.00477, 'accuracy': 0.13095, 'f1': 0.03797, 'auc': 0.75782}
> Epoch 88: took 2.0s (avg 2.1s) | Best so far: epoch 67	train_loss: 0.6485 train_accuracy: 0.7910	val_loss: 2.1552 val_accuracy: 0.3333	test_loss: 2.5453 test_accuracy: 0.4095	F1: 0.3689 Prec: 0.4246 Rec: 0.4095
train: {'epoch': 89, 'time_epoch': 1.80343, 'eta': 296.12182, 'eta_hours': 0.08226, 'loss': 0.55121112, 'lr': 0.00071856, 'params': 276757, 'time_iter': 0.01013, 'accuracy': 0.81164, 'f1': 0.81149, 'auc': 0.99183}
val: {'epoch': 89, 'time_epoch': 0.05314, 'loss': 9.2298445, 'lr': 0, 'params': 276757, 'time_iter': 0.00483, 'accuracy': 0.13636, 'f1': 0.06676, 'auc': 0.75648}
test: {'epoch': 89, 'time_epoch': 0.07919, 'loss': 8.1115174, 'lr': 0, 'params': 276757, 'time_iter': 0.00566, 'accuracy': 0.17857, 'f1': 0.13517, 'auc': 0.75573}
> Epoch 89: took 2.0s (avg 2.1s) | Best so far: epoch 67	train_loss: 0.6485 train_accuracy: 0.7910	val_loss: 2.1552 val_accuracy: 0.3333	test_loss: 2.5453 test_accuracy: 0.4095	F1: 0.3689 Prec: 0.4246 Rec: 0.4095
train: {'epoch': 90, 'time_epoch': 2.34931, 'eta': 295.14215, 'eta_hours': 0.08198, 'loss': 0.5674605, 'lr': 0.00071289, 'params': 276757, 'time_iter': 0.0132, 'accuracy': 0.81587, 'f1': 0.81585, 'auc': 0.99122}
val: {'epoch': 90, 'time_epoch': 0.06796, 'loss': 6.00711561, 'lr': 0, 'params': 276757, 'time_iter': 0.00618, 'accuracy': 0.1697, 'f1': 0.09596, 'auc': 0.83544}
test: {'epoch': 90, 'time_epoch': 0.12218, 'loss': 4.88398518, 'lr': 0, 'params': 276757, 'time_iter': 0.00873, 'accuracy': 0.23333, 'f1': 0.16471, 'auc': 0.84105}
> Epoch 90: took 2.6s (avg 2.1s) | Best so far: epoch 67	train_loss: 0.6485 train_accuracy: 0.7910	val_loss: 2.1552 val_accuracy: 0.3333	test_loss: 2.5453 test_accuracy: 0.4095	F1: 0.3689 Prec: 0.4246 Rec: 0.4095
train: {'epoch': 91, 'time_epoch': 2.16488, 'eta': 293.81597, 'eta_hours': 0.08162, 'loss': 0.5639745, 'lr': 0.00070719, 'params': 276757, 'time_iter': 0.01216, 'accuracy': 0.81199, 'f1': 0.81182, 'auc': 0.99129}
val: {'epoch': 91, 'time_epoch': 0.08228, 'loss': 9.94818708, 'lr': 0, 'params': 276757, 'time_iter': 0.00748, 'accuracy': 0.16061, 'f1': 0.09899, 'auc': 0.76428}
test: {'epoch': 91, 'time_epoch': 0.06919, 'loss': 7.55377408, 'lr': 0, 'params': 276757, 'time_iter': 0.00494, 'accuracy': 0.17857, 'f1': 0.12456, 'auc': 0.77809}
> Epoch 91: took 2.4s (avg 2.1s) | Best so far: epoch 67	train_loss: 0.6485 train_accuracy: 0.7910	val_loss: 2.1552 val_accuracy: 0.3333	test_loss: 2.5453 test_accuracy: 0.4095	F1: 0.3689 Prec: 0.4246 Rec: 0.4095
train: {'epoch': 92, 'time_epoch': 2.06047, 'eta': 292.29549, 'eta_hours': 0.08119, 'loss': 0.57982803, 'lr': 0.00070145, 'params': 276757, 'time_iter': 0.01158, 'accuracy': 0.806, 'f1': 0.80587, 'auc': 0.99081}
val: {'epoch': 92, 'time_epoch': 0.06703, 'loss': 6.91762663, 'lr': 0, 'params': 276757, 'time_iter': 0.00609, 'accuracy': 0.16061, 'f1': 0.07731, 'auc': 0.82347}
test: {'epoch': 92, 'time_epoch': 0.06843, 'loss': 5.70929489, 'lr': 0, 'params': 276757, 'time_iter': 0.00489, 'accuracy': 0.25238, 'f1': 0.17685, 'auc': 0.80777}
> Epoch 92: took 2.3s (avg 2.1s) | Best so far: epoch 67	train_loss: 0.6485 train_accuracy: 0.7910	val_loss: 2.1552 val_accuracy: 0.3333	test_loss: 2.5453 test_accuracy: 0.4095	F1: 0.3689 Prec: 0.4246 Rec: 0.4095
train: {'epoch': 93, 'time_epoch': 2.04813, 'eta': 290.74303, 'eta_hours': 0.08076, 'loss': 0.53466052, 'lr': 0.00069569, 'params': 276757, 'time_iter': 0.01151, 'accuracy': 0.8231, 'f1': 0.82297, 'auc': 0.99214}
val: {'epoch': 93, 'time_epoch': 0.05557, 'loss': 9.08915321, 'lr': 0, 'params': 276757, 'time_iter': 0.00505, 'accuracy': 0.15152, 'f1': 0.06962, 'auc': 0.77489}
test: {'epoch': 93, 'time_epoch': 0.0708, 'loss': 8.16438682, 'lr': 0, 'params': 276757, 'time_iter': 0.00506, 'accuracy': 0.16667, 'f1': 0.11175, 'auc': 0.75883}
> Epoch 93: took 2.3s (avg 2.1s) | Best so far: epoch 67	train_loss: 0.6485 train_accuracy: 0.7910	val_loss: 2.1552 val_accuracy: 0.3333	test_loss: 2.5453 test_accuracy: 0.4095	F1: 0.3689 Prec: 0.4246 Rec: 0.4095
train: {'epoch': 94, 'time_epoch': 2.04007, 'eta': 289.167, 'eta_hours': 0.08032, 'loss': 0.53730773, 'lr': 0.00068989, 'params': 276757, 'time_iter': 0.01146, 'accuracy': 0.81887, 'f1': 0.81884, 'auc': 0.99226}
val: {'epoch': 94, 'time_epoch': 0.06613, 'loss': 10.67945145, 'lr': 0, 'params': 276757, 'time_iter': 0.00601, 'accuracy': 0.13939, 'f1': 0.0586, 'auc': 0.76313}
test: {'epoch': 94, 'time_epoch': 0.06778, 'loss': 8.41242569, 'lr': 0, 'params': 276757, 'time_iter': 0.00484, 'accuracy': 0.19524, 'f1': 0.11933, 'auc': 0.78655}
> Epoch 94: took 2.2s (avg 2.1s) | Best so far: epoch 67	train_loss: 0.6485 train_accuracy: 0.7910	val_loss: 2.1552 val_accuracy: 0.3333	test_loss: 2.5453 test_accuracy: 0.4095	F1: 0.3689 Prec: 0.4246 Rec: 0.4095
train: {'epoch': 95, 'time_epoch': 1.90949, 'eta': 287.37182, 'eta_hours': 0.07983, 'loss': 0.5470136, 'lr': 0.00068406, 'params': 276757, 'time_iter': 0.01073, 'accuracy': 0.81975, 'f1': 0.8197, 'auc': 0.99173}
val: {'epoch': 95, 'time_epoch': 0.05605, 'loss': 9.7020274, 'lr': 0, 'params': 276757, 'time_iter': 0.0051, 'accuracy': 0.13636, 'f1': 0.05281, 'auc': 0.80589}
test: {'epoch': 95, 'time_epoch': 0.09924, 'loss': 7.18797701, 'lr': 0, 'params': 276757, 'time_iter': 0.00709, 'accuracy': 0.16429, 'f1': 0.0937, 'auc': 0.80871}
> Epoch 95: took 2.1s (avg 2.1s) | Best so far: epoch 67	train_loss: 0.6485 train_accuracy: 0.7910	val_loss: 2.1552 val_accuracy: 0.3333	test_loss: 2.5453 test_accuracy: 0.4095	F1: 0.3689 Prec: 0.4246 Rec: 0.4095
train: {'epoch': 96, 'time_epoch': 1.68949, 'eta': 285.22727, 'eta_hours': 0.07923, 'loss': 0.51059302, 'lr': 0.00067821, 'params': 276757, 'time_iter': 0.00949, 'accuracy': 0.83104, 'f1': 0.83096, 'auc': 0.99293}
val: {'epoch': 96, 'time_epoch': 0.05357, 'loss': 5.64118789, 'lr': 0, 'params': 276757, 'time_iter': 0.00487, 'accuracy': 0.25758, 'f1': 0.15621, 'auc': 0.87864}
test: {'epoch': 96, 'time_epoch': 0.06802, 'loss': 5.68001098, 'lr': 0, 'params': 276757, 'time_iter': 0.00486, 'accuracy': 0.27857, 'f1': 0.17859, 'auc': 0.83346}
> Epoch 96: took 1.9s (avg 2.1s) | Best so far: epoch 67	train_loss: 0.6485 train_accuracy: 0.7910	val_loss: 2.1552 val_accuracy: 0.3333	test_loss: 2.5453 test_accuracy: 0.4095	F1: 0.3689 Prec: 0.4246 Rec: 0.4095
train: {'epoch': 97, 'time_epoch': 1.79178, 'eta': 283.25067, 'eta_hours': 0.07868, 'loss': 0.53677001, 'lr': 0.00067232, 'params': 276757, 'time_iter': 0.01007, 'accuracy': 0.82275, 'f1': 0.8227, 'auc': 0.99211}
val: {'epoch': 97, 'time_epoch': 0.05194, 'loss': 9.23592876, 'lr': 0, 'params': 276757, 'time_iter': 0.00472, 'accuracy': 0.14242, 'f1': 0.05848, 'auc': 0.78176}
test: {'epoch': 97, 'time_epoch': 0.06841, 'loss': 7.38000511, 'lr': 0, 'params': 276757, 'time_iter': 0.00489, 'accuracy': 0.20476, 'f1': 0.12601, 'auc': 0.80251}
> Epoch 97: took 2.0s (avg 2.1s) | Best so far: epoch 67	train_loss: 0.6485 train_accuracy: 0.7910	val_loss: 2.1552 val_accuracy: 0.3333	test_loss: 2.5453 test_accuracy: 0.4095	F1: 0.3689 Prec: 0.4246 Rec: 0.4095
train: {'epoch': 98, 'time_epoch': 1.77285, 'eta': 281.24893, 'eta_hours': 0.07812, 'loss': 0.51777697, 'lr': 0.00066641, 'params': 276757, 'time_iter': 0.00996, 'accuracy': 0.82487, 'f1': 0.82482, 'auc': 0.99271}
val: {'epoch': 98, 'time_epoch': 0.05352, 'loss': 3.80033885, 'lr': 0, 'params': 276757, 'time_iter': 0.00487, 'accuracy': 0.29697, 'f1': 0.22859, 'auc': 0.88171}
test: {'epoch': 98, 'time_epoch': 0.07396, 'loss': 2.84674919, 'lr': 0, 'params': 276757, 'time_iter': 0.00528, 'accuracy': 0.31667, 'f1': 0.282, 'auc': 0.88479}
> Epoch 98: took 2.0s (avg 2.1s) | Best so far: epoch 67	train_loss: 0.6485 train_accuracy: 0.7910	val_loss: 2.1552 val_accuracy: 0.3333	test_loss: 2.5453 test_accuracy: 0.4095	F1: 0.3689 Prec: 0.4246 Rec: 0.4095
train: {'epoch': 99, 'time_epoch': 1.86655, 'eta': 279.39231, 'eta_hours': 0.07761, 'loss': 0.50953976, 'lr': 0.00066047, 'params': 276757, 'time_iter': 0.01049, 'accuracy': 0.83139, 'f1': 0.83133, 'auc': 0.99285}
val: {'epoch': 99, 'time_epoch': 0.05779, 'loss': 4.97108368, 'lr': 0, 'params': 276757, 'time_iter': 0.00525, 'accuracy': 0.17273, 'f1': 0.09604, 'auc': 0.83689}
test: {'epoch': 99, 'time_epoch': 0.07369, 'loss': 4.11189899, 'lr': 0, 'params': 276757, 'time_iter': 0.00526, 'accuracy': 0.26905, 'f1': 0.2136, 'auc': 0.83745}
> Epoch 99: took 2.1s (avg 2.1s) | Best so far: epoch 67	train_loss: 0.6485 train_accuracy: 0.7910	val_loss: 2.1552 val_accuracy: 0.3333	test_loss: 2.5453 test_accuracy: 0.4095	F1: 0.3689 Prec: 0.4246 Rec: 0.4095
train: {'epoch': 100, 'time_epoch': 1.76234, 'eta': 277.38176, 'eta_hours': 0.07705, 'loss': 0.49463076, 'lr': 0.00065451, 'params': 276757, 'time_iter': 0.0099, 'accuracy': 0.83298, 'f1': 0.83284, 'auc': 0.99352}
val: {'epoch': 100, 'time_epoch': 0.07005, 'loss': 13.01527494, 'lr': 0, 'params': 276757, 'time_iter': 0.00637, 'accuracy': 0.12121, 'f1': 0.05386, 'auc': 0.7354}
test: {'epoch': 100, 'time_epoch': 0.08076, 'loss': 10.29946198, 'lr': 0, 'params': 276757, 'time_iter': 0.00577, 'accuracy': 0.14524, 'f1': 0.07525, 'auc': 0.77099}
> Epoch 100: took 2.0s (avg 2.1s) | Best so far: epoch 67	train_loss: 0.6485 train_accuracy: 0.7910	val_loss: 2.1552 val_accuracy: 0.3333	test_loss: 2.5453 test_accuracy: 0.4095	F1: 0.3689 Prec: 0.4246 Rec: 0.4095
train: {'epoch': 101, 'time_epoch': 1.87193, 'eta': 275.5351, 'eta_hours': 0.07654, 'loss': 0.47886383, 'lr': 0.00064852, 'params': 276757, 'time_iter': 0.01052, 'accuracy': 0.84039, 'f1': 0.84036, 'auc': 0.99382}
val: {'epoch': 101, 'time_epoch': 0.07846, 'loss': 7.73215111, 'lr': 0, 'params': 276757, 'time_iter': 0.00713, 'accuracy': 0.13939, 'f1': 0.0686, 'auc': 0.80532}
test: {'epoch': 101, 'time_epoch': 0.07313, 'loss': 6.45953454, 'lr': 0, 'params': 276757, 'time_iter': 0.00522, 'accuracy': 0.2, 'f1': 0.12239, 'auc': 0.76838}
> Epoch 101: took 2.1s (avg 2.1s) | Best so far: epoch 67	train_loss: 0.6485 train_accuracy: 0.7910	val_loss: 2.1552 val_accuracy: 0.3333	test_loss: 2.5453 test_accuracy: 0.4095	F1: 0.3689 Prec: 0.4246 Rec: 0.4095
train: {'epoch': 102, 'time_epoch': 1.82211, 'eta': 273.61685, 'eta_hours': 0.076, 'loss': 0.50767428, 'lr': 0.00064251, 'params': 276757, 'time_iter': 0.01024, 'accuracy': 0.8284, 'f1': 0.82832, 'auc': 0.99293}
val: {'epoch': 102, 'time_epoch': 0.05924, 'loss': 11.79276992, 'lr': 0, 'params': 276757, 'time_iter': 0.00539, 'accuracy': 0.11515, 'f1': 0.06503, 'auc': 0.76564}
test: {'epoch': 102, 'time_epoch': 0.08181, 'loss': 8.71860597, 'lr': 0, 'params': 276757, 'time_iter': 0.00584, 'accuracy': 0.13571, 'f1': 0.07992, 'auc': 0.73773}
> Epoch 102: took 2.1s (avg 2.1s) | Best so far: epoch 67	train_loss: 0.6485 train_accuracy: 0.7910	val_loss: 2.1552 val_accuracy: 0.3333	test_loss: 2.5453 test_accuracy: 0.4095	F1: 0.3689 Prec: 0.4246 Rec: 0.4095
train: {'epoch': 103, 'time_epoch': 1.81949, 'eta': 271.69676, 'eta_hours': 0.07547, 'loss': 0.51524701, 'lr': 0.00063648, 'params': 276757, 'time_iter': 0.01022, 'accuracy': 0.82928, 'f1': 0.82923, 'auc': 0.99286}
val: {'epoch': 103, 'time_epoch': 0.06146, 'loss': 5.60257085, 'lr': 0, 'params': 276757, 'time_iter': 0.00559, 'accuracy': 0.21212, 'f1': 0.12664, 'auc': 0.86131}
test: {'epoch': 103, 'time_epoch': 0.07459, 'loss': 4.38295156, 'lr': 0, 'params': 276757, 'time_iter': 0.00533, 'accuracy': 0.27143, 'f1': 0.20511, 'auc': 0.84967}
> Epoch 103: took 2.0s (avg 2.1s) | Best so far: epoch 67	train_loss: 0.6485 train_accuracy: 0.7910	val_loss: 2.1552 val_accuracy: 0.3333	test_loss: 2.5453 test_accuracy: 0.4095	F1: 0.3689 Prec: 0.4246 Rec: 0.4095
train: {'epoch': 104, 'time_epoch': 1.82178, 'eta': 269.78174, 'eta_hours': 0.07494, 'loss': 0.4904358, 'lr': 0.00063042, 'params': 276757, 'time_iter': 0.01023, 'accuracy': 0.83915, 'f1': 0.83909, 'auc': 0.99348}
val: {'epoch': 104, 'time_epoch': 0.0642, 'loss': 4.54326863, 'lr': 0, 'params': 276757, 'time_iter': 0.00584, 'accuracy': 0.23939, 'f1': 0.17401, 'auc': 0.85073}
test: {'epoch': 104, 'time_epoch': 0.08138, 'loss': 4.00369711, 'lr': 0, 'params': 276757, 'time_iter': 0.00581, 'accuracy': 0.19286, 'f1': 0.19041, 'auc': 0.82785}
> Epoch 104: took 2.0s (avg 2.1s) | Best so far: epoch 67	train_loss: 0.6485 train_accuracy: 0.7910	val_loss: 2.1552 val_accuracy: 0.3333	test_loss: 2.5453 test_accuracy: 0.4095	F1: 0.3689 Prec: 0.4246 Rec: 0.4095
train: {'epoch': 105, 'time_epoch': 2.06246, 'eta': 268.19545, 'eta_hours': 0.0745, 'loss': 0.4861889, 'lr': 0.00062434, 'params': 276757, 'time_iter': 0.01159, 'accuracy': 0.8381, 'f1': 0.83799, 'auc': 0.99346}
val: {'epoch': 105, 'time_epoch': 0.05687, 'loss': 14.84660017, 'lr': 0, 'params': 276757, 'time_iter': 0.00517, 'accuracy': 0.14242, 'f1': 0.04943, 'auc': 0.75113}
test: {'epoch': 105, 'time_epoch': 0.0721, 'loss': 12.33970295, 'lr': 0, 'params': 276757, 'time_iter': 0.00515, 'accuracy': 0.14524, 'f1': 0.05601, 'auc': 0.75495}
> Epoch 105: took 2.3s (avg 2.1s) | Best so far: epoch 67	train_loss: 0.6485 train_accuracy: 0.7910	val_loss: 2.1552 val_accuracy: 0.3333	test_loss: 2.5453 test_accuracy: 0.4095	F1: 0.3689 Prec: 0.4246 Rec: 0.4095
train: {'epoch': 106, 'time_epoch': 1.82441, 'eta': 266.28212, 'eta_hours': 0.07397, 'loss': 0.51245376, 'lr': 0.00061825, 'params': 276757, 'time_iter': 0.01025, 'accuracy': 0.83051, 'f1': 0.83038, 'auc': 0.99281}
val: {'epoch': 106, 'time_epoch': 0.06012, 'loss': 5.43598179, 'lr': 0, 'params': 276757, 'time_iter': 0.00547, 'accuracy': 0.18788, 'f1': 0.12008, 'auc': 0.85078}
test: {'epoch': 106, 'time_epoch': 0.06852, 'loss': 4.72295484, 'lr': 0, 'params': 276757, 'time_iter': 0.00489, 'accuracy': 0.29762, 'f1': 0.21935, 'auc': 0.83324}
> Epoch 106: took 2.1s (avg 2.1s) | Best so far: epoch 67	train_loss: 0.6485 train_accuracy: 0.7910	val_loss: 2.1552 val_accuracy: 0.3333	test_loss: 2.5453 test_accuracy: 0.4095	F1: 0.3689 Prec: 0.4246 Rec: 0.4095
train: {'epoch': 107, 'time_epoch': 1.94304, 'eta': 264.52641, 'eta_hours': 0.07348, 'loss': 0.49141162, 'lr': 0.00061214, 'params': 276757, 'time_iter': 0.01092, 'accuracy': 0.83333, 'f1': 0.83325, 'auc': 0.99348}
val: {'epoch': 107, 'time_epoch': 0.05816, 'loss': 10.55927095, 'lr': 0, 'params': 276757, 'time_iter': 0.00529, 'accuracy': 0.14848, 'f1': 0.07209, 'auc': 0.80746}
test: {'epoch': 107, 'time_epoch': 0.08087, 'loss': 9.33545829, 'lr': 0, 'params': 276757, 'time_iter': 0.00578, 'accuracy': 0.17619, 'f1': 0.10502, 'auc': 0.75869}
> Epoch 107: took 2.1s (avg 2.1s) | Best so far: epoch 67	train_loss: 0.6485 train_accuracy: 0.7910	val_loss: 2.1552 val_accuracy: 0.3333	test_loss: 2.5453 test_accuracy: 0.4095	F1: 0.3689 Prec: 0.4246 Rec: 0.4095
train: {'epoch': 108, 'time_epoch': 1.88361, 'eta': 262.69038, 'eta_hours': 0.07297, 'loss': 0.4706547, 'lr': 0.000606, 'params': 276757, 'time_iter': 0.01058, 'accuracy': 0.84462, 'f1': 0.84449, 'auc': 0.99397}
val: {'epoch': 108, 'time_epoch': 0.0517, 'loss': 9.06619651, 'lr': 0, 'params': 276757, 'time_iter': 0.0047, 'accuracy': 0.13636, 'f1': 0.05291, 'auc': 0.81303}
test: {'epoch': 108, 'time_epoch': 0.07144, 'loss': 8.08824874, 'lr': 0, 'params': 276757, 'time_iter': 0.0051, 'accuracy': 0.15714, 'f1': 0.09127, 'auc': 0.76913}
> Epoch 108: took 2.1s (avg 2.1s) | Best so far: epoch 67	train_loss: 0.6485 train_accuracy: 0.7910	val_loss: 2.1552 val_accuracy: 0.3333	test_loss: 2.5453 test_accuracy: 0.4095	F1: 0.3689 Prec: 0.4246 Rec: 0.4095
train: {'epoch': 109, 'time_epoch': 1.85154, 'eta': 260.81268, 'eta_hours': 0.07245, 'loss': 0.44406522, 'lr': 0.00059985, 'params': 276757, 'time_iter': 0.0104, 'accuracy': 0.85168, 'f1': 0.85164, 'auc': 0.99467}
val: {'epoch': 109, 'time_epoch': 0.05615, 'loss': 6.20296132, 'lr': 0, 'params': 276757, 'time_iter': 0.0051, 'accuracy': 0.22424, 'f1': 0.1344, 'auc': 0.84973}
test: {'epoch': 109, 'time_epoch': 0.07142, 'loss': 5.22379402, 'lr': 0, 'params': 276757, 'time_iter': 0.0051, 'accuracy': 0.23333, 'f1': 0.15366, 'auc': 0.83577}
> Epoch 109: took 2.0s (avg 2.1s) | Best so far: epoch 67	train_loss: 0.6485 train_accuracy: 0.7910	val_loss: 2.1552 val_accuracy: 0.3333	test_loss: 2.5453 test_accuracy: 0.4095	F1: 0.3689 Prec: 0.4246 Rec: 0.4095
train: {'epoch': 110, 'time_epoch': 2.01805, 'eta': 259.14396, 'eta_hours': 0.07198, 'loss': 0.46018685, 'lr': 0.00059369, 'params': 276757, 'time_iter': 0.01134, 'accuracy': 0.84938, 'f1': 0.84935, 'auc': 0.99409}
val: {'epoch': 110, 'time_epoch': 0.05886, 'loss': 10.30286186, 'lr': 0, 'params': 276757, 'time_iter': 0.00535, 'accuracy': 0.14242, 'f1': 0.05047, 'auc': 0.83114}
test: {'epoch': 110, 'time_epoch': 0.09202, 'loss': 9.19939943, 'lr': 0, 'params': 276757, 'time_iter': 0.00657, 'accuracy': 0.15238, 'f1': 0.0745, 'auc': 0.7716}
> Epoch 110: took 2.3s (avg 2.1s) | Best so far: epoch 67	train_loss: 0.6485 train_accuracy: 0.7910	val_loss: 2.1552 val_accuracy: 0.3333	test_loss: 2.5453 test_accuracy: 0.4095	F1: 0.3689 Prec: 0.4246 Rec: 0.4095
train: {'epoch': 111, 'time_epoch': 1.76557, 'eta': 257.15792, 'eta_hours': 0.07143, 'loss': 0.45204848, 'lr': 0.00058751, 'params': 276757, 'time_iter': 0.00992, 'accuracy': 0.84956, 'f1': 0.84942, 'auc': 0.99445}
val: {'epoch': 111, 'time_epoch': 0.05551, 'loss': 3.30580115, 'lr': 0, 'params': 276757, 'time_iter': 0.00505, 'accuracy': 0.27576, 'f1': 0.21431, 'auc': 0.90089}
test: {'epoch': 111, 'time_epoch': 0.08468, 'loss': 3.91755002, 'lr': 0, 'params': 276757, 'time_iter': 0.00605, 'accuracy': 0.36905, 'f1': 0.29744, 'auc': 0.84945}
> Epoch 111: took 2.0s (avg 2.1s) | Best so far: epoch 67	train_loss: 0.6485 train_accuracy: 0.7910	val_loss: 2.1552 val_accuracy: 0.3333	test_loss: 2.5453 test_accuracy: 0.4095	F1: 0.3689 Prec: 0.4246 Rec: 0.4095
train: {'epoch': 112, 'time_epoch': 2.15984, 'eta': 255.65378, 'eta_hours': 0.07101, 'loss': 0.4546587, 'lr': 0.00058132, 'params': 276757, 'time_iter': 0.01213, 'accuracy': 0.85203, 'f1': 0.85196, 'auc': 0.99423}
val: {'epoch': 112, 'time_epoch': 0.04804, 'loss': 6.74204502, 'lr': 0, 'params': 276757, 'time_iter': 0.00437, 'accuracy': 0.11818, 'f1': 0.05128, 'auc': 0.82652}
test: {'epoch': 112, 'time_epoch': 0.07503, 'loss': 6.12166983, 'lr': 0, 'params': 276757, 'time_iter': 0.00536, 'accuracy': 0.20714, 'f1': 0.14414, 'auc': 0.79978}
> Epoch 112: took 2.4s (avg 2.1s) | Best so far: epoch 67	train_loss: 0.6485 train_accuracy: 0.7910	val_loss: 2.1552 val_accuracy: 0.3333	test_loss: 2.5453 test_accuracy: 0.4095	F1: 0.3689 Prec: 0.4246 Rec: 0.4095
train: {'epoch': 113, 'time_epoch': 2.01795, 'eta': 253.96887, 'eta_hours': 0.07055, 'loss': 0.44848079, 'lr': 0.00057511, 'params': 276757, 'time_iter': 0.01134, 'accuracy': 0.85009, 'f1': 0.85015, 'auc': 0.99453}
val: {'epoch': 113, 'time_epoch': 0.06005, 'loss': 12.48070637, 'lr': 0, 'params': 276757, 'time_iter': 0.00546, 'accuracy': 0.12121, 'f1': 0.0483, 'auc': 0.78984}
test: {'epoch': 113, 'time_epoch': 0.06983, 'loss': 9.98866128, 'lr': 0, 'params': 276757, 'time_iter': 0.00499, 'accuracy': 0.17381, 'f1': 0.08729, 'auc': 0.77771}
> Epoch 113: took 2.2s (avg 2.1s) | Best so far: epoch 67	train_loss: 0.6485 train_accuracy: 0.7910	val_loss: 2.1552 val_accuracy: 0.3333	test_loss: 2.5453 test_accuracy: 0.4095	F1: 0.3689 Prec: 0.4246 Rec: 0.4095
train: {'epoch': 114, 'time_epoch': 2.0182, 'eta': 252.27845, 'eta_hours': 0.07008, 'loss': 0.43804917, 'lr': 0.0005689, 'params': 276757, 'time_iter': 0.01134, 'accuracy': 0.8552, 'f1': 0.8552, 'auc': 0.99457}
val: {'epoch': 114, 'time_epoch': 0.06038, 'loss': 4.03108169, 'lr': 0, 'params': 276757, 'time_iter': 0.00549, 'accuracy': 0.2697, 'f1': 0.18543, 'auc': 0.91895}
test: {'epoch': 114, 'time_epoch': 0.06474, 'loss': 4.77244602, 'lr': 0, 'params': 276757, 'time_iter': 0.00462, 'accuracy': 0.27857, 'f1': 0.22531, 'auc': 0.81101}
> Epoch 114: took 2.2s (avg 2.1s) | Best so far: epoch 67	train_loss: 0.6485 train_accuracy: 0.7910	val_loss: 2.1552 val_accuracy: 0.3333	test_loss: 2.5453 test_accuracy: 0.4095	F1: 0.3689 Prec: 0.4246 Rec: 0.4095
train: {'epoch': 115, 'time_epoch': 2.23439, 'eta': 250.83212, 'eta_hours': 0.06968, 'loss': 0.45002051, 'lr': 0.00056267, 'params': 276757, 'time_iter': 0.01255, 'accuracy': 0.85362, 'f1': 0.85365, 'auc': 0.99427}
val: {'epoch': 115, 'time_epoch': 0.04929, 'loss': 3.55269902, 'lr': 0, 'params': 276757, 'time_iter': 0.00448, 'accuracy': 0.31515, 'f1': 0.26077, 'auc': 0.8872}
test: {'epoch': 115, 'time_epoch': 0.0811, 'loss': 3.21816239, 'lr': 0, 'params': 276757, 'time_iter': 0.00579, 'accuracy': 0.35, 'f1': 0.31988, 'auc': 0.87107}
> Epoch 115: took 2.5s (avg 2.1s) | Best so far: epoch 67	train_loss: 0.6485 train_accuracy: 0.7910	val_loss: 2.1552 val_accuracy: 0.3333	test_loss: 2.5453 test_accuracy: 0.4095	F1: 0.3689 Prec: 0.4246 Rec: 0.4095
train: {'epoch': 116, 'time_epoch': 1.94256, 'eta': 249.04059, 'eta_hours': 0.06918, 'loss': 0.44942522, 'lr': 0.00055643, 'params': 276757, 'time_iter': 0.01091, 'accuracy': 0.85362, 'f1': 0.85356, 'auc': 0.99436}
val: {'epoch': 116, 'time_epoch': 0.05709, 'loss': 8.59614226, 'lr': 0, 'params': 276757, 'time_iter': 0.00519, 'accuracy': 0.13333, 'f1': 0.04635, 'auc': 0.82068}
test: {'epoch': 116, 'time_epoch': 0.06897, 'loss': 6.59978908, 'lr': 0, 'params': 276757, 'time_iter': 0.00493, 'accuracy': 0.19048, 'f1': 0.09197, 'auc': 0.82287}
> Epoch 116: took 2.2s (avg 2.1s) | Best so far: epoch 67	train_loss: 0.6485 train_accuracy: 0.7910	val_loss: 2.1552 val_accuracy: 0.3333	test_loss: 2.5453 test_accuracy: 0.4095	F1: 0.3689 Prec: 0.4246 Rec: 0.4095
train: {'epoch': 117, 'time_epoch': 1.93301, 'eta': 247.2358, 'eta_hours': 0.06868, 'loss': 0.45136224, 'lr': 0.00055018, 'params': 276757, 'time_iter': 0.01086, 'accuracy': 0.85185, 'f1': 0.8518, 'auc': 0.99433}
val: {'epoch': 117, 'time_epoch': 0.05677, 'loss': 4.96160487, 'lr': 0, 'params': 276757, 'time_iter': 0.00516, 'accuracy': 0.2, 'f1': 0.14733, 'auc': 0.8587}
test: {'epoch': 117, 'time_epoch': 0.07191, 'loss': 3.93342292, 'lr': 0, 'params': 276757, 'time_iter': 0.00514, 'accuracy': 0.32143, 'f1': 0.28265, 'auc': 0.87296}
> Epoch 117: took 2.2s (avg 2.1s) | Best so far: epoch 67	train_loss: 0.6485 train_accuracy: 0.7910	val_loss: 2.1552 val_accuracy: 0.3333	test_loss: 2.5453 test_accuracy: 0.4095	F1: 0.3689 Prec: 0.4246 Rec: 0.4095
train: {'epoch': 118, 'time_epoch': 1.91148, 'eta': 245.40517, 'eta_hours': 0.06817, 'loss': 0.41092054, 'lr': 0.00054393, 'params': 276757, 'time_iter': 0.01074, 'accuracy': 0.8612, 'f1': 0.86124, 'auc': 0.9954}
val: {'epoch': 118, 'time_epoch': 0.05458, 'loss': 7.61913129, 'lr': 0, 'params': 276757, 'time_iter': 0.00496, 'accuracy': 0.11515, 'f1': 0.05851, 'auc': 0.79616}
test: {'epoch': 118, 'time_epoch': 0.07498, 'loss': 6.37810911, 'lr': 0, 'params': 276757, 'time_iter': 0.00536, 'accuracy': 0.21429, 'f1': 0.15806, 'auc': 0.78938}
> Epoch 118: took 2.1s (avg 2.1s) | Best so far: epoch 67	train_loss: 0.6485 train_accuracy: 0.7910	val_loss: 2.1552 val_accuracy: 0.3333	test_loss: 2.5453 test_accuracy: 0.4095	F1: 0.3689 Prec: 0.4246 Rec: 0.4095
train: {'epoch': 119, 'time_epoch': 2.01567, 'eta': 243.68606, 'eta_hours': 0.06769, 'loss': 0.45665621, 'lr': 0.00053766, 'params': 276757, 'time_iter': 0.01132, 'accuracy': 0.85115, 'f1': 0.85107, 'auc': 0.99414}
val: {'epoch': 119, 'time_epoch': 0.07473, 'loss': 5.07075123, 'lr': 0, 'params': 276757, 'time_iter': 0.00679, 'accuracy': 0.19394, 'f1': 0.12439, 'auc': 0.86518}
test: {'epoch': 119, 'time_epoch': 0.10582, 'loss': 4.87161801, 'lr': 0, 'params': 276757, 'time_iter': 0.00756, 'accuracy': 0.25714, 'f1': 0.1853, 'auc': 0.82919}
> Epoch 119: took 2.3s (avg 2.1s) | Best so far: epoch 67	train_loss: 0.6485 train_accuracy: 0.7910	val_loss: 2.1552 val_accuracy: 0.3333	test_loss: 2.5453 test_accuracy: 0.4095	F1: 0.3689 Prec: 0.4246 Rec: 0.4095
train: {'epoch': 120, 'time_epoch': 1.82975, 'eta': 241.76384, 'eta_hours': 0.06716, 'loss': 0.42411619, 'lr': 0.0005314, 'params': 276757, 'time_iter': 0.01028, 'accuracy': 0.86102, 'f1': 0.86093, 'auc': 0.99488}
val: {'epoch': 120, 'time_epoch': 0.05106, 'loss': 4.42812873, 'lr': 0, 'params': 276757, 'time_iter': 0.00464, 'accuracy': 0.20303, 'f1': 0.13429, 'auc': 0.88002}
test: {'epoch': 120, 'time_epoch': 0.08211, 'loss': 4.77889929, 'lr': 0, 'params': 276757, 'time_iter': 0.00587, 'accuracy': 0.29524, 'f1': 0.19889, 'auc': 0.82646}
> Epoch 120: took 2.0s (avg 2.1s) | Best so far: epoch 67	train_loss: 0.6485 train_accuracy: 0.7910	val_loss: 2.1552 val_accuracy: 0.3333	test_loss: 2.5453 test_accuracy: 0.4095	F1: 0.3689 Prec: 0.4246 Rec: 0.4095
train: {'epoch': 121, 'time_epoch': 1.81762, 'eta': 239.8304, 'eta_hours': 0.06662, 'loss': 0.43196345, 'lr': 0.00052512, 'params': 276757, 'time_iter': 0.01021, 'accuracy': 0.85661, 'f1': 0.85654, 'auc': 0.9949}
val: {'epoch': 121, 'time_epoch': 0.05236, 'loss': 6.21402954, 'lr': 0, 'params': 276757, 'time_iter': 0.00476, 'accuracy': 0.17273, 'f1': 0.10647, 'auc': 0.85045}
test: {'epoch': 121, 'time_epoch': 0.08313, 'loss': 5.76171045, 'lr': 0, 'params': 276757, 'time_iter': 0.00594, 'accuracy': 0.26905, 'f1': 0.21653, 'auc': 0.80637}
> Epoch 121: took 2.1s (avg 2.1s) | Best so far: epoch 67	train_loss: 0.6485 train_accuracy: 0.7910	val_loss: 2.1552 val_accuracy: 0.3333	test_loss: 2.5453 test_accuracy: 0.4095	F1: 0.3689 Prec: 0.4246 Rec: 0.4095
train: {'epoch': 122, 'time_epoch': 1.87975, 'eta': 237.963, 'eta_hours': 0.0661, 'loss': 0.4046098, 'lr': 0.00051885, 'params': 276757, 'time_iter': 0.01056, 'accuracy': 0.86402, 'f1': 0.86411, 'auc': 0.99546}
val: {'epoch': 122, 'time_epoch': 0.06202, 'loss': 10.64480195, 'lr': 0, 'params': 276757, 'time_iter': 0.00564, 'accuracy': 0.17879, 'f1': 0.08084, 'auc': 0.78573}
test: {'epoch': 122, 'time_epoch': 0.07271, 'loss': 8.17208709, 'lr': 0, 'params': 276757, 'time_iter': 0.00519, 'accuracy': 0.17143, 'f1': 0.09198, 'auc': 0.77812}
> Epoch 122: took 2.1s (avg 2.1s) | Best so far: epoch 67	train_loss: 0.6485 train_accuracy: 0.7910	val_loss: 2.1552 val_accuracy: 0.3333	test_loss: 2.5453 test_accuracy: 0.4095	F1: 0.3689 Prec: 0.4246 Rec: 0.4095
train: {'epoch': 123, 'time_epoch': 1.79569, 'eta': 236.00997, 'eta_hours': 0.06556, 'loss': 0.43610505, 'lr': 0.00051257, 'params': 276757, 'time_iter': 0.01009, 'accuracy': 0.8485, 'f1': 0.84848, 'auc': 0.99484}
val: {'epoch': 123, 'time_epoch': 0.0554, 'loss': 5.60411986, 'lr': 0, 'params': 276757, 'time_iter': 0.00504, 'accuracy': 0.16364, 'f1': 0.09203, 'auc': 0.84853}
test: {'epoch': 123, 'time_epoch': 0.0681, 'loss': 5.02899841, 'lr': 0, 'params': 276757, 'time_iter': 0.00486, 'accuracy': 0.2881, 'f1': 0.19462, 'auc': 0.84658}
> Epoch 123: took 2.0s (avg 2.1s) | Best so far: epoch 67	train_loss: 0.6485 train_accuracy: 0.7910	val_loss: 2.1552 val_accuracy: 0.3333	test_loss: 2.5453 test_accuracy: 0.4095	F1: 0.3689 Prec: 0.4246 Rec: 0.4095
train: {'epoch': 124, 'time_epoch': 1.75154, 'eta': 234.01532, 'eta_hours': 0.065, 'loss': 0.42678691, 'lr': 0.00050628, 'params': 276757, 'time_iter': 0.00984, 'accuracy': 0.8575, 'f1': 0.8575, 'auc': 0.99508}
val: {'epoch': 124, 'time_epoch': 0.05328, 'loss': 4.53605565, 'lr': 0, 'params': 276757, 'time_iter': 0.00484, 'accuracy': 0.26364, 'f1': 0.2003, 'auc': 0.87497}
test: {'epoch': 124, 'time_epoch': 0.06594, 'loss': 4.0750927, 'lr': 0, 'params': 276757, 'time_iter': 0.00471, 'accuracy': 0.34286, 'f1': 0.2533, 'auc': 0.87352}
> Epoch 124: took 1.9s (avg 2.1s) | Best so far: epoch 67	train_loss: 0.6485 train_accuracy: 0.7910	val_loss: 2.1552 val_accuracy: 0.3333	test_loss: 2.5453 test_accuracy: 0.4095	F1: 0.3689 Prec: 0.4246 Rec: 0.4095
train: {'epoch': 125, 'time_epoch': 1.75044, 'eta': 232.02345, 'eta_hours': 0.06445, 'loss': 0.43297122, 'lr': 0.0005, 'params': 276757, 'time_iter': 0.00983, 'accuracy': 0.85573, 'f1': 0.8556, 'auc': 0.99482}
val: {'epoch': 125, 'time_epoch': 0.056, 'loss': 12.59808447, 'lr': 0, 'params': 276757, 'time_iter': 0.00509, 'accuracy': 0.13939, 'f1': 0.0571, 'auc': 0.75974}
test: {'epoch': 125, 'time_epoch': 0.0811, 'loss': 9.50868829, 'lr': 0, 'params': 276757, 'time_iter': 0.00579, 'accuracy': 0.16667, 'f1': 0.0897, 'auc': 0.79291}
> Epoch 125: took 2.0s (avg 2.1s) | Best so far: epoch 67	train_loss: 0.6485 train_accuracy: 0.7910	val_loss: 2.1552 val_accuracy: 0.3333	test_loss: 2.5453 test_accuracy: 0.4095	F1: 0.3689 Prec: 0.4246 Rec: 0.4095
train: {'epoch': 126, 'time_epoch': 1.68327, 'eta': 229.97032, 'eta_hours': 0.06388, 'loss': 0.42443944, 'lr': 0.00049372, 'params': 276757, 'time_iter': 0.00946, 'accuracy': 0.85714, 'f1': 0.85718, 'auc': 0.995}
val: {'epoch': 126, 'time_epoch': 0.05184, 'loss': 3.65396994, 'lr': 0, 'params': 276757, 'time_iter': 0.00471, 'accuracy': 0.30606, 'f1': 0.25555, 'auc': 0.90384}
test: {'epoch': 126, 'time_epoch': 0.06369, 'loss': 3.32282562, 'lr': 0, 'params': 276757, 'time_iter': 0.00455, 'accuracy': 0.3619, 'f1': 0.30805, 'auc': 0.87278}
> Epoch 126: took 1.9s (avg 2.1s) | Best so far: epoch 67	train_loss: 0.6485 train_accuracy: 0.7910	val_loss: 2.1552 val_accuracy: 0.3333	test_loss: 2.5453 test_accuracy: 0.4095	F1: 0.3689 Prec: 0.4246 Rec: 0.4095
train: {'epoch': 127, 'time_epoch': 1.99423, 'eta': 228.21935, 'eta_hours': 0.06339, 'loss': 0.40225679, 'lr': 0.00048743, 'params': 276757, 'time_iter': 0.0112, 'accuracy': 0.86561, 'f1': 0.86569, 'auc': 0.99559}
val: {'epoch': 127, 'time_epoch': 0.06399, 'loss': 2.47622458, 'lr': 0, 'params': 276757, 'time_iter': 0.00582, 'accuracy': 0.41212, 'f1': 0.32962, 'auc': 0.95017}
test: {'epoch': 127, 'time_epoch': 0.07325, 'loss': 3.27564267, 'lr': 0, 'params': 276757, 'time_iter': 0.00523, 'accuracy': 0.39762, 'f1': 0.32767, 'auc': 0.87902}
[*] Confusion Matrix saved to: results_lopo_none/LR_3m\Conf\confusion_matrix_epoch_127.png
> Epoch 127: took 2.2s (avg 2.1s) | Best so far: epoch 127	train_loss: 0.4023 train_accuracy: 0.8656	val_loss: 2.4762 val_accuracy: 0.4121	test_loss: 3.2756 test_accuracy: 0.3976	F1: 0.3277 Prec: 0.4129 Rec: 0.3976
train: {'epoch': 128, 'time_epoch': 1.86093, 'eta': 226.33958, 'eta_hours': 0.06287, 'loss': 0.41984626, 'lr': 0.00048115, 'params': 276757, 'time_iter': 0.01045, 'accuracy': 0.86226, 'f1': 0.86229, 'auc': 0.99507}
val: {'epoch': 128, 'time_epoch': 0.05226, 'loss': 5.52942725, 'lr': 0, 'params': 276757, 'time_iter': 0.00475, 'accuracy': 0.21818, 'f1': 0.13999, 'auc': 0.85128}
test: {'epoch': 128, 'time_epoch': 0.06362, 'loss': 4.9499647, 'lr': 0, 'params': 276757, 'time_iter': 0.00454, 'accuracy': 0.29286, 'f1': 0.20524, 'auc': 0.83566}
> Epoch 128: took 2.0s (avg 2.1s) | Best so far: epoch 127	train_loss: 0.4023 train_accuracy: 0.8656	val_loss: 2.4762 val_accuracy: 0.4121	test_loss: 3.2756 test_accuracy: 0.3976	F1: 0.3277 Prec: 0.4129 Rec: 0.3976
train: {'epoch': 129, 'time_epoch': 2.01176, 'eta': 224.59934, 'eta_hours': 0.06239, 'loss': 0.40017041, 'lr': 0.00047488, 'params': 276757, 'time_iter': 0.0113, 'accuracy': 0.86966, 'f1': 0.86963, 'auc': 0.9956}
val: {'epoch': 129, 'time_epoch': 0.06695, 'loss': 4.71112478, 'lr': 0, 'params': 276757, 'time_iter': 0.00609, 'accuracy': 0.27273, 'f1': 0.22216, 'auc': 0.87823}
test: {'epoch': 129, 'time_epoch': 0.06943, 'loss': 4.80575183, 'lr': 0, 'params': 276757, 'time_iter': 0.00496, 'accuracy': 0.2881, 'f1': 0.2266, 'auc': 0.84268}
> Epoch 129: took 2.2s (avg 2.1s) | Best so far: epoch 127	train_loss: 0.4023 train_accuracy: 0.8656	val_loss: 2.4762 val_accuracy: 0.4121	test_loss: 3.2756 test_accuracy: 0.3976	F1: 0.3277 Prec: 0.4129 Rec: 0.3976
train: {'epoch': 130, 'time_epoch': 2.01824, 'eta': 222.86083, 'eta_hours': 0.06191, 'loss': 0.39079274, 'lr': 0.0004686, 'params': 276757, 'time_iter': 0.01134, 'accuracy': 0.8709, 'f1': 0.87093, 'auc': 0.99575}
val: {'epoch': 130, 'time_epoch': 0.0589, 'loss': 7.72824105, 'lr': 0, 'params': 276757, 'time_iter': 0.00535, 'accuracy': 0.16061, 'f1': 0.09462, 'auc': 0.79596}
test: {'epoch': 130, 'time_epoch': 0.07699, 'loss': 6.56048707, 'lr': 0, 'params': 276757, 'time_iter': 0.0055, 'accuracy': 0.23333, 'f1': 0.16824, 'auc': 0.81102}
> Epoch 130: took 2.2s (avg 2.1s) | Best so far: epoch 127	train_loss: 0.4023 train_accuracy: 0.8656	val_loss: 2.4762 val_accuracy: 0.4121	test_loss: 3.2756 test_accuracy: 0.3976	F1: 0.3277 Prec: 0.4129 Rec: 0.3976
train: {'epoch': 131, 'time_epoch': 1.90112, 'eta': 221.01338, 'eta_hours': 0.06139, 'loss': 0.39337418, 'lr': 0.00046234, 'params': 276757, 'time_iter': 0.01068, 'accuracy': 0.87072, 'f1': 0.87072, 'auc': 0.99577}
val: {'epoch': 131, 'time_epoch': 0.09456, 'loss': 3.85863883, 'lr': 0, 'params': 276757, 'time_iter': 0.0086, 'accuracy': 0.26364, 'f1': 0.19807, 'auc': 0.896}
test: {'epoch': 131, 'time_epoch': 0.10314, 'loss': 4.30686556, 'lr': 0, 'params': 276757, 'time_iter': 0.00737, 'accuracy': 0.34286, 'f1': 0.2492, 'auc': 0.85438}
> Epoch 131: took 2.2s (avg 2.1s) | Best so far: epoch 127	train_loss: 0.4023 train_accuracy: 0.8656	val_loss: 2.4762 val_accuracy: 0.4121	test_loss: 3.2756 test_accuracy: 0.3976	F1: 0.3277 Prec: 0.4129 Rec: 0.3976
train: {'epoch': 132, 'time_epoch': 2.03615, 'eta': 219.28391, 'eta_hours': 0.06091, 'loss': 0.38723787, 'lr': 0.00045607, 'params': 276757, 'time_iter': 0.01144, 'accuracy': 0.87443, 'f1': 0.87443, 'auc': 0.99582}
val: {'epoch': 132, 'time_epoch': 0.05565, 'loss': 6.97097427, 'lr': 0, 'params': 276757, 'time_iter': 0.00506, 'accuracy': 0.14848, 'f1': 0.0873, 'auc': 0.84707}
test: {'epoch': 132, 'time_epoch': 0.10579, 'loss': 6.46788916, 'lr': 0, 'params': 276757, 'time_iter': 0.00756, 'accuracy': 0.28571, 'f1': 0.20667, 'auc': 0.81619}
> Epoch 132: took 2.3s (avg 2.1s) | Best so far: epoch 127	train_loss: 0.4023 train_accuracy: 0.8656	val_loss: 2.4762 val_accuracy: 0.4121	test_loss: 3.2756 test_accuracy: 0.3976	F1: 0.3277 Prec: 0.4129 Rec: 0.3976
train: {'epoch': 133, 'time_epoch': 1.70622, 'eta': 217.26425, 'eta_hours': 0.06035, 'loss': 0.37996158, 'lr': 0.00044982, 'params': 276757, 'time_iter': 0.00959, 'accuracy': 0.87707, 'f1': 0.8771, 'auc': 0.99602}
val: {'epoch': 133, 'time_epoch': 0.0551, 'loss': 10.61414282, 'lr': 0, 'params': 276757, 'time_iter': 0.00501, 'accuracy': 0.15152, 'f1': 0.06786, 'auc': 0.76961}
test: {'epoch': 133, 'time_epoch': 0.06766, 'loss': 8.78994339, 'lr': 0, 'params': 276757, 'time_iter': 0.00483, 'accuracy': 0.16667, 'f1': 0.09913, 'auc': 0.79079}
> Epoch 133: took 1.9s (avg 2.1s) | Best so far: epoch 127	train_loss: 0.4023 train_accuracy: 0.8656	val_loss: 2.4762 val_accuracy: 0.4121	test_loss: 3.2756 test_accuracy: 0.3976	F1: 0.3277 Prec: 0.4129 Rec: 0.3976
train: {'epoch': 134, 'time_epoch': 1.81042, 'eta': 215.338, 'eta_hours': 0.05982, 'loss': 0.39405558, 'lr': 0.00044357, 'params': 276757, 'time_iter': 0.01017, 'accuracy': 0.87196, 'f1': 0.87205, 'auc': 0.99567}
val: {'epoch': 134, 'time_epoch': 0.05243, 'loss': 5.80002529, 'lr': 0, 'params': 276757, 'time_iter': 0.00477, 'accuracy': 0.20909, 'f1': 0.12942, 'auc': 0.86913}
test: {'epoch': 134, 'time_epoch': 0.07677, 'loss': 5.15003919, 'lr': 0, 'params': 276757, 'time_iter': 0.00548, 'accuracy': 0.22143, 'f1': 0.15297, 'auc': 0.83824}
> Epoch 134: took 2.0s (avg 2.1s) | Best so far: epoch 127	train_loss: 0.4023 train_accuracy: 0.8656	val_loss: 2.4762 val_accuracy: 0.4121	test_loss: 3.2756 test_accuracy: 0.3976	F1: 0.3277 Prec: 0.4129 Rec: 0.3976
train: {'epoch': 135, 'time_epoch': 1.70542, 'eta': 213.32544, 'eta_hours': 0.05926, 'loss': 0.37772575, 'lr': 0.00043733, 'params': 276757, 'time_iter': 0.00958, 'accuracy': 0.87496, 'f1': 0.87498, 'auc': 0.99608}
val: {'epoch': 135, 'time_epoch': 0.07429, 'loss': 2.01663701, 'lr': 0, 'params': 276757, 'time_iter': 0.00675, 'accuracy': 0.44848, 'f1': 0.42289, 'auc': 0.94727}
test: {'epoch': 135, 'time_epoch': 0.06723, 'loss': 2.238719, 'lr': 0, 'params': 276757, 'time_iter': 0.0048, 'accuracy': 0.48333, 'f1': 0.45193, 'auc': 0.92184}
[*] Confusion Matrix saved to: results_lopo_none/LR_3m\Conf\confusion_matrix_epoch_135.png
> Epoch 135: took 1.9s (avg 2.1s) | Best so far: epoch 135	train_loss: 0.3777 train_accuracy: 0.8750	val_loss: 2.0166 val_accuracy: 0.4485	test_loss: 2.2387 test_accuracy: 0.4833	F1: 0.4519 Prec: 0.5658 Rec: 0.4833
train: {'epoch': 136, 'time_epoch': 1.7653, 'eta': 211.36675, 'eta_hours': 0.05871, 'loss': 0.38082616, 'lr': 0.0004311, 'params': 276757, 'time_iter': 0.00992, 'accuracy': 0.87566, 'f1': 0.87566, 'auc': 0.99589}
val: {'epoch': 136, 'time_epoch': 0.0583, 'loss': 1.62767793, 'lr': 0, 'params': 276757, 'time_iter': 0.0053, 'accuracy': 0.49394, 'f1': 0.48436, 'auc': 0.95217}
test: {'epoch': 136, 'time_epoch': 0.07271, 'loss': 2.61624008, 'lr': 0, 'params': 276757, 'time_iter': 0.00519, 'accuracy': 0.45952, 'f1': 0.40712, 'auc': 0.89069}
[*] Confusion Matrix saved to: results_lopo_none/LR_3m\Conf\confusion_matrix_epoch_136.png
> Epoch 136: took 2.0s (avg 2.1s) | Best so far: epoch 136	train_loss: 0.3808 train_accuracy: 0.8757	val_loss: 1.6277 val_accuracy: 0.4939	test_loss: 2.6162 test_accuracy: 0.4595	F1: 0.4071 Prec: 0.4549 Rec: 0.4595
train: {'epoch': 137, 'time_epoch': 1.72551, 'eta': 209.37857, 'eta_hours': 0.05816, 'loss': 0.38807922, 'lr': 0.00042489, 'params': 276757, 'time_iter': 0.00969, 'accuracy': 0.87443, 'f1': 0.87453, 'auc': 0.99591}
val: {'epoch': 137, 'time_epoch': 0.06793, 'loss': 2.667211, 'lr': 0, 'params': 276757, 'time_iter': 0.00618, 'accuracy': 0.41212, 'f1': 0.36796, 'auc': 0.9277}
test: {'epoch': 137, 'time_epoch': 0.09951, 'loss': 3.53449087, 'lr': 0, 'params': 276757, 'time_iter': 0.00711, 'accuracy': 0.34048, 'f1': 0.31562, 'auc': 0.8508}
> Epoch 137: took 2.0s (avg 2.1s) | Best so far: epoch 136	train_loss: 0.3808 train_accuracy: 0.8757	val_loss: 1.6277 val_accuracy: 0.4939	test_loss: 2.6162 test_accuracy: 0.4595	F1: 0.4071 Prec: 0.4549 Rec: 0.4595
train: {'epoch': 138, 'time_epoch': 1.89023, 'eta': 207.52572, 'eta_hours': 0.05765, 'loss': 0.39679227, 'lr': 0.00041868, 'params': 276757, 'time_iter': 0.01062, 'accuracy': 0.86384, 'f1': 0.86378, 'auc': 0.99569}
val: {'epoch': 138, 'time_epoch': 0.05259, 'loss': 8.47575678, 'lr': 0, 'params': 276757, 'time_iter': 0.00478, 'accuracy': 0.14242, 'f1': 0.05867, 'auc': 0.83107}
test: {'epoch': 138, 'time_epoch': 0.0721, 'loss': 6.61471847, 'lr': 0, 'params': 276757, 'time_iter': 0.00515, 'accuracy': 0.2119, 'f1': 0.12521, 'auc': 0.79772}
> Epoch 138: took 2.1s (avg 2.1s) | Best so far: epoch 136	train_loss: 0.3808 train_accuracy: 0.8757	val_loss: 1.6277 val_accuracy: 0.4939	test_loss: 2.6162 test_accuracy: 0.4595	F1: 0.4071 Prec: 0.4549 Rec: 0.4595
train: {'epoch': 139, 'time_epoch': 1.73029, 'eta': 205.54666, 'eta_hours': 0.0571, 'loss': 0.37898453, 'lr': 0.00041249, 'params': 276757, 'time_iter': 0.00972, 'accuracy': 0.87037, 'f1': 0.8703, 'auc': 0.99608}
val: {'epoch': 139, 'time_epoch': 0.05222, 'loss': 3.09036784, 'lr': 0, 'params': 276757, 'time_iter': 0.00475, 'accuracy': 0.28788, 'f1': 0.24677, 'auc': 0.9075}
test: {'epoch': 139, 'time_epoch': 0.06656, 'loss': 3.10257935, 'lr': 0, 'params': 276757, 'time_iter': 0.00475, 'accuracy': 0.37143, 'f1': 0.33871, 'auc': 0.87037}
> Epoch 139: took 1.9s (avg 2.1s) | Best so far: epoch 136	train_loss: 0.3808 train_accuracy: 0.8757	val_loss: 1.6277 val_accuracy: 0.4939	test_loss: 2.6162 test_accuracy: 0.4595	F1: 0.4071 Prec: 0.4549 Rec: 0.4595
train: {'epoch': 140, 'time_epoch': 1.85132, 'eta': 203.66469, 'eta_hours': 0.05657, 'loss': 0.37101303, 'lr': 0.00040631, 'params': 276757, 'time_iter': 0.0104, 'accuracy': 0.87619, 'f1': 0.87628, 'auc': 0.99618}
val: {'epoch': 140, 'time_epoch': 0.05343, 'loss': 1.84564582, 'lr': 0, 'params': 276757, 'time_iter': 0.00486, 'accuracy': 0.45455, 'f1': 0.43082, 'auc': 0.95332}
test: {'epoch': 140, 'time_epoch': 0.07169, 'loss': 2.61179966, 'lr': 0, 'params': 276757, 'time_iter': 0.00512, 'accuracy': 0.47381, 'f1': 0.41989, 'auc': 0.90554}
> Epoch 140: took 2.0s (avg 2.1s) | Best so far: epoch 136	train_loss: 0.3808 train_accuracy: 0.8757	val_loss: 1.6277 val_accuracy: 0.4939	test_loss: 2.6162 test_accuracy: 0.4595	F1: 0.4071 Prec: 0.4549 Rec: 0.4595
train: {'epoch': 141, 'time_epoch': 1.80133, 'eta': 201.74513, 'eta_hours': 0.05604, 'loss': 0.3392321, 'lr': 0.00040015, 'params': 276757, 'time_iter': 0.01012, 'accuracy': 0.88783, 'f1': 0.88777, 'auc': 0.99681}
val: {'epoch': 141, 'time_epoch': 0.05478, 'loss': 5.26010599, 'lr': 0, 'params': 276757, 'time_iter': 0.00498, 'accuracy': 0.27273, 'f1': 0.18428, 'auc': 0.90451}
test: {'epoch': 141, 'time_epoch': 0.07121, 'loss': 5.66931958, 'lr': 0, 'params': 276757, 'time_iter': 0.00509, 'accuracy': 0.30952, 'f1': 0.22306, 'auc': 0.8462}
> Epoch 141: took 2.0s (avg 2.1s) | Best so far: epoch 136	train_loss: 0.3808 train_accuracy: 0.8757	val_loss: 1.6277 val_accuracy: 0.4939	test_loss: 2.6162 test_accuracy: 0.4595	F1: 0.4071 Prec: 0.4549 Rec: 0.4595
train: {'epoch': 142, 'time_epoch': 1.81054, 'eta': 199.83412, 'eta_hours': 0.05551, 'loss': 0.36263462, 'lr': 0.000394, 'params': 276757, 'time_iter': 0.01017, 'accuracy': 0.87866, 'f1': 0.87858, 'auc': 0.99633}
val: {'epoch': 142, 'time_epoch': 0.05036, 'loss': 3.85513062, 'lr': 0, 'params': 276757, 'time_iter': 0.00458, 'accuracy': 0.20909, 'f1': 0.17371, 'auc': 0.8941}
test: {'epoch': 142, 'time_epoch': 0.07886, 'loss': 4.36750625, 'lr': 0, 'params': 276757, 'time_iter': 0.00563, 'accuracy': 0.32381, 'f1': 0.25237, 'auc': 0.83536}
> Epoch 142: took 2.0s (avg 2.1s) | Best so far: epoch 136	train_loss: 0.3808 train_accuracy: 0.8757	val_loss: 1.6277 val_accuracy: 0.4939	test_loss: 2.6162 test_accuracy: 0.4595	F1: 0.4071 Prec: 0.4549 Rec: 0.4595
train: {'epoch': 143, 'time_epoch': 1.9158, 'eta': 198.00198, 'eta_hours': 0.055, 'loss': 0.3517775, 'lr': 0.00038786, 'params': 276757, 'time_iter': 0.01076, 'accuracy': 0.88236, 'f1': 0.88238, 'auc': 0.99653}
val: {'epoch': 143, 'time_epoch': 0.06144, 'loss': 4.06620094, 'lr': 0, 'params': 276757, 'time_iter': 0.00559, 'accuracy': 0.28485, 'f1': 0.21531, 'auc': 0.90002}
test: {'epoch': 143, 'time_epoch': 0.07727, 'loss': 4.36457454, 'lr': 0, 'params': 276757, 'time_iter': 0.00552, 'accuracy': 0.29524, 'f1': 0.2301, 'auc': 0.84361}
> Epoch 143: took 2.1s (avg 2.1s) | Best so far: epoch 136	train_loss: 0.3808 train_accuracy: 0.8757	val_loss: 1.6277 val_accuracy: 0.4939	test_loss: 2.6162 test_accuracy: 0.4595	F1: 0.4071 Prec: 0.4549 Rec: 0.4595
train: {'epoch': 144, 'time_epoch': 2.12752, 'eta': 196.32201, 'eta_hours': 0.05453, 'loss': 0.36992143, 'lr': 0.00038175, 'params': 276757, 'time_iter': 0.01195, 'accuracy': 0.8776, 'f1': 0.87763, 'auc': 0.99619}
val: {'epoch': 144, 'time_epoch': 0.06925, 'loss': 6.92429643, 'lr': 0, 'params': 276757, 'time_iter': 0.0063, 'accuracy': 0.14545, 'f1': 0.08718, 'auc': 0.814}
test: {'epoch': 144, 'time_epoch': 0.07938, 'loss': 6.34268203, 'lr': 0, 'params': 276757, 'time_iter': 0.00567, 'accuracy': 0.22143, 'f1': 0.1617, 'auc': 0.80974}
> Epoch 144: took 2.4s (avg 2.1s) | Best so far: epoch 136	train_loss: 0.3808 train_accuracy: 0.8757	val_loss: 1.6277 val_accuracy: 0.4939	test_loss: 2.6162 test_accuracy: 0.4595	F1: 0.4071 Prec: 0.4549 Rec: 0.4595
train: {'epoch': 145, 'time_epoch': 1.99562, 'eta': 194.54194, 'eta_hours': 0.05404, 'loss': 0.3498505, 'lr': 0.00037566, 'params': 276757, 'time_iter': 0.01121, 'accuracy': 0.88977, 'f1': 0.88989, 'auc': 0.99654}
val: {'epoch': 145, 'time_epoch': 0.05602, 'loss': 3.44192056, 'lr': 0, 'params': 276757, 'time_iter': 0.00509, 'accuracy': 0.28182, 'f1': 0.22135, 'auc': 0.91349}
test: {'epoch': 145, 'time_epoch': 0.0781, 'loss': 4.29401782, 'lr': 0, 'params': 276757, 'time_iter': 0.00558, 'accuracy': 0.33095, 'f1': 0.23899, 'auc': 0.8635}
> Epoch 145: took 2.2s (avg 2.1s) | Best so far: epoch 136	train_loss: 0.3808 train_accuracy: 0.8757	val_loss: 1.6277 val_accuracy: 0.4939	test_loss: 2.6162 test_accuracy: 0.4595	F1: 0.4071 Prec: 0.4549 Rec: 0.4595
train: {'epoch': 146, 'time_epoch': 2.32418, 'eta': 192.98917, 'eta_hours': 0.05361, 'loss': 0.35349992, 'lr': 0.00036958, 'params': 276757, 'time_iter': 0.01306, 'accuracy': 0.88448, 'f1': 0.88444, 'auc': 0.99662}
val: {'epoch': 146, 'time_epoch': 0.06779, 'loss': 4.38522354, 'lr': 0, 'params': 276757, 'time_iter': 0.00616, 'accuracy': 0.24545, 'f1': 0.18529, 'auc': 0.90031}
test: {'epoch': 146, 'time_epoch': 0.06749, 'loss': 4.87073465, 'lr': 0, 'params': 276757, 'time_iter': 0.00482, 'accuracy': 0.3119, 'f1': 0.24315, 'auc': 0.84299}
> Epoch 146: took 2.5s (avg 2.1s) | Best so far: epoch 136	train_loss: 0.3808 train_accuracy: 0.8757	val_loss: 1.6277 val_accuracy: 0.4939	test_loss: 2.6162 test_accuracy: 0.4595	F1: 0.4071 Prec: 0.4549 Rec: 0.4595
train: {'epoch': 147, 'time_epoch': 1.89366, 'eta': 191.12926, 'eta_hours': 0.05309, 'loss': 0.36206774, 'lr': 0.00036352, 'params': 276757, 'time_iter': 0.01064, 'accuracy': 0.8776, 'f1': 0.87763, 'auc': 0.99636}
val: {'epoch': 147, 'time_epoch': 0.0889, 'loss': 2.86126239, 'lr': 0, 'params': 276757, 'time_iter': 0.00808, 'accuracy': 0.32727, 'f1': 0.28744, 'auc': 0.92883}
test: {'epoch': 147, 'time_epoch': 0.06943, 'loss': 3.9009707, 'lr': 0, 'params': 276757, 'time_iter': 0.00496, 'accuracy': 0.36905, 'f1': 0.28537, 'auc': 0.87157}
> Epoch 147: took 2.2s (avg 2.1s) | Best so far: epoch 136	train_loss: 0.3808 train_accuracy: 0.8757	val_loss: 1.6277 val_accuracy: 0.4939	test_loss: 2.6162 test_accuracy: 0.4595	F1: 0.4071 Prec: 0.4549 Rec: 0.4595
train: {'epoch': 148, 'time_epoch': 1.80743, 'eta': 189.21044, 'eta_hours': 0.05256, 'loss': 0.33200294, 'lr': 0.00035749, 'params': 276757, 'time_iter': 0.01015, 'accuracy': 0.8963, 'f1': 0.8963, 'auc': 0.99681}
val: {'epoch': 148, 'time_epoch': 0.0579, 'loss': 3.68942512, 'lr': 0, 'params': 276757, 'time_iter': 0.00526, 'accuracy': 0.29091, 'f1': 0.23959, 'auc': 0.89968}
test: {'epoch': 148, 'time_epoch': 0.06643, 'loss': 4.07474828, 'lr': 0, 'params': 276757, 'time_iter': 0.00475, 'accuracy': 0.33095, 'f1': 0.27236, 'auc': 0.85181}
> Epoch 148: took 2.0s (avg 2.1s) | Best so far: epoch 136	train_loss: 0.3808 train_accuracy: 0.8757	val_loss: 1.6277 val_accuracy: 0.4939	test_loss: 2.6162 test_accuracy: 0.4595	F1: 0.4071 Prec: 0.4549 Rec: 0.4595
train: {'epoch': 149, 'time_epoch': 1.96796, 'eta': 187.40013, 'eta_hours': 0.05206, 'loss': 0.33325299, 'lr': 0.00035148, 'params': 276757, 'time_iter': 0.01106, 'accuracy': 0.88624, 'f1': 0.8862, 'auc': 0.99695}
val: {'epoch': 149, 'time_epoch': 0.05928, 'loss': 4.60959568, 'lr': 0, 'params': 276757, 'time_iter': 0.00539, 'accuracy': 0.26364, 'f1': 0.22562, 'auc': 0.88166}
test: {'epoch': 149, 'time_epoch': 0.07078, 'loss': 3.67949747, 'lr': 0, 'params': 276757, 'time_iter': 0.00506, 'accuracy': 0.32143, 'f1': 0.28349, 'auc': 0.87593}
> Epoch 149: took 2.2s (avg 2.1s) | Best so far: epoch 136	train_loss: 0.3808 train_accuracy: 0.8757	val_loss: 1.6277 val_accuracy: 0.4939	test_loss: 2.6162 test_accuracy: 0.4595	F1: 0.4071 Prec: 0.4549 Rec: 0.4595
train: {'epoch': 150, 'time_epoch': 1.67799, 'eta': 185.39762, 'eta_hours': 0.0515, 'loss': 0.34759798, 'lr': 0.00034549, 'params': 276757, 'time_iter': 0.00943, 'accuracy': 0.88342, 'f1': 0.88353, 'auc': 0.99665}
val: {'epoch': 150, 'time_epoch': 0.05057, 'loss': 2.89555615, 'lr': 0, 'params': 276757, 'time_iter': 0.0046, 'accuracy': 0.32121, 'f1': 0.30749, 'auc': 0.90966}
test: {'epoch': 150, 'time_epoch': 0.07276, 'loss': 3.08797919, 'lr': 0, 'params': 276757, 'time_iter': 0.0052, 'accuracy': 0.3881, 'f1': 0.346, 'auc': 0.87412}
> Epoch 150: took 1.9s (avg 2.1s) | Best so far: epoch 136	train_loss: 0.3808 train_accuracy: 0.8757	val_loss: 1.6277 val_accuracy: 0.4939	test_loss: 2.6162 test_accuracy: 0.4595	F1: 0.4071 Prec: 0.4549 Rec: 0.4595
train: {'epoch': 151, 'time_epoch': 1.62882, 'eta': 183.36768, 'eta_hours': 0.05094, 'loss': 0.32965189, 'lr': 0.00033953, 'params': 276757, 'time_iter': 0.00915, 'accuracy': 0.88907, 'f1': 0.88901, 'auc': 0.99698}
val: {'epoch': 151, 'time_epoch': 0.06012, 'loss': 2.8164375, 'lr': 0, 'params': 276757, 'time_iter': 0.00547, 'accuracy': 0.33939, 'f1': 0.29256, 'auc': 0.92461}
test: {'epoch': 151, 'time_epoch': 0.07922, 'loss': 2.85678953, 'lr': 0, 'params': 276757, 'time_iter': 0.00566, 'accuracy': 0.41905, 'f1': 0.37593, 'auc': 0.88939}
> Epoch 151: took 1.9s (avg 2.1s) | Best so far: epoch 136	train_loss: 0.3808 train_accuracy: 0.8757	val_loss: 1.6277 val_accuracy: 0.4939	test_loss: 2.6162 test_accuracy: 0.4595	F1: 0.4071 Prec: 0.4549 Rec: 0.4595
train: {'epoch': 152, 'time_epoch': 2.25091, 'eta': 181.73738, 'eta_hours': 0.05048, 'loss': 0.35360414, 'lr': 0.00033359, 'params': 276757, 'time_iter': 0.01265, 'accuracy': 0.88254, 'f1': 0.88247, 'auc': 0.99659}
val: {'epoch': 152, 'time_epoch': 0.07283, 'loss': 2.36643049, 'lr': 0, 'params': 276757, 'time_iter': 0.00662, 'accuracy': 0.40909, 'f1': 0.36774, 'auc': 0.94265}
test: {'epoch': 152, 'time_epoch': 0.12041, 'loss': 2.52764102, 'lr': 0, 'params': 276757, 'time_iter': 0.0086, 'accuracy': 0.47619, 'f1': 0.41874, 'auc': 0.9185}
> Epoch 152: took 2.6s (avg 2.1s) | Best so far: epoch 136	train_loss: 0.3808 train_accuracy: 0.8757	val_loss: 1.6277 val_accuracy: 0.4939	test_loss: 2.6162 test_accuracy: 0.4595	F1: 0.4071 Prec: 0.4549 Rec: 0.4595
train: {'epoch': 153, 'time_epoch': 1.59755, 'eta': 179.69173, 'eta_hours': 0.04991, 'loss': 0.31204361, 'lr': 0.00032768, 'params': 276757, 'time_iter': 0.00898, 'accuracy': 0.89559, 'f1': 0.89555, 'auc': 0.99736}
val: {'epoch': 153, 'time_epoch': 0.05339, 'loss': 6.02405276, 'lr': 0, 'params': 276757, 'time_iter': 0.00485, 'accuracy': 0.20303, 'f1': 0.14242, 'auc': 0.858}
test: {'epoch': 153, 'time_epoch': 0.07828, 'loss': 5.36684867, 'lr': 0, 'params': 276757, 'time_iter': 0.00559, 'accuracy': 0.2619, 'f1': 0.2103, 'auc': 0.81503}
> Epoch 153: took 1.8s (avg 2.1s) | Best so far: epoch 136	train_loss: 0.3808 train_accuracy: 0.8757	val_loss: 1.6277 val_accuracy: 0.4939	test_loss: 2.6162 test_accuracy: 0.4595	F1: 0.4071 Prec: 0.4549 Rec: 0.4595
train: {'epoch': 154, 'time_epoch': 1.82041, 'eta': 177.78845, 'eta_hours': 0.04939, 'loss': 0.33620043, 'lr': 0.00032179, 'params': 276757, 'time_iter': 0.01023, 'accuracy': 0.89012, 'f1': 0.89016, 'auc': 0.99683}
val: {'epoch': 154, 'time_epoch': 0.05934, 'loss': 2.66874555, 'lr': 0, 'params': 276757, 'time_iter': 0.00539, 'accuracy': 0.37273, 'f1': 0.34168, 'auc': 0.924}
test: {'epoch': 154, 'time_epoch': 0.07758, 'loss': 2.70919718, 'lr': 0, 'params': 276757, 'time_iter': 0.00554, 'accuracy': 0.45238, 'f1': 0.42012, 'auc': 0.89657}
> Epoch 154: took 2.0s (avg 2.1s) | Best so far: epoch 136	train_loss: 0.3808 train_accuracy: 0.8757	val_loss: 1.6277 val_accuracy: 0.4939	test_loss: 2.6162 test_accuracy: 0.4595	F1: 0.4071 Prec: 0.4549 Rec: 0.4595
train: {'epoch': 155, 'time_epoch': 1.8731, 'eta': 175.91798, 'eta_hours': 0.04887, 'loss': 0.32055932, 'lr': 0.00031594, 'params': 276757, 'time_iter': 0.01052, 'accuracy': 0.89541, 'f1': 0.89542, 'auc': 0.99722}
val: {'epoch': 155, 'time_epoch': 0.05615, 'loss': 1.73716647, 'lr': 0, 'params': 276757, 'time_iter': 0.0051, 'accuracy': 0.5303, 'f1': 0.48986, 'auc': 0.95873}
test: {'epoch': 155, 'time_epoch': 0.06771, 'loss': 2.55132072, 'lr': 0, 'params': 276757, 'time_iter': 0.00484, 'accuracy': 0.47381, 'f1': 0.44248, 'auc': 0.89801}
[*] Confusion Matrix saved to: results_lopo_none/LR_3m\Conf\confusion_matrix_epoch_155.png
> Epoch 155: took 2.1s (avg 2.1s) | Best so far: epoch 155	train_loss: 0.3206 train_accuracy: 0.8954	val_loss: 1.7372 val_accuracy: 0.5303	test_loss: 2.5513 test_accuracy: 0.4738	F1: 0.4425 Prec: 0.4672 Rec: 0.4738
train: {'epoch': 156, 'time_epoch': 1.76246, 'eta': 173.98195, 'eta_hours': 0.04833, 'loss': 0.33341769, 'lr': 0.00031011, 'params': 276757, 'time_iter': 0.0099, 'accuracy': 0.89242, 'f1': 0.8924, 'auc': 0.99678}
val: {'epoch': 156, 'time_epoch': 0.05856, 'loss': 5.6611773, 'lr': 0, 'params': 276757, 'time_iter': 0.00532, 'accuracy': 0.20303, 'f1': 0.12024, 'auc': 0.86402}
test: {'epoch': 156, 'time_epoch': 0.06877, 'loss': 5.65899195, 'lr': 0, 'params': 276757, 'time_iter': 0.00491, 'accuracy': 0.26429, 'f1': 0.19039, 'auc': 0.8222}
> Epoch 156: took 2.0s (avg 2.1s) | Best so far: epoch 155	train_loss: 0.3206 train_accuracy: 0.8954	val_loss: 1.7372 val_accuracy: 0.5303	test_loss: 2.5513 test_accuracy: 0.4738	F1: 0.4425 Prec: 0.4672 Rec: 0.4738
train: {'epoch': 157, 'time_epoch': 2.02225, 'eta': 172.19937, 'eta_hours': 0.04783, 'loss': 0.30919691, 'lr': 0.00030431, 'params': 276757, 'time_iter': 0.01136, 'accuracy': 0.90106, 'f1': 0.9011, 'auc': 0.99724}
val: {'epoch': 157, 'time_epoch': 0.08523, 'loss': 1.63922921, 'lr': 0, 'params': 276757, 'time_iter': 0.00775, 'accuracy': 0.55455, 'f1': 0.52413, 'auc': 0.9645}
test: {'epoch': 157, 'time_epoch': 0.09606, 'loss': 2.38045109, 'lr': 0, 'params': 276757, 'time_iter': 0.00686, 'accuracy': 0.46905, 'f1': 0.43216, 'auc': 0.9055}
[*] Confusion Matrix saved to: results_lopo_none/LR_3m\Conf\confusion_matrix_epoch_157.png
> Epoch 157: took 2.3s (avg 2.1s) | Best so far: epoch 157	train_loss: 0.3092 train_accuracy: 0.9011	val_loss: 1.6392 val_accuracy: 0.5545	test_loss: 2.3805 test_accuracy: 0.4691	F1: 0.4322 Prec: 0.4696 Rec: 0.4690
train: {'epoch': 158, 'time_epoch': 1.6275, 'eta': 170.18786, 'eta_hours': 0.04727, 'loss': 0.31071253, 'lr': 0.00029855, 'params': 276757, 'time_iter': 0.00914, 'accuracy': 0.89965, 'f1': 0.89962, 'auc': 0.9972}
val: {'epoch': 158, 'time_epoch': 0.05092, 'loss': 1.84323342, 'lr': 0, 'params': 276757, 'time_iter': 0.00463, 'accuracy': 0.49697, 'f1': 0.4658, 'auc': 0.96087}
test: {'epoch': 158, 'time_epoch': 0.0684, 'loss': 2.04610125, 'lr': 0, 'params': 276757, 'time_iter': 0.00489, 'accuracy': 0.51905, 'f1': 0.50564, 'auc': 0.92545}
> Epoch 158: took 1.8s (avg 2.1s) | Best so far: epoch 157	train_loss: 0.3092 train_accuracy: 0.9011	val_loss: 1.6392 val_accuracy: 0.5545	test_loss: 2.3805 test_accuracy: 0.4691	F1: 0.4322 Prec: 0.4696 Rec: 0.4690
train: {'epoch': 159, 'time_epoch': 1.91465, 'eta': 168.34267, 'eta_hours': 0.04676, 'loss': 0.32521796, 'lr': 0.00029281, 'params': 276757, 'time_iter': 0.01076, 'accuracy': 0.89295, 'f1': 0.89292, 'auc': 0.99711}
val: {'epoch': 159, 'time_epoch': 0.06077, 'loss': 1.91264345, 'lr': 0, 'params': 276757, 'time_iter': 0.00552, 'accuracy': 0.52121, 'f1': 0.4829, 'auc': 0.96114}
test: {'epoch': 159, 'time_epoch': 0.06798, 'loss': 2.30923895, 'lr': 0, 'params': 276757, 'time_iter': 0.00486, 'accuracy': 0.47143, 'f1': 0.44056, 'auc': 0.91011}
> Epoch 159: took 2.1s (avg 2.1s) | Best so far: epoch 157	train_loss: 0.3092 train_accuracy: 0.9011	val_loss: 1.6392 val_accuracy: 0.5545	test_loss: 2.3805 test_accuracy: 0.4691	F1: 0.4322 Prec: 0.4696 Rec: 0.4690
train: {'epoch': 160, 'time_epoch': 1.76252, 'eta': 166.41252, 'eta_hours': 0.04623, 'loss': 0.30611401, 'lr': 0.00028711, 'params': 276757, 'time_iter': 0.0099, 'accuracy': 0.90194, 'f1': 0.90186, 'auc': 0.99739}
val: {'epoch': 160, 'time_epoch': 0.05642, 'loss': 1.50772158, 'lr': 0, 'params': 276757, 'time_iter': 0.00513, 'accuracy': 0.58182, 'f1': 0.56194, 'auc': 0.95977}
test: {'epoch': 160, 'time_epoch': 0.0744, 'loss': 2.41017525, 'lr': 0, 'params': 276757, 'time_iter': 0.00531, 'accuracy': 0.48571, 'f1': 0.4562, 'auc': 0.90063}
[*] Confusion Matrix saved to: results_lopo_none/LR_3m\Conf\confusion_matrix_epoch_160.png
> Epoch 160: took 2.0s (avg 2.1s) | Best so far: epoch 160	train_loss: 0.3061 train_accuracy: 0.9019	val_loss: 1.5077 val_accuracy: 0.5818	test_loss: 2.4102 test_accuracy: 0.4857	F1: 0.4562 Prec: 0.4830 Rec: 0.4857
train: {'epoch': 161, 'time_epoch': 1.83903, 'eta': 164.526, 'eta_hours': 0.0457, 'loss': 0.30963572, 'lr': 0.00028144, 'params': 276757, 'time_iter': 0.01033, 'accuracy': 0.89489, 'f1': 0.89486, 'auc': 0.99736}
val: {'epoch': 161, 'time_epoch': 0.05881, 'loss': 1.86048107, 'lr': 0, 'params': 276757, 'time_iter': 0.00535, 'accuracy': 0.52727, 'f1': 0.49808, 'auc': 0.95046}
test: {'epoch': 161, 'time_epoch': 0.06841, 'loss': 2.81074573, 'lr': 0, 'params': 276757, 'time_iter': 0.00489, 'accuracy': 0.44524, 'f1': 0.39463, 'auc': 0.89065}
> Epoch 161: took 2.1s (avg 2.1s) | Best so far: epoch 160	train_loss: 0.3061 train_accuracy: 0.9019	val_loss: 1.5077 val_accuracy: 0.5818	test_loss: 2.4102 test_accuracy: 0.4857	F1: 0.4562 Prec: 0.4830 Rec: 0.4857
train: {'epoch': 162, 'time_epoch': 1.90277, 'eta': 162.67408, 'eta_hours': 0.04519, 'loss': 0.31230436, 'lr': 0.00027581, 'params': 276757, 'time_iter': 0.01069, 'accuracy': 0.90176, 'f1': 0.90174, 'auc': 0.99722}
val: {'epoch': 162, 'time_epoch': 0.0847, 'loss': 1.95460258, 'lr': 0, 'params': 276757, 'time_iter': 0.0077, 'accuracy': 0.48788, 'f1': 0.47685, 'auc': 0.94905}
test: {'epoch': 162, 'time_epoch': 0.06509, 'loss': 2.32953698, 'lr': 0, 'params': 276757, 'time_iter': 0.00465, 'accuracy': 0.47619, 'f1': 0.42838, 'auc': 0.91254}
> Epoch 162: took 2.1s (avg 2.1s) | Best so far: epoch 160	train_loss: 0.3061 train_accuracy: 0.9019	val_loss: 1.5077 val_accuracy: 0.5818	test_loss: 2.4102 test_accuracy: 0.4857	F1: 0.4562 Prec: 0.4830 Rec: 0.4857
train: {'epoch': 163, 'time_epoch': 1.88878, 'eta': 160.81421, 'eta_hours': 0.04467, 'loss': 0.31431503, 'lr': 0.00027021, 'params': 276757, 'time_iter': 0.01061, 'accuracy': 0.89718, 'f1': 0.89719, 'auc': 0.99727}
val: {'epoch': 163, 'time_epoch': 0.05493, 'loss': 5.50906211, 'lr': 0, 'params': 276757, 'time_iter': 0.00499, 'accuracy': 0.20606, 'f1': 0.15089, 'auc': 0.87363}
test: {'epoch': 163, 'time_epoch': 0.07086, 'loss': 4.52754069, 'lr': 0, 'params': 276757, 'time_iter': 0.00506, 'accuracy': 0.32857, 'f1': 0.26095, 'auc': 0.85342}
> Epoch 163: took 2.1s (avg 2.1s) | Best so far: epoch 160	train_loss: 0.3061 train_accuracy: 0.9019	val_loss: 1.5077 val_accuracy: 0.5818	test_loss: 2.4102 test_accuracy: 0.4857	F1: 0.4562 Prec: 0.4830 Rec: 0.4857
train: {'epoch': 164, 'time_epoch': 2.08765, 'eta': 159.05643, 'eta_hours': 0.04418, 'loss': 0.30454601, 'lr': 0.00026465, 'params': 276757, 'time_iter': 0.01173, 'accuracy': 0.90141, 'f1': 0.9014, 'auc': 0.99738}
val: {'epoch': 164, 'time_epoch': 0.05621, 'loss': 1.78293487, 'lr': 0, 'params': 276757, 'time_iter': 0.00511, 'accuracy': 0.51212, 'f1': 0.47634, 'auc': 0.95285}
test: {'epoch': 164, 'time_epoch': 0.06807, 'loss': 3.31295584, 'lr': 0, 'params': 276757, 'time_iter': 0.00486, 'accuracy': 0.36429, 'f1': 0.30939, 'auc': 0.87561}
> Epoch 164: took 2.3s (avg 2.1s) | Best so far: epoch 160	train_loss: 0.3061 train_accuracy: 0.9019	val_loss: 1.5077 val_accuracy: 0.5818	test_loss: 2.4102 test_accuracy: 0.4857	F1: 0.4562 Prec: 0.4830 Rec: 0.4857
train: {'epoch': 165, 'time_epoch': 1.82523, 'eta': 157.16189, 'eta_hours': 0.04366, 'loss': 0.30166843, 'lr': 0.00025912, 'params': 276757, 'time_iter': 0.01025, 'accuracy': 0.89788, 'f1': 0.89785, 'auc': 0.99753}
val: {'epoch': 165, 'time_epoch': 0.07923, 'loss': 2.80102211, 'lr': 0, 'params': 276757, 'time_iter': 0.0072, 'accuracy': 0.35758, 'f1': 0.31678, 'auc': 0.92965}
test: {'epoch': 165, 'time_epoch': 0.07553, 'loss': 3.11581771, 'lr': 0, 'params': 276757, 'time_iter': 0.00539, 'accuracy': 0.36667, 'f1': 0.34161, 'auc': 0.88626}
> Epoch 165: took 2.1s (avg 2.1s) | Best so far: epoch 160	train_loss: 0.3061 train_accuracy: 0.9019	val_loss: 1.5077 val_accuracy: 0.5818	test_loss: 2.4102 test_accuracy: 0.4857	F1: 0.4562 Prec: 0.4830 Rec: 0.4857
train: {'epoch': 166, 'time_epoch': 1.98216, 'eta': 155.34618, 'eta_hours': 0.04315, 'loss': 0.29871673, 'lr': 0.00025364, 'params': 276757, 'time_iter': 0.01114, 'accuracy': 0.90335, 'f1': 0.90328, 'auc': 0.99758}
val: {'epoch': 166, 'time_epoch': 0.05464, 'loss': 1.75200587, 'lr': 0, 'params': 276757, 'time_iter': 0.00497, 'accuracy': 0.54242, 'f1': 0.50608, 'auc': 0.96113}
test: {'epoch': 166, 'time_epoch': 0.07008, 'loss': 2.46418033, 'lr': 0, 'params': 276757, 'time_iter': 0.00501, 'accuracy': 0.47143, 'f1': 0.43415, 'auc': 0.90715}
> Epoch 166: took 2.2s (avg 2.1s) | Best so far: epoch 160	train_loss: 0.3061 train_accuracy: 0.9019	val_loss: 1.5077 val_accuracy: 0.5818	test_loss: 2.4102 test_accuracy: 0.4857	F1: 0.4562 Prec: 0.4830 Rec: 0.4857
train: {'epoch': 167, 'time_epoch': 1.9254, 'eta': 153.50077, 'eta_hours': 0.04264, 'loss': 0.31015144, 'lr': 0.00024819, 'params': 276757, 'time_iter': 0.01082, 'accuracy': 0.90141, 'f1': 0.90145, 'auc': 0.99722}
val: {'epoch': 167, 'time_epoch': 0.05555, 'loss': 1.84104136, 'lr': 0, 'params': 276757, 'time_iter': 0.00505, 'accuracy': 0.51212, 'f1': 0.47801, 'auc': 0.95274}
test: {'epoch': 167, 'time_epoch': 0.08045, 'loss': 2.74040829, 'lr': 0, 'params': 276757, 'time_iter': 0.00575, 'accuracy': 0.4619, 'f1': 0.42688, 'auc': 0.8936}
> Epoch 167: took 2.1s (avg 2.1s) | Best so far: epoch 160	train_loss: 0.3061 train_accuracy: 0.9019	val_loss: 1.5077 val_accuracy: 0.5818	test_loss: 2.4102 test_accuracy: 0.4857	F1: 0.4562 Prec: 0.4830 Rec: 0.4857
train: {'epoch': 168, 'time_epoch': 1.73925, 'eta': 151.56521, 'eta_hours': 0.0421, 'loss': 0.30113588, 'lr': 0.00024278, 'params': 276757, 'time_iter': 0.00977, 'accuracy': 0.90247, 'f1': 0.90251, 'auc': 0.99743}
val: {'epoch': 168, 'time_epoch': 0.05272, 'loss': 1.41858949, 'lr': 0, 'params': 276757, 'time_iter': 0.00479, 'accuracy': 0.60909, 'f1': 0.57515, 'auc': 0.97285}
test: {'epoch': 168, 'time_epoch': 0.06761, 'loss': 2.16309768, 'lr': 0, 'params': 276757, 'time_iter': 0.00483, 'accuracy': 0.51905, 'f1': 0.47486, 'auc': 0.92399}
[*] Confusion Matrix saved to: results_lopo_none/LR_3m\Conf\confusion_matrix_epoch_168.png
> Epoch 168: took 1.9s (avg 2.1s) | Best so far: epoch 168	train_loss: 0.3011 train_accuracy: 0.9025	val_loss: 1.4186 val_accuracy: 0.6091	test_loss: 2.1631 test_accuracy: 0.5191	F1: 0.4749 Prec: 0.4647 Rec: 0.5190
train: {'epoch': 169, 'time_epoch': 1.92038, 'eta': 149.71719, 'eta_hours': 0.04159, 'loss': 0.28386769, 'lr': 0.00023741, 'params': 276757, 'time_iter': 0.01079, 'accuracy': 0.90265, 'f1': 0.90268, 'auc': 0.99783}
val: {'epoch': 169, 'time_epoch': 0.07686, 'loss': 5.42923755, 'lr': 0, 'params': 276757, 'time_iter': 0.00699, 'accuracy': 0.17879, 'f1': 0.12614, 'auc': 0.87708}
test: {'epoch': 169, 'time_epoch': 0.09361, 'loss': 5.19935009, 'lr': 0, 'params': 276757, 'time_iter': 0.00669, 'accuracy': 0.30952, 'f1': 0.23, 'auc': 0.84321}
> Epoch 169: took 2.2s (avg 2.1s) | Best so far: epoch 168	train_loss: 0.3011 train_accuracy: 0.9025	val_loss: 1.4186 val_accuracy: 0.6091	test_loss: 2.1631 test_accuracy: 0.5191	F1: 0.4749 Prec: 0.4647 Rec: 0.5190
train: {'epoch': 170, 'time_epoch': 1.71366, 'eta': 147.77282, 'eta_hours': 0.04105, 'loss': 0.30618166, 'lr': 0.00023209, 'params': 276757, 'time_iter': 0.00963, 'accuracy': 0.89841, 'f1': 0.89846, 'auc': 0.99736}
val: {'epoch': 170, 'time_epoch': 0.05523, 'loss': 2.22248712, 'lr': 0, 'params': 276757, 'time_iter': 0.00502, 'accuracy': 0.42727, 'f1': 0.38568, 'auc': 0.94143}
test: {'epoch': 170, 'time_epoch': 0.07101, 'loss': 2.60660781, 'lr': 0, 'params': 276757, 'time_iter': 0.00507, 'accuracy': 0.40952, 'f1': 0.387, 'auc': 0.89798}
> Epoch 170: took 1.9s (avg 2.1s) | Best so far: epoch 168	train_loss: 0.3011 train_accuracy: 0.9025	val_loss: 1.4186 val_accuracy: 0.6091	test_loss: 2.1631 test_accuracy: 0.5191	F1: 0.4749 Prec: 0.4647 Rec: 0.5190
train: {'epoch': 171, 'time_epoch': 1.79775, 'eta': 145.86927, 'eta_hours': 0.04052, 'loss': 0.30358008, 'lr': 0.0002268, 'params': 276757, 'time_iter': 0.0101, 'accuracy': 0.9037, 'f1': 0.90364, 'auc': 0.99738}
val: {'epoch': 171, 'time_epoch': 0.0646, 'loss': 2.10817438, 'lr': 0, 'params': 276757, 'time_iter': 0.00587, 'accuracy': 0.45152, 'f1': 0.40931, 'auc': 0.94169}
test: {'epoch': 171, 'time_epoch': 0.07118, 'loss': 2.4784621, 'lr': 0, 'params': 276757, 'time_iter': 0.00508, 'accuracy': 0.44286, 'f1': 0.41394, 'auc': 0.90139}
> Epoch 171: took 2.0s (avg 2.1s) | Best so far: epoch 168	train_loss: 0.3011 train_accuracy: 0.9025	val_loss: 1.4186 val_accuracy: 0.6091	test_loss: 2.1631 test_accuracy: 0.5191	F1: 0.4749 Prec: 0.4647 Rec: 0.5190
train: {'epoch': 172, 'time_epoch': 1.76653, 'eta': 143.95304, 'eta_hours': 0.03999, 'loss': 0.29546498, 'lr': 0.00022156, 'params': 276757, 'time_iter': 0.00992, 'accuracy': 0.90071, 'f1': 0.90071, 'auc': 0.99756}
val: {'epoch': 172, 'time_epoch': 0.05549, 'loss': 1.29339009, 'lr': 0, 'params': 276757, 'time_iter': 0.00504, 'accuracy': 0.62424, 'f1': 0.59876, 'auc': 0.97473}
test: {'epoch': 172, 'time_epoch': 0.06953, 'loss': 2.00668428, 'lr': 0, 'params': 276757, 'time_iter': 0.00497, 'accuracy': 0.53095, 'f1': 0.4947, 'auc': 0.92326}
[*] Confusion Matrix saved to: results_lopo_none/LR_3m\Conf\confusion_matrix_epoch_172.png
> Epoch 172: took 2.0s (avg 2.1s) | Best so far: epoch 172	train_loss: 0.2955 train_accuracy: 0.9007	val_loss: 1.2934 val_accuracy: 0.6242	test_loss: 2.0067 test_accuracy: 0.5310	F1: 0.4947 Prec: 0.5181 Rec: 0.5310
train: {'epoch': 173, 'time_epoch': 1.68991, 'eta': 142.00508, 'eta_hours': 0.03945, 'loss': 0.29055999, 'lr': 0.00021637, 'params': 276757, 'time_iter': 0.00949, 'accuracy': 0.90459, 'f1': 0.90457, 'auc': 0.99761}
val: {'epoch': 173, 'time_epoch': 0.0603, 'loss': 1.85081959, 'lr': 0, 'params': 276757, 'time_iter': 0.00548, 'accuracy': 0.46667, 'f1': 0.45448, 'auc': 0.95412}
test: {'epoch': 173, 'time_epoch': 0.07069, 'loss': 2.63465732, 'lr': 0, 'params': 276757, 'time_iter': 0.00505, 'accuracy': 0.47857, 'f1': 0.44019, 'auc': 0.90041}
> Epoch 173: took 1.9s (avg 2.1s) | Best so far: epoch 172	train_loss: 0.2955 train_accuracy: 0.9007	val_loss: 1.2934 val_accuracy: 0.6242	test_loss: 2.0067 test_accuracy: 0.5310	F1: 0.4947 Prec: 0.5181 Rec: 0.5310
train: {'epoch': 174, 'time_epoch': 2.03166, 'eta': 140.20652, 'eta_hours': 0.03895, 'loss': 0.27839778, 'lr': 0.00021121, 'params': 276757, 'time_iter': 0.01141, 'accuracy': 0.90811, 'f1': 0.9081, 'auc': 0.99783}
val: {'epoch': 174, 'time_epoch': 0.05588, 'loss': 1.49441843, 'lr': 0, 'params': 276757, 'time_iter': 0.00508, 'accuracy': 0.58182, 'f1': 0.55921, 'auc': 0.96655}
test: {'epoch': 174, 'time_epoch': 0.06804, 'loss': 2.44774807, 'lr': 0, 'params': 276757, 'time_iter': 0.00486, 'accuracy': 0.48095, 'f1': 0.44004, 'auc': 0.90729}
> Epoch 174: took 2.2s (avg 2.1s) | Best so far: epoch 172	train_loss: 0.2955 train_accuracy: 0.9007	val_loss: 1.2934 val_accuracy: 0.6242	test_loss: 2.0067 test_accuracy: 0.5310	F1: 0.4947 Prec: 0.5181 Rec: 0.5310
train: {'epoch': 175, 'time_epoch': 1.77282, 'eta': 138.29648, 'eta_hours': 0.03842, 'loss': 0.29104714, 'lr': 0.00020611, 'params': 276757, 'time_iter': 0.00996, 'accuracy': 0.90141, 'f1': 0.90145, 'auc': 0.99769}
val: {'epoch': 175, 'time_epoch': 0.05727, 'loss': 1.44988796, 'lr': 0, 'params': 276757, 'time_iter': 0.00521, 'accuracy': 0.56061, 'f1': 0.54301, 'auc': 0.96581}
test: {'epoch': 175, 'time_epoch': 0.07386, 'loss': 2.70958823, 'lr': 0, 'params': 276757, 'time_iter': 0.00528, 'accuracy': 0.46667, 'f1': 0.42385, 'auc': 0.89226}
> Epoch 175: took 2.0s (avg 2.1s) | Best so far: epoch 172	train_loss: 0.2955 train_accuracy: 0.9007	val_loss: 1.2934 val_accuracy: 0.6242	test_loss: 2.0067 test_accuracy: 0.5310	F1: 0.4947 Prec: 0.5181 Rec: 0.5310
train: {'epoch': 176, 'time_epoch': 1.89542, 'eta': 136.43856, 'eta_hours': 0.0379, 'loss': 0.29548526, 'lr': 0.00020105, 'params': 276757, 'time_iter': 0.01065, 'accuracy': 0.90529, 'f1': 0.90522, 'auc': 0.99755}
val: {'epoch': 176, 'time_epoch': 0.05408, 'loss': 1.61672959, 'lr': 0, 'params': 276757, 'time_iter': 0.00492, 'accuracy': 0.56667, 'f1': 0.52082, 'auc': 0.96844}
test: {'epoch': 176, 'time_epoch': 0.06653, 'loss': 2.25282135, 'lr': 0, 'params': 276757, 'time_iter': 0.00475, 'accuracy': 0.50238, 'f1': 0.45249, 'auc': 0.92007}
> Epoch 176: took 2.1s (avg 2.1s) | Best so far: epoch 172	train_loss: 0.2955 train_accuracy: 0.9007	val_loss: 1.2934 val_accuracy: 0.6242	test_loss: 2.0067 test_accuracy: 0.5310	F1: 0.4947 Prec: 0.5181 Rec: 0.5310
train: {'epoch': 177, 'time_epoch': 1.89913, 'eta': 134.58171, 'eta_hours': 0.03738, 'loss': 0.2642468, 'lr': 0.00019603, 'params': 276757, 'time_iter': 0.01067, 'accuracy': 0.91305, 'f1': 0.91309, 'auc': 0.99811}
val: {'epoch': 177, 'time_epoch': 0.07304, 'loss': 1.21136604, 'lr': 0, 'params': 276757, 'time_iter': 0.00664, 'accuracy': 0.68485, 'f1': 0.65742, 'auc': 0.97423}
test: {'epoch': 177, 'time_epoch': 0.07814, 'loss': 2.03627719, 'lr': 0, 'params': 276757, 'time_iter': 0.00558, 'accuracy': 0.52619, 'f1': 0.48494, 'auc': 0.92268}
[*] Confusion Matrix saved to: results_lopo_none/LR_3m\Conf\confusion_matrix_epoch_177.png
> Epoch 177: took 2.1s (avg 2.1s) | Best so far: epoch 177	train_loss: 0.2642 train_accuracy: 0.9131	val_loss: 1.2114 val_accuracy: 0.6848	test_loss: 2.0363 test_accuracy: 0.5262	F1: 0.4849 Prec: 0.5039 Rec: 0.5262
train: {'epoch': 178, 'time_epoch': 1.97514, 'eta': 132.75455, 'eta_hours': 0.03688, 'loss': 0.28301697, 'lr': 0.00019107, 'params': 276757, 'time_iter': 0.0111, 'accuracy': 0.906, 'f1': 0.90598, 'auc': 0.99781}
val: {'epoch': 178, 'time_epoch': 0.05432, 'loss': 1.59156643, 'lr': 0, 'params': 276757, 'time_iter': 0.00494, 'accuracy': 0.55152, 'f1': 0.51784, 'auc': 0.9622}
test: {'epoch': 178, 'time_epoch': 0.06829, 'loss': 2.46330969, 'lr': 0, 'params': 276757, 'time_iter': 0.00488, 'accuracy': 0.44048, 'f1': 0.41207, 'auc': 0.9069}
> Epoch 178: took 2.2s (avg 2.1s) | Best so far: epoch 177	train_loss: 0.2642 train_accuracy: 0.9131	val_loss: 1.2114 val_accuracy: 0.6848	test_loss: 2.0363 test_accuracy: 0.5262	F1: 0.4849 Prec: 0.5039 Rec: 0.5262
train: {'epoch': 179, 'time_epoch': 2.08189, 'eta': 130.96725, 'eta_hours': 0.03638, 'loss': 0.27438176, 'lr': 0.00018615, 'params': 276757, 'time_iter': 0.0117, 'accuracy': 0.90653, 'f1': 0.90658, 'auc': 0.99797}
val: {'epoch': 179, 'time_epoch': 0.09711, 'loss': 1.90938478, 'lr': 0, 'params': 276757, 'time_iter': 0.00883, 'accuracy': 0.53939, 'f1': 0.52228, 'auc': 0.95173}
test: {'epoch': 179, 'time_epoch': 0.0784, 'loss': 3.47802234, 'lr': 0, 'params': 276757, 'time_iter': 0.0056, 'accuracy': 0.4, 'f1': 0.3559, 'auc': 0.87105}
> Epoch 179: took 2.3s (avg 2.1s) | Best so far: epoch 177	train_loss: 0.2642 train_accuracy: 0.9131	val_loss: 1.2114 val_accuracy: 0.6848	test_loss: 2.0363 test_accuracy: 0.5262	F1: 0.4849 Prec: 0.5039 Rec: 0.5262
train: {'epoch': 180, 'time_epoch': 1.77664, 'eta': 129.06033, 'eta_hours': 0.03585, 'loss': 0.26772926, 'lr': 0.00018129, 'params': 276757, 'time_iter': 0.00998, 'accuracy': 0.91675, 'f1': 0.91679, 'auc': 0.99803}
val: {'epoch': 180, 'time_epoch': 0.06574, 'loss': 1.46624454, 'lr': 0, 'params': 276757, 'time_iter': 0.00598, 'accuracy': 0.63636, 'f1': 0.60563, 'auc': 0.97023}
test: {'epoch': 180, 'time_epoch': 0.06736, 'loss': 2.17210352, 'lr': 0, 'params': 276757, 'time_iter': 0.00481, 'accuracy': 0.5381, 'f1': 0.50035, 'auc': 0.92087}
> Epoch 180: took 2.0s (avg 2.1s) | Best so far: epoch 177	train_loss: 0.2642 train_accuracy: 0.9131	val_loss: 1.2114 val_accuracy: 0.6848	test_loss: 2.0363 test_accuracy: 0.5262	F1: 0.4849 Prec: 0.5039 Rec: 0.5262
train: {'epoch': 181, 'time_epoch': 2.15891, 'eta': 127.29768, 'eta_hours': 0.03536, 'loss': 0.26678485, 'lr': 0.00017647, 'params': 276757, 'time_iter': 0.01213, 'accuracy': 0.91481, 'f1': 0.9148, 'auc': 0.998}
val: {'epoch': 181, 'time_epoch': 0.093, 'loss': 1.42148977, 'lr': 0, 'params': 276757, 'time_iter': 0.00845, 'accuracy': 0.62727, 'f1': 0.60042, 'auc': 0.96934}
test: {'epoch': 181, 'time_epoch': 0.10907, 'loss': 2.27475009, 'lr': 0, 'params': 276757, 'time_iter': 0.00779, 'accuracy': 0.5, 'f1': 0.47058, 'auc': 0.91199}
> Epoch 181: took 2.5s (avg 2.1s) | Best so far: epoch 177	train_loss: 0.2642 train_accuracy: 0.9131	val_loss: 1.2114 val_accuracy: 0.6848	test_loss: 2.0363 test_accuracy: 0.5262	F1: 0.4849 Prec: 0.5039 Rec: 0.5262
train: {'epoch': 182, 'time_epoch': 1.86991, 'eta': 125.42488, 'eta_hours': 0.03484, 'loss': 0.2479475, 'lr': 0.00017171, 'params': 276757, 'time_iter': 0.01051, 'accuracy': 0.92134, 'f1': 0.92136, 'auc': 0.99833}
val: {'epoch': 182, 'time_epoch': 0.05018, 'loss': 1.64465694, 'lr': 0, 'params': 276757, 'time_iter': 0.00456, 'accuracy': 0.60606, 'f1': 0.56856, 'auc': 0.96698}
test: {'epoch': 182, 'time_epoch': 0.07684, 'loss': 2.35571626, 'lr': 0, 'params': 276757, 'time_iter': 0.00549, 'accuracy': 0.49524, 'f1': 0.44999, 'auc': 0.92027}
> Epoch 182: took 2.1s (avg 2.1s) | Best so far: epoch 177	train_loss: 0.2642 train_accuracy: 0.9131	val_loss: 1.2114 val_accuracy: 0.6848	test_loss: 2.0363 test_accuracy: 0.5262	F1: 0.4849 Prec: 0.5039 Rec: 0.5262
train: {'epoch': 183, 'time_epoch': 1.91713, 'eta': 123.56905, 'eta_hours': 0.03432, 'loss': 0.25354389, 'lr': 0.00016699, 'params': 276757, 'time_iter': 0.01077, 'accuracy': 0.91464, 'f1': 0.91462, 'auc': 0.99827}
val: {'epoch': 183, 'time_epoch': 0.05642, 'loss': 1.57404421, 'lr': 0, 'params': 276757, 'time_iter': 0.00513, 'accuracy': 0.56667, 'f1': 0.5404, 'auc': 0.96778}
test: {'epoch': 183, 'time_epoch': 0.06901, 'loss': 2.6474904, 'lr': 0, 'params': 276757, 'time_iter': 0.00493, 'accuracy': 0.48571, 'f1': 0.44269, 'auc': 0.90756}
> Epoch 183: took 2.1s (avg 2.1s) | Best so far: epoch 177	train_loss: 0.2642 train_accuracy: 0.9131	val_loss: 1.2114 val_accuracy: 0.6848	test_loss: 2.0363 test_accuracy: 0.5262	F1: 0.4849 Prec: 0.5039 Rec: 0.5262
train: {'epoch': 184, 'time_epoch': 1.94278, 'eta': 121.72156, 'eta_hours': 0.03381, 'loss': 0.27210272, 'lr': 0.00016233, 'params': 276757, 'time_iter': 0.01091, 'accuracy': 0.91182, 'f1': 0.91183, 'auc': 0.99791}
val: {'epoch': 184, 'time_epoch': 0.05922, 'loss': 1.4329282, 'lr': 0, 'params': 276757, 'time_iter': 0.00538, 'accuracy': 0.58485, 'f1': 0.55733, 'auc': 0.97092}
test: {'epoch': 184, 'time_epoch': 0.08607, 'loss': 2.26692035, 'lr': 0, 'params': 276757, 'time_iter': 0.00615, 'accuracy': 0.49762, 'f1': 0.47277, 'auc': 0.91398}
> Epoch 184: took 2.2s (avg 2.1s) | Best so far: epoch 177	train_loss: 0.2642 train_accuracy: 0.9131	val_loss: 1.2114 val_accuracy: 0.6848	test_loss: 2.0363 test_accuracy: 0.5262	F1: 0.4849 Prec: 0.5039 Rec: 0.5262
train: {'epoch': 185, 'time_epoch': 1.79102, 'eta': 119.82084, 'eta_hours': 0.03328, 'loss': 0.25723284, 'lr': 0.00015773, 'params': 276757, 'time_iter': 0.01006, 'accuracy': 0.91852, 'f1': 0.91852, 'auc': 0.99816}
val: {'epoch': 185, 'time_epoch': 0.05615, 'loss': 2.15011704, 'lr': 0, 'params': 276757, 'time_iter': 0.0051, 'accuracy': 0.50909, 'f1': 0.46543, 'auc': 0.95194}
test: {'epoch': 185, 'time_epoch': 0.06647, 'loss': 2.78807083, 'lr': 0, 'params': 276757, 'time_iter': 0.00475, 'accuracy': 0.45, 'f1': 0.39945, 'auc': 0.90466}
> Epoch 185: took 2.0s (avg 2.1s) | Best so far: epoch 177	train_loss: 0.2642 train_accuracy: 0.9131	val_loss: 1.2114 val_accuracy: 0.6848	test_loss: 2.0363 test_accuracy: 0.5262	F1: 0.4849 Prec: 0.5039 Rec: 0.5262
train: {'epoch': 186, 'time_epoch': 1.75585, 'eta': 117.90944, 'eta_hours': 0.03275, 'loss': 0.27342645, 'lr': 0.00015317, 'params': 276757, 'time_iter': 0.00986, 'accuracy': 0.90988, 'f1': 0.90988, 'auc': 0.99788}
val: {'epoch': 186, 'time_epoch': 0.05639, 'loss': 1.49054851, 'lr': 0, 'params': 276757, 'time_iter': 0.00513, 'accuracy': 0.62424, 'f1': 0.61025, 'auc': 0.96624}
test: {'epoch': 186, 'time_epoch': 0.06988, 'loss': 2.20204249, 'lr': 0, 'params': 276757, 'time_iter': 0.00499, 'accuracy': 0.4881, 'f1': 0.45484, 'auc': 0.92079}
> Epoch 186: took 2.0s (avg 2.1s) | Best so far: epoch 177	train_loss: 0.2642 train_accuracy: 0.9131	val_loss: 1.2114 val_accuracy: 0.6848	test_loss: 2.0363 test_accuracy: 0.5262	F1: 0.4849 Prec: 0.5039 Rec: 0.5262
train: {'epoch': 187, 'time_epoch': 1.77245, 'eta': 116.00517, 'eta_hours': 0.03222, 'loss': 0.28060393, 'lr': 0.00014868, 'params': 276757, 'time_iter': 0.00996, 'accuracy': 0.90635, 'f1': 0.9063, 'auc': 0.99773}
val: {'epoch': 187, 'time_epoch': 0.06321, 'loss': 1.44951912, 'lr': 0, 'params': 276757, 'time_iter': 0.00575, 'accuracy': 0.6303, 'f1': 0.59538, 'auc': 0.97203}
test: {'epoch': 187, 'time_epoch': 0.08758, 'loss': 1.94582828, 'lr': 0, 'params': 276757, 'time_iter': 0.00626, 'accuracy': 0.55, 'f1': 0.52672, 'auc': 0.92971}
> Epoch 187: took 2.0s (avg 2.1s) | Best so far: epoch 177	train_loss: 0.2642 train_accuracy: 0.9131	val_loss: 1.2114 val_accuracy: 0.6848	test_loss: 2.0363 test_accuracy: 0.5262	F1: 0.4849 Prec: 0.5039 Rec: 0.5262
train: {'epoch': 188, 'time_epoch': 1.85083, 'eta': 114.1276, 'eta_hours': 0.0317, 'loss': 0.26658007, 'lr': 0.00014423, 'params': 276757, 'time_iter': 0.0104, 'accuracy': 0.91358, 'f1': 0.91357, 'auc': 0.99799}
val: {'epoch': 188, 'time_epoch': 0.05189, 'loss': 1.39904878, 'lr': 0, 'params': 276757, 'time_iter': 0.00472, 'accuracy': 0.59394, 'f1': 0.56766, 'auc': 0.96804}
test: {'epoch': 188, 'time_epoch': 0.07034, 'loss': 2.08055894, 'lr': 0, 'params': 276757, 'time_iter': 0.00502, 'accuracy': 0.5381, 'f1': 0.5136, 'auc': 0.92341}
> Epoch 188: took 2.1s (avg 2.1s) | Best so far: epoch 177	train_loss: 0.2642 train_accuracy: 0.9131	val_loss: 1.2114 val_accuracy: 0.6848	test_loss: 2.0363 test_accuracy: 0.5262	F1: 0.4849 Prec: 0.5039 Rec: 0.5262
train: {'epoch': 189, 'time_epoch': 1.78358, 'eta': 112.22906, 'eta_hours': 0.03117, 'loss': 0.2555182, 'lr': 0.00013985, 'params': 276757, 'time_iter': 0.01002, 'accuracy': 0.91605, 'f1': 0.91602, 'auc': 0.99816}
val: {'epoch': 189, 'time_epoch': 0.05399, 'loss': 1.60982415, 'lr': 0, 'params': 276757, 'time_iter': 0.00491, 'accuracy': 0.56667, 'f1': 0.54403, 'auc': 0.96217}
test: {'epoch': 189, 'time_epoch': 0.10107, 'loss': 2.43390527, 'lr': 0, 'params': 276757, 'time_iter': 0.00722, 'accuracy': 0.45714, 'f1': 0.43902, 'auc': 0.90653}
> Epoch 189: took 2.0s (avg 2.1s) | Best so far: epoch 177	train_loss: 0.2642 train_accuracy: 0.9131	val_loss: 1.2114 val_accuracy: 0.6848	test_loss: 2.0363 test_accuracy: 0.5262	F1: 0.4849 Prec: 0.5039 Rec: 0.5262
train: {'epoch': 190, 'time_epoch': 1.75411, 'eta': 110.32263, 'eta_hours': 0.03065, 'loss': 0.26070069, 'lr': 0.00013552, 'params': 276757, 'time_iter': 0.00985, 'accuracy': 0.91393, 'f1': 0.91393, 'auc': 0.99812}
val: {'epoch': 190, 'time_epoch': 0.05378, 'loss': 1.6523413, 'lr': 0, 'params': 276757, 'time_iter': 0.00489, 'accuracy': 0.57879, 'f1': 0.53629, 'auc': 0.96719}
test: {'epoch': 190, 'time_epoch': 0.0645, 'loss': 2.22216057, 'lr': 0, 'params': 276757, 'time_iter': 0.00461, 'accuracy': 0.50952, 'f1': 0.47623, 'auc': 0.91815}
> Epoch 190: took 2.0s (avg 2.1s) | Best so far: epoch 177	train_loss: 0.2642 train_accuracy: 0.9131	val_loss: 1.2114 val_accuracy: 0.6848	test_loss: 2.0363 test_accuracy: 0.5262	F1: 0.4849 Prec: 0.5039 Rec: 0.5262
train: {'epoch': 191, 'time_epoch': 1.79514, 'eta': 108.43018, 'eta_hours': 0.03012, 'loss': 0.24247385, 'lr': 0.00013124, 'params': 276757, 'time_iter': 0.01009, 'accuracy': 0.92152, 'f1': 0.92148, 'auc': 0.99834}
val: {'epoch': 191, 'time_epoch': 0.05262, 'loss': 1.49152813, 'lr': 0, 'params': 276757, 'time_iter': 0.00478, 'accuracy': 0.58788, 'f1': 0.55087, 'auc': 0.96883}
test: {'epoch': 191, 'time_epoch': 0.07355, 'loss': 2.56013978, 'lr': 0, 'params': 276757, 'time_iter': 0.00525, 'accuracy': 0.49762, 'f1': 0.45805, 'auc': 0.90652}
> Epoch 191: took 2.0s (avg 2.1s) | Best so far: epoch 177	train_loss: 0.2642 train_accuracy: 0.9131	val_loss: 1.2114 val_accuracy: 0.6848	test_loss: 2.0363 test_accuracy: 0.5262	F1: 0.4849 Prec: 0.5039 Rec: 0.5262
train: {'epoch': 192, 'time_epoch': 1.76454, 'eta': 106.5297, 'eta_hours': 0.02959, 'loss': 0.23316753, 'lr': 0.00012703, 'params': 276757, 'time_iter': 0.00991, 'accuracy': 0.92293, 'f1': 0.92291, 'auc': 0.99857}
val: {'epoch': 192, 'time_epoch': 0.05421, 'loss': 1.28835752, 'lr': 0, 'params': 276757, 'time_iter': 0.00493, 'accuracy': 0.61818, 'f1': 0.58682, 'auc': 0.97537}
test: {'epoch': 192, 'time_epoch': 0.08611, 'loss': 2.14967479, 'lr': 0, 'params': 276757, 'time_iter': 0.00615, 'accuracy': 0.50238, 'f1': 0.47219, 'auc': 0.9192}
> Epoch 192: took 2.0s (avg 2.1s) | Best so far: epoch 177	train_loss: 0.2642 train_accuracy: 0.9131	val_loss: 1.2114 val_accuracy: 0.6848	test_loss: 2.0363 test_accuracy: 0.5262	F1: 0.4849 Prec: 0.5039 Rec: 0.5262
train: {'epoch': 193, 'time_epoch': 1.91522, 'eta': 104.67412, 'eta_hours': 0.02908, 'loss': 0.23859381, 'lr': 0.00012287, 'params': 276757, 'time_iter': 0.01076, 'accuracy': 0.92328, 'f1': 0.92324, 'auc': 0.99846}
val: {'epoch': 193, 'time_epoch': 0.05809, 'loss': 1.35292339, 'lr': 0, 'params': 276757, 'time_iter': 0.00528, 'accuracy': 0.65758, 'f1': 0.62388, 'auc': 0.97284}
test: {'epoch': 193, 'time_epoch': 0.06259, 'loss': 2.08650892, 'lr': 0, 'params': 276757, 'time_iter': 0.00447, 'accuracy': 0.55476, 'f1': 0.51959, 'auc': 0.92657}
> Epoch 193: took 2.2s (avg 2.1s) | Best so far: epoch 177	train_loss: 0.2642 train_accuracy: 0.9131	val_loss: 1.2114 val_accuracy: 0.6848	test_loss: 2.0363 test_accuracy: 0.5262	F1: 0.4849 Prec: 0.5039 Rec: 0.5262
train: {'epoch': 194, 'time_epoch': 1.91112, 'eta': 102.81677, 'eta_hours': 0.02856, 'loss': 0.24253745, 'lr': 0.00011878, 'params': 276757, 'time_iter': 0.01074, 'accuracy': 0.91958, 'f1': 0.91964, 'auc': 0.99838}
val: {'epoch': 194, 'time_epoch': 0.06103, 'loss': 1.43142305, 'lr': 0, 'params': 276757, 'time_iter': 0.00555, 'accuracy': 0.60909, 'f1': 0.58245, 'auc': 0.97242}
test: {'epoch': 194, 'time_epoch': 0.06801, 'loss': 2.00477329, 'lr': 0, 'params': 276757, 'time_iter': 0.00486, 'accuracy': 0.5619, 'f1': 0.53437, 'auc': 0.92811}
> Epoch 194: took 2.1s (avg 2.1s) | Best so far: epoch 177	train_loss: 0.2642 train_accuracy: 0.9131	val_loss: 1.2114 val_accuracy: 0.6848	test_loss: 2.0363 test_accuracy: 0.5262	F1: 0.4849 Prec: 0.5039 Rec: 0.5262
train: {'epoch': 195, 'time_epoch': 1.75834, 'eta': 100.91677, 'eta_hours': 0.02803, 'loss': 0.25319843, 'lr': 0.00011474, 'params': 276757, 'time_iter': 0.00988, 'accuracy': 0.92275, 'f1': 0.92278, 'auc': 0.99815}
val: {'epoch': 195, 'time_epoch': 0.05003, 'loss': 1.33008105, 'lr': 0, 'params': 276757, 'time_iter': 0.00455, 'accuracy': 0.6303, 'f1': 0.60028, 'auc': 0.97468}
test: {'epoch': 195, 'time_epoch': 0.067, 'loss': 2.10062, 'lr': 0, 'params': 276757, 'time_iter': 0.00479, 'accuracy': 0.53095, 'f1': 0.49528, 'auc': 0.92328}
> Epoch 195: took 2.0s (avg 2.1s) | Best so far: epoch 177	train_loss: 0.2642 train_accuracy: 0.9131	val_loss: 1.2114 val_accuracy: 0.6848	test_loss: 2.0363 test_accuracy: 0.5262	F1: 0.4849 Prec: 0.5039 Rec: 0.5262
train: {'epoch': 196, 'time_epoch': 1.93218, 'eta': 99.06499, 'eta_hours': 0.02752, 'loss': 0.25826715, 'lr': 0.00011077, 'params': 276757, 'time_iter': 0.01085, 'accuracy': 0.9164, 'f1': 0.91636, 'auc': 0.99814}
val: {'epoch': 196, 'time_epoch': 0.0576, 'loss': 1.30638174, 'lr': 0, 'params': 276757, 'time_iter': 0.00524, 'accuracy': 0.6303, 'f1': 0.60528, 'auc': 0.97265}
test: {'epoch': 196, 'time_epoch': 0.08253, 'loss': 2.06328123, 'lr': 0, 'params': 276757, 'time_iter': 0.0059, 'accuracy': 0.53095, 'f1': 0.49758, 'auc': 0.9256}
> Epoch 196: took 2.1s (avg 2.1s) | Best so far: epoch 177	train_loss: 0.2642 train_accuracy: 0.9131	val_loss: 1.2114 val_accuracy: 0.6848	test_loss: 2.0363 test_accuracy: 0.5262	F1: 0.4849 Prec: 0.5039 Rec: 0.5262
train: {'epoch': 197, 'time_epoch': 1.86918, 'eta': 97.19585, 'eta_hours': 0.027, 'loss': 0.25556426, 'lr': 0.00010686, 'params': 276757, 'time_iter': 0.0105, 'accuracy': 0.92116, 'f1': 0.92118, 'auc': 0.99805}
val: {'epoch': 197, 'time_epoch': 0.06291, 'loss': 1.25924915, 'lr': 0, 'params': 276757, 'time_iter': 0.00572, 'accuracy': 0.66667, 'f1': 0.63099, 'auc': 0.97611}
test: {'epoch': 197, 'time_epoch': 0.09579, 'loss': 2.04173613, 'lr': 0, 'params': 276757, 'time_iter': 0.00684, 'accuracy': 0.5119, 'f1': 0.47085, 'auc': 0.92808}
> Epoch 197: took 2.1s (avg 2.1s) | Best so far: epoch 177	train_loss: 0.2642 train_accuracy: 0.9131	val_loss: 1.2114 val_accuracy: 0.6848	test_loss: 2.0363 test_accuracy: 0.5262	F1: 0.4849 Prec: 0.5039 Rec: 0.5262
train: {'epoch': 198, 'time_epoch': 2.04342, 'eta': 95.37136, 'eta_hours': 0.02649, 'loss': 0.24521308, 'lr': 0.000103, 'params': 276757, 'time_iter': 0.01148, 'accuracy': 0.92222, 'f1': 0.92222, 'auc': 0.99822}
val: {'epoch': 198, 'time_epoch': 0.05272, 'loss': 1.17292665, 'lr': 0, 'params': 276757, 'time_iter': 0.00479, 'accuracy': 0.67273, 'f1': 0.64796, 'auc': 0.97758}
test: {'epoch': 198, 'time_epoch': 0.07761, 'loss': 2.11483904, 'lr': 0, 'params': 276757, 'time_iter': 0.00554, 'accuracy': 0.5119, 'f1': 0.48094, 'auc': 0.92375}
> Epoch 198: took 2.2s (avg 2.1s) | Best so far: epoch 177	train_loss: 0.2642 train_accuracy: 0.9131	val_loss: 1.2114 val_accuracy: 0.6848	test_loss: 2.0363 test_accuracy: 0.5262	F1: 0.4849 Prec: 0.5039 Rec: 0.5262
train: {'epoch': 199, 'time_epoch': 2.31931, 'eta': 93.61365, 'eta_hours': 0.026, 'loss': 0.24858537, 'lr': 9.922e-05, 'params': 276757, 'time_iter': 0.01303, 'accuracy': 0.91605, 'f1': 0.91607, 'auc': 0.99832}
val: {'epoch': 199, 'time_epoch': 0.06107, 'loss': 1.31789975, 'lr': 0, 'params': 276757, 'time_iter': 0.00555, 'accuracy': 0.62424, 'f1': 0.59328, 'auc': 0.97552}
test: {'epoch': 199, 'time_epoch': 0.07307, 'loss': 1.90339981, 'lr': 0, 'params': 276757, 'time_iter': 0.00522, 'accuracy': 0.55, 'f1': 0.5241, 'auc': 0.92791}
> Epoch 199: took 2.5s (avg 2.1s) | Best so far: epoch 177	train_loss: 0.2642 train_accuracy: 0.9131	val_loss: 1.2114 val_accuracy: 0.6848	test_loss: 2.0363 test_accuracy: 0.5262	F1: 0.4849 Prec: 0.5039 Rec: 0.5262
train: {'epoch': 200, 'time_epoch': 1.92471, 'eta': 91.75416, 'eta_hours': 0.02549, 'loss': 0.23224217, 'lr': 9.549e-05, 'params': 276757, 'time_iter': 0.01081, 'accuracy': 0.92716, 'f1': 0.92712, 'auc': 0.9984}
val: {'epoch': 200, 'time_epoch': 0.0526, 'loss': 1.35048507, 'lr': 0, 'params': 276757, 'time_iter': 0.00478, 'accuracy': 0.63333, 'f1': 0.60444, 'auc': 0.97227}
test: {'epoch': 200, 'time_epoch': 0.07422, 'loss': 2.22048189, 'lr': 0, 'params': 276757, 'time_iter': 0.0053, 'accuracy': 0.50714, 'f1': 0.47537, 'auc': 0.92018}
> Epoch 200: took 2.1s (avg 2.1s) | Best so far: epoch 177	train_loss: 0.2642 train_accuracy: 0.9131	val_loss: 1.2114 val_accuracy: 0.6848	test_loss: 2.0363 test_accuracy: 0.5262	F1: 0.4849 Prec: 0.5039 Rec: 0.5262
train: {'epoch': 201, 'time_epoch': 2.00755, 'eta': 89.91371, 'eta_hours': 0.02498, 'loss': 0.22622739, 'lr': 9.183e-05, 'params': 276757, 'time_iter': 0.01128, 'accuracy': 0.92963, 'f1': 0.9296, 'auc': 0.99865}
val: {'epoch': 201, 'time_epoch': 0.06016, 'loss': 1.27299634, 'lr': 0, 'params': 276757, 'time_iter': 0.00547, 'accuracy': 0.65455, 'f1': 0.62473, 'auc': 0.97459}
test: {'epoch': 201, 'time_epoch': 0.0738, 'loss': 2.01982673, 'lr': 0, 'params': 276757, 'time_iter': 0.00527, 'accuracy': 0.53571, 'f1': 0.4999, 'auc': 0.92549}
> Epoch 201: took 2.2s (avg 2.1s) | Best so far: epoch 177	train_loss: 0.2642 train_accuracy: 0.9131	val_loss: 1.2114 val_accuracy: 0.6848	test_loss: 2.0363 test_accuracy: 0.5262	F1: 0.4849 Prec: 0.5039 Rec: 0.5262
train: {'epoch': 202, 'time_epoch': 1.88756, 'eta': 88.04384, 'eta_hours': 0.02446, 'loss': 0.24205033, 'lr': 8.823e-05, 'params': 276757, 'time_iter': 0.0106, 'accuracy': 0.9224, 'f1': 0.92242, 'auc': 0.99839}
val: {'epoch': 202, 'time_epoch': 0.08315, 'loss': 1.27928664, 'lr': 0, 'params': 276757, 'time_iter': 0.00756, 'accuracy': 0.6303, 'f1': 0.59862, 'auc': 0.97442}
test: {'epoch': 202, 'time_epoch': 0.07592, 'loss': 1.96832185, 'lr': 0, 'params': 276757, 'time_iter': 0.00542, 'accuracy': 0.53571, 'f1': 0.51076, 'auc': 0.92762}
> Epoch 202: took 2.1s (avg 2.1s) | Best so far: epoch 177	train_loss: 0.2642 train_accuracy: 0.9131	val_loss: 1.2114 val_accuracy: 0.6848	test_loss: 2.0363 test_accuracy: 0.5262	F1: 0.4849 Prec: 0.5039 Rec: 0.5262
train: {'epoch': 203, 'time_epoch': 1.79363, 'eta': 86.1526, 'eta_hours': 0.02393, 'loss': 0.23143022, 'lr': 8.47e-05, 'params': 276757, 'time_iter': 0.01008, 'accuracy': 0.92663, 'f1': 0.92659, 'auc': 0.9985}
val: {'epoch': 203, 'time_epoch': 0.06072, 'loss': 1.34806878, 'lr': 0, 'params': 276757, 'time_iter': 0.00552, 'accuracy': 0.6303, 'f1': 0.59643, 'auc': 0.97228}
test: {'epoch': 203, 'time_epoch': 0.07633, 'loss': 2.00552552, 'lr': 0, 'params': 276757, 'time_iter': 0.00545, 'accuracy': 0.53571, 'f1': 0.50245, 'auc': 0.92974}
> Epoch 203: took 2.1s (avg 2.1s) | Best so far: epoch 177	train_loss: 0.2642 train_accuracy: 0.9131	val_loss: 1.2114 val_accuracy: 0.6848	test_loss: 2.0363 test_accuracy: 0.5262	F1: 0.4849 Prec: 0.5039 Rec: 0.5262
train: {'epoch': 204, 'time_epoch': 1.72312, 'eta': 84.24685, 'eta_hours': 0.0234, 'loss': 0.23391904, 'lr': 8.124e-05, 'params': 276757, 'time_iter': 0.00968, 'accuracy': 0.92769, 'f1': 0.92765, 'auc': 0.99839}
val: {'epoch': 204, 'time_epoch': 0.06381, 'loss': 1.37401415, 'lr': 0, 'params': 276757, 'time_iter': 0.0058, 'accuracy': 0.65152, 'f1': 0.62067, 'auc': 0.97207}
test: {'epoch': 204, 'time_epoch': 0.06773, 'loss': 1.95345009, 'lr': 0, 'params': 276757, 'time_iter': 0.00484, 'accuracy': 0.53571, 'f1': 0.50444, 'auc': 0.93154}
> Epoch 204: took 1.9s (avg 2.1s) | Best so far: epoch 177	train_loss: 0.2642 train_accuracy: 0.9131	val_loss: 1.2114 val_accuracy: 0.6848	test_loss: 2.0363 test_accuracy: 0.5262	F1: 0.4849 Prec: 0.5039 Rec: 0.5262
train: {'epoch': 205, 'time_epoch': 1.74646, 'eta': 82.34785, 'eta_hours': 0.02287, 'loss': 0.22011064, 'lr': 7.784e-05, 'params': 276757, 'time_iter': 0.00981, 'accuracy': 0.93175, 'f1': 0.93175, 'auc': 0.99862}
val: {'epoch': 205, 'time_epoch': 0.05875, 'loss': 1.37117, 'lr': 0, 'params': 276757, 'time_iter': 0.00534, 'accuracy': 0.64545, 'f1': 0.60769, 'auc': 0.97339}
test: {'epoch': 205, 'time_epoch': 0.06652, 'loss': 2.19198722, 'lr': 0, 'params': 276757, 'time_iter': 0.00475, 'accuracy': 0.54048, 'f1': 0.50811, 'auc': 0.92454}
> Epoch 205: took 2.0s (avg 2.1s) | Best so far: epoch 177	train_loss: 0.2642 train_accuracy: 0.9131	val_loss: 1.2114 val_accuracy: 0.6848	test_loss: 2.0363 test_accuracy: 0.5262	F1: 0.4849 Prec: 0.5039 Rec: 0.5262
train: {'epoch': 206, 'time_epoch': 1.80435, 'eta': 80.46235, 'eta_hours': 0.02235, 'loss': 0.22948889, 'lr': 7.45e-05, 'params': 276757, 'time_iter': 0.01014, 'accuracy': 0.92681, 'f1': 0.92673, 'auc': 0.99851}
val: {'epoch': 206, 'time_epoch': 0.05796, 'loss': 1.34119582, 'lr': 0, 'params': 276757, 'time_iter': 0.00527, 'accuracy': 0.62121, 'f1': 0.58605, 'auc': 0.97137}
test: {'epoch': 206, 'time_epoch': 0.07583, 'loss': 1.83847864, 'lr': 0, 'params': 276757, 'time_iter': 0.00542, 'accuracy': 0.56429, 'f1': 0.53539, 'auc': 0.93535}
> Epoch 206: took 2.0s (avg 2.1s) | Best so far: epoch 177	train_loss: 0.2642 train_accuracy: 0.9131	val_loss: 1.2114 val_accuracy: 0.6848	test_loss: 2.0363 test_accuracy: 0.5262	F1: 0.4849 Prec: 0.5039 Rec: 0.5262
train: {'epoch': 207, 'time_epoch': 1.73855, 'eta': 78.56434, 'eta_hours': 0.02182, 'loss': 0.23584934, 'lr': 7.124e-05, 'params': 276757, 'time_iter': 0.00977, 'accuracy': 0.92416, 'f1': 0.92419, 'auc': 0.99838}
val: {'epoch': 207, 'time_epoch': 0.05812, 'loss': 1.24920057, 'lr': 0, 'params': 276757, 'time_iter': 0.00528, 'accuracy': 0.6697, 'f1': 0.64679, 'auc': 0.97472}
test: {'epoch': 207, 'time_epoch': 0.07755, 'loss': 2.09484313, 'lr': 0, 'params': 276757, 'time_iter': 0.00554, 'accuracy': 0.52619, 'f1': 0.48755, 'auc': 0.92643}
> Epoch 207: took 1.9s (avg 2.1s) | Best so far: epoch 177	train_loss: 0.2642 train_accuracy: 0.9131	val_loss: 1.2114 val_accuracy: 0.6848	test_loss: 2.0363 test_accuracy: 0.5262	F1: 0.4849 Prec: 0.5039 Rec: 0.5262
train: {'epoch': 208, 'time_epoch': 1.81077, 'eta': 76.68203, 'eta_hours': 0.0213, 'loss': 0.2332451, 'lr': 6.804e-05, 'params': 276757, 'time_iter': 0.01017, 'accuracy': 0.92663, 'f1': 0.92661, 'auc': 0.99848}
val: {'epoch': 208, 'time_epoch': 0.05499, 'loss': 1.30363317, 'lr': 0, 'params': 276757, 'time_iter': 0.005, 'accuracy': 0.67273, 'f1': 0.64339, 'auc': 0.97553}
test: {'epoch': 208, 'time_epoch': 0.07324, 'loss': 1.91068295, 'lr': 0, 'params': 276757, 'time_iter': 0.00523, 'accuracy': 0.54286, 'f1': 0.51518, 'auc': 0.9332}
> Epoch 208: took 2.0s (avg 2.1s) | Best so far: epoch 177	train_loss: 0.2642 train_accuracy: 0.9131	val_loss: 1.2114 val_accuracy: 0.6848	test_loss: 2.0363 test_accuracy: 0.5262	F1: 0.4849 Prec: 0.5039 Rec: 0.5262
train: {'epoch': 209, 'time_epoch': 1.94215, 'eta': 74.82542, 'eta_hours': 0.02078, 'loss': 0.21406453, 'lr': 6.491e-05, 'params': 276757, 'time_iter': 0.01091, 'accuracy': 0.93157, 'f1': 0.93159, 'auc': 0.99866}
val: {'epoch': 209, 'time_epoch': 0.07098, 'loss': 1.29796088, 'lr': 0, 'params': 276757, 'time_iter': 0.00645, 'accuracy': 0.63939, 'f1': 0.60935, 'auc': 0.97407}
test: {'epoch': 209, 'time_epoch': 0.09507, 'loss': 2.11131594, 'lr': 0, 'params': 276757, 'time_iter': 0.00679, 'accuracy': 0.52143, 'f1': 0.4868, 'auc': 0.92496}
> Epoch 209: took 2.2s (avg 2.1s) | Best so far: epoch 177	train_loss: 0.2642 train_accuracy: 0.9131	val_loss: 1.2114 val_accuracy: 0.6848	test_loss: 2.0363 test_accuracy: 0.5262	F1: 0.4849 Prec: 0.5039 Rec: 0.5262
train: {'epoch': 210, 'time_epoch': 1.69216, 'eta': 72.9218, 'eta_hours': 0.02026, 'loss': 0.24384432, 'lr': 6.185e-05, 'params': 276757, 'time_iter': 0.00951, 'accuracy': 0.91905, 'f1': 0.91904, 'auc': 0.99831}
val: {'epoch': 210, 'time_epoch': 0.05593, 'loss': 1.3250082, 'lr': 0, 'params': 276757, 'time_iter': 0.00508, 'accuracy': 0.62121, 'f1': 0.58506, 'auc': 0.97497}
test: {'epoch': 210, 'time_epoch': 0.07558, 'loss': 1.94112386, 'lr': 0, 'params': 276757, 'time_iter': 0.0054, 'accuracy': 0.54524, 'f1': 0.51587, 'auc': 0.93063}
> Epoch 210: took 1.9s (avg 2.1s) | Best so far: epoch 177	train_loss: 0.2642 train_accuracy: 0.9131	val_loss: 1.2114 val_accuracy: 0.6848	test_loss: 2.0363 test_accuracy: 0.5262	F1: 0.4849 Prec: 0.5039 Rec: 0.5262
train: {'epoch': 211, 'time_epoch': 1.83823, 'eta': 71.04635, 'eta_hours': 0.01974, 'loss': 0.22443942, 'lr': 5.885e-05, 'params': 276757, 'time_iter': 0.01033, 'accuracy': 0.92522, 'f1': 0.92517, 'auc': 0.99861}
val: {'epoch': 211, 'time_epoch': 0.05741, 'loss': 1.38945409, 'lr': 0, 'params': 276757, 'time_iter': 0.00522, 'accuracy': 0.66667, 'f1': 0.62878, 'auc': 0.97372}
test: {'epoch': 211, 'time_epoch': 0.06702, 'loss': 1.98269256, 'lr': 0, 'params': 276757, 'time_iter': 0.00479, 'accuracy': 0.54286, 'f1': 0.51407, 'auc': 0.93107}
> Epoch 211: took 2.0s (avg 2.1s) | Best so far: epoch 177	train_loss: 0.2642 train_accuracy: 0.9131	val_loss: 1.2114 val_accuracy: 0.6848	test_loss: 2.0363 test_accuracy: 0.5262	F1: 0.4849 Prec: 0.5039 Rec: 0.5262
train: {'epoch': 212, 'time_epoch': 1.76926, 'eta': 69.15927, 'eta_hours': 0.01921, 'loss': 0.21884708, 'lr': 5.593e-05, 'params': 276757, 'time_iter': 0.00994, 'accuracy': 0.92892, 'f1': 0.9289, 'auc': 0.9987}
val: {'epoch': 212, 'time_epoch': 0.04908, 'loss': 1.30134753, 'lr': 0, 'params': 276757, 'time_iter': 0.00446, 'accuracy': 0.64545, 'f1': 0.61714, 'auc': 0.97506}
test: {'epoch': 212, 'time_epoch': 0.07081, 'loss': 2.04006581, 'lr': 0, 'params': 276757, 'time_iter': 0.00506, 'accuracy': 0.51429, 'f1': 0.48278, 'auc': 0.9283}
> Epoch 212: took 2.0s (avg 2.1s) | Best so far: epoch 177	train_loss: 0.2642 train_accuracy: 0.9131	val_loss: 1.2114 val_accuracy: 0.6848	test_loss: 2.0363 test_accuracy: 0.5262	F1: 0.4849 Prec: 0.5039 Rec: 0.5262
train: {'epoch': 213, 'time_epoch': 1.76452, 'eta': 67.2725, 'eta_hours': 0.01869, 'loss': 0.22824913, 'lr': 5.308e-05, 'params': 276757, 'time_iter': 0.00991, 'accuracy': 0.92822, 'f1': 0.92818, 'auc': 0.99857}
val: {'epoch': 213, 'time_epoch': 0.06704, 'loss': 1.39363918, 'lr': 0, 'params': 276757, 'time_iter': 0.00609, 'accuracy': 0.63333, 'f1': 0.60083, 'auc': 0.9724}
test: {'epoch': 213, 'time_epoch': 0.06743, 'loss': 2.05625546, 'lr': 0, 'params': 276757, 'time_iter': 0.00482, 'accuracy': 0.53571, 'f1': 0.49973, 'auc': 0.9293}
> Epoch 213: took 2.0s (avg 2.1s) | Best so far: epoch 177	train_loss: 0.2642 train_accuracy: 0.9131	val_loss: 1.2114 val_accuracy: 0.6848	test_loss: 2.0363 test_accuracy: 0.5262	F1: 0.4849 Prec: 0.5039 Rec: 0.5262
train: {'epoch': 214, 'time_epoch': 1.93176, 'eta': 65.41409, 'eta_hours': 0.01817, 'loss': 0.22246197, 'lr': 5.03e-05, 'params': 276757, 'time_iter': 0.01085, 'accuracy': 0.92557, 'f1': 0.92554, 'auc': 0.99855}
val: {'epoch': 214, 'time_epoch': 0.05938, 'loss': 1.33522285, 'lr': 0, 'params': 276757, 'time_iter': 0.0054, 'accuracy': 0.6697, 'f1': 0.63684, 'auc': 0.97515}
test: {'epoch': 214, 'time_epoch': 0.08476, 'loss': 2.03481579, 'lr': 0, 'params': 276757, 'time_iter': 0.00605, 'accuracy': 0.52857, 'f1': 0.49818, 'auc': 0.92801}
> Epoch 214: took 2.2s (avg 2.1s) | Best so far: epoch 177	train_loss: 0.2642 train_accuracy: 0.9131	val_loss: 1.2114 val_accuracy: 0.6848	test_loss: 2.0363 test_accuracy: 0.5262	F1: 0.4849 Prec: 0.5039 Rec: 0.5262
train: {'epoch': 215, 'time_epoch': 1.79721, 'eta': 63.53382, 'eta_hours': 0.01765, 'loss': 0.22716019, 'lr': 4.759e-05, 'params': 276757, 'time_iter': 0.0101, 'accuracy': 0.92434, 'f1': 0.92427, 'auc': 0.9986}
val: {'epoch': 215, 'time_epoch': 0.05776, 'loss': 1.24186372, 'lr': 0, 'params': 276757, 'time_iter': 0.00525, 'accuracy': 0.69091, 'f1': 0.66388, 'auc': 0.9755}
test: {'epoch': 215, 'time_epoch': 0.08263, 'loss': 1.98490264, 'lr': 0, 'params': 276757, 'time_iter': 0.0059, 'accuracy': 0.54286, 'f1': 0.51252, 'auc': 0.9296}
[*] Confusion Matrix saved to: results_lopo_none/LR_3m\Conf\confusion_matrix_epoch_215.png
> Epoch 215: took 2.0s (avg 2.1s) | Best so far: epoch 215	train_loss: 0.2272 train_accuracy: 0.9243	val_loss: 1.2419 val_accuracy: 0.6909	test_loss: 1.9849 test_accuracy: 0.5429	F1: 0.5125 Prec: 0.5263 Rec: 0.5429
train: {'epoch': 216, 'time_epoch': 2.0832, 'eta': 61.6978, 'eta_hours': 0.01714, 'loss': 0.22428546, 'lr': 4.495e-05, 'params': 276757, 'time_iter': 0.0117, 'accuracy': 0.92787, 'f1': 0.92781, 'auc': 0.99853}
val: {'epoch': 216, 'time_epoch': 0.0564, 'loss': 1.29027849, 'lr': 0, 'params': 276757, 'time_iter': 0.00513, 'accuracy': 0.66364, 'f1': 0.62978, 'auc': 0.97644}
test: {'epoch': 216, 'time_epoch': 0.07091, 'loss': 1.87067002, 'lr': 0, 'params': 276757, 'time_iter': 0.00507, 'accuracy': 0.55476, 'f1': 0.52289, 'auc': 0.93552}
> Epoch 216: took 2.3s (avg 2.1s) | Best so far: epoch 215	train_loss: 0.2272 train_accuracy: 0.9243	val_loss: 1.2419 val_accuracy: 0.6909	test_loss: 1.9849 test_accuracy: 0.5429	F1: 0.5125 Prec: 0.5263 Rec: 0.5429
train: {'epoch': 217, 'time_epoch': 1.81255, 'eta': 59.8198, 'eta_hours': 0.01662, 'loss': 0.24253259, 'lr': 4.238e-05, 'params': 276757, 'time_iter': 0.01018, 'accuracy': 0.9224, 'f1': 0.92238, 'auc': 0.99824}
val: {'epoch': 217, 'time_epoch': 0.04958, 'loss': 1.32233474, 'lr': 0, 'params': 276757, 'time_iter': 0.00451, 'accuracy': 0.67273, 'f1': 0.64067, 'auc': 0.97582}
test: {'epoch': 217, 'time_epoch': 0.0663, 'loss': 1.89913335, 'lr': 0, 'params': 276757, 'time_iter': 0.00474, 'accuracy': 0.54048, 'f1': 0.51028, 'auc': 0.93373}
> Epoch 217: took 2.0s (avg 2.1s) | Best so far: epoch 215	train_loss: 0.2272 train_accuracy: 0.9243	val_loss: 1.2419 val_accuracy: 0.6909	test_loss: 1.9849 test_accuracy: 0.5429	F1: 0.5125 Prec: 0.5263 Rec: 0.5429
train: {'epoch': 218, 'time_epoch': 2.0235, 'eta': 57.97225, 'eta_hours': 0.0161, 'loss': 0.22370639, 'lr': 3.988e-05, 'params': 276757, 'time_iter': 0.01137, 'accuracy': 0.92663, 'f1': 0.92664, 'auc': 0.99858}
val: {'epoch': 218, 'time_epoch': 0.06175, 'loss': 1.36819977, 'lr': 0, 'params': 276757, 'time_iter': 0.00561, 'accuracy': 0.64848, 'f1': 0.61467, 'auc': 0.97386}
test: {'epoch': 218, 'time_epoch': 0.07477, 'loss': 1.82367718, 'lr': 0, 'params': 276757, 'time_iter': 0.00534, 'accuracy': 0.57619, 'f1': 0.55136, 'auc': 0.9358}
> Epoch 218: took 2.2s (avg 2.1s) | Best so far: epoch 215	train_loss: 0.2272 train_accuracy: 0.9243	val_loss: 1.2419 val_accuracy: 0.6909	test_loss: 1.9849 test_accuracy: 0.5429	F1: 0.5125 Prec: 0.5263 Rec: 0.5429
train: {'epoch': 219, 'time_epoch': 1.94776, 'eta': 56.11277, 'eta_hours': 0.01559, 'loss': 0.22224839, 'lr': 3.746e-05, 'params': 276757, 'time_iter': 0.01094, 'accuracy': 0.92804, 'f1': 0.92806, 'auc': 0.99861}
val: {'epoch': 219, 'time_epoch': 0.0502, 'loss': 1.29389326, 'lr': 0, 'params': 276757, 'time_iter': 0.00456, 'accuracy': 0.65758, 'f1': 0.62982, 'auc': 0.97674}
test: {'epoch': 219, 'time_epoch': 0.10262, 'loss': 1.9682749, 'lr': 0, 'params': 276757, 'time_iter': 0.00733, 'accuracy': 0.54762, 'f1': 0.51658, 'auc': 0.93177}
> Epoch 219: took 2.2s (avg 2.1s) | Best so far: epoch 215	train_loss: 0.2272 train_accuracy: 0.9243	val_loss: 1.2419 val_accuracy: 0.6909	test_loss: 1.9849 test_accuracy: 0.5429	F1: 0.5125 Prec: 0.5263 Rec: 0.5429
train: {'epoch': 220, 'time_epoch': 1.81198, 'eta': 54.23467, 'eta_hours': 0.01507, 'loss': 0.22717617, 'lr': 3.511e-05, 'params': 276757, 'time_iter': 0.01018, 'accuracy': 0.9261, 'f1': 0.92618, 'auc': 0.99852}
val: {'epoch': 220, 'time_epoch': 0.06648, 'loss': 1.32142829, 'lr': 0, 'params': 276757, 'time_iter': 0.00604, 'accuracy': 0.64242, 'f1': 0.61173, 'auc': 0.97541}
test: {'epoch': 220, 'time_epoch': 0.06686, 'loss': 2.02069948, 'lr': 0, 'params': 276757, 'time_iter': 0.00478, 'accuracy': 0.54048, 'f1': 0.50877, 'auc': 0.92971}
> Epoch 220: took 2.0s (avg 2.1s) | Best so far: epoch 215	train_loss: 0.2272 train_accuracy: 0.9243	val_loss: 1.2419 val_accuracy: 0.6909	test_loss: 1.9849 test_accuracy: 0.5429	F1: 0.5125 Prec: 0.5263 Rec: 0.5429
train: {'epoch': 221, 'time_epoch': 2.00179, 'eta': 52.38111, 'eta_hours': 0.01455, 'loss': 0.21627731, 'lr': 3.284e-05, 'params': 276757, 'time_iter': 0.01125, 'accuracy': 0.9321, 'f1': 0.9321, 'auc': 0.99868}
val: {'epoch': 221, 'time_epoch': 0.0771, 'loss': 1.25471147, 'lr': 0, 'params': 276757, 'time_iter': 0.00701, 'accuracy': 0.65758, 'f1': 0.62884, 'auc': 0.97695}
test: {'epoch': 221, 'time_epoch': 0.07124, 'loss': 2.02917384, 'lr': 0, 'params': 276757, 'time_iter': 0.00509, 'accuracy': 0.5381, 'f1': 0.50561, 'auc': 0.9276}
> Epoch 221: took 2.3s (avg 2.1s) | Best so far: epoch 215	train_loss: 0.2272 train_accuracy: 0.9243	val_loss: 1.2419 val_accuracy: 0.6909	test_loss: 1.9849 test_accuracy: 0.5429	F1: 0.5125 Prec: 0.5263 Rec: 0.5429
train: {'epoch': 222, 'time_epoch': 1.85398, 'eta': 50.50833, 'eta_hours': 0.01403, 'loss': 0.21747837, 'lr': 3.063e-05, 'params': 276757, 'time_iter': 0.01042, 'accuracy': 0.92981, 'f1': 0.92986, 'auc': 0.99866}
val: {'epoch': 222, 'time_epoch': 0.08193, 'loss': 1.24897282, 'lr': 0, 'params': 276757, 'time_iter': 0.00745, 'accuracy': 0.66667, 'f1': 0.63776, 'auc': 0.97551}
test: {'epoch': 222, 'time_epoch': 0.06605, 'loss': 2.01320245, 'lr': 0, 'params': 276757, 'time_iter': 0.00472, 'accuracy': 0.54524, 'f1': 0.5117, 'auc': 0.92855}
> Epoch 222: took 2.1s (avg 2.1s) | Best so far: epoch 215	train_loss: 0.2272 train_accuracy: 0.9243	val_loss: 1.2419 val_accuracy: 0.6909	test_loss: 1.9849 test_accuracy: 0.5429	F1: 0.5125 Prec: 0.5263 Rec: 0.5429
train: {'epoch': 223, 'time_epoch': 1.83664, 'eta': 48.6337, 'eta_hours': 0.01351, 'loss': 0.21629943, 'lr': 2.85e-05, 'params': 276757, 'time_iter': 0.01032, 'accuracy': 0.93122, 'f1': 0.93122, 'auc': 0.9987}
val: {'epoch': 223, 'time_epoch': 0.05306, 'loss': 1.30387255, 'lr': 0, 'params': 276757, 'time_iter': 0.00482, 'accuracy': 0.64848, 'f1': 0.61631, 'auc': 0.97601}
test: {'epoch': 223, 'time_epoch': 0.07419, 'loss': 1.91999011, 'lr': 0, 'params': 276757, 'time_iter': 0.0053, 'accuracy': 0.54286, 'f1': 0.51383, 'auc': 0.93279}
> Epoch 223: took 2.1s (avg 2.1s) | Best so far: epoch 215	train_loss: 0.2272 train_accuracy: 0.9243	val_loss: 1.2419 val_accuracy: 0.6909	test_loss: 1.9849 test_accuracy: 0.5429	F1: 0.5125 Prec: 0.5263 Rec: 0.5429
train: {'epoch': 224, 'time_epoch': 2.14333, 'eta': 46.79348, 'eta_hours': 0.013, 'loss': 0.21167637, 'lr': 2.645e-05, 'params': 276757, 'time_iter': 0.01204, 'accuracy': 0.93457, 'f1': 0.93453, 'auc': 0.99875}
val: {'epoch': 224, 'time_epoch': 0.06254, 'loss': 1.29677441, 'lr': 0, 'params': 276757, 'time_iter': 0.00569, 'accuracy': 0.66061, 'f1': 0.62919, 'auc': 0.97558}
test: {'epoch': 224, 'time_epoch': 0.07272, 'loss': 1.9928708, 'lr': 0, 'params': 276757, 'time_iter': 0.00519, 'accuracy': 0.54524, 'f1': 0.51192, 'auc': 0.92936}
> Epoch 224: took 2.4s (avg 2.1s) | Best so far: epoch 215	train_loss: 0.2272 train_accuracy: 0.9243	val_loss: 1.2419 val_accuracy: 0.6909	test_loss: 1.9849 test_accuracy: 0.5429	F1: 0.5125 Prec: 0.5263 Rec: 0.5429
train: {'epoch': 225, 'time_epoch': 1.95487, 'eta': 44.93057, 'eta_hours': 0.01248, 'loss': 0.20980936, 'lr': 2.447e-05, 'params': 276757, 'time_iter': 0.01098, 'accuracy': 0.93122, 'f1': 0.93121, 'auc': 0.99884}
val: {'epoch': 225, 'time_epoch': 0.06604, 'loss': 1.33381648, 'lr': 0, 'params': 276757, 'time_iter': 0.006, 'accuracy': 0.63939, 'f1': 0.60464, 'auc': 0.97506}
test: {'epoch': 225, 'time_epoch': 0.06981, 'loss': 1.98282347, 'lr': 0, 'params': 276757, 'time_iter': 0.00499, 'accuracy': 0.53095, 'f1': 0.50191, 'auc': 0.9308}
> Epoch 225: took 2.2s (avg 2.1s) | Best so far: epoch 215	train_loss: 0.2272 train_accuracy: 0.9243	val_loss: 1.2419 val_accuracy: 0.6909	test_loss: 1.9849 test_accuracy: 0.5429	F1: 0.5125 Prec: 0.5263 Rec: 0.5429
train: {'epoch': 226, 'time_epoch': 1.87599, 'eta': 43.05886, 'eta_hours': 0.01196, 'loss': 0.2085299, 'lr': 2.257e-05, 'params': 276757, 'time_iter': 0.01054, 'accuracy': 0.93139, 'f1': 0.93135, 'auc': 0.99879}
val: {'epoch': 226, 'time_epoch': 0.05812, 'loss': 1.3792428, 'lr': 0, 'params': 276757, 'time_iter': 0.00528, 'accuracy': 0.64545, 'f1': 0.6124, 'auc': 0.9743}
test: {'epoch': 226, 'time_epoch': 0.067, 'loss': 2.03508925, 'lr': 0, 'params': 276757, 'time_iter': 0.00479, 'accuracy': 0.52381, 'f1': 0.49244, 'auc': 0.92776}
> Epoch 226: took 2.1s (avg 2.1s) | Best so far: epoch 215	train_loss: 0.2272 train_accuracy: 0.9243	val_loss: 1.2419 val_accuracy: 0.6909	test_loss: 1.9849 test_accuracy: 0.5429	F1: 0.5125 Prec: 0.5263 Rec: 0.5429
train: {'epoch': 227, 'time_epoch': 1.9243, 'eta': 41.19177, 'eta_hours': 0.01144, 'loss': 0.21964654, 'lr': 2.074e-05, 'params': 276757, 'time_iter': 0.01081, 'accuracy': 0.93016, 'f1': 0.93018, 'auc': 0.99861}
val: {'epoch': 227, 'time_epoch': 0.05, 'loss': 1.24583595, 'lr': 0, 'params': 276757, 'time_iter': 0.00455, 'accuracy': 0.67273, 'f1': 0.63911, 'auc': 0.97742}
test: {'epoch': 227, 'time_epoch': 0.06829, 'loss': 1.98251796, 'lr': 0, 'params': 276757, 'time_iter': 0.00488, 'accuracy': 0.54048, 'f1': 0.50844, 'auc': 0.93035}
> Epoch 227: took 2.1s (avg 2.1s) | Best so far: epoch 215	train_loss: 0.2272 train_accuracy: 0.9243	val_loss: 1.2419 val_accuracy: 0.6909	test_loss: 1.9849 test_accuracy: 0.5429	F1: 0.5125 Prec: 0.5263 Rec: 0.5429
train: {'epoch': 228, 'time_epoch': 1.81222, 'eta': 39.3139, 'eta_hours': 0.01092, 'loss': 0.21693035, 'lr': 1.899e-05, 'params': 276757, 'time_iter': 0.01018, 'accuracy': 0.92945, 'f1': 0.9295, 'auc': 0.99868}
val: {'epoch': 228, 'time_epoch': 0.05372, 'loss': 1.36883689, 'lr': 0, 'params': 276757, 'time_iter': 0.00488, 'accuracy': 0.64848, 'f1': 0.61248, 'auc': 0.97429}
test: {'epoch': 228, 'time_epoch': 0.07343, 'loss': 1.88110214, 'lr': 0, 'params': 276757, 'time_iter': 0.00524, 'accuracy': 0.5381, 'f1': 0.50796, 'auc': 0.93338}
> Epoch 228: took 2.0s (avg 2.1s) | Best so far: epoch 215	train_loss: 0.2272 train_accuracy: 0.9243	val_loss: 1.2419 val_accuracy: 0.6909	test_loss: 1.9849 test_accuracy: 0.5429	F1: 0.5125 Prec: 0.5263 Rec: 0.5429
train: {'epoch': 229, 'time_epoch': 1.91708, 'eta': 37.44572, 'eta_hours': 0.0104, 'loss': 0.22111423, 'lr': 1.731e-05, 'params': 276757, 'time_iter': 0.01077, 'accuracy': 0.93069, 'f1': 0.9307, 'auc': 0.99851}
val: {'epoch': 229, 'time_epoch': 0.05619, 'loss': 1.35860271, 'lr': 0, 'params': 276757, 'time_iter': 0.00511, 'accuracy': 0.65152, 'f1': 0.61452, 'auc': 0.97539}
test: {'epoch': 229, 'time_epoch': 0.07516, 'loss': 1.98856192, 'lr': 0, 'params': 276757, 'time_iter': 0.00537, 'accuracy': 0.5381, 'f1': 0.50855, 'auc': 0.93107}
> Epoch 229: took 2.1s (avg 2.1s) | Best so far: epoch 215	train_loss: 0.2272 train_accuracy: 0.9243	val_loss: 1.2419 val_accuracy: 0.6909	test_loss: 1.9849 test_accuracy: 0.5429	F1: 0.5125 Prec: 0.5263 Rec: 0.5429
train: {'epoch': 230, 'time_epoch': 1.74946, 'eta': 35.56333, 'eta_hours': 0.00988, 'loss': 0.19539814, 'lr': 1.571e-05, 'params': 276757, 'time_iter': 0.00983, 'accuracy': 0.9358, 'f1': 0.93578, 'auc': 0.999}
val: {'epoch': 230, 'time_epoch': 0.07304, 'loss': 1.28558114, 'lr': 0, 'params': 276757, 'time_iter': 0.00664, 'accuracy': 0.67273, 'f1': 0.64409, 'auc': 0.97571}
test: {'epoch': 230, 'time_epoch': 0.07335, 'loss': 2.14964529, 'lr': 0, 'params': 276757, 'time_iter': 0.00524, 'accuracy': 0.52381, 'f1': 0.4867, 'auc': 0.92348}
> Epoch 230: took 2.0s (avg 2.1s) | Best so far: epoch 215	train_loss: 0.2272 train_accuracy: 0.9243	val_loss: 1.2419 val_accuracy: 0.6909	test_loss: 1.9849 test_accuracy: 0.5429	F1: 0.5125 Prec: 0.5263 Rec: 0.5429
train: {'epoch': 231, 'time_epoch': 1.94537, 'eta': 33.69729, 'eta_hours': 0.00936, 'loss': 0.21220132, 'lr': 1.418e-05, 'params': 276757, 'time_iter': 0.01093, 'accuracy': 0.93245, 'f1': 0.93245, 'auc': 0.99878}
val: {'epoch': 231, 'time_epoch': 0.0586, 'loss': 1.2716803, 'lr': 0, 'params': 276757, 'time_iter': 0.00533, 'accuracy': 0.65455, 'f1': 0.62555, 'auc': 0.97609}
test: {'epoch': 231, 'time_epoch': 0.06919, 'loss': 2.00662332, 'lr': 0, 'params': 276757, 'time_iter': 0.00494, 'accuracy': 0.54762, 'f1': 0.51894, 'auc': 0.92657}
> Epoch 231: took 2.1s (avg 2.1s) | Best so far: epoch 215	train_loss: 0.2272 train_accuracy: 0.9243	val_loss: 1.2419 val_accuracy: 0.6909	test_loss: 1.9849 test_accuracy: 0.5429	F1: 0.5125 Prec: 0.5263 Rec: 0.5429
train: {'epoch': 232, 'time_epoch': 1.8907, 'eta': 31.82658, 'eta_hours': 0.00884, 'loss': 0.23167061, 'lr': 1.274e-05, 'params': 276757, 'time_iter': 0.01062, 'accuracy': 0.92751, 'f1': 0.92754, 'auc': 0.99845}
val: {'epoch': 232, 'time_epoch': 0.05632, 'loss': 1.32183604, 'lr': 0, 'params': 276757, 'time_iter': 0.00512, 'accuracy': 0.64242, 'f1': 0.6144, 'auc': 0.97421}
test: {'epoch': 232, 'time_epoch': 0.078, 'loss': 1.95349266, 'lr': 0, 'params': 276757, 'time_iter': 0.00557, 'accuracy': 0.55952, 'f1': 0.52873, 'auc': 0.93031}
> Epoch 232: took 2.1s (avg 2.1s) | Best so far: epoch 215	train_loss: 0.2272 train_accuracy: 0.9243	val_loss: 1.2419 val_accuracy: 0.6909	test_loss: 1.9849 test_accuracy: 0.5429	F1: 0.5125 Prec: 0.5263 Rec: 0.5429
train: {'epoch': 233, 'time_epoch': 2.1865, 'eta': 29.97592, 'eta_hours': 0.00833, 'loss': 0.19713073, 'lr': 1.137e-05, 'params': 276757, 'time_iter': 0.01228, 'accuracy': 0.93986, 'f1': 0.93984, 'auc': 0.99884}
val: {'epoch': 233, 'time_epoch': 0.05899, 'loss': 1.23633335, 'lr': 0, 'params': 276757, 'time_iter': 0.00536, 'accuracy': 0.65758, 'f1': 0.62543, 'auc': 0.97623}
test: {'epoch': 233, 'time_epoch': 0.0825, 'loss': 2.02328644, 'lr': 0, 'params': 276757, 'time_iter': 0.00589, 'accuracy': 0.53095, 'f1': 0.49786, 'auc': 0.9263}
> Epoch 233: took 2.4s (avg 2.1s) | Best so far: epoch 215	train_loss: 0.2272 train_accuracy: 0.9243	val_loss: 1.2419 val_accuracy: 0.6909	test_loss: 1.9849 test_accuracy: 0.5429	F1: 0.5125 Prec: 0.5263 Rec: 0.5429
train: {'epoch': 234, 'time_epoch': 2.15382, 'eta': 28.12032, 'eta_hours': 0.00781, 'loss': 0.20197994, 'lr': 1.007e-05, 'params': 276757, 'time_iter': 0.0121, 'accuracy': 0.93298, 'f1': 0.93296, 'auc': 0.99889}
val: {'epoch': 234, 'time_epoch': 0.05461, 'loss': 1.33673211, 'lr': 0, 'params': 276757, 'time_iter': 0.00496, 'accuracy': 0.64545, 'f1': 0.603, 'auc': 0.97565}
test: {'epoch': 234, 'time_epoch': 0.07753, 'loss': 1.88319507, 'lr': 0, 'params': 276757, 'time_iter': 0.00554, 'accuracy': 0.55, 'f1': 0.52193, 'auc': 0.93287}
> Epoch 234: took 2.4s (avg 2.1s) | Best so far: epoch 215	train_loss: 0.2272 train_accuracy: 0.9243	val_loss: 1.2419 val_accuracy: 0.6909	test_loss: 1.9849 test_accuracy: 0.5429	F1: 0.5125 Prec: 0.5263 Rec: 0.5429
train: {'epoch': 235, 'time_epoch': 1.96683, 'eta': 26.2511, 'eta_hours': 0.00729, 'loss': 0.2013377, 'lr': 8.86e-06, 'params': 276757, 'time_iter': 0.01105, 'accuracy': 0.9381, 'f1': 0.93805, 'auc': 0.99891}
val: {'epoch': 235, 'time_epoch': 0.05559, 'loss': 1.27243588, 'lr': 0, 'params': 276757, 'time_iter': 0.00505, 'accuracy': 0.64848, 'f1': 0.6191, 'auc': 0.97639}
test: {'epoch': 235, 'time_epoch': 0.08386, 'loss': 2.02281585, 'lr': 0, 'params': 276757, 'time_iter': 0.00599, 'accuracy': 0.54762, 'f1': 0.51309, 'auc': 0.92801}
> Epoch 235: took 2.2s (avg 2.1s) | Best so far: epoch 215	train_loss: 0.2272 train_accuracy: 0.9243	val_loss: 1.2419 val_accuracy: 0.6909	test_loss: 1.9849 test_accuracy: 0.5429	F1: 0.5125 Prec: 0.5263 Rec: 0.5429
train: {'epoch': 236, 'time_epoch': 2.15261, 'eta': 24.39124, 'eta_hours': 0.00678, 'loss': 0.21561052, 'lr': 7.72e-06, 'params': 276757, 'time_iter': 0.01209, 'accuracy': 0.92769, 'f1': 0.92763, 'auc': 0.99868}
val: {'epoch': 236, 'time_epoch': 0.06205, 'loss': 1.30135349, 'lr': 0, 'params': 276757, 'time_iter': 0.00564, 'accuracy': 0.65758, 'f1': 0.62678, 'auc': 0.97604}
test: {'epoch': 236, 'time_epoch': 0.07482, 'loss': 1.95117852, 'lr': 0, 'params': 276757, 'time_iter': 0.00534, 'accuracy': 0.5381, 'f1': 0.50712, 'auc': 0.93213}
> Epoch 236: took 2.4s (avg 2.1s) | Best so far: epoch 215	train_loss: 0.2272 train_accuracy: 0.9243	val_loss: 1.2419 val_accuracy: 0.6909	test_loss: 1.9849 test_accuracy: 0.5429	F1: 0.5125 Prec: 0.5263 Rec: 0.5429
train: {'epoch': 237, 'time_epoch': 1.58888, 'eta': 22.5005, 'eta_hours': 0.00625, 'loss': 0.2085536, 'lr': 6.66e-06, 'params': 276757, 'time_iter': 0.00893, 'accuracy': 0.93422, 'f1': 0.93421, 'auc': 0.99881}
val: {'epoch': 237, 'time_epoch': 0.05613, 'loss': 1.27056094, 'lr': 0, 'params': 276757, 'time_iter': 0.0051, 'accuracy': 0.65758, 'f1': 0.62827, 'auc': 0.97711}
test: {'epoch': 237, 'time_epoch': 0.0685, 'loss': 1.96240795, 'lr': 0, 'params': 276757, 'time_iter': 0.00489, 'accuracy': 0.55, 'f1': 0.51818, 'auc': 0.92971}
> Epoch 237: took 1.8s (avg 2.1s) | Best so far: epoch 215	train_loss: 0.2272 train_accuracy: 0.9243	val_loss: 1.2419 val_accuracy: 0.6909	test_loss: 1.9849 test_accuracy: 0.5429	F1: 0.5125 Prec: 0.5263 Rec: 0.5429
train: {'epoch': 238, 'time_epoch': 1.98124, 'eta': 20.63035, 'eta_hours': 0.00573, 'loss': 0.21688217, 'lr': 5.67e-06, 'params': 276757, 'time_iter': 0.01113, 'accuracy': 0.92875, 'f1': 0.92876, 'auc': 0.99868}
val: {'epoch': 238, 'time_epoch': 0.0574, 'loss': 1.26394772, 'lr': 0, 'params': 276757, 'time_iter': 0.00522, 'accuracy': 0.66364, 'f1': 0.63659, 'auc': 0.97652}
test: {'epoch': 238, 'time_epoch': 0.06803, 'loss': 2.11246204, 'lr': 0, 'params': 276757, 'time_iter': 0.00486, 'accuracy': 0.52381, 'f1': 0.49234, 'auc': 0.92395}
> Epoch 238: took 2.2s (avg 2.1s) | Best so far: epoch 215	train_loss: 0.2272 train_accuracy: 0.9243	val_loss: 1.2419 val_accuracy: 0.6909	test_loss: 1.9849 test_accuracy: 0.5429	F1: 0.5125 Prec: 0.5263 Rec: 0.5429
train: {'epoch': 239, 'time_epoch': 1.65154, 'eta': 18.74553, 'eta_hours': 0.00521, 'loss': 0.21155248, 'lr': 4.77e-06, 'params': 276757, 'time_iter': 0.00928, 'accuracy': 0.93404, 'f1': 0.93404, 'auc': 0.99872}
val: {'epoch': 239, 'time_epoch': 0.05614, 'loss': 1.28689159, 'lr': 0, 'params': 276757, 'time_iter': 0.0051, 'accuracy': 0.64545, 'f1': 0.60732, 'auc': 0.97795}
test: {'epoch': 239, 'time_epoch': 0.07286, 'loss': 1.97063894, 'lr': 0, 'params': 276757, 'time_iter': 0.0052, 'accuracy': 0.54762, 'f1': 0.51741, 'auc': 0.92952}
> Epoch 239: took 1.8s (avg 2.1s) | Best so far: epoch 215	train_loss: 0.2272 train_accuracy: 0.9243	val_loss: 1.2419 val_accuracy: 0.6909	test_loss: 1.9849 test_accuracy: 0.5429	F1: 0.5125 Prec: 0.5263 Rec: 0.5429
train: {'epoch': 240, 'time_epoch': 1.7833, 'eta': 16.86757, 'eta_hours': 0.00469, 'loss': 0.22399491, 'lr': 3.94e-06, 'params': 276757, 'time_iter': 0.01002, 'accuracy': 0.92628, 'f1': 0.92626, 'auc': 0.99863}
val: {'epoch': 240, 'time_epoch': 0.05131, 'loss': 1.30317881, 'lr': 0, 'params': 276757, 'time_iter': 0.00466, 'accuracy': 0.64545, 'f1': 0.60381, 'auc': 0.97731}
test: {'epoch': 240, 'time_epoch': 0.06689, 'loss': 1.93753785, 'lr': 0, 'params': 276757, 'time_iter': 0.00478, 'accuracy': 0.54048, 'f1': 0.50907, 'auc': 0.93098}
> Epoch 240: took 2.0s (avg 2.1s) | Best so far: epoch 215	train_loss: 0.2272 train_accuracy: 0.9243	val_loss: 1.2419 val_accuracy: 0.6909	test_loss: 1.9849 test_accuracy: 0.5429	F1: 0.5125 Prec: 0.5263 Rec: 0.5429
train: {'epoch': 241, 'time_epoch': 1.76489, 'eta': 14.98978, 'eta_hours': 0.00416, 'loss': 0.21425275, 'lr': 3.19e-06, 'params': 276757, 'time_iter': 0.00992, 'accuracy': 0.92928, 'f1': 0.92926, 'auc': 0.9987}
val: {'epoch': 241, 'time_epoch': 0.05027, 'loss': 1.33542767, 'lr': 0, 'params': 276757, 'time_iter': 0.00457, 'accuracy': 0.63939, 'f1': 0.61305, 'auc': 0.97477}
test: {'epoch': 241, 'time_epoch': 0.0712, 'loss': 2.03787452, 'lr': 0, 'params': 276757, 'time_iter': 0.00509, 'accuracy': 0.54286, 'f1': 0.50986, 'auc': 0.9282}
> Epoch 241: took 2.0s (avg 2.1s) | Best so far: epoch 215	train_loss: 0.2272 train_accuracy: 0.9243	val_loss: 1.2419 val_accuracy: 0.6909	test_loss: 1.9849 test_accuracy: 0.5429	F1: 0.5125 Prec: 0.5263 Rec: 0.5429
train: {'epoch': 242, 'time_epoch': 1.68679, 'eta': 13.11068, 'eta_hours': 0.00364, 'loss': 0.21116019, 'lr': 2.52e-06, 'params': 276757, 'time_iter': 0.00948, 'accuracy': 0.93175, 'f1': 0.93176, 'auc': 0.99878}
val: {'epoch': 242, 'time_epoch': 0.05574, 'loss': 1.31330587, 'lr': 0, 'params': 276757, 'time_iter': 0.00507, 'accuracy': 0.66364, 'f1': 0.62826, 'auc': 0.97612}
test: {'epoch': 242, 'time_epoch': 0.0769, 'loss': 1.93252118, 'lr': 0, 'params': 276757, 'time_iter': 0.00549, 'accuracy': 0.54048, 'f1': 0.51052, 'auc': 0.93145}
> Epoch 242: took 1.9s (avg 2.1s) | Best so far: epoch 215	train_loss: 0.2272 train_accuracy: 0.9243	val_loss: 1.2419 val_accuracy: 0.6909	test_loss: 1.9849 test_accuracy: 0.5429	F1: 0.5125 Prec: 0.5263 Rec: 0.5429
train: {'epoch': 243, 'time_epoch': 1.79944, 'eta': 11.23591, 'eta_hours': 0.00312, 'loss': 0.2145006, 'lr': 1.93e-06, 'params': 276757, 'time_iter': 0.01011, 'accuracy': 0.93104, 'f1': 0.93099, 'auc': 0.9987}
val: {'epoch': 243, 'time_epoch': 0.06325, 'loss': 1.32661024, 'lr': 0, 'params': 276757, 'time_iter': 0.00575, 'accuracy': 0.64242, 'f1': 0.60805, 'auc': 0.97568}
test: {'epoch': 243, 'time_epoch': 0.08939, 'loss': 1.9713142, 'lr': 0, 'params': 276757, 'time_iter': 0.00639, 'accuracy': 0.54524, 'f1': 0.51075, 'auc': 0.93167}
> Epoch 243: took 2.1s (avg 2.1s) | Best so far: epoch 215	train_loss: 0.2272 train_accuracy: 0.9243	val_loss: 1.2419 val_accuracy: 0.6909	test_loss: 1.9849 test_accuracy: 0.5429	F1: 0.5125 Prec: 0.5263 Rec: 0.5429
train: {'epoch': 244, 'time_epoch': 1.69063, 'eta': 9.35955, 'eta_hours': 0.0026, 'loss': 0.20482993, 'lr': 1.42e-06, 'params': 276757, 'time_iter': 0.0095, 'accuracy': 0.93104, 'f1': 0.93104, 'auc': 0.99884}
val: {'epoch': 244, 'time_epoch': 0.05347, 'loss': 1.32405455, 'lr': 0, 'params': 276757, 'time_iter': 0.00486, 'accuracy': 0.6303, 'f1': 0.60444, 'auc': 0.97364}
test: {'epoch': 244, 'time_epoch': 0.08944, 'loss': 2.01054316, 'lr': 0, 'params': 276757, 'time_iter': 0.00639, 'accuracy': 0.53333, 'f1': 0.5013, 'auc': 0.92891}
> Epoch 244: took 1.9s (avg 2.1s) | Best so far: epoch 215	train_loss: 0.2272 train_accuracy: 0.9243	val_loss: 1.2419 val_accuracy: 0.6909	test_loss: 1.9849 test_accuracy: 0.5429	F1: 0.5125 Prec: 0.5263 Rec: 0.5429
train: {'epoch': 245, 'time_epoch': 1.6271, 'eta': 7.48366, 'eta_hours': 0.00208, 'loss': 0.20470519, 'lr': 9.9e-07, 'params': 276757, 'time_iter': 0.00914, 'accuracy': 0.93527, 'f1': 0.93524, 'auc': 0.99887}
val: {'epoch': 245, 'time_epoch': 0.04816, 'loss': 1.34882959, 'lr': 0, 'params': 276757, 'time_iter': 0.00438, 'accuracy': 0.6303, 'f1': 0.59348, 'auc': 0.97468}
test: {'epoch': 245, 'time_epoch': 0.07836, 'loss': 1.85343801, 'lr': 0, 'params': 276757, 'time_iter': 0.0056, 'accuracy': 0.5619, 'f1': 0.53382, 'auc': 0.93455}
> Epoch 245: took 1.8s (avg 2.1s) | Best so far: epoch 215	train_loss: 0.2272 train_accuracy: 0.9243	val_loss: 1.2419 val_accuracy: 0.6909	test_loss: 1.9849 test_accuracy: 0.5429	F1: 0.5125 Prec: 0.5263 Rec: 0.5429
train: {'epoch': 246, 'time_epoch': 1.83802, 'eta': 5.61234, 'eta_hours': 0.00156, 'loss': 0.2127301, 'lr': 6.3e-07, 'params': 276757, 'time_iter': 0.01033, 'accuracy': 0.93034, 'f1': 0.93033, 'auc': 0.99874}
val: {'epoch': 246, 'time_epoch': 0.05439, 'loss': 1.30655022, 'lr': 0, 'params': 276757, 'time_iter': 0.00494, 'accuracy': 0.63636, 'f1': 0.60995, 'auc': 0.9758}
test: {'epoch': 246, 'time_epoch': 0.06844, 'loss': 2.04300144, 'lr': 0, 'params': 276757, 'time_iter': 0.00489, 'accuracy': 0.54286, 'f1': 0.51092, 'auc': 0.92657}
> Epoch 246: took 2.0s (avg 2.1s) | Best so far: epoch 215	train_loss: 0.2272 train_accuracy: 0.9243	val_loss: 1.2419 val_accuracy: 0.6909	test_loss: 1.9849 test_accuracy: 0.5429	F1: 0.5125 Prec: 0.5263 Rec: 0.5429
train: {'epoch': 247, 'time_epoch': 1.66113, 'eta': 3.73987, 'eta_hours': 0.00104, 'loss': 0.20583995, 'lr': 3.6e-07, 'params': 276757, 'time_iter': 0.00933, 'accuracy': 0.93774, 'f1': 0.93777, 'auc': 0.99879}
val: {'epoch': 247, 'time_epoch': 0.05681, 'loss': 1.31799618, 'lr': 0, 'params': 276757, 'time_iter': 0.00516, 'accuracy': 0.65152, 'f1': 0.62583, 'auc': 0.97586}
test: {'epoch': 247, 'time_epoch': 0.069, 'loss': 2.05116201, 'lr': 0, 'params': 276757, 'time_iter': 0.00493, 'accuracy': 0.5381, 'f1': 0.50414, 'auc': 0.92707}
> Epoch 247: took 1.9s (avg 2.1s) | Best so far: epoch 215	train_loss: 0.2272 train_accuracy: 0.9243	val_loss: 1.2419 val_accuracy: 0.6909	test_loss: 1.9849 test_accuracy: 0.5429	F1: 0.5125 Prec: 0.5263 Rec: 0.5429
train: {'epoch': 248, 'time_epoch': 1.64629, 'eta': 1.86904, 'eta_hours': 0.00052, 'loss': 0.20427424, 'lr': 1.6e-07, 'params': 276757, 'time_iter': 0.00925, 'accuracy': 0.93439, 'f1': 0.93447, 'auc': 0.99886}
val: {'epoch': 248, 'time_epoch': 0.05584, 'loss': 1.2529763, 'lr': 0, 'params': 276757, 'time_iter': 0.00508, 'accuracy': 0.66667, 'f1': 0.63849, 'auc': 0.97626}
test: {'epoch': 248, 'time_epoch': 0.07412, 'loss': 1.97387713, 'lr': 0, 'params': 276757, 'time_iter': 0.00529, 'accuracy': 0.54524, 'f1': 0.51288, 'auc': 0.92976}
> Epoch 248: took 1.9s (avg 2.1s) | Best so far: epoch 215	train_loss: 0.2272 train_accuracy: 0.9243	val_loss: 1.2419 val_accuracy: 0.6909	test_loss: 1.9849 test_accuracy: 0.5429	F1: 0.5125 Prec: 0.5263 Rec: 0.5429
train: {'epoch': 249, 'time_epoch': 1.76763, 'eta': 0.0, 'eta_hours': 0.0, 'loss': 0.21410783, 'lr': 4e-08, 'params': 276757, 'time_iter': 0.00993, 'accuracy': 0.93457, 'f1': 0.93458, 'auc': 0.99865}
val: {'epoch': 249, 'time_epoch': 0.07123, 'loss': 1.33429573, 'lr': 0, 'params': 276757, 'time_iter': 0.00648, 'accuracy': 0.64545, 'f1': 0.60864, 'auc': 0.97571}
test: {'epoch': 249, 'time_epoch': 0.07237, 'loss': 1.85256026, 'lr': 0, 'params': 276757, 'time_iter': 0.00517, 'accuracy': 0.56429, 'f1': 0.5383, 'auc': 0.93434}
> Epoch 249: took 2.0s (avg 2.1s) | Best so far: epoch 215	train_loss: 0.2272 train_accuracy: 0.9243	val_loss: 1.2419 val_accuracy: 0.6909	test_loss: 1.9849 test_accuracy: 0.5429	F1: 0.5125 Prec: 0.5263 Rec: 0.5429
Avg time per epoch: 2.09s
Total train loop time: 0.14h
Task done, results saved in results_lopo_none/LR_3m
[*] All done: 2026-04-01 14:11:39.033088
