[*] Run ID 0: seed=0, split_index=0
    Starting now: 2026-04-01 15:22:48.094699
[*] Loaded dataset 'rfid' from 'RFID':
  Data(x=[51360, 60], edge_index=[2, 51360], y=[6420], y_user=[6420], subject=[6420])
  undirected: True
  num graphs: 6420
  avg num_nodes/graph: 8
  num node features: 60
  num edge features: 0
  num classes: 21
[*] LOPO Split: Test Subj=SS 3m, Val Subj=DE 3m
    Train: 5685 | Val: 420 | Test: 315
GraphGymModule(
  (model): CustomGNN(
    (encoder): FeatureEncoder()
    (pre_mp): GeneralMultiLayer(
      (Layer_0): GeneralLayer(
        (layer): Linear(
          (model): Linear(60, 128, bias=False)
        )
        (post_layer): Sequential(
          (0): BatchNorm1d(128, eps=1e-05, momentum=0.1, affine=True, track_running_stats=True)
          (1): Dropout(p=0.2, inplace=False)
          (2): ReLU()
        )
      )
    )
    (gnn_layers): Sequential(
      (0): GCNConvLayer(
        (bn_node_x): BatchNorm1d(128, eps=1e-05, momentum=0.1, affine=True, track_running_stats=True)
        (act): Sequential(
          (0): ReLU()
          (1): Dropout(p=0.2, inplace=False)
        )
        (model): GCNConv(128, 128)
        (norm1_local): BatchNorm1d(128, eps=1e-05, momentum=0.1, affine=True, track_running_stats=True)
        (ff_linear1): Linear(in_features=128, out_features=256, bias=True)
        (ff_linear2): Linear(in_features=256, out_features=128, bias=True)
        (act_fn_ff): ReLU()
        (norm2): BatchNorm1d(128, eps=1e-05, momentum=0.1, affine=True, track_running_stats=True)
        (ff_dropout1): Dropout(p=0.2, inplace=False)
        (ff_dropout2): Dropout(p=0.2, inplace=False)
      )
      (1): GCNConvLayer(
        (bn_node_x): BatchNorm1d(128, eps=1e-05, momentum=0.1, affine=True, track_running_stats=True)
        (act): Sequential(
          (0): ReLU()
          (1): Dropout(p=0.2, inplace=False)
        )
        (model): GCNConv(128, 128)
        (norm1_local): BatchNorm1d(128, eps=1e-05, momentum=0.1, affine=True, track_running_stats=True)
        (ff_linear1): Linear(in_features=128, out_features=256, bias=True)
        (ff_linear2): Linear(in_features=256, out_features=128, bias=True)
        (act_fn_ff): ReLU()
        (norm2): BatchNorm1d(128, eps=1e-05, momentum=0.1, affine=True, track_running_stats=True)
        (ff_dropout1): Dropout(p=0.2, inplace=False)
        (ff_dropout2): Dropout(p=0.2, inplace=False)
      )
      (2): GCNConvLayer(
        (bn_node_x): BatchNorm1d(128, eps=1e-05, momentum=0.1, affine=True, track_running_stats=True)
        (act): Sequential(
          (0): ReLU()
          (1): Dropout(p=0.2, inplace=False)
        )
        (model): GCNConv(128, 128)
        (norm1_local): BatchNorm1d(128, eps=1e-05, momentum=0.1, affine=True, track_running_stats=True)
        (ff_linear1): Linear(in_features=128, out_features=256, bias=True)
        (ff_linear2): Linear(in_features=256, out_features=128, bias=True)
        (act_fn_ff): ReLU()
        (norm2): BatchNorm1d(128, eps=1e-05, momentum=0.1, affine=True, track_running_stats=True)
        (ff_dropout1): Dropout(p=0.2, inplace=False)
        (ff_dropout2): Dropout(p=0.2, inplace=False)
      )
    )
    (post_mp): MLPGraphHead(
      (mlp): Sequential(
        (0): Dropout(p=0.2, inplace=False)
        (1): Linear(in_features=128, out_features=128, bias=True)
        (2): ReLU()
        (3): Dropout(p=0.2, inplace=False)
        (4): Linear(in_features=128, out_features=21, bias=True)
      )
    )
  )
)
accelerator: cuda
adv:
  lambda_u: 0.1
  num_users: 16
  use: False
benchmark: False
bn:
  eps: 1e-05
  mom: 0.1
cfg_dest: config.yaml
custom_metrics: []
dataset:
  cache_load: False
  cache_save: False
  dir: C:\Users\PC\Desktop\AdversarialLearningProject 1\ICML\Adversarial_Learning\Daniel\RFIDDataSet\DataSetLOPO
  edge_dim: 128
  edge_encoder: False
  edge_encoder_bn: True
  edge_encoder_name: Bond
  edge_encoder_num_types: 0
  edge_message_ratio: 0.8
  edge_negative_sampling_ratio: 1.0
  edge_train_mode: all
  encoder: True
  encoder_bn: True
  encoder_dim: 128
  encoder_name: db
  format: RFID
  infer_link_label: None
  label_column: none
  label_table: none
  location: local
  name: rfid
  node_encoder: False
  node_encoder_bn: True
  node_encoder_name: Atom
  node_encoder_num_types: 0
  remove_feature: False
  resample_disjoint: False
  resample_negative: False
  shuffle_split: True
  slic_compactness: 10
  split: [0.8, 0.1, 0.1]
  split_dir: ./splits
  split_index: 0
  split_mode: lopo-subject
  task: graph
  task_type: classification
  test_subj: SS 3m
  to_undirected: False
  transductive: False
  transform: none
  tu_simple: True
  val_subj: DE 3m
devices: 1
example_arg: example
example_group:
  example_arg: example
gnn:
  act: relu
  agg: add
  att_final_linear: False
  att_final_linear_bn: False
  att_heads: 1
  batchnorm: True
  clear_feature: True
  dim_inner: 128
  dropout: 0.2
  ffn: True
  head: mlp_graph
  keep_edge: 0.5
  l2norm: True
  layer_type: gcn
  layers_mp: 3
  layers_post_mp: 2
  layers_pre_mp: 1
  msg_direction: single
  normalize_adj: False
  residual: False
  self_msg: concat
  skip_every: 1
  stage_type: stack
gpu_mem: False
mem:
  inplace: False
metric_agg: argmax
metric_best: accuracy
model:
  edge_decoding: dot
  graph_pooling: mean
  loss_fun: cross_entropy
  match_upper: True
  size_average: mean
  thresh: 0.5
  type: custom_gnn
name_tag: 
num_threads: 6
num_workers: 0
optim:
  base_lr: 0.001
  batch_accumulation: 1
  clip_grad_norm: False
  clip_grad_norm_value: 1.0
  lr_decay: 0.1
  max_epoch: 250
  min_lr: 0.0
  momentum: 0.9
  num_warmup_epochs: 50
  optimizer: adam
  reduce_factor: 0.1
  schedule_patience: 10
  scheduler: cos
  steps: [30, 60, 90]
  weight_decay: 0.0005
out_dir: results_lopo_none/SS_3m
posenc_RWSE:
  dim_pe: 16
  enable: False
  kernel:
    times: []
    times_func: 
  layers: 3
  model: none
  n_heads: 4
  pass_as_var: False
  post_layers: 0
  raw_norm_type: none
pretrained:
  dir: 
  freeze_main: False
  reset_prediction_head: True
print: both
round: 5
run_dir: results_lopo_none/SS_3m
run_id: 0
run_multiple_splits: []
seed: 0
share:
  dim_in: 60
  dim_out: 21
  num_splits: 3
tensorboard_agg: True
tensorboard_each_run: False
train:
  auto_resume: False
  batch_size: 32
  ckpt_best: False
  ckpt_clean: True
  ckpt_period: 100
  enable_ckpt: True
  epoch_resume: -1
  eval_period: 1
  eval_smoothing_metrics: False
  iter_per_epoch: 32
  mode: custom
  neighbor_sizes: [20, 15, 10, 5]
  node_per_graph: 32
  radius: extend
  sample_node: False
  sampler: full_batch
  skip_train_eval: False
  walk_length: 4
val:
  node_per_graph: 32
  radius: extend
  sample_node: False
  sampler: full_batch
view_emb: False
wandb:
  entity: gnn
  name: 
  project: rfid_lopo
  use: False
Num parameters: 276757
Start from epoch 0
train: {'epoch': 0, 'time_epoch': 2.42553, 'eta': 603.95607, 'eta_hours': 0.16777, 'loss': 2.58924553, 'lr': 0.001, 'params': 276757, 'time_iter': 0.01363, 'accuracy': 0.18188, 'f1': 0.1601, 'auc': 0.76936}
...computing epoch stats took: 0.08s
val: {'epoch': 0, 'time_epoch': 0.10435, 'loss': 2.8920107, 'lr': 0, 'params': 276757, 'time_iter': 0.00745, 'accuracy': 0.14762, 'f1': 0.06156, 'auc': 0.76183}
...computing epoch stats took: 0.03s
test: {'epoch': 0, 'time_epoch': 0.06936, 'loss': 3.29860995, 'lr': 0, 'params': 276757, 'time_iter': 0.00694, 'accuracy': 0.08889, 'f1': 0.03356, 'auc': 0.59575}
...computing epoch stats took: 0.02s
[*] Confusion Matrix saved to: results_lopo_none/SS_3m\Conf\confusion_matrix_epoch_0.png
> Epoch 0: took 2.7s (avg 2.7s) | Best so far: epoch 0	train_loss: 2.5892 train_accuracy: 0.1819	val_loss: 2.8920 val_accuracy: 0.1476	test_loss: 3.2986 test_accuracy: 0.0889	F1: 0.0336 Prec: 0.0229 Rec: 0.0889
train: {'epoch': 1, 'time_epoch': 1.9861, 'eta': 547.04181, 'eta_hours': 0.15196, 'loss': 2.06013158, 'lr': 0.00099996, 'params': 276757, 'time_iter': 0.01116, 'accuracy': 0.30923, 'f1': 0.29471, 'auc': 0.8743}
...computing epoch stats took: 0.03s
val: {'epoch': 1, 'time_epoch': 0.06915, 'loss': 3.72772607, 'lr': 0, 'params': 276757, 'time_iter': 0.00494, 'accuracy': 0.15476, 'f1': 0.07776, 'auc': 0.76324}
...computing epoch stats took: 0.02s
test: {'epoch': 1, 'time_epoch': 0.05208, 'loss': 4.39612285, 'lr': 0, 'params': 276757, 'time_iter': 0.00521, 'accuracy': 0.06032, 'f1': 0.01496, 'auc': 0.63093}
...computing epoch stats took: 0.02s
[*] Confusion Matrix saved to: results_lopo_none/SS_3m\Conf\confusion_matrix_epoch_1.png
> Epoch 1: took 2.2s (avg 2.5s) | Best so far: epoch 1	train_loss: 2.0601 train_accuracy: 0.3092	val_loss: 3.7277 val_accuracy: 0.1548	test_loss: 4.3961 test_accuracy: 0.0603	F1: 0.0150 Prec: 0.0097 Rec: 0.0603
train: {'epoch': 2, 'time_epoch': 1.95104, 'eta': 523.85967, 'eta_hours': 0.14552, 'loss': 1.88510564, 'lr': 0.00099984, 'params': 276757, 'time_iter': 0.01096, 'accuracy': 0.36588, 'f1': 0.3536, 'auc': 0.8975}
...computing epoch stats took: 0.03s
val: {'epoch': 2, 'time_epoch': 0.06424, 'loss': 3.51515245, 'lr': 0, 'params': 276757, 'time_iter': 0.00459, 'accuracy': 0.15714, 'f1': 0.07629, 'auc': 0.75323}
...computing epoch stats took: 0.02s
test: {'epoch': 2, 'time_epoch': 0.04779, 'loss': 4.36140355, 'lr': 0, 'params': 276757, 'time_iter': 0.00478, 'accuracy': 0.06032, 'f1': 0.03083, 'auc': 0.60533}
...computing epoch stats took: 0.02s
[*] Confusion Matrix saved to: results_lopo_none/SS_3m\Conf\confusion_matrix_epoch_2.png
> Epoch 2: took 2.2s (avg 2.4s) | Best so far: epoch 2	train_loss: 1.8851 train_accuracy: 0.3659	val_loss: 3.5152 val_accuracy: 0.1571	test_loss: 4.3614 test_accuracy: 0.0603	F1: 0.0308 Prec: 0.0228 Rec: 0.0603
train: {'epoch': 3, 'time_epoch': 1.99803, 'eta': 514.18269, 'eta_hours': 0.14283, 'loss': 1.76291715, 'lr': 0.00099964, 'params': 276757, 'time_iter': 0.01122, 'accuracy': 0.41143, 'f1': 0.40349, 'auc': 0.91144}
val: {'epoch': 3, 'time_epoch': 0.07988, 'loss': 4.06024061, 'lr': 0, 'params': 276757, 'time_iter': 0.00571, 'accuracy': 0.08333, 'f1': 0.02201, 'auc': 0.76728}
test: {'epoch': 3, 'time_epoch': 0.05112, 'loss': 4.92698132, 'lr': 0, 'params': 276757, 'time_iter': 0.00511, 'accuracy': 0.06032, 'f1': 0.01086, 'auc': 0.606}
> Epoch 3: took 2.2s (avg 2.3s) | Best so far: epoch 2	train_loss: 1.8851 train_accuracy: 0.3659	val_loss: 3.5152 val_accuracy: 0.1571	test_loss: 4.3614 test_accuracy: 0.0603	F1: 0.0308 Prec: 0.0228 Rec: 0.0603
train: {'epoch': 4, 'time_epoch': 2.21878, 'eta': 518.3941, 'eta_hours': 0.144, 'loss': 1.66756134, 'lr': 0.00099937, 'params': 276757, 'time_iter': 0.01247, 'accuracy': 0.43254, 'f1': 0.42632, 'auc': 0.92217}
val: {'epoch': 4, 'time_epoch': 0.08557, 'loss': 5.47412542, 'lr': 0, 'params': 276757, 'time_iter': 0.00611, 'accuracy': 0.12143, 'f1': 0.06044, 'auc': 0.66273}
test: {'epoch': 4, 'time_epoch': 0.04968, 'loss': 7.76043688, 'lr': 0, 'params': 276757, 'time_iter': 0.00497, 'accuracy': 0.04762, 'f1': 0.007, 'auc': 0.54848}
> Epoch 4: took 2.4s (avg 2.3s) | Best so far: epoch 2	train_loss: 1.8851 train_accuracy: 0.3659	val_loss: 3.5152 val_accuracy: 0.1571	test_loss: 4.3614 test_accuracy: 0.0603	F1: 0.0308 Prec: 0.0228 Rec: 0.0603
train: {'epoch': 5, 'time_epoch': 1.96001, 'eta': 509.93889, 'eta_hours': 0.14165, 'loss': 1.59928894, 'lr': 0.00099901, 'params': 276757, 'time_iter': 0.01101, 'accuracy': 0.44749, 'f1': 0.44141, 'auc': 0.92957}
val: {'epoch': 5, 'time_epoch': 0.08013, 'loss': 3.29857318, 'lr': 0, 'params': 276757, 'time_iter': 0.00572, 'accuracy': 0.14286, 'f1': 0.07624, 'auc': 0.80621}
test: {'epoch': 5, 'time_epoch': 0.04857, 'loss': 4.30929274, 'lr': 0, 'params': 276757, 'time_iter': 0.00486, 'accuracy': 0.10159, 'f1': 0.0318, 'auc': 0.68089}
> Epoch 5: took 2.2s (avg 2.3s) | Best so far: epoch 2	train_loss: 1.8851 train_accuracy: 0.3659	val_loss: 3.5152 val_accuracy: 0.1571	test_loss: 4.3614 test_accuracy: 0.0603	F1: 0.0308 Prec: 0.0228 Rec: 0.0603
train: {'epoch': 6, 'time_epoch': 2.02276, 'eta': 505.51769, 'eta_hours': 0.14042, 'loss': 1.55226215, 'lr': 0.00099858, 'params': 276757, 'time_iter': 0.01136, 'accuracy': 0.47036, 'f1': 0.46528, 'auc': 0.93356}
val: {'epoch': 6, 'time_epoch': 0.07347, 'loss': 3.5694632, 'lr': 0, 'params': 276757, 'time_iter': 0.00525, 'accuracy': 0.1881, 'f1': 0.10704, 'auc': 0.80195}
test: {'epoch': 6, 'time_epoch': 0.05223, 'loss': 4.74976929, 'lr': 0, 'params': 276757, 'time_iter': 0.00522, 'accuracy': 0.07937, 'f1': 0.02693, 'auc': 0.6194}
[*] Confusion Matrix saved to: results_lopo_none/SS_3m\Conf\confusion_matrix_epoch_6.png
> Epoch 6: took 2.2s (avg 2.3s) | Best so far: epoch 6	train_loss: 1.5523 train_accuracy: 0.4704	val_loss: 3.5695 val_accuracy: 0.1881	test_loss: 4.7498 test_accuracy: 0.0794	F1: 0.0269 Prec: 0.0186 Rec: 0.0794
train: {'epoch': 7, 'time_epoch': 1.78494, 'eta': 494.50226, 'eta_hours': 0.13736, 'loss': 1.48695732, 'lr': 0.00099807, 'params': 276757, 'time_iter': 0.01003, 'accuracy': 0.4978, 'f1': 0.49406, 'auc': 0.93922}
val: {'epoch': 7, 'time_epoch': 0.07025, 'loss': 6.32938394, 'lr': 0, 'params': 276757, 'time_iter': 0.00502, 'accuracy': 0.09762, 'f1': 0.02906, 'auc': 0.70992}
test: {'epoch': 7, 'time_epoch': 0.04973, 'loss': 8.0050917, 'lr': 0, 'params': 276757, 'time_iter': 0.00497, 'accuracy': 0.04127, 'f1': 0.00541, 'auc': 0.53496}
> Epoch 7: took 2.0s (avg 2.3s) | Best so far: epoch 6	train_loss: 1.5523 train_accuracy: 0.4704	val_loss: 3.5695 val_accuracy: 0.1881	test_loss: 4.7498 test_accuracy: 0.0794	F1: 0.0269 Prec: 0.0186 Rec: 0.0794
train: {'epoch': 8, 'time_epoch': 1.901, 'eta': 488.64578, 'eta_hours': 0.13573, 'loss': 1.42509115, 'lr': 0.00099748, 'params': 276757, 'time_iter': 0.01068, 'accuracy': 0.51099, 'f1': 0.50777, 'auc': 0.94449}
val: {'epoch': 8, 'time_epoch': 0.06987, 'loss': 6.19757308, 'lr': 0, 'params': 276757, 'time_iter': 0.00499, 'accuracy': 0.10714, 'f1': 0.0378, 'auc': 0.72185}
test: {'epoch': 8, 'time_epoch': 0.04997, 'loss': 7.34938278, 'lr': 0, 'params': 276757, 'time_iter': 0.005, 'accuracy': 0.05079, 'f1': 0.00834, 'auc': 0.56873}
> Epoch 8: took 2.1s (avg 2.2s) | Best so far: epoch 6	train_loss: 1.5523 train_accuracy: 0.4704	val_loss: 3.5695 val_accuracy: 0.1881	test_loss: 4.7498 test_accuracy: 0.0794	F1: 0.0269 Prec: 0.0186 Rec: 0.0794
train: {'epoch': 9, 'time_epoch': 1.89208, 'eta': 483.36634, 'eta_hours': 0.13427, 'loss': 1.41176161, 'lr': 0.00099681, 'params': 276757, 'time_iter': 0.01063, 'accuracy': 0.51293, 'f1': 0.51062, 'auc': 0.94636}
val: {'epoch': 9, 'time_epoch': 0.06887, 'loss': 8.20401361, 'lr': 0, 'params': 276757, 'time_iter': 0.00492, 'accuracy': 0.13571, 'f1': 0.04984, 'auc': 0.7567}
test: {'epoch': 9, 'time_epoch': 0.04704, 'loss': 10.19396223, 'lr': 0, 'params': 276757, 'time_iter': 0.0047, 'accuracy': 0.06349, 'f1': 0.01189, 'auc': 0.602}
> Epoch 9: took 2.1s (avg 2.2s) | Best so far: epoch 6	train_loss: 1.5523 train_accuracy: 0.4704	val_loss: 3.5695 val_accuracy: 0.1881	test_loss: 4.7498 test_accuracy: 0.0794	F1: 0.0269 Prec: 0.0186 Rec: 0.0794
train: {'epoch': 10, 'time_epoch': 1.89629, 'eta': 478.79432, 'eta_hours': 0.133, 'loss': 1.34119025, 'lr': 0.00099606, 'params': 276757, 'time_iter': 0.01065, 'accuracy': 0.5423, 'f1': 0.53999, 'auc': 0.95154}
val: {'epoch': 10, 'time_epoch': 0.08317, 'loss': 5.98702946, 'lr': 0, 'params': 276757, 'time_iter': 0.00594, 'accuracy': 0.08333, 'f1': 0.02352, 'auc': 0.73622}
test: {'epoch': 10, 'time_epoch': 0.05336, 'loss': 7.77818741, 'lr': 0, 'params': 276757, 'time_iter': 0.00534, 'accuracy': 0.0381, 'f1': 0.00486, 'auc': 0.57324}
> Epoch 10: took 2.1s (avg 2.2s) | Best so far: epoch 6	train_loss: 1.5523 train_accuracy: 0.4704	val_loss: 3.5695 val_accuracy: 0.1881	test_loss: 4.7498 test_accuracy: 0.0794	F1: 0.0269 Prec: 0.0186 Rec: 0.0794
train: {'epoch': 11, 'time_epoch': 1.93784, 'eta': 475.49225, 'eta_hours': 0.13208, 'loss': 1.29300342, 'lr': 0.00099523, 'params': 276757, 'time_iter': 0.01089, 'accuracy': 0.55708, 'f1': 0.55551, 'auc': 0.95531}
val: {'epoch': 11, 'time_epoch': 0.07862, 'loss': 6.59791006, 'lr': 0, 'params': 276757, 'time_iter': 0.00562, 'accuracy': 0.11905, 'f1': 0.04419, 'auc': 0.74701}
test: {'epoch': 11, 'time_epoch': 0.05432, 'loss': 8.44540832, 'lr': 0, 'params': 276757, 'time_iter': 0.00543, 'accuracy': 0.03175, 'f1': 0.00697, 'auc': 0.58495}
> Epoch 11: took 2.1s (avg 2.2s) | Best so far: epoch 6	train_loss: 1.5523 train_accuracy: 0.4704	val_loss: 3.5695 val_accuracy: 0.1881	test_loss: 4.7498 test_accuracy: 0.0794	F1: 0.0269 Prec: 0.0186 Rec: 0.0794
train: {'epoch': 12, 'time_epoch': 1.99261, 'eta': 473.39853, 'eta_hours': 0.1315, 'loss': 1.24911909, 'lr': 0.00099433, 'params': 276757, 'time_iter': 0.01119, 'accuracy': 0.57748, 'f1': 0.57594, 'auc': 0.95793}
val: {'epoch': 12, 'time_epoch': 0.07311, 'loss': 5.4081159, 'lr': 0, 'params': 276757, 'time_iter': 0.00522, 'accuracy': 0.09286, 'f1': 0.05091, 'auc': 0.76693}
test: {'epoch': 12, 'time_epoch': 0.04797, 'loss': 7.16311201, 'lr': 0, 'params': 276757, 'time_iter': 0.0048, 'accuracy': 0.04127, 'f1': 0.00538, 'auc': 0.60548}
> Epoch 12: took 2.2s (avg 2.2s) | Best so far: epoch 6	train_loss: 1.5523 train_accuracy: 0.4704	val_loss: 3.5695 val_accuracy: 0.1881	test_loss: 4.7498 test_accuracy: 0.0794	F1: 0.0269 Prec: 0.0186 Rec: 0.0794
train: {'epoch': 13, 'time_epoch': 1.83281, 'eta': 468.62546, 'eta_hours': 0.13017, 'loss': 1.25734883, 'lr': 0.00099334, 'params': 276757, 'time_iter': 0.0103, 'accuracy': 0.56834, 'f1': 0.56612, 'auc': 0.95741}
val: {'epoch': 13, 'time_epoch': 0.07712, 'loss': 6.14224149, 'lr': 0, 'params': 276757, 'time_iter': 0.00551, 'accuracy': 0.10714, 'f1': 0.03683, 'auc': 0.76454}
test: {'epoch': 13, 'time_epoch': 0.04686, 'loss': 7.89937996, 'lr': 0, 'params': 276757, 'time_iter': 0.00469, 'accuracy': 0.06984, 'f1': 0.03368, 'auc': 0.59619}
> Epoch 13: took 2.0s (avg 2.2s) | Best so far: epoch 6	train_loss: 1.5523 train_accuracy: 0.4704	val_loss: 3.5695 val_accuracy: 0.1881	test_loss: 4.7498 test_accuracy: 0.0794	F1: 0.0269 Prec: 0.0186 Rec: 0.0794
train: {'epoch': 14, 'time_epoch': 1.90431, 'eta': 465.36461, 'eta_hours': 0.12927, 'loss': 1.21878533, 'lr': 0.00099228, 'params': 276757, 'time_iter': 0.0107, 'accuracy': 0.58047, 'f1': 0.57829, 'auc': 0.96061}
val: {'epoch': 14, 'time_epoch': 0.10906, 'loss': 7.61418012, 'lr': 0, 'params': 276757, 'time_iter': 0.00779, 'accuracy': 0.06905, 'f1': 0.02698, 'auc': 0.70389}
test: {'epoch': 14, 'time_epoch': 0.0581, 'loss': 9.36616684, 'lr': 0, 'params': 276757, 'time_iter': 0.00581, 'accuracy': 0.04762, 'f1': 0.00459, 'auc': 0.5564}
> Epoch 14: took 2.2s (avg 2.2s) | Best so far: epoch 6	train_loss: 1.5523 train_accuracy: 0.4704	val_loss: 3.5695 val_accuracy: 0.1881	test_loss: 4.7498 test_accuracy: 0.0794	F1: 0.0269 Prec: 0.0186 Rec: 0.0794
train: {'epoch': 15, 'time_epoch': 1.71103, 'eta': 459.44669, 'eta_hours': 0.12762, 'loss': 1.20467043, 'lr': 0.00099114, 'params': 276757, 'time_iter': 0.00961, 'accuracy': 0.58575, 'f1': 0.584, 'auc': 0.96135}
val: {'epoch': 15, 'time_epoch': 0.06836, 'loss': 4.90389887, 'lr': 0, 'params': 276757, 'time_iter': 0.00488, 'accuracy': 0.07381, 'f1': 0.03486, 'auc': 0.77104}
test: {'epoch': 15, 'time_epoch': 0.0571, 'loss': 6.34489626, 'lr': 0, 'params': 276757, 'time_iter': 0.00571, 'accuracy': 0.04127, 'f1': 0.01359, 'auc': 0.60742}
> Epoch 15: took 1.9s (avg 2.2s) | Best so far: epoch 6	train_loss: 1.5523 train_accuracy: 0.4704	val_loss: 3.5695 val_accuracy: 0.1881	test_loss: 4.7498 test_accuracy: 0.0794	F1: 0.0269 Prec: 0.0186 Rec: 0.0794
train: {'epoch': 16, 'time_epoch': 1.98708, 'eta': 457.8072, 'eta_hours': 0.12717, 'loss': 1.15975223, 'lr': 0.00098993, 'params': 276757, 'time_iter': 0.01116, 'accuracy': 0.60141, 'f1': 0.60007, 'auc': 0.96404}
val: {'epoch': 16, 'time_epoch': 0.07659, 'loss': 4.46210198, 'lr': 0, 'params': 276757, 'time_iter': 0.00547, 'accuracy': 0.15476, 'f1': 0.07404, 'auc': 0.8136}
test: {'epoch': 16, 'time_epoch': 0.05195, 'loss': 6.45533448, 'lr': 0, 'params': 276757, 'time_iter': 0.0052, 'accuracy': 0.06032, 'f1': 0.02808, 'auc': 0.64107}
> Epoch 16: took 2.2s (avg 2.2s) | Best so far: epoch 6	train_loss: 1.5523 train_accuracy: 0.4704	val_loss: 3.5695 val_accuracy: 0.1881	test_loss: 4.7498 test_accuracy: 0.0794	F1: 0.0269 Prec: 0.0186 Rec: 0.0794
train: {'epoch': 17, 'time_epoch': 1.70943, 'eta': 452.55046, 'eta_hours': 0.12571, 'loss': 1.13517255, 'lr': 0.00098863, 'params': 276757, 'time_iter': 0.0096, 'accuracy': 0.6153, 'f1': 0.61339, 'auc': 0.96558}
val: {'epoch': 17, 'time_epoch': 0.07002, 'loss': 5.2025342, 'lr': 0, 'params': 276757, 'time_iter': 0.005, 'accuracy': 0.10238, 'f1': 0.05431, 'auc': 0.77951}
test: {'epoch': 17, 'time_epoch': 0.05649, 'loss': 6.60385263, 'lr': 0, 'params': 276757, 'time_iter': 0.00565, 'accuracy': 0.06667, 'f1': 0.02124, 'auc': 0.62352}
> Epoch 17: took 1.9s (avg 2.2s) | Best so far: epoch 6	train_loss: 1.5523 train_accuracy: 0.4704	val_loss: 3.5695 val_accuracy: 0.1881	test_loss: 4.7498 test_accuracy: 0.0794	F1: 0.0269 Prec: 0.0186 Rec: 0.0794
train: {'epoch': 18, 'time_epoch': 1.77238, 'eta': 448.43246, 'eta_hours': 0.12456, 'loss': 1.11914692, 'lr': 0.00098726, 'params': 276757, 'time_iter': 0.00996, 'accuracy': 0.60932, 'f1': 0.60823, 'auc': 0.96709}
val: {'epoch': 18, 'time_epoch': 0.07994, 'loss': 4.68108721, 'lr': 0, 'params': 276757, 'time_iter': 0.00571, 'accuracy': 0.10714, 'f1': 0.06635, 'auc': 0.75665}
test: {'epoch': 18, 'time_epoch': 0.05209, 'loss': 5.7612351, 'lr': 0, 'params': 276757, 'time_iter': 0.00521, 'accuracy': 0.04444, 'f1': 0.00704, 'auc': 0.62407}
> Epoch 18: took 2.0s (avg 2.2s) | Best so far: epoch 6	train_loss: 1.5523 train_accuracy: 0.4704	val_loss: 3.5695 val_accuracy: 0.1881	test_loss: 4.7498 test_accuracy: 0.0794	F1: 0.0269 Prec: 0.0186 Rec: 0.0794
train: {'epoch': 19, 'time_epoch': 1.82626, 'eta': 445.16867, 'eta_hours': 0.12366, 'loss': 1.07478911, 'lr': 0.00098582, 'params': 276757, 'time_iter': 0.01026, 'accuracy': 0.63624, 'f1': 0.6352, 'auc': 0.96939}
val: {'epoch': 19, 'time_epoch': 0.06854, 'loss': 4.48598878, 'lr': 0, 'params': 276757, 'time_iter': 0.0049, 'accuracy': 0.20476, 'f1': 0.12708, 'auc': 0.84282}
test: {'epoch': 19, 'time_epoch': 0.05501, 'loss': 6.80389582, 'lr': 0, 'params': 276757, 'time_iter': 0.0055, 'accuracy': 0.05714, 'f1': 0.0168, 'auc': 0.60693}
[*] Confusion Matrix saved to: results_lopo_none/SS_3m\Conf\confusion_matrix_epoch_19.png
> Epoch 19: took 2.0s (avg 2.1s) | Best so far: epoch 19	train_loss: 1.0748 train_accuracy: 0.6362	val_loss: 4.4860 val_accuracy: 0.2048	test_loss: 6.8039 test_accuracy: 0.0571	F1: 0.0168 Prec: 0.0122 Rec: 0.0571
train: {'epoch': 20, 'time_epoch': 2.03198, 'eta': 444.28508, 'eta_hours': 0.12341, 'loss': 1.05941759, 'lr': 0.00098429, 'params': 276757, 'time_iter': 0.01142, 'accuracy': 0.64011, 'f1': 0.63866, 'auc': 0.97025}
val: {'epoch': 20, 'time_epoch': 0.07082, 'loss': 5.78835488, 'lr': 0, 'params': 276757, 'time_iter': 0.00506, 'accuracy': 0.17143, 'f1': 0.08576, 'auc': 0.80048}
test: {'epoch': 20, 'time_epoch': 0.05086, 'loss': 8.06924691, 'lr': 0, 'params': 276757, 'time_iter': 0.00509, 'accuracy': 0.08254, 'f1': 0.03655, 'auc': 0.60224}
> Epoch 20: took 2.2s (avg 2.2s) | Best so far: epoch 19	train_loss: 1.0748 train_accuracy: 0.6362	val_loss: 4.4860 val_accuracy: 0.2048	test_loss: 6.8039 test_accuracy: 0.0571	F1: 0.0168 Prec: 0.0122 Rec: 0.0571
train: {'epoch': 21, 'time_epoch': 1.93006, 'eta': 442.24087, 'eta_hours': 0.12284, 'loss': 1.03532043, 'lr': 0.00098269, 'params': 276757, 'time_iter': 0.01084, 'accuracy': 0.64222, 'f1': 0.64151, 'auc': 0.97154}
val: {'epoch': 21, 'time_epoch': 0.06519, 'loss': 4.60169499, 'lr': 0, 'params': 276757, 'time_iter': 0.00466, 'accuracy': 0.14762, 'f1': 0.07452, 'auc': 0.80445}
test: {'epoch': 21, 'time_epoch': 0.04812, 'loss': 6.35534919, 'lr': 0, 'params': 276757, 'time_iter': 0.00481, 'accuracy': 0.04762, 'f1': 0.01917, 'auc': 0.64442}
> Epoch 21: took 2.1s (avg 2.1s) | Best so far: epoch 19	train_loss: 1.0748 train_accuracy: 0.6362	val_loss: 4.4860 val_accuracy: 0.2048	test_loss: 6.8039 test_accuracy: 0.0571	F1: 0.0168 Prec: 0.0122 Rec: 0.0571
train: {'epoch': 22, 'time_epoch': 1.88236, 'eta': 439.73575, 'eta_hours': 0.12215, 'loss': 1.00669081, 'lr': 0.00098101, 'params': 276757, 'time_iter': 0.01058, 'accuracy': 0.65752, 'f1': 0.65624, 'auc': 0.97289}
val: {'epoch': 22, 'time_epoch': 0.06718, 'loss': 5.3517267, 'lr': 0, 'params': 276757, 'time_iter': 0.0048, 'accuracy': 0.16667, 'f1': 0.07788, 'auc': 0.78003}
test: {'epoch': 22, 'time_epoch': 0.05333, 'loss': 7.85758682, 'lr': 0, 'params': 276757, 'time_iter': 0.00533, 'accuracy': 0.07302, 'f1': 0.03549, 'auc': 0.59044}
> Epoch 22: took 2.1s (avg 2.1s) | Best so far: epoch 19	train_loss: 1.0748 train_accuracy: 0.6362	val_loss: 4.4860 val_accuracy: 0.2048	test_loss: 6.8039 test_accuracy: 0.0571	F1: 0.0168 Prec: 0.0122 Rec: 0.0571
train: {'epoch': 23, 'time_epoch': 1.92305, 'eta': 437.66572, 'eta_hours': 0.12157, 'loss': 0.99651039, 'lr': 0.00097926, 'params': 276757, 'time_iter': 0.0108, 'accuracy': 0.6577, 'f1': 0.6566, 'auc': 0.97366}
val: {'epoch': 23, 'time_epoch': 0.07335, 'loss': 5.31209877, 'lr': 0, 'params': 276757, 'time_iter': 0.00524, 'accuracy': 0.12857, 'f1': 0.07219, 'auc': 0.79485}
test: {'epoch': 23, 'time_epoch': 0.05162, 'loss': 7.0016717, 'lr': 0, 'params': 276757, 'time_iter': 0.00516, 'accuracy': 0.06667, 'f1': 0.01585, 'auc': 0.6388}
> Epoch 23: took 2.1s (avg 2.1s) | Best so far: epoch 19	train_loss: 1.0748 train_accuracy: 0.6362	val_loss: 4.4860 val_accuracy: 0.2048	test_loss: 6.8039 test_accuracy: 0.0571	F1: 0.0168 Prec: 0.0122 Rec: 0.0571
train: {'epoch': 24, 'time_epoch': 1.86784, 'eta': 435.11058, 'eta_hours': 0.12086, 'loss': 0.97260127, 'lr': 0.00097743, 'params': 276757, 'time_iter': 0.01049, 'accuracy': 0.66684, 'f1': 0.66599, 'auc': 0.97476}
val: {'epoch': 24, 'time_epoch': 0.07059, 'loss': 6.6733197, 'lr': 0, 'params': 276757, 'time_iter': 0.00504, 'accuracy': 0.09762, 'f1': 0.02763, 'auc': 0.75267}
test: {'epoch': 24, 'time_epoch': 0.04935, 'loss': 8.31939175, 'lr': 0, 'params': 276757, 'time_iter': 0.00493, 'accuracy': 0.05079, 'f1': 0.0077, 'auc': 0.58341}
> Epoch 24: took 2.1s (avg 2.1s) | Best so far: epoch 19	train_loss: 1.0748 train_accuracy: 0.6362	val_loss: 4.4860 val_accuracy: 0.2048	test_loss: 6.8039 test_accuracy: 0.0571	F1: 0.0168 Prec: 0.0122 Rec: 0.0571
train: {'epoch': 25, 'time_epoch': 1.60949, 'eta': 430.38252, 'eta_hours': 0.11955, 'loss': 0.94255897, 'lr': 0.00097553, 'params': 276757, 'time_iter': 0.00904, 'accuracy': 0.68056, 'f1': 0.68054, 'auc': 0.97628}
val: {'epoch': 25, 'time_epoch': 0.07085, 'loss': 7.39220739, 'lr': 0, 'params': 276757, 'time_iter': 0.00506, 'accuracy': 0.15952, 'f1': 0.08815, 'auc': 0.75503}
test: {'epoch': 25, 'time_epoch': 0.0591, 'loss': 9.9622569, 'lr': 0, 'params': 276757, 'time_iter': 0.00591, 'accuracy': 0.05079, 'f1': 0.00943, 'auc': 0.57607}
> Epoch 25: took 1.8s (avg 2.1s) | Best so far: epoch 19	train_loss: 1.0748 train_accuracy: 0.6362	val_loss: 4.4860 val_accuracy: 0.2048	test_loss: 6.8039 test_accuracy: 0.0571	F1: 0.0168 Prec: 0.0122 Rec: 0.0571
train: {'epoch': 26, 'time_epoch': 1.76909, 'eta': 427.20361, 'eta_hours': 0.11867, 'loss': 0.95468536, 'lr': 0.00097355, 'params': 276757, 'time_iter': 0.00994, 'accuracy': 0.67124, 'f1': 0.67066, 'auc': 0.97567}
val: {'epoch': 26, 'time_epoch': 0.06512, 'loss': 5.11681895, 'lr': 0, 'params': 276757, 'time_iter': 0.00465, 'accuracy': 0.14286, 'f1': 0.09141, 'auc': 0.79016}
test: {'epoch': 26, 'time_epoch': 0.04189, 'loss': 7.52032653, 'lr': 0, 'params': 276757, 'time_iter': 0.00419, 'accuracy': 0.07619, 'f1': 0.02659, 'auc': 0.62708}
> Epoch 26: took 2.0s (avg 2.1s) | Best so far: epoch 19	train_loss: 1.0748 train_accuracy: 0.6362	val_loss: 4.4860 val_accuracy: 0.2048	test_loss: 6.8039 test_accuracy: 0.0571	F1: 0.0168 Prec: 0.0122 Rec: 0.0571
train: {'epoch': 27, 'time_epoch': 1.71767, 'eta': 423.71773, 'eta_hours': 0.1177, 'loss': 0.96605607, 'lr': 0.0009715, 'params': 276757, 'time_iter': 0.00965, 'accuracy': 0.67089, 'f1': 0.67026, 'auc': 0.9752}
val: {'epoch': 27, 'time_epoch': 0.06685, 'loss': 6.27429721, 'lr': 0, 'params': 276757, 'time_iter': 0.00477, 'accuracy': 0.1119, 'f1': 0.06549, 'auc': 0.75439}
test: {'epoch': 27, 'time_epoch': 0.04631, 'loss': 9.35065482, 'lr': 0, 'params': 276757, 'time_iter': 0.00463, 'accuracy': 0.07619, 'f1': 0.03402, 'auc': 0.61474}
> Epoch 27: took 1.9s (avg 2.1s) | Best so far: epoch 19	train_loss: 1.0748 train_accuracy: 0.6362	val_loss: 4.4860 val_accuracy: 0.2048	test_loss: 6.8039 test_accuracy: 0.0571	F1: 0.0168 Prec: 0.0122 Rec: 0.0571
train: {'epoch': 28, 'time_epoch': 1.65005, 'eta': 419.83846, 'eta_hours': 0.11662, 'loss': 0.91823668, 'lr': 0.00096937, 'params': 276757, 'time_iter': 0.00927, 'accuracy': 0.69094, 'f1': 0.69053, 'auc': 0.97758}
val: {'epoch': 28, 'time_epoch': 0.07892, 'loss': 8.62925531, 'lr': 0, 'params': 276757, 'time_iter': 0.00564, 'accuracy': 0.05, 'f1': 0.00902, 'auc': 0.70263}
test: {'epoch': 28, 'time_epoch': 0.06905, 'loss': 10.92725277, 'lr': 0, 'params': 276757, 'time_iter': 0.00691, 'accuracy': 0.04762, 'f1': 0.00446, 'auc': 0.55692}
> Epoch 28: took 1.9s (avg 2.1s) | Best so far: epoch 19	train_loss: 1.0748 train_accuracy: 0.6362	val_loss: 4.4860 val_accuracy: 0.2048	test_loss: 6.8039 test_accuracy: 0.0571	F1: 0.0168 Prec: 0.0122 Rec: 0.0571
train: {'epoch': 29, 'time_epoch': 1.7595, 'eta': 416.91046, 'eta_hours': 0.11581, 'loss': 0.8994909, 'lr': 0.00096716, 'params': 276757, 'time_iter': 0.00988, 'accuracy': 0.69551, 'f1': 0.69496, 'auc': 0.97849}
val: {'epoch': 29, 'time_epoch': 0.06907, 'loss': 4.48116567, 'lr': 0, 'params': 276757, 'time_iter': 0.00493, 'accuracy': 0.13571, 'f1': 0.06104, 'auc': 0.81889}
test: {'epoch': 29, 'time_epoch': 0.04555, 'loss': 4.75726669, 'lr': 0, 'params': 276757, 'time_iter': 0.00455, 'accuracy': 0.08889, 'f1': 0.06353, 'auc': 0.71657}
> Epoch 29: took 2.0s (avg 2.1s) | Best so far: epoch 19	train_loss: 1.0748 train_accuracy: 0.6362	val_loss: 4.4860 val_accuracy: 0.2048	test_loss: 6.8039 test_accuracy: 0.0571	F1: 0.0168 Prec: 0.0122 Rec: 0.0571
train: {'epoch': 30, 'time_epoch': 1.63, 'eta': 413.143, 'eta_hours': 0.11476, 'loss': 0.91471884, 'lr': 0.00096489, 'params': 276757, 'time_iter': 0.00916, 'accuracy': 0.68391, 'f1': 0.68333, 'auc': 0.97786}
val: {'epoch': 30, 'time_epoch': 0.06653, 'loss': 6.51853866, 'lr': 0, 'params': 276757, 'time_iter': 0.00475, 'accuracy': 0.12143, 'f1': 0.07138, 'auc': 0.76635}
test: {'epoch': 30, 'time_epoch': 0.05167, 'loss': 9.34365632, 'lr': 0, 'params': 276757, 'time_iter': 0.00517, 'accuracy': 0.05714, 'f1': 0.02304, 'auc': 0.61945}
> Epoch 30: took 1.8s (avg 2.1s) | Best so far: epoch 19	train_loss: 1.0748 train_accuracy: 0.6362	val_loss: 4.4860 val_accuracy: 0.2048	test_loss: 6.8039 test_accuracy: 0.0571	F1: 0.0168 Prec: 0.0122 Rec: 0.0571
train: {'epoch': 31, 'time_epoch': 1.8227, 'eta': 410.82186, 'eta_hours': 0.11412, 'loss': 0.8862036, 'lr': 0.00096254, 'params': 276757, 'time_iter': 0.01024, 'accuracy': 0.70026, 'f1': 0.69957, 'auc': 0.97916}
val: {'epoch': 31, 'time_epoch': 0.0736, 'loss': 6.94720899, 'lr': 0, 'params': 276757, 'time_iter': 0.00526, 'accuracy': 0.10238, 'f1': 0.03208, 'auc': 0.78413}
test: {'epoch': 31, 'time_epoch': 0.04326, 'loss': 8.35246452, 'lr': 0, 'params': 276757, 'time_iter': 0.00433, 'accuracy': 0.06349, 'f1': 0.02391, 'auc': 0.63245}
> Epoch 31: took 2.0s (avg 2.1s) | Best so far: epoch 19	train_loss: 1.0748 train_accuracy: 0.6362	val_loss: 4.4860 val_accuracy: 0.2048	test_loss: 6.8039 test_accuracy: 0.0571	F1: 0.0168 Prec: 0.0122 Rec: 0.0571
train: {'epoch': 32, 'time_epoch': 1.76254, 'eta': 408.13536, 'eta_hours': 0.11337, 'loss': 0.85884391, 'lr': 0.00096012, 'params': 276757, 'time_iter': 0.0099, 'accuracy': 0.70607, 'f1': 0.70583, 'auc': 0.98053}
val: {'epoch': 32, 'time_epoch': 0.08428, 'loss': 6.91903612, 'lr': 0, 'params': 276757, 'time_iter': 0.00602, 'accuracy': 0.11667, 'f1': 0.04879, 'auc': 0.75067}
test: {'epoch': 32, 'time_epoch': 0.09424, 'loss': 10.53425532, 'lr': 0, 'params': 276757, 'time_iter': 0.00942, 'accuracy': 0.02857, 'f1': 0.00976, 'auc': 0.55379}
> Epoch 32: took 2.0s (avg 2.1s) | Best so far: epoch 19	train_loss: 1.0748 train_accuracy: 0.6362	val_loss: 4.4860 val_accuracy: 0.2048	test_loss: 6.8039 test_accuracy: 0.0571	F1: 0.0168 Prec: 0.0122 Rec: 0.0571
train: {'epoch': 33, 'time_epoch': 1.65014, 'eta': 404.78915, 'eta_hours': 0.11244, 'loss': 0.85611937, 'lr': 0.00095762, 'params': 276757, 'time_iter': 0.00927, 'accuracy': 0.70695, 'f1': 0.70651, 'auc': 0.98058}
val: {'epoch': 33, 'time_epoch': 0.06998, 'loss': 6.27751675, 'lr': 0, 'params': 276757, 'time_iter': 0.005, 'accuracy': 0.07143, 'f1': 0.02253, 'auc': 0.7642}
test: {'epoch': 33, 'time_epoch': 0.04842, 'loss': 8.17902437, 'lr': 0, 'params': 276757, 'time_iter': 0.00484, 'accuracy': 0.04762, 'f1': 0.00581, 'auc': 0.60961}
> Epoch 33: took 1.8s (avg 2.1s) | Best so far: epoch 19	train_loss: 1.0748 train_accuracy: 0.6362	val_loss: 4.4860 val_accuracy: 0.2048	test_loss: 6.8039 test_accuracy: 0.0571	F1: 0.0168 Prec: 0.0122 Rec: 0.0571
train: {'epoch': 34, 'time_epoch': 1.94563, 'eta': 403.35498, 'eta_hours': 0.11204, 'loss': 0.82888632, 'lr': 0.00095505, 'params': 276757, 'time_iter': 0.01093, 'accuracy': 0.71996, 'f1': 0.71958, 'auc': 0.98158}
val: {'epoch': 34, 'time_epoch': 0.06826, 'loss': 6.45418546, 'lr': 0, 'params': 276757, 'time_iter': 0.00488, 'accuracy': 0.16429, 'f1': 0.08791, 'auc': 0.80632}
test: {'epoch': 34, 'time_epoch': 0.04977, 'loss': 9.09004664, 'lr': 0, 'params': 276757, 'time_iter': 0.00498, 'accuracy': 0.08254, 'f1': 0.03325, 'auc': 0.61003}
> Epoch 34: took 2.1s (avg 2.1s) | Best so far: epoch 19	train_loss: 1.0748 train_accuracy: 0.6362	val_loss: 4.4860 val_accuracy: 0.2048	test_loss: 6.8039 test_accuracy: 0.0571	F1: 0.0168 Prec: 0.0122 Rec: 0.0571
train: {'epoch': 35, 'time_epoch': 1.65501, 'eta': 400.16484, 'eta_hours': 0.11116, 'loss': 0.82415582, 'lr': 0.00095241, 'params': 276757, 'time_iter': 0.0093, 'accuracy': 0.72454, 'f1': 0.72412, 'auc': 0.98156}
val: {'epoch': 35, 'time_epoch': 0.07394, 'loss': 8.99293938, 'lr': 0, 'params': 276757, 'time_iter': 0.00528, 'accuracy': 0.07619, 'f1': 0.01536, 'auc': 0.76438}
test: {'epoch': 35, 'time_epoch': 0.04739, 'loss': 12.30535594, 'lr': 0, 'params': 276757, 'time_iter': 0.00474, 'accuracy': 0.05714, 'f1': 0.01026, 'auc': 0.57998}
> Epoch 35: took 1.8s (avg 2.1s) | Best so far: epoch 19	train_loss: 1.0748 train_accuracy: 0.6362	val_loss: 4.4860 val_accuracy: 0.2048	test_loss: 6.8039 test_accuracy: 0.0571	F1: 0.0168 Prec: 0.0122 Rec: 0.0571
train: {'epoch': 36, 'time_epoch': 1.73941, 'eta': 397.54353, 'eta_hours': 0.11043, 'loss': 0.77394463, 'lr': 0.0009497, 'params': 276757, 'time_iter': 0.00977, 'accuracy': 0.73122, 'f1': 0.73077, 'auc': 0.9842}
val: {'epoch': 36, 'time_epoch': 0.06928, 'loss': 7.02372383, 'lr': 0, 'params': 276757, 'time_iter': 0.00495, 'accuracy': 0.18095, 'f1': 0.08708, 'auc': 0.76482}
test: {'epoch': 36, 'time_epoch': 0.05687, 'loss': 10.02964002, 'lr': 0, 'params': 276757, 'time_iter': 0.00569, 'accuracy': 0.05079, 'f1': 0.00827, 'auc': 0.58024}
> Epoch 36: took 1.9s (avg 2.1s) | Best so far: epoch 19	train_loss: 1.0748 train_accuracy: 0.6362	val_loss: 4.4860 val_accuracy: 0.2048	test_loss: 6.8039 test_accuracy: 0.0571	F1: 0.0168 Prec: 0.0122 Rec: 0.0571
train: {'epoch': 37, 'time_epoch': 1.93331, 'eta': 396.05042, 'eta_hours': 0.11001, 'loss': 0.80332158, 'lr': 0.00094692, 'params': 276757, 'time_iter': 0.01086, 'accuracy': 0.727, 'f1': 0.72674, 'auc': 0.98269}
val: {'epoch': 37, 'time_epoch': 0.07623, 'loss': 6.63422708, 'lr': 0, 'params': 276757, 'time_iter': 0.00544, 'accuracy': 0.12143, 'f1': 0.06673, 'auc': 0.7906}
test: {'epoch': 37, 'time_epoch': 0.05181, 'loss': 9.38005469, 'lr': 0, 'params': 276757, 'time_iter': 0.00518, 'accuracy': 0.05714, 'f1': 0.0149, 'auc': 0.60102}
> Epoch 37: took 2.2s (avg 2.1s) | Best so far: epoch 19	train_loss: 1.0748 train_accuracy: 0.6362	val_loss: 4.4860 val_accuracy: 0.2048	test_loss: 6.8039 test_accuracy: 0.0571	F1: 0.0168 Prec: 0.0122 Rec: 0.0571
train: {'epoch': 38, 'time_epoch': 1.76781, 'eta': 393.63932, 'eta_hours': 0.10934, 'loss': 0.80464863, 'lr': 0.00094407, 'params': 276757, 'time_iter': 0.00993, 'accuracy': 0.72032, 'f1': 0.71986, 'auc': 0.98269}
val: {'epoch': 38, 'time_epoch': 0.06676, 'loss': 9.34696475, 'lr': 0, 'params': 276757, 'time_iter': 0.00477, 'accuracy': 0.13333, 'f1': 0.05723, 'auc': 0.74805}
test: {'epoch': 38, 'time_epoch': 0.05169, 'loss': 12.36009007, 'lr': 0, 'params': 276757, 'time_iter': 0.00517, 'accuracy': 0.05397, 'f1': 0.01243, 'auc': 0.55157}
> Epoch 38: took 2.0s (avg 2.1s) | Best so far: epoch 19	train_loss: 1.0748 train_accuracy: 0.6362	val_loss: 4.4860 val_accuracy: 0.2048	test_loss: 6.8039 test_accuracy: 0.0571	F1: 0.0168 Prec: 0.0122 Rec: 0.0571
train: {'epoch': 39, 'time_epoch': 2.00482, 'eta': 392.50471, 'eta_hours': 0.10903, 'loss': 0.78573784, 'lr': 0.00094115, 'params': 276757, 'time_iter': 0.01126, 'accuracy': 0.72858, 'f1': 0.72817, 'auc': 0.98363}
val: {'epoch': 39, 'time_epoch': 0.07639, 'loss': 5.95543157, 'lr': 0, 'params': 276757, 'time_iter': 0.00546, 'accuracy': 0.17619, 'f1': 0.10231, 'auc': 0.8087}
test: {'epoch': 39, 'time_epoch': 0.05588, 'loss': 7.64154731, 'lr': 0, 'params': 276757, 'time_iter': 0.00559, 'accuracy': 0.11746, 'f1': 0.07418, 'auc': 0.68938}
> Epoch 39: took 2.2s (avg 2.1s) | Best so far: epoch 19	train_loss: 1.0748 train_accuracy: 0.6362	val_loss: 4.4860 val_accuracy: 0.2048	test_loss: 6.8039 test_accuracy: 0.0571	F1: 0.0168 Prec: 0.0122 Rec: 0.0571
train: {'epoch': 40, 'time_epoch': 1.9146, 'eta': 390.86773, 'eta_hours': 0.10857, 'loss': 0.77827047, 'lr': 0.00093815, 'params': 276757, 'time_iter': 0.01076, 'accuracy': 0.72876, 'f1': 0.72825, 'auc': 0.984}
val: {'epoch': 40, 'time_epoch': 0.06911, 'loss': 7.9632043, 'lr': 0, 'params': 276757, 'time_iter': 0.00494, 'accuracy': 0.11905, 'f1': 0.05745, 'auc': 0.73917}
test: {'epoch': 40, 'time_epoch': 0.05011, 'loss': 10.26162994, 'lr': 0, 'params': 276757, 'time_iter': 0.00501, 'accuracy': 0.07619, 'f1': 0.03364, 'auc': 0.57786}
> Epoch 40: took 2.1s (avg 2.1s) | Best so far: epoch 19	train_loss: 1.0748 train_accuracy: 0.6362	val_loss: 4.4860 val_accuracy: 0.2048	test_loss: 6.8039 test_accuracy: 0.0571	F1: 0.0168 Prec: 0.0122 Rec: 0.0571
train: {'epoch': 41, 'time_epoch': 1.78908, 'eta': 388.59591, 'eta_hours': 0.10794, 'loss': 0.75473033, 'lr': 0.00093509, 'params': 276757, 'time_iter': 0.01005, 'accuracy': 0.73826, 'f1': 0.73796, 'auc': 0.98482}
val: {'epoch': 41, 'time_epoch': 0.07181, 'loss': 6.87974666, 'lr': 0, 'params': 276757, 'time_iter': 0.00513, 'accuracy': 0.11905, 'f1': 0.05826, 'auc': 0.77105}
test: {'epoch': 41, 'time_epoch': 0.05452, 'loss': 9.23316286, 'lr': 0, 'params': 276757, 'time_iter': 0.00545, 'accuracy': 0.08254, 'f1': 0.02354, 'auc': 0.62272}
> Epoch 41: took 2.0s (avg 2.1s) | Best so far: epoch 19	train_loss: 1.0748 train_accuracy: 0.6362	val_loss: 4.4860 val_accuracy: 0.2048	test_loss: 6.8039 test_accuracy: 0.0571	F1: 0.0168 Prec: 0.0122 Rec: 0.0571
train: {'epoch': 42, 'time_epoch': 1.97115, 'eta': 387.22301, 'eta_hours': 0.10756, 'loss': 0.74773905, 'lr': 0.00093196, 'params': 276757, 'time_iter': 0.01107, 'accuracy': 0.74529, 'f1': 0.74504, 'auc': 0.98501}
val: {'epoch': 42, 'time_epoch': 0.08375, 'loss': 9.51608876, 'lr': 0, 'params': 276757, 'time_iter': 0.00598, 'accuracy': 0.10714, 'f1': 0.03524, 'auc': 0.75885}
test: {'epoch': 42, 'time_epoch': 0.05126, 'loss': 13.03318996, 'lr': 0, 'params': 276757, 'time_iter': 0.00513, 'accuracy': 0.04762, 'f1': 0.00909, 'auc': 0.54313}
> Epoch 42: took 2.2s (avg 2.1s) | Best so far: epoch 19	train_loss: 1.0748 train_accuracy: 0.6362	val_loss: 4.4860 val_accuracy: 0.2048	test_loss: 6.8039 test_accuracy: 0.0571	F1: 0.0168 Prec: 0.0122 Rec: 0.0571
train: {'epoch': 43, 'time_epoch': 1.82825, 'eta': 385.1539, 'eta_hours': 0.10699, 'loss': 0.73226799, 'lr': 0.00092876, 'params': 276757, 'time_iter': 0.01027, 'accuracy': 0.75075, 'f1': 0.75031, 'auc': 0.98563}
val: {'epoch': 43, 'time_epoch': 0.06897, 'loss': 8.51408895, 'lr': 0, 'params': 276757, 'time_iter': 0.00493, 'accuracy': 0.0619, 'f1': 0.02515, 'auc': 0.7277}
test: {'epoch': 43, 'time_epoch': 0.04626, 'loss': 12.11961927, 'lr': 0, 'params': 276757, 'time_iter': 0.00463, 'accuracy': 0.04762, 'f1': 0.00449, 'auc': 0.5461}
> Epoch 43: took 2.0s (avg 2.1s) | Best so far: epoch 19	train_loss: 1.0748 train_accuracy: 0.6362	val_loss: 4.4860 val_accuracy: 0.2048	test_loss: 6.8039 test_accuracy: 0.0571	F1: 0.0168 Prec: 0.0122 Rec: 0.0571
train: {'epoch': 44, 'time_epoch': 1.80186, 'eta': 382.97524, 'eta_hours': 0.10638, 'loss': 0.73687167, 'lr': 0.0009255, 'params': 276757, 'time_iter': 0.01012, 'accuracy': 0.75814, 'f1': 0.75782, 'auc': 0.98511}
val: {'epoch': 44, 'time_epoch': 0.07624, 'loss': 7.8096287, 'lr': 0, 'params': 276757, 'time_iter': 0.00545, 'accuracy': 0.12381, 'f1': 0.05019, 'auc': 0.78168}
test: {'epoch': 44, 'time_epoch': 0.06703, 'loss': 10.42900898, 'lr': 0, 'params': 276757, 'time_iter': 0.0067, 'accuracy': 0.07302, 'f1': 0.0149, 'auc': 0.59934}
> Epoch 44: took 2.1s (avg 2.1s) | Best so far: epoch 19	train_loss: 1.0748 train_accuracy: 0.6362	val_loss: 4.4860 val_accuracy: 0.2048	test_loss: 6.8039 test_accuracy: 0.0571	F1: 0.0168 Prec: 0.0122 Rec: 0.0571
train: {'epoch': 45, 'time_epoch': 1.7595, 'eta': 380.62512, 'eta_hours': 0.10573, 'loss': 0.69807267, 'lr': 0.00092216, 'params': 276757, 'time_iter': 0.00988, 'accuracy': 0.76113, 'f1': 0.76095, 'auc': 0.98701}
val: {'epoch': 45, 'time_epoch': 0.07347, 'loss': 8.74774105, 'lr': 0, 'params': 276757, 'time_iter': 0.00525, 'accuracy': 0.12857, 'f1': 0.08, 'auc': 0.76588}
test: {'epoch': 45, 'time_epoch': 0.09493, 'loss': 12.31989774, 'lr': 0, 'params': 276757, 'time_iter': 0.00949, 'accuracy': 0.05714, 'f1': 0.01409, 'auc': 0.59004}
> Epoch 45: took 2.0s (avg 2.1s) | Best so far: epoch 19	train_loss: 1.0748 train_accuracy: 0.6362	val_loss: 4.4860 val_accuracy: 0.2048	test_loss: 6.8039 test_accuracy: 0.0571	F1: 0.0168 Prec: 0.0122 Rec: 0.0571
train: {'epoch': 46, 'time_epoch': 1.67508, 'eta': 377.93553, 'eta_hours': 0.10498, 'loss': 0.71189107, 'lr': 0.00091876, 'params': 276757, 'time_iter': 0.00941, 'accuracy': 0.76359, 'f1': 0.76328, 'auc': 0.98629}
val: {'epoch': 46, 'time_epoch': 0.07548, 'loss': 6.55238065, 'lr': 0, 'params': 276757, 'time_iter': 0.00539, 'accuracy': 0.10238, 'f1': 0.05048, 'auc': 0.76968}
test: {'epoch': 46, 'time_epoch': 0.04622, 'loss': 8.12188081, 'lr': 0, 'params': 276757, 'time_iter': 0.00462, 'accuracy': 0.06032, 'f1': 0.01475, 'auc': 0.66362}
> Epoch 46: took 1.9s (avg 2.1s) | Best so far: epoch 19	train_loss: 1.0748 train_accuracy: 0.6362	val_loss: 4.4860 val_accuracy: 0.2048	test_loss: 6.8039 test_accuracy: 0.0571	F1: 0.0168 Prec: 0.0122 Rec: 0.0571
train: {'epoch': 47, 'time_epoch': 1.87414, 'eta': 376.12593, 'eta_hours': 0.10448, 'loss': 0.67448465, 'lr': 0.0009153, 'params': 276757, 'time_iter': 0.01053, 'accuracy': 0.77238, 'f1': 0.77218, 'auc': 0.98776}
val: {'epoch': 47, 'time_epoch': 0.08764, 'loss': 5.9167434, 'lr': 0, 'params': 276757, 'time_iter': 0.00626, 'accuracy': 0.20714, 'f1': 0.15064, 'auc': 0.81697}
test: {'epoch': 47, 'time_epoch': 0.05232, 'loss': 8.61305931, 'lr': 0, 'params': 276757, 'time_iter': 0.00523, 'accuracy': 0.09524, 'f1': 0.03973, 'auc': 0.63883}
[*] Confusion Matrix saved to: results_lopo_none/SS_3m\Conf\confusion_matrix_epoch_47.png
> Epoch 47: took 2.1s (avg 2.1s) | Best so far: epoch 47	train_loss: 0.6745 train_accuracy: 0.7724	val_loss: 5.9167 val_accuracy: 0.2071	test_loss: 8.6131 test_accuracy: 0.0952	F1: 0.0397 Prec: 0.0495 Rec: 0.0952
train: {'epoch': 48, 'time_epoch': 1.64396, 'eta': 373.36946, 'eta_hours': 0.10371, 'loss': 0.70054858, 'lr': 0.00091177, 'params': 276757, 'time_iter': 0.00924, 'accuracy': 0.76201, 'f1': 0.76165, 'auc': 0.98669}
val: {'epoch': 48, 'time_epoch': 0.06826, 'loss': 5.35443455, 'lr': 0, 'params': 276757, 'time_iter': 0.00488, 'accuracy': 0.20714, 'f1': 0.14881, 'auc': 0.83183}
test: {'epoch': 48, 'time_epoch': 0.04935, 'loss': 5.95609304, 'lr': 0, 'params': 276757, 'time_iter': 0.00494, 'accuracy': 0.06032, 'f1': 0.03924, 'auc': 0.67213}
> Epoch 48: took 1.8s (avg 2.1s) | Best so far: epoch 47	train_loss: 0.6745 train_accuracy: 0.7724	val_loss: 5.9167 val_accuracy: 0.2071	test_loss: 8.6131 test_accuracy: 0.0952	F1: 0.0397 Prec: 0.0495 Rec: 0.0952
train: {'epoch': 49, 'time_epoch': 1.71534, 'eta': 370.94304, 'eta_hours': 0.10304, 'loss': 0.67159404, 'lr': 0.00090817, 'params': 276757, 'time_iter': 0.00964, 'accuracy': 0.76746, 'f1': 0.76725, 'auc': 0.98804}
val: {'epoch': 49, 'time_epoch': 0.0718, 'loss': 8.04899485, 'lr': 0, 'params': 276757, 'time_iter': 0.00513, 'accuracy': 0.15476, 'f1': 0.08114, 'auc': 0.74947}
test: {'epoch': 49, 'time_epoch': 0.05024, 'loss': 12.59888129, 'lr': 0, 'params': 276757, 'time_iter': 0.00502, 'accuracy': 0.04444, 'f1': 0.00465, 'auc': 0.56798}
> Epoch 49: took 1.9s (avg 2.1s) | Best so far: epoch 47	train_loss: 0.6745 train_accuracy: 0.7724	val_loss: 5.9167 val_accuracy: 0.2071	test_loss: 8.6131 test_accuracy: 0.0952	F1: 0.0397 Prec: 0.0495 Rec: 0.0952
train: {'epoch': 50, 'time_epoch': 1.85422, 'eta': 369.08639, 'eta_hours': 0.10252, 'loss': 0.66639903, 'lr': 0.00090451, 'params': 276757, 'time_iter': 0.01042, 'accuracy': 0.77502, 'f1': 0.77464, 'auc': 0.988}
val: {'epoch': 50, 'time_epoch': 0.11169, 'loss': 5.26076043, 'lr': 0, 'params': 276757, 'time_iter': 0.00798, 'accuracy': 0.19286, 'f1': 0.11894, 'auc': 0.82359}
test: {'epoch': 50, 'time_epoch': 0.05017, 'loss': 8.37420683, 'lr': 0, 'params': 276757, 'time_iter': 0.00502, 'accuracy': 0.05397, 'f1': 0.01501, 'auc': 0.62255}
> Epoch 50: took 2.1s (avg 2.1s) | Best so far: epoch 47	train_loss: 0.6745 train_accuracy: 0.7724	val_loss: 5.9167 val_accuracy: 0.2071	test_loss: 8.6131 test_accuracy: 0.0952	F1: 0.0397 Prec: 0.0495 Rec: 0.0952
train: {'epoch': 51, 'time_epoch': 1.54962, 'eta': 366.07003, 'eta_hours': 0.10169, 'loss': 0.66590911, 'lr': 0.00090078, 'params': 276757, 'time_iter': 0.00871, 'accuracy': 0.77696, 'f1': 0.77676, 'auc': 0.98791}
val: {'epoch': 51, 'time_epoch': 0.06077, 'loss': 5.36455927, 'lr': 0, 'params': 276757, 'time_iter': 0.00434, 'accuracy': 0.16905, 'f1': 0.10809, 'auc': 0.82529}
test: {'epoch': 51, 'time_epoch': 0.04775, 'loss': 6.79327672, 'lr': 0, 'params': 276757, 'time_iter': 0.00478, 'accuracy': 0.07937, 'f1': 0.03439, 'auc': 0.6467}
> Epoch 51: took 1.7s (avg 2.1s) | Best so far: epoch 47	train_loss: 0.6745 train_accuracy: 0.7724	val_loss: 5.9167 val_accuracy: 0.2071	test_loss: 8.6131 test_accuracy: 0.0952	F1: 0.0397 Prec: 0.0495 Rec: 0.0952
train: {'epoch': 52, 'time_epoch': 1.70279, 'eta': 363.67835, 'eta_hours': 0.10102, 'loss': 0.6447584, 'lr': 0.000897, 'params': 276757, 'time_iter': 0.00957, 'accuracy': 0.78364, 'f1': 0.78353, 'auc': 0.98856}
val: {'epoch': 52, 'time_epoch': 0.09567, 'loss': 9.85026031, 'lr': 0, 'params': 276757, 'time_iter': 0.00683, 'accuracy': 0.05714, 'f1': 0.02139, 'auc': 0.73519}
test: {'epoch': 52, 'time_epoch': 0.04705, 'loss': 13.2825964, 'lr': 0, 'params': 276757, 'time_iter': 0.00471, 'accuracy': 0.05714, 'f1': 0.01822, 'auc': 0.59523}
> Epoch 52: took 2.0s (avg 2.1s) | Best so far: epoch 47	train_loss: 0.6745 train_accuracy: 0.7724	val_loss: 5.9167 val_accuracy: 0.2071	test_loss: 8.6131 test_accuracy: 0.0952	F1: 0.0397 Prec: 0.0495 Rec: 0.0952
train: {'epoch': 53, 'time_epoch': 1.8585, 'eta': 361.87734, 'eta_hours': 0.10052, 'loss': 0.62609298, 'lr': 0.00089314, 'params': 276757, 'time_iter': 0.01044, 'accuracy': 0.78505, 'f1': 0.78486, 'auc': 0.98952}
val: {'epoch': 53, 'time_epoch': 0.06096, 'loss': 6.28859794, 'lr': 0, 'params': 276757, 'time_iter': 0.00435, 'accuracy': 0.22857, 'f1': 0.14434, 'auc': 0.78505}
test: {'epoch': 53, 'time_epoch': 0.04478, 'loss': 8.22372615, 'lr': 0, 'params': 276757, 'time_iter': 0.00448, 'accuracy': 0.07302, 'f1': 0.03715, 'auc': 0.64382}
[*] Confusion Matrix saved to: results_lopo_none/SS_3m\Conf\confusion_matrix_epoch_53.png
> Epoch 53: took 2.0s (avg 2.1s) | Best so far: epoch 53	train_loss: 0.6261 train_accuracy: 0.7851	val_loss: 6.2886 val_accuracy: 0.2286	test_loss: 8.2237 test_accuracy: 0.0730	F1: 0.0371 Prec: 0.0275 Rec: 0.0730
train: {'epoch': 54, 'time_epoch': 1.80517, 'eta': 359.88516, 'eta_hours': 0.09997, 'loss': 0.63017084, 'lr': 0.00088923, 'params': 276757, 'time_iter': 0.01014, 'accuracy': 0.79033, 'f1': 0.7903, 'auc': 0.98933}
val: {'epoch': 54, 'time_epoch': 0.06414, 'loss': 4.87494334, 'lr': 0, 'params': 276757, 'time_iter': 0.00458, 'accuracy': 0.20714, 'f1': 0.13941, 'auc': 0.8313}
test: {'epoch': 54, 'time_epoch': 0.04992, 'loss': 6.35937592, 'lr': 0, 'params': 276757, 'time_iter': 0.00499, 'accuracy': 0.09206, 'f1': 0.0505, 'auc': 0.69808}
> Epoch 54: took 2.0s (avg 2.1s) | Best so far: epoch 53	train_loss: 0.6261 train_accuracy: 0.7851	val_loss: 6.2886 val_accuracy: 0.2286	test_loss: 8.2237 test_accuracy: 0.0730	F1: 0.0371 Prec: 0.0275 Rec: 0.0730
train: {'epoch': 55, 'time_epoch': 1.78147, 'eta': 357.81757, 'eta_hours': 0.09939, 'loss': 0.64256609, 'lr': 0.00088526, 'params': 276757, 'time_iter': 0.01001, 'accuracy': 0.78206, 'f1': 0.78196, 'auc': 0.98901}
val: {'epoch': 55, 'time_epoch': 0.07915, 'loss': 5.49505575, 'lr': 0, 'params': 276757, 'time_iter': 0.00565, 'accuracy': 0.0881, 'f1': 0.04698, 'auc': 0.74642}
test: {'epoch': 55, 'time_epoch': 0.05617, 'loss': 7.20189869, 'lr': 0, 'params': 276757, 'time_iter': 0.00562, 'accuracy': 0.09841, 'f1': 0.0397, 'auc': 0.68289}
> Epoch 55: took 2.0s (avg 2.1s) | Best so far: epoch 53	train_loss: 0.6261 train_accuracy: 0.7851	val_loss: 6.2886 val_accuracy: 0.2286	test_loss: 8.2237 test_accuracy: 0.0730	F1: 0.0371 Prec: 0.0275 Rec: 0.0730
train: {'epoch': 56, 'time_epoch': 1.79162, 'eta': 355.79438, 'eta_hours': 0.09883, 'loss': 0.62382176, 'lr': 0.00088122, 'params': 276757, 'time_iter': 0.01007, 'accuracy': 0.78874, 'f1': 0.7886, 'auc': 0.98961}
val: {'epoch': 56, 'time_epoch': 0.06568, 'loss': 4.67581345, 'lr': 0, 'params': 276757, 'time_iter': 0.00469, 'accuracy': 0.17857, 'f1': 0.13355, 'auc': 0.83567}
test: {'epoch': 56, 'time_epoch': 0.05056, 'loss': 5.78221638, 'lr': 0, 'params': 276757, 'time_iter': 0.00506, 'accuracy': 0.12381, 'f1': 0.06449, 'auc': 0.67926}
> Epoch 56: took 2.0s (avg 2.1s) | Best so far: epoch 53	train_loss: 0.6261 train_accuracy: 0.7851	val_loss: 6.2886 val_accuracy: 0.2286	test_loss: 8.2237 test_accuracy: 0.0730	F1: 0.0371 Prec: 0.0275 Rec: 0.0730
train: {'epoch': 57, 'time_epoch': 2.18358, 'eta': 355.07667, 'eta_hours': 0.09863, 'loss': 0.60182479, 'lr': 0.00087713, 'params': 276757, 'time_iter': 0.01227, 'accuracy': 0.79525, 'f1': 0.79506, 'auc': 0.99021}
val: {'epoch': 57, 'time_epoch': 0.08631, 'loss': 5.53617498, 'lr': 0, 'params': 276757, 'time_iter': 0.00616, 'accuracy': 0.18095, 'f1': 0.11229, 'auc': 0.80176}
test: {'epoch': 57, 'time_epoch': 0.06462, 'loss': 7.94380746, 'lr': 0, 'params': 276757, 'time_iter': 0.00646, 'accuracy': 0.05397, 'f1': 0.01414, 'auc': 0.5983}
> Epoch 57: took 2.4s (avg 2.1s) | Best so far: epoch 53	train_loss: 0.6261 train_accuracy: 0.7851	val_loss: 6.2886 val_accuracy: 0.2286	test_loss: 8.2237 test_accuracy: 0.0730	F1: 0.0371 Prec: 0.0275 Rec: 0.0730
train: {'epoch': 58, 'time_epoch': 1.92858, 'eta': 353.48378, 'eta_hours': 0.09819, 'loss': 0.60913843, 'lr': 0.00087297, 'params': 276757, 'time_iter': 0.01083, 'accuracy': 0.79437, 'f1': 0.79424, 'auc': 0.98972}
val: {'epoch': 58, 'time_epoch': 0.06299, 'loss': 7.9172812, 'lr': 0, 'params': 276757, 'time_iter': 0.0045, 'accuracy': 0.12143, 'f1': 0.06024, 'auc': 0.76218}
test: {'epoch': 58, 'time_epoch': 0.04749, 'loss': 11.88537111, 'lr': 0, 'params': 276757, 'time_iter': 0.00475, 'accuracy': 0.05079, 'f1': 0.00808, 'auc': 0.5645}
> Epoch 58: took 2.1s (avg 2.1s) | Best so far: epoch 53	train_loss: 0.6261 train_accuracy: 0.7851	val_loss: 6.2886 val_accuracy: 0.2286	test_loss: 8.2237 test_accuracy: 0.0730	F1: 0.0371 Prec: 0.0275 Rec: 0.0730
train: {'epoch': 59, 'time_epoch': 1.85535, 'eta': 351.64782, 'eta_hours': 0.09768, 'loss': 0.60196571, 'lr': 0.00086876, 'params': 276757, 'time_iter': 0.01042, 'accuracy': 0.80123, 'f1': 0.80108, 'auc': 0.99017}
val: {'epoch': 59, 'time_epoch': 0.08974, 'loss': 5.60071135, 'lr': 0, 'params': 276757, 'time_iter': 0.00641, 'accuracy': 0.15952, 'f1': 0.12543, 'auc': 0.80529}
test: {'epoch': 59, 'time_epoch': 0.06184, 'loss': 6.99788881, 'lr': 0, 'params': 276757, 'time_iter': 0.00618, 'accuracy': 0.07302, 'f1': 0.04443, 'auc': 0.62948}
> Epoch 59: took 2.1s (avg 2.1s) | Best so far: epoch 53	train_loss: 0.6261 train_accuracy: 0.7851	val_loss: 6.2886 val_accuracy: 0.2286	test_loss: 8.2237 test_accuracy: 0.0730	F1: 0.0371 Prec: 0.0275 Rec: 0.0730
train: {'epoch': 60, 'time_epoch': 2.08829, 'eta': 350.53293, 'eta_hours': 0.09737, 'loss': 0.60151999, 'lr': 0.00086448, 'params': 276757, 'time_iter': 0.01173, 'accuracy': 0.80158, 'f1': 0.80153, 'auc': 0.99009}
val: {'epoch': 60, 'time_epoch': 0.0835, 'loss': 8.63030372, 'lr': 0, 'params': 276757, 'time_iter': 0.00596, 'accuracy': 0.08571, 'f1': 0.03635, 'auc': 0.76014}
test: {'epoch': 60, 'time_epoch': 0.06011, 'loss': 12.6004261, 'lr': 0, 'params': 276757, 'time_iter': 0.00601, 'accuracy': 0.05397, 'f1': 0.01001, 'auc': 0.55509}
> Epoch 60: took 2.3s (avg 2.1s) | Best so far: epoch 53	train_loss: 0.6261 train_accuracy: 0.7851	val_loss: 6.2886 val_accuracy: 0.2286	test_loss: 8.2237 test_accuracy: 0.0730	F1: 0.0371 Prec: 0.0275 Rec: 0.0730
train: {'epoch': 61, 'time_epoch': 1.79733, 'eta': 348.5044, 'eta_hours': 0.09681, 'loss': 0.5943131, 'lr': 0.00086015, 'params': 276757, 'time_iter': 0.0101, 'accuracy': 0.79507, 'f1': 0.79485, 'auc': 0.99058}
val: {'epoch': 61, 'time_epoch': 0.06623, 'loss': 6.42068704, 'lr': 0, 'params': 276757, 'time_iter': 0.00473, 'accuracy': 0.17619, 'f1': 0.11726, 'auc': 0.82713}
test: {'epoch': 61, 'time_epoch': 0.05826, 'loss': 8.8462759, 'lr': 0, 'params': 276757, 'time_iter': 0.00583, 'accuracy': 0.08254, 'f1': 0.03952, 'auc': 0.61133}
> Epoch 61: took 2.0s (avg 2.1s) | Best so far: epoch 53	train_loss: 0.6261 train_accuracy: 0.7851	val_loss: 6.2886 val_accuracy: 0.2286	test_loss: 8.2237 test_accuracy: 0.0730	F1: 0.0371 Prec: 0.0275 Rec: 0.0730
train: {'epoch': 62, 'time_epoch': 1.93541, 'eta': 346.89304, 'eta_hours': 0.09636, 'loss': 0.58822367, 'lr': 0.00085577, 'params': 276757, 'time_iter': 0.01087, 'accuracy': 0.80229, 'f1': 0.80201, 'auc': 0.99047}
val: {'epoch': 62, 'time_epoch': 0.06821, 'loss': 7.10541705, 'lr': 0, 'params': 276757, 'time_iter': 0.00487, 'accuracy': 0.14524, 'f1': 0.07988, 'auc': 0.77737}
test: {'epoch': 62, 'time_epoch': 0.05053, 'loss': 9.49959294, 'lr': 0, 'params': 276757, 'time_iter': 0.00505, 'accuracy': 0.07302, 'f1': 0.02446, 'auc': 0.59985}
> Epoch 62: took 2.1s (avg 2.1s) | Best so far: epoch 53	train_loss: 0.6261 train_accuracy: 0.7851	val_loss: 6.2886 val_accuracy: 0.2286	test_loss: 8.2237 test_accuracy: 0.0730	F1: 0.0371 Prec: 0.0275 Rec: 0.0730
train: {'epoch': 63, 'time_epoch': 1.78088, 'eta': 344.82246, 'eta_hours': 0.09578, 'loss': 0.58177956, 'lr': 0.00085132, 'params': 276757, 'time_iter': 0.01, 'accuracy': 0.8088, 'f1': 0.80866, 'auc': 0.99082}
val: {'epoch': 63, 'time_epoch': 0.08976, 'loss': 4.77155124, 'lr': 0, 'params': 276757, 'time_iter': 0.00641, 'accuracy': 0.2619, 'f1': 0.17574, 'auc': 0.86014}
test: {'epoch': 63, 'time_epoch': 0.04847, 'loss': 7.10914688, 'lr': 0, 'params': 276757, 'time_iter': 0.00485, 'accuracy': 0.07302, 'f1': 0.03544, 'auc': 0.63597}
[*] Confusion Matrix saved to: results_lopo_none/SS_3m\Conf\confusion_matrix_epoch_63.png
> Epoch 63: took 2.0s (avg 2.1s) | Best so far: epoch 63	train_loss: 0.5818 train_accuracy: 0.8088	val_loss: 4.7716 val_accuracy: 0.2619	test_loss: 7.1091 test_accuracy: 0.0730	F1: 0.0354 Prec: 0.0239 Rec: 0.0730
train: {'epoch': 64, 'time_epoch': 1.81072, 'eta': 342.84574, 'eta_hours': 0.09523, 'loss': 0.57184367, 'lr': 0.00084683, 'params': 276757, 'time_iter': 0.01017, 'accuracy': 0.8095, 'f1': 0.80916, 'auc': 0.99107}
val: {'epoch': 64, 'time_epoch': 0.09014, 'loss': 5.30870484, 'lr': 0, 'params': 276757, 'time_iter': 0.00644, 'accuracy': 0.15476, 'f1': 0.09493, 'auc': 0.82226}
test: {'epoch': 64, 'time_epoch': 0.08067, 'loss': 8.25039086, 'lr': 0, 'params': 276757, 'time_iter': 0.00807, 'accuracy': 0.06349, 'f1': 0.01627, 'auc': 0.61207}
> Epoch 64: took 2.1s (avg 2.1s) | Best so far: epoch 63	train_loss: 0.5818 train_accuracy: 0.8088	val_loss: 4.7716 val_accuracy: 0.2619	test_loss: 7.1091 test_accuracy: 0.0730	F1: 0.0354 Prec: 0.0239 Rec: 0.0730
train: {'epoch': 65, 'time_epoch': 1.89161, 'eta': 341.09954, 'eta_hours': 0.09475, 'loss': 0.56893058, 'lr': 0.00084227, 'params': 276757, 'time_iter': 0.01063, 'accuracy': 0.81407, 'f1': 0.81394, 'auc': 0.9913}
val: {'epoch': 65, 'time_epoch': 0.0777, 'loss': 5.88974138, 'lr': 0, 'params': 276757, 'time_iter': 0.00555, 'accuracy': 0.17857, 'f1': 0.1097, 'auc': 0.8076}
test: {'epoch': 65, 'time_epoch': 0.08321, 'loss': 8.77116378, 'lr': 0, 'params': 276757, 'time_iter': 0.00832, 'accuracy': 0.05714, 'f1': 0.02289, 'auc': 0.58015}
> Epoch 65: took 2.1s (avg 2.1s) | Best so far: epoch 63	train_loss: 0.5818 train_accuracy: 0.8088	val_loss: 4.7716 val_accuracy: 0.2619	test_loss: 7.1091 test_accuracy: 0.0730	F1: 0.0354 Prec: 0.0239 Rec: 0.0730
train: {'epoch': 66, 'time_epoch': 1.65345, 'eta': 338.69852, 'eta_hours': 0.09408, 'loss': 0.54865821, 'lr': 0.00083767, 'params': 276757, 'time_iter': 0.00929, 'accuracy': 0.81231, 'f1': 0.81214, 'auc': 0.99203}
val: {'epoch': 66, 'time_epoch': 0.07234, 'loss': 4.53801416, 'lr': 0, 'params': 276757, 'time_iter': 0.00517, 'accuracy': 0.18571, 'f1': 0.1579, 'auc': 0.81721}
test: {'epoch': 66, 'time_epoch': 0.05292, 'loss': 7.42562259, 'lr': 0, 'params': 276757, 'time_iter': 0.00529, 'accuracy': 0.09206, 'f1': 0.05823, 'auc': 0.65302}
> Epoch 66: took 1.8s (avg 2.1s) | Best so far: epoch 63	train_loss: 0.5818 train_accuracy: 0.8088	val_loss: 4.7716 val_accuracy: 0.2619	test_loss: 7.1091 test_accuracy: 0.0730	F1: 0.0354 Prec: 0.0239 Rec: 0.0730
train: {'epoch': 67, 'time_epoch': 1.95061, 'eta': 337.11481, 'eta_hours': 0.09364, 'loss': 0.57985096, 'lr': 0.00083301, 'params': 276757, 'time_iter': 0.01096, 'accuracy': 0.80193, 'f1': 0.80171, 'auc': 0.99087}
val: {'epoch': 67, 'time_epoch': 0.0921, 'loss': 6.35533959, 'lr': 0, 'params': 276757, 'time_iter': 0.00658, 'accuracy': 0.22857, 'f1': 0.14403, 'auc': 0.79956}
test: {'epoch': 67, 'time_epoch': 0.07325, 'loss': 9.70182917, 'lr': 0, 'params': 276757, 'time_iter': 0.00732, 'accuracy': 0.05079, 'f1': 0.02445, 'auc': 0.58077}
> Epoch 67: took 2.2s (avg 2.1s) | Best so far: epoch 63	train_loss: 0.5818 train_accuracy: 0.8088	val_loss: 4.7716 val_accuracy: 0.2619	test_loss: 7.1091 test_accuracy: 0.0730	F1: 0.0354 Prec: 0.0239 Rec: 0.0730
train: {'epoch': 68, 'time_epoch': 1.82376, 'eta': 335.18773, 'eta_hours': 0.09311, 'loss': 0.55988069, 'lr': 0.00082829, 'params': 276757, 'time_iter': 0.01025, 'accuracy': 0.82392, 'f1': 0.82391, 'auc': 0.99116}
val: {'epoch': 68, 'time_epoch': 0.0715, 'loss': 6.52780293, 'lr': 0, 'params': 276757, 'time_iter': 0.00511, 'accuracy': 0.15238, 'f1': 0.086, 'auc': 0.75646}
test: {'epoch': 68, 'time_epoch': 0.05023, 'loss': 9.77897836, 'lr': 0, 'params': 276757, 'time_iter': 0.00502, 'accuracy': 0.05714, 'f1': 0.01788, 'auc': 0.63387}
> Epoch 68: took 2.0s (avg 2.1s) | Best so far: epoch 63	train_loss: 0.5818 train_accuracy: 0.8088	val_loss: 4.7716 val_accuracy: 0.2619	test_loss: 7.1091 test_accuracy: 0.0730	F1: 0.0354 Prec: 0.0239 Rec: 0.0730
train: {'epoch': 69, 'time_epoch': 1.90333, 'eta': 333.46821, 'eta_hours': 0.09263, 'loss': 0.54980019, 'lr': 0.00082353, 'params': 276757, 'time_iter': 0.01069, 'accuracy': 0.81143, 'f1': 0.81136, 'auc': 0.99191}
val: {'epoch': 69, 'time_epoch': 0.07463, 'loss': 7.98884382, 'lr': 0, 'params': 276757, 'time_iter': 0.00533, 'accuracy': 0.10476, 'f1': 0.06141, 'auc': 0.76447}
test: {'epoch': 69, 'time_epoch': 0.07428, 'loss': 11.98619556, 'lr': 0, 'params': 276757, 'time_iter': 0.00743, 'accuracy': 0.05714, 'f1': 0.01007, 'auc': 0.60777}
> Epoch 69: took 2.1s (avg 2.1s) | Best so far: epoch 63	train_loss: 0.5818 train_accuracy: 0.8088	val_loss: 4.7716 val_accuracy: 0.2619	test_loss: 7.1091 test_accuracy: 0.0730	F1: 0.0354 Prec: 0.0239 Rec: 0.0730
train: {'epoch': 70, 'time_epoch': 2.11798, 'eta': 332.28465, 'eta_hours': 0.0923, 'loss': 0.54909687, 'lr': 0.00081871, 'params': 276757, 'time_iter': 0.0119, 'accuracy': 0.81636, 'f1': 0.8162, 'auc': 0.99195}
val: {'epoch': 70, 'time_epoch': 0.10023, 'loss': 4.47572009, 'lr': 0, 'params': 276757, 'time_iter': 0.00716, 'accuracy': 0.22143, 'f1': 0.15784, 'auc': 0.81123}
test: {'epoch': 70, 'time_epoch': 0.06426, 'loss': 6.47135723, 'lr': 0, 'params': 276757, 'time_iter': 0.00643, 'accuracy': 0.07937, 'f1': 0.04118, 'auc': 0.69534}
> Epoch 70: took 2.4s (avg 2.1s) | Best so far: epoch 63	train_loss: 0.5818 train_accuracy: 0.8088	val_loss: 4.7716 val_accuracy: 0.2619	test_loss: 7.1091 test_accuracy: 0.0730	F1: 0.0354 Prec: 0.0239 Rec: 0.0730
train: {'epoch': 71, 'time_epoch': 1.8255, 'eta': 330.35206, 'eta_hours': 0.09176, 'loss': 0.51380655, 'lr': 0.00081385, 'params': 276757, 'time_iter': 0.01026, 'accuracy': 0.82234, 'f1': 0.82207, 'auc': 0.99295}
val: {'epoch': 71, 'time_epoch': 0.09148, 'loss': 7.59246978, 'lr': 0, 'params': 276757, 'time_iter': 0.00653, 'accuracy': 0.17619, 'f1': 0.109, 'auc': 0.8191}
test: {'epoch': 71, 'time_epoch': 0.04973, 'loss': 11.54392544, 'lr': 0, 'params': 276757, 'time_iter': 0.00497, 'accuracy': 0.06984, 'f1': 0.01753, 'auc': 0.57378}
> Epoch 71: took 2.0s (avg 2.1s) | Best so far: epoch 63	train_loss: 0.5818 train_accuracy: 0.8088	val_loss: 4.7716 val_accuracy: 0.2619	test_loss: 7.1091 test_accuracy: 0.0730	F1: 0.0354 Prec: 0.0239 Rec: 0.0730
train: {'epoch': 72, 'time_epoch': 1.79916, 'eta': 328.35856, 'eta_hours': 0.09121, 'loss': 0.52522166, 'lr': 0.00080893, 'params': 276757, 'time_iter': 0.01011, 'accuracy': 0.82938, 'f1': 0.8292, 'auc': 0.99251}
val: {'epoch': 72, 'time_epoch': 0.08185, 'loss': 6.1400622, 'lr': 0, 'params': 276757, 'time_iter': 0.00585, 'accuracy': 0.20952, 'f1': 0.13676, 'auc': 0.79143}
test: {'epoch': 72, 'time_epoch': 0.04102, 'loss': 7.87099879, 'lr': 0, 'params': 276757, 'time_iter': 0.0041, 'accuracy': 0.05079, 'f1': 0.03413, 'auc': 0.62421}
> Epoch 72: took 2.0s (avg 2.1s) | Best so far: epoch 63	train_loss: 0.5818 train_accuracy: 0.8088	val_loss: 4.7716 val_accuracy: 0.2619	test_loss: 7.1091 test_accuracy: 0.0730	F1: 0.0354 Prec: 0.0239 Rec: 0.0730
train: {'epoch': 73, 'time_epoch': 1.92648, 'eta': 326.67312, 'eta_hours': 0.09074, 'loss': 0.51832781, 'lr': 0.00080397, 'params': 276757, 'time_iter': 0.01082, 'accuracy': 0.82762, 'f1': 0.82741, 'auc': 0.9926}
val: {'epoch': 73, 'time_epoch': 0.07495, 'loss': 5.84699509, 'lr': 0, 'params': 276757, 'time_iter': 0.00535, 'accuracy': 0.15238, 'f1': 0.09634, 'auc': 0.80326}
test: {'epoch': 73, 'time_epoch': 0.06253, 'loss': 9.04309243, 'lr': 0, 'params': 276757, 'time_iter': 0.00625, 'accuracy': 0.06032, 'f1': 0.02697, 'auc': 0.59564}
> Epoch 73: took 2.1s (avg 2.1s) | Best so far: epoch 63	train_loss: 0.5818 train_accuracy: 0.8088	val_loss: 4.7716 val_accuracy: 0.2619	test_loss: 7.1091 test_accuracy: 0.0730	F1: 0.0354 Prec: 0.0239 Rec: 0.0730
train: {'epoch': 74, 'time_epoch': 2.13285, 'eta': 325.46278, 'eta_hours': 0.09041, 'loss': 0.51987282, 'lr': 0.00079895, 'params': 276757, 'time_iter': 0.01198, 'accuracy': 0.82533, 'f1': 0.82524, 'auc': 0.99279}
val: {'epoch': 74, 'time_epoch': 0.08099, 'loss': 7.52761063, 'lr': 0, 'params': 276757, 'time_iter': 0.00578, 'accuracy': 0.08333, 'f1': 0.04101, 'auc': 0.78958}
test: {'epoch': 74, 'time_epoch': 0.08886, 'loss': 10.49904526, 'lr': 0, 'params': 276757, 'time_iter': 0.00889, 'accuracy': 0.06349, 'f1': 0.01787, 'auc': 0.62247}
> Epoch 74: took 2.4s (avg 2.1s) | Best so far: epoch 63	train_loss: 0.5818 train_accuracy: 0.8088	val_loss: 4.7716 val_accuracy: 0.2619	test_loss: 7.1091 test_accuracy: 0.0730	F1: 0.0354 Prec: 0.0239 Rec: 0.0730
train: {'epoch': 75, 'time_epoch': 1.90777, 'eta': 323.71284, 'eta_hours': 0.08992, 'loss': 0.48645419, 'lr': 0.00079389, 'params': 276757, 'time_iter': 0.01072, 'accuracy': 0.83764, 'f1': 0.83743, 'auc': 0.99351}
val: {'epoch': 75, 'time_epoch': 0.08045, 'loss': 5.83771408, 'lr': 0, 'params': 276757, 'time_iter': 0.00575, 'accuracy': 0.19524, 'f1': 0.14546, 'auc': 0.80063}
test: {'epoch': 75, 'time_epoch': 0.06855, 'loss': 8.01810481, 'lr': 0, 'params': 276757, 'time_iter': 0.00685, 'accuracy': 0.07302, 'f1': 0.02982, 'auc': 0.66178}
> Epoch 75: took 2.2s (avg 2.1s) | Best so far: epoch 63	train_loss: 0.5818 train_accuracy: 0.8088	val_loss: 4.7716 val_accuracy: 0.2619	test_loss: 7.1091 test_accuracy: 0.0730	F1: 0.0354 Prec: 0.0239 Rec: 0.0730
train: {'epoch': 76, 'time_epoch': 1.90203, 'eta': 321.94591, 'eta_hours': 0.08943, 'loss': 0.50933298, 'lr': 0.00078879, 'params': 276757, 'time_iter': 0.01069, 'accuracy': 0.83289, 'f1': 0.83265, 'auc': 0.99303}
val: {'epoch': 76, 'time_epoch': 0.0814, 'loss': 8.04223389, 'lr': 0, 'params': 276757, 'time_iter': 0.00581, 'accuracy': 0.12381, 'f1': 0.06031, 'auc': 0.75728}
test: {'epoch': 76, 'time_epoch': 0.05755, 'loss': 10.98457614, 'lr': 0, 'params': 276757, 'time_iter': 0.00575, 'accuracy': 0.05397, 'f1': 0.01899, 'auc': 0.57807}
> Epoch 76: took 2.1s (avg 2.1s) | Best so far: epoch 63	train_loss: 0.5818 train_accuracy: 0.8088	val_loss: 4.7716 val_accuracy: 0.2619	test_loss: 7.1091 test_accuracy: 0.0730	F1: 0.0354 Prec: 0.0239 Rec: 0.0730
train: {'epoch': 77, 'time_epoch': 2.1881, 'eta': 320.80634, 'eta_hours': 0.08911, 'loss': 0.52404939, 'lr': 0.00078363, 'params': 276757, 'time_iter': 0.01229, 'accuracy': 0.82216, 'f1': 0.82209, 'auc': 0.99263}
val: {'epoch': 77, 'time_epoch': 0.07244, 'loss': 8.94530005, 'lr': 0, 'params': 276757, 'time_iter': 0.00517, 'accuracy': 0.07857, 'f1': 0.02785, 'auc': 0.7142}
test: {'epoch': 77, 'time_epoch': 0.05546, 'loss': 12.56967863, 'lr': 0, 'params': 276757, 'time_iter': 0.00555, 'accuracy': 0.04762, 'f1': 0.01031, 'auc': 0.55388}
> Epoch 77: took 2.4s (avg 2.1s) | Best so far: epoch 63	train_loss: 0.5818 train_accuracy: 0.8088	val_loss: 4.7716 val_accuracy: 0.2619	test_loss: 7.1091 test_accuracy: 0.0730	F1: 0.0354 Prec: 0.0239 Rec: 0.0730
train: {'epoch': 78, 'time_epoch': 1.90365, 'eta': 319.02451, 'eta_hours': 0.08862, 'loss': 0.53584274, 'lr': 0.00077844, 'params': 276757, 'time_iter': 0.01069, 'accuracy': 0.82252, 'f1': 0.82244, 'auc': 0.99208}
val: {'epoch': 78, 'time_epoch': 0.08079, 'loss': 5.52945822, 'lr': 0, 'params': 276757, 'time_iter': 0.00577, 'accuracy': 0.21429, 'f1': 0.17126, 'auc': 0.82129}
test: {'epoch': 78, 'time_epoch': 0.05433, 'loss': 7.56943602, 'lr': 0, 'params': 276757, 'time_iter': 0.00543, 'accuracy': 0.05397, 'f1': 0.02026, 'auc': 0.65532}
> Epoch 78: took 2.1s (avg 2.1s) | Best so far: epoch 63	train_loss: 0.5818 train_accuracy: 0.8088	val_loss: 4.7716 val_accuracy: 0.2619	test_loss: 7.1091 test_accuracy: 0.0730	F1: 0.0354 Prec: 0.0239 Rec: 0.0730
train: {'epoch': 79, 'time_epoch': 1.94906, 'eta': 317.33614, 'eta_hours': 0.08815, 'loss': 0.50760932, 'lr': 0.0007732, 'params': 276757, 'time_iter': 0.01095, 'accuracy': 0.82973, 'f1': 0.82955, 'auc': 0.99289}
val: {'epoch': 79, 'time_epoch': 0.07109, 'loss': 11.24463797, 'lr': 0, 'params': 276757, 'time_iter': 0.00508, 'accuracy': 0.07143, 'f1': 0.02693, 'auc': 0.72065}
test: {'epoch': 79, 'time_epoch': 0.0533, 'loss': 14.99483896, 'lr': 0, 'params': 276757, 'time_iter': 0.00533, 'accuracy': 0.05714, 'f1': 0.01621, 'auc': 0.58357}
> Epoch 79: took 2.2s (avg 2.1s) | Best so far: epoch 63	train_loss: 0.5818 train_accuracy: 0.8088	val_loss: 4.7716 val_accuracy: 0.2619	test_loss: 7.1091 test_accuracy: 0.0730	F1: 0.0354 Prec: 0.0239 Rec: 0.0730
train: {'epoch': 80, 'time_epoch': 1.85948, 'eta': 315.45442, 'eta_hours': 0.08763, 'loss': 0.48737821, 'lr': 0.00076791, 'params': 276757, 'time_iter': 0.01045, 'accuracy': 0.83606, 'f1': 0.83599, 'auc': 0.99356}
val: {'epoch': 80, 'time_epoch': 0.07708, 'loss': 6.5596857, 'lr': 0, 'params': 276757, 'time_iter': 0.00551, 'accuracy': 0.22143, 'f1': 0.14938, 'auc': 0.81013}
test: {'epoch': 80, 'time_epoch': 0.04636, 'loss': 9.52951344, 'lr': 0, 'params': 276757, 'time_iter': 0.00464, 'accuracy': 0.06667, 'f1': 0.02746, 'auc': 0.61683}
> Epoch 80: took 2.1s (avg 2.1s) | Best so far: epoch 63	train_loss: 0.5818 train_accuracy: 0.8088	val_loss: 4.7716 val_accuracy: 0.2619	test_loss: 7.1091 test_accuracy: 0.0730	F1: 0.0354 Prec: 0.0239 Rec: 0.0730
train: {'epoch': 81, 'time_epoch': 1.81792, 'eta': 313.4881, 'eta_hours': 0.08708, 'loss': 0.48673078, 'lr': 0.00076259, 'params': 276757, 'time_iter': 0.01021, 'accuracy': 0.83219, 'f1': 0.83211, 'auc': 0.99356}
val: {'epoch': 81, 'time_epoch': 0.07322, 'loss': 7.44289518, 'lr': 0, 'params': 276757, 'time_iter': 0.00523, 'accuracy': 0.14524, 'f1': 0.08186, 'auc': 0.79676}
test: {'epoch': 81, 'time_epoch': 0.06099, 'loss': 11.45027462, 'lr': 0, 'params': 276757, 'time_iter': 0.0061, 'accuracy': 0.06032, 'f1': 0.01822, 'auc': 0.56383}
> Epoch 81: took 2.0s (avg 2.1s) | Best so far: epoch 63	train_loss: 0.5818 train_accuracy: 0.8088	val_loss: 4.7716 val_accuracy: 0.2619	test_loss: 7.1091 test_accuracy: 0.0730	F1: 0.0354 Prec: 0.0239 Rec: 0.0730
train: {'epoch': 82, 'time_epoch': 1.87202, 'eta': 311.63421, 'eta_hours': 0.08657, 'loss': 0.49665936, 'lr': 0.00075722, 'params': 276757, 'time_iter': 0.01052, 'accuracy': 0.83852, 'f1': 0.83835, 'auc': 0.99312}
val: {'epoch': 82, 'time_epoch': 0.07228, 'loss': 4.92061488, 'lr': 0, 'params': 276757, 'time_iter': 0.00516, 'accuracy': 0.23333, 'f1': 0.14625, 'auc': 0.82683}
test: {'epoch': 82, 'time_epoch': 0.05646, 'loss': 5.98045123, 'lr': 0, 'params': 276757, 'time_iter': 0.00565, 'accuracy': 0.10476, 'f1': 0.07072, 'auc': 0.6826}
> Epoch 82: took 2.1s (avg 2.1s) | Best so far: epoch 63	train_loss: 0.5818 train_accuracy: 0.8088	val_loss: 4.7716 val_accuracy: 0.2619	test_loss: 7.1091 test_accuracy: 0.0730	F1: 0.0354 Prec: 0.0239 Rec: 0.0730
train: {'epoch': 83, 'time_epoch': 1.87702, 'eta': 309.78977, 'eta_hours': 0.08605, 'loss': 0.47710262, 'lr': 0.00075181, 'params': 276757, 'time_iter': 0.01055, 'accuracy': 0.84573, 'f1': 0.84569, 'auc': 0.99365}
val: {'epoch': 83, 'time_epoch': 0.0737, 'loss': 5.24329292, 'lr': 0, 'params': 276757, 'time_iter': 0.00526, 'accuracy': 0.1881, 'f1': 0.13128, 'auc': 0.79608}
test: {'epoch': 83, 'time_epoch': 0.04891, 'loss': 8.40556963, 'lr': 0, 'params': 276757, 'time_iter': 0.00489, 'accuracy': 0.08254, 'f1': 0.0527, 'auc': 0.63441}
> Epoch 83: took 2.1s (avg 2.1s) | Best so far: epoch 63	train_loss: 0.5818 train_accuracy: 0.8088	val_loss: 4.7716 val_accuracy: 0.2619	test_loss: 7.1091 test_accuracy: 0.0730	F1: 0.0354 Prec: 0.0239 Rec: 0.0730
train: {'epoch': 84, 'time_epoch': 1.8424, 'eta': 307.87736, 'eta_hours': 0.08552, 'loss': 0.46073078, 'lr': 0.00074636, 'params': 276757, 'time_iter': 0.01035, 'accuracy': 0.84099, 'f1': 0.84087, 'auc': 0.99409}
val: {'epoch': 84, 'time_epoch': 0.10883, 'loss': 6.08621046, 'lr': 0, 'params': 276757, 'time_iter': 0.00777, 'accuracy': 0.17381, 'f1': 0.11057, 'auc': 0.80634}
test: {'epoch': 84, 'time_epoch': 0.06788, 'loss': 9.63250267, 'lr': 0, 'params': 276757, 'time_iter': 0.00679, 'accuracy': 0.06032, 'f1': 0.02798, 'auc': 0.59688}
> Epoch 84: took 2.2s (avg 2.1s) | Best so far: epoch 63	train_loss: 0.5818 train_accuracy: 0.8088	val_loss: 4.7716 val_accuracy: 0.2619	test_loss: 7.1091 test_accuracy: 0.0730	F1: 0.0354 Prec: 0.0239 Rec: 0.0730
train: {'epoch': 85, 'time_epoch': 1.81417, 'eta': 305.91274, 'eta_hours': 0.08498, 'loss': 0.46274728, 'lr': 0.00074088, 'params': 276757, 'time_iter': 0.01019, 'accuracy': 0.84573, 'f1': 0.84564, 'auc': 0.99403}
val: {'epoch': 85, 'time_epoch': 0.0778, 'loss': 6.38186769, 'lr': 0, 'params': 276757, 'time_iter': 0.00556, 'accuracy': 0.15952, 'f1': 0.09897, 'auc': 0.80989}
test: {'epoch': 85, 'time_epoch': 0.04381, 'loss': 9.10279714, 'lr': 0, 'params': 276757, 'time_iter': 0.00438, 'accuracy': 0.05714, 'f1': 0.03019, 'auc': 0.59182}
> Epoch 85: took 2.0s (avg 2.1s) | Best so far: epoch 63	train_loss: 0.5818 train_accuracy: 0.8088	val_loss: 4.7716 val_accuracy: 0.2619	test_loss: 7.1091 test_accuracy: 0.0730	F1: 0.0354 Prec: 0.0239 Rec: 0.0730
train: {'epoch': 86, 'time_epoch': 1.78006, 'eta': 303.88768, 'eta_hours': 0.08441, 'loss': 0.48884444, 'lr': 0.00073535, 'params': 276757, 'time_iter': 0.01, 'accuracy': 0.83448, 'f1': 0.83424, 'auc': 0.99358}
val: {'epoch': 86, 'time_epoch': 0.07174, 'loss': 7.71112263, 'lr': 0, 'params': 276757, 'time_iter': 0.00512, 'accuracy': 0.15238, 'f1': 0.1166, 'auc': 0.76718}
test: {'epoch': 86, 'time_epoch': 0.04847, 'loss': 9.98844057, 'lr': 0, 'params': 276757, 'time_iter': 0.00485, 'accuracy': 0.05397, 'f1': 0.01828, 'auc': 0.63088}
> Epoch 86: took 2.0s (avg 2.1s) | Best so far: epoch 63	train_loss: 0.5818 train_accuracy: 0.8088	val_loss: 4.7716 val_accuracy: 0.2619	test_loss: 7.1091 test_accuracy: 0.0730	F1: 0.0354 Prec: 0.0239 Rec: 0.0730
train: {'epoch': 87, 'time_epoch': 1.94114, 'eta': 302.16471, 'eta_hours': 0.08393, 'loss': 0.46547817, 'lr': 0.00072979, 'params': 276757, 'time_iter': 0.01091, 'accuracy': 0.84468, 'f1': 0.84457, 'auc': 0.99399}
val: {'epoch': 87, 'time_epoch': 0.06582, 'loss': 5.97992983, 'lr': 0, 'params': 276757, 'time_iter': 0.0047, 'accuracy': 0.17381, 'f1': 0.11409, 'auc': 0.81174}
test: {'epoch': 87, 'time_epoch': 0.04745, 'loss': 7.62171299, 'lr': 0, 'params': 276757, 'time_iter': 0.00475, 'accuracy': 0.09524, 'f1': 0.04698, 'auc': 0.66548}
> Epoch 87: took 2.1s (avg 2.1s) | Best so far: epoch 63	train_loss: 0.5818 train_accuracy: 0.8088	val_loss: 4.7716 val_accuracy: 0.2619	test_loss: 7.1091 test_accuracy: 0.0730	F1: 0.0354 Prec: 0.0239 Rec: 0.0730
train: {'epoch': 88, 'time_epoch': 1.95971, 'eta': 300.47044, 'eta_hours': 0.08346, 'loss': 0.46791005, 'lr': 0.00072419, 'params': 276757, 'time_iter': 0.01101, 'accuracy': 0.84556, 'f1': 0.84557, 'auc': 0.99403}
val: {'epoch': 88, 'time_epoch': 0.06995, 'loss': 9.22428022, 'lr': 0, 'params': 276757, 'time_iter': 0.005, 'accuracy': 0.10714, 'f1': 0.06837, 'auc': 0.75227}
test: {'epoch': 88, 'time_epoch': 0.06051, 'loss': 12.82994143, 'lr': 0, 'params': 276757, 'time_iter': 0.00605, 'accuracy': 0.05397, 'f1': 0.01043, 'auc': 0.60405}
> Epoch 88: took 2.2s (avg 2.1s) | Best so far: epoch 63	train_loss: 0.5818 train_accuracy: 0.8088	val_loss: 4.7716 val_accuracy: 0.2619	test_loss: 7.1091 test_accuracy: 0.0730	F1: 0.0354 Prec: 0.0239 Rec: 0.0730
train: {'epoch': 89, 'time_epoch': 1.96226, 'eta': 298.7748, 'eta_hours': 0.08299, 'loss': 0.45913618, 'lr': 0.00071856, 'params': 276757, 'time_iter': 0.01102, 'accuracy': 0.84186, 'f1': 0.84169, 'auc': 0.99429}
val: {'epoch': 89, 'time_epoch': 0.08609, 'loss': 3.59638871, 'lr': 0, 'params': 276757, 'time_iter': 0.00615, 'accuracy': 0.30476, 'f1': 0.25088, 'auc': 0.85827}
test: {'epoch': 89, 'time_epoch': 0.05242, 'loss': 6.81915447, 'lr': 0, 'params': 276757, 'time_iter': 0.00524, 'accuracy': 0.06984, 'f1': 0.04433, 'auc': 0.72399}
[*] Confusion Matrix saved to: results_lopo_none/SS_3m\Conf\confusion_matrix_epoch_89.png
> Epoch 89: took 2.2s (avg 2.1s) | Best so far: epoch 89	train_loss: 0.4591 train_accuracy: 0.8419	val_loss: 3.5964 val_accuracy: 0.3048	test_loss: 6.8192 test_accuracy: 0.0698	F1: 0.0443 Prec: 0.0873 Rec: 0.0698
train: {'epoch': 90, 'time_epoch': 2.05616, 'eta': 297.23738, 'eta_hours': 0.08257, 'loss': 0.44425169, 'lr': 0.00071289, 'params': 276757, 'time_iter': 0.01155, 'accuracy': 0.85418, 'f1': 0.85414, 'auc': 0.99446}
val: {'epoch': 90, 'time_epoch': 0.08433, 'loss': 4.84688896, 'lr': 0, 'params': 276757, 'time_iter': 0.00602, 'accuracy': 0.27381, 'f1': 0.19819, 'auc': 0.85138}
test: {'epoch': 90, 'time_epoch': 0.06465, 'loss': 7.30417017, 'lr': 0, 'params': 276757, 'time_iter': 0.00646, 'accuracy': 0.06667, 'f1': 0.02663, 'auc': 0.66369}
> Epoch 90: took 2.3s (avg 2.1s) | Best so far: epoch 89	train_loss: 0.4591 train_accuracy: 0.8419	val_loss: 3.5964 val_accuracy: 0.3048	test_loss: 6.8192 test_accuracy: 0.0698	F1: 0.0443 Prec: 0.0873 Rec: 0.0698
train: {'epoch': 91, 'time_epoch': 2.10155, 'eta': 295.76661, 'eta_hours': 0.08216, 'loss': 0.4507083, 'lr': 0.00070719, 'params': 276757, 'time_iter': 0.01181, 'accuracy': 0.84661, 'f1': 0.84646, 'auc': 0.99446}
val: {'epoch': 91, 'time_epoch': 0.07061, 'loss': 7.13252807, 'lr': 0, 'params': 276757, 'time_iter': 0.00504, 'accuracy': 0.16905, 'f1': 0.11399, 'auc': 0.78843}
test: {'epoch': 91, 'time_epoch': 0.05085, 'loss': 10.22546681, 'lr': 0, 'params': 276757, 'time_iter': 0.00509, 'accuracy': 0.11746, 'f1': 0.05012, 'auc': 0.61564}
> Epoch 91: took 2.3s (avg 2.1s) | Best so far: epoch 89	train_loss: 0.4591 train_accuracy: 0.8419	val_loss: 3.5964 val_accuracy: 0.3048	test_loss: 6.8192 test_accuracy: 0.0698	F1: 0.0443 Prec: 0.0873 Rec: 0.0698
train: {'epoch': 92, 'time_epoch': 1.98066, 'eta': 294.07821, 'eta_hours': 0.08169, 'loss': 0.45504907, 'lr': 0.00070145, 'params': 276757, 'time_iter': 0.01113, 'accuracy': 0.8438, 'f1': 0.84372, 'auc': 0.99432}
val: {'epoch': 92, 'time_epoch': 0.06704, 'loss': 5.84715605, 'lr': 0, 'params': 276757, 'time_iter': 0.00479, 'accuracy': 0.21429, 'f1': 0.14131, 'auc': 0.81217}
test: {'epoch': 92, 'time_epoch': 0.07212, 'loss': 8.31597012, 'lr': 0, 'params': 276757, 'time_iter': 0.00721, 'accuracy': 0.07302, 'f1': 0.02286, 'auc': 0.63116}
> Epoch 92: took 2.2s (avg 2.1s) | Best so far: epoch 89	train_loss: 0.4591 train_accuracy: 0.8419	val_loss: 3.5964 val_accuracy: 0.3048	test_loss: 6.8192 test_accuracy: 0.0698	F1: 0.0443 Prec: 0.0873 Rec: 0.0698
train: {'epoch': 93, 'time_epoch': 1.92587, 'eta': 292.29266, 'eta_hours': 0.08119, 'loss': 0.44226871, 'lr': 0.00069569, 'params': 276757, 'time_iter': 0.01082, 'accuracy': 0.84538, 'f1': 0.84532, 'auc': 0.99484}
val: {'epoch': 93, 'time_epoch': 0.06773, 'loss': 6.21685997, 'lr': 0, 'params': 276757, 'time_iter': 0.00484, 'accuracy': 0.17619, 'f1': 0.09826, 'auc': 0.79726}
test: {'epoch': 93, 'time_epoch': 0.09415, 'loss': 8.3516169, 'lr': 0, 'params': 276757, 'time_iter': 0.00942, 'accuracy': 0.08889, 'f1': 0.05315, 'auc': 0.63147}
> Epoch 93: took 2.2s (avg 2.1s) | Best so far: epoch 89	train_loss: 0.4591 train_accuracy: 0.8419	val_loss: 3.5964 val_accuracy: 0.3048	test_loss: 6.8192 test_accuracy: 0.0698	F1: 0.0443 Prec: 0.0873 Rec: 0.0698
train: {'epoch': 94, 'time_epoch': 2.08323, 'eta': 290.76089, 'eta_hours': 0.08077, 'loss': 0.44343873, 'lr': 0.00068989, 'params': 276757, 'time_iter': 0.0117, 'accuracy': 0.85594, 'f1': 0.85593, 'auc': 0.99446}
val: {'epoch': 94, 'time_epoch': 0.06594, 'loss': 7.62245086, 'lr': 0, 'params': 276757, 'time_iter': 0.00471, 'accuracy': 0.15952, 'f1': 0.07476, 'auc': 0.77006}
test: {'epoch': 94, 'time_epoch': 0.04922, 'loss': 10.75426219, 'lr': 0, 'params': 276757, 'time_iter': 0.00492, 'accuracy': 0.07619, 'f1': 0.03533, 'auc': 0.5776}
> Epoch 94: took 2.3s (avg 2.1s) | Best so far: epoch 89	train_loss: 0.4591 train_accuracy: 0.8419	val_loss: 3.5964 val_accuracy: 0.3048	test_loss: 6.8192 test_accuracy: 0.0698	F1: 0.0443 Prec: 0.0873 Rec: 0.0698
train: {'epoch': 95, 'time_epoch': 1.81229, 'eta': 288.78301, 'eta_hours': 0.08022, 'loss': 0.43221554, 'lr': 0.00068406, 'params': 276757, 'time_iter': 0.01018, 'accuracy': 0.85418, 'f1': 0.85415, 'auc': 0.99503}
val: {'epoch': 95, 'time_epoch': 0.07212, 'loss': 7.88869561, 'lr': 0, 'params': 276757, 'time_iter': 0.00515, 'accuracy': 0.17381, 'f1': 0.08544, 'auc': 0.7954}
test: {'epoch': 95, 'time_epoch': 0.04542, 'loss': 10.45086166, 'lr': 0, 'params': 276757, 'time_iter': 0.00454, 'accuracy': 0.08571, 'f1': 0.03095, 'auc': 0.61156}
> Epoch 95: took 2.0s (avg 2.1s) | Best so far: epoch 89	train_loss: 0.4591 train_accuracy: 0.8419	val_loss: 3.5964 val_accuracy: 0.3048	test_loss: 6.8192 test_accuracy: 0.0698	F1: 0.0443 Prec: 0.0873 Rec: 0.0698
train: {'epoch': 96, 'time_epoch': 2.00802, 'eta': 287.11727, 'eta_hours': 0.07975, 'loss': 0.43322494, 'lr': 0.00067821, 'params': 276757, 'time_iter': 0.01128, 'accuracy': 0.85699, 'f1': 0.85693, 'auc': 0.99476}
val: {'epoch': 96, 'time_epoch': 0.08036, 'loss': 8.74896653, 'lr': 0, 'params': 276757, 'time_iter': 0.00574, 'accuracy': 0.09286, 'f1': 0.06151, 'auc': 0.77281}
test: {'epoch': 96, 'time_epoch': 0.05551, 'loss': 11.36200888, 'lr': 0, 'params': 276757, 'time_iter': 0.00555, 'accuracy': 0.06032, 'f1': 0.01774, 'auc': 0.61258}
> Epoch 96: took 2.2s (avg 2.1s) | Best so far: epoch 89	train_loss: 0.4591 train_accuracy: 0.8419	val_loss: 3.5964 val_accuracy: 0.3048	test_loss: 6.8192 test_accuracy: 0.0698	F1: 0.0443 Prec: 0.0873 Rec: 0.0698
train: {'epoch': 97, 'time_epoch': 2.01821, 'eta': 285.46035, 'eta_hours': 0.07929, 'loss': 0.42043533, 'lr': 0.00067232, 'params': 276757, 'time_iter': 0.01134, 'accuracy': 0.86209, 'f1': 0.86196, 'auc': 0.99506}
val: {'epoch': 97, 'time_epoch': 0.07803, 'loss': 4.85353539, 'lr': 0, 'params': 276757, 'time_iter': 0.00557, 'accuracy': 0.25238, 'f1': 0.1767, 'auc': 0.83686}
test: {'epoch': 97, 'time_epoch': 0.05728, 'loss': 6.88125088, 'lr': 0, 'params': 276757, 'time_iter': 0.00573, 'accuracy': 0.11429, 'f1': 0.05483, 'auc': 0.64187}
> Epoch 97: took 2.2s (avg 2.1s) | Best so far: epoch 89	train_loss: 0.4591 train_accuracy: 0.8419	val_loss: 3.5964 val_accuracy: 0.3048	test_loss: 6.8192 test_accuracy: 0.0698	F1: 0.0443 Prec: 0.0873 Rec: 0.0698
train: {'epoch': 98, 'time_epoch': 1.86337, 'eta': 283.55996, 'eta_hours': 0.07877, 'loss': 0.42198789, 'lr': 0.00066641, 'params': 276757, 'time_iter': 0.01047, 'accuracy': 0.85787, 'f1': 0.85775, 'auc': 0.99504}
val: {'epoch': 98, 'time_epoch': 0.06697, 'loss': 6.99056077, 'lr': 0, 'params': 276757, 'time_iter': 0.00478, 'accuracy': 0.18571, 'f1': 0.12511, 'auc': 0.81517}
test: {'epoch': 98, 'time_epoch': 0.07639, 'loss': 9.26636259, 'lr': 0, 'params': 276757, 'time_iter': 0.00764, 'accuracy': 0.08889, 'f1': 0.03234, 'auc': 0.64123}
> Epoch 98: took 2.1s (avg 2.1s) | Best so far: epoch 89	train_loss: 0.4591 train_accuracy: 0.8419	val_loss: 3.5964 val_accuracy: 0.3048	test_loss: 6.8192 test_accuracy: 0.0698	F1: 0.0443 Prec: 0.0873 Rec: 0.0698
train: {'epoch': 99, 'time_epoch': 1.85514, 'eta': 281.64798, 'eta_hours': 0.07824, 'loss': 0.40525963, 'lr': 0.00066047, 'params': 276757, 'time_iter': 0.01042, 'accuracy': 0.86702, 'f1': 0.86684, 'auc': 0.99533}
val: {'epoch': 99, 'time_epoch': 0.10236, 'loss': 3.53423899, 'lr': 0, 'params': 276757, 'time_iter': 0.00731, 'accuracy': 0.32381, 'f1': 0.26128, 'auc': 0.85465}
test: {'epoch': 99, 'time_epoch': 0.06957, 'loss': 6.03545008, 'lr': 0, 'params': 276757, 'time_iter': 0.00696, 'accuracy': 0.08889, 'f1': 0.05611, 'auc': 0.71402}
[*] Confusion Matrix saved to: results_lopo_none/SS_3m\Conf\confusion_matrix_epoch_99.png
> Epoch 99: took 2.1s (avg 2.1s) | Best so far: epoch 99	train_loss: 0.4053 train_accuracy: 0.8670	val_loss: 3.5342 val_accuracy: 0.3238	test_loss: 6.0355 test_accuracy: 0.0889	F1: 0.0561 Prec: 0.0483 Rec: 0.0889
train: {'epoch': 100, 'time_epoch': 1.91785, 'eta': 279.82962, 'eta_hours': 0.07773, 'loss': 0.40196339, 'lr': 0.00065451, 'params': 276757, 'time_iter': 0.01077, 'accuracy': 0.86315, 'f1': 0.86306, 'auc': 0.99556}
val: {'epoch': 100, 'time_epoch': 0.08688, 'loss': 6.11269064, 'lr': 0, 'params': 276757, 'time_iter': 0.00621, 'accuracy': 0.17857, 'f1': 0.12537, 'auc': 0.82218}
test: {'epoch': 100, 'time_epoch': 0.05138, 'loss': 9.59577235, 'lr': 0, 'params': 276757, 'time_iter': 0.00514, 'accuracy': 0.07302, 'f1': 0.02606, 'auc': 0.61168}
> Epoch 100: took 2.1s (avg 2.1s) | Best so far: epoch 99	train_loss: 0.4053 train_accuracy: 0.8670	val_loss: 3.5342 val_accuracy: 0.3238	test_loss: 6.0355 test_accuracy: 0.0889	F1: 0.0561 Prec: 0.0483 Rec: 0.0889
train: {'epoch': 101, 'time_epoch': 1.83156, 'eta': 277.88412, 'eta_hours': 0.07719, 'loss': 0.42258119, 'lr': 0.00064852, 'params': 276757, 'time_iter': 0.01029, 'accuracy': 0.85629, 'f1': 0.85624, 'auc': 0.99504}
val: {'epoch': 101, 'time_epoch': 0.07656, 'loss': 3.74274391, 'lr': 0, 'params': 276757, 'time_iter': 0.00547, 'accuracy': 0.32143, 'f1': 0.23498, 'auc': 0.86405}
test: {'epoch': 101, 'time_epoch': 0.04783, 'loss': 5.43633339, 'lr': 0, 'params': 276757, 'time_iter': 0.00478, 'accuracy': 0.11111, 'f1': 0.06922, 'auc': 0.69056}
> Epoch 101: took 2.0s (avg 2.1s) | Best so far: epoch 99	train_loss: 0.4053 train_accuracy: 0.8670	val_loss: 3.5342 val_accuracy: 0.3238	test_loss: 6.0355 test_accuracy: 0.0889	F1: 0.0561 Prec: 0.0483 Rec: 0.0889
train: {'epoch': 102, 'time_epoch': 1.98724, 'eta': 276.16302, 'eta_hours': 0.07671, 'loss': 0.41452713, 'lr': 0.00064251, 'params': 276757, 'time_iter': 0.01116, 'accuracy': 0.86702, 'f1': 0.86699, 'auc': 0.99516}
val: {'epoch': 102, 'time_epoch': 0.07622, 'loss': 6.22193336, 'lr': 0, 'params': 276757, 'time_iter': 0.00544, 'accuracy': 0.15952, 'f1': 0.07691, 'auc': 0.81143}
test: {'epoch': 102, 'time_epoch': 0.05262, 'loss': 8.77596434, 'lr': 0, 'params': 276757, 'time_iter': 0.00526, 'accuracy': 0.05397, 'f1': 0.01901, 'auc': 0.64271}
> Epoch 102: took 2.2s (avg 2.1s) | Best so far: epoch 99	train_loss: 0.4053 train_accuracy: 0.8670	val_loss: 3.5342 val_accuracy: 0.3238	test_loss: 6.0355 test_accuracy: 0.0889	F1: 0.0561 Prec: 0.0483 Rec: 0.0889
train: {'epoch': 103, 'time_epoch': 1.73409, 'eta': 274.0814, 'eta_hours': 0.07613, 'loss': 0.38502082, 'lr': 0.00063648, 'params': 276757, 'time_iter': 0.00974, 'accuracy': 0.87441, 'f1': 0.87427, 'auc': 0.9958}
val: {'epoch': 103, 'time_epoch': 0.08185, 'loss': 4.26982388, 'lr': 0, 'params': 276757, 'time_iter': 0.00585, 'accuracy': 0.27857, 'f1': 0.21902, 'auc': 0.85121}
test: {'epoch': 103, 'time_epoch': 0.04586, 'loss': 6.11792547, 'lr': 0, 'params': 276757, 'time_iter': 0.00459, 'accuracy': 0.13651, 'f1': 0.1007, 'auc': 0.73551}
> Epoch 103: took 1.9s (avg 2.1s) | Best so far: epoch 99	train_loss: 0.4053 train_accuracy: 0.8670	val_loss: 3.5342 val_accuracy: 0.3238	test_loss: 6.0355 test_accuracy: 0.0889	F1: 0.0561 Prec: 0.0483 Rec: 0.0889
train: {'epoch': 104, 'time_epoch': 1.97861, 'eta': 272.34408, 'eta_hours': 0.07565, 'loss': 0.39092442, 'lr': 0.00063042, 'params': 276757, 'time_iter': 0.01112, 'accuracy': 0.86983, 'f1': 0.86977, 'auc': 0.9957}
val: {'epoch': 104, 'time_epoch': 0.0707, 'loss': 7.18845763, 'lr': 0, 'params': 276757, 'time_iter': 0.00505, 'accuracy': 0.19048, 'f1': 0.10484, 'auc': 0.7998}
test: {'epoch': 104, 'time_epoch': 0.04804, 'loss': 9.6208327, 'lr': 0, 'params': 276757, 'time_iter': 0.0048, 'accuracy': 0.06984, 'f1': 0.02383, 'auc': 0.61849}
> Epoch 104: took 2.2s (avg 2.1s) | Best so far: epoch 99	train_loss: 0.4053 train_accuracy: 0.8670	val_loss: 3.5342 val_accuracy: 0.3238	test_loss: 6.0355 test_accuracy: 0.0889	F1: 0.0561 Prec: 0.0483 Rec: 0.0889
train: {'epoch': 105, 'time_epoch': 1.93293, 'eta': 270.54014, 'eta_hours': 0.07515, 'loss': 0.39831629, 'lr': 0.00062434, 'params': 276757, 'time_iter': 0.01086, 'accuracy': 0.86772, 'f1': 0.86763, 'auc': 0.99551}
val: {'epoch': 105, 'time_epoch': 0.07861, 'loss': 4.07497289, 'lr': 0, 'params': 276757, 'time_iter': 0.00562, 'accuracy': 0.27619, 'f1': 0.21052, 'auc': 0.85375}
test: {'epoch': 105, 'time_epoch': 0.05277, 'loss': 6.18930784, 'lr': 0, 'params': 276757, 'time_iter': 0.00528, 'accuracy': 0.08571, 'f1': 0.05514, 'auc': 0.63689}
> Epoch 105: took 2.1s (avg 2.1s) | Best so far: epoch 99	train_loss: 0.4053 train_accuracy: 0.8670	val_loss: 3.5342 val_accuracy: 0.3238	test_loss: 6.0355 test_accuracy: 0.0889	F1: 0.0561 Prec: 0.0483 Rec: 0.0889
train: {'epoch': 106, 'time_epoch': 2.10315, 'eta': 268.96129, 'eta_hours': 0.07471, 'loss': 0.40872705, 'lr': 0.00061825, 'params': 276757, 'time_iter': 0.01182, 'accuracy': 0.8591, 'f1': 0.85907, 'auc': 0.99554}
val: {'epoch': 106, 'time_epoch': 0.0772, 'loss': 6.46143407, 'lr': 0, 'params': 276757, 'time_iter': 0.00551, 'accuracy': 0.17381, 'f1': 0.1147, 'auc': 0.83591}
test: {'epoch': 106, 'time_epoch': 0.05824, 'loss': 9.4675993, 'lr': 0, 'params': 276757, 'time_iter': 0.00582, 'accuracy': 0.09524, 'f1': 0.03434, 'auc': 0.62339}
> Epoch 106: took 2.3s (avg 2.1s) | Best so far: epoch 99	train_loss: 0.4053 train_accuracy: 0.8670	val_loss: 3.5342 val_accuracy: 0.3238	test_loss: 6.0355 test_accuracy: 0.0889	F1: 0.0561 Prec: 0.0483 Rec: 0.0889
train: {'epoch': 107, 'time_epoch': 1.95031, 'eta': 267.17176, 'eta_hours': 0.07421, 'loss': 0.37969604, 'lr': 0.00061214, 'params': 276757, 'time_iter': 0.01096, 'accuracy': 0.87318, 'f1': 0.87304, 'auc': 0.99605}
val: {'epoch': 107, 'time_epoch': 0.08543, 'loss': 4.9180269, 'lr': 0, 'params': 276757, 'time_iter': 0.0061, 'accuracy': 0.25476, 'f1': 0.19523, 'auc': 0.82424}
test: {'epoch': 107, 'time_epoch': 0.04477, 'loss': 7.3939907, 'lr': 0, 'params': 276757, 'time_iter': 0.00448, 'accuracy': 0.06349, 'f1': 0.03104, 'auc': 0.64998}
> Epoch 107: took 2.2s (avg 2.1s) | Best so far: epoch 99	train_loss: 0.4053 train_accuracy: 0.8670	val_loss: 3.5342 val_accuracy: 0.3238	test_loss: 6.0355 test_accuracy: 0.0889	F1: 0.0561 Prec: 0.0483 Rec: 0.0889
train: {'epoch': 108, 'time_epoch': 1.99769, 'eta': 265.44059, 'eta_hours': 0.07373, 'loss': 0.4026751, 'lr': 0.000606, 'params': 276757, 'time_iter': 0.01122, 'accuracy': 0.86737, 'f1': 0.86732, 'auc': 0.99551}
val: {'epoch': 108, 'time_epoch': 0.0978, 'loss': 4.45693267, 'lr': 0, 'params': 276757, 'time_iter': 0.00699, 'accuracy': 0.22619, 'f1': 0.15764, 'auc': 0.85886}
test: {'epoch': 108, 'time_epoch': 0.05432, 'loss': 6.23246763, 'lr': 0, 'params': 276757, 'time_iter': 0.00543, 'accuracy': 0.08571, 'f1': 0.04251, 'auc': 0.68337}
> Epoch 108: took 2.2s (avg 2.1s) | Best so far: epoch 99	train_loss: 0.4053 train_accuracy: 0.8670	val_loss: 3.5342 val_accuracy: 0.3238	test_loss: 6.0355 test_accuracy: 0.0889	F1: 0.0561 Prec: 0.0483 Rec: 0.0889
train: {'epoch': 109, 'time_epoch': 1.83454, 'eta': 263.49692, 'eta_hours': 0.07319, 'loss': 0.38121915, 'lr': 0.00059985, 'params': 276757, 'time_iter': 0.01031, 'accuracy': 0.87493, 'f1': 0.87478, 'auc': 0.9959}
val: {'epoch': 109, 'time_epoch': 0.06306, 'loss': 8.76298955, 'lr': 0, 'params': 276757, 'time_iter': 0.0045, 'accuracy': 0.15238, 'f1': 0.07807, 'auc': 0.77267}
test: {'epoch': 109, 'time_epoch': 0.04968, 'loss': 12.92770816, 'lr': 0, 'params': 276757, 'time_iter': 0.00497, 'accuracy': 0.06984, 'f1': 0.01975, 'auc': 0.60678}
> Epoch 109: took 2.0s (avg 2.1s) | Best so far: epoch 99	train_loss: 0.4053 train_accuracy: 0.8670	val_loss: 3.5342 val_accuracy: 0.3238	test_loss: 6.0355 test_accuracy: 0.0889	F1: 0.0561 Prec: 0.0483 Rec: 0.0889
train: {'epoch': 110, 'time_epoch': 1.86651, 'eta': 261.59525, 'eta_hours': 0.07267, 'loss': 0.37677211, 'lr': 0.00059369, 'params': 276757, 'time_iter': 0.01049, 'accuracy': 0.87282, 'f1': 0.87284, 'auc': 0.99607}
val: {'epoch': 110, 'time_epoch': 0.06752, 'loss': 7.78944392, 'lr': 0, 'params': 276757, 'time_iter': 0.00482, 'accuracy': 0.15952, 'f1': 0.10539, 'auc': 0.76653}
test: {'epoch': 110, 'time_epoch': 0.05389, 'loss': 9.82660349, 'lr': 0, 'params': 276757, 'time_iter': 0.00539, 'accuracy': 0.06349, 'f1': 0.0288, 'auc': 0.63993}
> Epoch 110: took 2.1s (avg 2.1s) | Best so far: epoch 99	train_loss: 0.4053 train_accuracy: 0.8670	val_loss: 3.5342 val_accuracy: 0.3238	test_loss: 6.0355 test_accuracy: 0.0889	F1: 0.0561 Prec: 0.0483 Rec: 0.0889
train: {'epoch': 111, 'time_epoch': 1.785, 'eta': 259.59377, 'eta_hours': 0.07211, 'loss': 0.37367969, 'lr': 0.00058751, 'params': 276757, 'time_iter': 0.01003, 'accuracy': 0.87194, 'f1': 0.87187, 'auc': 0.99625}
val: {'epoch': 111, 'time_epoch': 0.06901, 'loss': 3.08018826, 'lr': 0, 'params': 276757, 'time_iter': 0.00493, 'accuracy': 0.36667, 'f1': 0.32954, 'auc': 0.88204}
test: {'epoch': 111, 'time_epoch': 0.04694, 'loss': 5.05139673, 'lr': 0, 'params': 276757, 'time_iter': 0.00469, 'accuracy': 0.16508, 'f1': 0.12874, 'auc': 0.74532}
[*] Confusion Matrix saved to: results_lopo_none/SS_3m\Conf\confusion_matrix_epoch_111.png
> Epoch 111: took 2.0s (avg 2.1s) | Best so far: epoch 111	train_loss: 0.3737 train_accuracy: 0.8719	val_loss: 3.0802 val_accuracy: 0.3667	test_loss: 5.0514 test_accuracy: 0.1651	F1: 0.1287 Prec: 0.1586 Rec: 0.1651
train: {'epoch': 112, 'time_epoch': 1.7829, 'eta': 257.59358, 'eta_hours': 0.07155, 'loss': 0.39280958, 'lr': 0.00058132, 'params': 276757, 'time_iter': 0.01002, 'accuracy': 0.86913, 'f1': 0.86912, 'auc': 0.9956}
val: {'epoch': 112, 'time_epoch': 0.08861, 'loss': 5.73432793, 'lr': 0, 'params': 276757, 'time_iter': 0.00633, 'accuracy': 0.20952, 'f1': 0.14518, 'auc': 0.81621}
test: {'epoch': 112, 'time_epoch': 0.05671, 'loss': 8.74076764, 'lr': 0, 'params': 276757, 'time_iter': 0.00567, 'accuracy': 0.06667, 'f1': 0.03195, 'auc': 0.65004}
> Epoch 112: took 2.0s (avg 2.1s) | Best so far: epoch 111	train_loss: 0.3737 train_accuracy: 0.8719	val_loss: 3.0802 val_accuracy: 0.3667	test_loss: 5.0514 test_accuracy: 0.1651	F1: 0.1287 Prec: 0.1586 Rec: 0.1651
train: {'epoch': 113, 'time_epoch': 1.74659, 'eta': 255.55388, 'eta_hours': 0.07099, 'loss': 0.37784612, 'lr': 0.00057511, 'params': 276757, 'time_iter': 0.00981, 'accuracy': 0.87687, 'f1': 0.87675, 'auc': 0.99602}
val: {'epoch': 113, 'time_epoch': 0.07232, 'loss': 3.11504993, 'lr': 0, 'params': 276757, 'time_iter': 0.00517, 'accuracy': 0.3, 'f1': 0.24599, 'auc': 0.88281}
test: {'epoch': 113, 'time_epoch': 0.05098, 'loss': 4.54081614, 'lr': 0, 'params': 276757, 'time_iter': 0.0051, 'accuracy': 0.12698, 'f1': 0.10174, 'auc': 0.75852}
> Epoch 113: took 2.0s (avg 2.1s) | Best so far: epoch 111	train_loss: 0.3737 train_accuracy: 0.8719	val_loss: 3.0802 val_accuracy: 0.3667	test_loss: 5.0514 test_accuracy: 0.1651	F1: 0.1287 Prec: 0.1586 Rec: 0.1651
train: {'epoch': 114, 'time_epoch': 1.91048, 'eta': 253.71168, 'eta_hours': 0.07048, 'loss': 0.36733302, 'lr': 0.0005689, 'params': 276757, 'time_iter': 0.01073, 'accuracy': 0.87722, 'f1': 0.87728, 'auc': 0.99637}
val: {'epoch': 114, 'time_epoch': 0.11409, 'loss': 4.53863194, 'lr': 0, 'params': 276757, 'time_iter': 0.00815, 'accuracy': 0.28095, 'f1': 0.21695, 'auc': 0.85652}
test: {'epoch': 114, 'time_epoch': 0.05303, 'loss': 7.06577148, 'lr': 0, 'params': 276757, 'time_iter': 0.0053, 'accuracy': 0.05397, 'f1': 0.02383, 'auc': 0.65737}
> Epoch 114: took 2.2s (avg 2.1s) | Best so far: epoch 111	train_loss: 0.3737 train_accuracy: 0.8719	val_loss: 3.0802 val_accuracy: 0.3667	test_loss: 5.0514 test_accuracy: 0.1651	F1: 0.1287 Prec: 0.1586 Rec: 0.1651
train: {'epoch': 115, 'time_epoch': 1.79384, 'eta': 251.73356, 'eta_hours': 0.06993, 'loss': 0.37784691, 'lr': 0.00056267, 'params': 276757, 'time_iter': 0.01008, 'accuracy': 0.87493, 'f1': 0.8748, 'auc': 0.99596}
val: {'epoch': 115, 'time_epoch': 0.09132, 'loss': 4.97017734, 'lr': 0, 'params': 276757, 'time_iter': 0.00652, 'accuracy': 0.29762, 'f1': 0.23048, 'auc': 0.8548}
test: {'epoch': 115, 'time_epoch': 0.0527, 'loss': 6.65711567, 'lr': 0, 'params': 276757, 'time_iter': 0.00527, 'accuracy': 0.10159, 'f1': 0.06653, 'auc': 0.70686}
> Epoch 115: took 2.1s (avg 2.1s) | Best so far: epoch 111	train_loss: 0.3737 train_accuracy: 0.8719	val_loss: 3.0802 val_accuracy: 0.3667	test_loss: 5.0514 test_accuracy: 0.1651	F1: 0.1287 Prec: 0.1586 Rec: 0.1651
train: {'epoch': 116, 'time_epoch': 1.76129, 'eta': 249.72159, 'eta_hours': 0.06937, 'loss': 0.36691624, 'lr': 0.00055643, 'params': 276757, 'time_iter': 0.00989, 'accuracy': 0.88056, 'f1': 0.88054, 'auc': 0.99616}
val: {'epoch': 116, 'time_epoch': 0.07076, 'loss': 4.06187464, 'lr': 0, 'params': 276757, 'time_iter': 0.00505, 'accuracy': 0.28333, 'f1': 0.23935, 'auc': 0.86378}
test: {'epoch': 116, 'time_epoch': 0.04877, 'loss': 5.88458655, 'lr': 0, 'params': 276757, 'time_iter': 0.00488, 'accuracy': 0.12381, 'f1': 0.08261, 'auc': 0.72186}
> Epoch 116: took 2.0s (avg 2.1s) | Best so far: epoch 111	train_loss: 0.3737 train_accuracy: 0.8719	val_loss: 3.0802 val_accuracy: 0.3667	test_loss: 5.0514 test_accuracy: 0.1651	F1: 0.1287 Prec: 0.1586 Rec: 0.1651
train: {'epoch': 117, 'time_epoch': 1.83539, 'eta': 247.79675, 'eta_hours': 0.06883, 'loss': 0.36239671, 'lr': 0.00055018, 'params': 276757, 'time_iter': 0.01031, 'accuracy': 0.87405, 'f1': 0.87406, 'auc': 0.99646}
val: {'epoch': 117, 'time_epoch': 0.09355, 'loss': 5.69851436, 'lr': 0, 'params': 276757, 'time_iter': 0.00668, 'accuracy': 0.1881, 'f1': 0.1063, 'auc': 0.82435}
test: {'epoch': 117, 'time_epoch': 0.06576, 'loss': 9.55298131, 'lr': 0, 'params': 276757, 'time_iter': 0.00658, 'accuracy': 0.04444, 'f1': 0.01479, 'auc': 0.61566}
> Epoch 117: took 2.1s (avg 2.1s) | Best so far: epoch 111	train_loss: 0.3737 train_accuracy: 0.8719	val_loss: 3.0802 val_accuracy: 0.3667	test_loss: 5.0514 test_accuracy: 0.1651	F1: 0.1287 Prec: 0.1586 Rec: 0.1651
train: {'epoch': 118, 'time_epoch': 1.839, 'eta': 245.8774, 'eta_hours': 0.0683, 'loss': 0.36805144, 'lr': 0.00054393, 'params': 276757, 'time_iter': 0.01033, 'accuracy': 0.88039, 'f1': 0.88037, 'auc': 0.99629}
val: {'epoch': 118, 'time_epoch': 0.07626, 'loss': 4.95216123, 'lr': 0, 'params': 276757, 'time_iter': 0.00545, 'accuracy': 0.23571, 'f1': 0.16278, 'auc': 0.84592}
test: {'epoch': 118, 'time_epoch': 0.05001, 'loss': 7.29050106, 'lr': 0, 'params': 276757, 'time_iter': 0.005, 'accuracy': 0.09524, 'f1': 0.05247, 'auc': 0.68745}
> Epoch 118: took 2.1s (avg 2.1s) | Best so far: epoch 111	train_loss: 0.3737 train_accuracy: 0.8719	val_loss: 3.0802 val_accuracy: 0.3667	test_loss: 5.0514 test_accuracy: 0.1651	F1: 0.1287 Prec: 0.1586 Rec: 0.1651
train: {'epoch': 119, 'time_epoch': 2.07246, 'eta': 244.2123, 'eta_hours': 0.06784, 'loss': 0.36945316, 'lr': 0.00053766, 'params': 276757, 'time_iter': 0.01164, 'accuracy': 0.87124, 'f1': 0.8711, 'auc': 0.99617}
val: {'epoch': 119, 'time_epoch': 0.09401, 'loss': 4.87289028, 'lr': 0, 'params': 276757, 'time_iter': 0.00672, 'accuracy': 0.27619, 'f1': 0.18469, 'auc': 0.85435}
test: {'epoch': 119, 'time_epoch': 0.06769, 'loss': 5.9061949, 'lr': 0, 'params': 276757, 'time_iter': 0.00677, 'accuracy': 0.11429, 'f1': 0.07225, 'auc': 0.7211}
> Epoch 119: took 2.3s (avg 2.1s) | Best so far: epoch 111	train_loss: 0.3737 train_accuracy: 0.8719	val_loss: 3.0802 val_accuracy: 0.3667	test_loss: 5.0514 test_accuracy: 0.1651	F1: 0.1287 Prec: 0.1586 Rec: 0.1651
train: {'epoch': 120, 'time_epoch': 1.77135, 'eta': 242.21945, 'eta_hours': 0.06728, 'loss': 0.35657923, 'lr': 0.0005314, 'params': 276757, 'time_iter': 0.00995, 'accuracy': 0.87863, 'f1': 0.87839, 'auc': 0.99633}
val: {'epoch': 120, 'time_epoch': 0.07301, 'loss': 8.02952966, 'lr': 0, 'params': 276757, 'time_iter': 0.00522, 'accuracy': 0.16667, 'f1': 0.08196, 'auc': 0.81196}
test: {'epoch': 120, 'time_epoch': 0.05676, 'loss': 11.97379105, 'lr': 0, 'params': 276757, 'time_iter': 0.00568, 'accuracy': 0.05397, 'f1': 0.02544, 'auc': 0.58623}
> Epoch 120: took 2.0s (avg 2.1s) | Best so far: epoch 111	train_loss: 0.3737 train_accuracy: 0.8719	val_loss: 3.0802 val_accuracy: 0.3667	test_loss: 5.0514 test_accuracy: 0.1651	F1: 0.1287 Prec: 0.1586 Rec: 0.1651
train: {'epoch': 121, 'time_epoch': 1.8847, 'eta': 240.34915, 'eta_hours': 0.06676, 'loss': 0.34967049, 'lr': 0.00052512, 'params': 276757, 'time_iter': 0.01059, 'accuracy': 0.8876, 'f1': 0.88754, 'auc': 0.99661}
val: {'epoch': 121, 'time_epoch': 0.07447, 'loss': 3.64588103, 'lr': 0, 'params': 276757, 'time_iter': 0.00532, 'accuracy': 0.34524, 'f1': 0.2685, 'auc': 0.88095}
test: {'epoch': 121, 'time_epoch': 0.06494, 'loss': 6.13895744, 'lr': 0, 'params': 276757, 'time_iter': 0.00649, 'accuracy': 0.11746, 'f1': 0.07248, 'auc': 0.71939}
> Epoch 121: took 2.1s (avg 2.1s) | Best so far: epoch 111	train_loss: 0.3737 train_accuracy: 0.8719	val_loss: 3.0802 val_accuracy: 0.3667	test_loss: 5.0514 test_accuracy: 0.1651	F1: 0.1287 Prec: 0.1586 Rec: 0.1651
train: {'epoch': 122, 'time_epoch': 1.82027, 'eta': 238.4121, 'eta_hours': 0.06623, 'loss': 0.36084045, 'lr': 0.00051885, 'params': 276757, 'time_iter': 0.01023, 'accuracy': 0.88267, 'f1': 0.88259, 'auc': 0.99636}
val: {'epoch': 122, 'time_epoch': 0.06753, 'loss': 5.05952459, 'lr': 0, 'params': 276757, 'time_iter': 0.00482, 'accuracy': 0.21429, 'f1': 0.13336, 'auc': 0.83961}
test: {'epoch': 122, 'time_epoch': 0.04843, 'loss': 7.022704, 'lr': 0, 'params': 276757, 'time_iter': 0.00484, 'accuracy': 0.09524, 'f1': 0.06438, 'auc': 0.66978}
> Epoch 122: took 2.0s (avg 2.1s) | Best so far: epoch 111	train_loss: 0.3737 train_accuracy: 0.8719	val_loss: 3.0802 val_accuracy: 0.3667	test_loss: 5.0514 test_accuracy: 0.1651	F1: 0.1287 Prec: 0.1586 Rec: 0.1651
train: {'epoch': 123, 'time_epoch': 1.83007, 'eta': 236.48689, 'eta_hours': 0.06569, 'loss': 0.33028132, 'lr': 0.00051257, 'params': 276757, 'time_iter': 0.01028, 'accuracy': 0.88848, 'f1': 0.88846, 'auc': 0.99692}
val: {'epoch': 123, 'time_epoch': 0.07898, 'loss': 3.76524889, 'lr': 0, 'params': 276757, 'time_iter': 0.00564, 'accuracy': 0.35952, 'f1': 0.28887, 'auc': 0.86401}
test: {'epoch': 123, 'time_epoch': 0.05396, 'loss': 6.31221655, 'lr': 0, 'params': 276757, 'time_iter': 0.0054, 'accuracy': 0.10794, 'f1': 0.07021, 'auc': 0.69662}
> Epoch 123: took 2.0s (avg 2.1s) | Best so far: epoch 111	train_loss: 0.3737 train_accuracy: 0.8719	val_loss: 3.0802 val_accuracy: 0.3667	test_loss: 5.0514 test_accuracy: 0.1651	F1: 0.1287 Prec: 0.1586 Rec: 0.1651
train: {'epoch': 124, 'time_epoch': 1.81837, 'eta': 234.5515, 'eta_hours': 0.06515, 'loss': 0.3303398, 'lr': 0.00050628, 'params': 276757, 'time_iter': 0.01022, 'accuracy': 0.89147, 'f1': 0.89137, 'auc': 0.99692}
val: {'epoch': 124, 'time_epoch': 0.07336, 'loss': 6.31469227, 'lr': 0, 'params': 276757, 'time_iter': 0.00524, 'accuracy': 0.23095, 'f1': 0.14785, 'auc': 0.83993}
test: {'epoch': 124, 'time_epoch': 0.04272, 'loss': 7.91567377, 'lr': 0, 'params': 276757, 'time_iter': 0.00427, 'accuracy': 0.10476, 'f1': 0.04483, 'auc': 0.67421}
> Epoch 124: took 2.0s (avg 2.1s) | Best so far: epoch 111	train_loss: 0.3737 train_accuracy: 0.8719	val_loss: 3.0802 val_accuracy: 0.3667	test_loss: 5.0514 test_accuracy: 0.1651	F1: 0.1287 Prec: 0.1586 Rec: 0.1651
train: {'epoch': 125, 'time_epoch': 1.66413, 'eta': 232.46617, 'eta_hours': 0.06457, 'loss': 0.32498645, 'lr': 0.0005, 'params': 276757, 'time_iter': 0.00935, 'accuracy': 0.89129, 'f1': 0.89127, 'auc': 0.99707}
val: {'epoch': 125, 'time_epoch': 0.07967, 'loss': 6.00621393, 'lr': 0, 'params': 276757, 'time_iter': 0.00569, 'accuracy': 0.2381, 'f1': 0.16091, 'auc': 0.83207}
test: {'epoch': 125, 'time_epoch': 0.04988, 'loss': 9.46721155, 'lr': 0, 'params': 276757, 'time_iter': 0.00499, 'accuracy': 0.08571, 'f1': 0.03205, 'auc': 0.60475}
> Epoch 125: took 1.9s (avg 2.1s) | Best so far: epoch 111	train_loss: 0.3737 train_accuracy: 0.8719	val_loss: 3.0802 val_accuracy: 0.3667	test_loss: 5.0514 test_accuracy: 0.1651	F1: 0.1287 Prec: 0.1586 Rec: 0.1651
train: {'epoch': 126, 'time_epoch': 1.74221, 'eta': 230.4631, 'eta_hours': 0.06402, 'loss': 0.33965789, 'lr': 0.00049372, 'params': 276757, 'time_iter': 0.00979, 'accuracy': 0.88602, 'f1': 0.88603, 'auc': 0.99685}
val: {'epoch': 126, 'time_epoch': 0.07866, 'loss': 4.48998199, 'lr': 0, 'params': 276757, 'time_iter': 0.00562, 'accuracy': 0.25238, 'f1': 0.20168, 'auc': 0.84297}
test: {'epoch': 126, 'time_epoch': 0.04997, 'loss': 6.5999599, 'lr': 0, 'params': 276757, 'time_iter': 0.005, 'accuracy': 0.05397, 'f1': 0.04133, 'auc': 0.66481}
> Epoch 126: took 1.9s (avg 2.1s) | Best so far: epoch 111	train_loss: 0.3737 train_accuracy: 0.8719	val_loss: 3.0802 val_accuracy: 0.3667	test_loss: 5.0514 test_accuracy: 0.1651	F1: 0.1287 Prec: 0.1586 Rec: 0.1651
train: {'epoch': 127, 'time_epoch': 1.99339, 'eta': 228.70352, 'eta_hours': 0.06353, 'loss': 0.32424129, 'lr': 0.00048743, 'params': 276757, 'time_iter': 0.0112, 'accuracy': 0.89129, 'f1': 0.89111, 'auc': 0.99711}
val: {'epoch': 127, 'time_epoch': 0.12365, 'loss': 5.45553908, 'lr': 0, 'params': 276757, 'time_iter': 0.00883, 'accuracy': 0.26905, 'f1': 0.18381, 'auc': 0.84392}
test: {'epoch': 127, 'time_epoch': 0.06079, 'loss': 7.20044151, 'lr': 0, 'params': 276757, 'time_iter': 0.00608, 'accuracy': 0.09841, 'f1': 0.05503, 'auc': 0.676}
> Epoch 127: took 2.3s (avg 2.1s) | Best so far: epoch 111	train_loss: 0.3737 train_accuracy: 0.8719	val_loss: 3.0802 val_accuracy: 0.3667	test_loss: 5.0514 test_accuracy: 0.1651	F1: 0.1287 Prec: 0.1586 Rec: 0.1651
train: {'epoch': 128, 'time_epoch': 1.73321, 'eta': 226.69626, 'eta_hours': 0.06297, 'loss': 0.34203061, 'lr': 0.00048115, 'params': 276757, 'time_iter': 0.00974, 'accuracy': 0.88408, 'f1': 0.88407, 'auc': 0.99683}
val: {'epoch': 128, 'time_epoch': 0.11902, 'loss': 4.96270483, 'lr': 0, 'params': 276757, 'time_iter': 0.0085, 'accuracy': 0.20952, 'f1': 0.15564, 'auc': 0.84061}
test: {'epoch': 128, 'time_epoch': 0.09289, 'loss': 8.44598356, 'lr': 0, 'params': 276757, 'time_iter': 0.00929, 'accuracy': 0.07619, 'f1': 0.02868, 'auc': 0.61993}
> Epoch 128: took 2.0s (avg 2.1s) | Best so far: epoch 111	train_loss: 0.3737 train_accuracy: 0.8719	val_loss: 3.0802 val_accuracy: 0.3667	test_loss: 5.0514 test_accuracy: 0.1651	F1: 0.1287 Prec: 0.1586 Rec: 0.1651
train: {'epoch': 129, 'time_epoch': 2.06213, 'eta': 224.99683, 'eta_hours': 0.0625, 'loss': 0.31391867, 'lr': 0.00047488, 'params': 276757, 'time_iter': 0.01158, 'accuracy': 0.89481, 'f1': 0.89478, 'auc': 0.99729}
val: {'epoch': 129, 'time_epoch': 0.07347, 'loss': 6.60701487, 'lr': 0, 'params': 276757, 'time_iter': 0.00525, 'accuracy': 0.19524, 'f1': 0.12863, 'auc': 0.82074}
test: {'epoch': 129, 'time_epoch': 0.04915, 'loss': 8.90083123, 'lr': 0, 'params': 276757, 'time_iter': 0.00491, 'accuracy': 0.06349, 'f1': 0.02671, 'auc': 0.6114}
> Epoch 129: took 2.3s (avg 2.1s) | Best so far: epoch 111	train_loss: 0.3737 train_accuracy: 0.8719	val_loss: 3.0802 val_accuracy: 0.3667	test_loss: 5.0514 test_accuracy: 0.1651	F1: 0.1287 Prec: 0.1586 Rec: 0.1651
train: {'epoch': 130, 'time_epoch': 1.74857, 'eta': 223.00703, 'eta_hours': 0.06195, 'loss': 0.30958338, 'lr': 0.0004686, 'params': 276757, 'time_iter': 0.00982, 'accuracy': 0.89903, 'f1': 0.89909, 'auc': 0.99741}
val: {'epoch': 130, 'time_epoch': 0.06842, 'loss': 4.35974969, 'lr': 0, 'params': 276757, 'time_iter': 0.00489, 'accuracy': 0.31905, 'f1': 0.25375, 'auc': 0.84393}
test: {'epoch': 130, 'time_epoch': 0.04705, 'loss': 5.8413844, 'lr': 0, 'params': 276757, 'time_iter': 0.00471, 'accuracy': 0.12698, 'f1': 0.09349, 'auc': 0.69417}
> Epoch 130: took 1.9s (avg 2.1s) | Best so far: epoch 111	train_loss: 0.3737 train_accuracy: 0.8719	val_loss: 3.0802 val_accuracy: 0.3667	test_loss: 5.0514 test_accuracy: 0.1651	F1: 0.1287 Prec: 0.1586 Rec: 0.1651
train: {'epoch': 131, 'time_epoch': 1.98456, 'eta': 221.23185, 'eta_hours': 0.06145, 'loss': 0.32142204, 'lr': 0.00046234, 'params': 276757, 'time_iter': 0.01115, 'accuracy': 0.89903, 'f1': 0.8991, 'auc': 0.9971}
val: {'epoch': 131, 'time_epoch': 0.08349, 'loss': 7.15969902, 'lr': 0, 'params': 276757, 'time_iter': 0.00596, 'accuracy': 0.17857, 'f1': 0.10692, 'auc': 0.80448}
test: {'epoch': 131, 'time_epoch': 0.05461, 'loss': 9.79719343, 'lr': 0, 'params': 276757, 'time_iter': 0.00546, 'accuracy': 0.09524, 'f1': 0.04008, 'auc': 0.61722}
> Epoch 131: took 2.2s (avg 2.1s) | Best so far: epoch 111	train_loss: 0.3737 train_accuracy: 0.8719	val_loss: 3.0802 val_accuracy: 0.3667	test_loss: 5.0514 test_accuracy: 0.1651	F1: 0.1287 Prec: 0.1586 Rec: 0.1651
train: {'epoch': 132, 'time_epoch': 2.01738, 'eta': 219.48239, 'eta_hours': 0.06097, 'loss': 0.32227401, 'lr': 0.00045607, 'params': 276757, 'time_iter': 0.01133, 'accuracy': 0.89288, 'f1': 0.89287, 'auc': 0.99705}
val: {'epoch': 132, 'time_epoch': 0.08587, 'loss': 4.19898807, 'lr': 0, 'params': 276757, 'time_iter': 0.00613, 'accuracy': 0.32857, 'f1': 0.25533, 'auc': 0.86252}
test: {'epoch': 132, 'time_epoch': 0.04236, 'loss': 6.47131021, 'lr': 0, 'params': 276757, 'time_iter': 0.00424, 'accuracy': 0.10159, 'f1': 0.07794, 'auc': 0.68429}
> Epoch 132: took 2.2s (avg 2.1s) | Best so far: epoch 111	train_loss: 0.3737 train_accuracy: 0.8719	val_loss: 3.0802 val_accuracy: 0.3667	test_loss: 5.0514 test_accuracy: 0.1651	F1: 0.1287 Prec: 0.1586 Rec: 0.1651
train: {'epoch': 133, 'time_epoch': 1.87485, 'eta': 217.60555, 'eta_hours': 0.06045, 'loss': 0.32116635, 'lr': 0.00044982, 'params': 276757, 'time_iter': 0.01053, 'accuracy': 0.89305, 'f1': 0.89302, 'auc': 0.99709}
val: {'epoch': 133, 'time_epoch': 0.09793, 'loss': 5.0501081, 'lr': 0, 'params': 276757, 'time_iter': 0.007, 'accuracy': 0.2619, 'f1': 0.19782, 'auc': 0.83221}
test: {'epoch': 133, 'time_epoch': 0.05015, 'loss': 6.59450803, 'lr': 0, 'params': 276757, 'time_iter': 0.00501, 'accuracy': 0.10794, 'f1': 0.05495, 'auc': 0.71037}
> Epoch 133: took 2.1s (avg 2.1s) | Best so far: epoch 111	train_loss: 0.3737 train_accuracy: 0.8719	val_loss: 3.0802 val_accuracy: 0.3667	test_loss: 5.0514 test_accuracy: 0.1651	F1: 0.1287 Prec: 0.1586 Rec: 0.1651
train: {'epoch': 134, 'time_epoch': 2.06365, 'eta': 215.88957, 'eta_hours': 0.05997, 'loss': 0.31704622, 'lr': 0.00044357, 'params': 276757, 'time_iter': 0.01159, 'accuracy': 0.89446, 'f1': 0.89441, 'auc': 0.99722}
val: {'epoch': 134, 'time_epoch': 0.07387, 'loss': 5.02747619, 'lr': 0, 'params': 276757, 'time_iter': 0.00528, 'accuracy': 0.24286, 'f1': 0.18724, 'auc': 0.8656}
test: {'epoch': 134, 'time_epoch': 0.05273, 'loss': 7.63472809, 'lr': 0, 'params': 276757, 'time_iter': 0.00527, 'accuracy': 0.07937, 'f1': 0.04219, 'auc': 0.68046}
> Epoch 134: took 2.3s (avg 2.1s) | Best so far: epoch 111	train_loss: 0.3737 train_accuracy: 0.8719	val_loss: 3.0802 val_accuracy: 0.3667	test_loss: 5.0514 test_accuracy: 0.1651	F1: 0.1287 Prec: 0.1586 Rec: 0.1651
train: {'epoch': 135, 'time_epoch': 1.69779, 'eta': 213.86179, 'eta_hours': 0.05941, 'loss': 0.30569501, 'lr': 0.00043733, 'params': 276757, 'time_iter': 0.00954, 'accuracy': 0.90185, 'f1': 0.90182, 'auc': 0.99739}
val: {'epoch': 135, 'time_epoch': 0.06716, 'loss': 3.05495872, 'lr': 0, 'params': 276757, 'time_iter': 0.0048, 'accuracy': 0.35952, 'f1': 0.3206, 'auc': 0.8956}
test: {'epoch': 135, 'time_epoch': 0.04891, 'loss': 5.25343013, 'lr': 0, 'params': 276757, 'time_iter': 0.00489, 'accuracy': 0.11111, 'f1': 0.09186, 'auc': 0.73304}
> Epoch 135: took 1.9s (avg 2.1s) | Best so far: epoch 111	train_loss: 0.3737 train_accuracy: 0.8719	val_loss: 3.0802 val_accuracy: 0.3667	test_loss: 5.0514 test_accuracy: 0.1651	F1: 0.1287 Prec: 0.1586 Rec: 0.1651
train: {'epoch': 136, 'time_epoch': 1.8478, 'eta': 211.96257, 'eta_hours': 0.05888, 'loss': 0.30221668, 'lr': 0.0004311, 'params': 276757, 'time_iter': 0.01038, 'accuracy': 0.8978, 'f1': 0.8977, 'auc': 0.99755}
val: {'epoch': 136, 'time_epoch': 0.0768, 'loss': 3.81666848, 'lr': 0, 'params': 276757, 'time_iter': 0.00549, 'accuracy': 0.31429, 'f1': 0.24236, 'auc': 0.87305}
test: {'epoch': 136, 'time_epoch': 0.08791, 'loss': 6.50980124, 'lr': 0, 'params': 276757, 'time_iter': 0.00879, 'accuracy': 0.10476, 'f1': 0.05411, 'auc': 0.69503}
> Epoch 136: took 2.1s (avg 2.1s) | Best so far: epoch 111	train_loss: 0.3737 train_accuracy: 0.8719	val_loss: 3.0802 val_accuracy: 0.3667	test_loss: 5.0514 test_accuracy: 0.1651	F1: 0.1287 Prec: 0.1586 Rec: 0.1651
train: {'epoch': 137, 'time_epoch': 1.71781, 'eta': 209.95859, 'eta_hours': 0.05832, 'loss': 0.31014656, 'lr': 0.00042489, 'params': 276757, 'time_iter': 0.00965, 'accuracy': 0.89481, 'f1': 0.89477, 'auc': 0.99716}
val: {'epoch': 137, 'time_epoch': 0.10341, 'loss': 4.7756868, 'lr': 0, 'params': 276757, 'time_iter': 0.00739, 'accuracy': 0.25714, 'f1': 0.18432, 'auc': 0.85142}
test: {'epoch': 137, 'time_epoch': 0.06396, 'loss': 5.59266511, 'lr': 0, 'params': 276757, 'time_iter': 0.0064, 'accuracy': 0.13333, 'f1': 0.08847, 'auc': 0.71988}
> Epoch 137: took 2.0s (avg 2.1s) | Best so far: epoch 111	train_loss: 0.3737 train_accuracy: 0.8719	val_loss: 3.0802 val_accuracy: 0.3667	test_loss: 5.0514 test_accuracy: 0.1651	F1: 0.1287 Prec: 0.1586 Rec: 0.1651
train: {'epoch': 138, 'time_epoch': 1.74955, 'eta': 207.98408, 'eta_hours': 0.05777, 'loss': 0.30802227, 'lr': 0.00041868, 'params': 276757, 'time_iter': 0.00983, 'accuracy': 0.89587, 'f1': 0.89582, 'auc': 0.9974}
val: {'epoch': 138, 'time_epoch': 0.06574, 'loss': 3.91587352, 'lr': 0, 'params': 276757, 'time_iter': 0.0047, 'accuracy': 0.35476, 'f1': 0.27113, 'auc': 0.87883}
test: {'epoch': 138, 'time_epoch': 0.05608, 'loss': 6.00647889, 'lr': 0, 'params': 276757, 'time_iter': 0.00561, 'accuracy': 0.10476, 'f1': 0.05887, 'auc': 0.70914}
> Epoch 138: took 2.0s (avg 2.1s) | Best so far: epoch 111	train_loss: 0.3737 train_accuracy: 0.8719	val_loss: 3.0802 val_accuracy: 0.3667	test_loss: 5.0514 test_accuracy: 0.1651	F1: 0.1287 Prec: 0.1586 Rec: 0.1651
train: {'epoch': 139, 'time_epoch': 2.15163, 'eta': 206.3287, 'eta_hours': 0.05731, 'loss': 0.29571629, 'lr': 0.00041249, 'params': 276757, 'time_iter': 0.01209, 'accuracy': 0.90167, 'f1': 0.90163, 'auc': 0.99761}
val: {'epoch': 139, 'time_epoch': 0.06635, 'loss': 7.51804063, 'lr': 0, 'params': 276757, 'time_iter': 0.00474, 'accuracy': 0.2119, 'f1': 0.14783, 'auc': 0.79733}
test: {'epoch': 139, 'time_epoch': 0.06867, 'loss': 9.48733144, 'lr': 0, 'params': 276757, 'time_iter': 0.00687, 'accuracy': 0.06349, 'f1': 0.0163, 'auc': 0.64217}
> Epoch 139: took 2.4s (avg 2.1s) | Best so far: epoch 111	train_loss: 0.3737 train_accuracy: 0.8719	val_loss: 3.0802 val_accuracy: 0.3667	test_loss: 5.0514 test_accuracy: 0.1651	F1: 0.1287 Prec: 0.1586 Rec: 0.1651
train: {'epoch': 140, 'time_epoch': 1.98642, 'eta': 204.53856, 'eta_hours': 0.05682, 'loss': 0.2921901, 'lr': 0.00040631, 'params': 276757, 'time_iter': 0.01116, 'accuracy': 0.90167, 'f1': 0.90175, 'auc': 0.99761}
val: {'epoch': 140, 'time_epoch': 0.06954, 'loss': 7.95398271, 'lr': 0, 'params': 276757, 'time_iter': 0.00497, 'accuracy': 0.17619, 'f1': 0.09334, 'auc': 0.81473}
test: {'epoch': 140, 'time_epoch': 0.04532, 'loss': 11.80065746, 'lr': 0, 'params': 276757, 'time_iter': 0.00453, 'accuracy': 0.06667, 'f1': 0.02277, 'auc': 0.60117}
> Epoch 140: took 2.2s (avg 2.1s) | Best so far: epoch 111	train_loss: 0.3737 train_accuracy: 0.8719	val_loss: 3.0802 val_accuracy: 0.3667	test_loss: 5.0514 test_accuracy: 0.1651	F1: 0.1287 Prec: 0.1586 Rec: 0.1651
train: {'epoch': 141, 'time_epoch': 1.91341, 'eta': 202.69013, 'eta_hours': 0.0563, 'loss': 0.28824171, 'lr': 0.00040015, 'params': 276757, 'time_iter': 0.01075, 'accuracy': 0.90554, 'f1': 0.90542, 'auc': 0.99763}
val: {'epoch': 141, 'time_epoch': 0.07767, 'loss': 4.40667494, 'lr': 0, 'params': 276757, 'time_iter': 0.00555, 'accuracy': 0.34524, 'f1': 0.26553, 'auc': 0.8605}
test: {'epoch': 141, 'time_epoch': 0.05992, 'loss': 6.42209169, 'lr': 0, 'params': 276757, 'time_iter': 0.00599, 'accuracy': 0.10159, 'f1': 0.06455, 'auc': 0.66742}
> Epoch 141: took 2.1s (avg 2.1s) | Best so far: epoch 111	train_loss: 0.3737 train_accuracy: 0.8719	val_loss: 3.0802 val_accuracy: 0.3667	test_loss: 5.0514 test_accuracy: 0.1651	F1: 0.1287 Prec: 0.1586 Rec: 0.1651
train: {'epoch': 142, 'time_epoch': 1.96361, 'eta': 200.87836, 'eta_hours': 0.0558, 'loss': 0.28025496, 'lr': 0.000394, 'params': 276757, 'time_iter': 0.01103, 'accuracy': 0.91011, 'f1': 0.91002, 'auc': 0.99774}
val: {'epoch': 142, 'time_epoch': 0.06567, 'loss': 3.6972188, 'lr': 0, 'params': 276757, 'time_iter': 0.00469, 'accuracy': 0.34524, 'f1': 0.28032, 'auc': 0.87173}
test: {'epoch': 142, 'time_epoch': 0.05125, 'loss': 6.53168248, 'lr': 0, 'params': 276757, 'time_iter': 0.00513, 'accuracy': 0.08571, 'f1': 0.06282, 'auc': 0.71333}
> Epoch 142: took 2.2s (avg 2.1s) | Best so far: epoch 111	train_loss: 0.3737 train_accuracy: 0.8719	val_loss: 3.0802 val_accuracy: 0.3667	test_loss: 5.0514 test_accuracy: 0.1651	F1: 0.1287 Prec: 0.1586 Rec: 0.1651
train: {'epoch': 143, 'time_epoch': 1.70537, 'eta': 198.87438, 'eta_hours': 0.05524, 'loss': 0.30625133, 'lr': 0.00038786, 'params': 276757, 'time_iter': 0.00958, 'accuracy': 0.89868, 'f1': 0.89856, 'auc': 0.99732}
val: {'epoch': 143, 'time_epoch': 0.06872, 'loss': 5.11207347, 'lr': 0, 'params': 276757, 'time_iter': 0.00491, 'accuracy': 0.28095, 'f1': 0.19501, 'auc': 0.83762}
test: {'epoch': 143, 'time_epoch': 0.05111, 'loss': 9.82226448, 'lr': 0, 'params': 276757, 'time_iter': 0.00511, 'accuracy': 0.06032, 'f1': 0.02886, 'auc': 0.63618}
> Epoch 143: took 1.9s (avg 2.1s) | Best so far: epoch 111	train_loss: 0.3737 train_accuracy: 0.8719	val_loss: 3.0802 val_accuracy: 0.3667	test_loss: 5.0514 test_accuracy: 0.1651	F1: 0.1287 Prec: 0.1586 Rec: 0.1651
train: {'epoch': 144, 'time_epoch': 1.81076, 'eta': 196.95084, 'eta_hours': 0.05471, 'loss': 0.29351171, 'lr': 0.00038175, 'params': 276757, 'time_iter': 0.01017, 'accuracy': 0.90255, 'f1': 0.90254, 'auc': 0.99765}
val: {'epoch': 144, 'time_epoch': 0.0682, 'loss': 5.90979092, 'lr': 0, 'params': 276757, 'time_iter': 0.00487, 'accuracy': 0.27381, 'f1': 0.18316, 'auc': 0.85085}
test: {'epoch': 144, 'time_epoch': 0.04861, 'loss': 8.12630225, 'lr': 0, 'params': 276757, 'time_iter': 0.00486, 'accuracy': 0.06667, 'f1': 0.03663, 'auc': 0.65665}
> Epoch 144: took 2.0s (avg 2.1s) | Best so far: epoch 111	train_loss: 0.3737 train_accuracy: 0.8719	val_loss: 3.0802 val_accuracy: 0.3667	test_loss: 5.0514 test_accuracy: 0.1651	F1: 0.1287 Prec: 0.1586 Rec: 0.1651
train: {'epoch': 145, 'time_epoch': 1.65782, 'eta': 194.9199, 'eta_hours': 0.05414, 'loss': 0.28331298, 'lr': 0.00037566, 'params': 276757, 'time_iter': 0.00931, 'accuracy': 0.90484, 'f1': 0.90476, 'auc': 0.99773}
val: {'epoch': 145, 'time_epoch': 0.06777, 'loss': 3.53982165, 'lr': 0, 'params': 276757, 'time_iter': 0.00484, 'accuracy': 0.35238, 'f1': 0.28153, 'auc': 0.88383}
test: {'epoch': 145, 'time_epoch': 0.05091, 'loss': 4.82834221, 'lr': 0, 'params': 276757, 'time_iter': 0.00509, 'accuracy': 0.17143, 'f1': 0.15693, 'auc': 0.72935}
> Epoch 145: took 1.8s (avg 2.1s) | Best so far: epoch 111	train_loss: 0.3737 train_accuracy: 0.8719	val_loss: 3.0802 val_accuracy: 0.3667	test_loss: 5.0514 test_accuracy: 0.1651	F1: 0.1287 Prec: 0.1586 Rec: 0.1651
train: {'epoch': 146, 'time_epoch': 1.80366, 'eta': 192.99622, 'eta_hours': 0.05361, 'loss': 0.28986863, 'lr': 0.00036958, 'params': 276757, 'time_iter': 0.01013, 'accuracy': 0.90396, 'f1': 0.9039, 'auc': 0.9977}
val: {'epoch': 146, 'time_epoch': 0.06272, 'loss': 4.27120505, 'lr': 0, 'params': 276757, 'time_iter': 0.00448, 'accuracy': 0.34286, 'f1': 0.27083, 'auc': 0.86596}
test: {'epoch': 146, 'time_epoch': 0.05892, 'loss': 5.15375215, 'lr': 0, 'params': 276757, 'time_iter': 0.00589, 'accuracy': 0.14921, 'f1': 0.12909, 'auc': 0.72453}
> Epoch 146: took 2.0s (avg 2.1s) | Best so far: epoch 111	train_loss: 0.3737 train_accuracy: 0.8719	val_loss: 3.0802 val_accuracy: 0.3667	test_loss: 5.0514 test_accuracy: 0.1651	F1: 0.1287 Prec: 0.1586 Rec: 0.1651
train: {'epoch': 147, 'time_epoch': 1.77508, 'eta': 191.05447, 'eta_hours': 0.05307, 'loss': 0.27489186, 'lr': 0.00036352, 'params': 276757, 'time_iter': 0.00997, 'accuracy': 0.90519, 'f1': 0.90518, 'auc': 0.99799}
val: {'epoch': 147, 'time_epoch': 0.07448, 'loss': 4.33069684, 'lr': 0, 'params': 276757, 'time_iter': 0.00532, 'accuracy': 0.35952, 'f1': 0.29128, 'auc': 0.86507}
test: {'epoch': 147, 'time_epoch': 0.05932, 'loss': 6.80767477, 'lr': 0, 'params': 276757, 'time_iter': 0.00593, 'accuracy': 0.09524, 'f1': 0.05035, 'auc': 0.6937}
> Epoch 147: took 2.0s (avg 2.1s) | Best so far: epoch 111	train_loss: 0.3737 train_accuracy: 0.8719	val_loss: 3.0802 val_accuracy: 0.3667	test_loss: 5.0514 test_accuracy: 0.1651	F1: 0.1287 Prec: 0.1586 Rec: 0.1651
train: {'epoch': 148, 'time_epoch': 1.68656, 'eta': 189.05496, 'eta_hours': 0.05252, 'loss': 0.28035531, 'lr': 0.00035749, 'params': 276757, 'time_iter': 0.00948, 'accuracy': 0.90836, 'f1': 0.90827, 'auc': 0.99774}
val: {'epoch': 148, 'time_epoch': 0.08916, 'loss': 3.66189985, 'lr': 0, 'params': 276757, 'time_iter': 0.00637, 'accuracy': 0.36667, 'f1': 0.29602, 'auc': 0.8839}
test: {'epoch': 148, 'time_epoch': 0.04771, 'loss': 4.76116374, 'lr': 0, 'params': 276757, 'time_iter': 0.00477, 'accuracy': 0.14286, 'f1': 0.11048, 'auc': 0.73033}
> Epoch 148: took 1.9s (avg 2.1s) | Best so far: epoch 111	train_loss: 0.3737 train_accuracy: 0.8719	val_loss: 3.0802 val_accuracy: 0.3667	test_loss: 5.0514 test_accuracy: 0.1651	F1: 0.1287 Prec: 0.1586 Rec: 0.1651
train: {'epoch': 149, 'time_epoch': 1.76151, 'eta': 187.10958, 'eta_hours': 0.05197, 'loss': 0.28624174, 'lr': 0.00035148, 'params': 276757, 'time_iter': 0.0099, 'accuracy': 0.90202, 'f1': 0.902, 'auc': 0.99774}
val: {'epoch': 149, 'time_epoch': 0.06687, 'loss': 3.1712142, 'lr': 0, 'params': 276757, 'time_iter': 0.00478, 'accuracy': 0.37619, 'f1': 0.32131, 'auc': 0.90092}
test: {'epoch': 149, 'time_epoch': 0.05168, 'loss': 4.61746754, 'lr': 0, 'params': 276757, 'time_iter': 0.00517, 'accuracy': 0.13968, 'f1': 0.11591, 'auc': 0.74179}
[*] Confusion Matrix saved to: results_lopo_none/SS_3m\Conf\confusion_matrix_epoch_149.png
> Epoch 149: took 2.0s (avg 2.1s) | Best so far: epoch 149	train_loss: 0.2862 train_accuracy: 0.9020	val_loss: 3.1712 val_accuracy: 0.3762	test_loss: 4.6175 test_accuracy: 0.1397	F1: 0.1159 Prec: 0.1221 Rec: 0.1397
train: {'epoch': 150, 'time_epoch': 1.67573, 'eta': 185.11039, 'eta_hours': 0.05142, 'loss': 0.26594387, 'lr': 0.00034549, 'params': 276757, 'time_iter': 0.00941, 'accuracy': 0.90976, 'f1': 0.90975, 'auc': 0.9981}
val: {'epoch': 150, 'time_epoch': 0.06808, 'loss': 4.43745394, 'lr': 0, 'params': 276757, 'time_iter': 0.00486, 'accuracy': 0.27381, 'f1': 0.21378, 'auc': 0.85649}
test: {'epoch': 150, 'time_epoch': 0.04147, 'loss': 6.43404231, 'lr': 0, 'params': 276757, 'time_iter': 0.00415, 'accuracy': 0.07302, 'f1': 0.05992, 'auc': 0.65868}
> Epoch 150: took 1.9s (avg 2.1s) | Best so far: epoch 149	train_loss: 0.2862 train_accuracy: 0.9020	val_loss: 3.1712 val_accuracy: 0.3762	test_loss: 4.6175 test_accuracy: 0.1397	F1: 0.1159 Prec: 0.1221 Rec: 0.1397
train: {'epoch': 151, 'time_epoch': 1.64045, 'eta': 183.09272, 'eta_hours': 0.05086, 'loss': 0.3005059, 'lr': 0.00033953, 'params': 276757, 'time_iter': 0.00922, 'accuracy': 0.90044, 'f1': 0.90041, 'auc': 0.99747}
val: {'epoch': 151, 'time_epoch': 0.07557, 'loss': 3.4289274, 'lr': 0, 'params': 276757, 'time_iter': 0.0054, 'accuracy': 0.40476, 'f1': 0.35158, 'auc': 0.89469}
test: {'epoch': 151, 'time_epoch': 0.04969, 'loss': 4.88689788, 'lr': 0, 'params': 276757, 'time_iter': 0.00497, 'accuracy': 0.14286, 'f1': 0.12384, 'auc': 0.73969}
[*] Confusion Matrix saved to: results_lopo_none/SS_3m\Conf\confusion_matrix_epoch_151.png
> Epoch 151: took 1.8s (avg 2.1s) | Best so far: epoch 151	train_loss: 0.3005 train_accuracy: 0.9004	val_loss: 3.4289 val_accuracy: 0.4048	test_loss: 4.8869 test_accuracy: 0.1429	F1: 0.1238 Prec: 0.1446 Rec: 0.1429
train: {'epoch': 152, 'time_epoch': 1.69444, 'eta': 181.1142, 'eta_hours': 0.05031, 'loss': 0.25922201, 'lr': 0.00033359, 'params': 276757, 'time_iter': 0.00952, 'accuracy': 0.91522, 'f1': 0.91519, 'auc': 0.99811}
val: {'epoch': 152, 'time_epoch': 0.06532, 'loss': 3.19085068, 'lr': 0, 'params': 276757, 'time_iter': 0.00467, 'accuracy': 0.39762, 'f1': 0.35347, 'auc': 0.88595}
test: {'epoch': 152, 'time_epoch': 0.0473, 'loss': 5.93028498, 'lr': 0, 'params': 276757, 'time_iter': 0.00473, 'accuracy': 0.12381, 'f1': 0.10312, 'auc': 0.69092}
> Epoch 152: took 1.9s (avg 2.1s) | Best so far: epoch 151	train_loss: 0.3005 train_accuracy: 0.9004	val_loss: 3.4289 val_accuracy: 0.4048	test_loss: 4.8869 test_accuracy: 0.1429	F1: 0.1238 Prec: 0.1446 Rec: 0.1429
train: {'epoch': 153, 'time_epoch': 1.80213, 'eta': 179.20651, 'eta_hours': 0.04978, 'loss': 0.27492744, 'lr': 0.00032768, 'params': 276757, 'time_iter': 0.01012, 'accuracy': 0.90959, 'f1': 0.90956, 'auc': 0.99789}
val: {'epoch': 153, 'time_epoch': 0.0827, 'loss': 4.11368703, 'lr': 0, 'params': 276757, 'time_iter': 0.00591, 'accuracy': 0.35, 'f1': 0.27709, 'auc': 0.87201}
test: {'epoch': 153, 'time_epoch': 0.04517, 'loss': 7.19680367, 'lr': 0, 'params': 276757, 'time_iter': 0.00452, 'accuracy': 0.08571, 'f1': 0.03623, 'auc': 0.67287}
> Epoch 153: took 2.0s (avg 2.1s) | Best so far: epoch 151	train_loss: 0.3005 train_accuracy: 0.9004	val_loss: 3.4289 val_accuracy: 0.4048	test_loss: 4.8869 test_accuracy: 0.1429	F1: 0.1238 Prec: 0.1446 Rec: 0.1429
train: {'epoch': 154, 'time_epoch': 1.84927, 'eta': 177.32908, 'eta_hours': 0.04926, 'loss': 0.27382995, 'lr': 0.00032179, 'params': 276757, 'time_iter': 0.01039, 'accuracy': 0.91082, 'f1': 0.91082, 'auc': 0.99791}
val: {'epoch': 154, 'time_epoch': 0.06963, 'loss': 4.07272427, 'lr': 0, 'params': 276757, 'time_iter': 0.00497, 'accuracy': 0.30952, 'f1': 0.26323, 'auc': 0.87218}
test: {'epoch': 154, 'time_epoch': 0.08038, 'loss': 5.99396717, 'lr': 0, 'params': 276757, 'time_iter': 0.00804, 'accuracy': 0.13651, 'f1': 0.09325, 'auc': 0.6864}
> Epoch 154: took 2.1s (avg 2.1s) | Best so far: epoch 151	train_loss: 0.3005 train_accuracy: 0.9004	val_loss: 3.4289 val_accuracy: 0.4048	test_loss: 4.8869 test_accuracy: 0.1429	F1: 0.1238 Prec: 0.1446 Rec: 0.1429
train: {'epoch': 155, 'time_epoch': 1.85278, 'eta': 175.45411, 'eta_hours': 0.04874, 'loss': 0.27097523, 'lr': 0.00031594, 'params': 276757, 'time_iter': 0.01041, 'accuracy': 0.91416, 'f1': 0.91416, 'auc': 0.99787}
val: {'epoch': 155, 'time_epoch': 0.06954, 'loss': 3.32635584, 'lr': 0, 'params': 276757, 'time_iter': 0.00497, 'accuracy': 0.39524, 'f1': 0.34607, 'auc': 0.89105}
test: {'epoch': 155, 'time_epoch': 0.06412, 'loss': 4.7876304, 'lr': 0, 'params': 276757, 'time_iter': 0.00641, 'accuracy': 0.16508, 'f1': 0.12926, 'auc': 0.74532}
> Epoch 155: took 2.1s (avg 2.1s) | Best so far: epoch 151	train_loss: 0.3005 train_accuracy: 0.9004	val_loss: 3.4289 val_accuracy: 0.4048	test_loss: 4.8869 test_accuracy: 0.1429	F1: 0.1238 Prec: 0.1446 Rec: 0.1429
train: {'epoch': 156, 'time_epoch': 1.67861, 'eta': 173.47626, 'eta_hours': 0.04819, 'loss': 0.26842068, 'lr': 0.00031011, 'params': 276757, 'time_iter': 0.00943, 'accuracy': 0.91346, 'f1': 0.9134, 'auc': 0.99788}
val: {'epoch': 156, 'time_epoch': 0.07034, 'loss': 2.74225061, 'lr': 0, 'params': 276757, 'time_iter': 0.00502, 'accuracy': 0.4, 'f1': 0.36018, 'auc': 0.89497}
test: {'epoch': 156, 'time_epoch': 0.04786, 'loss': 5.62185098, 'lr': 0, 'params': 276757, 'time_iter': 0.00479, 'accuracy': 0.10794, 'f1': 0.09132, 'auc': 0.72678}
> Epoch 156: took 1.9s (avg 2.1s) | Best so far: epoch 151	train_loss: 0.3005 train_accuracy: 0.9004	val_loss: 3.4289 val_accuracy: 0.4048	test_loss: 4.8869 test_accuracy: 0.1429	F1: 0.1238 Prec: 0.1446 Rec: 0.1429
train: {'epoch': 157, 'time_epoch': 1.90194, 'eta': 171.63224, 'eta_hours': 0.04768, 'loss': 0.25054343, 'lr': 0.00030431, 'params': 276757, 'time_iter': 0.01069, 'accuracy': 0.9168, 'f1': 0.91681, 'auc': 0.99826}
val: {'epoch': 157, 'time_epoch': 0.0702, 'loss': 4.59265306, 'lr': 0, 'params': 276757, 'time_iter': 0.00501, 'accuracy': 0.31905, 'f1': 0.24561, 'auc': 0.86475}
test: {'epoch': 157, 'time_epoch': 0.04782, 'loss': 6.73406128, 'lr': 0, 'params': 276757, 'time_iter': 0.00478, 'accuracy': 0.10159, 'f1': 0.05043, 'auc': 0.66199}
> Epoch 157: took 2.1s (avg 2.1s) | Best so far: epoch 151	train_loss: 0.3005 train_accuracy: 0.9004	val_loss: 3.4289 val_accuracy: 0.4048	test_loss: 4.8869 test_accuracy: 0.1429	F1: 0.1238 Prec: 0.1446 Rec: 0.1429
train: {'epoch': 158, 'time_epoch': 1.92393, 'eta': 169.80008, 'eta_hours': 0.04717, 'loss': 0.25667014, 'lr': 0.00029855, 'params': 276757, 'time_iter': 0.01081, 'accuracy': 0.91627, 'f1': 0.91625, 'auc': 0.9982}
val: {'epoch': 158, 'time_epoch': 0.06568, 'loss': 2.80091645, 'lr': 0, 'params': 276757, 'time_iter': 0.00469, 'accuracy': 0.40714, 'f1': 0.36722, 'auc': 0.91059}
test: {'epoch': 158, 'time_epoch': 0.05154, 'loss': 4.62359029, 'lr': 0, 'params': 276757, 'time_iter': 0.00515, 'accuracy': 0.14921, 'f1': 0.14196, 'auc': 0.74379}
[*] Confusion Matrix saved to: results_lopo_none/SS_3m\Conf\confusion_matrix_epoch_158.png
> Epoch 158: took 2.1s (avg 2.1s) | Best so far: epoch 158	train_loss: 0.2567 train_accuracy: 0.9163	val_loss: 2.8009 val_accuracy: 0.4071	test_loss: 4.6236 test_accuracy: 0.1492	F1: 0.1420 Prec: 0.1700 Rec: 0.1492
train: {'epoch': 159, 'time_epoch': 2.20959, 'eta': 168.12745, 'eta_hours': 0.0467, 'loss': 0.25918684, 'lr': 0.00029281, 'params': 276757, 'time_iter': 0.01241, 'accuracy': 0.91768, 'f1': 0.91765, 'auc': 0.99807}
val: {'epoch': 159, 'time_epoch': 0.0736, 'loss': 3.21527846, 'lr': 0, 'params': 276757, 'time_iter': 0.00526, 'accuracy': 0.37381, 'f1': 0.32426, 'auc': 0.89444}
test: {'epoch': 159, 'time_epoch': 0.04976, 'loss': 5.1831856, 'lr': 0, 'params': 276757, 'time_iter': 0.00498, 'accuracy': 0.14286, 'f1': 0.09858, 'auc': 0.76502}
> Epoch 159: took 2.4s (avg 2.1s) | Best so far: epoch 158	train_loss: 0.2567 train_accuracy: 0.9163	val_loss: 2.8009 val_accuracy: 0.4071	test_loss: 4.6236 test_accuracy: 0.1492	F1: 0.1420 Prec: 0.1700 Rec: 0.1492
train: {'epoch': 160, 'time_epoch': 1.94433, 'eta': 166.30152, 'eta_hours': 0.04619, 'loss': 0.26653831, 'lr': 0.00028711, 'params': 276757, 'time_iter': 0.01092, 'accuracy': 0.9117, 'f1': 0.9116, 'auc': 0.99796}
val: {'epoch': 160, 'time_epoch': 0.08272, 'loss': 3.30195707, 'lr': 0, 'params': 276757, 'time_iter': 0.00591, 'accuracy': 0.39524, 'f1': 0.33593, 'auc': 0.90142}
test: {'epoch': 160, 'time_epoch': 0.05441, 'loss': 5.15109452, 'lr': 0, 'params': 276757, 'time_iter': 0.00544, 'accuracy': 0.12063, 'f1': 0.10458, 'auc': 0.74906}
> Epoch 160: took 2.1s (avg 2.1s) | Best so far: epoch 158	train_loss: 0.2567 train_accuracy: 0.9163	val_loss: 2.8009 val_accuracy: 0.4071	test_loss: 4.6236 test_accuracy: 0.1492	F1: 0.1420 Prec: 0.1700 Rec: 0.1492
train: {'epoch': 161, 'time_epoch': 1.85293, 'eta': 164.42447, 'eta_hours': 0.04567, 'loss': 0.26291138, 'lr': 0.00028144, 'params': 276757, 'time_iter': 0.01041, 'accuracy': 0.91011, 'f1': 0.9101, 'auc': 0.99805}
val: {'epoch': 161, 'time_epoch': 0.08982, 'loss': 3.65449032, 'lr': 0, 'params': 276757, 'time_iter': 0.00642, 'accuracy': 0.39286, 'f1': 0.3383, 'auc': 0.88305}
test: {'epoch': 161, 'time_epoch': 0.05176, 'loss': 5.69562152, 'lr': 0, 'params': 276757, 'time_iter': 0.00518, 'accuracy': 0.12063, 'f1': 0.08929, 'auc': 0.72086}
> Epoch 161: took 2.1s (avg 2.1s) | Best so far: epoch 158	train_loss: 0.2567 train_accuracy: 0.9163	val_loss: 2.8009 val_accuracy: 0.4071	test_loss: 4.6236 test_accuracy: 0.1492	F1: 0.1420 Prec: 0.1700 Rec: 0.1492
train: {'epoch': 162, 'time_epoch': 1.93156, 'eta': 162.58969, 'eta_hours': 0.04516, 'loss': 0.25648474, 'lr': 0.00027581, 'params': 276757, 'time_iter': 0.01085, 'accuracy': 0.91416, 'f1': 0.91416, 'auc': 0.9981}
val: {'epoch': 162, 'time_epoch': 0.06948, 'loss': 3.24879007, 'lr': 0, 'params': 276757, 'time_iter': 0.00496, 'accuracy': 0.38095, 'f1': 0.33549, 'auc': 0.8927}
test: {'epoch': 162, 'time_epoch': 0.05517, 'loss': 5.65857919, 'lr': 0, 'params': 276757, 'time_iter': 0.00552, 'accuracy': 0.15556, 'f1': 0.11769, 'auc': 0.74171}
> Epoch 162: took 2.1s (avg 2.1s) | Best so far: epoch 158	train_loss: 0.2567 train_accuracy: 0.9163	val_loss: 2.8009 val_accuracy: 0.4071	test_loss: 4.6236 test_accuracy: 0.1492	F1: 0.1420 Prec: 0.1700 Rec: 0.1492
train: {'epoch': 163, 'time_epoch': 1.89345, 'eta': 160.73374, 'eta_hours': 0.04465, 'loss': 0.2358676, 'lr': 0.00027021, 'params': 276757, 'time_iter': 0.01064, 'accuracy': 0.92331, 'f1': 0.92322, 'auc': 0.99844}
val: {'epoch': 163, 'time_epoch': 0.12314, 'loss': 5.10880184, 'lr': 0, 'params': 276757, 'time_iter': 0.0088, 'accuracy': 0.2881, 'f1': 0.21735, 'auc': 0.85773}
test: {'epoch': 163, 'time_epoch': 0.09978, 'loss': 8.31981146, 'lr': 0, 'params': 276757, 'time_iter': 0.00998, 'accuracy': 0.08254, 'f1': 0.03811, 'auc': 0.6645}
> Epoch 163: took 2.3s (avg 2.1s) | Best so far: epoch 158	train_loss: 0.2567 train_accuracy: 0.9163	val_loss: 2.8009 val_accuracy: 0.4071	test_loss: 4.6236 test_accuracy: 0.1492	F1: 0.1420 Prec: 0.1700 Rec: 0.1492
train: {'epoch': 164, 'time_epoch': 1.97448, 'eta': 158.91909, 'eta_hours': 0.04414, 'loss': 0.23832339, 'lr': 0.00026465, 'params': 276757, 'time_iter': 0.01109, 'accuracy': 0.92489, 'f1': 0.92489, 'auc': 0.99834}
val: {'epoch': 164, 'time_epoch': 0.0743, 'loss': 3.00869268, 'lr': 0, 'params': 276757, 'time_iter': 0.00531, 'accuracy': 0.40952, 'f1': 0.36505, 'auc': 0.90868}
test: {'epoch': 164, 'time_epoch': 0.0492, 'loss': 4.82575792, 'lr': 0, 'params': 276757, 'time_iter': 0.00492, 'accuracy': 0.15873, 'f1': 0.12848, 'auc': 0.7699}
[*] Confusion Matrix saved to: results_lopo_none/SS_3m\Conf\confusion_matrix_epoch_164.png
> Epoch 164: took 2.2s (avg 2.1s) | Best so far: epoch 164	train_loss: 0.2383 train_accuracy: 0.9249	val_loss: 3.0087 val_accuracy: 0.4095	test_loss: 4.8258 test_accuracy: 0.1587	F1: 0.1285 Prec: 0.1512 Rec: 0.1587
train: {'epoch': 165, 'time_epoch': 1.82737, 'eta': 157.02806, 'eta_hours': 0.04362, 'loss': 0.25105229, 'lr': 0.00025912, 'params': 276757, 'time_iter': 0.01027, 'accuracy': 0.91486, 'f1': 0.91483, 'auc': 0.99825}
val: {'epoch': 165, 'time_epoch': 0.06959, 'loss': 4.36894629, 'lr': 0, 'params': 276757, 'time_iter': 0.00497, 'accuracy': 0.32857, 'f1': 0.26389, 'auc': 0.85427}
test: {'epoch': 165, 'time_epoch': 0.04193, 'loss': 6.82370691, 'lr': 0, 'params': 276757, 'time_iter': 0.00419, 'accuracy': 0.10476, 'f1': 0.06255, 'auc': 0.68368}
> Epoch 165: took 2.0s (avg 2.1s) | Best so far: epoch 164	train_loss: 0.2383 train_accuracy: 0.9249	val_loss: 3.0087 val_accuracy: 0.4095	test_loss: 4.8258 test_accuracy: 0.1587	F1: 0.1285 Prec: 0.1512 Rec: 0.1587
train: {'epoch': 166, 'time_epoch': 1.74865, 'eta': 155.09868, 'eta_hours': 0.04308, 'loss': 0.22455093, 'lr': 0.00025364, 'params': 276757, 'time_iter': 0.00982, 'accuracy': 0.92946, 'f1': 0.92946, 'auc': 0.99855}
val: {'epoch': 166, 'time_epoch': 0.10958, 'loss': 2.88584885, 'lr': 0, 'params': 276757, 'time_iter': 0.00783, 'accuracy': 0.43333, 'f1': 0.3949, 'auc': 0.90179}
test: {'epoch': 166, 'time_epoch': 0.0562, 'loss': 4.75379819, 'lr': 0, 'params': 276757, 'time_iter': 0.00562, 'accuracy': 0.15556, 'f1': 0.12627, 'auc': 0.77039}
[*] Confusion Matrix saved to: results_lopo_none/SS_3m\Conf\confusion_matrix_epoch_166.png
> Epoch 166: took 2.0s (avg 2.1s) | Best so far: epoch 166	train_loss: 0.2246 train_accuracy: 0.9295	val_loss: 2.8858 val_accuracy: 0.4333	test_loss: 4.7538 test_accuracy: 0.1556	F1: 0.1263 Prec: 0.1356 Rec: 0.1556
train: {'epoch': 167, 'time_epoch': 1.89363, 'eta': 153.24221, 'eta_hours': 0.04257, 'loss': 0.23015286, 'lr': 0.00024819, 'params': 276757, 'time_iter': 0.01064, 'accuracy': 0.92665, 'f1': 0.92667, 'auc': 0.9985}
val: {'epoch': 167, 'time_epoch': 0.08991, 'loss': 3.57843128, 'lr': 0, 'params': 276757, 'time_iter': 0.00642, 'accuracy': 0.37857, 'f1': 0.31375, 'auc': 0.88905}
test: {'epoch': 167, 'time_epoch': 0.05847, 'loss': 5.76229142, 'lr': 0, 'params': 276757, 'time_iter': 0.00585, 'accuracy': 0.10794, 'f1': 0.07682, 'auc': 0.71114}
> Epoch 167: took 2.1s (avg 2.1s) | Best so far: epoch 166	train_loss: 0.2246 train_accuracy: 0.9295	val_loss: 2.8858 val_accuracy: 0.4333	test_loss: 4.7538 test_accuracy: 0.1556	F1: 0.1263 Prec: 0.1356 Rec: 0.1556
train: {'epoch': 168, 'time_epoch': 1.8506, 'eta': 151.36467, 'eta_hours': 0.04205, 'loss': 0.24569895, 'lr': 0.00024278, 'params': 276757, 'time_iter': 0.0104, 'accuracy': 0.92155, 'f1': 0.92152, 'auc': 0.99824}
val: {'epoch': 168, 'time_epoch': 0.07429, 'loss': 2.65349804, 'lr': 0, 'params': 276757, 'time_iter': 0.00531, 'accuracy': 0.45952, 'f1': 0.43318, 'auc': 0.91214}
test: {'epoch': 168, 'time_epoch': 0.08775, 'loss': 4.79858271, 'lr': 0, 'params': 276757, 'time_iter': 0.00878, 'accuracy': 0.17778, 'f1': 0.13864, 'auc': 0.7758}
[*] Confusion Matrix saved to: results_lopo_none/SS_3m\Conf\confusion_matrix_epoch_168.png
> Epoch 168: took 2.1s (avg 2.1s) | Best so far: epoch 168	train_loss: 0.2457 train_accuracy: 0.9215	val_loss: 2.6535 val_accuracy: 0.4595	test_loss: 4.7986 test_accuracy: 0.1778	F1: 0.1386 Prec: 0.1320 Rec: 0.1778
train: {'epoch': 169, 'time_epoch': 2.07545, 'eta': 149.59327, 'eta_hours': 0.04155, 'loss': 0.23223835, 'lr': 0.00023741, 'params': 276757, 'time_iter': 0.01166, 'accuracy': 0.92454, 'f1': 0.92446, 'auc': 0.99846}
val: {'epoch': 169, 'time_epoch': 0.09987, 'loss': 2.63264853, 'lr': 0, 'params': 276757, 'time_iter': 0.00713, 'accuracy': 0.48571, 'f1': 0.45421, 'auc': 0.91484}
test: {'epoch': 169, 'time_epoch': 0.06756, 'loss': 4.91676539, 'lr': 0, 'params': 276757, 'time_iter': 0.00676, 'accuracy': 0.15556, 'f1': 0.1266, 'auc': 0.75662}
[*] Confusion Matrix saved to: results_lopo_none/SS_3m\Conf\confusion_matrix_epoch_169.png
> Epoch 169: took 2.3s (avg 2.1s) | Best so far: epoch 169	train_loss: 0.2322 train_accuracy: 0.9245	val_loss: 2.6326 val_accuracy: 0.4857	test_loss: 4.9168 test_accuracy: 0.1556	F1: 0.1266 Prec: 0.1282 Rec: 0.1556
train: {'epoch': 170, 'time_epoch': 1.73819, 'eta': 147.6625, 'eta_hours': 0.04102, 'loss': 0.22031265, 'lr': 0.00023209, 'params': 276757, 'time_iter': 0.00977, 'accuracy': 0.92542, 'f1': 0.92534, 'auc': 0.99873}
val: {'epoch': 170, 'time_epoch': 0.09019, 'loss': 4.66538476, 'lr': 0, 'params': 276757, 'time_iter': 0.00644, 'accuracy': 0.32381, 'f1': 0.25386, 'auc': 0.86792}
test: {'epoch': 170, 'time_epoch': 0.07182, 'loss': 6.72042632, 'lr': 0, 'params': 276757, 'time_iter': 0.00718, 'accuracy': 0.08571, 'f1': 0.05652, 'auc': 0.67789}
> Epoch 170: took 2.0s (avg 2.1s) | Best so far: epoch 169	train_loss: 0.2322 train_accuracy: 0.9245	val_loss: 2.6326 val_accuracy: 0.4857	test_loss: 4.9168 test_accuracy: 0.1556	F1: 0.1266 Prec: 0.1282 Rec: 0.1556
train: {'epoch': 171, 'time_epoch': 1.77615, 'eta': 145.75118, 'eta_hours': 0.04049, 'loss': 0.24826683, 'lr': 0.0002268, 'params': 276757, 'time_iter': 0.00998, 'accuracy': 0.91733, 'f1': 0.91732, 'auc': 0.99832}
val: {'epoch': 171, 'time_epoch': 0.07649, 'loss': 3.64622466, 'lr': 0, 'params': 276757, 'time_iter': 0.00546, 'accuracy': 0.34048, 'f1': 0.29404, 'auc': 0.87858}
test: {'epoch': 171, 'time_epoch': 0.07264, 'loss': 6.55168815, 'lr': 0, 'params': 276757, 'time_iter': 0.00726, 'accuracy': 0.11429, 'f1': 0.08593, 'auc': 0.69407}
> Epoch 171: took 2.0s (avg 2.1s) | Best so far: epoch 169	train_loss: 0.2322 train_accuracy: 0.9245	val_loss: 2.6326 val_accuracy: 0.4857	test_loss: 4.9168 test_accuracy: 0.1556	F1: 0.1266 Prec: 0.1282 Rec: 0.1556
train: {'epoch': 172, 'time_epoch': 1.78122, 'eta': 143.84368, 'eta_hours': 0.03996, 'loss': 0.24775276, 'lr': 0.00022156, 'params': 276757, 'time_iter': 0.01001, 'accuracy': 0.91856, 'f1': 0.91855, 'auc': 0.99833}
val: {'epoch': 172, 'time_epoch': 0.06979, 'loss': 2.63462191, 'lr': 0, 'params': 276757, 'time_iter': 0.00498, 'accuracy': 0.41429, 'f1': 0.37697, 'auc': 0.91195}
test: {'epoch': 172, 'time_epoch': 0.04599, 'loss': 4.29653581, 'lr': 0, 'params': 276757, 'time_iter': 0.0046, 'accuracy': 0.14921, 'f1': 0.13153, 'auc': 0.77374}
> Epoch 172: took 2.0s (avg 2.1s) | Best so far: epoch 169	train_loss: 0.2322 train_accuracy: 0.9245	val_loss: 2.6326 val_accuracy: 0.4857	test_loss: 4.9168 test_accuracy: 0.1556	F1: 0.1266 Prec: 0.1282 Rec: 0.1556
train: {'epoch': 173, 'time_epoch': 1.78209, 'eta': 141.93801, 'eta_hours': 0.03943, 'loss': 0.23638023, 'lr': 0.00021637, 'params': 276757, 'time_iter': 0.01001, 'accuracy': 0.92014, 'f1': 0.92007, 'auc': 0.99845}
val: {'epoch': 173, 'time_epoch': 0.0705, 'loss': 2.78351832, 'lr': 0, 'params': 276757, 'time_iter': 0.00504, 'accuracy': 0.45476, 'f1': 0.41723, 'auc': 0.90929}
test: {'epoch': 173, 'time_epoch': 0.07794, 'loss': 4.76906626, 'lr': 0, 'params': 276757, 'time_iter': 0.00779, 'accuracy': 0.18413, 'f1': 0.15241, 'auc': 0.75553}
> Epoch 173: took 2.0s (avg 2.1s) | Best so far: epoch 169	train_loss: 0.2322 train_accuracy: 0.9245	val_loss: 2.6326 val_accuracy: 0.4857	test_loss: 4.9168 test_accuracy: 0.1556	F1: 0.1266 Prec: 0.1282 Rec: 0.1556
train: {'epoch': 174, 'time_epoch': 1.93401, 'eta': 140.09887, 'eta_hours': 0.03892, 'loss': 0.23926705, 'lr': 0.00021121, 'params': 276757, 'time_iter': 0.01087, 'accuracy': 0.92049, 'f1': 0.92049, 'auc': 0.99844}
val: {'epoch': 174, 'time_epoch': 0.11275, 'loss': 3.14978341, 'lr': 0, 'params': 276757, 'time_iter': 0.00805, 'accuracy': 0.40714, 'f1': 0.33844, 'auc': 0.89385}
test: {'epoch': 174, 'time_epoch': 0.08067, 'loss': 5.73880828, 'lr': 0, 'params': 276757, 'time_iter': 0.00807, 'accuracy': 0.12063, 'f1': 0.1011, 'auc': 0.72133}
> Epoch 174: took 2.2s (avg 2.1s) | Best so far: epoch 169	train_loss: 0.2322 train_accuracy: 0.9245	val_loss: 2.6326 val_accuracy: 0.4857	test_loss: 4.9168 test_accuracy: 0.1556	F1: 0.1266 Prec: 0.1282 Rec: 0.1556
train: {'epoch': 175, 'time_epoch': 1.93346, 'eta': 138.25841, 'eta_hours': 0.03841, 'loss': 0.2189775, 'lr': 0.00020611, 'params': 276757, 'time_iter': 0.01086, 'accuracy': 0.93157, 'f1': 0.93152, 'auc': 0.99867}
val: {'epoch': 175, 'time_epoch': 0.09878, 'loss': 2.4215789, 'lr': 0, 'params': 276757, 'time_iter': 0.00706, 'accuracy': 0.49524, 'f1': 0.45929, 'auc': 0.923}
test: {'epoch': 175, 'time_epoch': 0.05543, 'loss': 5.37332905, 'lr': 0, 'params': 276757, 'time_iter': 0.00554, 'accuracy': 0.16508, 'f1': 0.13504, 'auc': 0.75616}
[*] Confusion Matrix saved to: results_lopo_none/SS_3m\Conf\confusion_matrix_epoch_175.png
> Epoch 175: took 2.2s (avg 2.1s) | Best so far: epoch 175	train_loss: 0.2190 train_accuracy: 0.9316	val_loss: 2.4216 val_accuracy: 0.4952	test_loss: 5.3733 test_accuracy: 0.1651	F1: 0.1350 Prec: 0.1797 Rec: 0.1651
train: {'epoch': 176, 'time_epoch': 2.17202, 'eta': 136.51529, 'eta_hours': 0.03792, 'loss': 0.22617102, 'lr': 0.00020105, 'params': 276757, 'time_iter': 0.0122, 'accuracy': 0.92735, 'f1': 0.92734, 'auc': 0.99848}
val: {'epoch': 176, 'time_epoch': 0.0824, 'loss': 2.21364883, 'lr': 0, 'params': 276757, 'time_iter': 0.00589, 'accuracy': 0.50714, 'f1': 0.48253, 'auc': 0.93173}
test: {'epoch': 176, 'time_epoch': 0.05821, 'loss': 4.91268361, 'lr': 0, 'params': 276757, 'time_iter': 0.00582, 'accuracy': 0.19365, 'f1': 0.17583, 'auc': 0.772}
[*] Confusion Matrix saved to: results_lopo_none/SS_3m\Conf\confusion_matrix_epoch_176.png
> Epoch 176: took 2.4s (avg 2.1s) | Best so far: epoch 176	train_loss: 0.2262 train_accuracy: 0.9274	val_loss: 2.2136 val_accuracy: 0.5071	test_loss: 4.9127 test_accuracy: 0.1936	F1: 0.1758 Prec: 0.2280 Rec: 0.1937
train: {'epoch': 177, 'time_epoch': 1.87509, 'eta': 134.64725, 'eta_hours': 0.0374, 'loss': 0.21756494, 'lr': 0.00019603, 'params': 276757, 'time_iter': 0.01053, 'accuracy': 0.92858, 'f1': 0.92859, 'auc': 0.99872}
val: {'epoch': 177, 'time_epoch': 0.06913, 'loss': 2.36852364, 'lr': 0, 'params': 276757, 'time_iter': 0.00494, 'accuracy': 0.49286, 'f1': 0.46517, 'auc': 0.92663}
test: {'epoch': 177, 'time_epoch': 0.04972, 'loss': 5.00481202, 'lr': 0, 'params': 276757, 'time_iter': 0.00497, 'accuracy': 0.18095, 'f1': 0.16551, 'auc': 0.76923}
> Epoch 177: took 2.1s (avg 2.1s) | Best so far: epoch 176	train_loss: 0.2262 train_accuracy: 0.9274	val_loss: 2.2136 val_accuracy: 0.5071	test_loss: 4.9127 test_accuracy: 0.1936	F1: 0.1758 Prec: 0.2280 Rec: 0.1937
train: {'epoch': 178, 'time_epoch': 1.91612, 'eta': 132.7954, 'eta_hours': 0.03689, 'loss': 0.21297582, 'lr': 0.00019107, 'params': 276757, 'time_iter': 0.01076, 'accuracy': 0.92595, 'f1': 0.92598, 'auc': 0.99877}
val: {'epoch': 178, 'time_epoch': 0.06887, 'loss': 3.00476591, 'lr': 0, 'params': 276757, 'time_iter': 0.00492, 'accuracy': 0.4119, 'f1': 0.37088, 'auc': 0.90902}
test: {'epoch': 178, 'time_epoch': 0.05314, 'loss': 4.16461368, 'lr': 0, 'params': 276757, 'time_iter': 0.00531, 'accuracy': 0.20317, 'f1': 0.18527, 'auc': 0.78068}
> Epoch 178: took 2.1s (avg 2.1s) | Best so far: epoch 176	train_loss: 0.2262 train_accuracy: 0.9274	val_loss: 2.2136 val_accuracy: 0.5071	test_loss: 4.9127 test_accuracy: 0.1936	F1: 0.1758 Prec: 0.2280 Rec: 0.1937
train: {'epoch': 179, 'time_epoch': 1.89247, 'eta': 130.93364, 'eta_hours': 0.03637, 'loss': 0.21471465, 'lr': 0.00018615, 'params': 276757, 'time_iter': 0.01063, 'accuracy': 0.93157, 'f1': 0.93155, 'auc': 0.99863}
val: {'epoch': 179, 'time_epoch': 0.06475, 'loss': 2.78671396, 'lr': 0, 'params': 276757, 'time_iter': 0.00462, 'accuracy': 0.44762, 'f1': 0.40903, 'auc': 0.9139}
test: {'epoch': 179, 'time_epoch': 0.04775, 'loss': 4.38474903, 'lr': 0, 'params': 276757, 'time_iter': 0.00477, 'accuracy': 0.23175, 'f1': 0.19812, 'auc': 0.77985}
> Epoch 179: took 2.1s (avg 2.1s) | Best so far: epoch 176	train_loss: 0.2262 train_accuracy: 0.9274	val_loss: 2.2136 val_accuracy: 0.5071	test_loss: 4.9127 test_accuracy: 0.1936	F1: 0.1758 Prec: 0.2280 Rec: 0.1937
train: {'epoch': 180, 'time_epoch': 1.68122, 'eta': 128.99101, 'eta_hours': 0.03583, 'loss': 0.21426238, 'lr': 0.00018129, 'params': 276757, 'time_iter': 0.00945, 'accuracy': 0.93333, 'f1': 0.9333, 'auc': 0.99872}
val: {'epoch': 180, 'time_epoch': 0.08052, 'loss': 2.36478449, 'lr': 0, 'params': 276757, 'time_iter': 0.00575, 'accuracy': 0.50238, 'f1': 0.47131, 'auc': 0.925}
test: {'epoch': 180, 'time_epoch': 0.05373, 'loss': 5.10856976, 'lr': 0, 'params': 276757, 'time_iter': 0.00537, 'accuracy': 0.14603, 'f1': 0.12392, 'auc': 0.75785}
> Epoch 180: took 1.9s (avg 2.1s) | Best so far: epoch 176	train_loss: 0.2262 train_accuracy: 0.9274	val_loss: 2.2136 val_accuracy: 0.5071	test_loss: 4.9127 test_accuracy: 0.1936	F1: 0.1758 Prec: 0.2280 Rec: 0.1937
train: {'epoch': 181, 'time_epoch': 1.88263, 'eta': 127.12651, 'eta_hours': 0.03531, 'loss': 0.22338013, 'lr': 0.00017647, 'params': 276757, 'time_iter': 0.01058, 'accuracy': 0.92735, 'f1': 0.92734, 'auc': 0.99856}
val: {'epoch': 181, 'time_epoch': 0.0837, 'loss': 3.23525918, 'lr': 0, 'params': 276757, 'time_iter': 0.00598, 'accuracy': 0.4119, 'f1': 0.3676, 'auc': 0.90126}
test: {'epoch': 181, 'time_epoch': 0.06083, 'loss': 4.53496029, 'lr': 0, 'params': 276757, 'time_iter': 0.00608, 'accuracy': 0.16825, 'f1': 0.15806, 'auc': 0.76867}
> Epoch 181: took 2.1s (avg 2.1s) | Best so far: epoch 176	train_loss: 0.2262 train_accuracy: 0.9274	val_loss: 2.2136 val_accuracy: 0.5071	test_loss: 4.9127 test_accuracy: 0.1936	F1: 0.1758 Prec: 0.2280 Rec: 0.1937
train: {'epoch': 182, 'time_epoch': 1.84759, 'eta': 125.24897, 'eta_hours': 0.03479, 'loss': 0.21476099, 'lr': 0.00017171, 'params': 276757, 'time_iter': 0.01038, 'accuracy': 0.92753, 'f1': 0.92752, 'auc': 0.9987}
val: {'epoch': 182, 'time_epoch': 0.07806, 'loss': 2.65034526, 'lr': 0, 'params': 276757, 'time_iter': 0.00558, 'accuracy': 0.4619, 'f1': 0.42204, 'auc': 0.91088}
test: {'epoch': 182, 'time_epoch': 0.04641, 'loss': 5.59212793, 'lr': 0, 'params': 276757, 'time_iter': 0.00464, 'accuracy': 0.15873, 'f1': 0.11368, 'auc': 0.75083}
> Epoch 182: took 2.0s (avg 2.1s) | Best so far: epoch 176	train_loss: 0.2262 train_accuracy: 0.9274	val_loss: 2.2136 val_accuracy: 0.5071	test_loss: 4.9127 test_accuracy: 0.1936	F1: 0.1758 Prec: 0.2280 Rec: 0.1937
train: {'epoch': 183, 'time_epoch': 2.04941, 'eta': 123.44416, 'eta_hours': 0.03429, 'loss': 0.20351337, 'lr': 0.00016699, 'params': 276757, 'time_iter': 0.01151, 'accuracy': 0.93474, 'f1': 0.93469, 'auc': 0.99885}
val: {'epoch': 183, 'time_epoch': 0.0718, 'loss': 2.86724781, 'lr': 0, 'params': 276757, 'time_iter': 0.00513, 'accuracy': 0.40476, 'f1': 0.36765, 'auc': 0.91461}
test: {'epoch': 183, 'time_epoch': 0.05052, 'loss': 4.3077641, 'lr': 0, 'params': 276757, 'time_iter': 0.00505, 'accuracy': 0.19683, 'f1': 0.17967, 'auc': 0.76823}
> Epoch 183: took 2.2s (avg 2.1s) | Best so far: epoch 176	train_loss: 0.2262 train_accuracy: 0.9274	val_loss: 2.2136 val_accuracy: 0.5071	test_loss: 4.9127 test_accuracy: 0.1936	F1: 0.1758 Prec: 0.2280 Rec: 0.1937
train: {'epoch': 184, 'time_epoch': 1.98233, 'eta': 121.61313, 'eta_hours': 0.03378, 'loss': 0.21555021, 'lr': 0.00016233, 'params': 276757, 'time_iter': 0.01114, 'accuracy': 0.93369, 'f1': 0.93366, 'auc': 0.9986}
val: {'epoch': 184, 'time_epoch': 0.06989, 'loss': 2.62788815, 'lr': 0, 'params': 276757, 'time_iter': 0.00499, 'accuracy': 0.4619, 'f1': 0.42397, 'auc': 0.91392}
test: {'epoch': 184, 'time_epoch': 0.05032, 'loss': 4.81706465, 'lr': 0, 'params': 276757, 'time_iter': 0.00503, 'accuracy': 0.19683, 'f1': 0.16204, 'auc': 0.77328}
> Epoch 184: took 2.2s (avg 2.1s) | Best so far: epoch 176	train_loss: 0.2262 train_accuracy: 0.9274	val_loss: 2.2136 val_accuracy: 0.5071	test_loss: 4.9127 test_accuracy: 0.1936	F1: 0.1758 Prec: 0.2280 Rec: 0.1937
train: {'epoch': 185, 'time_epoch': 1.82364, 'eta': 119.72588, 'eta_hours': 0.03326, 'loss': 0.20218245, 'lr': 0.00015773, 'params': 276757, 'time_iter': 0.01025, 'accuracy': 0.93333, 'f1': 0.93337, 'auc': 0.9989}
val: {'epoch': 185, 'time_epoch': 0.06855, 'loss': 2.35466549, 'lr': 0, 'params': 276757, 'time_iter': 0.0049, 'accuracy': 0.50714, 'f1': 0.4719, 'auc': 0.92739}
test: {'epoch': 185, 'time_epoch': 0.0454, 'loss': 4.87654731, 'lr': 0, 'params': 276757, 'time_iter': 0.00454, 'accuracy': 0.20317, 'f1': 0.15993, 'auc': 0.7756}
> Epoch 185: took 2.0s (avg 2.1s) | Best so far: epoch 176	train_loss: 0.2262 train_accuracy: 0.9274	val_loss: 2.2136 val_accuracy: 0.5071	test_loss: 4.9127 test_accuracy: 0.1936	F1: 0.1758 Prec: 0.2280 Rec: 0.1937
train: {'epoch': 186, 'time_epoch': 1.86705, 'eta': 117.85393, 'eta_hours': 0.03274, 'loss': 0.22776181, 'lr': 0.00015317, 'params': 276757, 'time_iter': 0.01049, 'accuracy': 0.92595, 'f1': 0.92594, 'auc': 0.99846}
val: {'epoch': 186, 'time_epoch': 0.0612, 'loss': 2.42932572, 'lr': 0, 'params': 276757, 'time_iter': 0.00437, 'accuracy': 0.46905, 'f1': 0.43823, 'auc': 0.92425}
test: {'epoch': 186, 'time_epoch': 0.07341, 'loss': 4.72318384, 'lr': 0, 'params': 276757, 'time_iter': 0.00734, 'accuracy': 0.16508, 'f1': 0.14207, 'auc': 0.76035}
> Epoch 186: took 2.1s (avg 2.1s) | Best so far: epoch 176	train_loss: 0.2262 train_accuracy: 0.9274	val_loss: 2.2136 val_accuracy: 0.5071	test_loss: 4.9127 test_accuracy: 0.1936	F1: 0.1758 Prec: 0.2280 Rec: 0.1937
train: {'epoch': 187, 'time_epoch': 1.95219, 'eta': 116.0101, 'eta_hours': 0.03223, 'loss': 0.20901812, 'lr': 0.00014868, 'params': 276757, 'time_iter': 0.01097, 'accuracy': 0.9321, 'f1': 0.93207, 'auc': 0.99878}
val: {'epoch': 187, 'time_epoch': 0.07931, 'loss': 2.59193269, 'lr': 0, 'params': 276757, 'time_iter': 0.00566, 'accuracy': 0.45238, 'f1': 0.41051, 'auc': 0.91791}
test: {'epoch': 187, 'time_epoch': 0.05314, 'loss': 5.39557338, 'lr': 0, 'params': 276757, 'time_iter': 0.00531, 'accuracy': 0.19048, 'f1': 0.14666, 'auc': 0.76285}
> Epoch 187: took 2.2s (avg 2.1s) | Best so far: epoch 176	train_loss: 0.2262 train_accuracy: 0.9274	val_loss: 2.2136 val_accuracy: 0.5071	test_loss: 4.9127 test_accuracy: 0.1936	F1: 0.1758 Prec: 0.2280 Rec: 0.1937
train: {'epoch': 188, 'time_epoch': 1.93185, 'eta': 114.15857, 'eta_hours': 0.03171, 'loss': 0.21364597, 'lr': 0.00014423, 'params': 276757, 'time_iter': 0.01085, 'accuracy': 0.92788, 'f1': 0.92785, 'auc': 0.9987}
val: {'epoch': 188, 'time_epoch': 0.06645, 'loss': 3.10048419, 'lr': 0, 'params': 276757, 'time_iter': 0.00475, 'accuracy': 0.42143, 'f1': 0.36386, 'auc': 0.90083}
test: {'epoch': 188, 'time_epoch': 0.04606, 'loss': 5.7223284, 'lr': 0, 'params': 276757, 'time_iter': 0.00461, 'accuracy': 0.1619, 'f1': 0.13478, 'auc': 0.73135}
> Epoch 188: took 2.1s (avg 2.1s) | Best so far: epoch 176	train_loss: 0.2262 train_accuracy: 0.9274	val_loss: 2.2136 val_accuracy: 0.5071	test_loss: 4.9127 test_accuracy: 0.1936	F1: 0.1758 Prec: 0.2280 Rec: 0.1937
train: {'epoch': 189, 'time_epoch': 1.67398, 'eta': 112.22476, 'eta_hours': 0.03117, 'loss': 0.19909735, 'lr': 0.00013985, 'params': 276757, 'time_iter': 0.0094, 'accuracy': 0.93668, 'f1': 0.93668, 'auc': 0.9989}
val: {'epoch': 189, 'time_epoch': 0.07478, 'loss': 2.29594602, 'lr': 0, 'params': 276757, 'time_iter': 0.00534, 'accuracy': 0.48333, 'f1': 0.44785, 'auc': 0.93303}
test: {'epoch': 189, 'time_epoch': 0.05243, 'loss': 4.81376339, 'lr': 0, 'params': 276757, 'time_iter': 0.00524, 'accuracy': 0.2, 'f1': 0.1651, 'auc': 0.78203}
> Epoch 189: took 1.9s (avg 2.1s) | Best so far: epoch 176	train_loss: 0.2262 train_accuracy: 0.9274	val_loss: 2.2136 val_accuracy: 0.5071	test_loss: 4.9127 test_accuracy: 0.1936	F1: 0.1758 Prec: 0.2280 Rec: 0.1937
train: {'epoch': 190, 'time_epoch': 1.73843, 'eta': 110.31358, 'eta_hours': 0.03064, 'loss': 0.19158618, 'lr': 0.00013552, 'params': 276757, 'time_iter': 0.00977, 'accuracy': 0.93896, 'f1': 0.9389, 'auc': 0.99902}
val: {'epoch': 190, 'time_epoch': 0.11217, 'loss': 2.59663649, 'lr': 0, 'params': 276757, 'time_iter': 0.00801, 'accuracy': 0.46667, 'f1': 0.43393, 'auc': 0.92195}
test: {'epoch': 190, 'time_epoch': 0.04998, 'loss': 4.48427964, 'lr': 0, 'params': 276757, 'time_iter': 0.005, 'accuracy': 0.20635, 'f1': 0.17645, 'auc': 0.78728}
> Epoch 190: took 2.0s (avg 2.1s) | Best so far: epoch 176	train_loss: 0.2262 train_accuracy: 0.9274	val_loss: 2.2136 val_accuracy: 0.5071	test_loss: 4.9127 test_accuracy: 0.1936	F1: 0.1758 Prec: 0.2280 Rec: 0.1937
train: {'epoch': 191, 'time_epoch': 2.39221, 'eta': 108.60169, 'eta_hours': 0.03017, 'loss': 0.20029323, 'lr': 0.00013124, 'params': 276757, 'time_iter': 0.01344, 'accuracy': 0.93597, 'f1': 0.93596, 'auc': 0.99888}
val: {'epoch': 191, 'time_epoch': 0.10772, 'loss': 2.71590976, 'lr': 0, 'params': 276757, 'time_iter': 0.00769, 'accuracy': 0.45, 'f1': 0.41853, 'auc': 0.91229}
test: {'epoch': 191, 'time_epoch': 0.07016, 'loss': 4.83402842, 'lr': 0, 'params': 276757, 'time_iter': 0.00702, 'accuracy': 0.20317, 'f1': 0.17243, 'auc': 0.77418}
> Epoch 191: took 2.7s (avg 2.1s) | Best so far: epoch 176	train_loss: 0.2262 train_accuracy: 0.9274	val_loss: 2.2136 val_accuracy: 0.5071	test_loss: 4.9127 test_accuracy: 0.1936	F1: 0.1758 Prec: 0.2280 Rec: 0.1937
train: {'epoch': 192, 'time_epoch': 2.04645, 'eta': 106.78064, 'eta_hours': 0.02966, 'loss': 0.21191774, 'lr': 0.00012703, 'params': 276757, 'time_iter': 0.0115, 'accuracy': 0.93105, 'f1': 0.93101, 'auc': 0.9987}
val: {'epoch': 192, 'time_epoch': 0.14092, 'loss': 2.45818643, 'lr': 0, 'params': 276757, 'time_iter': 0.01007, 'accuracy': 0.48095, 'f1': 0.44797, 'auc': 0.92102}
test: {'epoch': 192, 'time_epoch': 0.07194, 'loss': 4.7800783, 'lr': 0, 'params': 276757, 'time_iter': 0.00719, 'accuracy': 0.20635, 'f1': 0.17946, 'auc': 0.77351}
> Epoch 192: took 2.3s (avg 2.1s) | Best so far: epoch 176	train_loss: 0.2262 train_accuracy: 0.9274	val_loss: 2.2136 val_accuracy: 0.5071	test_loss: 4.9127 test_accuracy: 0.1936	F1: 0.1758 Prec: 0.2280 Rec: 0.1937
train: {'epoch': 193, 'time_epoch': 2.47987, 'eta': 105.08237, 'eta_hours': 0.02919, 'loss': 0.19234394, 'lr': 0.00012287, 'params': 276757, 'time_iter': 0.01393, 'accuracy': 0.93703, 'f1': 0.937, 'auc': 0.99905}
val: {'epoch': 193, 'time_epoch': 0.0882, 'loss': 2.26718167, 'lr': 0, 'params': 276757, 'time_iter': 0.0063, 'accuracy': 0.50952, 'f1': 0.48234, 'auc': 0.93103}
test: {'epoch': 193, 'time_epoch': 0.06361, 'loss': 5.04696801, 'lr': 0, 'params': 276757, 'time_iter': 0.00636, 'accuracy': 0.15556, 'f1': 0.12179, 'auc': 0.76992}
[*] Confusion Matrix saved to: results_lopo_none/SS_3m\Conf\confusion_matrix_epoch_193.png
> Epoch 193: took 2.7s (avg 2.1s) | Best so far: epoch 193	train_loss: 0.1923 train_accuracy: 0.9370	val_loss: 2.2672 val_accuracy: 0.5095	test_loss: 5.0470 test_accuracy: 0.1556	F1: 0.1218 Prec: 0.1105 Rec: 0.1556
train: {'epoch': 194, 'time_epoch': 1.96846, 'eta': 103.23185, 'eta_hours': 0.02868, 'loss': 0.1887726, 'lr': 0.00011878, 'params': 276757, 'time_iter': 0.01106, 'accuracy': 0.94055, 'f1': 0.94056, 'auc': 0.99907}
val: {'epoch': 194, 'time_epoch': 0.09588, 'loss': 2.24535663, 'lr': 0, 'params': 276757, 'time_iter': 0.00685, 'accuracy': 0.50476, 'f1': 0.48215, 'auc': 0.93392}
test: {'epoch': 194, 'time_epoch': 0.04789, 'loss': 4.84295927, 'lr': 0, 'params': 276757, 'time_iter': 0.00479, 'accuracy': 0.18413, 'f1': 0.16084, 'auc': 0.77795}
> Epoch 194: took 2.2s (avg 2.1s) | Best so far: epoch 193	train_loss: 0.1923 train_accuracy: 0.9370	val_loss: 2.2672 val_accuracy: 0.5095	test_loss: 5.0470 test_accuracy: 0.1556	F1: 0.1218 Prec: 0.1105 Rec: 0.1556
train: {'epoch': 195, 'time_epoch': 2.29256, 'eta': 101.46941, 'eta_hours': 0.02819, 'loss': 0.20061387, 'lr': 0.00011474, 'params': 276757, 'time_iter': 0.01288, 'accuracy': 0.93527, 'f1': 0.93526, 'auc': 0.99885}
val: {'epoch': 195, 'time_epoch': 0.0756, 'loss': 2.4699084, 'lr': 0, 'params': 276757, 'time_iter': 0.0054, 'accuracy': 0.46667, 'f1': 0.43523, 'auc': 0.92283}
test: {'epoch': 195, 'time_epoch': 0.04819, 'loss': 4.39969474, 'lr': 0, 'params': 276757, 'time_iter': 0.00482, 'accuracy': 0.21905, 'f1': 0.19487, 'auc': 0.79124}
> Epoch 195: took 2.5s (avg 2.1s) | Best so far: epoch 193	train_loss: 0.1923 train_accuracy: 0.9370	val_loss: 2.2672 val_accuracy: 0.5095	test_loss: 5.0470 test_accuracy: 0.1556	F1: 0.1218 Prec: 0.1105 Rec: 0.1556
train: {'epoch': 196, 'time_epoch': 1.94209, 'eta': 99.60731, 'eta_hours': 0.02767, 'loss': 0.18852097, 'lr': 0.00011077, 'params': 276757, 'time_iter': 0.01091, 'accuracy': 0.94125, 'f1': 0.94119, 'auc': 0.99903}
val: {'epoch': 196, 'time_epoch': 0.06692, 'loss': 2.42583483, 'lr': 0, 'params': 276757, 'time_iter': 0.00478, 'accuracy': 0.49286, 'f1': 0.46252, 'auc': 0.9254}
test: {'epoch': 196, 'time_epoch': 0.05438, 'loss': 4.83017047, 'lr': 0, 'params': 276757, 'time_iter': 0.00544, 'accuracy': 0.2, 'f1': 0.16709, 'auc': 0.77904}
> Epoch 196: took 2.1s (avg 2.1s) | Best so far: epoch 193	train_loss: 0.1923 train_accuracy: 0.9370	val_loss: 2.2672 val_accuracy: 0.5095	test_loss: 5.0470 test_accuracy: 0.1556	F1: 0.1218 Prec: 0.1105 Rec: 0.1556
train: {'epoch': 197, 'time_epoch': 1.79542, 'eta': 97.70587, 'eta_hours': 0.02714, 'loss': 0.21346116, 'lr': 0.00010686, 'params': 276757, 'time_iter': 0.01009, 'accuracy': 0.9314, 'f1': 0.93138, 'auc': 0.99866}
val: {'epoch': 197, 'time_epoch': 0.07199, 'loss': 2.90266341, 'lr': 0, 'params': 276757, 'time_iter': 0.00514, 'accuracy': 0.42143, 'f1': 0.3793, 'auc': 0.91488}
test: {'epoch': 197, 'time_epoch': 0.05491, 'loss': 4.65776371, 'lr': 0, 'params': 276757, 'time_iter': 0.00549, 'accuracy': 0.19048, 'f1': 0.16459, 'auc': 0.76913}
> Epoch 197: took 2.0s (avg 2.1s) | Best so far: epoch 193	train_loss: 0.1923 train_accuracy: 0.9370	val_loss: 2.2672 val_accuracy: 0.5095	test_loss: 5.0470 test_accuracy: 0.1556	F1: 0.1218 Prec: 0.1105 Rec: 0.1556
train: {'epoch': 198, 'time_epoch': 1.83355, 'eta': 95.81528, 'eta_hours': 0.02662, 'loss': 0.18966003, 'lr': 0.000103, 'params': 276757, 'time_iter': 0.0103, 'accuracy': 0.94072, 'f1': 0.94069, 'auc': 0.99898}
val: {'epoch': 198, 'time_epoch': 0.06728, 'loss': 2.58940538, 'lr': 0, 'params': 276757, 'time_iter': 0.00481, 'accuracy': 0.48095, 'f1': 0.43755, 'auc': 0.92305}
test: {'epoch': 198, 'time_epoch': 0.04427, 'loss': 4.86918573, 'lr': 0, 'params': 276757, 'time_iter': 0.00443, 'accuracy': 0.17143, 'f1': 0.13734, 'auc': 0.77376}
> Epoch 198: took 2.0s (avg 2.1s) | Best so far: epoch 193	train_loss: 0.1923 train_accuracy: 0.9370	val_loss: 2.2672 val_accuracy: 0.5095	test_loss: 5.0470 test_accuracy: 0.1556	F1: 0.1218 Prec: 0.1105 Rec: 0.1556
train: {'epoch': 199, 'time_epoch': 1.73499, 'eta': 93.90061, 'eta_hours': 0.02608, 'loss': 0.18472774, 'lr': 9.922e-05, 'params': 276757, 'time_iter': 0.00975, 'accuracy': 0.94019, 'f1': 0.9402, 'auc': 0.99902}
val: {'epoch': 199, 'time_epoch': 0.06893, 'loss': 2.1232288, 'lr': 0, 'params': 276757, 'time_iter': 0.00492, 'accuracy': 0.51667, 'f1': 0.48807, 'auc': 0.93626}
test: {'epoch': 199, 'time_epoch': 0.0686, 'loss': 4.54273573, 'lr': 0, 'params': 276757, 'time_iter': 0.00686, 'accuracy': 0.20317, 'f1': 0.17646, 'auc': 0.78211}
[*] Confusion Matrix saved to: results_lopo_none/SS_3m\Conf\confusion_matrix_epoch_199.png
> Epoch 199: took 2.0s (avg 2.1s) | Best so far: epoch 199	train_loss: 0.1847 train_accuracy: 0.9402	val_loss: 2.1232 val_accuracy: 0.5167	test_loss: 4.5427 test_accuracy: 0.2032	F1: 0.1765 Prec: 0.1954 Rec: 0.2032
train: {'epoch': 200, 'time_epoch': 1.80367, 'eta': 92.00448, 'eta_hours': 0.02556, 'loss': 0.19876573, 'lr': 9.549e-05, 'params': 276757, 'time_iter': 0.01013, 'accuracy': 0.93914, 'f1': 0.93912, 'auc': 0.99885}
val: {'epoch': 200, 'time_epoch': 0.06757, 'loss': 2.6060201, 'lr': 0, 'params': 276757, 'time_iter': 0.00483, 'accuracy': 0.47619, 'f1': 0.43956, 'auc': 0.92175}
test: {'epoch': 200, 'time_epoch': 0.05021, 'loss': 4.60761115, 'lr': 0, 'params': 276757, 'time_iter': 0.00502, 'accuracy': 0.2, 'f1': 0.17067, 'auc': 0.77848}
> Epoch 200: took 2.0s (avg 2.1s) | Best so far: epoch 199	train_loss: 0.1847 train_accuracy: 0.9402	val_loss: 2.1232 val_accuracy: 0.5167	test_loss: 4.5427 test_accuracy: 0.2032	F1: 0.1765 Prec: 0.1954 Rec: 0.2032
train: {'epoch': 201, 'time_epoch': 1.75825, 'eta': 90.09846, 'eta_hours': 0.02503, 'loss': 0.19207752, 'lr': 9.183e-05, 'params': 276757, 'time_iter': 0.00988, 'accuracy': 0.94002, 'f1': 0.94, 'auc': 0.999}
val: {'epoch': 201, 'time_epoch': 0.06079, 'loss': 2.54941721, 'lr': 0, 'params': 276757, 'time_iter': 0.00434, 'accuracy': 0.48571, 'f1': 0.45356, 'auc': 0.91781}
test: {'epoch': 201, 'time_epoch': 0.08796, 'loss': 4.92573199, 'lr': 0, 'params': 276757, 'time_iter': 0.0088, 'accuracy': 0.19683, 'f1': 0.16114, 'auc': 0.77945}
> Epoch 201: took 2.0s (avg 2.1s) | Best so far: epoch 199	train_loss: 0.1847 train_accuracy: 0.9402	val_loss: 2.1232 val_accuracy: 0.5167	test_loss: 4.5427 test_accuracy: 0.2032	F1: 0.1765 Prec: 0.1954 Rec: 0.2032
train: {'epoch': 202, 'time_epoch': 1.85702, 'eta': 88.21677, 'eta_hours': 0.0245, 'loss': 0.20068603, 'lr': 8.823e-05, 'params': 276757, 'time_iter': 0.01043, 'accuracy': 0.93615, 'f1': 0.93614, 'auc': 0.99879}
val: {'epoch': 202, 'time_epoch': 0.06418, 'loss': 2.6461245, 'lr': 0, 'params': 276757, 'time_iter': 0.00458, 'accuracy': 0.46429, 'f1': 0.42401, 'auc': 0.91992}
test: {'epoch': 202, 'time_epoch': 0.05062, 'loss': 4.53034788, 'lr': 0, 'params': 276757, 'time_iter': 0.00506, 'accuracy': 0.19683, 'f1': 0.16794, 'auc': 0.79032}
> Epoch 202: took 2.0s (avg 2.1s) | Best so far: epoch 199	train_loss: 0.1847 train_accuracy: 0.9402	val_loss: 2.1232 val_accuracy: 0.5167	test_loss: 4.5427 test_accuracy: 0.2032	F1: 0.1765 Prec: 0.1954 Rec: 0.2032
train: {'epoch': 203, 'time_epoch': 1.97315, 'eta': 86.36151, 'eta_hours': 0.02399, 'loss': 0.18520016, 'lr': 8.47e-05, 'params': 276757, 'time_iter': 0.01109, 'accuracy': 0.94055, 'f1': 0.94058, 'auc': 0.99902}
val: {'epoch': 203, 'time_epoch': 0.06598, 'loss': 2.46447802, 'lr': 0, 'params': 276757, 'time_iter': 0.00471, 'accuracy': 0.47381, 'f1': 0.44045, 'auc': 0.92567}
test: {'epoch': 203, 'time_epoch': 0.04903, 'loss': 4.73249731, 'lr': 0, 'params': 276757, 'time_iter': 0.0049, 'accuracy': 0.20635, 'f1': 0.16627, 'auc': 0.78547}
> Epoch 203: took 2.1s (avg 2.1s) | Best so far: epoch 199	train_loss: 0.1847 train_accuracy: 0.9402	val_loss: 2.1232 val_accuracy: 0.5167	test_loss: 4.5427 test_accuracy: 0.2032	F1: 0.1765 Prec: 0.1954 Rec: 0.2032
train: {'epoch': 204, 'time_epoch': 1.61961, 'eta': 84.42749, 'eta_hours': 0.02345, 'loss': 0.18560044, 'lr': 8.124e-05, 'params': 276757, 'time_iter': 0.0091, 'accuracy': 0.93967, 'f1': 0.93963, 'auc': 0.99905}
val: {'epoch': 204, 'time_epoch': 0.06658, 'loss': 2.62207523, 'lr': 0, 'params': 276757, 'time_iter': 0.00476, 'accuracy': 0.46667, 'f1': 0.43083, 'auc': 0.92398}
test: {'epoch': 204, 'time_epoch': 0.05432, 'loss': 4.74712429, 'lr': 0, 'params': 276757, 'time_iter': 0.00543, 'accuracy': 0.19683, 'f1': 0.16262, 'auc': 0.78097}
> Epoch 204: took 1.8s (avg 2.1s) | Best so far: epoch 199	train_loss: 0.1847 train_accuracy: 0.9402	val_loss: 2.1232 val_accuracy: 0.5167	test_loss: 4.5427 test_accuracy: 0.2032	F1: 0.1765 Prec: 0.1954 Rec: 0.2032
train: {'epoch': 205, 'time_epoch': 1.81698, 'eta': 82.53869, 'eta_hours': 0.02293, 'loss': 0.1795504, 'lr': 7.784e-05, 'params': 276757, 'time_iter': 0.01021, 'accuracy': 0.93949, 'f1': 0.93946, 'auc': 0.99912}
val: {'epoch': 205, 'time_epoch': 0.09852, 'loss': 2.46440095, 'lr': 0, 'params': 276757, 'time_iter': 0.00704, 'accuracy': 0.48571, 'f1': 0.45146, 'auc': 0.92624}
test: {'epoch': 205, 'time_epoch': 0.05458, 'loss': 5.11380498, 'lr': 0, 'params': 276757, 'time_iter': 0.00546, 'accuracy': 0.18095, 'f1': 0.14821, 'auc': 0.77338}
> Epoch 205: took 2.0s (avg 2.1s) | Best so far: epoch 199	train_loss: 0.1847 train_accuracy: 0.9402	val_loss: 2.1232 val_accuracy: 0.5167	test_loss: 4.5427 test_accuracy: 0.2032	F1: 0.1765 Prec: 0.1954 Rec: 0.2032
train: {'epoch': 206, 'time_epoch': 1.90437, 'eta': 80.66873, 'eta_hours': 0.02241, 'loss': 0.18258085, 'lr': 7.45e-05, 'params': 276757, 'time_iter': 0.0107, 'accuracy': 0.93668, 'f1': 0.93661, 'auc': 0.99913}
val: {'epoch': 206, 'time_epoch': 0.06951, 'loss': 2.34379795, 'lr': 0, 'params': 276757, 'time_iter': 0.00496, 'accuracy': 0.50476, 'f1': 0.47247, 'auc': 0.93271}
test: {'epoch': 206, 'time_epoch': 0.04756, 'loss': 4.62955611, 'lr': 0, 'params': 276757, 'time_iter': 0.00476, 'accuracy': 0.2127, 'f1': 0.17823, 'auc': 0.786}
> Epoch 206: took 2.1s (avg 2.1s) | Best so far: epoch 199	train_loss: 0.1847 train_accuracy: 0.9402	val_loss: 2.1232 val_accuracy: 0.5167	test_loss: 4.5427 test_accuracy: 0.2032	F1: 0.1765 Prec: 0.1954 Rec: 0.2032
train: {'epoch': 207, 'time_epoch': 1.87049, 'eta': 78.79159, 'eta_hours': 0.02189, 'loss': 0.19016663, 'lr': 7.124e-05, 'params': 276757, 'time_iter': 0.01051, 'accuracy': 0.93843, 'f1': 0.9384, 'auc': 0.999}
val: {'epoch': 207, 'time_epoch': 0.0735, 'loss': 2.30164392, 'lr': 0, 'params': 276757, 'time_iter': 0.00525, 'accuracy': 0.50476, 'f1': 0.47326, 'auc': 0.93061}
test: {'epoch': 207, 'time_epoch': 0.04275, 'loss': 4.86548765, 'lr': 0, 'params': 276757, 'time_iter': 0.00428, 'accuracy': 0.21587, 'f1': 0.17752, 'auc': 0.78176}
> Epoch 207: took 2.1s (avg 2.1s) | Best so far: epoch 199	train_loss: 0.1847 train_accuracy: 0.9402	val_loss: 2.1232 val_accuracy: 0.5167	test_loss: 4.5427 test_accuracy: 0.2032	F1: 0.1765 Prec: 0.1954 Rec: 0.2032
train: {'epoch': 208, 'time_epoch': 1.8659, 'eta': 76.91362, 'eta_hours': 0.02136, 'loss': 0.16740275, 'lr': 6.804e-05, 'params': 276757, 'time_iter': 0.01048, 'accuracy': 0.94881, 'f1': 0.94881, 'auc': 0.99918}
val: {'epoch': 208, 'time_epoch': 0.10397, 'loss': 2.40241934, 'lr': 0, 'params': 276757, 'time_iter': 0.00743, 'accuracy': 0.49762, 'f1': 0.46456, 'auc': 0.92714}
test: {'epoch': 208, 'time_epoch': 0.05178, 'loss': 4.58937208, 'lr': 0, 'params': 276757, 'time_iter': 0.00518, 'accuracy': 0.21905, 'f1': 0.19544, 'auc': 0.7863}
> Epoch 208: took 2.1s (avg 2.1s) | Best so far: epoch 199	train_loss: 0.1847 train_accuracy: 0.9402	val_loss: 2.1232 val_accuracy: 0.5167	test_loss: 4.5427 test_accuracy: 0.2032	F1: 0.1765 Prec: 0.1954 Rec: 0.2032
train: {'epoch': 209, 'time_epoch': 1.8317, 'eta': 75.02925, 'eta_hours': 0.02084, 'loss': 0.18674394, 'lr': 6.491e-05, 'params': 276757, 'time_iter': 0.01029, 'accuracy': 0.93967, 'f1': 0.93965, 'auc': 0.99903}
val: {'epoch': 209, 'time_epoch': 0.0699, 'loss': 2.40436161, 'lr': 0, 'params': 276757, 'time_iter': 0.00499, 'accuracy': 0.5, 'f1': 0.46764, 'auc': 0.93039}
test: {'epoch': 209, 'time_epoch': 0.04939, 'loss': 4.99311346, 'lr': 0, 'params': 276757, 'time_iter': 0.00494, 'accuracy': 0.19048, 'f1': 0.15656, 'auc': 0.77558}
> Epoch 209: took 2.0s (avg 2.1s) | Best so far: epoch 199	train_loss: 0.1847 train_accuracy: 0.9402	val_loss: 2.1232 val_accuracy: 0.5167	test_loss: 4.5427 test_accuracy: 0.2032	F1: 0.1765 Prec: 0.1954 Rec: 0.2032
train: {'epoch': 210, 'time_epoch': 1.86418, 'eta': 73.15139, 'eta_hours': 0.02032, 'loss': 0.17657603, 'lr': 6.185e-05, 'params': 276757, 'time_iter': 0.01047, 'accuracy': 0.94354, 'f1': 0.94352, 'auc': 0.99914}
val: {'epoch': 210, 'time_epoch': 0.07742, 'loss': 2.40263427, 'lr': 0, 'params': 276757, 'time_iter': 0.00553, 'accuracy': 0.50476, 'f1': 0.46805, 'auc': 0.93063}
test: {'epoch': 210, 'time_epoch': 0.06631, 'loss': 4.81365791, 'lr': 0, 'params': 276757, 'time_iter': 0.00663, 'accuracy': 0.21905, 'f1': 0.18111, 'auc': 0.78404}
> Epoch 210: took 2.1s (avg 2.1s) | Best so far: epoch 199	train_loss: 0.1847 train_accuracy: 0.9402	val_loss: 2.1232 val_accuracy: 0.5167	test_loss: 4.5427 test_accuracy: 0.2032	F1: 0.1765 Prec: 0.1954 Rec: 0.2032
train: {'epoch': 211, 'time_epoch': 1.96985, 'eta': 71.29259, 'eta_hours': 0.0198, 'loss': 0.17789457, 'lr': 5.885e-05, 'params': 276757, 'time_iter': 0.01107, 'accuracy': 0.9416, 'f1': 0.94161, 'auc': 0.99912}
val: {'epoch': 211, 'time_epoch': 0.07884, 'loss': 2.34359385, 'lr': 0, 'params': 276757, 'time_iter': 0.00563, 'accuracy': 0.50476, 'f1': 0.46962, 'auc': 0.93226}
test: {'epoch': 211, 'time_epoch': 0.05637, 'loss': 4.78960998, 'lr': 0, 'params': 276757, 'time_iter': 0.00564, 'accuracy': 0.20635, 'f1': 0.17098, 'auc': 0.78351}
> Epoch 211: took 2.2s (avg 2.1s) | Best so far: epoch 199	train_loss: 0.1847 train_accuracy: 0.9402	val_loss: 2.1232 val_accuracy: 0.5167	test_loss: 4.5427 test_accuracy: 0.2032	F1: 0.1765 Prec: 0.1954 Rec: 0.2032
train: {'epoch': 212, 'time_epoch': 2.07039, 'eta': 69.45022, 'eta_hours': 0.01929, 'loss': 0.18077632, 'lr': 5.593e-05, 'params': 276757, 'time_iter': 0.01163, 'accuracy': 0.94512, 'f1': 0.94503, 'auc': 0.99906}
val: {'epoch': 212, 'time_epoch': 0.10192, 'loss': 2.39837312, 'lr': 0, 'params': 276757, 'time_iter': 0.00728, 'accuracy': 0.50714, 'f1': 0.47323, 'auc': 0.92685}
test: {'epoch': 212, 'time_epoch': 0.07378, 'loss': 5.22743277, 'lr': 0, 'params': 276757, 'time_iter': 0.00738, 'accuracy': 0.20317, 'f1': 0.16448, 'auc': 0.76911}
> Epoch 212: took 2.4s (avg 2.1s) | Best so far: epoch 199	train_loss: 0.1847 train_accuracy: 0.9402	val_loss: 2.1232 val_accuracy: 0.5167	test_loss: 4.5427 test_accuracy: 0.2032	F1: 0.1765 Prec: 0.1954 Rec: 0.2032
train: {'epoch': 213, 'time_epoch': 2.1022, 'eta': 67.61106, 'eta_hours': 0.01878, 'loss': 0.18931661, 'lr': 5.308e-05, 'params': 276757, 'time_iter': 0.01181, 'accuracy': 0.94055, 'f1': 0.94052, 'auc': 0.99899}
val: {'epoch': 213, 'time_epoch': 0.07324, 'loss': 2.35943576, 'lr': 0, 'params': 276757, 'time_iter': 0.00523, 'accuracy': 0.5, 'f1': 0.46699, 'auc': 0.9296}
test: {'epoch': 213, 'time_epoch': 0.05743, 'loss': 4.83244711, 'lr': 0, 'params': 276757, 'time_iter': 0.00574, 'accuracy': 0.19365, 'f1': 0.16679, 'auc': 0.77976}
> Epoch 213: took 2.3s (avg 2.1s) | Best so far: epoch 199	train_loss: 0.1847 train_accuracy: 0.9402	val_loss: 2.1232 val_accuracy: 0.5167	test_loss: 4.5427 test_accuracy: 0.2032	F1: 0.1765 Prec: 0.1954 Rec: 0.2032
train: {'epoch': 214, 'time_epoch': 1.84674, 'eta': 65.72788, 'eta_hours': 0.01826, 'loss': 0.18706665, 'lr': 5.03e-05, 'params': 276757, 'time_iter': 0.01037, 'accuracy': 0.93949, 'f1': 0.93949, 'auc': 0.99894}
val: {'epoch': 214, 'time_epoch': 0.07303, 'loss': 2.37990289, 'lr': 0, 'params': 276757, 'time_iter': 0.00522, 'accuracy': 0.5, 'f1': 0.46954, 'auc': 0.93023}
test: {'epoch': 214, 'time_epoch': 0.05185, 'loss': 4.94608543, 'lr': 0, 'params': 276757, 'time_iter': 0.00519, 'accuracy': 0.18413, 'f1': 0.15336, 'auc': 0.77527}
> Epoch 214: took 2.0s (avg 2.1s) | Best so far: epoch 199	train_loss: 0.1847 train_accuracy: 0.9402	val_loss: 2.1232 val_accuracy: 0.5167	test_loss: 4.5427 test_accuracy: 0.2032	F1: 0.1765 Prec: 0.1954 Rec: 0.2032
train: {'epoch': 215, 'time_epoch': 1.95984, 'eta': 63.86283, 'eta_hours': 0.01774, 'loss': 0.17941284, 'lr': 4.759e-05, 'params': 276757, 'time_iter': 0.01101, 'accuracy': 0.9416, 'f1': 0.94162, 'auc': 0.99915}
val: {'epoch': 215, 'time_epoch': 0.07121, 'loss': 2.32125092, 'lr': 0, 'params': 276757, 'time_iter': 0.00509, 'accuracy': 0.5119, 'f1': 0.47535, 'auc': 0.93111}
test: {'epoch': 215, 'time_epoch': 0.05238, 'loss': 5.09395075, 'lr': 0, 'params': 276757, 'time_iter': 0.00524, 'accuracy': 0.19365, 'f1': 0.15562, 'auc': 0.77564}
> Epoch 215: took 2.2s (avg 2.1s) | Best so far: epoch 199	train_loss: 0.1847 train_accuracy: 0.9402	val_loss: 2.1232 val_accuracy: 0.5167	test_loss: 4.5427 test_accuracy: 0.2032	F1: 0.1765 Prec: 0.1954 Rec: 0.2032
train: {'epoch': 216, 'time_epoch': 1.88309, 'eta': 61.98523, 'eta_hours': 0.01722, 'loss': 0.18179586, 'lr': 4.495e-05, 'params': 276757, 'time_iter': 0.01058, 'accuracy': 0.94019, 'f1': 0.94017, 'auc': 0.9991}
val: {'epoch': 216, 'time_epoch': 0.0897, 'loss': 2.40660054, 'lr': 0, 'params': 276757, 'time_iter': 0.00641, 'accuracy': 0.50238, 'f1': 0.47177, 'auc': 0.92777}
test: {'epoch': 216, 'time_epoch': 0.07367, 'loss': 4.60771812, 'lr': 0, 'params': 276757, 'time_iter': 0.00737, 'accuracy': 0.2127, 'f1': 0.1775, 'auc': 0.78814}
> Epoch 216: took 2.1s (avg 2.1s) | Best so far: epoch 199	train_loss: 0.1847 train_accuracy: 0.9402	val_loss: 2.1232 val_accuracy: 0.5167	test_loss: 4.5427 test_accuracy: 0.2032	F1: 0.1765 Prec: 0.1954 Rec: 0.2032
train: {'epoch': 217, 'time_epoch': 1.85027, 'eta': 60.10277, 'eta_hours': 0.0167, 'loss': 0.17979641, 'lr': 4.238e-05, 'params': 276757, 'time_iter': 0.01039, 'accuracy': 0.94125, 'f1': 0.94124, 'auc': 0.99908}
val: {'epoch': 217, 'time_epoch': 0.068, 'loss': 2.37263234, 'lr': 0, 'params': 276757, 'time_iter': 0.00486, 'accuracy': 0.50238, 'f1': 0.46787, 'auc': 0.92957}
test: {'epoch': 217, 'time_epoch': 0.07219, 'loss': 4.8969518, 'lr': 0, 'params': 276757, 'time_iter': 0.00722, 'accuracy': 0.19683, 'f1': 0.1612, 'auc': 0.78005}
> Epoch 217: took 2.1s (avg 2.1s) | Best so far: epoch 199	train_loss: 0.1847 train_accuracy: 0.9402	val_loss: 2.1232 val_accuracy: 0.5167	test_loss: 4.5427 test_accuracy: 0.2032	F1: 0.1765 Prec: 0.1954 Rec: 0.2032
train: {'epoch': 218, 'time_epoch': 1.94254, 'eta': 58.23367, 'eta_hours': 0.01618, 'loss': 0.17734462, 'lr': 3.988e-05, 'params': 276757, 'time_iter': 0.01091, 'accuracy': 0.94301, 'f1': 0.94295, 'auc': 0.99908}
val: {'epoch': 218, 'time_epoch': 0.08437, 'loss': 2.37612103, 'lr': 0, 'params': 276757, 'time_iter': 0.00603, 'accuracy': 0.50476, 'f1': 0.47089, 'auc': 0.92878}
test: {'epoch': 218, 'time_epoch': 0.04985, 'loss': 4.58761064, 'lr': 0, 'params': 276757, 'time_iter': 0.00498, 'accuracy': 0.20952, 'f1': 0.17787, 'auc': 0.78642}
> Epoch 218: took 2.2s (avg 2.1s) | Best so far: epoch 199	train_loss: 0.1847 train_accuracy: 0.9402	val_loss: 2.1232 val_accuracy: 0.5167	test_loss: 4.5427 test_accuracy: 0.2032	F1: 0.1765 Prec: 0.1954 Rec: 0.2032
train: {'epoch': 219, 'time_epoch': 1.86428, 'eta': 56.35322, 'eta_hours': 0.01565, 'loss': 0.17735022, 'lr': 3.746e-05, 'params': 276757, 'time_iter': 0.01047, 'accuracy': 0.94301, 'f1': 0.94301, 'auc': 0.99908}
val: {'epoch': 219, 'time_epoch': 0.06876, 'loss': 2.3360567, 'lr': 0, 'params': 276757, 'time_iter': 0.00491, 'accuracy': 0.50238, 'f1': 0.46676, 'auc': 0.93262}
test: {'epoch': 219, 'time_epoch': 0.05449, 'loss': 4.71173311, 'lr': 0, 'params': 276757, 'time_iter': 0.00545, 'accuracy': 0.20635, 'f1': 0.17077, 'auc': 0.7885}
> Epoch 219: took 2.1s (avg 2.1s) | Best so far: epoch 199	train_loss: 0.1847 train_accuracy: 0.9402	val_loss: 2.1232 val_accuracy: 0.5167	test_loss: 4.5427 test_accuracy: 0.2032	F1: 0.1765 Prec: 0.1954 Rec: 0.2032
train: {'epoch': 220, 'time_epoch': 1.84807, 'eta': 54.47079, 'eta_hours': 0.01513, 'loss': 0.17051551, 'lr': 3.511e-05, 'params': 276757, 'time_iter': 0.01038, 'accuracy': 0.94512, 'f1': 0.94505, 'auc': 0.99921}
val: {'epoch': 220, 'time_epoch': 0.07465, 'loss': 2.41364164, 'lr': 0, 'params': 276757, 'time_iter': 0.00533, 'accuracy': 0.49762, 'f1': 0.46444, 'auc': 0.92976}
test: {'epoch': 220, 'time_epoch': 0.0504, 'loss': 4.6284181, 'lr': 0, 'params': 276757, 'time_iter': 0.00504, 'accuracy': 0.2, 'f1': 0.17176, 'auc': 0.79034}
> Epoch 220: took 2.1s (avg 2.1s) | Best so far: epoch 199	train_loss: 0.1847 train_accuracy: 0.9402	val_loss: 2.1232 val_accuracy: 0.5167	test_loss: 4.5427 test_accuracy: 0.2032	F1: 0.1765 Prec: 0.1954 Rec: 0.2032
train: {'epoch': 221, 'time_epoch': 1.73974, 'eta': 52.57501, 'eta_hours': 0.0146, 'loss': 0.17786059, 'lr': 3.284e-05, 'params': 276757, 'time_iter': 0.00977, 'accuracy': 0.94318, 'f1': 0.94316, 'auc': 0.99907}
val: {'epoch': 221, 'time_epoch': 0.09859, 'loss': 2.35314684, 'lr': 0, 'params': 276757, 'time_iter': 0.00704, 'accuracy': 0.49762, 'f1': 0.46373, 'auc': 0.93053}
test: {'epoch': 221, 'time_epoch': 0.07086, 'loss': 4.70862936, 'lr': 0, 'params': 276757, 'time_iter': 0.00709, 'accuracy': 0.20635, 'f1': 0.17662, 'auc': 0.78795}
> Epoch 221: took 2.0s (avg 2.1s) | Best so far: epoch 199	train_loss: 0.1847 train_accuracy: 0.9402	val_loss: 2.1232 val_accuracy: 0.5167	test_loss: 4.5427 test_accuracy: 0.2032	F1: 0.1765 Prec: 0.1954 Rec: 0.2032
train: {'epoch': 222, 'time_epoch': 1.77761, 'eta': 50.68522, 'eta_hours': 0.01408, 'loss': 0.18040253, 'lr': 3.063e-05, 'params': 276757, 'time_iter': 0.00999, 'accuracy': 0.94318, 'f1': 0.94318, 'auc': 0.999}
val: {'epoch': 222, 'time_epoch': 0.08004, 'loss': 2.35422703, 'lr': 0, 'params': 276757, 'time_iter': 0.00572, 'accuracy': 0.50952, 'f1': 0.47863, 'auc': 0.93174}
test: {'epoch': 222, 'time_epoch': 0.05487, 'loss': 4.57039042, 'lr': 0, 'params': 276757, 'time_iter': 0.00549, 'accuracy': 0.2127, 'f1': 0.1816, 'auc': 0.78877}
> Epoch 222: took 2.0s (avg 2.1s) | Best so far: epoch 199	train_loss: 0.1847 train_accuracy: 0.9402	val_loss: 2.1232 val_accuracy: 0.5167	test_loss: 4.5427 test_accuracy: 0.2032	F1: 0.1765 Prec: 0.1954 Rec: 0.2032
train: {'epoch': 223, 'time_epoch': 1.82544, 'eta': 48.80198, 'eta_hours': 0.01356, 'loss': 0.16197139, 'lr': 2.85e-05, 'params': 276757, 'time_iter': 0.01026, 'accuracy': 0.95128, 'f1': 0.95127, 'auc': 0.9993}
val: {'epoch': 223, 'time_epoch': 0.08943, 'loss': 2.30660162, 'lr': 0, 'params': 276757, 'time_iter': 0.00639, 'accuracy': 0.5, 'f1': 0.46578, 'auc': 0.93251}
test: {'epoch': 223, 'time_epoch': 0.05102, 'loss': 4.74435847, 'lr': 0, 'params': 276757, 'time_iter': 0.0051, 'accuracy': 0.20952, 'f1': 0.1772, 'auc': 0.78733}
> Epoch 223: took 2.0s (avg 2.1s) | Best so far: epoch 199	train_loss: 0.1847 train_accuracy: 0.9402	val_loss: 2.1232 val_accuracy: 0.5167	test_loss: 4.5427 test_accuracy: 0.2032	F1: 0.1765 Prec: 0.1954 Rec: 0.2032
train: {'epoch': 224, 'time_epoch': 1.78122, 'eta': 46.91434, 'eta_hours': 0.01303, 'loss': 0.16932132, 'lr': 2.645e-05, 'params': 276757, 'time_iter': 0.01001, 'accuracy': 0.94406, 'f1': 0.94403, 'auc': 0.9992}
val: {'epoch': 224, 'time_epoch': 0.06897, 'loss': 2.25307375, 'lr': 0, 'params': 276757, 'time_iter': 0.00493, 'accuracy': 0.50714, 'f1': 0.47627, 'auc': 0.93424}
test: {'epoch': 224, 'time_epoch': 0.04693, 'loss': 4.58383542, 'lr': 0, 'params': 276757, 'time_iter': 0.00469, 'accuracy': 0.21587, 'f1': 0.18009, 'auc': 0.79163}
> Epoch 224: took 2.0s (avg 2.1s) | Best so far: epoch 199	train_loss: 0.1847 train_accuracy: 0.9402	val_loss: 2.1232 val_accuracy: 0.5167	test_loss: 4.5427 test_accuracy: 0.2032	F1: 0.1765 Prec: 0.1954 Rec: 0.2032
train: {'epoch': 225, 'time_epoch': 1.89993, 'eta': 45.04024, 'eta_hours': 0.01251, 'loss': 0.17404474, 'lr': 2.447e-05, 'params': 276757, 'time_iter': 0.01067, 'accuracy': 0.9409, 'f1': 0.94088, 'auc': 0.99914}
val: {'epoch': 225, 'time_epoch': 0.08184, 'loss': 2.51510476, 'lr': 0, 'params': 276757, 'time_iter': 0.00585, 'accuracy': 0.47857, 'f1': 0.43722, 'auc': 0.92692}
test: {'epoch': 225, 'time_epoch': 0.0467, 'loss': 4.78298654, 'lr': 0, 'params': 276757, 'time_iter': 0.00467, 'accuracy': 0.20952, 'f1': 0.1715, 'auc': 0.78525}
> Epoch 225: took 2.1s (avg 2.1s) | Best so far: epoch 199	train_loss: 0.1847 train_accuracy: 0.9402	val_loss: 2.1232 val_accuracy: 0.5167	test_loss: 4.5427 test_accuracy: 0.2032	F1: 0.1765 Prec: 0.1954 Rec: 0.2032
train: {'epoch': 226, 'time_epoch': 1.71755, 'eta': 43.14744, 'eta_hours': 0.01199, 'loss': 0.17482378, 'lr': 2.257e-05, 'params': 276757, 'time_iter': 0.00965, 'accuracy': 0.94529, 'f1': 0.94528, 'auc': 0.99909}
val: {'epoch': 226, 'time_epoch': 0.0785, 'loss': 2.33224029, 'lr': 0, 'params': 276757, 'time_iter': 0.00561, 'accuracy': 0.51667, 'f1': 0.48532, 'auc': 0.93365}
test: {'epoch': 226, 'time_epoch': 0.05389, 'loss': 4.67878661, 'lr': 0, 'params': 276757, 'time_iter': 0.00539, 'accuracy': 0.20952, 'f1': 0.17188, 'auc': 0.79316}
> Epoch 226: took 1.9s (avg 2.1s) | Best so far: epoch 199	train_loss: 0.1847 train_accuracy: 0.9402	val_loss: 2.1232 val_accuracy: 0.5167	test_loss: 4.5427 test_accuracy: 0.2032	F1: 0.1765 Prec: 0.1954 Rec: 0.2032
train: {'epoch': 227, 'time_epoch': 1.83231, 'eta': 41.26726, 'eta_hours': 0.01146, 'loss': 0.16592365, 'lr': 2.074e-05, 'params': 276757, 'time_iter': 0.01029, 'accuracy': 0.94617, 'f1': 0.94621, 'auc': 0.99927}
val: {'epoch': 227, 'time_epoch': 0.07704, 'loss': 2.37690838, 'lr': 0, 'params': 276757, 'time_iter': 0.0055, 'accuracy': 0.50238, 'f1': 0.47141, 'auc': 0.9306}
test: {'epoch': 227, 'time_epoch': 0.05317, 'loss': 4.74304184, 'lr': 0, 'params': 276757, 'time_iter': 0.00532, 'accuracy': 0.2127, 'f1': 0.17699, 'auc': 0.79008}
> Epoch 227: took 2.0s (avg 2.1s) | Best so far: epoch 199	train_loss: 0.1847 train_accuracy: 0.9402	val_loss: 2.1232 val_accuracy: 0.5167	test_loss: 4.5427 test_accuracy: 0.2032	F1: 0.1765 Prec: 0.1954 Rec: 0.2032
train: {'epoch': 228, 'time_epoch': 1.77375, 'eta': 39.38211, 'eta_hours': 0.01094, 'loss': 0.16607966, 'lr': 1.899e-05, 'params': 276757, 'time_iter': 0.00996, 'accuracy': 0.94565, 'f1': 0.94563, 'auc': 0.9993}
val: {'epoch': 228, 'time_epoch': 0.11859, 'loss': 2.37248765, 'lr': 0, 'params': 276757, 'time_iter': 0.00847, 'accuracy': 0.50238, 'f1': 0.47051, 'auc': 0.93028}
test: {'epoch': 228, 'time_epoch': 0.07156, 'loss': 4.79823037, 'lr': 0, 'params': 276757, 'time_iter': 0.00716, 'accuracy': 0.2, 'f1': 0.16944, 'auc': 0.78469}
> Epoch 228: took 2.0s (avg 2.1s) | Best so far: epoch 199	train_loss: 0.1847 train_accuracy: 0.9402	val_loss: 2.1232 val_accuracy: 0.5167	test_loss: 4.5427 test_accuracy: 0.2032	F1: 0.1765 Prec: 0.1954 Rec: 0.2032
train: {'epoch': 229, 'time_epoch': 1.82991, 'eta': 37.50282, 'eta_hours': 0.01042, 'loss': 0.18026891, 'lr': 1.731e-05, 'params': 276757, 'time_iter': 0.01028, 'accuracy': 0.94055, 'f1': 0.94056, 'auc': 0.99906}
val: {'epoch': 229, 'time_epoch': 0.06663, 'loss': 2.28385314, 'lr': 0, 'params': 276757, 'time_iter': 0.00476, 'accuracy': 0.50476, 'f1': 0.47424, 'auc': 0.9335}
test: {'epoch': 229, 'time_epoch': 0.045, 'loss': 4.70105322, 'lr': 0, 'params': 276757, 'time_iter': 0.0045, 'accuracy': 0.2127, 'f1': 0.18604, 'auc': 0.78765}
> Epoch 229: took 2.0s (avg 2.1s) | Best so far: epoch 199	train_loss: 0.1847 train_accuracy: 0.9402	val_loss: 2.1232 val_accuracy: 0.5167	test_loss: 4.5427 test_accuracy: 0.2032	F1: 0.1765 Prec: 0.1954 Rec: 0.2032
train: {'epoch': 230, 'time_epoch': 2.01318, 'eta': 35.63904, 'eta_hours': 0.0099, 'loss': 0.17807143, 'lr': 1.571e-05, 'params': 276757, 'time_iter': 0.01131, 'accuracy': 0.94354, 'f1': 0.9436, 'auc': 0.99911}
val: {'epoch': 230, 'time_epoch': 0.10125, 'loss': 2.20070071, 'lr': 0, 'params': 276757, 'time_iter': 0.00723, 'accuracy': 0.51429, 'f1': 0.48452, 'auc': 0.93531}
test: {'epoch': 230, 'time_epoch': 0.06077, 'loss': 4.75194747, 'lr': 0, 'params': 276757, 'time_iter': 0.00608, 'accuracy': 0.2127, 'f1': 0.17543, 'auc': 0.78989}
> Epoch 230: took 2.3s (avg 2.1s) | Best so far: epoch 199	train_loss: 0.1847 train_accuracy: 0.9402	val_loss: 2.1232 val_accuracy: 0.5167	test_loss: 4.5427 test_accuracy: 0.2032	F1: 0.1765 Prec: 0.1954 Rec: 0.2032
train: {'epoch': 231, 'time_epoch': 2.00996, 'eta': 33.77371, 'eta_hours': 0.00938, 'loss': 0.17281179, 'lr': 1.418e-05, 'params': 276757, 'time_iter': 0.01129, 'accuracy': 0.94354, 'f1': 0.94355, 'auc': 0.9992}
val: {'epoch': 231, 'time_epoch': 0.07872, 'loss': 2.49214614, 'lr': 0, 'params': 276757, 'time_iter': 0.00562, 'accuracy': 0.49048, 'f1': 0.45475, 'auc': 0.9263}
test: {'epoch': 231, 'time_epoch': 0.04627, 'loss': 4.74842931, 'lr': 0, 'params': 276757, 'time_iter': 0.00463, 'accuracy': 0.20952, 'f1': 0.17785, 'auc': 0.78853}
> Epoch 231: took 2.2s (avg 2.1s) | Best so far: epoch 199	train_loss: 0.1847 train_accuracy: 0.9402	val_loss: 2.1232 val_accuracy: 0.5167	test_loss: 4.5427 test_accuracy: 0.2032	F1: 0.1765 Prec: 0.1954 Rec: 0.2032
train: {'epoch': 232, 'time_epoch': 2.01426, 'eta': 31.90746, 'eta_hours': 0.00886, 'loss': 0.17779365, 'lr': 1.274e-05, 'params': 276757, 'time_iter': 0.01132, 'accuracy': 0.94072, 'f1': 0.94068, 'auc': 0.99911}
val: {'epoch': 232, 'time_epoch': 0.07982, 'loss': 2.37296352, 'lr': 0, 'params': 276757, 'time_iter': 0.0057, 'accuracy': 0.50238, 'f1': 0.46701, 'auc': 0.93186}
test: {'epoch': 232, 'time_epoch': 0.07489, 'loss': 4.69015633, 'lr': 0, 'params': 276757, 'time_iter': 0.00749, 'accuracy': 0.20317, 'f1': 0.17159, 'auc': 0.79094}
> Epoch 232: took 2.2s (avg 2.1s) | Best so far: epoch 199	train_loss: 0.1847 train_accuracy: 0.9402	val_loss: 2.1232 val_accuracy: 0.5167	test_loss: 4.5427 test_accuracy: 0.2032	F1: 0.1765 Prec: 0.1954 Rec: 0.2032
train: {'epoch': 233, 'time_epoch': 1.96597, 'eta': 30.03664, 'eta_hours': 0.00834, 'loss': 0.18069085, 'lr': 1.137e-05, 'params': 276757, 'time_iter': 0.01104, 'accuracy': 0.94354, 'f1': 0.94348, 'auc': 0.99911}
val: {'epoch': 233, 'time_epoch': 0.07564, 'loss': 2.29703103, 'lr': 0, 'params': 276757, 'time_iter': 0.0054, 'accuracy': 0.50476, 'f1': 0.47408, 'auc': 0.93362}
test: {'epoch': 233, 'time_epoch': 0.04357, 'loss': 4.6449308, 'lr': 0, 'params': 276757, 'time_iter': 0.00436, 'accuracy': 0.20317, 'f1': 0.16674, 'auc': 0.79288}
> Epoch 233: took 2.2s (avg 2.1s) | Best so far: epoch 199	train_loss: 0.1847 train_accuracy: 0.9402	val_loss: 2.1232 val_accuracy: 0.5167	test_loss: 4.5427 test_accuracy: 0.2032	F1: 0.1765 Prec: 0.1954 Rec: 0.2032
train: {'epoch': 234, 'time_epoch': 1.57662, 'eta': 28.14016, 'eta_hours': 0.00782, 'loss': 0.16219935, 'lr': 1.007e-05, 'params': 276757, 'time_iter': 0.00886, 'accuracy': 0.94723, 'f1': 0.9472, 'auc': 0.99931}
val: {'epoch': 234, 'time_epoch': 0.07849, 'loss': 2.26219412, 'lr': 0, 'params': 276757, 'time_iter': 0.00561, 'accuracy': 0.50476, 'f1': 0.47278, 'auc': 0.9344}
test: {'epoch': 234, 'time_epoch': 0.06906, 'loss': 4.63993843, 'lr': 0, 'params': 276757, 'time_iter': 0.00691, 'accuracy': 0.20952, 'f1': 0.18409, 'auc': 0.79094}
> Epoch 234: took 1.8s (avg 2.1s) | Best so far: epoch 199	train_loss: 0.1847 train_accuracy: 0.9402	val_loss: 2.1232 val_accuracy: 0.5167	test_loss: 4.5427 test_accuracy: 0.2032	F1: 0.1765 Prec: 0.1954 Rec: 0.2032
train: {'epoch': 235, 'time_epoch': 1.69623, 'eta': 26.25348, 'eta_hours': 0.00729, 'loss': 0.17589797, 'lr': 8.86e-06, 'params': 276757, 'time_iter': 0.00953, 'accuracy': 0.9423, 'f1': 0.94232, 'auc': 0.99913}
val: {'epoch': 235, 'time_epoch': 0.06859, 'loss': 2.43626911, 'lr': 0, 'params': 276757, 'time_iter': 0.0049, 'accuracy': 0.49048, 'f1': 0.45421, 'auc': 0.93067}
test: {'epoch': 235, 'time_epoch': 0.05628, 'loss': 4.82971941, 'lr': 0, 'params': 276757, 'time_iter': 0.00563, 'accuracy': 0.20635, 'f1': 0.17314, 'auc': 0.78586}
> Epoch 235: took 1.9s (avg 2.1s) | Best so far: epoch 199	train_loss: 0.1847 train_accuracy: 0.9402	val_loss: 2.1232 val_accuracy: 0.5167	test_loss: 4.5427 test_accuracy: 0.2032	F1: 0.1765 Prec: 0.1954 Rec: 0.2032
train: {'epoch': 236, 'time_epoch': 1.80483, 'eta': 24.37437, 'eta_hours': 0.00677, 'loss': 0.16760698, 'lr': 7.72e-06, 'params': 276757, 'time_iter': 0.01014, 'accuracy': 0.94565, 'f1': 0.94561, 'auc': 0.99924}
val: {'epoch': 236, 'time_epoch': 0.0686, 'loss': 2.35653798, 'lr': 0, 'params': 276757, 'time_iter': 0.0049, 'accuracy': 0.50238, 'f1': 0.46914, 'auc': 0.93092}
test: {'epoch': 236, 'time_epoch': 0.05428, 'loss': 4.82134438, 'lr': 0, 'params': 276757, 'time_iter': 0.00543, 'accuracy': 0.19683, 'f1': 0.16379, 'auc': 0.78521}
> Epoch 236: took 2.0s (avg 2.1s) | Best so far: epoch 199	train_loss: 0.1847 train_accuracy: 0.9402	val_loss: 2.1232 val_accuracy: 0.5167	test_loss: 4.5427 test_accuracy: 0.2032	F1: 0.1765 Prec: 0.1954 Rec: 0.2032
train: {'epoch': 237, 'time_epoch': 1.85575, 'eta': 22.49845, 'eta_hours': 0.00625, 'loss': 0.17442227, 'lr': 6.66e-06, 'params': 276757, 'time_iter': 0.01043, 'accuracy': 0.94582, 'f1': 0.9458, 'auc': 0.9991}
val: {'epoch': 237, 'time_epoch': 0.0764, 'loss': 2.38569514, 'lr': 0, 'params': 276757, 'time_iter': 0.00546, 'accuracy': 0.50238, 'f1': 0.47042, 'auc': 0.93148}
test: {'epoch': 237, 'time_epoch': 0.05397, 'loss': 4.64530608, 'lr': 0, 'params': 276757, 'time_iter': 0.0054, 'accuracy': 0.2127, 'f1': 0.18193, 'auc': 0.79128}
> Epoch 237: took 2.1s (avg 2.1s) | Best so far: epoch 199	train_loss: 0.1847 train_accuracy: 0.9402	val_loss: 2.1232 val_accuracy: 0.5167	test_loss: 4.5427 test_accuracy: 0.2032	F1: 0.1765 Prec: 0.1954 Rec: 0.2032
train: {'epoch': 238, 'time_epoch': 1.77057, 'eta': 20.61878, 'eta_hours': 0.00573, 'loss': 0.1765579, 'lr': 5.67e-06, 'params': 276757, 'time_iter': 0.00995, 'accuracy': 0.94442, 'f1': 0.94435, 'auc': 0.99912}
val: {'epoch': 238, 'time_epoch': 0.07575, 'loss': 2.24007513, 'lr': 0, 'params': 276757, 'time_iter': 0.00541, 'accuracy': 0.50952, 'f1': 0.47686, 'auc': 0.93598}
test: {'epoch': 238, 'time_epoch': 0.05065, 'loss': 4.69705311, 'lr': 0, 'params': 276757, 'time_iter': 0.00506, 'accuracy': 0.20635, 'f1': 0.17912, 'auc': 0.7898}
> Epoch 238: took 2.0s (avg 2.1s) | Best so far: epoch 199	train_loss: 0.1847 train_accuracy: 0.9402	val_loss: 2.1232 val_accuracy: 0.5167	test_loss: 4.5427 test_accuracy: 0.2032	F1: 0.1765 Prec: 0.1954 Rec: 0.2032
train: {'epoch': 239, 'time_epoch': 1.80214, 'eta': 18.74133, 'eta_hours': 0.00521, 'loss': 0.16321295, 'lr': 4.77e-06, 'params': 276757, 'time_iter': 0.01012, 'accuracy': 0.94916, 'f1': 0.94914, 'auc': 0.99925}
val: {'epoch': 239, 'time_epoch': 0.08863, 'loss': 2.31117539, 'lr': 0, 'params': 276757, 'time_iter': 0.00633, 'accuracy': 0.50714, 'f1': 0.47659, 'auc': 0.93338}
test: {'epoch': 239, 'time_epoch': 0.05746, 'loss': 4.64499335, 'lr': 0, 'params': 276757, 'time_iter': 0.00575, 'accuracy': 0.2127, 'f1': 0.17949, 'auc': 0.7902}
> Epoch 239: took 2.1s (avg 2.1s) | Best so far: epoch 199	train_loss: 0.1847 train_accuracy: 0.9402	val_loss: 2.1232 val_accuracy: 0.5167	test_loss: 4.5427 test_accuracy: 0.2032	F1: 0.1765 Prec: 0.1954 Rec: 0.2032
train: {'epoch': 240, 'time_epoch': 1.8044, 'eta': 16.8646, 'eta_hours': 0.00468, 'loss': 0.15921006, 'lr': 3.94e-06, 'params': 276757, 'time_iter': 0.01014, 'accuracy': 0.94635, 'f1': 0.94631, 'auc': 0.99935}
val: {'epoch': 240, 'time_epoch': 0.06794, 'loss': 2.32225378, 'lr': 0, 'params': 276757, 'time_iter': 0.00485, 'accuracy': 0.5, 'f1': 0.46984, 'auc': 0.93238}
test: {'epoch': 240, 'time_epoch': 0.04917, 'loss': 4.90497849, 'lr': 0, 'params': 276757, 'time_iter': 0.00492, 'accuracy': 0.2, 'f1': 0.16496, 'auc': 0.78362}
> Epoch 240: took 2.0s (avg 2.1s) | Best so far: epoch 199	train_loss: 0.1847 train_accuracy: 0.9402	val_loss: 2.1232 val_accuracy: 0.5167	test_loss: 4.5427 test_accuracy: 0.2032	F1: 0.1765 Prec: 0.1954 Rec: 0.2032
train: {'epoch': 241, 'time_epoch': 1.75125, 'eta': 14.9867, 'eta_hours': 0.00416, 'loss': 0.16855597, 'lr': 3.19e-06, 'params': 276757, 'time_iter': 0.00984, 'accuracy': 0.946, 'f1': 0.94601, 'auc': 0.99914}
val: {'epoch': 241, 'time_epoch': 0.07813, 'loss': 2.39772842, 'lr': 0, 'params': 276757, 'time_iter': 0.00558, 'accuracy': 0.49524, 'f1': 0.46377, 'auc': 0.9306}
test: {'epoch': 241, 'time_epoch': 0.05431, 'loss': 4.69950366, 'lr': 0, 'params': 276757, 'time_iter': 0.00543, 'accuracy': 0.20952, 'f1': 0.18081, 'auc': 0.78976}
> Epoch 241: took 1.9s (avg 2.1s) | Best so far: epoch 199	train_loss: 0.1847 train_accuracy: 0.9402	val_loss: 2.1232 val_accuracy: 0.5167	test_loss: 4.5427 test_accuracy: 0.2032	F1: 0.1765 Prec: 0.1954 Rec: 0.2032
train: {'epoch': 242, 'time_epoch': 1.66717, 'eta': 13.10742, 'eta_hours': 0.00364, 'loss': 0.17849307, 'lr': 2.52e-06, 'params': 276757, 'time_iter': 0.00937, 'accuracy': 0.94142, 'f1': 0.94143, 'auc': 0.99911}
val: {'epoch': 242, 'time_epoch': 0.06418, 'loss': 2.31154721, 'lr': 0, 'params': 276757, 'time_iter': 0.00458, 'accuracy': 0.5, 'f1': 0.47018, 'auc': 0.93404}
test: {'epoch': 242, 'time_epoch': 0.04848, 'loss': 4.96611196, 'lr': 0, 'params': 276757, 'time_iter': 0.00485, 'accuracy': 0.20635, 'f1': 0.16999, 'auc': 0.78277}
> Epoch 242: took 1.9s (avg 2.1s) | Best so far: epoch 199	train_loss: 0.1847 train_accuracy: 0.9402	val_loss: 2.1232 val_accuracy: 0.5167	test_loss: 4.5427 test_accuracy: 0.2032	F1: 0.1765 Prec: 0.1954 Rec: 0.2032
train: {'epoch': 243, 'time_epoch': 1.88247, 'eta': 11.23518, 'eta_hours': 0.00312, 'loss': 0.16712797, 'lr': 1.93e-06, 'params': 276757, 'time_iter': 0.01058, 'accuracy': 0.94477, 'f1': 0.94478, 'auc': 0.99924}
val: {'epoch': 243, 'time_epoch': 0.07147, 'loss': 2.28138294, 'lr': 0, 'params': 276757, 'time_iter': 0.00511, 'accuracy': 0.51429, 'f1': 0.48358, 'auc': 0.93465}
test: {'epoch': 243, 'time_epoch': 0.04976, 'loss': 4.7964208, 'lr': 0, 'params': 276757, 'time_iter': 0.00498, 'accuracy': 0.19365, 'f1': 0.16275, 'auc': 0.78764}
> Epoch 243: took 2.1s (avg 2.1s) | Best so far: epoch 199	train_loss: 0.1847 train_accuracy: 0.9402	val_loss: 2.1232 val_accuracy: 0.5167	test_loss: 4.5427 test_accuracy: 0.2032	F1: 0.1765 Prec: 0.1954 Rec: 0.2032
train: {'epoch': 244, 'time_epoch': 1.86191, 'eta': 9.36243, 'eta_hours': 0.0026, 'loss': 0.16261558, 'lr': 1.42e-06, 'params': 276757, 'time_iter': 0.01046, 'accuracy': 0.94758, 'f1': 0.94752, 'auc': 0.99932}
val: {'epoch': 244, 'time_epoch': 0.07212, 'loss': 2.23859515, 'lr': 0, 'params': 276757, 'time_iter': 0.00515, 'accuracy': 0.50952, 'f1': 0.47959, 'auc': 0.93466}
test: {'epoch': 244, 'time_epoch': 0.04479, 'loss': 4.7518164, 'lr': 0, 'params': 276757, 'time_iter': 0.00448, 'accuracy': 0.21587, 'f1': 0.18192, 'auc': 0.7862}
> Epoch 244: took 2.1s (avg 2.1s) | Best so far: epoch 199	train_loss: 0.1847 train_accuracy: 0.9402	val_loss: 2.1232 val_accuracy: 0.5167	test_loss: 4.5427 test_accuracy: 0.2032	F1: 0.1765 Prec: 0.1954 Rec: 0.2032
train: {'epoch': 245, 'time_epoch': 1.72372, 'eta': 7.48753, 'eta_hours': 0.00208, 'loss': 0.17907258, 'lr': 9.9e-07, 'params': 276757, 'time_iter': 0.00968, 'accuracy': 0.94142, 'f1': 0.94142, 'auc': 0.99911}
val: {'epoch': 245, 'time_epoch': 0.06496, 'loss': 2.35985046, 'lr': 0, 'params': 276757, 'time_iter': 0.00464, 'accuracy': 0.49762, 'f1': 0.4636, 'auc': 0.93107}
test: {'epoch': 245, 'time_epoch': 0.04656, 'loss': 4.90955419, 'lr': 0, 'params': 276757, 'time_iter': 0.00466, 'accuracy': 0.1873, 'f1': 0.15531, 'auc': 0.78349}
> Epoch 245: took 1.9s (avg 2.1s) | Best so far: epoch 199	train_loss: 0.1847 train_accuracy: 0.9402	val_loss: 2.1232 val_accuracy: 0.5167	test_loss: 4.5427 test_accuracy: 0.2032	F1: 0.1765 Prec: 0.1954 Rec: 0.2032
train: {'epoch': 246, 'time_epoch': 1.9559, 'eta': 5.61667, 'eta_hours': 0.00156, 'loss': 0.16613979, 'lr': 6.3e-07, 'params': 276757, 'time_iter': 0.01099, 'accuracy': 0.94776, 'f1': 0.94773, 'auc': 0.99925}
val: {'epoch': 246, 'time_epoch': 0.09834, 'loss': 2.35330066, 'lr': 0, 'params': 276757, 'time_iter': 0.00702, 'accuracy': 0.50238, 'f1': 0.47073, 'auc': 0.93228}
test: {'epoch': 246, 'time_epoch': 0.06387, 'loss': 4.67905751, 'lr': 0, 'params': 276757, 'time_iter': 0.00639, 'accuracy': 0.20635, 'f1': 0.17301, 'auc': 0.78896}
> Epoch 246: took 2.2s (avg 2.1s) | Best so far: epoch 199	train_loss: 0.1847 train_accuracy: 0.9402	val_loss: 2.1232 val_accuracy: 0.5167	test_loss: 4.5427 test_accuracy: 0.2032	F1: 0.1765 Prec: 0.1954 Rec: 0.2032
train: {'epoch': 247, 'time_epoch': 1.73693, 'eta': 3.74335, 'eta_hours': 0.00104, 'loss': 0.15065768, 'lr': 3.6e-07, 'params': 276757, 'time_iter': 0.00976, 'accuracy': 0.95427, 'f1': 0.95429, 'auc': 0.99937}
val: {'epoch': 247, 'time_epoch': 0.06285, 'loss': 2.32984541, 'lr': 0, 'params': 276757, 'time_iter': 0.00449, 'accuracy': 0.50714, 'f1': 0.478, 'auc': 0.93273}
test: {'epoch': 247, 'time_epoch': 0.05241, 'loss': 4.81484933, 'lr': 0, 'params': 276757, 'time_iter': 0.00524, 'accuracy': 0.19683, 'f1': 0.1634, 'auc': 0.78614}
> Epoch 247: took 1.9s (avg 2.1s) | Best so far: epoch 199	train_loss: 0.1847 train_accuracy: 0.9402	val_loss: 2.1232 val_accuracy: 0.5167	test_loss: 4.5427 test_accuracy: 0.2032	F1: 0.1765 Prec: 0.1954 Rec: 0.2032
train: {'epoch': 248, 'time_epoch': 2.09675, 'eta': 1.87258, 'eta_hours': 0.00052, 'loss': 0.15543256, 'lr': 1.6e-07, 'params': 276757, 'time_iter': 0.01178, 'accuracy': 0.95356, 'f1': 0.95355, 'auc': 0.99931}
val: {'epoch': 248, 'time_epoch': 0.07383, 'loss': 2.44511656, 'lr': 0, 'params': 276757, 'time_iter': 0.00527, 'accuracy': 0.4881, 'f1': 0.45364, 'auc': 0.92987}
test: {'epoch': 248, 'time_epoch': 0.06047, 'loss': 4.84980313, 'lr': 0, 'params': 276757, 'time_iter': 0.00605, 'accuracy': 0.19683, 'f1': 0.16662, 'auc': 0.78521}
> Epoch 248: took 2.3s (avg 2.1s) | Best so far: epoch 199	train_loss: 0.1847 train_accuracy: 0.9402	val_loss: 2.1232 val_accuracy: 0.5167	test_loss: 4.5427 test_accuracy: 0.2032	F1: 0.1765 Prec: 0.1954 Rec: 0.2032
train: {'epoch': 249, 'time_epoch': 1.97094, 'eta': 0.0, 'eta_hours': 0.0, 'loss': 0.16386454, 'lr': 4e-08, 'params': 276757, 'time_iter': 0.01107, 'accuracy': 0.94741, 'f1': 0.94735, 'auc': 0.9993}
val: {'epoch': 249, 'time_epoch': 0.06647, 'loss': 2.34239786, 'lr': 0, 'params': 276757, 'time_iter': 0.00475, 'accuracy': 0.5, 'f1': 0.46946, 'auc': 0.9323}
test: {'epoch': 249, 'time_epoch': 0.04783, 'loss': 4.80795785, 'lr': 0, 'params': 276757, 'time_iter': 0.00478, 'accuracy': 0.20952, 'f1': 0.17736, 'auc': 0.78595}
> Epoch 249: took 2.2s (avg 2.1s) | Best so far: epoch 199	train_loss: 0.1847 train_accuracy: 0.9402	val_loss: 2.1232 val_accuracy: 0.5167	test_loss: 4.5427 test_accuracy: 0.2032	F1: 0.1765 Prec: 0.1954 Rec: 0.2032
Avg time per epoch: 2.09s
Total train loop time: 0.15h
Task done, results saved in results_lopo_none/SS_3m
[*] All done: 2026-04-01 15:31:38.073577
