[*] Run ID 0: seed=0, split_index=0
    Starting now: 2026-04-01 13:09:26.567264
[*] Loaded dataset 'rfid' from 'RFID':
  Data(x=[51360, 60], edge_index=[2, 51360], y=[6420], y_user=[6420], subject=[6420])
  undirected: True
  num graphs: 6420
  avg num_nodes/graph: 8
  num node features: 60
  num edge features: 0
  num classes: 21
[*] LOPO Split: Test Subj=DE 3m, Val Subj=FQ 3m
    Train: 5580 | Val: 420 | Test: 420
GraphGymModule(
  (model): CustomGNN(
    (encoder): FeatureEncoder()
    (pre_mp): GeneralMultiLayer(
      (Layer_0): GeneralLayer(
        (layer): Linear(
          (model): Linear(60, 128, bias=False)
        )
        (post_layer): Sequential(
          (0): BatchNorm1d(128, eps=1e-05, momentum=0.1, affine=True, track_running_stats=True)
          (1): Dropout(p=0.2, inplace=False)
          (2): ReLU()
        )
      )
    )
    (gnn_layers): Sequential(
      (0): GCNConvLayer(
        (bn_node_x): BatchNorm1d(128, eps=1e-05, momentum=0.1, affine=True, track_running_stats=True)
        (act): Sequential(
          (0): ReLU()
          (1): Dropout(p=0.2, inplace=False)
        )
        (model): GCNConv(128, 128)
        (norm1_local): BatchNorm1d(128, eps=1e-05, momentum=0.1, affine=True, track_running_stats=True)
        (ff_linear1): Linear(in_features=128, out_features=256, bias=True)
        (ff_linear2): Linear(in_features=256, out_features=128, bias=True)
        (act_fn_ff): ReLU()
        (norm2): BatchNorm1d(128, eps=1e-05, momentum=0.1, affine=True, track_running_stats=True)
        (ff_dropout1): Dropout(p=0.2, inplace=False)
        (ff_dropout2): Dropout(p=0.2, inplace=False)
      )
      (1): GCNConvLayer(
        (bn_node_x): BatchNorm1d(128, eps=1e-05, momentum=0.1, affine=True, track_running_stats=True)
        (act): Sequential(
          (0): ReLU()
          (1): Dropout(p=0.2, inplace=False)
        )
        (model): GCNConv(128, 128)
        (norm1_local): BatchNorm1d(128, eps=1e-05, momentum=0.1, affine=True, track_running_stats=True)
        (ff_linear1): Linear(in_features=128, out_features=256, bias=True)
        (ff_linear2): Linear(in_features=256, out_features=128, bias=True)
        (act_fn_ff): ReLU()
        (norm2): BatchNorm1d(128, eps=1e-05, momentum=0.1, affine=True, track_running_stats=True)
        (ff_dropout1): Dropout(p=0.2, inplace=False)
        (ff_dropout2): Dropout(p=0.2, inplace=False)
      )
      (2): GCNConvLayer(
        (bn_node_x): BatchNorm1d(128, eps=1e-05, momentum=0.1, affine=True, track_running_stats=True)
        (act): Sequential(
          (0): ReLU()
          (1): Dropout(p=0.2, inplace=False)
        )
        (model): GCNConv(128, 128)
        (norm1_local): BatchNorm1d(128, eps=1e-05, momentum=0.1, affine=True, track_running_stats=True)
        (ff_linear1): Linear(in_features=128, out_features=256, bias=True)
        (ff_linear2): Linear(in_features=256, out_features=128, bias=True)
        (act_fn_ff): ReLU()
        (norm2): BatchNorm1d(128, eps=1e-05, momentum=0.1, affine=True, track_running_stats=True)
        (ff_dropout1): Dropout(p=0.2, inplace=False)
        (ff_dropout2): Dropout(p=0.2, inplace=False)
      )
    )
    (post_mp): MLPGraphHead(
      (mlp): Sequential(
        (0): Dropout(p=0.2, inplace=False)
        (1): Linear(in_features=128, out_features=128, bias=True)
        (2): ReLU()
        (3): Dropout(p=0.2, inplace=False)
        (4): Linear(in_features=128, out_features=21, bias=True)
      )
    )
  )
)
accelerator: cuda
adv:
  lambda_u: 0.1
  num_users: 16
  use: False
benchmark: False
bn:
  eps: 1e-05
  mom: 0.1
cfg_dest: config.yaml
custom_metrics: []
dataset:
  cache_load: False
  cache_save: False
  dir: C:\Users\PC\Desktop\AdversarialLearningProject 1\ICML\Adversarial_Learning\Daniel\RFIDDataSet\DataSetLOPO
  edge_dim: 128
  edge_encoder: False
  edge_encoder_bn: True
  edge_encoder_name: Bond
  edge_encoder_num_types: 0
  edge_message_ratio: 0.8
  edge_negative_sampling_ratio: 1.0
  edge_train_mode: all
  encoder: True
  encoder_bn: True
  encoder_dim: 128
  encoder_name: db
  format: RFID
  infer_link_label: None
  label_column: none
  label_table: none
  location: local
  name: rfid
  node_encoder: False
  node_encoder_bn: True
  node_encoder_name: Atom
  node_encoder_num_types: 0
  remove_feature: False
  resample_disjoint: False
  resample_negative: False
  shuffle_split: True
  slic_compactness: 10
  split: [0.8, 0.1, 0.1]
  split_dir: ./splits
  split_index: 0
  split_mode: lopo-subject
  task: graph
  task_type: classification
  test_subj: DE 3m
  to_undirected: False
  transductive: False
  transform: none
  tu_simple: True
  val_subj: FQ 3m
devices: 1
example_arg: example
example_group:
  example_arg: example
gnn:
  act: relu
  agg: add
  att_final_linear: False
  att_final_linear_bn: False
  att_heads: 1
  batchnorm: True
  clear_feature: True
  dim_inner: 128
  dropout: 0.2
  ffn: True
  head: mlp_graph
  keep_edge: 0.5
  l2norm: True
  layer_type: gcn
  layers_mp: 3
  layers_post_mp: 2
  layers_pre_mp: 1
  msg_direction: single
  normalize_adj: False
  residual: False
  self_msg: concat
  skip_every: 1
  stage_type: stack
gpu_mem: False
mem:
  inplace: False
metric_agg: argmax
metric_best: accuracy
model:
  edge_decoding: dot
  graph_pooling: mean
  loss_fun: cross_entropy
  match_upper: True
  size_average: mean
  thresh: 0.5
  type: custom_gnn
name_tag: 
num_threads: 6
num_workers: 0
optim:
  base_lr: 0.001
  batch_accumulation: 1
  clip_grad_norm: False
  clip_grad_norm_value: 1.0
  lr_decay: 0.1
  max_epoch: 250
  min_lr: 0.0
  momentum: 0.9
  num_warmup_epochs: 50
  optimizer: adam
  reduce_factor: 0.1
  schedule_patience: 10
  scheduler: cos
  steps: [30, 60, 90]
  weight_decay: 0.0005
out_dir: results_lopo_none/DE_3m
posenc_RWSE:
  dim_pe: 16
  enable: False
  kernel:
    times: []
    times_func: 
  layers: 3
  model: none
  n_heads: 4
  pass_as_var: False
  post_layers: 0
  raw_norm_type: none
pretrained:
  dir: 
  freeze_main: False
  reset_prediction_head: True
print: both
round: 5
run_dir: results_lopo_none/DE_3m
run_id: 0
run_multiple_splits: []
seed: 0
share:
  dim_in: 60
  dim_out: 21
  num_splits: 3
tensorboard_agg: True
tensorboard_each_run: False
train:
  auto_resume: False
  batch_size: 32
  ckpt_best: False
  ckpt_clean: True
  ckpt_period: 100
  enable_ckpt: True
  epoch_resume: -1
  eval_period: 1
  eval_smoothing_metrics: False
  iter_per_epoch: 32
  mode: custom
  neighbor_sizes: [20, 15, 10, 5]
  node_per_graph: 32
  radius: extend
  sample_node: False
  sampler: full_batch
  skip_train_eval: False
  walk_length: 4
val:
  node_per_graph: 32
  radius: extend
  sample_node: False
  sampler: full_batch
view_emb: False
wandb:
  entity: gnn
  name: 
  project: rfid_lopo
  use: False
Num parameters: 276757
Start from epoch 0
train: {'epoch': 0, 'time_epoch': 2.61793, 'eta': 651.86533, 'eta_hours': 0.18107, 'loss': 2.58350143, 'lr': 0.001, 'params': 276757, 'time_iter': 0.01496, 'accuracy': 0.19247, 'f1': 0.17114, 'auc': 0.76934}
...computing epoch stats took: 0.09s
val: {'epoch': 0, 'time_epoch': 0.11338, 'loss': 3.03093857, 'lr': 0, 'params': 276757, 'time_iter': 0.0081, 'accuracy': 0.15714, 'f1': 0.05984, 'auc': 0.62837}
...computing epoch stats took: 0.04s
test: {'epoch': 0, 'time_epoch': 0.10909, 'loss': 2.98704979, 'lr': 0, 'params': 276757, 'time_iter': 0.00779, 'accuracy': 0.09524, 'f1': 0.03955, 'auc': 0.76274}
...computing epoch stats took: 0.03s
[*] Confusion Matrix saved to: results_lopo_none/DE_3m\Conf\confusion_matrix_epoch_0.png
> Epoch 0: took 3.0s (avg 3.0s) | Best so far: epoch 0	train_loss: 2.5835 train_accuracy: 0.1925	val_loss: 3.0309 val_accuracy: 0.1571	test_loss: 2.9870 test_accuracy: 0.0952	F1: 0.0395 Prec: 0.0279 Rec: 0.0952
train: {'epoch': 1, 'time_epoch': 1.85788, 'eta': 555.00121, 'eta_hours': 0.15417, 'loss': 2.05858833, 'lr': 0.00099996, 'params': 276757, 'time_iter': 0.01062, 'accuracy': 0.3129, 'f1': 0.29701, 'auc': 0.87387}
...computing epoch stats took: 0.02s
val: {'epoch': 1, 'time_epoch': 0.0709, 'loss': 3.17068164, 'lr': 0, 'params': 276757, 'time_iter': 0.00506, 'accuracy': 0.10476, 'f1': 0.04171, 'auc': 0.66843}
...computing epoch stats took: 0.03s
test: {'epoch': 1, 'time_epoch': 0.09359, 'loss': 3.38860811, 'lr': 0, 'params': 276757, 'time_iter': 0.00668, 'accuracy': 0.07857, 'f1': 0.02444, 'auc': 0.75107}
...computing epoch stats took: 0.03s
> Epoch 1: took 2.1s (avg 2.6s) | Best so far: epoch 0	train_loss: 2.5835 train_accuracy: 0.1925	val_loss: 3.0309 val_accuracy: 0.1571	test_loss: 2.9870 test_accuracy: 0.0952	F1: 0.0395 Prec: 0.0279 Rec: 0.0952
train: {'epoch': 2, 'time_epoch': 1.76578, 'eta': 513.89136, 'eta_hours': 0.14275, 'loss': 1.86101206, 'lr': 0.00099984, 'params': 276757, 'time_iter': 0.01009, 'accuracy': 0.37491, 'f1': 0.36207, 'auc': 0.90014}
...computing epoch stats took: 0.02s
val: {'epoch': 2, 'time_epoch': 0.06383, 'loss': 4.00386385, 'lr': 0, 'params': 276757, 'time_iter': 0.00456, 'accuracy': 0.13095, 'f1': 0.06607, 'auc': 0.67386}
...computing epoch stats took: 0.02s
test: {'epoch': 2, 'time_epoch': 0.06377, 'loss': 4.28609652, 'lr': 0, 'params': 276757, 'time_iter': 0.00455, 'accuracy': 0.12619, 'f1': 0.06993, 'auc': 0.74442}
...computing epoch stats took: 0.02s
> Epoch 2: took 2.0s (avg 2.4s) | Best so far: epoch 0	train_loss: 2.5835 train_accuracy: 0.1925	val_loss: 3.0309 val_accuracy: 0.1571	test_loss: 2.9870 test_accuracy: 0.0952	F1: 0.0395 Prec: 0.0279 Rec: 0.0952
train: {'epoch': 3, 'time_epoch': 1.74389, 'eta': 491.10763, 'eta_hours': 0.13642, 'loss': 1.76125507, 'lr': 0.00099964, 'params': 276757, 'time_iter': 0.00997, 'accuracy': 0.4009, 'f1': 0.39204, 'auc': 0.91244}
val: {'epoch': 3, 'time_epoch': 0.08119, 'loss': 4.66484144, 'lr': 0, 'params': 276757, 'time_iter': 0.0058, 'accuracy': 0.08571, 'f1': 0.03604, 'auc': 0.70757}
test: {'epoch': 3, 'time_epoch': 0.06871, 'loss': 4.67337927, 'lr': 0, 'params': 276757, 'time_iter': 0.00491, 'accuracy': 0.20476, 'f1': 0.10228, 'auc': 0.78631}
> Epoch 3: took 2.0s (avg 2.3s) | Best so far: epoch 0	train_loss: 2.5835 train_accuracy: 0.1925	val_loss: 3.0309 val_accuracy: 0.1571	test_loss: 2.9870 test_accuracy: 0.0952	F1: 0.0395 Prec: 0.0279 Rec: 0.0952
train: {'epoch': 4, 'time_epoch': 1.8882, 'eta': 483.81103, 'eta_hours': 0.13439, 'loss': 1.63455851, 'lr': 0.00099937, 'params': 276757, 'time_iter': 0.01079, 'accuracy': 0.44695, 'f1': 0.43986, 'auc': 0.92531}
val: {'epoch': 4, 'time_epoch': 0.10686, 'loss': 5.58579967, 'lr': 0, 'params': 276757, 'time_iter': 0.00763, 'accuracy': 0.15238, 'f1': 0.07066, 'auc': 0.70434}
test: {'epoch': 4, 'time_epoch': 0.06581, 'loss': 6.58127792, 'lr': 0, 'params': 276757, 'time_iter': 0.0047, 'accuracy': 0.09048, 'f1': 0.03089, 'auc': 0.69145}
> Epoch 4: took 2.2s (avg 2.2s) | Best so far: epoch 0	train_loss: 2.5835 train_accuracy: 0.1925	val_loss: 3.0309 val_accuracy: 0.1571	test_loss: 2.9870 test_accuracy: 0.0952	F1: 0.0395 Prec: 0.0279 Rec: 0.0952
train: {'epoch': 5, 'time_epoch': 1.77429, 'eta': 473.68472, 'eta_hours': 0.13158, 'loss': 1.59265593, 'lr': 0.00099901, 'params': 276757, 'time_iter': 0.01014, 'accuracy': 0.45896, 'f1': 0.4539, 'auc': 0.92938}
val: {'epoch': 5, 'time_epoch': 0.06913, 'loss': 6.02682009, 'lr': 0, 'params': 276757, 'time_iter': 0.00494, 'accuracy': 0.15238, 'f1': 0.07479, 'auc': 0.70898}
test: {'epoch': 5, 'time_epoch': 0.06704, 'loss': 6.50121884, 'lr': 0, 'params': 276757, 'time_iter': 0.00479, 'accuracy': 0.14286, 'f1': 0.06456, 'auc': 0.74476}
> Epoch 5: took 2.0s (avg 2.2s) | Best so far: epoch 0	train_loss: 2.5835 train_accuracy: 0.1925	val_loss: 3.0309 val_accuracy: 0.1571	test_loss: 2.9870 test_accuracy: 0.0952	F1: 0.0395 Prec: 0.0279 Rec: 0.0952
train: {'epoch': 6, 'time_epoch': 1.97806, 'eta': 473.01855, 'eta_hours': 0.13139, 'loss': 1.54288676, 'lr': 0.00099858, 'params': 276757, 'time_iter': 0.0113, 'accuracy': 0.48513, 'f1': 0.4801, 'auc': 0.93359}
val: {'epoch': 6, 'time_epoch': 0.06153, 'loss': 3.71121042, 'lr': 0, 'params': 276757, 'time_iter': 0.00439, 'accuracy': 0.09524, 'f1': 0.04662, 'auc': 0.77503}
test: {'epoch': 6, 'time_epoch': 0.06954, 'loss': 4.35324636, 'lr': 0, 'params': 276757, 'time_iter': 0.00497, 'accuracy': 0.13571, 'f1': 0.07575, 'auc': 0.74307}
> Epoch 6: took 2.2s (avg 2.2s) | Best so far: epoch 0	train_loss: 2.5835 train_accuracy: 0.1925	val_loss: 3.0309 val_accuracy: 0.1571	test_loss: 2.9870 test_accuracy: 0.0952	F1: 0.0395 Prec: 0.0279 Rec: 0.0952
train: {'epoch': 7, 'time_epoch': 2.16313, 'eta': 477.62267, 'eta_hours': 0.13267, 'loss': 1.47262327, 'lr': 0.00099807, 'params': 276757, 'time_iter': 0.01236, 'accuracy': 0.50161, 'f1': 0.49759, 'auc': 0.94033}
val: {'epoch': 7, 'time_epoch': 0.08367, 'loss': 5.10945788, 'lr': 0, 'params': 276757, 'time_iter': 0.00598, 'accuracy': 0.1, 'f1': 0.0382, 'auc': 0.70338}
test: {'epoch': 7, 'time_epoch': 0.08289, 'loss': 5.91636571, 'lr': 0, 'params': 276757, 'time_iter': 0.00592, 'accuracy': 0.07143, 'f1': 0.04021, 'auc': 0.69533}
> Epoch 7: took 2.4s (avg 2.2s) | Best so far: epoch 0	train_loss: 2.5835 train_accuracy: 0.1925	val_loss: 3.0309 val_accuracy: 0.1571	test_loss: 2.9870 test_accuracy: 0.0952	F1: 0.0395 Prec: 0.0279 Rec: 0.0952
train: {'epoch': 8, 'time_epoch': 1.92485, 'eta': 474.34247, 'eta_hours': 0.13176, 'loss': 1.45709183, 'lr': 0.00099748, 'params': 276757, 'time_iter': 0.011, 'accuracy': 0.50609, 'f1': 0.50208, 'auc': 0.94216}
val: {'epoch': 8, 'time_epoch': 0.06672, 'loss': 4.68080091, 'lr': 0, 'params': 276757, 'time_iter': 0.00477, 'accuracy': 0.0881, 'f1': 0.05048, 'auc': 0.7322}
test: {'epoch': 8, 'time_epoch': 0.06986, 'loss': 5.09345675, 'lr': 0, 'params': 276757, 'time_iter': 0.00499, 'accuracy': 0.16667, 'f1': 0.07517, 'auc': 0.7511}
> Epoch 8: took 2.1s (avg 2.2s) | Best so far: epoch 0	train_loss: 2.5835 train_accuracy: 0.1925	val_loss: 3.0309 val_accuracy: 0.1571	test_loss: 2.9870 test_accuracy: 0.0952	F1: 0.0395 Prec: 0.0279 Rec: 0.0952
train: {'epoch': 9, 'time_epoch': 1.88921, 'eta': 470.47777, 'eta_hours': 0.13069, 'loss': 1.38695716, 'lr': 0.00099681, 'params': 276757, 'time_iter': 0.0108, 'accuracy': 0.52204, 'f1': 0.5183, 'auc': 0.94762}
val: {'epoch': 9, 'time_epoch': 0.07127, 'loss': 3.42968787, 'lr': 0, 'params': 276757, 'time_iter': 0.00509, 'accuracy': 0.11429, 'f1': 0.07849, 'auc': 0.78137}
test: {'epoch': 9, 'time_epoch': 0.07088, 'loss': 4.36114043, 'lr': 0, 'params': 276757, 'time_iter': 0.00506, 'accuracy': 0.15714, 'f1': 0.08886, 'auc': 0.78065}
> Epoch 9: took 2.1s (avg 2.2s) | Best so far: epoch 0	train_loss: 2.5835 train_accuracy: 0.1925	val_loss: 3.0309 val_accuracy: 0.1571	test_loss: 2.9870 test_accuracy: 0.0952	F1: 0.0395 Prec: 0.0279 Rec: 0.0952
train: {'epoch': 10, 'time_epoch': 1.75476, 'eta': 464.05102, 'eta_hours': 0.1289, 'loss': 1.34766161, 'lr': 0.00099606, 'params': 276757, 'time_iter': 0.01003, 'accuracy': 0.53602, 'f1': 0.53276, 'auc': 0.95086}
val: {'epoch': 10, 'time_epoch': 0.06913, 'loss': 10.45254095, 'lr': 0, 'params': 276757, 'time_iter': 0.00494, 'accuracy': 0.09524, 'f1': 0.03004, 'auc': 0.54893}
test: {'epoch': 10, 'time_epoch': 0.07056, 'loss': 10.91588808, 'lr': 0, 'params': 276757, 'time_iter': 0.00504, 'accuracy': 0.04762, 'f1': 0.00446, 'auc': 0.64902}
> Epoch 10: took 2.0s (avg 2.2s) | Best so far: epoch 0	train_loss: 2.5835 train_accuracy: 0.1925	val_loss: 3.0309 val_accuracy: 0.1571	test_loss: 2.9870 test_accuracy: 0.0952	F1: 0.0395 Prec: 0.0279 Rec: 0.0952
train: {'epoch': 11, 'time_epoch': 1.83541, 'eta': 460.00249, 'eta_hours': 0.12778, 'loss': 1.3152556, 'lr': 0.00099523, 'params': 276757, 'time_iter': 0.01049, 'accuracy': 0.55824, 'f1': 0.55582, 'auc': 0.95347}
val: {'epoch': 11, 'time_epoch': 0.0699, 'loss': 4.34530326, 'lr': 0, 'params': 276757, 'time_iter': 0.00499, 'accuracy': 0.05952, 'f1': 0.02865, 'auc': 0.70398}
test: {'epoch': 11, 'time_epoch': 0.08223, 'loss': 4.50028081, 'lr': 0, 'params': 276757, 'time_iter': 0.00587, 'accuracy': 0.11429, 'f1': 0.06062, 'auc': 0.78661}
> Epoch 11: took 2.1s (avg 2.2s) | Best so far: epoch 0	train_loss: 2.5835 train_accuracy: 0.1925	val_loss: 3.0309 val_accuracy: 0.1571	test_loss: 2.9870 test_accuracy: 0.0952	F1: 0.0395 Prec: 0.0279 Rec: 0.0952
train: {'epoch': 12, 'time_epoch': 1.88588, 'eta': 457.21469, 'eta_hours': 0.127, 'loss': 1.30618701, 'lr': 0.00099433, 'params': 276757, 'time_iter': 0.01078, 'accuracy': 0.55323, 'f1': 0.55034, 'auc': 0.95384}
val: {'epoch': 12, 'time_epoch': 0.08426, 'loss': 5.02405665, 'lr': 0, 'params': 276757, 'time_iter': 0.00602, 'accuracy': 0.16667, 'f1': 0.10343, 'auc': 0.76673}
test: {'epoch': 12, 'time_epoch': 0.08877, 'loss': 5.46577637, 'lr': 0, 'params': 276757, 'time_iter': 0.00634, 'accuracy': 0.16667, 'f1': 0.07759, 'auc': 0.79539}
[*] Confusion Matrix saved to: results_lopo_none/DE_3m\Conf\confusion_matrix_epoch_12.png
> Epoch 12: took 2.1s (avg 2.2s) | Best so far: epoch 12	train_loss: 1.3062 train_accuracy: 0.5532	val_loss: 5.0241 val_accuracy: 0.1667	test_loss: 5.4658 test_accuracy: 0.1667	F1: 0.0776 Prec: 0.1020 Rec: 0.1667
train: {'epoch': 13, 'time_epoch': 1.83448, 'eta': 453.68916, 'eta_hours': 0.12602, 'loss': 1.23296363, 'lr': 0.00099334, 'params': 276757, 'time_iter': 0.01048, 'accuracy': 0.57849, 'f1': 0.57598, 'auc': 0.95907}
val: {'epoch': 13, 'time_epoch': 0.08047, 'loss': 5.3568757, 'lr': 0, 'params': 276757, 'time_iter': 0.00575, 'accuracy': 0.07619, 'f1': 0.0248, 'auc': 0.69682}
test: {'epoch': 13, 'time_epoch': 0.07232, 'loss': 5.86110548, 'lr': 0, 'params': 276757, 'time_iter': 0.00517, 'accuracy': 0.10476, 'f1': 0.0419, 'auc': 0.7383}
> Epoch 13: took 2.1s (avg 2.2s) | Best so far: epoch 12	train_loss: 1.3062 train_accuracy: 0.5532	val_loss: 5.0241 val_accuracy: 0.1667	test_loss: 5.4658 test_accuracy: 0.1667	F1: 0.0776 Prec: 0.1020 Rec: 0.1667
train: {'epoch': 14, 'time_epoch': 1.78715, 'eta': 449.64764, 'eta_hours': 0.1249, 'loss': 1.23911573, 'lr': 0.00099228, 'params': 276757, 'time_iter': 0.01021, 'accuracy': 0.5767, 'f1': 0.57466, 'auc': 0.95885}
val: {'epoch': 14, 'time_epoch': 0.09725, 'loss': 5.63392232, 'lr': 0, 'params': 276757, 'time_iter': 0.00695, 'accuracy': 0.08095, 'f1': 0.03506, 'auc': 0.68267}
test: {'epoch': 14, 'time_epoch': 0.08983, 'loss': 5.9048733, 'lr': 0, 'params': 276757, 'time_iter': 0.00642, 'accuracy': 0.05952, 'f1': 0.02781, 'auc': 0.73123}
> Epoch 14: took 2.1s (avg 2.2s) | Best so far: epoch 12	train_loss: 1.3062 train_accuracy: 0.5532	val_loss: 5.0241 val_accuracy: 0.1667	test_loss: 5.4658 test_accuracy: 0.1667	F1: 0.0776 Prec: 0.1020 Rec: 0.1667
train: {'epoch': 15, 'time_epoch': 1.94709, 'eta': 448.22709, 'eta_hours': 0.12451, 'loss': 1.16666559, 'lr': 0.00099114, 'params': 276757, 'time_iter': 0.01113, 'accuracy': 0.60054, 'f1': 0.59834, 'auc': 0.96341}
val: {'epoch': 15, 'time_epoch': 0.07293, 'loss': 4.15477331, 'lr': 0, 'params': 276757, 'time_iter': 0.00521, 'accuracy': 0.03571, 'f1': 0.02412, 'auc': 0.74515}
test: {'epoch': 15, 'time_epoch': 0.07032, 'loss': 4.35640635, 'lr': 0, 'params': 276757, 'time_iter': 0.00502, 'accuracy': 0.18095, 'f1': 0.10572, 'auc': 0.80695}
> Epoch 15: took 2.2s (avg 2.2s) | Best so far: epoch 12	train_loss: 1.3062 train_accuracy: 0.5532	val_loss: 5.0241 val_accuracy: 0.1667	test_loss: 5.4658 test_accuracy: 0.1667	F1: 0.0776 Prec: 0.1020 Rec: 0.1667
train: {'epoch': 16, 'time_epoch': 1.98694, 'eta': 447.29079, 'eta_hours': 0.12425, 'loss': 1.16524481, 'lr': 0.00098993, 'params': 276757, 'time_iter': 0.01135, 'accuracy': 0.60341, 'f1': 0.60142, 'auc': 0.96358}
val: {'epoch': 16, 'time_epoch': 0.07588, 'loss': 7.37891048, 'lr': 0, 'params': 276757, 'time_iter': 0.00542, 'accuracy': 0.11429, 'f1': 0.04865, 'auc': 0.63366}
test: {'epoch': 16, 'time_epoch': 0.08493, 'loss': 7.54456709, 'lr': 0, 'params': 276757, 'time_iter': 0.00607, 'accuracy': 0.10238, 'f1': 0.04633, 'auc': 0.71639}
> Epoch 16: took 2.3s (avg 2.2s) | Best so far: epoch 12	train_loss: 1.3062 train_accuracy: 0.5532	val_loss: 5.0241 val_accuracy: 0.1667	test_loss: 5.4658 test_accuracy: 0.1667	F1: 0.0776 Prec: 0.1020 Rec: 0.1667
train: {'epoch': 17, 'time_epoch': 1.8468, 'eta': 444.43142, 'eta_hours': 0.12345, 'loss': 1.12936951, 'lr': 0.00098863, 'params': 276757, 'time_iter': 0.01055, 'accuracy': 0.61344, 'f1': 0.61125, 'auc': 0.96515}
val: {'epoch': 17, 'time_epoch': 0.07962, 'loss': 6.83615308, 'lr': 0, 'params': 276757, 'time_iter': 0.00569, 'accuracy': 0.11667, 'f1': 0.03848, 'auc': 0.7271}
test: {'epoch': 17, 'time_epoch': 0.083, 'loss': 8.14239612, 'lr': 0, 'params': 276757, 'time_iter': 0.00593, 'accuracy': 0.09524, 'f1': 0.0281, 'auc': 0.72632}
> Epoch 17: took 2.1s (avg 2.2s) | Best so far: epoch 12	train_loss: 1.3062 train_accuracy: 0.5532	val_loss: 5.0241 val_accuracy: 0.1667	test_loss: 5.4658 test_accuracy: 0.1667	F1: 0.0776 Prec: 0.1020 Rec: 0.1667
train: {'epoch': 18, 'time_epoch': 1.867, 'eta': 441.92429, 'eta_hours': 0.12276, 'loss': 1.11178404, 'lr': 0.00098726, 'params': 276757, 'time_iter': 0.01067, 'accuracy': 0.62151, 'f1': 0.61913, 'auc': 0.96692}
val: {'epoch': 18, 'time_epoch': 0.07147, 'loss': 3.80524447, 'lr': 0, 'params': 276757, 'time_iter': 0.0051, 'accuracy': 0.12143, 'f1': 0.10503, 'auc': 0.76259}
test: {'epoch': 18, 'time_epoch': 0.05574, 'loss': 3.9735698, 'lr': 0, 'params': 276757, 'time_iter': 0.00398, 'accuracy': 0.19524, 'f1': 0.11327, 'auc': 0.82457}
> Epoch 18: took 2.1s (avg 2.2s) | Best so far: epoch 12	train_loss: 1.3062 train_accuracy: 0.5532	val_loss: 5.0241 val_accuracy: 0.1667	test_loss: 5.4658 test_accuracy: 0.1667	F1: 0.0776 Prec: 0.1020 Rec: 0.1667
train: {'epoch': 19, 'time_epoch': 1.72764, 'eta': 437.87848, 'eta_hours': 0.12163, 'loss': 1.10572424, 'lr': 0.00098582, 'params': 276757, 'time_iter': 0.00987, 'accuracy': 0.63333, 'f1': 0.63174, 'auc': 0.96674}
val: {'epoch': 19, 'time_epoch': 0.11661, 'loss': 5.69031744, 'lr': 0, 'params': 276757, 'time_iter': 0.00833, 'accuracy': 0.08095, 'f1': 0.04898, 'auc': 0.7166}
test: {'epoch': 19, 'time_epoch': 0.08601, 'loss': 5.65430893, 'lr': 0, 'params': 276757, 'time_iter': 0.00614, 'accuracy': 0.16905, 'f1': 0.09797, 'auc': 0.77708}
> Epoch 19: took 2.0s (avg 2.2s) | Best so far: epoch 12	train_loss: 1.3062 train_accuracy: 0.5532	val_loss: 5.0241 val_accuracy: 0.1667	test_loss: 5.4658 test_accuracy: 0.1667	F1: 0.0776 Prec: 0.1020 Rec: 0.1667
train: {'epoch': 20, 'time_epoch': 1.66849, 'eta': 433.40843, 'eta_hours': 0.12039, 'loss': 1.06293177, 'lr': 0.00098429, 'params': 276757, 'time_iter': 0.00953, 'accuracy': 0.63351, 'f1': 0.63204, 'auc': 0.96972}
val: {'epoch': 20, 'time_epoch': 0.07019, 'loss': 3.40590167, 'lr': 0, 'params': 276757, 'time_iter': 0.00501, 'accuracy': 0.15, 'f1': 0.10564, 'auc': 0.77839}
test: {'epoch': 20, 'time_epoch': 0.06915, 'loss': 3.59475355, 'lr': 0, 'params': 276757, 'time_iter': 0.00494, 'accuracy': 0.25, 'f1': 0.17578, 'auc': 0.81861}
> Epoch 20: took 1.9s (avg 2.1s) | Best so far: epoch 12	train_loss: 1.3062 train_accuracy: 0.5532	val_loss: 5.0241 val_accuracy: 0.1667	test_loss: 5.4658 test_accuracy: 0.1667	F1: 0.0776 Prec: 0.1020 Rec: 0.1667
train: {'epoch': 21, 'time_epoch': 1.72543, 'eta': 429.7832, 'eta_hours': 0.11938, 'loss': 1.01597209, 'lr': 0.00098269, 'params': 276757, 'time_iter': 0.00986, 'accuracy': 0.65627, 'f1': 0.65447, 'auc': 0.97203}
val: {'epoch': 21, 'time_epoch': 0.06737, 'loss': 7.00242369, 'lr': 0, 'params': 276757, 'time_iter': 0.00481, 'accuracy': 0.05952, 'f1': 0.01871, 'auc': 0.69363}
test: {'epoch': 21, 'time_epoch': 0.07055, 'loss': 8.09057659, 'lr': 0, 'params': 276757, 'time_iter': 0.00504, 'accuracy': 0.05238, 'f1': 0.01177, 'auc': 0.7021}
> Epoch 21: took 2.0s (avg 2.1s) | Best so far: epoch 12	train_loss: 1.3062 train_accuracy: 0.5532	val_loss: 5.0241 val_accuracy: 0.1667	test_loss: 5.4658 test_accuracy: 0.1667	F1: 0.0776 Prec: 0.1020 Rec: 0.1667
train: {'epoch': 22, 'time_epoch': 2.02742, 'eta': 429.30365, 'eta_hours': 0.11925, 'loss': 1.03260508, 'lr': 0.00098101, 'params': 276757, 'time_iter': 0.01159, 'accuracy': 0.65, 'f1': 0.6492, 'auc': 0.97118}
val: {'epoch': 22, 'time_epoch': 0.07032, 'loss': 5.3423876, 'lr': 0, 'params': 276757, 'time_iter': 0.00502, 'accuracy': 0.10714, 'f1': 0.0626, 'auc': 0.73603}
test: {'epoch': 22, 'time_epoch': 0.07011, 'loss': 5.53819458, 'lr': 0, 'params': 276757, 'time_iter': 0.00501, 'accuracy': 0.14286, 'f1': 0.09498, 'auc': 0.80057}
> Epoch 22: took 2.2s (avg 2.1s) | Best so far: epoch 12	train_loss: 1.3062 train_accuracy: 0.5532	val_loss: 5.0241 val_accuracy: 0.1667	test_loss: 5.4658 test_accuracy: 0.1667	F1: 0.0776 Prec: 0.1020 Rec: 0.1667
train: {'epoch': 23, 'time_epoch': 1.85212, 'eta': 427.04435, 'eta_hours': 0.11862, 'loss': 0.97652329, 'lr': 0.00097926, 'params': 276757, 'time_iter': 0.01058, 'accuracy': 0.66703, 'f1': 0.6656, 'auc': 0.97464}
val: {'epoch': 23, 'time_epoch': 0.06877, 'loss': 4.80858838, 'lr': 0, 'params': 276757, 'time_iter': 0.00491, 'accuracy': 0.10714, 'f1': 0.05031, 'auc': 0.77118}
test: {'epoch': 23, 'time_epoch': 0.08203, 'loss': 6.10073049, 'lr': 0, 'params': 276757, 'time_iter': 0.00586, 'accuracy': 0.11429, 'f1': 0.06602, 'auc': 0.73833}
> Epoch 23: took 2.1s (avg 2.1s) | Best so far: epoch 12	train_loss: 1.3062 train_accuracy: 0.5532	val_loss: 5.0241 val_accuracy: 0.1667	test_loss: 5.4658 test_accuracy: 0.1667	F1: 0.0776 Prec: 0.1020 Rec: 0.1667
train: {'epoch': 24, 'time_epoch': 1.9822, 'eta': 425.98839, 'eta_hours': 0.11833, 'loss': 0.98697534, 'lr': 0.00097743, 'params': 276757, 'time_iter': 0.01133, 'accuracy': 0.66416, 'f1': 0.66344, 'auc': 0.97394}
val: {'epoch': 24, 'time_epoch': 0.07203, 'loss': 5.06401667, 'lr': 0, 'params': 276757, 'time_iter': 0.00514, 'accuracy': 0.1, 'f1': 0.06976, 'auc': 0.72776}
test: {'epoch': 24, 'time_epoch': 0.09444, 'loss': 5.76196399, 'lr': 0, 'params': 276757, 'time_iter': 0.00675, 'accuracy': 0.1381, 'f1': 0.10071, 'auc': 0.77145}
> Epoch 24: took 2.2s (avg 2.1s) | Best so far: epoch 12	train_loss: 1.3062 train_accuracy: 0.5532	val_loss: 5.0241 val_accuracy: 0.1667	test_loss: 5.4658 test_accuracy: 0.1667	F1: 0.0776 Prec: 0.1020 Rec: 0.1667
train: {'epoch': 25, 'time_epoch': 1.87192, 'eta': 423.91105, 'eta_hours': 0.11775, 'loss': 0.94511754, 'lr': 0.00097553, 'params': 276757, 'time_iter': 0.0107, 'accuracy': 0.68047, 'f1': 0.67925, 'auc': 0.97574}
val: {'epoch': 25, 'time_epoch': 0.0919, 'loss': 5.14305213, 'lr': 0, 'params': 276757, 'time_iter': 0.00656, 'accuracy': 0.1, 'f1': 0.04095, 'auc': 0.71878}
test: {'epoch': 25, 'time_epoch': 0.07379, 'loss': 5.61226321, 'lr': 0, 'params': 276757, 'time_iter': 0.00527, 'accuracy': 0.21429, 'f1': 0.11859, 'auc': 0.78739}
> Epoch 25: took 2.1s (avg 2.1s) | Best so far: epoch 12	train_loss: 1.3062 train_accuracy: 0.5532	val_loss: 5.0241 val_accuracy: 0.1667	test_loss: 5.4658 test_accuracy: 0.1667	F1: 0.0776 Prec: 0.1020 Rec: 0.1667
train: {'epoch': 26, 'time_epoch': 2.10265, 'eta': 423.75459, 'eta_hours': 0.11771, 'loss': 0.960269, 'lr': 0.00097355, 'params': 276757, 'time_iter': 0.01202, 'accuracy': 0.67939, 'f1': 0.67825, 'auc': 0.97524}
val: {'epoch': 26, 'time_epoch': 0.09276, 'loss': 5.29412454, 'lr': 0, 'params': 276757, 'time_iter': 0.00663, 'accuracy': 0.11429, 'f1': 0.07179, 'auc': 0.71923}
test: {'epoch': 26, 'time_epoch': 0.08834, 'loss': 6.55848744, 'lr': 0, 'params': 276757, 'time_iter': 0.00631, 'accuracy': 0.13333, 'f1': 0.06088, 'auc': 0.72836}
> Epoch 26: took 2.4s (avg 2.1s) | Best so far: epoch 12	train_loss: 1.3062 train_accuracy: 0.5532	val_loss: 5.0241 val_accuracy: 0.1667	test_loss: 5.4658 test_accuracy: 0.1667	F1: 0.0776 Prec: 0.1020 Rec: 0.1667
train: {'epoch': 27, 'time_epoch': 1.91687, 'eta': 421.98612, 'eta_hours': 0.11722, 'loss': 0.92904875, 'lr': 0.0009715, 'params': 276757, 'time_iter': 0.01095, 'accuracy': 0.68835, 'f1': 0.68776, 'auc': 0.97699}
val: {'epoch': 27, 'time_epoch': 0.07409, 'loss': 7.37704842, 'lr': 0, 'params': 276757, 'time_iter': 0.00529, 'accuracy': 0.0881, 'f1': 0.05092, 'auc': 0.65135}
test: {'epoch': 27, 'time_epoch': 0.06269, 'loss': 8.85920159, 'lr': 0, 'params': 276757, 'time_iter': 0.00448, 'accuracy': 0.05, 'f1': 0.00981, 'auc': 0.67912}
> Epoch 27: took 2.1s (avg 2.1s) | Best so far: epoch 12	train_loss: 1.3062 train_accuracy: 0.5532	val_loss: 5.0241 val_accuracy: 0.1667	test_loss: 5.4658 test_accuracy: 0.1667	F1: 0.0776 Prec: 0.1020 Rec: 0.1667
train: {'epoch': 28, 'time_epoch': 1.80764, 'eta': 419.37504, 'eta_hours': 0.11649, 'loss': 0.91189511, 'lr': 0.00096937, 'params': 276757, 'time_iter': 0.01033, 'accuracy': 0.68495, 'f1': 0.68434, 'auc': 0.97802}
val: {'epoch': 28, 'time_epoch': 0.08148, 'loss': 7.14980986, 'lr': 0, 'params': 276757, 'time_iter': 0.00582, 'accuracy': 0.0881, 'f1': 0.0204, 'auc': 0.71135}
test: {'epoch': 28, 'time_epoch': 0.06657, 'loss': 9.02732092, 'lr': 0, 'params': 276757, 'time_iter': 0.00476, 'accuracy': 0.05952, 'f1': 0.02388, 'auc': 0.6972}
> Epoch 28: took 2.0s (avg 2.1s) | Best so far: epoch 12	train_loss: 1.3062 train_accuracy: 0.5532	val_loss: 5.0241 val_accuracy: 0.1667	test_loss: 5.4658 test_accuracy: 0.1667	F1: 0.0776 Prec: 0.1020 Rec: 0.1667
train: {'epoch': 29, 'time_epoch': 1.70169, 'eta': 416.04059, 'eta_hours': 0.11557, 'loss': 0.90065306, 'lr': 0.00096716, 'params': 276757, 'time_iter': 0.00972, 'accuracy': 0.69588, 'f1': 0.69513, 'auc': 0.97821}
val: {'epoch': 29, 'time_epoch': 0.09302, 'loss': 5.55730415, 'lr': 0, 'params': 276757, 'time_iter': 0.00664, 'accuracy': 0.11429, 'f1': 0.0671, 'auc': 0.7366}
test: {'epoch': 29, 'time_epoch': 0.07324, 'loss': 5.30009366, 'lr': 0, 'params': 276757, 'time_iter': 0.00523, 'accuracy': 0.17381, 'f1': 0.11791, 'auc': 0.81531}
> Epoch 29: took 2.0s (avg 2.1s) | Best so far: epoch 12	train_loss: 1.3062 train_accuracy: 0.5532	val_loss: 5.0241 val_accuracy: 0.1667	test_loss: 5.4658 test_accuracy: 0.1667	F1: 0.0776 Prec: 0.1020 Rec: 0.1667
train: {'epoch': 30, 'time_epoch': 1.80616, 'eta': 413.54948, 'eta_hours': 0.11487, 'loss': 0.87120245, 'lr': 0.00096489, 'params': 276757, 'time_iter': 0.01032, 'accuracy': 0.70573, 'f1': 0.70507, 'auc': 0.97972}
val: {'epoch': 30, 'time_epoch': 0.07167, 'loss': 4.88933433, 'lr': 0, 'params': 276757, 'time_iter': 0.00512, 'accuracy': 0.10714, 'f1': 0.0645, 'auc': 0.75646}
test: {'epoch': 30, 'time_epoch': 0.06072, 'loss': 6.08235531, 'lr': 0, 'params': 276757, 'time_iter': 0.00434, 'accuracy': 0.15952, 'f1': 0.09403, 'auc': 0.7538}
> Epoch 30: took 2.0s (avg 2.1s) | Best so far: epoch 12	train_loss: 1.3062 train_accuracy: 0.5532	val_loss: 5.0241 val_accuracy: 0.1667	test_loss: 5.4658 test_accuracy: 0.1667	F1: 0.0776 Prec: 0.1020 Rec: 0.1667
train: {'epoch': 31, 'time_epoch': 1.71284, 'eta': 410.46542, 'eta_hours': 0.11402, 'loss': 0.88740968, 'lr': 0.00096254, 'params': 276757, 'time_iter': 0.00979, 'accuracy': 0.69713, 'f1': 0.69654, 'auc': 0.97895}
val: {'epoch': 31, 'time_epoch': 0.07752, 'loss': 7.76553952, 'lr': 0, 'params': 276757, 'time_iter': 0.00554, 'accuracy': 0.10952, 'f1': 0.0313, 'auc': 0.7478}
test: {'epoch': 31, 'time_epoch': 0.0647, 'loss': 9.44434428, 'lr': 0, 'params': 276757, 'time_iter': 0.00462, 'accuracy': 0.11667, 'f1': 0.0472, 'auc': 0.7183}
> Epoch 31: took 2.0s (avg 2.1s) | Best so far: epoch 12	train_loss: 1.3062 train_accuracy: 0.5532	val_loss: 5.0241 val_accuracy: 0.1667	test_loss: 5.4658 test_accuracy: 0.1667	F1: 0.0776 Prec: 0.1020 Rec: 0.1667
train: {'epoch': 32, 'time_epoch': 1.77762, 'eta': 407.89049, 'eta_hours': 0.1133, 'loss': 0.85289725, 'lr': 0.00096012, 'params': 276757, 'time_iter': 0.01016, 'accuracy': 0.70735, 'f1': 0.70684, 'auc': 0.98046}
val: {'epoch': 32, 'time_epoch': 0.06818, 'loss': 4.39851624, 'lr': 0, 'params': 276757, 'time_iter': 0.00487, 'accuracy': 0.15, 'f1': 0.09463, 'auc': 0.77938}
test: {'epoch': 32, 'time_epoch': 0.08982, 'loss': 5.42111642, 'lr': 0, 'params': 276757, 'time_iter': 0.00642, 'accuracy': 0.15238, 'f1': 0.09881, 'auc': 0.7893}
> Epoch 32: took 2.0s (avg 2.1s) | Best so far: epoch 12	train_loss: 1.3062 train_accuracy: 0.5532	val_loss: 5.0241 val_accuracy: 0.1667	test_loss: 5.4658 test_accuracy: 0.1667	F1: 0.0776 Prec: 0.1020 Rec: 0.1667
train: {'epoch': 33, 'time_epoch': 1.74938, 'eta': 405.18301, 'eta_hours': 0.11255, 'loss': 0.85141024, 'lr': 0.00095762, 'params': 276757, 'time_iter': 0.01, 'accuracy': 0.71219, 'f1': 0.71118, 'auc': 0.98044}
val: {'epoch': 33, 'time_epoch': 0.07079, 'loss': 4.72088932, 'lr': 0, 'params': 276757, 'time_iter': 0.00506, 'accuracy': 0.10714, 'f1': 0.07519, 'auc': 0.76617}
test: {'epoch': 33, 'time_epoch': 0.07378, 'loss': 5.50004297, 'lr': 0, 'params': 276757, 'time_iter': 0.00527, 'accuracy': 0.19048, 'f1': 0.10542, 'auc': 0.77929}
> Epoch 33: took 2.0s (avg 2.1s) | Best so far: epoch 12	train_loss: 1.3062 train_accuracy: 0.5532	val_loss: 5.0241 val_accuracy: 0.1667	test_loss: 5.4658 test_accuracy: 0.1667	F1: 0.0776 Prec: 0.1020 Rec: 0.1667
train: {'epoch': 34, 'time_epoch': 1.75409, 'eta': 402.55924, 'eta_hours': 0.11182, 'loss': 0.84114118, 'lr': 0.00095505, 'params': 276757, 'time_iter': 0.01002, 'accuracy': 0.72025, 'f1': 0.71988, 'auc': 0.98086}
val: {'epoch': 34, 'time_epoch': 0.07325, 'loss': 7.01964369, 'lr': 0, 'params': 276757, 'time_iter': 0.00523, 'accuracy': 0.10476, 'f1': 0.04558, 'auc': 0.73006}
test: {'epoch': 34, 'time_epoch': 0.06953, 'loss': 8.22553977, 'lr': 0, 'params': 276757, 'time_iter': 0.00497, 'accuracy': 0.15476, 'f1': 0.05786, 'auc': 0.76397}
> Epoch 34: took 2.0s (avg 2.1s) | Best so far: epoch 12	train_loss: 1.3062 train_accuracy: 0.5532	val_loss: 5.0241 val_accuracy: 0.1667	test_loss: 5.4658 test_accuracy: 0.1667	F1: 0.0776 Prec: 0.1020 Rec: 0.1667
train: {'epoch': 35, 'time_epoch': 1.69782, 'eta': 399.64929, 'eta_hours': 0.11101, 'loss': 0.8299798, 'lr': 0.00095241, 'params': 276757, 'time_iter': 0.0097, 'accuracy': 0.72348, 'f1': 0.72303, 'auc': 0.98138}
val: {'epoch': 35, 'time_epoch': 0.0682, 'loss': 5.63992065, 'lr': 0, 'params': 276757, 'time_iter': 0.00487, 'accuracy': 0.0619, 'f1': 0.02694, 'auc': 0.72448}
test: {'epoch': 35, 'time_epoch': 0.07182, 'loss': 5.25887422, 'lr': 0, 'params': 276757, 'time_iter': 0.00513, 'accuracy': 0.12619, 'f1': 0.07379, 'auc': 0.78242}
> Epoch 35: took 1.9s (avg 2.1s) | Best so far: epoch 12	train_loss: 1.3062 train_accuracy: 0.5532	val_loss: 5.0241 val_accuracy: 0.1667	test_loss: 5.4658 test_accuracy: 0.1667	F1: 0.0776 Prec: 0.1020 Rec: 0.1667
train: {'epoch': 36, 'time_epoch': 1.77438, 'eta': 397.2456, 'eta_hours': 0.11035, 'loss': 0.82677222, 'lr': 0.0009497, 'params': 276757, 'time_iter': 0.01014, 'accuracy': 0.72419, 'f1': 0.72324, 'auc': 0.98158}
val: {'epoch': 36, 'time_epoch': 0.07083, 'loss': 4.76161884, 'lr': 0, 'params': 276757, 'time_iter': 0.00506, 'accuracy': 0.11905, 'f1': 0.06651, 'auc': 0.74296}
test: {'epoch': 36, 'time_epoch': 0.07004, 'loss': 5.57246911, 'lr': 0, 'params': 276757, 'time_iter': 0.005, 'accuracy': 0.1381, 'f1': 0.10451, 'auc': 0.76645}
> Epoch 36: took 2.0s (avg 2.1s) | Best so far: epoch 12	train_loss: 1.3062 train_accuracy: 0.5532	val_loss: 5.0241 val_accuracy: 0.1667	test_loss: 5.4658 test_accuracy: 0.1667	F1: 0.0776 Prec: 0.1020 Rec: 0.1667
train: {'epoch': 37, 'time_epoch': 1.80635, 'eta': 395.05337, 'eta_hours': 0.10974, 'loss': 0.79966056, 'lr': 0.00094692, 'params': 276757, 'time_iter': 0.01032, 'accuracy': 0.73208, 'f1': 0.7316, 'auc': 0.98279}
val: {'epoch': 37, 'time_epoch': 0.09959, 'loss': 7.47795456, 'lr': 0, 'params': 276757, 'time_iter': 0.00711, 'accuracy': 0.09524, 'f1': 0.04499, 'auc': 0.68089}
test: {'epoch': 37, 'time_epoch': 0.07205, 'loss': 8.78638611, 'lr': 0, 'params': 276757, 'time_iter': 0.00515, 'accuracy': 0.09048, 'f1': 0.04658, 'auc': 0.67715}
> Epoch 37: took 2.0s (avg 2.1s) | Best so far: epoch 12	train_loss: 1.3062 train_accuracy: 0.5532	val_loss: 5.0241 val_accuracy: 0.1667	test_loss: 5.4658 test_accuracy: 0.1667	F1: 0.0776 Prec: 0.1020 Rec: 0.1667
train: {'epoch': 38, 'time_epoch': 1.77348, 'eta': 392.70308, 'eta_hours': 0.10908, 'loss': 0.81552031, 'lr': 0.00094407, 'params': 276757, 'time_iter': 0.01013, 'accuracy': 0.72115, 'f1': 0.72056, 'auc': 0.9821}
val: {'epoch': 38, 'time_epoch': 0.08321, 'loss': 3.33553221, 'lr': 0, 'params': 276757, 'time_iter': 0.00594, 'accuracy': 0.15476, 'f1': 0.1095, 'auc': 0.80542}
test: {'epoch': 38, 'time_epoch': 0.09233, 'loss': 4.21166481, 'lr': 0, 'params': 276757, 'time_iter': 0.0066, 'accuracy': 0.20238, 'f1': 0.13739, 'auc': 0.80185}
> Epoch 38: took 2.0s (avg 2.1s) | Best so far: epoch 12	train_loss: 1.3062 train_accuracy: 0.5532	val_loss: 5.0241 val_accuracy: 0.1667	test_loss: 5.4658 test_accuracy: 0.1667	F1: 0.0776 Prec: 0.1020 Rec: 0.1667
train: {'epoch': 39, 'time_epoch': 1.89376, 'eta': 391.01313, 'eta_hours': 0.10861, 'loss': 0.77114393, 'lr': 0.00094115, 'params': 276757, 'time_iter': 0.01082, 'accuracy': 0.74355, 'f1': 0.7429, 'auc': 0.98367}
val: {'epoch': 39, 'time_epoch': 0.06638, 'loss': 5.63701809, 'lr': 0, 'params': 276757, 'time_iter': 0.00474, 'accuracy': 0.10714, 'f1': 0.04444, 'auc': 0.73623}
test: {'epoch': 39, 'time_epoch': 0.07008, 'loss': 5.83427357, 'lr': 0, 'params': 276757, 'time_iter': 0.00501, 'accuracy': 0.20952, 'f1': 0.13286, 'auc': 0.81104}
> Epoch 39: took 2.1s (avg 2.1s) | Best so far: epoch 12	train_loss: 1.3062 train_accuracy: 0.5532	val_loss: 5.0241 val_accuracy: 0.1667	test_loss: 5.4658 test_accuracy: 0.1667	F1: 0.0776 Prec: 0.1020 Rec: 0.1667
train: {'epoch': 40, 'time_epoch': 1.94801, 'eta': 389.58975, 'eta_hours': 0.10822, 'loss': 0.78359545, 'lr': 0.00093815, 'params': 276757, 'time_iter': 0.01113, 'accuracy': 0.73513, 'f1': 0.73473, 'auc': 0.98361}
val: {'epoch': 40, 'time_epoch': 0.07424, 'loss': 4.567976, 'lr': 0, 'params': 276757, 'time_iter': 0.0053, 'accuracy': 0.16667, 'f1': 0.1082, 'auc': 0.7912}
test: {'epoch': 40, 'time_epoch': 0.09322, 'loss': 5.92460165, 'lr': 0, 'params': 276757, 'time_iter': 0.00666, 'accuracy': 0.15, 'f1': 0.0909, 'auc': 0.76467}
> Epoch 40: took 2.2s (avg 2.1s) | Best so far: epoch 12	train_loss: 1.3062 train_accuracy: 0.5532	val_loss: 5.0241 val_accuracy: 0.1667	test_loss: 5.4658 test_accuracy: 0.1667	F1: 0.0776 Prec: 0.1020 Rec: 0.1667
train: {'epoch': 41, 'time_epoch': 2.07594, 'eta': 388.77495, 'eta_hours': 0.10799, 'loss': 0.75405626, 'lr': 0.00093509, 'params': 276757, 'time_iter': 0.01186, 'accuracy': 0.7405, 'f1': 0.73979, 'auc': 0.9846}
val: {'epoch': 41, 'time_epoch': 0.0926, 'loss': 3.35203625, 'lr': 0, 'params': 276757, 'time_iter': 0.00661, 'accuracy': 0.17381, 'f1': 0.14959, 'auc': 0.80614}
test: {'epoch': 41, 'time_epoch': 0.0807, 'loss': 3.96963996, 'lr': 0, 'params': 276757, 'time_iter': 0.00576, 'accuracy': 0.15952, 'f1': 0.1111, 'auc': 0.81986}
[*] Confusion Matrix saved to: results_lopo_none/DE_3m\Conf\confusion_matrix_epoch_41.png
> Epoch 41: took 2.3s (avg 2.1s) | Best so far: epoch 41	train_loss: 0.7541 train_accuracy: 0.7405	val_loss: 3.3520 val_accuracy: 0.1738	test_loss: 3.9696 test_accuracy: 0.1595	F1: 0.1111 Prec: 0.2229 Rec: 0.1595
train: {'epoch': 42, 'time_epoch': 1.94426, 'eta': 387.26761, 'eta_hours': 0.10757, 'loss': 0.76208539, 'lr': 0.00093196, 'params': 276757, 'time_iter': 0.01111, 'accuracy': 0.74462, 'f1': 0.74431, 'auc': 0.98449}
val: {'epoch': 42, 'time_epoch': 0.08912, 'loss': 8.12920476, 'lr': 0, 'params': 276757, 'time_iter': 0.00637, 'accuracy': 0.13333, 'f1': 0.0755, 'auc': 0.68589}
test: {'epoch': 42, 'time_epoch': 0.07429, 'loss': 10.25920782, 'lr': 0, 'params': 276757, 'time_iter': 0.00531, 'accuracy': 0.11429, 'f1': 0.05109, 'auc': 0.7175}
> Epoch 42: took 2.2s (avg 2.1s) | Best so far: epoch 41	train_loss: 0.7541 train_accuracy: 0.7405	val_loss: 3.3520 val_accuracy: 0.1738	test_loss: 3.9696 test_accuracy: 0.1595	F1: 0.1111 Prec: 0.2229 Rec: 0.1595
train: {'epoch': 43, 'time_epoch': 1.98161, 'eta': 385.9153, 'eta_hours': 0.1072, 'loss': 0.73290118, 'lr': 0.00092876, 'params': 276757, 'time_iter': 0.01132, 'accuracy': 0.75161, 'f1': 0.7513, 'auc': 0.98543}
val: {'epoch': 43, 'time_epoch': 0.07892, 'loss': 5.13404003, 'lr': 0, 'params': 276757, 'time_iter': 0.00564, 'accuracy': 0.12619, 'f1': 0.10941, 'auc': 0.7275}
test: {'epoch': 43, 'time_epoch': 0.1084, 'loss': 5.92249278, 'lr': 0, 'params': 276757, 'time_iter': 0.00774, 'accuracy': 0.17857, 'f1': 0.10758, 'auc': 0.77841}
> Epoch 43: took 2.2s (avg 2.1s) | Best so far: epoch 41	train_loss: 0.7541 train_accuracy: 0.7405	val_loss: 3.3520 val_accuracy: 0.1738	test_loss: 3.9696 test_accuracy: 0.1595	F1: 0.1111 Prec: 0.2229 Rec: 0.1595
train: {'epoch': 44, 'time_epoch': 1.7926, 'eta': 383.67393, 'eta_hours': 0.10658, 'loss': 0.74740715, 'lr': 0.0009255, 'params': 276757, 'time_iter': 0.01024, 'accuracy': 0.74821, 'f1': 0.74811, 'auc': 0.98496}
val: {'epoch': 44, 'time_epoch': 0.09431, 'loss': 4.78702762, 'lr': 0, 'params': 276757, 'time_iter': 0.00674, 'accuracy': 0.06429, 'f1': 0.05826, 'auc': 0.73917}
test: {'epoch': 44, 'time_epoch': 0.1163, 'loss': 5.04101712, 'lr': 0, 'params': 276757, 'time_iter': 0.00831, 'accuracy': 0.26905, 'f1': 0.16329, 'auc': 0.80611}
> Epoch 44: took 2.1s (avg 2.1s) | Best so far: epoch 41	train_loss: 0.7541 train_accuracy: 0.7405	val_loss: 3.3520 val_accuracy: 0.1738	test_loss: 3.9696 test_accuracy: 0.1595	F1: 0.1111 Prec: 0.2229 Rec: 0.1595
train: {'epoch': 45, 'time_epoch': 1.68073, 'eta': 380.95599, 'eta_hours': 0.10582, 'loss': 0.73630166, 'lr': 0.00092216, 'params': 276757, 'time_iter': 0.0096, 'accuracy': 0.75108, 'f1': 0.75083, 'auc': 0.98533}
val: {'epoch': 45, 'time_epoch': 0.0725, 'loss': 5.38578225, 'lr': 0, 'params': 276757, 'time_iter': 0.00518, 'accuracy': 0.1, 'f1': 0.04382, 'auc': 0.77764}
test: {'epoch': 45, 'time_epoch': 0.06707, 'loss': 6.84693936, 'lr': 0, 'params': 276757, 'time_iter': 0.00479, 'accuracy': 0.18333, 'f1': 0.1088, 'auc': 0.77605}
> Epoch 45: took 1.9s (avg 2.1s) | Best so far: epoch 41	train_loss: 0.7541 train_accuracy: 0.7405	val_loss: 3.3520 val_accuracy: 0.1738	test_loss: 3.9696 test_accuracy: 0.1595	F1: 0.1111 Prec: 0.2229 Rec: 0.1595
train: {'epoch': 46, 'time_epoch': 1.71095, 'eta': 378.41268, 'eta_hours': 0.10511, 'loss': 0.69237282, 'lr': 0.00091876, 'params': 276757, 'time_iter': 0.00978, 'accuracy': 0.77491, 'f1': 0.77449, 'auc': 0.98687}
val: {'epoch': 46, 'time_epoch': 0.07003, 'loss': 4.43268495, 'lr': 0, 'params': 276757, 'time_iter': 0.005, 'accuracy': 0.15, 'f1': 0.09978, 'auc': 0.77197}
test: {'epoch': 46, 'time_epoch': 0.0668, 'loss': 4.90627263, 'lr': 0, 'params': 276757, 'time_iter': 0.00477, 'accuracy': 0.23571, 'f1': 0.17134, 'auc': 0.82995}
> Epoch 46: took 1.9s (avg 2.1s) | Best so far: epoch 41	train_loss: 0.7541 train_accuracy: 0.7405	val_loss: 3.3520 val_accuracy: 0.1738	test_loss: 3.9696 test_accuracy: 0.1595	F1: 0.1111 Prec: 0.2229 Rec: 0.1595
train: {'epoch': 47, 'time_epoch': 1.78885, 'eta': 376.23189, 'eta_hours': 0.10451, 'loss': 0.7092927, 'lr': 0.0009153, 'params': 276757, 'time_iter': 0.01022, 'accuracy': 0.75824, 'f1': 0.75793, 'auc': 0.98656}
val: {'epoch': 47, 'time_epoch': 0.08475, 'loss': 7.19863605, 'lr': 0, 'params': 276757, 'time_iter': 0.00605, 'accuracy': 0.05952, 'f1': 0.01849, 'auc': 0.67391}
test: {'epoch': 47, 'time_epoch': 0.06602, 'loss': 8.44208632, 'lr': 0, 'params': 276757, 'time_iter': 0.00472, 'accuracy': 0.08333, 'f1': 0.0455, 'auc': 0.66962}
> Epoch 47: took 2.0s (avg 2.1s) | Best so far: epoch 41	train_loss: 0.7541 train_accuracy: 0.7405	val_loss: 3.3520 val_accuracy: 0.1738	test_loss: 3.9696 test_accuracy: 0.1595	F1: 0.1111 Prec: 0.2229 Rec: 0.1595
train: {'epoch': 48, 'time_epoch': 1.7071, 'eta': 373.73176, 'eta_hours': 0.10381, 'loss': 0.70396972, 'lr': 0.00091177, 'params': 276757, 'time_iter': 0.00975, 'accuracy': 0.76505, 'f1': 0.76472, 'auc': 0.98651}
val: {'epoch': 48, 'time_epoch': 0.06918, 'loss': 4.06092484, 'lr': 0, 'params': 276757, 'time_iter': 0.00494, 'accuracy': 0.17857, 'f1': 0.11579, 'auc': 0.78121}
test: {'epoch': 48, 'time_epoch': 0.06988, 'loss': 5.53989652, 'lr': 0, 'params': 276757, 'time_iter': 0.00499, 'accuracy': 0.20476, 'f1': 0.12215, 'auc': 0.7834}
[*] Confusion Matrix saved to: results_lopo_none/DE_3m\Conf\confusion_matrix_epoch_48.png
> Epoch 48: took 1.9s (avg 2.1s) | Best so far: epoch 48	train_loss: 0.7040 train_accuracy: 0.7651	val_loss: 4.0609 val_accuracy: 0.1786	test_loss: 5.5399 test_accuracy: 0.2048	F1: 0.1221 Prec: 0.1389 Rec: 0.2048
train: {'epoch': 49, 'time_epoch': 1.81145, 'eta': 371.68074, 'eta_hours': 0.10324, 'loss': 0.68061894, 'lr': 0.00090817, 'params': 276757, 'time_iter': 0.01035, 'accuracy': 0.77115, 'f1': 0.77056, 'auc': 0.98742}
val: {'epoch': 49, 'time_epoch': 0.06873, 'loss': 6.68877681, 'lr': 0, 'params': 276757, 'time_iter': 0.00491, 'accuracy': 0.19048, 'f1': 0.11399, 'auc': 0.79271}
test: {'epoch': 49, 'time_epoch': 0.10127, 'loss': 7.80918525, 'lr': 0, 'params': 276757, 'time_iter': 0.00723, 'accuracy': 0.20476, 'f1': 0.0948, 'auc': 0.77357}
[*] Confusion Matrix saved to: results_lopo_none/DE_3m\Conf\confusion_matrix_epoch_49.png
> Epoch 49: took 2.1s (avg 2.1s) | Best so far: epoch 49	train_loss: 0.6806 train_accuracy: 0.7712	val_loss: 6.6888 val_accuracy: 0.1905	test_loss: 7.8092 test_accuracy: 0.2048	F1: 0.0948 Prec: 0.0713 Rec: 0.2048
train: {'epoch': 50, 'time_epoch': 1.62988, 'eta': 368.93066, 'eta_hours': 0.10248, 'loss': 0.66704826, 'lr': 0.00090451, 'params': 276757, 'time_iter': 0.00931, 'accuracy': 0.7733, 'f1': 0.77299, 'auc': 0.988}
val: {'epoch': 50, 'time_epoch': 0.10469, 'loss': 6.50893755, 'lr': 0, 'params': 276757, 'time_iter': 0.00748, 'accuracy': 0.11905, 'f1': 0.05361, 'auc': 0.69346}
test: {'epoch': 50, 'time_epoch': 0.07023, 'loss': 5.04233488, 'lr': 0, 'params': 276757, 'time_iter': 0.00502, 'accuracy': 0.2881, 'f1': 0.1679, 'auc': 0.82997}
> Epoch 50: took 1.9s (avg 2.1s) | Best so far: epoch 49	train_loss: 0.6806 train_accuracy: 0.7712	val_loss: 6.6888 val_accuracy: 0.1905	test_loss: 7.8092 test_accuracy: 0.2048	F1: 0.0948 Prec: 0.0713 Rec: 0.2048
train: {'epoch': 51, 'time_epoch': 1.7058, 'eta': 366.51273, 'eta_hours': 0.10181, 'loss': 0.63498667, 'lr': 0.00090078, 'params': 276757, 'time_iter': 0.00975, 'accuracy': 0.78871, 'f1': 0.78835, 'auc': 0.98908}
val: {'epoch': 51, 'time_epoch': 0.07046, 'loss': 4.91637451, 'lr': 0, 'params': 276757, 'time_iter': 0.00503, 'accuracy': 0.09286, 'f1': 0.06569, 'auc': 0.76698}
test: {'epoch': 51, 'time_epoch': 0.06974, 'loss': 6.07709856, 'lr': 0, 'params': 276757, 'time_iter': 0.00498, 'accuracy': 0.2, 'f1': 0.13318, 'auc': 0.78567}
> Epoch 51: took 1.9s (avg 2.1s) | Best so far: epoch 49	train_loss: 0.6806 train_accuracy: 0.7712	val_loss: 6.6888 val_accuracy: 0.1905	test_loss: 7.8092 test_accuracy: 0.2048	F1: 0.0948 Prec: 0.0713 Rec: 0.2048
train: {'epoch': 52, 'time_epoch': 1.71605, 'eta': 364.15976, 'eta_hours': 0.10116, 'loss': 0.67144791, 'lr': 0.000897, 'params': 276757, 'time_iter': 0.00981, 'accuracy': 0.77581, 'f1': 0.77538, 'auc': 0.9876}
val: {'epoch': 52, 'time_epoch': 0.07316, 'loss': 3.81685213, 'lr': 0, 'params': 276757, 'time_iter': 0.00523, 'accuracy': 0.15476, 'f1': 0.14571, 'auc': 0.77268}
test: {'epoch': 52, 'time_epoch': 0.10413, 'loss': 4.30721208, 'lr': 0, 'params': 276757, 'time_iter': 0.00744, 'accuracy': 0.23095, 'f1': 0.15657, 'auc': 0.8282}
> Epoch 52: took 2.0s (avg 2.1s) | Best so far: epoch 49	train_loss: 0.6806 train_accuracy: 0.7712	val_loss: 6.6888 val_accuracy: 0.1905	test_loss: 7.8092 test_accuracy: 0.2048	F1: 0.0948 Prec: 0.0713 Rec: 0.2048
train: {'epoch': 53, 'time_epoch': 1.71975, 'eta': 361.84384, 'eta_hours': 0.10051, 'loss': 0.68264243, 'lr': 0.00089314, 'params': 276757, 'time_iter': 0.00983, 'accuracy': 0.77742, 'f1': 0.77716, 'auc': 0.98732}
val: {'epoch': 53, 'time_epoch': 0.08882, 'loss': 4.77597954, 'lr': 0, 'params': 276757, 'time_iter': 0.00634, 'accuracy': 0.06429, 'f1': 0.0233, 'auc': 0.77477}
test: {'epoch': 53, 'time_epoch': 0.06765, 'loss': 5.49492807, 'lr': 0, 'params': 276757, 'time_iter': 0.00483, 'accuracy': 0.12619, 'f1': 0.09654, 'auc': 0.7728}
> Epoch 53: took 1.9s (avg 2.1s) | Best so far: epoch 49	train_loss: 0.6806 train_accuracy: 0.7712	val_loss: 6.6888 val_accuracy: 0.1905	test_loss: 7.8092 test_accuracy: 0.2048	F1: 0.0948 Prec: 0.0713 Rec: 0.2048
train: {'epoch': 54, 'time_epoch': 1.76788, 'eta': 359.72021, 'eta_hours': 0.09992, 'loss': 0.65494464, 'lr': 0.00088923, 'params': 276757, 'time_iter': 0.0101, 'accuracy': 0.78136, 'f1': 0.78112, 'auc': 0.98849}
val: {'epoch': 54, 'time_epoch': 0.06, 'loss': 4.59371178, 'lr': 0, 'params': 276757, 'time_iter': 0.00429, 'accuracy': 0.13095, 'f1': 0.09754, 'auc': 0.78213}
test: {'epoch': 54, 'time_epoch': 0.06547, 'loss': 5.24657593, 'lr': 0, 'params': 276757, 'time_iter': 0.00468, 'accuracy': 0.2381, 'f1': 0.17405, 'auc': 0.81921}
> Epoch 54: took 2.0s (avg 2.1s) | Best so far: epoch 49	train_loss: 0.6806 train_accuracy: 0.7712	val_loss: 6.6888 val_accuracy: 0.1905	test_loss: 7.8092 test_accuracy: 0.2048	F1: 0.0948 Prec: 0.0713 Rec: 0.2048
train: {'epoch': 55, 'time_epoch': 1.74204, 'eta': 357.51977, 'eta_hours': 0.09931, 'loss': 0.64868643, 'lr': 0.00088526, 'params': 276757, 'time_iter': 0.00995, 'accuracy': 0.7767, 'f1': 0.77672, 'auc': 0.98877}
val: {'epoch': 55, 'time_epoch': 0.06613, 'loss': 6.48614269, 'lr': 0, 'params': 276757, 'time_iter': 0.00472, 'accuracy': 0.11905, 'f1': 0.06819, 'auc': 0.72058}
test: {'epoch': 55, 'time_epoch': 0.0648, 'loss': 8.24922158, 'lr': 0, 'params': 276757, 'time_iter': 0.00463, 'accuracy': 0.1119, 'f1': 0.03794, 'auc': 0.72419}
> Epoch 55: took 1.9s (avg 2.1s) | Best so far: epoch 49	train_loss: 0.6806 train_accuracy: 0.7712	val_loss: 6.6888 val_accuracy: 0.1905	test_loss: 7.8092 test_accuracy: 0.2048	F1: 0.0948 Prec: 0.0713 Rec: 0.2048
train: {'epoch': 56, 'time_epoch': 1.76706, 'eta': 355.42012, 'eta_hours': 0.09873, 'loss': 0.64802759, 'lr': 0.00088122, 'params': 276757, 'time_iter': 0.0101, 'accuracy': 0.78172, 'f1': 0.78156, 'auc': 0.98875}
val: {'epoch': 56, 'time_epoch': 0.07086, 'loss': 4.5302258, 'lr': 0, 'params': 276757, 'time_iter': 0.00506, 'accuracy': 0.03095, 'f1': 0.02678, 'auc': 0.76724}
test: {'epoch': 56, 'time_epoch': 0.06645, 'loss': 5.17870358, 'lr': 0, 'params': 276757, 'time_iter': 0.00475, 'accuracy': 0.17857, 'f1': 0.12868, 'auc': 0.80229}
> Epoch 56: took 2.0s (avg 2.1s) | Best so far: epoch 49	train_loss: 0.6806 train_accuracy: 0.7712	val_loss: 6.6888 val_accuracy: 0.1905	test_loss: 7.8092 test_accuracy: 0.2048	F1: 0.0948 Prec: 0.0713 Rec: 0.2048
train: {'epoch': 57, 'time_epoch': 1.88018, 'eta': 353.70644, 'eta_hours': 0.09825, 'loss': 0.63111264, 'lr': 0.00087713, 'params': 276757, 'time_iter': 0.01074, 'accuracy': 0.78602, 'f1': 0.78539, 'auc': 0.98914}
val: {'epoch': 57, 'time_epoch': 0.07071, 'loss': 6.78042552, 'lr': 0, 'params': 276757, 'time_iter': 0.00505, 'accuracy': 0.15952, 'f1': 0.11594, 'auc': 0.7192}
test: {'epoch': 57, 'time_epoch': 0.11096, 'loss': 8.06754973, 'lr': 0, 'params': 276757, 'time_iter': 0.00793, 'accuracy': 0.16905, 'f1': 0.07626, 'auc': 0.77133}
> Epoch 57: took 2.1s (avg 2.1s) | Best so far: epoch 49	train_loss: 0.6806 train_accuracy: 0.7712	val_loss: 6.6888 val_accuracy: 0.1905	test_loss: 7.8092 test_accuracy: 0.2048	F1: 0.0948 Prec: 0.0713 Rec: 0.2048
train: {'epoch': 58, 'time_epoch': 1.73439, 'eta': 351.51515, 'eta_hours': 0.09764, 'loss': 0.6447597, 'lr': 0.00087297, 'params': 276757, 'time_iter': 0.00991, 'accuracy': 0.78513, 'f1': 0.785, 'auc': 0.9887}
val: {'epoch': 58, 'time_epoch': 0.09972, 'loss': 4.84657051, 'lr': 0, 'params': 276757, 'time_iter': 0.00712, 'accuracy': 0.09762, 'f1': 0.05518, 'auc': 0.76838}
test: {'epoch': 58, 'time_epoch': 0.06902, 'loss': 5.39891228, 'lr': 0, 'params': 276757, 'time_iter': 0.00493, 'accuracy': 0.17857, 'f1': 0.11846, 'auc': 0.81287}
> Epoch 58: took 2.0s (avg 2.1s) | Best so far: epoch 49	train_loss: 0.6806 train_accuracy: 0.7712	val_loss: 6.6888 val_accuracy: 0.1905	test_loss: 7.8092 test_accuracy: 0.2048	F1: 0.0948 Prec: 0.0713 Rec: 0.2048
train: {'epoch': 59, 'time_epoch': 2.00741, 'eta': 350.20364, 'eta_hours': 0.09728, 'loss': 0.61621999, 'lr': 0.00086876, 'params': 276757, 'time_iter': 0.01147, 'accuracy': 0.79194, 'f1': 0.79171, 'auc': 0.98987}
val: {'epoch': 59, 'time_epoch': 0.07558, 'loss': 3.63832439, 'lr': 0, 'params': 276757, 'time_iter': 0.0054, 'accuracy': 0.15714, 'f1': 0.11902, 'auc': 0.78039}
test: {'epoch': 59, 'time_epoch': 0.07326, 'loss': 3.9142298, 'lr': 0, 'params': 276757, 'time_iter': 0.00523, 'accuracy': 0.2881, 'f1': 0.22386, 'auc': 0.82189}
> Epoch 59: took 2.2s (avg 2.1s) | Best so far: epoch 49	train_loss: 0.6806 train_accuracy: 0.7712	val_loss: 6.6888 val_accuracy: 0.1905	test_loss: 7.8092 test_accuracy: 0.2048	F1: 0.0948 Prec: 0.0713 Rec: 0.2048
train: {'epoch': 60, 'time_epoch': 1.93872, 'eta': 348.65648, 'eta_hours': 0.09685, 'loss': 0.59143494, 'lr': 0.00086448, 'params': 276757, 'time_iter': 0.01108, 'accuracy': 0.80681, 'f1': 0.80666, 'auc': 0.99036}
val: {'epoch': 60, 'time_epoch': 0.06853, 'loss': 6.0007108, 'lr': 0, 'params': 276757, 'time_iter': 0.0049, 'accuracy': 0.12381, 'f1': 0.04539, 'auc': 0.73195}
test: {'epoch': 60, 'time_epoch': 0.06421, 'loss': 7.55626357, 'lr': 0, 'params': 276757, 'time_iter': 0.00459, 'accuracy': 0.13095, 'f1': 0.05436, 'auc': 0.7835}
> Epoch 60: took 2.1s (avg 2.1s) | Best so far: epoch 49	train_loss: 0.6806 train_accuracy: 0.7712	val_loss: 6.6888 val_accuracy: 0.1905	test_loss: 7.8092 test_accuracy: 0.2048	F1: 0.0948 Prec: 0.0713 Rec: 0.2048
train: {'epoch': 61, 'time_epoch': 1.8203, 'eta': 346.73761, 'eta_hours': 0.09632, 'loss': 0.61973527, 'lr': 0.00086015, 'params': 276757, 'time_iter': 0.0104, 'accuracy': 0.79516, 'f1': 0.79504, 'auc': 0.98934}
val: {'epoch': 61, 'time_epoch': 0.07533, 'loss': 5.77616138, 'lr': 0, 'params': 276757, 'time_iter': 0.00538, 'accuracy': 0.11667, 'f1': 0.06742, 'auc': 0.71712}
test: {'epoch': 61, 'time_epoch': 0.06697, 'loss': 5.04486182, 'lr': 0, 'params': 276757, 'time_iter': 0.00478, 'accuracy': 0.20952, 'f1': 0.14341, 'auc': 0.82068}
> Epoch 61: took 2.0s (avg 2.1s) | Best so far: epoch 49	train_loss: 0.6806 train_accuracy: 0.7712	val_loss: 6.6888 val_accuracy: 0.1905	test_loss: 7.8092 test_accuracy: 0.2048	F1: 0.0948 Prec: 0.0713 Rec: 0.2048
train: {'epoch': 62, 'time_epoch': 2.13203, 'eta': 345.74716, 'eta_hours': 0.09604, 'loss': 0.57790115, 'lr': 0.00085577, 'params': 276757, 'time_iter': 0.01218, 'accuracy': 0.80789, 'f1': 0.80766, 'auc': 0.99092}
val: {'epoch': 62, 'time_epoch': 0.11514, 'loss': 5.28106155, 'lr': 0, 'params': 276757, 'time_iter': 0.00822, 'accuracy': 0.10952, 'f1': 0.08292, 'auc': 0.7227}
test: {'epoch': 62, 'time_epoch': 0.07736, 'loss': 5.47883312, 'lr': 0, 'params': 276757, 'time_iter': 0.00553, 'accuracy': 0.19762, 'f1': 0.14302, 'auc': 0.78773}
> Epoch 62: took 2.4s (avg 2.1s) | Best so far: epoch 49	train_loss: 0.6806 train_accuracy: 0.7712	val_loss: 6.6888 val_accuracy: 0.1905	test_loss: 7.8092 test_accuracy: 0.2048	F1: 0.0948 Prec: 0.0713 Rec: 0.2048
train: {'epoch': 63, 'time_epoch': 1.57241, 'eta': 343.09466, 'eta_hours': 0.0953, 'loss': 0.59313463, 'lr': 0.00085132, 'params': 276757, 'time_iter': 0.00899, 'accuracy': 0.79731, 'f1': 0.79711, 'auc': 0.99053}
val: {'epoch': 63, 'time_epoch': 0.07281, 'loss': 5.85067704, 'lr': 0, 'params': 276757, 'time_iter': 0.0052, 'accuracy': 0.10476, 'f1': 0.04844, 'auc': 0.76783}
test: {'epoch': 63, 'time_epoch': 0.10696, 'loss': 6.95027528, 'lr': 0, 'params': 276757, 'time_iter': 0.00764, 'accuracy': 0.17143, 'f1': 0.10914, 'auc': 0.76095}
> Epoch 63: took 1.9s (avg 2.1s) | Best so far: epoch 49	train_loss: 0.6806 train_accuracy: 0.7712	val_loss: 6.6888 val_accuracy: 0.1905	test_loss: 7.8092 test_accuracy: 0.2048	F1: 0.0948 Prec: 0.0713 Rec: 0.2048
train: {'epoch': 64, 'time_epoch': 1.78542, 'eta': 341.08164, 'eta_hours': 0.09474, 'loss': 0.57916322, 'lr': 0.00084683, 'params': 276757, 'time_iter': 0.0102, 'accuracy': 0.80484, 'f1': 0.80475, 'auc': 0.99085}
val: {'epoch': 64, 'time_epoch': 0.08092, 'loss': 4.6118182, 'lr': 0, 'params': 276757, 'time_iter': 0.00578, 'accuracy': 0.1881, 'f1': 0.13072, 'auc': 0.73916}
test: {'epoch': 64, 'time_epoch': 0.07126, 'loss': 5.99345441, 'lr': 0, 'params': 276757, 'time_iter': 0.00509, 'accuracy': 0.2119, 'f1': 0.14424, 'auc': 0.80136}
> Epoch 64: took 2.0s (avg 2.1s) | Best so far: epoch 49	train_loss: 0.6806 train_accuracy: 0.7712	val_loss: 6.6888 val_accuracy: 0.1905	test_loss: 7.8092 test_accuracy: 0.2048	F1: 0.0948 Prec: 0.0713 Rec: 0.2048
train: {'epoch': 65, 'time_epoch': 1.7082, 'eta': 338.86024, 'eta_hours': 0.09413, 'loss': 0.55702584, 'lr': 0.00084227, 'params': 276757, 'time_iter': 0.00976, 'accuracy': 0.81093, 'f1': 0.81095, 'auc': 0.99164}
val: {'epoch': 65, 'time_epoch': 0.0658, 'loss': 4.11314065, 'lr': 0, 'params': 276757, 'time_iter': 0.0047, 'accuracy': 0.1381, 'f1': 0.094, 'auc': 0.79148}
test: {'epoch': 65, 'time_epoch': 0.07181, 'loss': 4.13942862, 'lr': 0, 'params': 276757, 'time_iter': 0.00513, 'accuracy': 0.31905, 'f1': 0.2042, 'auc': 0.86361}
> Epoch 65: took 1.9s (avg 2.1s) | Best so far: epoch 49	train_loss: 0.6806 train_accuracy: 0.7712	val_loss: 6.6888 val_accuracy: 0.1905	test_loss: 7.8092 test_accuracy: 0.2048	F1: 0.0948 Prec: 0.0713 Rec: 0.2048
train: {'epoch': 66, 'time_epoch': 1.58807, 'eta': 336.32605, 'eta_hours': 0.09342, 'loss': 0.56146632, 'lr': 0.00083767, 'params': 276757, 'time_iter': 0.00907, 'accuracy': 0.80502, 'f1': 0.80479, 'auc': 0.99143}
val: {'epoch': 66, 'time_epoch': 0.06818, 'loss': 6.13311306, 'lr': 0, 'params': 276757, 'time_iter': 0.00487, 'accuracy': 0.12381, 'f1': 0.09438, 'auc': 0.71315}
test: {'epoch': 66, 'time_epoch': 0.07117, 'loss': 6.32418392, 'lr': 0, 'params': 276757, 'time_iter': 0.00508, 'accuracy': 0.23571, 'f1': 0.13746, 'auc': 0.82181}
> Epoch 66: took 1.8s (avg 2.1s) | Best so far: epoch 49	train_loss: 0.6806 train_accuracy: 0.7712	val_loss: 6.6888 val_accuracy: 0.1905	test_loss: 7.8092 test_accuracy: 0.2048	F1: 0.0948 Prec: 0.0713 Rec: 0.2048
train: {'epoch': 67, 'time_epoch': 1.70042, 'eta': 334.12038, 'eta_hours': 0.09281, 'loss': 0.53993136, 'lr': 0.00083301, 'params': 276757, 'time_iter': 0.00972, 'accuracy': 0.82455, 'f1': 0.82451, 'auc': 0.99184}
val: {'epoch': 67, 'time_epoch': 0.06522, 'loss': 4.41272897, 'lr': 0, 'params': 276757, 'time_iter': 0.00466, 'accuracy': 0.15238, 'f1': 0.11287, 'auc': 0.79599}
test: {'epoch': 67, 'time_epoch': 0.09823, 'loss': 4.33791783, 'lr': 0, 'params': 276757, 'time_iter': 0.00702, 'accuracy': 0.23095, 'f1': 0.16894, 'auc': 0.83662}
> Epoch 67: took 2.0s (avg 2.1s) | Best so far: epoch 49	train_loss: 0.6806 train_accuracy: 0.7712	val_loss: 6.6888 val_accuracy: 0.1905	test_loss: 7.8092 test_accuracy: 0.2048	F1: 0.0948 Prec: 0.0713 Rec: 0.2048
train: {'epoch': 68, 'time_epoch': 1.65999, 'eta': 331.82331, 'eta_hours': 0.09217, 'loss': 0.53475529, 'lr': 0.00082829, 'params': 276757, 'time_iter': 0.00949, 'accuracy': 0.81864, 'f1': 0.81847, 'auc': 0.99224}
val: {'epoch': 68, 'time_epoch': 0.0641, 'loss': 3.76765691, 'lr': 0, 'params': 276757, 'time_iter': 0.00458, 'accuracy': 0.1381, 'f1': 0.1046, 'auc': 0.82104}
test: {'epoch': 68, 'time_epoch': 0.0642, 'loss': 2.9964543, 'lr': 0, 'params': 276757, 'time_iter': 0.00459, 'accuracy': 0.27143, 'f1': 0.22004, 'auc': 0.8764}
> Epoch 68: took 1.9s (avg 2.1s) | Best so far: epoch 49	train_loss: 0.6806 train_accuracy: 0.7712	val_loss: 6.6888 val_accuracy: 0.1905	test_loss: 7.8092 test_accuracy: 0.2048	F1: 0.0948 Prec: 0.0713 Rec: 0.2048
train: {'epoch': 69, 'time_epoch': 1.8367, 'eta': 329.99884, 'eta_hours': 0.09167, 'loss': 0.55931953, 'lr': 0.00082353, 'params': 276757, 'time_iter': 0.0105, 'accuracy': 0.8129, 'f1': 0.81267, 'auc': 0.99136}
val: {'epoch': 69, 'time_epoch': 0.07679, 'loss': 4.06607276, 'lr': 0, 'params': 276757, 'time_iter': 0.00549, 'accuracy': 0.17143, 'f1': 0.11768, 'auc': 0.7916}
test: {'epoch': 69, 'time_epoch': 0.08383, 'loss': 4.80163056, 'lr': 0, 'params': 276757, 'time_iter': 0.00599, 'accuracy': 0.20476, 'f1': 0.16694, 'auc': 0.79748}
> Epoch 69: took 2.1s (avg 2.1s) | Best so far: epoch 49	train_loss: 0.6806 train_accuracy: 0.7712	val_loss: 6.6888 val_accuracy: 0.1905	test_loss: 7.8092 test_accuracy: 0.2048	F1: 0.0948 Prec: 0.0713 Rec: 0.2048
train: {'epoch': 70, 'time_epoch': 1.69196, 'eta': 327.80912, 'eta_hours': 0.09106, 'loss': 0.57480617, 'lr': 0.00081871, 'params': 276757, 'time_iter': 0.00967, 'accuracy': 0.80878, 'f1': 0.80843, 'auc': 0.99084}
val: {'epoch': 70, 'time_epoch': 0.07505, 'loss': 7.6210253, 'lr': 0, 'params': 276757, 'time_iter': 0.00536, 'accuracy': 0.07619, 'f1': 0.03069, 'auc': 0.68226}
test: {'epoch': 70, 'time_epoch': 0.09732, 'loss': 9.761991, 'lr': 0, 'params': 276757, 'time_iter': 0.00695, 'accuracy': 0.06429, 'f1': 0.02831, 'auc': 0.67176}
> Epoch 70: took 1.9s (avg 2.1s) | Best so far: epoch 49	train_loss: 0.6806 train_accuracy: 0.7712	val_loss: 6.6888 val_accuracy: 0.1905	test_loss: 7.8092 test_accuracy: 0.2048	F1: 0.0948 Prec: 0.0713 Rec: 0.2048
train: {'epoch': 71, 'time_epoch': 1.69249, 'eta': 325.63452, 'eta_hours': 0.09045, 'loss': 0.54443005, 'lr': 0.00081385, 'params': 276757, 'time_iter': 0.00967, 'accuracy': 0.8138, 'f1': 0.81357, 'auc': 0.99212}
val: {'epoch': 71, 'time_epoch': 0.06449, 'loss': 3.82072742, 'lr': 0, 'params': 276757, 'time_iter': 0.00461, 'accuracy': 0.22143, 'f1': 0.15147, 'auc': 0.81886}
test: {'epoch': 71, 'time_epoch': 0.06489, 'loss': 3.49511619, 'lr': 0, 'params': 276757, 'time_iter': 0.00464, 'accuracy': 0.30952, 'f1': 0.24797, 'auc': 0.87052}
[*] Confusion Matrix saved to: results_lopo_none/DE_3m\Conf\confusion_matrix_epoch_71.png
> Epoch 71: took 1.9s (avg 2.1s) | Best so far: epoch 71	train_loss: 0.5444 train_accuracy: 0.8138	val_loss: 3.8207 val_accuracy: 0.2214	test_loss: 3.4951 test_accuracy: 0.3095	F1: 0.2480 Prec: 0.2663 Rec: 0.3095
train: {'epoch': 72, 'time_epoch': 1.91916, 'eta': 324.02274, 'eta_hours': 0.09001, 'loss': 0.54904562, 'lr': 0.00080893, 'params': 276757, 'time_iter': 0.01097, 'accuracy': 0.81577, 'f1': 0.8157, 'auc': 0.99175}
val: {'epoch': 72, 'time_epoch': 0.09514, 'loss': 6.95862399, 'lr': 0, 'params': 276757, 'time_iter': 0.0068, 'accuracy': 0.16905, 'f1': 0.11569, 'auc': 0.73586}
test: {'epoch': 72, 'time_epoch': 0.06546, 'loss': 8.65634204, 'lr': 0, 'params': 276757, 'time_iter': 0.00468, 'accuracy': 0.13333, 'f1': 0.08731, 'auc': 0.7535}
> Epoch 72: took 2.2s (avg 2.1s) | Best so far: epoch 71	train_loss: 0.5444 train_accuracy: 0.8138	val_loss: 3.8207 val_accuracy: 0.2214	test_loss: 3.4951 test_accuracy: 0.3095	F1: 0.2480 Prec: 0.2663 Rec: 0.3095
train: {'epoch': 73, 'time_epoch': 1.90144, 'eta': 322.3605, 'eta_hours': 0.08954, 'loss': 0.55372956, 'lr': 0.00080397, 'params': 276757, 'time_iter': 0.01087, 'accuracy': 0.8172, 'f1': 0.81697, 'auc': 0.99156}
val: {'epoch': 73, 'time_epoch': 0.066, 'loss': 3.8132084, 'lr': 0, 'params': 276757, 'time_iter': 0.00471, 'accuracy': 0.17143, 'f1': 0.12515, 'auc': 0.81284}
test: {'epoch': 73, 'time_epoch': 0.06723, 'loss': 3.53096257, 'lr': 0, 'params': 276757, 'time_iter': 0.0048, 'accuracy': 0.33333, 'f1': 0.24697, 'auc': 0.88187}
> Epoch 73: took 2.1s (avg 2.1s) | Best so far: epoch 71	train_loss: 0.5444 train_accuracy: 0.8138	val_loss: 3.8207 val_accuracy: 0.2214	test_loss: 3.4951 test_accuracy: 0.3095	F1: 0.2480 Prec: 0.2663 Rec: 0.3095
train: {'epoch': 74, 'time_epoch': 1.62969, 'eta': 320.0578, 'eta_hours': 0.0889, 'loss': 0.53762466, 'lr': 0.00079895, 'params': 276757, 'time_iter': 0.00931, 'accuracy': 0.82079, 'f1': 0.82068, 'auc': 0.99203}
val: {'epoch': 74, 'time_epoch': 0.0713, 'loss': 4.42669683, 'lr': 0, 'params': 276757, 'time_iter': 0.00509, 'accuracy': 0.14524, 'f1': 0.10866, 'auc': 0.81302}
test: {'epoch': 74, 'time_epoch': 0.06554, 'loss': 3.66073654, 'lr': 0, 'params': 276757, 'time_iter': 0.00468, 'accuracy': 0.27857, 'f1': 0.20654, 'auc': 0.86904}
> Epoch 74: took 1.8s (avg 2.1s) | Best so far: epoch 71	train_loss: 0.5444 train_accuracy: 0.8138	val_loss: 3.8207 val_accuracy: 0.2214	test_loss: 3.4951 test_accuracy: 0.3095	F1: 0.2480 Prec: 0.2663 Rec: 0.3095
train: {'epoch': 75, 'time_epoch': 1.74776, 'eta': 318.04313, 'eta_hours': 0.08835, 'loss': 0.53747717, 'lr': 0.00079389, 'params': 276757, 'time_iter': 0.00999, 'accuracy': 0.81953, 'f1': 0.81939, 'auc': 0.99206}
val: {'epoch': 75, 'time_epoch': 0.08808, 'loss': 4.05683388, 'lr': 0, 'params': 276757, 'time_iter': 0.00629, 'accuracy': 0.17381, 'f1': 0.1059, 'auc': 0.79172}
test: {'epoch': 75, 'time_epoch': 0.06928, 'loss': 5.06752289, 'lr': 0, 'params': 276757, 'time_iter': 0.00495, 'accuracy': 0.19524, 'f1': 0.13619, 'auc': 0.81496}
> Epoch 75: took 2.0s (avg 2.1s) | Best so far: epoch 71	train_loss: 0.5444 train_accuracy: 0.8138	val_loss: 3.8207 val_accuracy: 0.2214	test_loss: 3.4951 test_accuracy: 0.3095	F1: 0.2480 Prec: 0.2663 Rec: 0.3095
train: {'epoch': 76, 'time_epoch': 1.76577, 'eta': 316.07586, 'eta_hours': 0.0878, 'loss': 0.5109526, 'lr': 0.00078879, 'params': 276757, 'time_iter': 0.01009, 'accuracy': 0.83351, 'f1': 0.83327, 'auc': 0.99263}
val: {'epoch': 76, 'time_epoch': 0.0671, 'loss': 7.27669866, 'lr': 0, 'params': 276757, 'time_iter': 0.00479, 'accuracy': 0.13333, 'f1': 0.07056, 'auc': 0.72977}
test: {'epoch': 76, 'time_epoch': 0.0617, 'loss': 9.4813219, 'lr': 0, 'params': 276757, 'time_iter': 0.00441, 'accuracy': 0.12619, 'f1': 0.07237, 'auc': 0.72977}
> Epoch 76: took 2.0s (avg 2.1s) | Best so far: epoch 71	train_loss: 0.5444 train_accuracy: 0.8138	val_loss: 3.8207 val_accuracy: 0.2214	test_loss: 3.4951 test_accuracy: 0.3095	F1: 0.2480 Prec: 0.2663 Rec: 0.3095
train: {'epoch': 77, 'time_epoch': 1.94558, 'eta': 314.51026, 'eta_hours': 0.08736, 'loss': 0.51285847, 'lr': 0.00078363, 'params': 276757, 'time_iter': 0.01112, 'accuracy': 0.83244, 'f1': 0.8324, 'auc': 0.99284}
val: {'epoch': 77, 'time_epoch': 0.08317, 'loss': 5.97070803, 'lr': 0, 'params': 276757, 'time_iter': 0.00594, 'accuracy': 0.09048, 'f1': 0.0513, 'auc': 0.76079}
test: {'epoch': 77, 'time_epoch': 0.08563, 'loss': 3.29803695, 'lr': 0, 'params': 276757, 'time_iter': 0.00612, 'accuracy': 0.31667, 'f1': 0.26585, 'auc': 0.88406}
> Epoch 77: took 2.2s (avg 2.1s) | Best so far: epoch 71	train_loss: 0.5444 train_accuracy: 0.8138	val_loss: 3.8207 val_accuracy: 0.2214	test_loss: 3.4951 test_accuracy: 0.3095	F1: 0.2480 Prec: 0.2663 Rec: 0.3095
train: {'epoch': 78, 'time_epoch': 2.08549, 'eta': 313.23787, 'eta_hours': 0.08701, 'loss': 0.47881725, 'lr': 0.00077844, 'params': 276757, 'time_iter': 0.01192, 'accuracy': 0.84194, 'f1': 0.8419, 'auc': 0.99378}
val: {'epoch': 78, 'time_epoch': 0.06795, 'loss': 5.95113441, 'lr': 0, 'params': 276757, 'time_iter': 0.00485, 'accuracy': 0.09762, 'f1': 0.06408, 'auc': 0.76793}
test: {'epoch': 78, 'time_epoch': 0.10519, 'loss': 3.91114749, 'lr': 0, 'params': 276757, 'time_iter': 0.00751, 'accuracy': 0.25, 'f1': 0.19123, 'auc': 0.86864}
> Epoch 78: took 2.3s (avg 2.1s) | Best so far: epoch 71	train_loss: 0.5444 train_accuracy: 0.8138	val_loss: 3.8207 val_accuracy: 0.2214	test_loss: 3.4951 test_accuracy: 0.3095	F1: 0.2480 Prec: 0.2663 Rec: 0.3095
train: {'epoch': 79, 'time_epoch': 1.94522, 'eta': 311.64709, 'eta_hours': 0.08657, 'loss': 0.49601833, 'lr': 0.0007732, 'params': 276757, 'time_iter': 0.01112, 'accuracy': 0.83333, 'f1': 0.83317, 'auc': 0.99325}
val: {'epoch': 79, 'time_epoch': 0.0766, 'loss': 6.43016436, 'lr': 0, 'params': 276757, 'time_iter': 0.00547, 'accuracy': 0.12381, 'f1': 0.06937, 'auc': 0.77377}
test: {'epoch': 79, 'time_epoch': 0.10107, 'loss': 7.36714389, 'lr': 0, 'params': 276757, 'time_iter': 0.00722, 'accuracy': 0.14524, 'f1': 0.0681, 'auc': 0.77658}
> Epoch 79: took 2.2s (avg 2.1s) | Best so far: epoch 71	train_loss: 0.5444 train_accuracy: 0.8138	val_loss: 3.8207 val_accuracy: 0.2214	test_loss: 3.4951 test_accuracy: 0.3095	F1: 0.2480 Prec: 0.2663 Rec: 0.3095
train: {'epoch': 80, 'time_epoch': 1.91736, 'eta': 309.98943, 'eta_hours': 0.08611, 'loss': 0.46976409, 'lr': 0.00076791, 'params': 276757, 'time_iter': 0.01096, 'accuracy': 0.84301, 'f1': 0.84287, 'auc': 0.99399}
val: {'epoch': 80, 'time_epoch': 0.10356, 'loss': 5.14044871, 'lr': 0, 'params': 276757, 'time_iter': 0.0074, 'accuracy': 0.12857, 'f1': 0.05997, 'auc': 0.82199}
test: {'epoch': 80, 'time_epoch': 0.07644, 'loss': 5.16873294, 'lr': 0, 'params': 276757, 'time_iter': 0.00546, 'accuracy': 0.2619, 'f1': 0.20338, 'auc': 0.83854}
> Epoch 80: took 2.2s (avg 2.1s) | Best so far: epoch 71	train_loss: 0.5444 train_accuracy: 0.8138	val_loss: 3.8207 val_accuracy: 0.2214	test_loss: 3.4951 test_accuracy: 0.3095	F1: 0.2480 Prec: 0.2663 Rec: 0.3095
train: {'epoch': 81, 'time_epoch': 1.62886, 'eta': 307.73436, 'eta_hours': 0.08548, 'loss': 0.49083122, 'lr': 0.00076259, 'params': 276757, 'time_iter': 0.00931, 'accuracy': 0.83387, 'f1': 0.83375, 'auc': 0.99339}
val: {'epoch': 81, 'time_epoch': 0.08085, 'loss': 5.05513264, 'lr': 0, 'params': 276757, 'time_iter': 0.00578, 'accuracy': 0.17143, 'f1': 0.1364, 'auc': 0.76777}
test: {'epoch': 81, 'time_epoch': 0.07044, 'loss': 6.14581882, 'lr': 0, 'params': 276757, 'time_iter': 0.00503, 'accuracy': 0.21667, 'f1': 0.12835, 'auc': 0.7978}
> Epoch 81: took 1.9s (avg 2.1s) | Best so far: epoch 71	train_loss: 0.5444 train_accuracy: 0.8138	val_loss: 3.8207 val_accuracy: 0.2214	test_loss: 3.4951 test_accuracy: 0.3095	F1: 0.2480 Prec: 0.2663 Rec: 0.3095
train: {'epoch': 82, 'time_epoch': 1.89907, 'eta': 306.03806, 'eta_hours': 0.08501, 'loss': 0.49065914, 'lr': 0.00075722, 'params': 276757, 'time_iter': 0.01085, 'accuracy': 0.82957, 'f1': 0.82951, 'auc': 0.99365}
val: {'epoch': 82, 'time_epoch': 0.07287, 'loss': 6.60839591, 'lr': 0, 'params': 276757, 'time_iter': 0.0052, 'accuracy': 0.10238, 'f1': 0.04629, 'auc': 0.73924}
test: {'epoch': 82, 'time_epoch': 0.07275, 'loss': 9.5959948, 'lr': 0, 'params': 276757, 'time_iter': 0.0052, 'accuracy': 0.12381, 'f1': 0.05568, 'auc': 0.72348}
> Epoch 82: took 2.1s (avg 2.1s) | Best so far: epoch 71	train_loss: 0.5444 train_accuracy: 0.8138	val_loss: 3.8207 val_accuracy: 0.2214	test_loss: 3.4951 test_accuracy: 0.3095	F1: 0.2480 Prec: 0.2663 Rec: 0.3095
train: {'epoch': 83, 'time_epoch': 1.77452, 'eta': 304.09079, 'eta_hours': 0.08447, 'loss': 0.47615688, 'lr': 0.00075181, 'params': 276757, 'time_iter': 0.01014, 'accuracy': 0.83459, 'f1': 0.83448, 'auc': 0.99392}
val: {'epoch': 83, 'time_epoch': 0.06521, 'loss': 3.77588639, 'lr': 0, 'params': 276757, 'time_iter': 0.00466, 'accuracy': 0.19048, 'f1': 0.14507, 'auc': 0.82354}
test: {'epoch': 83, 'time_epoch': 0.06745, 'loss': 4.50887453, 'lr': 0, 'params': 276757, 'time_iter': 0.00482, 'accuracy': 0.28333, 'f1': 0.20116, 'auc': 0.83449}
> Epoch 83: took 2.0s (avg 2.1s) | Best so far: epoch 71	train_loss: 0.5444 train_accuracy: 0.8138	val_loss: 3.8207 val_accuracy: 0.2214	test_loss: 3.4951 test_accuracy: 0.3095	F1: 0.2480 Prec: 0.2663 Rec: 0.3095
train: {'epoch': 84, 'time_epoch': 1.70485, 'eta': 302.01235, 'eta_hours': 0.08389, 'loss': 0.46396358, 'lr': 0.00074636, 'params': 276757, 'time_iter': 0.00974, 'accuracy': 0.84444, 'f1': 0.84426, 'auc': 0.99419}
val: {'epoch': 84, 'time_epoch': 0.06517, 'loss': 6.17246899, 'lr': 0, 'params': 276757, 'time_iter': 0.00466, 'accuracy': 0.1, 'f1': 0.06345, 'auc': 0.73001}
test: {'epoch': 84, 'time_epoch': 0.06245, 'loss': 7.844985, 'lr': 0, 'params': 276757, 'time_iter': 0.00446, 'accuracy': 0.12143, 'f1': 0.07587, 'auc': 0.72049}
> Epoch 84: took 1.9s (avg 2.1s) | Best so far: epoch 71	train_loss: 0.5444 train_accuracy: 0.8138	val_loss: 3.8207 val_accuracy: 0.2214	test_loss: 3.4951 test_accuracy: 0.3095	F1: 0.2480 Prec: 0.2663 Rec: 0.3095
train: {'epoch': 85, 'time_epoch': 1.76665, 'eta': 300.06045, 'eta_hours': 0.08335, 'loss': 0.47095131, 'lr': 0.00074088, 'params': 276757, 'time_iter': 0.0101, 'accuracy': 0.84355, 'f1': 0.84346, 'auc': 0.99376}
val: {'epoch': 85, 'time_epoch': 0.07449, 'loss': 3.92240051, 'lr': 0, 'params': 276757, 'time_iter': 0.00532, 'accuracy': 0.17857, 'f1': 0.13036, 'auc': 0.78267}
test: {'epoch': 85, 'time_epoch': 0.09595, 'loss': 4.50987562, 'lr': 0, 'params': 276757, 'time_iter': 0.00685, 'accuracy': 0.2619, 'f1': 0.19471, 'auc': 0.81968}
> Epoch 85: took 2.0s (avg 2.1s) | Best so far: epoch 71	train_loss: 0.5444 train_accuracy: 0.8138	val_loss: 3.8207 val_accuracy: 0.2214	test_loss: 3.4951 test_accuracy: 0.3095	F1: 0.2480 Prec: 0.2663 Rec: 0.3095
train: {'epoch': 86, 'time_epoch': 1.64575, 'eta': 297.88629, 'eta_hours': 0.08275, 'loss': 0.46265243, 'lr': 0.00073535, 'params': 276757, 'time_iter': 0.0094, 'accuracy': 0.84606, 'f1': 0.84595, 'auc': 0.9942}
val: {'epoch': 86, 'time_epoch': 0.0677, 'loss': 4.15720991, 'lr': 0, 'params': 276757, 'time_iter': 0.00484, 'accuracy': 0.1, 'f1': 0.05958, 'auc': 0.79733}
test: {'epoch': 86, 'time_epoch': 0.06518, 'loss': 3.99566759, 'lr': 0, 'params': 276757, 'time_iter': 0.00466, 'accuracy': 0.24762, 'f1': 0.17035, 'auc': 0.84064}
> Epoch 86: took 1.9s (avg 2.1s) | Best so far: epoch 71	train_loss: 0.5444 train_accuracy: 0.8138	val_loss: 3.8207 val_accuracy: 0.2214	test_loss: 3.4951 test_accuracy: 0.3095	F1: 0.2480 Prec: 0.2663 Rec: 0.3095
train: {'epoch': 87, 'time_epoch': 1.70754, 'eta': 295.83788, 'eta_hours': 0.08218, 'loss': 0.45056797, 'lr': 0.00072979, 'params': 276757, 'time_iter': 0.00976, 'accuracy': 0.8509, 'f1': 0.85078, 'auc': 0.99443}
val: {'epoch': 87, 'time_epoch': 0.06597, 'loss': 5.09941294, 'lr': 0, 'params': 276757, 'time_iter': 0.00471, 'accuracy': 0.14762, 'f1': 0.11361, 'auc': 0.77858}
test: {'epoch': 87, 'time_epoch': 0.09457, 'loss': 6.45717814, 'lr': 0, 'params': 276757, 'time_iter': 0.00675, 'accuracy': 0.24286, 'f1': 0.16354, 'auc': 0.80939}
> Epoch 87: took 2.0s (avg 2.1s) | Best so far: epoch 71	train_loss: 0.5444 train_accuracy: 0.8138	val_loss: 3.8207 val_accuracy: 0.2214	test_loss: 3.4951 test_accuracy: 0.3095	F1: 0.2480 Prec: 0.2663 Rec: 0.3095
train: {'epoch': 88, 'time_epoch': 1.76491, 'eta': 293.90093, 'eta_hours': 0.08164, 'loss': 0.47330093, 'lr': 0.00072419, 'params': 276757, 'time_iter': 0.01009, 'accuracy': 0.83871, 'f1': 0.83857, 'auc': 0.99377}
val: {'epoch': 88, 'time_epoch': 0.09275, 'loss': 6.86113688, 'lr': 0, 'params': 276757, 'time_iter': 0.00663, 'accuracy': 0.06667, 'f1': 0.04082, 'auc': 0.72615}
test: {'epoch': 88, 'time_epoch': 0.07425, 'loss': 7.44230867, 'lr': 0, 'params': 276757, 'time_iter': 0.0053, 'accuracy': 0.15714, 'f1': 0.09991, 'auc': 0.76843}
> Epoch 88: took 2.0s (avg 2.1s) | Best so far: epoch 71	train_loss: 0.5444 train_accuracy: 0.8138	val_loss: 3.8207 val_accuracy: 0.2214	test_loss: 3.4951 test_accuracy: 0.3095	F1: 0.2480 Prec: 0.2663 Rec: 0.3095
train: {'epoch': 89, 'time_epoch': 1.59713, 'eta': 291.66952, 'eta_hours': 0.08102, 'loss': 0.44469823, 'lr': 0.00071856, 'params': 276757, 'time_iter': 0.00913, 'accuracy': 0.85538, 'f1': 0.85531, 'auc': 0.99449}
val: {'epoch': 89, 'time_epoch': 0.07058, 'loss': 4.63844274, 'lr': 0, 'params': 276757, 'time_iter': 0.00504, 'accuracy': 0.16429, 'f1': 0.10446, 'auc': 0.83609}
test: {'epoch': 89, 'time_epoch': 0.06616, 'loss': 5.10962431, 'lr': 0, 'params': 276757, 'time_iter': 0.00473, 'accuracy': 0.20476, 'f1': 0.1625, 'auc': 0.82292}
> Epoch 89: took 1.8s (avg 2.1s) | Best so far: epoch 71	train_loss: 0.5444 train_accuracy: 0.8138	val_loss: 3.8207 val_accuracy: 0.2214	test_loss: 3.4951 test_accuracy: 0.3095	F1: 0.2480 Prec: 0.2663 Rec: 0.3095
train: {'epoch': 90, 'time_epoch': 1.76494, 'eta': 289.74525, 'eta_hours': 0.08048, 'loss': 0.46602146, 'lr': 0.00071289, 'params': 276757, 'time_iter': 0.01009, 'accuracy': 0.84534, 'f1': 0.84513, 'auc': 0.99414}
val: {'epoch': 90, 'time_epoch': 0.07343, 'loss': 3.5340621, 'lr': 0, 'params': 276757, 'time_iter': 0.00525, 'accuracy': 0.17381, 'f1': 0.15494, 'auc': 0.83902}
test: {'epoch': 90, 'time_epoch': 0.07054, 'loss': 3.41442679, 'lr': 0, 'params': 276757, 'time_iter': 0.00504, 'accuracy': 0.2881, 'f1': 0.23349, 'auc': 0.86993}
> Epoch 90: took 2.0s (avg 2.1s) | Best so far: epoch 71	train_loss: 0.5444 train_accuracy: 0.8138	val_loss: 3.8207 val_accuracy: 0.2214	test_loss: 3.4951 test_accuracy: 0.3095	F1: 0.2480 Prec: 0.2663 Rec: 0.3095
train: {'epoch': 91, 'time_epoch': 2.00278, 'eta': 288.23292, 'eta_hours': 0.08006, 'loss': 0.45409483, 'lr': 0.00070719, 'params': 276757, 'time_iter': 0.01144, 'accuracy': 0.84659, 'f1': 0.84647, 'auc': 0.99438}
val: {'epoch': 91, 'time_epoch': 0.06865, 'loss': 5.66754483, 'lr': 0, 'params': 276757, 'time_iter': 0.0049, 'accuracy': 0.08333, 'f1': 0.04127, 'auc': 0.78786}
test: {'epoch': 91, 'time_epoch': 0.06181, 'loss': 3.36426974, 'lr': 0, 'params': 276757, 'time_iter': 0.00441, 'accuracy': 0.29286, 'f1': 0.23875, 'auc': 0.8783}
> Epoch 91: took 2.2s (avg 2.1s) | Best so far: epoch 71	train_loss: 0.5444 train_accuracy: 0.8138	val_loss: 3.8207 val_accuracy: 0.2214	test_loss: 3.4951 test_accuracy: 0.3095	F1: 0.2480 Prec: 0.2663 Rec: 0.3095
train: {'epoch': 92, 'time_epoch': 1.89186, 'eta': 286.52278, 'eta_hours': 0.07959, 'loss': 0.44377062, 'lr': 0.00070145, 'params': 276757, 'time_iter': 0.01081, 'accuracy': 0.85341, 'f1': 0.85337, 'auc': 0.99446}
val: {'epoch': 92, 'time_epoch': 0.06854, 'loss': 5.77828407, 'lr': 0, 'params': 276757, 'time_iter': 0.0049, 'accuracy': 0.15714, 'f1': 0.10293, 'auc': 0.7581}
test: {'epoch': 92, 'time_epoch': 0.06973, 'loss': 6.46617773, 'lr': 0, 'params': 276757, 'time_iter': 0.00498, 'accuracy': 0.22857, 'f1': 0.13367, 'auc': 0.81554}
> Epoch 92: took 2.1s (avg 2.1s) | Best so far: epoch 71	train_loss: 0.5444 train_accuracy: 0.8138	val_loss: 3.8207 val_accuracy: 0.2214	test_loss: 3.4951 test_accuracy: 0.3095	F1: 0.2480 Prec: 0.2663 Rec: 0.3095
train: {'epoch': 93, 'time_epoch': 2.11425, 'eta': 285.17785, 'eta_hours': 0.07922, 'loss': 0.44796576, 'lr': 0.00069569, 'params': 276757, 'time_iter': 0.01208, 'accuracy': 0.85484, 'f1': 0.8547, 'auc': 0.99446}
val: {'epoch': 93, 'time_epoch': 0.08694, 'loss': 3.94059002, 'lr': 0, 'params': 276757, 'time_iter': 0.00621, 'accuracy': 0.16429, 'f1': 0.11225, 'auc': 0.8048}
test: {'epoch': 93, 'time_epoch': 0.07667, 'loss': 5.10248159, 'lr': 0, 'params': 276757, 'time_iter': 0.00548, 'accuracy': 0.26429, 'f1': 0.18827, 'auc': 0.81954}
> Epoch 93: took 2.4s (avg 2.1s) | Best so far: epoch 71	train_loss: 0.5444 train_accuracy: 0.8138	val_loss: 3.8207 val_accuracy: 0.2214	test_loss: 3.4951 test_accuracy: 0.3095	F1: 0.2480 Prec: 0.2663 Rec: 0.3095
train: {'epoch': 94, 'time_epoch': 2.08624, 'eta': 283.77102, 'eta_hours': 0.07883, 'loss': 0.43526195, 'lr': 0.00068989, 'params': 276757, 'time_iter': 0.01192, 'accuracy': 0.85556, 'f1': 0.8554, 'auc': 0.99477}
val: {'epoch': 94, 'time_epoch': 0.07646, 'loss': 5.85372812, 'lr': 0, 'params': 276757, 'time_iter': 0.00546, 'accuracy': 0.10714, 'f1': 0.06312, 'auc': 0.72858}
test: {'epoch': 94, 'time_epoch': 0.0748, 'loss': 5.78510219, 'lr': 0, 'params': 276757, 'time_iter': 0.00534, 'accuracy': 0.1881, 'f1': 0.12, 'auc': 0.81403}
> Epoch 94: took 2.3s (avg 2.1s) | Best so far: epoch 71	train_loss: 0.5444 train_accuracy: 0.8138	val_loss: 3.8207 val_accuracy: 0.2214	test_loss: 3.4951 test_accuracy: 0.3095	F1: 0.2480 Prec: 0.2663 Rec: 0.3095
train: {'epoch': 95, 'time_epoch': 2.51176, 'eta': 283.03264, 'eta_hours': 0.07862, 'loss': 0.43861412, 'lr': 0.00068406, 'params': 276757, 'time_iter': 0.01435, 'accuracy': 0.85143, 'f1': 0.85132, 'auc': 0.99458}
val: {'epoch': 95, 'time_epoch': 0.1132, 'loss': 4.27411595, 'lr': 0, 'params': 276757, 'time_iter': 0.00809, 'accuracy': 0.15476, 'f1': 0.12975, 'auc': 0.79333}
test: {'epoch': 95, 'time_epoch': 0.0814, 'loss': 4.77969931, 'lr': 0, 'params': 276757, 'time_iter': 0.00581, 'accuracy': 0.25, 'f1': 0.18767, 'auc': 0.82054}
> Epoch 95: took 2.8s (avg 2.1s) | Best so far: epoch 71	train_loss: 0.5444 train_accuracy: 0.8138	val_loss: 3.8207 val_accuracy: 0.2214	test_loss: 3.4951 test_accuracy: 0.3095	F1: 0.2480 Prec: 0.2663 Rec: 0.3095
train: {'epoch': 96, 'time_epoch': 2.04877, 'eta': 281.52741, 'eta_hours': 0.0782, 'loss': 0.444809, 'lr': 0.00067821, 'params': 276757, 'time_iter': 0.01171, 'accuracy': 0.85627, 'f1': 0.85626, 'auc': 0.99445}
val: {'epoch': 96, 'time_epoch': 0.08067, 'loss': 4.39092876, 'lr': 0, 'params': 276757, 'time_iter': 0.00576, 'accuracy': 0.10952, 'f1': 0.10365, 'auc': 0.76226}
test: {'epoch': 96, 'time_epoch': 0.06294, 'loss': 5.39203102, 'lr': 0, 'params': 276757, 'time_iter': 0.0045, 'accuracy': 0.23095, 'f1': 0.14842, 'auc': 0.82097}
> Epoch 96: took 2.3s (avg 2.1s) | Best so far: epoch 71	train_loss: 0.5444 train_accuracy: 0.8138	val_loss: 3.8207 val_accuracy: 0.2214	test_loss: 3.4951 test_accuracy: 0.3095	F1: 0.2480 Prec: 0.2663 Rec: 0.3095
train: {'epoch': 97, 'time_epoch': 1.96425, 'eta': 279.88, 'eta_hours': 0.07774, 'loss': 0.43283567, 'lr': 0.00067232, 'params': 276757, 'time_iter': 0.01122, 'accuracy': 0.8543, 'f1': 0.8542, 'auc': 0.99488}
val: {'epoch': 97, 'time_epoch': 0.06805, 'loss': 3.95025426, 'lr': 0, 'params': 276757, 'time_iter': 0.00486, 'accuracy': 0.16429, 'f1': 0.10804, 'auc': 0.85185}
test: {'epoch': 97, 'time_epoch': 0.08021, 'loss': 2.7506895, 'lr': 0, 'params': 276757, 'time_iter': 0.00573, 'accuracy': 0.42143, 'f1': 0.34935, 'auc': 0.90617}
> Epoch 97: took 2.2s (avg 2.1s) | Best so far: epoch 71	train_loss: 0.5444 train_accuracy: 0.8138	val_loss: 3.8207 val_accuracy: 0.2214	test_loss: 3.4951 test_accuracy: 0.3095	F1: 0.2480 Prec: 0.2663 Rec: 0.3095
train: {'epoch': 98, 'time_epoch': 1.83886, 'eta': 278.03493, 'eta_hours': 0.07723, 'loss': 0.41454425, 'lr': 0.00066641, 'params': 276757, 'time_iter': 0.01051, 'accuracy': 0.85968, 'f1': 0.85956, 'auc': 0.99526}
val: {'epoch': 98, 'time_epoch': 0.06965, 'loss': 6.17734909, 'lr': 0, 'params': 276757, 'time_iter': 0.00497, 'accuracy': 0.20476, 'f1': 0.16582, 'auc': 0.76727}
test: {'epoch': 98, 'time_epoch': 0.06626, 'loss': 7.42205409, 'lr': 0, 'params': 276757, 'time_iter': 0.00473, 'accuracy': 0.20714, 'f1': 0.13142, 'auc': 0.80298}
> Epoch 98: took 2.0s (avg 2.1s) | Best so far: epoch 71	train_loss: 0.5444 train_accuracy: 0.8138	val_loss: 3.8207 val_accuracy: 0.2214	test_loss: 3.4951 test_accuracy: 0.3095	F1: 0.2480 Prec: 0.2663 Rec: 0.3095
train: {'epoch': 99, 'time_epoch': 1.61445, 'eta': 275.85339, 'eta_hours': 0.07663, 'loss': 0.40929443, 'lr': 0.00066047, 'params': 276757, 'time_iter': 0.00923, 'accuracy': 0.86649, 'f1': 0.86642, 'auc': 0.99534}
val: {'epoch': 99, 'time_epoch': 0.06712, 'loss': 4.60392471, 'lr': 0, 'params': 276757, 'time_iter': 0.00479, 'accuracy': 0.17381, 'f1': 0.16217, 'auc': 0.77793}
test: {'epoch': 99, 'time_epoch': 0.10821, 'loss': 6.99287622, 'lr': 0, 'params': 276757, 'time_iter': 0.00773, 'accuracy': 0.18333, 'f1': 0.11113, 'auc': 0.78229}
> Epoch 99: took 1.9s (avg 2.1s) | Best so far: epoch 71	train_loss: 0.5444 train_accuracy: 0.8138	val_loss: 3.8207 val_accuracy: 0.2214	test_loss: 3.4951 test_accuracy: 0.3095	F1: 0.2480 Prec: 0.2663 Rec: 0.3095
train: {'epoch': 100, 'time_epoch': 1.92878, 'eta': 274.14678, 'eta_hours': 0.07615, 'loss': 0.40187034, 'lr': 0.00065451, 'params': 276757, 'time_iter': 0.01102, 'accuracy': 0.86416, 'f1': 0.86409, 'auc': 0.99556}
val: {'epoch': 100, 'time_epoch': 0.09073, 'loss': 3.68240825, 'lr': 0, 'params': 276757, 'time_iter': 0.00648, 'accuracy': 0.1881, 'f1': 0.12703, 'auc': 0.86864}
test: {'epoch': 100, 'time_epoch': 0.09594, 'loss': 2.76171905, 'lr': 0, 'params': 276757, 'time_iter': 0.00685, 'accuracy': 0.34286, 'f1': 0.291, 'auc': 0.90478}
> Epoch 100: took 2.2s (avg 2.1s) | Best so far: epoch 71	train_loss: 0.5444 train_accuracy: 0.8138	val_loss: 3.8207 val_accuracy: 0.2214	test_loss: 3.4951 test_accuracy: 0.3095	F1: 0.2480 Prec: 0.2663 Rec: 0.3095
train: {'epoch': 101, 'time_epoch': 1.57607, 'eta': 271.92404, 'eta_hours': 0.07553, 'loss': 0.40320993, 'lr': 0.00064852, 'params': 276757, 'time_iter': 0.00901, 'accuracy': 0.86577, 'f1': 0.86578, 'auc': 0.9954}
val: {'epoch': 101, 'time_epoch': 0.07091, 'loss': 4.77346965, 'lr': 0, 'params': 276757, 'time_iter': 0.00506, 'accuracy': 0.15714, 'f1': 0.10235, 'auc': 0.78949}
test: {'epoch': 101, 'time_epoch': 0.0656, 'loss': 4.62127763, 'lr': 0, 'params': 276757, 'time_iter': 0.00469, 'accuracy': 0.24524, 'f1': 0.17219, 'auc': 0.85558}
> Epoch 101: took 1.8s (avg 2.1s) | Best so far: epoch 71	train_loss: 0.5444 train_accuracy: 0.8138	val_loss: 3.8207 val_accuracy: 0.2214	test_loss: 3.4951 test_accuracy: 0.3095	F1: 0.2480 Prec: 0.2663 Rec: 0.3095
train: {'epoch': 102, 'time_epoch': 1.91099, 'eta': 270.19185, 'eta_hours': 0.07505, 'loss': 0.39322565, 'lr': 0.00064251, 'params': 276757, 'time_iter': 0.01092, 'accuracy': 0.87061, 'f1': 0.87058, 'auc': 0.99572}
val: {'epoch': 102, 'time_epoch': 0.07683, 'loss': 3.33510616, 'lr': 0, 'params': 276757, 'time_iter': 0.00549, 'accuracy': 0.22143, 'f1': 0.18806, 'auc': 0.85155}
test: {'epoch': 102, 'time_epoch': 0.06842, 'loss': 3.71859309, 'lr': 0, 'params': 276757, 'time_iter': 0.00489, 'accuracy': 0.31429, 'f1': 0.23727, 'auc': 0.87432}
> Epoch 102: took 2.1s (avg 2.1s) | Best so far: epoch 71	train_loss: 0.5444 train_accuracy: 0.8138	val_loss: 3.8207 val_accuracy: 0.2214	test_loss: 3.4951 test_accuracy: 0.3095	F1: 0.2480 Prec: 0.2663 Rec: 0.3095
train: {'epoch': 103, 'time_epoch': 1.90431, 'eta': 268.44684, 'eta_hours': 0.07457, 'loss': 0.42562915, 'lr': 0.00063648, 'params': 276757, 'time_iter': 0.01088, 'accuracy': 0.86093, 'f1': 0.86075, 'auc': 0.99498}
val: {'epoch': 103, 'time_epoch': 0.10371, 'loss': 4.07793253, 'lr': 0, 'params': 276757, 'time_iter': 0.00741, 'accuracy': 0.17143, 'f1': 0.10388, 'auc': 0.79826}
test: {'epoch': 103, 'time_epoch': 0.0839, 'loss': 5.1367266, 'lr': 0, 'params': 276757, 'time_iter': 0.00599, 'accuracy': 0.22619, 'f1': 0.1654, 'auc': 0.80944}
> Epoch 103: took 2.2s (avg 2.1s) | Best so far: epoch 71	train_loss: 0.5444 train_accuracy: 0.8138	val_loss: 3.8207 val_accuracy: 0.2214	test_loss: 3.4951 test_accuracy: 0.3095	F1: 0.2480 Prec: 0.2663 Rec: 0.3095
train: {'epoch': 104, 'time_epoch': 1.82754, 'eta': 266.59278, 'eta_hours': 0.07405, 'loss': 0.41588018, 'lr': 0.00063042, 'params': 276757, 'time_iter': 0.01044, 'accuracy': 0.86183, 'f1': 0.86182, 'auc': 0.99523}
val: {'epoch': 104, 'time_epoch': 0.08607, 'loss': 4.08255069, 'lr': 0, 'params': 276757, 'time_iter': 0.00615, 'accuracy': 0.22619, 'f1': 0.17907, 'auc': 0.79123}
test: {'epoch': 104, 'time_epoch': 0.06683, 'loss': 3.7697774, 'lr': 0, 'params': 276757, 'time_iter': 0.00477, 'accuracy': 0.2881, 'f1': 0.21406, 'auc': 0.87716}
[*] Confusion Matrix saved to: results_lopo_none/DE_3m\Conf\confusion_matrix_epoch_104.png
> Epoch 104: took 2.1s (avg 2.1s) | Best so far: epoch 104	train_loss: 0.4159 train_accuracy: 0.8618	val_loss: 4.0826 val_accuracy: 0.2262	test_loss: 3.7698 test_accuracy: 0.2881	F1: 0.2141 Prec: 0.2535 Rec: 0.2881
train: {'epoch': 105, 'time_epoch': 1.74998, 'eta': 264.63387, 'eta_hours': 0.07351, 'loss': 0.40226478, 'lr': 0.00062434, 'params': 276757, 'time_iter': 0.01, 'accuracy': 0.86953, 'f1': 0.86941, 'auc': 0.99542}
val: {'epoch': 105, 'time_epoch': 0.07277, 'loss': 6.37402268, 'lr': 0, 'params': 276757, 'time_iter': 0.0052, 'accuracy': 0.08095, 'f1': 0.0354, 'auc': 0.75424}
test: {'epoch': 105, 'time_epoch': 0.07181, 'loss': 5.76873032, 'lr': 0, 'params': 276757, 'time_iter': 0.00513, 'accuracy': 0.19048, 'f1': 0.10937, 'auc': 0.8248}
> Epoch 105: took 2.0s (avg 2.1s) | Best so far: epoch 104	train_loss: 0.4159 train_accuracy: 0.8618	val_loss: 4.0826 val_accuracy: 0.2262	test_loss: 3.7698 test_accuracy: 0.2881	F1: 0.2141 Prec: 0.2535 Rec: 0.2881
train: {'epoch': 106, 'time_epoch': 1.71824, 'eta': 262.63644, 'eta_hours': 0.07295, 'loss': 0.3896391, 'lr': 0.00061825, 'params': 276757, 'time_iter': 0.00982, 'accuracy': 0.87133, 'f1': 0.87125, 'auc': 0.99581}
val: {'epoch': 106, 'time_epoch': 0.0728, 'loss': 6.42352725, 'lr': 0, 'params': 276757, 'time_iter': 0.0052, 'accuracy': 0.1119, 'f1': 0.11228, 'auc': 0.71577}
test: {'epoch': 106, 'time_epoch': 0.07556, 'loss': 5.71929353, 'lr': 0, 'params': 276757, 'time_iter': 0.0054, 'accuracy': 0.2381, 'f1': 0.17555, 'auc': 0.84135}
> Epoch 106: took 1.9s (avg 2.1s) | Best so far: epoch 104	train_loss: 0.4159 train_accuracy: 0.8618	val_loss: 4.0826 val_accuracy: 0.2262	test_loss: 3.7698 test_accuracy: 0.2881	F1: 0.2141 Prec: 0.2535 Rec: 0.2881
train: {'epoch': 107, 'time_epoch': 1.80685, 'eta': 260.76068, 'eta_hours': 0.07243, 'loss': 0.37067468, 'lr': 0.00061214, 'params': 276757, 'time_iter': 0.01032, 'accuracy': 0.87832, 'f1': 0.87828, 'auc': 0.99633}
val: {'epoch': 107, 'time_epoch': 0.08476, 'loss': 4.53778741, 'lr': 0, 'params': 276757, 'time_iter': 0.00605, 'accuracy': 0.17143, 'f1': 0.15014, 'auc': 0.80185}
test: {'epoch': 107, 'time_epoch': 0.10051, 'loss': 5.66785131, 'lr': 0, 'params': 276757, 'time_iter': 0.00718, 'accuracy': 0.24286, 'f1': 0.18542, 'auc': 0.82543}
> Epoch 107: took 2.1s (avg 2.1s) | Best so far: epoch 104	train_loss: 0.4159 train_accuracy: 0.8618	val_loss: 4.0826 val_accuracy: 0.2262	test_loss: 3.7698 test_accuracy: 0.2881	F1: 0.2141 Prec: 0.2535 Rec: 0.2881
train: {'epoch': 108, 'time_epoch': 1.87856, 'eta': 258.97895, 'eta_hours': 0.07194, 'loss': 0.40701267, 'lr': 0.000606, 'params': 276757, 'time_iter': 0.01073, 'accuracy': 0.86272, 'f1': 0.86266, 'auc': 0.99552}
val: {'epoch': 108, 'time_epoch': 0.09374, 'loss': 4.61667419, 'lr': 0, 'params': 276757, 'time_iter': 0.0067, 'accuracy': 0.18333, 'f1': 0.14178, 'auc': 0.76725}
test: {'epoch': 108, 'time_epoch': 0.09333, 'loss': 4.82325773, 'lr': 0, 'params': 276757, 'time_iter': 0.00667, 'accuracy': 0.28571, 'f1': 0.20232, 'auc': 0.83785}
> Epoch 108: took 2.2s (avg 2.1s) | Best so far: epoch 104	train_loss: 0.4159 train_accuracy: 0.8618	val_loss: 4.0826 val_accuracy: 0.2262	test_loss: 3.7698 test_accuracy: 0.2881	F1: 0.2141 Prec: 0.2535 Rec: 0.2881
train: {'epoch': 109, 'time_epoch': 1.82648, 'eta': 257.12917, 'eta_hours': 0.07142, 'loss': 0.37859099, 'lr': 0.00059985, 'params': 276757, 'time_iter': 0.01044, 'accuracy': 0.87366, 'f1': 0.87352, 'auc': 0.99602}
val: {'epoch': 109, 'time_epoch': 0.06698, 'loss': 4.63180566, 'lr': 0, 'params': 276757, 'time_iter': 0.00478, 'accuracy': 0.19524, 'f1': 0.15595, 'auc': 0.78201}
test: {'epoch': 109, 'time_epoch': 0.08015, 'loss': 6.95373993, 'lr': 0, 'params': 276757, 'time_iter': 0.00572, 'accuracy': 0.1881, 'f1': 0.12187, 'auc': 0.78395}
> Epoch 109: took 2.1s (avg 2.1s) | Best so far: epoch 104	train_loss: 0.4159 train_accuracy: 0.8618	val_loss: 4.0826 val_accuracy: 0.2262	test_loss: 3.7698 test_accuracy: 0.2881	F1: 0.2141 Prec: 0.2535 Rec: 0.2881
train: {'epoch': 110, 'time_epoch': 1.75966, 'eta': 255.19614, 'eta_hours': 0.07089, 'loss': 0.37655047, 'lr': 0.00059369, 'params': 276757, 'time_iter': 0.01006, 'accuracy': 0.87796, 'f1': 0.87775, 'auc': 0.99601}
val: {'epoch': 110, 'time_epoch': 0.07649, 'loss': 3.93604986, 'lr': 0, 'params': 276757, 'time_iter': 0.00546, 'accuracy': 0.19286, 'f1': 0.15833, 'auc': 0.80122}
test: {'epoch': 110, 'time_epoch': 0.09496, 'loss': 4.47417918, 'lr': 0, 'params': 276757, 'time_iter': 0.00678, 'accuracy': 0.31429, 'f1': 0.22807, 'auc': 0.84773}
> Epoch 110: took 2.0s (avg 2.1s) | Best so far: epoch 104	train_loss: 0.4159 train_accuracy: 0.8618	val_loss: 4.0826 val_accuracy: 0.2262	test_loss: 3.7698 test_accuracy: 0.2881	F1: 0.2141 Prec: 0.2535 Rec: 0.2881
train: {'epoch': 111, 'time_epoch': 1.71106, 'eta': 253.20632, 'eta_hours': 0.07034, 'loss': 0.37546579, 'lr': 0.00058751, 'params': 276757, 'time_iter': 0.00978, 'accuracy': 0.8776, 'f1': 0.8775, 'auc': 0.9961}
val: {'epoch': 111, 'time_epoch': 0.08441, 'loss': 4.90416456, 'lr': 0, 'params': 276757, 'time_iter': 0.00603, 'accuracy': 0.17381, 'f1': 0.1491, 'auc': 0.79317}
test: {'epoch': 111, 'time_epoch': 0.07124, 'loss': 5.79499609, 'lr': 0, 'params': 276757, 'time_iter': 0.00509, 'accuracy': 0.25952, 'f1': 0.17745, 'auc': 0.80523}
> Epoch 111: took 2.0s (avg 2.1s) | Best so far: epoch 104	train_loss: 0.4159 train_accuracy: 0.8618	val_loss: 4.0826 val_accuracy: 0.2262	test_loss: 3.7698 test_accuracy: 0.2881	F1: 0.2141 Prec: 0.2535 Rec: 0.2881
train: {'epoch': 112, 'time_epoch': 2.23433, 'eta': 251.85584, 'eta_hours': 0.06996, 'loss': 0.39380961, 'lr': 0.00058132, 'params': 276757, 'time_iter': 0.01277, 'accuracy': 0.87258, 'f1': 0.87249, 'auc': 0.99563}
val: {'epoch': 112, 'time_epoch': 0.0767, 'loss': 3.82876847, 'lr': 0, 'params': 276757, 'time_iter': 0.00548, 'accuracy': 0.1881, 'f1': 0.15665, 'auc': 0.83392}
test: {'epoch': 112, 'time_epoch': 0.08439, 'loss': 4.64635016, 'lr': 0, 'params': 276757, 'time_iter': 0.00603, 'accuracy': 0.23333, 'f1': 0.18909, 'auc': 0.82507}
> Epoch 112: took 2.5s (avg 2.1s) | Best so far: epoch 104	train_loss: 0.4159 train_accuracy: 0.8618	val_loss: 4.0826 val_accuracy: 0.2262	test_loss: 3.7698 test_accuracy: 0.2881	F1: 0.2141 Prec: 0.2535 Rec: 0.2881
train: {'epoch': 113, 'time_epoch': 2.13599, 'eta': 250.37254, 'eta_hours': 0.06955, 'loss': 0.39869319, 'lr': 0.00057511, 'params': 276757, 'time_iter': 0.01221, 'accuracy': 0.86523, 'f1': 0.86516, 'auc': 0.99547}
val: {'epoch': 113, 'time_epoch': 0.08827, 'loss': 3.60329358, 'lr': 0, 'params': 276757, 'time_iter': 0.0063, 'accuracy': 0.15952, 'f1': 0.15094, 'auc': 0.82096}
test: {'epoch': 113, 'time_epoch': 0.06836, 'loss': 3.72942568, 'lr': 0, 'params': 276757, 'time_iter': 0.00488, 'accuracy': 0.32857, 'f1': 0.24152, 'auc': 0.86419}
> Epoch 113: took 2.4s (avg 2.1s) | Best so far: epoch 104	train_loss: 0.4159 train_accuracy: 0.8618	val_loss: 4.0826 val_accuracy: 0.2262	test_loss: 3.7698 test_accuracy: 0.2881	F1: 0.2141 Prec: 0.2535 Rec: 0.2881
train: {'epoch': 114, 'time_epoch': 2.2074, 'eta': 248.96172, 'eta_hours': 0.06916, 'loss': 0.35707692, 'lr': 0.0005689, 'params': 276757, 'time_iter': 0.01261, 'accuracy': 0.88333, 'f1': 0.88316, 'auc': 0.99644}
val: {'epoch': 114, 'time_epoch': 0.09074, 'loss': 6.11853536, 'lr': 0, 'params': 276757, 'time_iter': 0.00648, 'accuracy': 0.10952, 'f1': 0.06417, 'auc': 0.74307}
test: {'epoch': 114, 'time_epoch': 0.08169, 'loss': 6.26351741, 'lr': 0, 'params': 276757, 'time_iter': 0.00583, 'accuracy': 0.22857, 'f1': 0.14886, 'auc': 0.81736}
> Epoch 114: took 2.5s (avg 2.1s) | Best so far: epoch 104	train_loss: 0.4159 train_accuracy: 0.8618	val_loss: 4.0826 val_accuracy: 0.2262	test_loss: 3.7698 test_accuracy: 0.2881	F1: 0.2141 Prec: 0.2535 Rec: 0.2881
train: {'epoch': 115, 'time_epoch': 2.04864, 'eta': 247.35377, 'eta_hours': 0.06871, 'loss': 0.38849979, 'lr': 0.00056267, 'params': 276757, 'time_iter': 0.01171, 'accuracy': 0.87007, 'f1': 0.87, 'auc': 0.99577}
val: {'epoch': 115, 'time_epoch': 0.11836, 'loss': 3.88754916, 'lr': 0, 'params': 276757, 'time_iter': 0.00845, 'accuracy': 0.20952, 'f1': 0.18339, 'auc': 0.81161}
test: {'epoch': 115, 'time_epoch': 0.11656, 'loss': 4.54135325, 'lr': 0, 'params': 276757, 'time_iter': 0.00833, 'accuracy': 0.31667, 'f1': 0.2245, 'auc': 0.85116}
> Epoch 115: took 2.4s (avg 2.1s) | Best so far: epoch 104	train_loss: 0.4159 train_accuracy: 0.8618	val_loss: 4.0826 val_accuracy: 0.2262	test_loss: 3.7698 test_accuracy: 0.2881	F1: 0.2141 Prec: 0.2535 Rec: 0.2881
train: {'epoch': 116, 'time_epoch': 2.03323, 'eta': 245.72077, 'eta_hours': 0.06826, 'loss': 0.38143858, 'lr': 0.00055643, 'params': 276757, 'time_iter': 0.01162, 'accuracy': 0.86971, 'f1': 0.86967, 'auc': 0.99591}
val: {'epoch': 116, 'time_epoch': 0.09803, 'loss': 5.3568636, 'lr': 0, 'params': 276757, 'time_iter': 0.007, 'accuracy': 0.07143, 'f1': 0.06667, 'auc': 0.75606}
test: {'epoch': 116, 'time_epoch': 0.11307, 'loss': 6.35543096, 'lr': 0, 'params': 276757, 'time_iter': 0.00808, 'accuracy': 0.22381, 'f1': 0.15547, 'auc': 0.80051}
> Epoch 116: took 2.4s (avg 2.1s) | Best so far: epoch 104	train_loss: 0.4159 train_accuracy: 0.8618	val_loss: 4.0826 val_accuracy: 0.2262	test_loss: 3.7698 test_accuracy: 0.2881	F1: 0.2141 Prec: 0.2535 Rec: 0.2881
train: {'epoch': 117, 'time_epoch': 2.2032, 'eta': 244.27112, 'eta_hours': 0.06785, 'loss': 0.37440887, 'lr': 0.00055018, 'params': 276757, 'time_iter': 0.01259, 'accuracy': 0.87545, 'f1': 0.87535, 'auc': 0.99602}
val: {'epoch': 117, 'time_epoch': 0.09129, 'loss': 3.75740622, 'lr': 0, 'params': 276757, 'time_iter': 0.00652, 'accuracy': 0.20238, 'f1': 0.14906, 'auc': 0.8325}
test: {'epoch': 117, 'time_epoch': 0.09065, 'loss': 3.97132369, 'lr': 0, 'params': 276757, 'time_iter': 0.00647, 'accuracy': 0.33571, 'f1': 0.22699, 'auc': 0.86754}
> Epoch 117: took 2.5s (avg 2.1s) | Best so far: epoch 104	train_loss: 0.4159 train_accuracy: 0.8618	val_loss: 4.0826 val_accuracy: 0.2262	test_loss: 3.7698 test_accuracy: 0.2881	F1: 0.2141 Prec: 0.2535 Rec: 0.2881
train: {'epoch': 118, 'time_epoch': 2.00659, 'eta': 242.59237, 'eta_hours': 0.06739, 'loss': 0.36145956, 'lr': 0.00054393, 'params': 276757, 'time_iter': 0.01147, 'accuracy': 0.88029, 'f1': 0.88013, 'auc': 0.99632}
val: {'epoch': 118, 'time_epoch': 0.08551, 'loss': 3.50912721, 'lr': 0, 'params': 276757, 'time_iter': 0.00611, 'accuracy': 0.1881, 'f1': 0.15749, 'auc': 0.82564}
test: {'epoch': 118, 'time_epoch': 0.06082, 'loss': 3.43080124, 'lr': 0, 'params': 276757, 'time_iter': 0.00434, 'accuracy': 0.33571, 'f1': 0.23966, 'auc': 0.89349}
> Epoch 118: took 2.2s (avg 2.1s) | Best so far: epoch 104	train_loss: 0.4159 train_accuracy: 0.8618	val_loss: 4.0826 val_accuracy: 0.2262	test_loss: 3.7698 test_accuracy: 0.2881	F1: 0.2141 Prec: 0.2535 Rec: 0.2881
train: {'epoch': 119, 'time_epoch': 1.89131, 'eta': 240.78327, 'eta_hours': 0.06688, 'loss': 0.34826545, 'lr': 0.00053766, 'params': 276757, 'time_iter': 0.01081, 'accuracy': 0.8871, 'f1': 0.88702, 'auc': 0.99651}
val: {'epoch': 119, 'time_epoch': 0.06665, 'loss': 2.6915792, 'lr': 0, 'params': 276757, 'time_iter': 0.00476, 'accuracy': 0.29762, 'f1': 0.25434, 'auc': 0.87852}
test: {'epoch': 119, 'time_epoch': 0.11022, 'loss': 3.41128099, 'lr': 0, 'params': 276757, 'time_iter': 0.00787, 'accuracy': 0.35714, 'f1': 0.27778, 'auc': 0.87075}
[*] Confusion Matrix saved to: results_lopo_none/DE_3m\Conf\confusion_matrix_epoch_119.png
> Epoch 119: took 2.1s (avg 2.1s) | Best so far: epoch 119	train_loss: 0.3483 train_accuracy: 0.8871	val_loss: 2.6916 val_accuracy: 0.2976	test_loss: 3.4113 test_accuracy: 0.3571	F1: 0.2778 Prec: 0.3290 Rec: 0.3571
train: {'epoch': 120, 'time_epoch': 1.82464, 'eta': 238.90173, 'eta_hours': 0.06636, 'loss': 0.34878652, 'lr': 0.0005314, 'params': 276757, 'time_iter': 0.01043, 'accuracy': 0.88871, 'f1': 0.88868, 'auc': 0.99656}
val: {'epoch': 120, 'time_epoch': 0.08597, 'loss': 3.38227511, 'lr': 0, 'params': 276757, 'time_iter': 0.00614, 'accuracy': 0.23571, 'f1': 0.17774, 'auc': 0.86283}
test: {'epoch': 120, 'time_epoch': 0.0897, 'loss': 2.49064358, 'lr': 0, 'params': 276757, 'time_iter': 0.00641, 'accuracy': 0.42381, 'f1': 0.35447, 'auc': 0.91365}
> Epoch 120: took 2.1s (avg 2.1s) | Best so far: epoch 119	train_loss: 0.3483 train_accuracy: 0.8871	val_loss: 2.6916 val_accuracy: 0.2976	test_loss: 3.4113 test_accuracy: 0.3571	F1: 0.2778 Prec: 0.3290 Rec: 0.3571
train: {'epoch': 121, 'time_epoch': 1.8601, 'eta': 237.05833, 'eta_hours': 0.06585, 'loss': 0.36674711, 'lr': 0.00052512, 'params': 276757, 'time_iter': 0.01063, 'accuracy': 0.87742, 'f1': 0.87735, 'auc': 0.99634}
val: {'epoch': 121, 'time_epoch': 0.07208, 'loss': 6.1682539, 'lr': 0, 'params': 276757, 'time_iter': 0.00515, 'accuracy': 0.14762, 'f1': 0.1302, 'auc': 0.7301}
test: {'epoch': 121, 'time_epoch': 0.06818, 'loss': 7.10107439, 'lr': 0, 'params': 276757, 'time_iter': 0.00487, 'accuracy': 0.1881, 'f1': 0.10732, 'auc': 0.79042}
> Epoch 121: took 2.1s (avg 2.1s) | Best so far: epoch 119	train_loss: 0.3483 train_accuracy: 0.8871	val_loss: 2.6916 val_accuracy: 0.2976	test_loss: 3.4113 test_accuracy: 0.3571	F1: 0.2778 Prec: 0.3290 Rec: 0.3571
train: {'epoch': 122, 'time_epoch': 1.88367, 'eta': 235.23899, 'eta_hours': 0.06534, 'loss': 0.33723424, 'lr': 0.00051885, 'params': 276757, 'time_iter': 0.01076, 'accuracy': 0.89086, 'f1': 0.89078, 'auc': 0.99682}
val: {'epoch': 122, 'time_epoch': 0.08291, 'loss': 3.23424683, 'lr': 0, 'params': 276757, 'time_iter': 0.00592, 'accuracy': 0.21905, 'f1': 0.21129, 'auc': 0.84398}
test: {'epoch': 122, 'time_epoch': 0.10113, 'loss': 3.62770086, 'lr': 0, 'params': 276757, 'time_iter': 0.00722, 'accuracy': 0.3381, 'f1': 0.27019, 'auc': 0.8917}
> Epoch 122: took 2.2s (avg 2.1s) | Best so far: epoch 119	train_loss: 0.3483 train_accuracy: 0.8871	val_loss: 2.6916 val_accuracy: 0.2976	test_loss: 3.4113 test_accuracy: 0.3571	F1: 0.2778 Prec: 0.3290 Rec: 0.3571
train: {'epoch': 123, 'time_epoch': 1.85856, 'eta': 233.3931, 'eta_hours': 0.06483, 'loss': 0.33811602, 'lr': 0.00051257, 'params': 276757, 'time_iter': 0.01062, 'accuracy': 0.88297, 'f1': 0.88295, 'auc': 0.99681}
val: {'epoch': 123, 'time_epoch': 0.06692, 'loss': 5.3161801, 'lr': 0, 'params': 276757, 'time_iter': 0.00478, 'accuracy': 0.12619, 'f1': 0.11376, 'auc': 0.76277}
test: {'epoch': 123, 'time_epoch': 0.06582, 'loss': 6.83773022, 'lr': 0, 'params': 276757, 'time_iter': 0.0047, 'accuracy': 0.18095, 'f1': 0.12401, 'auc': 0.79047}
> Epoch 123: took 2.1s (avg 2.1s) | Best so far: epoch 119	train_loss: 0.3483 train_accuracy: 0.8871	val_loss: 2.6916 val_accuracy: 0.2976	test_loss: 3.4113 test_accuracy: 0.3571	F1: 0.2778 Prec: 0.3290 Rec: 0.3571
train: {'epoch': 124, 'time_epoch': 2.04825, 'eta': 231.7367, 'eta_hours': 0.06437, 'loss': 0.35635476, 'lr': 0.00050628, 'params': 276757, 'time_iter': 0.0117, 'accuracy': 0.88082, 'f1': 0.88078, 'auc': 0.99646}
val: {'epoch': 124, 'time_epoch': 0.06792, 'loss': 4.67275329, 'lr': 0, 'params': 276757, 'time_iter': 0.00485, 'accuracy': 0.15238, 'f1': 0.10811, 'auc': 0.80093}
test: {'epoch': 124, 'time_epoch': 0.07201, 'loss': 4.75325738, 'lr': 0, 'params': 276757, 'time_iter': 0.00514, 'accuracy': 0.29762, 'f1': 0.21299, 'auc': 0.84381}
> Epoch 124: took 2.3s (avg 2.1s) | Best so far: epoch 119	train_loss: 0.3483 train_accuracy: 0.8871	val_loss: 2.6916 val_accuracy: 0.2976	test_loss: 3.4113 test_accuracy: 0.3571	F1: 0.2778 Prec: 0.3290 Rec: 0.3571
train: {'epoch': 125, 'time_epoch': 1.738, 'eta': 229.76875, 'eta_hours': 0.06382, 'loss': 0.32066357, 'lr': 0.0005, 'params': 276757, 'time_iter': 0.00993, 'accuracy': 0.89104, 'f1': 0.891, 'auc': 0.99725}
val: {'epoch': 125, 'time_epoch': 0.07775, 'loss': 3.91153079, 'lr': 0, 'params': 276757, 'time_iter': 0.00555, 'accuracy': 0.20714, 'f1': 0.15507, 'auc': 0.85803}
test: {'epoch': 125, 'time_epoch': 0.06829, 'loss': 2.91648847, 'lr': 0, 'params': 276757, 'time_iter': 0.00488, 'accuracy': 0.37381, 'f1': 0.29056, 'auc': 0.89982}
> Epoch 125: took 1.9s (avg 2.1s) | Best so far: epoch 119	train_loss: 0.3483 train_accuracy: 0.8871	val_loss: 2.6916 val_accuracy: 0.2976	test_loss: 3.4113 test_accuracy: 0.3571	F1: 0.2778 Prec: 0.3290 Rec: 0.3571
train: {'epoch': 126, 'time_epoch': 1.85123, 'eta': 227.91409, 'eta_hours': 0.06331, 'loss': 0.32835308, 'lr': 0.00049372, 'params': 276757, 'time_iter': 0.01058, 'accuracy': 0.89498, 'f1': 0.8949, 'auc': 0.99695}
val: {'epoch': 126, 'time_epoch': 0.06946, 'loss': 4.30016758, 'lr': 0, 'params': 276757, 'time_iter': 0.00496, 'accuracy': 0.19048, 'f1': 0.18269, 'auc': 0.79114}
test: {'epoch': 126, 'time_epoch': 0.06988, 'loss': 5.37251105, 'lr': 0, 'params': 276757, 'time_iter': 0.00499, 'accuracy': 0.28333, 'f1': 0.18378, 'auc': 0.83875}
> Epoch 126: took 2.1s (avg 2.1s) | Best so far: epoch 119	train_loss: 0.3483 train_accuracy: 0.8871	val_loss: 2.6916 val_accuracy: 0.2976	test_loss: 3.4113 test_accuracy: 0.3571	F1: 0.2778 Prec: 0.3290 Rec: 0.3571
train: {'epoch': 127, 'time_epoch': 1.68763, 'eta': 225.90356, 'eta_hours': 0.06275, 'loss': 0.33688293, 'lr': 0.00048743, 'params': 276757, 'time_iter': 0.00964, 'accuracy': 0.89301, 'f1': 0.89299, 'auc': 0.99677}
val: {'epoch': 127, 'time_epoch': 0.07846, 'loss': 3.60507826, 'lr': 0, 'params': 276757, 'time_iter': 0.0056, 'accuracy': 0.17857, 'f1': 0.16875, 'auc': 0.79966}
test: {'epoch': 127, 'time_epoch': 0.06813, 'loss': 5.25677023, 'lr': 0, 'params': 276757, 'time_iter': 0.00487, 'accuracy': 0.22143, 'f1': 0.13991, 'auc': 0.8234}
> Epoch 127: took 1.9s (avg 2.1s) | Best so far: epoch 119	train_loss: 0.3483 train_accuracy: 0.8871	val_loss: 2.6916 val_accuracy: 0.2976	test_loss: 3.4113 test_accuracy: 0.3571	F1: 0.2778 Prec: 0.3290 Rec: 0.3571
train: {'epoch': 128, 'time_epoch': 1.78209, 'eta': 223.98663, 'eta_hours': 0.06222, 'loss': 0.33037833, 'lr': 0.00048115, 'params': 276757, 'time_iter': 0.01018, 'accuracy': 0.89283, 'f1': 0.89278, 'auc': 0.997}
val: {'epoch': 128, 'time_epoch': 0.06827, 'loss': 4.82350606, 'lr': 0, 'params': 276757, 'time_iter': 0.00488, 'accuracy': 0.14524, 'f1': 0.07471, 'auc': 0.8491}
test: {'epoch': 128, 'time_epoch': 0.06818, 'loss': 3.90096318, 'lr': 0, 'params': 276757, 'time_iter': 0.00487, 'accuracy': 0.31429, 'f1': 0.2048, 'auc': 0.89305}
> Epoch 128: took 2.0s (avg 2.1s) | Best so far: epoch 119	train_loss: 0.3483 train_accuracy: 0.8871	val_loss: 2.6916 val_accuracy: 0.2976	test_loss: 3.4113 test_accuracy: 0.3571	F1: 0.2778 Prec: 0.3290 Rec: 0.3571
train: {'epoch': 129, 'time_epoch': 1.84424, 'eta': 222.12914, 'eta_hours': 0.0617, 'loss': 0.331182, 'lr': 0.00047488, 'params': 276757, 'time_iter': 0.01054, 'accuracy': 0.88943, 'f1': 0.88947, 'auc': 0.99693}
val: {'epoch': 129, 'time_epoch': 0.06958, 'loss': 3.07699696, 'lr': 0, 'params': 276757, 'time_iter': 0.00497, 'accuracy': 0.26429, 'f1': 0.22361, 'auc': 0.88382}
test: {'epoch': 129, 'time_epoch': 0.06617, 'loss': 2.76693386, 'lr': 0, 'params': 276757, 'time_iter': 0.00473, 'accuracy': 0.35476, 'f1': 0.29242, 'auc': 0.8931}
> Epoch 129: took 2.1s (avg 2.1s) | Best so far: epoch 119	train_loss: 0.3483 train_accuracy: 0.8871	val_loss: 2.6916 val_accuracy: 0.2976	test_loss: 3.4113 test_accuracy: 0.3571	F1: 0.2778 Prec: 0.3290 Rec: 0.3571
train: {'epoch': 130, 'time_epoch': 1.67756, 'eta': 220.12044, 'eta_hours': 0.06114, 'loss': 0.35681741, 'lr': 0.0004686, 'params': 276757, 'time_iter': 0.00959, 'accuracy': 0.87867, 'f1': 0.87856, 'auc': 0.99641}
val: {'epoch': 130, 'time_epoch': 0.06554, 'loss': 3.74782283, 'lr': 0, 'params': 276757, 'time_iter': 0.00468, 'accuracy': 0.20238, 'f1': 0.15249, 'auc': 0.8237}
test: {'epoch': 130, 'time_epoch': 0.06595, 'loss': 3.51465885, 'lr': 0, 'params': 276757, 'time_iter': 0.00471, 'accuracy': 0.29048, 'f1': 0.19213, 'auc': 0.88277}
> Epoch 130: took 1.9s (avg 2.1s) | Best so far: epoch 119	train_loss: 0.3483 train_accuracy: 0.8871	val_loss: 2.6916 val_accuracy: 0.2976	test_loss: 3.4113 test_accuracy: 0.3571	F1: 0.2778 Prec: 0.3290 Rec: 0.3571
train: {'epoch': 131, 'time_epoch': 1.61671, 'eta': 218.06236, 'eta_hours': 0.06057, 'loss': 0.33840549, 'lr': 0.00046234, 'params': 276757, 'time_iter': 0.00924, 'accuracy': 0.8905, 'f1': 0.89047, 'auc': 0.99677}
val: {'epoch': 131, 'time_epoch': 0.07677, 'loss': 3.38676234, 'lr': 0, 'params': 276757, 'time_iter': 0.00548, 'accuracy': 0.22143, 'f1': 0.22277, 'auc': 0.83101}
test: {'epoch': 131, 'time_epoch': 0.07266, 'loss': 4.10192543, 'lr': 0, 'params': 276757, 'time_iter': 0.00519, 'accuracy': 0.31667, 'f1': 0.22676, 'auc': 0.87258}
> Epoch 131: took 1.8s (avg 2.1s) | Best so far: epoch 119	train_loss: 0.3483 train_accuracy: 0.8871	val_loss: 2.6916 val_accuracy: 0.2976	test_loss: 3.4113 test_accuracy: 0.3571	F1: 0.2778 Prec: 0.3290 Rec: 0.3571
train: {'epoch': 132, 'time_epoch': 1.79458, 'eta': 216.16739, 'eta_hours': 0.06005, 'loss': 0.30855475, 'lr': 0.00045607, 'params': 276757, 'time_iter': 0.01025, 'accuracy': 0.8991, 'f1': 0.89896, 'auc': 0.9974}
val: {'epoch': 132, 'time_epoch': 0.07307, 'loss': 4.12534702, 'lr': 0, 'params': 276757, 'time_iter': 0.00522, 'accuracy': 0.21667, 'f1': 0.19286, 'auc': 0.82116}
test: {'epoch': 132, 'time_epoch': 0.08781, 'loss': 4.76856726, 'lr': 0, 'params': 276757, 'time_iter': 0.00627, 'accuracy': 0.29524, 'f1': 0.19416, 'auc': 0.85035}
> Epoch 132: took 2.1s (avg 2.1s) | Best so far: epoch 119	train_loss: 0.3483 train_accuracy: 0.8871	val_loss: 2.6916 val_accuracy: 0.2976	test_loss: 3.4113 test_accuracy: 0.3571	F1: 0.2778 Prec: 0.3290 Rec: 0.3571
train: {'epoch': 133, 'time_epoch': 1.76171, 'eta': 214.24547, 'eta_hours': 0.05951, 'loss': 0.3160337, 'lr': 0.00044982, 'params': 276757, 'time_iter': 0.01007, 'accuracy': 0.89588, 'f1': 0.89591, 'auc': 0.99723}
val: {'epoch': 133, 'time_epoch': 0.08436, 'loss': 3.07210743, 'lr': 0, 'params': 276757, 'time_iter': 0.00603, 'accuracy': 0.26429, 'f1': 0.21804, 'auc': 0.84945}
test: {'epoch': 133, 'time_epoch': 0.07824, 'loss': 3.72910592, 'lr': 0, 'params': 276757, 'time_iter': 0.00559, 'accuracy': 0.30952, 'f1': 0.22228, 'auc': 0.87077}
> Epoch 133: took 2.0s (avg 2.1s) | Best so far: epoch 119	train_loss: 0.3483 train_accuracy: 0.8871	val_loss: 2.6916 val_accuracy: 0.2976	test_loss: 3.4113 test_accuracy: 0.3571	F1: 0.2778 Prec: 0.3290 Rec: 0.3571
train: {'epoch': 134, 'time_epoch': 1.79127, 'eta': 212.35111, 'eta_hours': 0.05899, 'loss': 0.31694854, 'lr': 0.00044357, 'params': 276757, 'time_iter': 0.01024, 'accuracy': 0.8948, 'f1': 0.89479, 'auc': 0.99716}
val: {'epoch': 134, 'time_epoch': 0.06627, 'loss': 3.2335838, 'lr': 0, 'params': 276757, 'time_iter': 0.00473, 'accuracy': 0.2881, 'f1': 0.23338, 'auc': 0.87288}
test: {'epoch': 134, 'time_epoch': 0.071, 'loss': 3.32265472, 'lr': 0, 'params': 276757, 'time_iter': 0.00507, 'accuracy': 0.34048, 'f1': 0.2705, 'auc': 0.88814}
> Epoch 134: took 2.0s (avg 2.1s) | Best so far: epoch 119	train_loss: 0.3483 train_accuracy: 0.8871	val_loss: 2.6916 val_accuracy: 0.2976	test_loss: 3.4113 test_accuracy: 0.3571	F1: 0.2778 Prec: 0.3290 Rec: 0.3571
train: {'epoch': 135, 'time_epoch': 1.78549, 'eta': 210.45341, 'eta_hours': 0.05846, 'loss': 0.301894, 'lr': 0.00043733, 'params': 276757, 'time_iter': 0.0102, 'accuracy': 0.89677, 'f1': 0.89667, 'auc': 0.99744}
val: {'epoch': 135, 'time_epoch': 0.0797, 'loss': 3.52827683, 'lr': 0, 'params': 276757, 'time_iter': 0.00569, 'accuracy': 0.22619, 'f1': 0.17449, 'auc': 0.86957}
test: {'epoch': 135, 'time_epoch': 0.10563, 'loss': 3.56198914, 'lr': 0, 'params': 276757, 'time_iter': 0.00754, 'accuracy': 0.37143, 'f1': 0.31588, 'auc': 0.87479}
> Epoch 135: took 2.0s (avg 2.1s) | Best so far: epoch 119	train_loss: 0.3483 train_accuracy: 0.8871	val_loss: 2.6916 val_accuracy: 0.2976	test_loss: 3.4113 test_accuracy: 0.3571	F1: 0.2778 Prec: 0.3290 Rec: 0.3571
train: {'epoch': 136, 'time_epoch': 1.71926, 'eta': 208.50272, 'eta_hours': 0.05792, 'loss': 0.31030936, 'lr': 0.0004311, 'params': 276757, 'time_iter': 0.00982, 'accuracy': 0.89624, 'f1': 0.89618, 'auc': 0.99726}
val: {'epoch': 136, 'time_epoch': 0.06899, 'loss': 4.08930068, 'lr': 0, 'params': 276757, 'time_iter': 0.00493, 'accuracy': 0.15952, 'f1': 0.12665, 'auc': 0.8002}
test: {'epoch': 136, 'time_epoch': 0.06387, 'loss': 5.27033049, 'lr': 0, 'params': 276757, 'time_iter': 0.00456, 'accuracy': 0.26667, 'f1': 0.178, 'auc': 0.8187}
> Epoch 136: took 2.0s (avg 2.1s) | Best so far: epoch 119	train_loss: 0.3483 train_accuracy: 0.8871	val_loss: 2.6916 val_accuracy: 0.2976	test_loss: 3.4113 test_accuracy: 0.3571	F1: 0.2778 Prec: 0.3290 Rec: 0.3571
train: {'epoch': 137, 'time_epoch': 1.73516, 'eta': 206.56829, 'eta_hours': 0.05738, 'loss': 0.29774482, 'lr': 0.00042489, 'params': 276757, 'time_iter': 0.00992, 'accuracy': 0.90466, 'f1': 0.9046, 'auc': 0.99753}
val: {'epoch': 137, 'time_epoch': 0.05853, 'loss': 4.12038106, 'lr': 0, 'params': 276757, 'time_iter': 0.00418, 'accuracy': 0.18095, 'f1': 0.16831, 'auc': 0.79618}
test: {'epoch': 137, 'time_epoch': 0.06802, 'loss': 5.22668542, 'lr': 0, 'params': 276757, 'time_iter': 0.00486, 'accuracy': 0.25714, 'f1': 0.18904, 'auc': 0.8203}
> Epoch 137: took 1.9s (avg 2.1s) | Best so far: epoch 119	train_loss: 0.3483 train_accuracy: 0.8871	val_loss: 2.6916 val_accuracy: 0.2976	test_loss: 3.4113 test_accuracy: 0.3571	F1: 0.2778 Prec: 0.3290 Rec: 0.3571
train: {'epoch': 138, 'time_epoch': 1.80465, 'eta': 204.69222, 'eta_hours': 0.05686, 'loss': 0.32069922, 'lr': 0.00041868, 'params': 276757, 'time_iter': 0.01031, 'accuracy': 0.89516, 'f1': 0.89509, 'auc': 0.99713}
val: {'epoch': 138, 'time_epoch': 0.08502, 'loss': 4.05818829, 'lr': 0, 'params': 276757, 'time_iter': 0.00607, 'accuracy': 0.26429, 'f1': 0.21896, 'auc': 0.81283}
test: {'epoch': 138, 'time_epoch': 0.06984, 'loss': 5.68610321, 'lr': 0, 'params': 276757, 'time_iter': 0.00499, 'accuracy': 0.24524, 'f1': 0.17446, 'auc': 0.81563}
> Epoch 138: took 2.0s (avg 2.1s) | Best so far: epoch 119	train_loss: 0.3483 train_accuracy: 0.8871	val_loss: 2.6916 val_accuracy: 0.2976	test_loss: 3.4113 test_accuracy: 0.3571	F1: 0.2778 Prec: 0.3290 Rec: 0.3571
train: {'epoch': 139, 'time_epoch': 1.81964, 'eta': 202.82895, 'eta_hours': 0.05634, 'loss': 0.30331829, 'lr': 0.00041249, 'params': 276757, 'time_iter': 0.0104, 'accuracy': 0.89875, 'f1': 0.89865, 'auc': 0.99738}
val: {'epoch': 139, 'time_epoch': 0.07107, 'loss': 4.87610052, 'lr': 0, 'params': 276757, 'time_iter': 0.00508, 'accuracy': 0.13333, 'f1': 0.07855, 'auc': 0.82196}
test: {'epoch': 139, 'time_epoch': 0.07044, 'loss': 3.69309263, 'lr': 0, 'params': 276757, 'time_iter': 0.00503, 'accuracy': 0.33571, 'f1': 0.25901, 'auc': 0.89025}
> Epoch 139: took 2.0s (avg 2.1s) | Best so far: epoch 119	train_loss: 0.3483 train_accuracy: 0.8871	val_loss: 2.6916 val_accuracy: 0.2976	test_loss: 3.4113 test_accuracy: 0.3571	F1: 0.2778 Prec: 0.3290 Rec: 0.3571
train: {'epoch': 140, 'time_epoch': 1.87345, 'eta': 201.0079, 'eta_hours': 0.05584, 'loss': 0.29947357, 'lr': 0.00040631, 'params': 276757, 'time_iter': 0.01071, 'accuracy': 0.90466, 'f1': 0.90468, 'auc': 0.99741}
val: {'epoch': 140, 'time_epoch': 0.09371, 'loss': 4.97177032, 'lr': 0, 'params': 276757, 'time_iter': 0.00669, 'accuracy': 0.16667, 'f1': 0.12601, 'auc': 0.82903}
test: {'epoch': 140, 'time_epoch': 0.09471, 'loss': 3.67435142, 'lr': 0, 'params': 276757, 'time_iter': 0.00677, 'accuracy': 0.3, 'f1': 0.23419, 'auc': 0.89679}
> Epoch 140: took 2.1s (avg 2.1s) | Best so far: epoch 119	train_loss: 0.3483 train_accuracy: 0.8871	val_loss: 2.6916 val_accuracy: 0.2976	test_loss: 3.4113 test_accuracy: 0.3571	F1: 0.2778 Prec: 0.3290 Rec: 0.3571
train: {'epoch': 141, 'time_epoch': 1.74709, 'eta': 199.09, 'eta_hours': 0.0553, 'loss': 0.29838123, 'lr': 0.00040015, 'params': 276757, 'time_iter': 0.00998, 'accuracy': 0.90269, 'f1': 0.90266, 'auc': 0.99753}
val: {'epoch': 141, 'time_epoch': 0.07125, 'loss': 4.23203427, 'lr': 0, 'params': 276757, 'time_iter': 0.00509, 'accuracy': 0.21667, 'f1': 0.15186, 'auc': 0.85639}
test: {'epoch': 141, 'time_epoch': 0.06361, 'loss': 4.00716386, 'lr': 0, 'params': 276757, 'time_iter': 0.00454, 'accuracy': 0.34524, 'f1': 0.25753, 'auc': 0.89207}
> Epoch 141: took 2.0s (avg 2.1s) | Best so far: epoch 119	train_loss: 0.3483 train_accuracy: 0.8871	val_loss: 2.6916 val_accuracy: 0.2976	test_loss: 3.4113 test_accuracy: 0.3571	F1: 0.2778 Prec: 0.3290 Rec: 0.3571
train: {'epoch': 142, 'time_epoch': 2.0529, 'eta': 197.40331, 'eta_hours': 0.05483, 'loss': 0.29331161, 'lr': 0.000394, 'params': 276757, 'time_iter': 0.01173, 'accuracy': 0.90036, 'f1': 0.90038, 'auc': 0.99759}
val: {'epoch': 142, 'time_epoch': 0.11016, 'loss': 3.88198245, 'lr': 0, 'params': 276757, 'time_iter': 0.00787, 'accuracy': 0.22857, 'f1': 0.20225, 'auc': 0.81923}
test: {'epoch': 142, 'time_epoch': 0.1056, 'loss': 4.02050335, 'lr': 0, 'params': 276757, 'time_iter': 0.00754, 'accuracy': 0.33333, 'f1': 0.25459, 'auc': 0.85837}
> Epoch 142: took 2.3s (avg 2.1s) | Best so far: epoch 119	train_loss: 0.3483 train_accuracy: 0.8871	val_loss: 2.6916 val_accuracy: 0.2976	test_loss: 3.4113 test_accuracy: 0.3571	F1: 0.2778 Prec: 0.3290 Rec: 0.3571
train: {'epoch': 143, 'time_epoch': 1.73873, 'eta': 195.48027, 'eta_hours': 0.0543, 'loss': 0.28456794, 'lr': 0.00038786, 'params': 276757, 'time_iter': 0.00994, 'accuracy': 0.90609, 'f1': 0.90597, 'auc': 0.99771}
val: {'epoch': 143, 'time_epoch': 0.0757, 'loss': 3.47892849, 'lr': 0, 'params': 276757, 'time_iter': 0.00541, 'accuracy': 0.20476, 'f1': 0.17832, 'auc': 0.85578}
test: {'epoch': 143, 'time_epoch': 0.0767, 'loss': 3.55589253, 'lr': 0, 'params': 276757, 'time_iter': 0.00548, 'accuracy': 0.32619, 'f1': 0.25401, 'auc': 0.87551}
> Epoch 143: took 2.0s (avg 2.1s) | Best so far: epoch 119	train_loss: 0.3483 train_accuracy: 0.8871	val_loss: 2.6916 val_accuracy: 0.2976	test_loss: 3.4113 test_accuracy: 0.3571	F1: 0.2778 Prec: 0.3290 Rec: 0.3571
train: {'epoch': 144, 'time_epoch': 2.11151, 'eta': 193.82972, 'eta_hours': 0.05384, 'loss': 0.2840896, 'lr': 0.00038175, 'params': 276757, 'time_iter': 0.01207, 'accuracy': 0.9095, 'f1': 0.90938, 'auc': 0.99775}
val: {'epoch': 144, 'time_epoch': 0.09262, 'loss': 3.95646647, 'lr': 0, 'params': 276757, 'time_iter': 0.00662, 'accuracy': 0.21667, 'f1': 0.19358, 'auc': 0.83149}
test: {'epoch': 144, 'time_epoch': 0.08632, 'loss': 4.3176007, 'lr': 0, 'params': 276757, 'time_iter': 0.00617, 'accuracy': 0.3381, 'f1': 0.25709, 'auc': 0.85187}
> Epoch 144: took 2.4s (avg 2.1s) | Best so far: epoch 119	train_loss: 0.3483 train_accuracy: 0.8871	val_loss: 2.6916 val_accuracy: 0.2976	test_loss: 3.4113 test_accuracy: 0.3571	F1: 0.2778 Prec: 0.3290 Rec: 0.3571
train: {'epoch': 145, 'time_epoch': 1.92358, 'eta': 192.03899, 'eta_hours': 0.05334, 'loss': 0.30041705, 'lr': 0.00037566, 'params': 276757, 'time_iter': 0.01099, 'accuracy': 0.90179, 'f1': 0.90182, 'auc': 0.99754}
val: {'epoch': 145, 'time_epoch': 0.08139, 'loss': 4.58120965, 'lr': 0, 'params': 276757, 'time_iter': 0.00581, 'accuracy': 0.20476, 'f1': 0.15668, 'auc': 0.84902}
test: {'epoch': 145, 'time_epoch': 0.10236, 'loss': 2.73279176, 'lr': 0, 'params': 276757, 'time_iter': 0.00731, 'accuracy': 0.42381, 'f1': 0.36696, 'auc': 0.91685}
> Epoch 145: took 2.2s (avg 2.1s) | Best so far: epoch 119	train_loss: 0.3483 train_accuracy: 0.8871	val_loss: 2.6916 val_accuracy: 0.2976	test_loss: 3.4113 test_accuracy: 0.3571	F1: 0.2778 Prec: 0.3290 Rec: 0.3571
train: {'epoch': 146, 'time_epoch': 1.82711, 'eta': 190.17885, 'eta_hours': 0.05283, 'loss': 0.2978469, 'lr': 0.00036958, 'params': 276757, 'time_iter': 0.01044, 'accuracy': 0.90072, 'f1': 0.90063, 'auc': 0.99751}
val: {'epoch': 146, 'time_epoch': 0.07916, 'loss': 3.83575217, 'lr': 0, 'params': 276757, 'time_iter': 0.00565, 'accuracy': 0.16429, 'f1': 0.13253, 'auc': 0.81242}
test: {'epoch': 146, 'time_epoch': 0.08912, 'loss': 3.31351107, 'lr': 0, 'params': 276757, 'time_iter': 0.00637, 'accuracy': 0.34048, 'f1': 0.25903, 'auc': 0.8804}
> Epoch 146: took 2.1s (avg 2.1s) | Best so far: epoch 119	train_loss: 0.3483 train_accuracy: 0.8871	val_loss: 2.6916 val_accuracy: 0.2976	test_loss: 3.4113 test_accuracy: 0.3571	F1: 0.2778 Prec: 0.3290 Rec: 0.3571
train: {'epoch': 147, 'time_epoch': 1.82443, 'eta': 188.31732, 'eta_hours': 0.05231, 'loss': 0.2821796, 'lr': 0.00036352, 'params': 276757, 'time_iter': 0.01043, 'accuracy': 0.9086, 'f1': 0.9086, 'auc': 0.99779}
val: {'epoch': 147, 'time_epoch': 0.08003, 'loss': 3.2215767, 'lr': 0, 'params': 276757, 'time_iter': 0.00572, 'accuracy': 0.22857, 'f1': 0.23091, 'auc': 0.85442}
test: {'epoch': 147, 'time_epoch': 0.07626, 'loss': 3.36369525, 'lr': 0, 'params': 276757, 'time_iter': 0.00545, 'accuracy': 0.35952, 'f1': 0.27471, 'auc': 0.89192}
> Epoch 147: took 2.1s (avg 2.1s) | Best so far: epoch 119	train_loss: 0.3483 train_accuracy: 0.8871	val_loss: 2.6916 val_accuracy: 0.2976	test_loss: 3.4113 test_accuracy: 0.3571	F1: 0.2778 Prec: 0.3290 Rec: 0.3571
train: {'epoch': 148, 'time_epoch': 1.79337, 'eta': 186.43523, 'eta_hours': 0.05179, 'loss': 0.27850068, 'lr': 0.00035749, 'params': 276757, 'time_iter': 0.01025, 'accuracy': 0.91129, 'f1': 0.91127, 'auc': 0.99782}
val: {'epoch': 148, 'time_epoch': 0.07482, 'loss': 4.1475761, 'lr': 0, 'params': 276757, 'time_iter': 0.00534, 'accuracy': 0.1619, 'f1': 0.10916, 'auc': 0.83664}
test: {'epoch': 148, 'time_epoch': 0.08707, 'loss': 3.06970171, 'lr': 0, 'params': 276757, 'time_iter': 0.00622, 'accuracy': 0.4, 'f1': 0.33536, 'auc': 0.90419}
> Epoch 148: took 2.0s (avg 2.1s) | Best so far: epoch 119	train_loss: 0.3483 train_accuracy: 0.8871	val_loss: 2.6916 val_accuracy: 0.2976	test_loss: 3.4113 test_accuracy: 0.3571	F1: 0.2778 Prec: 0.3290 Rec: 0.3571
train: {'epoch': 149, 'time_epoch': 1.72501, 'eta': 184.50875, 'eta_hours': 0.05125, 'loss': 0.26538382, 'lr': 0.00035148, 'params': 276757, 'time_iter': 0.00986, 'accuracy': 0.90878, 'f1': 0.90873, 'auc': 0.99801}
val: {'epoch': 149, 'time_epoch': 0.06498, 'loss': 3.1161286, 'lr': 0, 'params': 276757, 'time_iter': 0.00464, 'accuracy': 0.2619, 'f1': 0.19868, 'auc': 0.88478}
test: {'epoch': 149, 'time_epoch': 0.06584, 'loss': 3.12749097, 'lr': 0, 'params': 276757, 'time_iter': 0.0047, 'accuracy': 0.37381, 'f1': 0.29405, 'auc': 0.88978}
> Epoch 149: took 1.9s (avg 2.1s) | Best so far: epoch 119	train_loss: 0.3483 train_accuracy: 0.8871	val_loss: 2.6916 val_accuracy: 0.2976	test_loss: 3.4113 test_accuracy: 0.3571	F1: 0.2778 Prec: 0.3290 Rec: 0.3571
train: {'epoch': 150, 'time_epoch': 1.81497, 'eta': 182.64392, 'eta_hours': 0.05073, 'loss': 0.270882, 'lr': 0.00034549, 'params': 276757, 'time_iter': 0.01037, 'accuracy': 0.91039, 'f1': 0.91041, 'auc': 0.99793}
val: {'epoch': 150, 'time_epoch': 0.07411, 'loss': 4.26781511, 'lr': 0, 'params': 276757, 'time_iter': 0.00529, 'accuracy': 0.22619, 'f1': 0.13904, 'auc': 0.8804}
test: {'epoch': 150, 'time_epoch': 0.10568, 'loss': 2.95245617, 'lr': 0, 'params': 276757, 'time_iter': 0.00755, 'accuracy': 0.40238, 'f1': 0.33771, 'auc': 0.91972}
> Epoch 150: took 2.1s (avg 2.1s) | Best so far: epoch 119	train_loss: 0.3483 train_accuracy: 0.8871	val_loss: 2.6916 val_accuracy: 0.2976	test_loss: 3.4113 test_accuracy: 0.3571	F1: 0.2778 Prec: 0.3290 Rec: 0.3571
train: {'epoch': 151, 'time_epoch': 1.68639, 'eta': 180.69684, 'eta_hours': 0.05019, 'loss': 0.26016257, 'lr': 0.00033953, 'params': 276757, 'time_iter': 0.00964, 'accuracy': 0.91631, 'f1': 0.91628, 'auc': 0.99815}
val: {'epoch': 151, 'time_epoch': 0.09538, 'loss': 2.89850633, 'lr': 0, 'params': 276757, 'time_iter': 0.00681, 'accuracy': 0.3, 'f1': 0.27624, 'auc': 0.89351}
test: {'epoch': 151, 'time_epoch': 0.0964, 'loss': 3.07794209, 'lr': 0, 'params': 276757, 'time_iter': 0.00689, 'accuracy': 0.38571, 'f1': 0.30503, 'auc': 0.89803}
[*] Confusion Matrix saved to: results_lopo_none/DE_3m\Conf\confusion_matrix_epoch_151.png
> Epoch 151: took 2.0s (avg 2.1s) | Best so far: epoch 151	train_loss: 0.2602 train_accuracy: 0.9163	val_loss: 2.8985 val_accuracy: 0.3000	test_loss: 3.0779 test_accuracy: 0.3857	F1: 0.3050 Prec: 0.2875 Rec: 0.3857
train: {'epoch': 152, 'time_epoch': 1.78603, 'eta': 178.81634, 'eta_hours': 0.04967, 'loss': 0.26028668, 'lr': 0.00033359, 'params': 276757, 'time_iter': 0.01021, 'accuracy': 0.9095, 'f1': 0.90946, 'auc': 0.99809}
val: {'epoch': 152, 'time_epoch': 0.06956, 'loss': 3.90233165, 'lr': 0, 'params': 276757, 'time_iter': 0.00497, 'accuracy': 0.2119, 'f1': 0.18418, 'auc': 0.82596}
test: {'epoch': 152, 'time_epoch': 0.07938, 'loss': 3.58341684, 'lr': 0, 'params': 276757, 'time_iter': 0.00567, 'accuracy': 0.38571, 'f1': 0.29607, 'auc': 0.87906}
> Epoch 152: took 2.0s (avg 2.1s) | Best so far: epoch 151	train_loss: 0.2602 train_accuracy: 0.9163	val_loss: 2.8985 val_accuracy: 0.3000	test_loss: 3.0779 test_accuracy: 0.3857	F1: 0.3050 Prec: 0.2875 Rec: 0.3857
train: {'epoch': 153, 'time_epoch': 1.87165, 'eta': 176.99045, 'eta_hours': 0.04916, 'loss': 0.26651235, 'lr': 0.00032768, 'params': 276757, 'time_iter': 0.0107, 'accuracy': 0.90986, 'f1': 0.90982, 'auc': 0.99808}
val: {'epoch': 153, 'time_epoch': 0.06967, 'loss': 3.96995923, 'lr': 0, 'params': 276757, 'time_iter': 0.00498, 'accuracy': 0.1881, 'f1': 0.17207, 'auc': 0.83818}
test: {'epoch': 153, 'time_epoch': 0.08317, 'loss': 3.63039777, 'lr': 0, 'params': 276757, 'time_iter': 0.00594, 'accuracy': 0.35476, 'f1': 0.29127, 'auc': 0.88842}
> Epoch 153: took 2.1s (avg 2.1s) | Best so far: epoch 151	train_loss: 0.2602 train_accuracy: 0.9163	val_loss: 2.8985 val_accuracy: 0.3000	test_loss: 3.0779 test_accuracy: 0.3857	F1: 0.3050 Prec: 0.2875 Rec: 0.3857
train: {'epoch': 154, 'time_epoch': 1.846, 'eta': 175.14823, 'eta_hours': 0.04865, 'loss': 0.26596572, 'lr': 0.00032179, 'params': 276757, 'time_iter': 0.01055, 'accuracy': 0.91093, 'f1': 0.91084, 'auc': 0.99804}
val: {'epoch': 154, 'time_epoch': 0.08325, 'loss': 3.60157334, 'lr': 0, 'params': 276757, 'time_iter': 0.00595, 'accuracy': 0.28095, 'f1': 0.22383, 'auc': 0.88139}
test: {'epoch': 154, 'time_epoch': 0.06976, 'loss': 2.13498531, 'lr': 0, 'params': 276757, 'time_iter': 0.00498, 'accuracy': 0.46429, 'f1': 0.43266, 'auc': 0.92726}
> Epoch 154: took 2.1s (avg 2.1s) | Best so far: epoch 151	train_loss: 0.2602 train_accuracy: 0.9163	val_loss: 2.8985 val_accuracy: 0.3000	test_loss: 3.0779 test_accuracy: 0.3857	F1: 0.3050 Prec: 0.2875 Rec: 0.3857
train: {'epoch': 155, 'time_epoch': 1.72017, 'eta': 173.23015, 'eta_hours': 0.04812, 'loss': 0.2383378, 'lr': 0.00031594, 'params': 276757, 'time_iter': 0.00983, 'accuracy': 0.92509, 'f1': 0.92507, 'auc': 0.99845}
val: {'epoch': 155, 'time_epoch': 0.08196, 'loss': 4.2346774, 'lr': 0, 'params': 276757, 'time_iter': 0.00585, 'accuracy': 0.21667, 'f1': 0.14355, 'auc': 0.88226}
test: {'epoch': 155, 'time_epoch': 0.09685, 'loss': 2.54499464, 'lr': 0, 'params': 276757, 'time_iter': 0.00692, 'accuracy': 0.41667, 'f1': 0.36483, 'auc': 0.92456}
> Epoch 155: took 2.0s (avg 2.1s) | Best so far: epoch 151	train_loss: 0.2602 train_accuracy: 0.9163	val_loss: 2.8985 val_accuracy: 0.3000	test_loss: 3.0779 test_accuracy: 0.3857	F1: 0.3050 Prec: 0.2875 Rec: 0.3857
train: {'epoch': 156, 'time_epoch': 1.78417, 'eta': 171.35251, 'eta_hours': 0.0476, 'loss': 0.2754352, 'lr': 0.00031011, 'params': 276757, 'time_iter': 0.0102, 'accuracy': 0.90556, 'f1': 0.90548, 'auc': 0.99786}
val: {'epoch': 156, 'time_epoch': 0.07222, 'loss': 3.3557168, 'lr': 0, 'params': 276757, 'time_iter': 0.00516, 'accuracy': 0.30714, 'f1': 0.23868, 'auc': 0.89188}
test: {'epoch': 156, 'time_epoch': 0.06681, 'loss': 2.88624317, 'lr': 0, 'params': 276757, 'time_iter': 0.00477, 'accuracy': 0.40714, 'f1': 0.33266, 'auc': 0.91505}
[*] Confusion Matrix saved to: results_lopo_none/DE_3m\Conf\confusion_matrix_epoch_156.png
> Epoch 156: took 2.0s (avg 2.1s) | Best so far: epoch 156	train_loss: 0.2754 train_accuracy: 0.9056	val_loss: 3.3557 val_accuracy: 0.3071	test_loss: 2.8862 test_accuracy: 0.4071	F1: 0.3327 Prec: 0.3876 Rec: 0.4071
train: {'epoch': 157, 'time_epoch': 1.79753, 'eta': 169.48382, 'eta_hours': 0.04708, 'loss': 0.27092925, 'lr': 0.00030431, 'params': 276757, 'time_iter': 0.01027, 'accuracy': 0.90806, 'f1': 0.90799, 'auc': 0.99799}
val: {'epoch': 157, 'time_epoch': 0.07125, 'loss': 3.41265759, 'lr': 0, 'params': 276757, 'time_iter': 0.00509, 'accuracy': 0.22381, 'f1': 0.19498, 'auc': 0.85667}
test: {'epoch': 157, 'time_epoch': 0.07055, 'loss': 3.5502352, 'lr': 0, 'params': 276757, 'time_iter': 0.00504, 'accuracy': 0.3619, 'f1': 0.28864, 'auc': 0.87761}
> Epoch 157: took 2.0s (avg 2.1s) | Best so far: epoch 156	train_loss: 0.2754 train_accuracy: 0.9056	val_loss: 3.3557 val_accuracy: 0.3071	test_loss: 2.8862 test_accuracy: 0.4071	F1: 0.3327 Prec: 0.3876 Rec: 0.4071
train: {'epoch': 158, 'time_epoch': 1.76025, 'eta': 167.5947, 'eta_hours': 0.04655, 'loss': 0.25231853, 'lr': 0.00029855, 'params': 276757, 'time_iter': 0.01006, 'accuracy': 0.91828, 'f1': 0.91823, 'auc': 0.99815}
val: {'epoch': 158, 'time_epoch': 0.08598, 'loss': 4.16360767, 'lr': 0, 'params': 276757, 'time_iter': 0.00614, 'accuracy': 0.20714, 'f1': 0.14201, 'auc': 0.87587}
test: {'epoch': 158, 'time_epoch': 0.0853, 'loss': 2.61345832, 'lr': 0, 'params': 276757, 'time_iter': 0.00609, 'accuracy': 0.42619, 'f1': 0.38915, 'auc': 0.91628}
> Epoch 158: took 2.0s (avg 2.1s) | Best so far: epoch 156	train_loss: 0.2754 train_accuracy: 0.9056	val_loss: 3.3557 val_accuracy: 0.3071	test_loss: 2.8862 test_accuracy: 0.4071	F1: 0.3327 Prec: 0.3876 Rec: 0.4071
train: {'epoch': 159, 'time_epoch': 1.85169, 'eta': 165.75861, 'eta_hours': 0.04604, 'loss': 0.25700441, 'lr': 0.00029281, 'params': 276757, 'time_iter': 0.01058, 'accuracy': 0.91505, 'f1': 0.91504, 'auc': 0.99805}
val: {'epoch': 159, 'time_epoch': 0.07563, 'loss': 3.55878099, 'lr': 0, 'params': 276757, 'time_iter': 0.0054, 'accuracy': 0.22381, 'f1': 0.19242, 'auc': 0.8704}
test: {'epoch': 159, 'time_epoch': 0.07079, 'loss': 3.0961809, 'lr': 0, 'params': 276757, 'time_iter': 0.00506, 'accuracy': 0.36905, 'f1': 0.29989, 'auc': 0.9098}
> Epoch 159: took 2.1s (avg 2.1s) | Best so far: epoch 156	train_loss: 0.2754 train_accuracy: 0.9056	val_loss: 3.3557 val_accuracy: 0.3071	test_loss: 2.8862 test_accuracy: 0.4071	F1: 0.3327 Prec: 0.3876 Rec: 0.4071
train: {'epoch': 160, 'time_epoch': 1.83778, 'eta': 163.91465, 'eta_hours': 0.04553, 'loss': 0.25601369, 'lr': 0.00028711, 'params': 276757, 'time_iter': 0.0105, 'accuracy': 0.91738, 'f1': 0.91735, 'auc': 0.99809}
val: {'epoch': 160, 'time_epoch': 0.08576, 'loss': 3.72682503, 'lr': 0, 'params': 276757, 'time_iter': 0.00613, 'accuracy': 0.26905, 'f1': 0.20862, 'auc': 0.87821}
test: {'epoch': 160, 'time_epoch': 0.07252, 'loss': 2.2665416, 'lr': 0, 'params': 276757, 'time_iter': 0.00518, 'accuracy': 0.46667, 'f1': 0.41674, 'auc': 0.93105}
> Epoch 160: took 2.1s (avg 2.1s) | Best so far: epoch 156	train_loss: 0.2754 train_accuracy: 0.9056	val_loss: 3.3557 val_accuracy: 0.3071	test_loss: 2.8862 test_accuracy: 0.4071	F1: 0.3327 Prec: 0.3876 Rec: 0.4071
train: {'epoch': 161, 'time_epoch': 1.68334, 'eta': 161.98687, 'eta_hours': 0.045, 'loss': 0.24214379, 'lr': 0.00028144, 'params': 276757, 'time_iter': 0.00962, 'accuracy': 0.9181, 'f1': 0.91811, 'auc': 0.99841}
val: {'epoch': 161, 'time_epoch': 0.06753, 'loss': 4.20099763, 'lr': 0, 'params': 276757, 'time_iter': 0.00482, 'accuracy': 0.24048, 'f1': 0.16429, 'auc': 0.88241}
test: {'epoch': 161, 'time_epoch': 0.06473, 'loss': 2.40935032, 'lr': 0, 'params': 276757, 'time_iter': 0.00462, 'accuracy': 0.45476, 'f1': 0.40733, 'auc': 0.92471}
> Epoch 161: took 1.9s (avg 2.1s) | Best so far: epoch 156	train_loss: 0.2754 train_accuracy: 0.9056	val_loss: 3.3557 val_accuracy: 0.3071	test_loss: 2.8862 test_accuracy: 0.4071	F1: 0.3327 Prec: 0.3876 Rec: 0.4071
train: {'epoch': 162, 'time_epoch': 2.19442, 'eta': 160.33487, 'eta_hours': 0.04454, 'loss': 0.2453035, 'lr': 0.00027581, 'params': 276757, 'time_iter': 0.01254, 'accuracy': 0.92384, 'f1': 0.92383, 'auc': 0.99826}
val: {'epoch': 162, 'time_epoch': 0.08125, 'loss': 3.6329298, 'lr': 0, 'params': 276757, 'time_iter': 0.0058, 'accuracy': 0.26667, 'f1': 0.22695, 'auc': 0.86306}
test: {'epoch': 162, 'time_epoch': 0.07435, 'loss': 2.47017075, 'lr': 0, 'params': 276757, 'time_iter': 0.00531, 'accuracy': 0.41667, 'f1': 0.36662, 'auc': 0.91908}
> Epoch 162: took 2.4s (avg 2.1s) | Best so far: epoch 156	train_loss: 0.2754 train_accuracy: 0.9056	val_loss: 3.3557 val_accuracy: 0.3071	test_loss: 2.8862 test_accuracy: 0.4071	F1: 0.3327 Prec: 0.3876 Rec: 0.4071
train: {'epoch': 163, 'time_epoch': 1.92611, 'eta': 158.53556, 'eta_hours': 0.04404, 'loss': 0.25388514, 'lr': 0.00027021, 'params': 276757, 'time_iter': 0.01101, 'accuracy': 0.91398, 'f1': 0.91389, 'auc': 0.9982}
val: {'epoch': 163, 'time_epoch': 0.07097, 'loss': 3.66318837, 'lr': 0, 'params': 276757, 'time_iter': 0.00507, 'accuracy': 0.24286, 'f1': 0.19126, 'auc': 0.86164}
test: {'epoch': 163, 'time_epoch': 0.06785, 'loss': 3.0124853, 'lr': 0, 'params': 276757, 'time_iter': 0.00485, 'accuracy': 0.42619, 'f1': 0.34829, 'auc': 0.90723}
> Epoch 163: took 2.2s (avg 2.1s) | Best so far: epoch 156	train_loss: 0.2754 train_accuracy: 0.9056	val_loss: 3.3557 val_accuracy: 0.3071	test_loss: 2.8862 test_accuracy: 0.4071	F1: 0.3327 Prec: 0.3876 Rec: 0.4071
train: {'epoch': 164, 'time_epoch': 1.77636, 'eta': 156.65757, 'eta_hours': 0.04352, 'loss': 0.25449586, 'lr': 0.00026465, 'params': 276757, 'time_iter': 0.01015, 'accuracy': 0.91792, 'f1': 0.91787, 'auc': 0.99815}
val: {'epoch': 164, 'time_epoch': 0.0692, 'loss': 3.53784206, 'lr': 0, 'params': 276757, 'time_iter': 0.00494, 'accuracy': 0.29286, 'f1': 0.2262, 'auc': 0.89658}
test: {'epoch': 164, 'time_epoch': 0.0713, 'loss': 2.35923914, 'lr': 0, 'params': 276757, 'time_iter': 0.00509, 'accuracy': 0.45952, 'f1': 0.40075, 'auc': 0.93265}
> Epoch 164: took 2.0s (avg 2.1s) | Best so far: epoch 156	train_loss: 0.2754 train_accuracy: 0.9056	val_loss: 3.3557 val_accuracy: 0.3071	test_loss: 2.8862 test_accuracy: 0.4071	F1: 0.3327 Prec: 0.3876 Rec: 0.4071
train: {'epoch': 165, 'time_epoch': 1.75488, 'eta': 154.76993, 'eta_hours': 0.04299, 'loss': 0.24216237, 'lr': 0.00025912, 'params': 276757, 'time_iter': 0.01003, 'accuracy': 0.92168, 'f1': 0.92171, 'auc': 0.99834}
val: {'epoch': 165, 'time_epoch': 0.06658, 'loss': 3.56907695, 'lr': 0, 'params': 276757, 'time_iter': 0.00476, 'accuracy': 0.20952, 'f1': 0.19456, 'auc': 0.83209}
test: {'epoch': 165, 'time_epoch': 0.10013, 'loss': 4.3074538, 'lr': 0, 'params': 276757, 'time_iter': 0.00715, 'accuracy': 0.29762, 'f1': 0.19641, 'auc': 0.87246}
> Epoch 165: took 2.0s (avg 2.1s) | Best so far: epoch 156	train_loss: 0.2754 train_accuracy: 0.9056	val_loss: 3.3557 val_accuracy: 0.3071	test_loss: 2.8862 test_accuracy: 0.4071	F1: 0.3327 Prec: 0.3876 Rec: 0.4071
train: {'epoch': 166, 'time_epoch': 1.57658, 'eta': 152.79527, 'eta_hours': 0.04244, 'loss': 0.24502211, 'lr': 0.00025364, 'params': 276757, 'time_iter': 0.00901, 'accuracy': 0.92151, 'f1': 0.9215, 'auc': 0.99828}
val: {'epoch': 166, 'time_epoch': 0.07027, 'loss': 3.15805561, 'lr': 0, 'params': 276757, 'time_iter': 0.00502, 'accuracy': 0.27143, 'f1': 0.22304, 'auc': 0.89633}
test: {'epoch': 166, 'time_epoch': 0.06487, 'loss': 3.05522166, 'lr': 0, 'params': 276757, 'time_iter': 0.00463, 'accuracy': 0.40238, 'f1': 0.33283, 'auc': 0.91214}
> Epoch 166: took 1.8s (avg 2.1s) | Best so far: epoch 156	train_loss: 0.2754 train_accuracy: 0.9056	val_loss: 3.3557 val_accuracy: 0.3071	test_loss: 2.8862 test_accuracy: 0.4071	F1: 0.3327 Prec: 0.3876 Rec: 0.4071
train: {'epoch': 167, 'time_epoch': 1.87854, 'eta': 150.97273, 'eta_hours': 0.04194, 'loss': 0.24837416, 'lr': 0.00024819, 'params': 276757, 'time_iter': 0.01073, 'accuracy': 0.92151, 'f1': 0.92145, 'auc': 0.99819}
val: {'epoch': 167, 'time_epoch': 0.0647, 'loss': 3.35329665, 'lr': 0, 'params': 276757, 'time_iter': 0.00462, 'accuracy': 0.26429, 'f1': 0.22103, 'auc': 0.88417}
test: {'epoch': 167, 'time_epoch': 0.07103, 'loss': 2.23429912, 'lr': 0, 'params': 276757, 'time_iter': 0.00507, 'accuracy': 0.45238, 'f1': 0.39665, 'auc': 0.93894}
> Epoch 167: took 2.1s (avg 2.1s) | Best so far: epoch 156	train_loss: 0.2754 train_accuracy: 0.9056	val_loss: 3.3557 val_accuracy: 0.3071	test_loss: 2.8862 test_accuracy: 0.4071	F1: 0.3327 Prec: 0.3876 Rec: 0.4071
train: {'epoch': 168, 'time_epoch': 1.6833, 'eta': 149.05596, 'eta_hours': 0.0414, 'loss': 0.23873763, 'lr': 0.00024278, 'params': 276757, 'time_iter': 0.00962, 'accuracy': 0.91774, 'f1': 0.91771, 'auc': 0.99836}
val: {'epoch': 168, 'time_epoch': 0.08153, 'loss': 3.32793472, 'lr': 0, 'params': 276757, 'time_iter': 0.00582, 'accuracy': 0.28571, 'f1': 0.23416, 'auc': 0.89557}
test: {'epoch': 168, 'time_epoch': 0.07048, 'loss': 2.15953073, 'lr': 0, 'params': 276757, 'time_iter': 0.00503, 'accuracy': 0.47143, 'f1': 0.43028, 'auc': 0.93745}
> Epoch 168: took 1.9s (avg 2.1s) | Best so far: epoch 156	train_loss: 0.2754 train_accuracy: 0.9056	val_loss: 3.3557 val_accuracy: 0.3071	test_loss: 2.8862 test_accuracy: 0.4071	F1: 0.3327 Prec: 0.3876 Rec: 0.4071
train: {'epoch': 169, 'time_epoch': 1.66452, 'eta': 147.13309, 'eta_hours': 0.04087, 'loss': 0.24091593, 'lr': 0.00023741, 'params': 276757, 'time_iter': 0.00951, 'accuracy': 0.91989, 'f1': 0.91988, 'auc': 0.99838}
val: {'epoch': 169, 'time_epoch': 0.06981, 'loss': 3.95879423, 'lr': 0, 'params': 276757, 'time_iter': 0.00499, 'accuracy': 0.23095, 'f1': 0.16675, 'auc': 0.885}
test: {'epoch': 169, 'time_epoch': 0.07112, 'loss': 2.37346957, 'lr': 0, 'params': 276757, 'time_iter': 0.00508, 'accuracy': 0.43571, 'f1': 0.39933, 'auc': 0.92907}
> Epoch 169: took 1.9s (avg 2.1s) | Best so far: epoch 156	train_loss: 0.2754 train_accuracy: 0.9056	val_loss: 3.3557 val_accuracy: 0.3071	test_loss: 2.8862 test_accuracy: 0.4071	F1: 0.3327 Prec: 0.3876 Rec: 0.4071
train: {'epoch': 170, 'time_epoch': 2.11855, 'eta': 145.423, 'eta_hours': 0.0404, 'loss': 0.22657302, 'lr': 0.00023209, 'params': 276757, 'time_iter': 0.01211, 'accuracy': 0.92939, 'f1': 0.92932, 'auc': 0.99852}
val: {'epoch': 170, 'time_epoch': 0.0652, 'loss': 4.11294489, 'lr': 0, 'params': 276757, 'time_iter': 0.00466, 'accuracy': 0.21667, 'f1': 0.16091, 'auc': 0.88907}
test: {'epoch': 170, 'time_epoch': 0.06925, 'loss': 2.38064764, 'lr': 0, 'params': 276757, 'time_iter': 0.00495, 'accuracy': 0.46429, 'f1': 0.42004, 'auc': 0.93576}
> Epoch 170: took 2.3s (avg 2.1s) | Best so far: epoch 156	train_loss: 0.2754 train_accuracy: 0.9056	val_loss: 3.3557 val_accuracy: 0.3071	test_loss: 2.8862 test_accuracy: 0.4071	F1: 0.3327 Prec: 0.3876 Rec: 0.4071
train: {'epoch': 171, 'time_epoch': 1.643, 'eta': 143.4925, 'eta_hours': 0.03986, 'loss': 0.226519, 'lr': 0.0002268, 'params': 276757, 'time_iter': 0.00939, 'accuracy': 0.9276, 'f1': 0.92754, 'auc': 0.99853}
val: {'epoch': 171, 'time_epoch': 0.06827, 'loss': 4.49489765, 'lr': 0, 'params': 276757, 'time_iter': 0.00488, 'accuracy': 0.22143, 'f1': 0.14525, 'auc': 0.86773}
test: {'epoch': 171, 'time_epoch': 0.06497, 'loss': 2.62012237, 'lr': 0, 'params': 276757, 'time_iter': 0.00464, 'accuracy': 0.45714, 'f1': 0.39164, 'auc': 0.92511}
> Epoch 171: took 1.8s (avg 2.1s) | Best so far: epoch 156	train_loss: 0.2754 train_accuracy: 0.9056	val_loss: 3.3557 val_accuracy: 0.3071	test_loss: 2.8862 test_accuracy: 0.4071	F1: 0.3327 Prec: 0.3876 Rec: 0.4071
train: {'epoch': 172, 'time_epoch': 1.81603, 'eta': 141.64234, 'eta_hours': 0.03935, 'loss': 0.22566643, 'lr': 0.00022156, 'params': 276757, 'time_iter': 0.01038, 'accuracy': 0.92867, 'f1': 0.92868, 'auc': 0.99854}
val: {'epoch': 172, 'time_epoch': 0.06635, 'loss': 3.1383481, 'lr': 0, 'params': 276757, 'time_iter': 0.00474, 'accuracy': 0.2881, 'f1': 0.26095, 'auc': 0.89706}
test: {'epoch': 172, 'time_epoch': 0.07401, 'loss': 2.71498398, 'lr': 0, 'params': 276757, 'time_iter': 0.00529, 'accuracy': 0.43095, 'f1': 0.37214, 'auc': 0.91227}
> Epoch 172: took 2.1s (avg 2.1s) | Best so far: epoch 156	train_loss: 0.2754 train_accuracy: 0.9056	val_loss: 3.3557 val_accuracy: 0.3071	test_loss: 2.8862 test_accuracy: 0.4071	F1: 0.3327 Prec: 0.3876 Rec: 0.4071
train: {'epoch': 173, 'time_epoch': 1.82646, 'eta': 139.79713, 'eta_hours': 0.03883, 'loss': 0.21705408, 'lr': 0.00021637, 'params': 276757, 'time_iter': 0.01044, 'accuracy': 0.92814, 'f1': 0.92808, 'auc': 0.99868}
val: {'epoch': 173, 'time_epoch': 0.06786, 'loss': 3.69306924, 'lr': 0, 'params': 276757, 'time_iter': 0.00485, 'accuracy': 0.23095, 'f1': 0.1945, 'auc': 0.87845}
test: {'epoch': 173, 'time_epoch': 0.11193, 'loss': 2.73813274, 'lr': 0, 'params': 276757, 'time_iter': 0.00799, 'accuracy': 0.42143, 'f1': 0.36244, 'auc': 0.91631}
> Epoch 173: took 2.1s (avg 2.1s) | Best so far: epoch 156	train_loss: 0.2754 train_accuracy: 0.9056	val_loss: 3.3557 val_accuracy: 0.3071	test_loss: 2.8862 test_accuracy: 0.4071	F1: 0.3327 Prec: 0.3876 Rec: 0.4071
train: {'epoch': 174, 'time_epoch': 1.55588, 'eta': 137.83617, 'eta_hours': 0.03829, 'loss': 0.23250034, 'lr': 0.00021121, 'params': 276757, 'time_iter': 0.00889, 'accuracy': 0.92151, 'f1': 0.92144, 'auc': 0.99843}
val: {'epoch': 174, 'time_epoch': 0.06908, 'loss': 3.23727287, 'lr': 0, 'params': 276757, 'time_iter': 0.00493, 'accuracy': 0.23571, 'f1': 0.21496, 'auc': 0.87635}
test: {'epoch': 174, 'time_epoch': 0.06997, 'loss': 2.93288778, 'lr': 0, 'params': 276757, 'time_iter': 0.005, 'accuracy': 0.42381, 'f1': 0.36556, 'auc': 0.90688}
> Epoch 174: took 1.8s (avg 2.1s) | Best so far: epoch 156	train_loss: 0.2754 train_accuracy: 0.9056	val_loss: 3.3557 val_accuracy: 0.3071	test_loss: 2.8862 test_accuracy: 0.4071	F1: 0.3327 Prec: 0.3876 Rec: 0.4071
train: {'epoch': 175, 'time_epoch': 1.79373, 'eta': 135.97981, 'eta_hours': 0.03777, 'loss': 0.23937652, 'lr': 0.00020611, 'params': 276757, 'time_iter': 0.01025, 'accuracy': 0.92222, 'f1': 0.92218, 'auc': 0.99833}
val: {'epoch': 175, 'time_epoch': 0.07999, 'loss': 4.20520126, 'lr': 0, 'params': 276757, 'time_iter': 0.00571, 'accuracy': 0.25714, 'f1': 0.17301, 'auc': 0.88364}
test: {'epoch': 175, 'time_epoch': 0.07819, 'loss': 1.79425184, 'lr': 0, 'params': 276757, 'time_iter': 0.00558, 'accuracy': 0.53095, 'f1': 0.49463, 'auc': 0.95147}
> Epoch 175: took 2.0s (avg 2.1s) | Best so far: epoch 156	train_loss: 0.2754 train_accuracy: 0.9056	val_loss: 3.3557 val_accuracy: 0.3071	test_loss: 2.8862 test_accuracy: 0.4071	F1: 0.3327 Prec: 0.3876 Rec: 0.4071
train: {'epoch': 176, 'time_epoch': 1.64559, 'eta': 134.06307, 'eta_hours': 0.03724, 'loss': 0.25606814, 'lr': 0.00020105, 'params': 276757, 'time_iter': 0.0094, 'accuracy': 0.91774, 'f1': 0.91771, 'auc': 0.99807}
val: {'epoch': 176, 'time_epoch': 0.06779, 'loss': 4.15705335, 'lr': 0, 'params': 276757, 'time_iter': 0.00484, 'accuracy': 0.2381, 'f1': 0.15848, 'auc': 0.88307}
test: {'epoch': 176, 'time_epoch': 0.06725, 'loss': 2.20937274, 'lr': 0, 'params': 276757, 'time_iter': 0.0048, 'accuracy': 0.47381, 'f1': 0.43716, 'auc': 0.93879}
> Epoch 176: took 1.8s (avg 2.1s) | Best so far: epoch 156	train_loss: 0.2754 train_accuracy: 0.9056	val_loss: 3.3557 val_accuracy: 0.3071	test_loss: 2.8862 test_accuracy: 0.4071	F1: 0.3327 Prec: 0.3876 Rec: 0.4071
train: {'epoch': 177, 'time_epoch': 1.54695, 'eta': 132.10948, 'eta_hours': 0.0367, 'loss': 0.21706182, 'lr': 0.00019603, 'params': 276757, 'time_iter': 0.00884, 'accuracy': 0.92993, 'f1': 0.92993, 'auc': 0.99871}
val: {'epoch': 177, 'time_epoch': 0.07451, 'loss': 3.79321615, 'lr': 0, 'params': 276757, 'time_iter': 0.00532, 'accuracy': 0.27381, 'f1': 0.20998, 'auc': 0.88979}
test: {'epoch': 177, 'time_epoch': 0.06986, 'loss': 2.50386515, 'lr': 0, 'params': 276757, 'time_iter': 0.00499, 'accuracy': 0.4381, 'f1': 0.38295, 'auc': 0.92354}
> Epoch 177: took 1.8s (avg 2.1s) | Best so far: epoch 156	train_loss: 0.2754 train_accuracy: 0.9056	val_loss: 3.3557 val_accuracy: 0.3071	test_loss: 2.8862 test_accuracy: 0.4071	F1: 0.3327 Prec: 0.3876 Rec: 0.4071
train: {'epoch': 178, 'time_epoch': 2.01393, 'eta': 130.34565, 'eta_hours': 0.03621, 'loss': 0.2240783, 'lr': 0.00019107, 'params': 276757, 'time_iter': 0.01151, 'accuracy': 0.92832, 'f1': 0.92831, 'auc': 0.99852}
val: {'epoch': 178, 'time_epoch': 0.07799, 'loss': 2.98869585, 'lr': 0, 'params': 276757, 'time_iter': 0.00557, 'accuracy': 0.29048, 'f1': 0.24888, 'auc': 0.9036}
test: {'epoch': 178, 'time_epoch': 0.07285, 'loss': 2.41472115, 'lr': 0, 'params': 276757, 'time_iter': 0.0052, 'accuracy': 0.47143, 'f1': 0.41846, 'auc': 0.9252}
> Epoch 178: took 2.2s (avg 2.1s) | Best so far: epoch 156	train_loss: 0.2754 train_accuracy: 0.9056	val_loss: 3.3557 val_accuracy: 0.3071	test_loss: 2.8862 test_accuracy: 0.4071	F1: 0.3327 Prec: 0.3876 Rec: 0.4071
train: {'epoch': 179, 'time_epoch': 1.86737, 'eta': 128.52206, 'eta_hours': 0.0357, 'loss': 0.21555586, 'lr': 0.00018615, 'params': 276757, 'time_iter': 0.01067, 'accuracy': 0.92975, 'f1': 0.92972, 'auc': 0.9987}
val: {'epoch': 179, 'time_epoch': 0.07983, 'loss': 4.41094541, 'lr': 0, 'params': 276757, 'time_iter': 0.0057, 'accuracy': 0.24286, 'f1': 0.15259, 'auc': 0.88252}
test: {'epoch': 179, 'time_epoch': 0.07186, 'loss': 1.99124161, 'lr': 0, 'params': 276757, 'time_iter': 0.00513, 'accuracy': 0.50238, 'f1': 0.47144, 'auc': 0.94298}
> Epoch 179: took 2.1s (avg 2.1s) | Best so far: epoch 156	train_loss: 0.2754 train_accuracy: 0.9056	val_loss: 3.3557 val_accuracy: 0.3071	test_loss: 2.8862 test_accuracy: 0.4071	F1: 0.3327 Prec: 0.3876 Rec: 0.4071
train: {'epoch': 180, 'time_epoch': 1.96083, 'eta': 126.7336, 'eta_hours': 0.0352, 'loss': 0.21444395, 'lr': 0.00018129, 'params': 276757, 'time_iter': 0.0112, 'accuracy': 0.92921, 'f1': 0.92909, 'auc': 0.99877}
val: {'epoch': 180, 'time_epoch': 0.07905, 'loss': 2.98860242, 'lr': 0, 'params': 276757, 'time_iter': 0.00565, 'accuracy': 0.30714, 'f1': 0.2539, 'auc': 0.90583}
test: {'epoch': 180, 'time_epoch': 0.06985, 'loss': 2.24811917, 'lr': 0, 'params': 276757, 'time_iter': 0.00499, 'accuracy': 0.46667, 'f1': 0.42212, 'auc': 0.93258}
> Epoch 180: took 2.2s (avg 2.1s) | Best so far: epoch 156	train_loss: 0.2754 train_accuracy: 0.9056	val_loss: 3.3557 val_accuracy: 0.3071	test_loss: 2.8862 test_accuracy: 0.4071	F1: 0.3327 Prec: 0.3876 Rec: 0.4071
train: {'epoch': 181, 'time_epoch': 2.10051, 'eta': 124.99544, 'eta_hours': 0.03472, 'loss': 0.230998, 'lr': 0.00017647, 'params': 276757, 'time_iter': 0.012, 'accuracy': 0.92419, 'f1': 0.92416, 'auc': 0.99845}
val: {'epoch': 181, 'time_epoch': 0.072, 'loss': 4.30772767, 'lr': 0, 'params': 276757, 'time_iter': 0.00514, 'accuracy': 0.27143, 'f1': 0.17403, 'auc': 0.89912}
test: {'epoch': 181, 'time_epoch': 0.09475, 'loss': 1.99114314, 'lr': 0, 'params': 276757, 'time_iter': 0.00677, 'accuracy': 0.51429, 'f1': 0.47907, 'auc': 0.94624}
> Epoch 181: took 2.3s (avg 2.1s) | Best so far: epoch 156	train_loss: 0.2754 train_accuracy: 0.9056	val_loss: 3.3557 val_accuracy: 0.3071	test_loss: 2.8862 test_accuracy: 0.4071	F1: 0.3327 Prec: 0.3876 Rec: 0.4071
train: {'epoch': 182, 'time_epoch': 1.93418, 'eta': 123.19243, 'eta_hours': 0.03422, 'loss': 0.22711594, 'lr': 0.00017171, 'params': 276757, 'time_iter': 0.01105, 'accuracy': 0.92204, 'f1': 0.92205, 'auc': 0.99859}
val: {'epoch': 182, 'time_epoch': 0.07625, 'loss': 4.29986027, 'lr': 0, 'params': 276757, 'time_iter': 0.00545, 'accuracy': 0.26429, 'f1': 0.17866, 'auc': 0.88395}
test: {'epoch': 182, 'time_epoch': 0.0773, 'loss': 1.87702268, 'lr': 0, 'params': 276757, 'time_iter': 0.00552, 'accuracy': 0.52381, 'f1': 0.48909, 'auc': 0.94666}
> Epoch 182: took 2.2s (avg 2.1s) | Best so far: epoch 156	train_loss: 0.2754 train_accuracy: 0.9056	val_loss: 3.3557 val_accuracy: 0.3071	test_loss: 2.8862 test_accuracy: 0.4071	F1: 0.3327 Prec: 0.3876 Rec: 0.4071
train: {'epoch': 183, 'time_epoch': 1.78102, 'eta': 121.33305, 'eta_hours': 0.0337, 'loss': 0.20542352, 'lr': 0.00016699, 'params': 276757, 'time_iter': 0.01018, 'accuracy': 0.93297, 'f1': 0.93296, 'auc': 0.99878}
val: {'epoch': 183, 'time_epoch': 0.0706, 'loss': 3.13880409, 'lr': 0, 'params': 276757, 'time_iter': 0.00504, 'accuracy': 0.28571, 'f1': 0.24466, 'auc': 0.89293}
test: {'epoch': 183, 'time_epoch': 0.07893, 'loss': 2.73799671, 'lr': 0, 'params': 276757, 'time_iter': 0.00564, 'accuracy': 0.43333, 'f1': 0.36397, 'auc': 0.9117}
> Epoch 183: took 2.0s (avg 2.1s) | Best so far: epoch 156	train_loss: 0.2754 train_accuracy: 0.9056	val_loss: 3.3557 val_accuracy: 0.3071	test_loss: 2.8862 test_accuracy: 0.4071	F1: 0.3327 Prec: 0.3876 Rec: 0.4071
train: {'epoch': 184, 'time_epoch': 1.64658, 'eta': 119.42728, 'eta_hours': 0.03317, 'loss': 0.19481881, 'lr': 0.00016233, 'params': 276757, 'time_iter': 0.00941, 'accuracy': 0.93441, 'f1': 0.93434, 'auc': 0.99897}
val: {'epoch': 184, 'time_epoch': 0.06826, 'loss': 4.30247203, 'lr': 0, 'params': 276757, 'time_iter': 0.00488, 'accuracy': 0.24524, 'f1': 0.17081, 'auc': 0.88299}
test: {'epoch': 184, 'time_epoch': 0.0886, 'loss': 1.97734413, 'lr': 0, 'params': 276757, 'time_iter': 0.00633, 'accuracy': 0.52381, 'f1': 0.48139, 'auc': 0.94496}
> Epoch 184: took 1.9s (avg 2.1s) | Best so far: epoch 156	train_loss: 0.2754 train_accuracy: 0.9056	val_loss: 3.3557 val_accuracy: 0.3071	test_loss: 2.8862 test_accuracy: 0.4071	F1: 0.3327 Prec: 0.3876 Rec: 0.4071
train: {'epoch': 185, 'time_epoch': 1.7303, 'eta': 117.55311, 'eta_hours': 0.03265, 'loss': 0.20331318, 'lr': 0.00015773, 'params': 276757, 'time_iter': 0.00989, 'accuracy': 0.93728, 'f1': 0.93724, 'auc': 0.99879}
val: {'epoch': 185, 'time_epoch': 0.0697, 'loss': 3.38485289, 'lr': 0, 'params': 276757, 'time_iter': 0.00498, 'accuracy': 0.25, 'f1': 0.22517, 'auc': 0.8693}
test: {'epoch': 185, 'time_epoch': 0.06805, 'loss': 3.31668389, 'lr': 0, 'params': 276757, 'time_iter': 0.00486, 'accuracy': 0.40714, 'f1': 0.30666, 'auc': 0.89787}
> Epoch 185: took 1.9s (avg 2.1s) | Best so far: epoch 156	train_loss: 0.2754 train_accuracy: 0.9056	val_loss: 3.3557 val_accuracy: 0.3071	test_loss: 2.8862 test_accuracy: 0.4071	F1: 0.3327 Prec: 0.3876 Rec: 0.4071
train: {'epoch': 186, 'time_epoch': 1.67868, 'eta': 115.66308, 'eta_hours': 0.03213, 'loss': 0.21582242, 'lr': 0.00015317, 'params': 276757, 'time_iter': 0.00959, 'accuracy': 0.92706, 'f1': 0.92701, 'auc': 0.99873}
val: {'epoch': 186, 'time_epoch': 0.07177, 'loss': 4.34132785, 'lr': 0, 'params': 276757, 'time_iter': 0.00513, 'accuracy': 0.22619, 'f1': 0.1582, 'auc': 0.87837}
test: {'epoch': 186, 'time_epoch': 0.07698, 'loss': 2.17413968, 'lr': 0, 'params': 276757, 'time_iter': 0.0055, 'accuracy': 0.49048, 'f1': 0.43837, 'auc': 0.94033}
> Epoch 186: took 1.9s (avg 2.1s) | Best so far: epoch 156	train_loss: 0.2754 train_accuracy: 0.9056	val_loss: 3.3557 val_accuracy: 0.3071	test_loss: 2.8862 test_accuracy: 0.4071	F1: 0.3327 Prec: 0.3876 Rec: 0.4071
train: {'epoch': 187, 'time_epoch': 1.73219, 'eta': 113.79295, 'eta_hours': 0.03161, 'loss': 0.20538271, 'lr': 0.00014868, 'params': 276757, 'time_iter': 0.0099, 'accuracy': 0.93208, 'f1': 0.93208, 'auc': 0.99886}
val: {'epoch': 187, 'time_epoch': 0.09673, 'loss': 3.56625672, 'lr': 0, 'params': 276757, 'time_iter': 0.00691, 'accuracy': 0.28333, 'f1': 0.23547, 'auc': 0.886}
test: {'epoch': 187, 'time_epoch': 0.06729, 'loss': 2.60374722, 'lr': 0, 'params': 276757, 'time_iter': 0.00481, 'accuracy': 0.47381, 'f1': 0.39436, 'auc': 0.92826}
> Epoch 187: took 2.0s (avg 2.1s) | Best so far: epoch 156	train_loss: 0.2754 train_accuracy: 0.9056	val_loss: 3.3557 val_accuracy: 0.3071	test_loss: 2.8862 test_accuracy: 0.4071	F1: 0.3327 Prec: 0.3876 Rec: 0.4071
train: {'epoch': 188, 'time_epoch': 1.93976, 'eta': 111.99127, 'eta_hours': 0.03111, 'loss': 0.19181034, 'lr': 0.00014423, 'params': 276757, 'time_iter': 0.01108, 'accuracy': 0.93763, 'f1': 0.93762, 'auc': 0.99897}
val: {'epoch': 188, 'time_epoch': 0.07617, 'loss': 3.86158779, 'lr': 0, 'params': 276757, 'time_iter': 0.00544, 'accuracy': 0.27143, 'f1': 0.204, 'auc': 0.89366}
test: {'epoch': 188, 'time_epoch': 0.07325, 'loss': 2.18033374, 'lr': 0, 'params': 276757, 'time_iter': 0.00523, 'accuracy': 0.49048, 'f1': 0.44693, 'auc': 0.93689}
> Epoch 188: took 2.2s (avg 2.1s) | Best so far: epoch 156	train_loss: 0.2754 train_accuracy: 0.9056	val_loss: 3.3557 val_accuracy: 0.3071	test_loss: 2.8862 test_accuracy: 0.4071	F1: 0.3327 Prec: 0.3876 Rec: 0.4071
train: {'epoch': 189, 'time_epoch': 1.70236, 'eta': 110.11317, 'eta_hours': 0.03059, 'loss': 0.20645923, 'lr': 0.00013985, 'params': 276757, 'time_iter': 0.00973, 'accuracy': 0.93351, 'f1': 0.93351, 'auc': 0.99881}
val: {'epoch': 189, 'time_epoch': 0.07998, 'loss': 4.41149988, 'lr': 0, 'params': 276757, 'time_iter': 0.00571, 'accuracy': 0.25952, 'f1': 0.18422, 'auc': 0.8841}
test: {'epoch': 189, 'time_epoch': 0.06429, 'loss': 2.33237047, 'lr': 0, 'params': 276757, 'time_iter': 0.00459, 'accuracy': 0.46667, 'f1': 0.40962, 'auc': 0.94102}
> Epoch 189: took 1.9s (avg 2.1s) | Best so far: epoch 156	train_loss: 0.2754 train_accuracy: 0.9056	val_loss: 3.3557 val_accuracy: 0.3071	test_loss: 2.8862 test_accuracy: 0.4071	F1: 0.3327 Prec: 0.3876 Rec: 0.4071
train: {'epoch': 190, 'time_epoch': 1.76738, 'eta': 108.25699, 'eta_hours': 0.03007, 'loss': 0.20143475, 'lr': 0.00013552, 'params': 276757, 'time_iter': 0.0101, 'accuracy': 0.93315, 'f1': 0.93313, 'auc': 0.99884}
val: {'epoch': 190, 'time_epoch': 0.07161, 'loss': 3.74919579, 'lr': 0, 'params': 276757, 'time_iter': 0.00512, 'accuracy': 0.27619, 'f1': 0.2062, 'auc': 0.89353}
test: {'epoch': 190, 'time_epoch': 0.06467, 'loss': 1.96718839, 'lr': 0, 'params': 276757, 'time_iter': 0.00462, 'accuracy': 0.54048, 'f1': 0.49816, 'auc': 0.94439}
> Epoch 190: took 2.0s (avg 2.1s) | Best so far: epoch 156	train_loss: 0.2754 train_accuracy: 0.9056	val_loss: 3.3557 val_accuracy: 0.3071	test_loss: 2.8862 test_accuracy: 0.4071	F1: 0.3327 Prec: 0.3876 Rec: 0.4071
train: {'epoch': 191, 'time_epoch': 1.77121, 'eta': 106.4029, 'eta_hours': 0.02956, 'loss': 0.20927749, 'lr': 0.00013124, 'params': 276757, 'time_iter': 0.01012, 'accuracy': 0.92993, 'f1': 0.92986, 'auc': 0.99874}
val: {'epoch': 191, 'time_epoch': 0.08436, 'loss': 3.43558429, 'lr': 0, 'params': 276757, 'time_iter': 0.00603, 'accuracy': 0.29762, 'f1': 0.2387, 'auc': 0.90029}
test: {'epoch': 191, 'time_epoch': 0.07873, 'loss': 2.12818639, 'lr': 0, 'params': 276757, 'time_iter': 0.00562, 'accuracy': 0.49524, 'f1': 0.44055, 'auc': 0.94198}
> Epoch 191: took 2.0s (avg 2.1s) | Best so far: epoch 156	train_loss: 0.2754 train_accuracy: 0.9056	val_loss: 3.3557 val_accuracy: 0.3071	test_loss: 2.8862 test_accuracy: 0.4071	F1: 0.3327 Prec: 0.3876 Rec: 0.4071
train: {'epoch': 192, 'time_epoch': 1.68507, 'eta': 104.52423, 'eta_hours': 0.02903, 'loss': 0.20893024, 'lr': 0.00012703, 'params': 276757, 'time_iter': 0.00963, 'accuracy': 0.9328, 'f1': 0.93274, 'auc': 0.99867}
val: {'epoch': 192, 'time_epoch': 0.06478, 'loss': 3.74936937, 'lr': 0, 'params': 276757, 'time_iter': 0.00463, 'accuracy': 0.28095, 'f1': 0.22355, 'auc': 0.89067}
test: {'epoch': 192, 'time_epoch': 0.06442, 'loss': 1.86363545, 'lr': 0, 'params': 276757, 'time_iter': 0.0046, 'accuracy': 0.55, 'f1': 0.5067, 'auc': 0.94545}
> Epoch 192: took 1.9s (avg 2.1s) | Best so far: epoch 156	train_loss: 0.2754 train_accuracy: 0.9056	val_loss: 3.3557 val_accuracy: 0.3071	test_loss: 2.8862 test_accuracy: 0.4071	F1: 0.3327 Prec: 0.3876 Rec: 0.4071
train: {'epoch': 193, 'time_epoch': 1.88122, 'eta': 102.70417, 'eta_hours': 0.02853, 'loss': 0.18764419, 'lr': 0.00012287, 'params': 276757, 'time_iter': 0.01075, 'accuracy': 0.93763, 'f1': 0.93758, 'auc': 0.999}
val: {'epoch': 193, 'time_epoch': 0.06217, 'loss': 3.5216752, 'lr': 0, 'params': 276757, 'time_iter': 0.00444, 'accuracy': 0.26667, 'f1': 0.21381, 'auc': 0.89384}
test: {'epoch': 193, 'time_epoch': 0.07517, 'loss': 2.25091947, 'lr': 0, 'params': 276757, 'time_iter': 0.00537, 'accuracy': 0.49048, 'f1': 0.44604, 'auc': 0.93199}
> Epoch 193: took 2.1s (avg 2.1s) | Best so far: epoch 156	train_loss: 0.2754 train_accuracy: 0.9056	val_loss: 3.3557 val_accuracy: 0.3071	test_loss: 2.8862 test_accuracy: 0.4071	F1: 0.3327 Prec: 0.3876 Rec: 0.4071
train: {'epoch': 194, 'time_epoch': 2.00581, 'eta': 100.91862, 'eta_hours': 0.02803, 'loss': 0.19479852, 'lr': 0.00011878, 'params': 276757, 'time_iter': 0.01146, 'accuracy': 0.93548, 'f1': 0.93548, 'auc': 0.99897}
val: {'epoch': 194, 'time_epoch': 0.08428, 'loss': 4.07012115, 'lr': 0, 'params': 276757, 'time_iter': 0.00602, 'accuracy': 0.26905, 'f1': 0.19066, 'auc': 0.88738}
test: {'epoch': 194, 'time_epoch': 0.08246, 'loss': 1.85614651, 'lr': 0, 'params': 276757, 'time_iter': 0.00589, 'accuracy': 0.52143, 'f1': 0.48597, 'auc': 0.94935}
> Epoch 194: took 2.2s (avg 2.1s) | Best so far: epoch 156	train_loss: 0.2754 train_accuracy: 0.9056	val_loss: 3.3557 val_accuracy: 0.3071	test_loss: 2.8862 test_accuracy: 0.4071	F1: 0.3327 Prec: 0.3876 Rec: 0.4071
train: {'epoch': 195, 'time_epoch': 1.73074, 'eta': 99.05505, 'eta_hours': 0.02752, 'loss': 0.19045886, 'lr': 0.00011474, 'params': 276757, 'time_iter': 0.00989, 'accuracy': 0.9405, 'f1': 0.94046, 'auc': 0.99897}
val: {'epoch': 195, 'time_epoch': 0.066, 'loss': 4.18222683, 'lr': 0, 'params': 276757, 'time_iter': 0.00471, 'accuracy': 0.27857, 'f1': 0.20072, 'auc': 0.89239}
test: {'epoch': 195, 'time_epoch': 0.08186, 'loss': 1.99885632, 'lr': 0, 'params': 276757, 'time_iter': 0.00585, 'accuracy': 0.48571, 'f1': 0.44137, 'auc': 0.95211}
> Epoch 195: took 2.0s (avg 2.1s) | Best so far: epoch 156	train_loss: 0.2754 train_accuracy: 0.9056	val_loss: 3.3557 val_accuracy: 0.3071	test_loss: 2.8862 test_accuracy: 0.4071	F1: 0.3327 Prec: 0.3876 Rec: 0.4071
train: {'epoch': 196, 'time_epoch': 1.76302, 'eta': 97.2015, 'eta_hours': 0.027, 'loss': 0.19020754, 'lr': 0.00011077, 'params': 276757, 'time_iter': 0.01007, 'accuracy': 0.94122, 'f1': 0.9412, 'auc': 0.99893}
val: {'epoch': 196, 'time_epoch': 0.07675, 'loss': 4.43490739, 'lr': 0, 'params': 276757, 'time_iter': 0.00548, 'accuracy': 0.23571, 'f1': 0.16448, 'auc': 0.87923}
test: {'epoch': 196, 'time_epoch': 0.08216, 'loss': 1.97576893, 'lr': 0, 'params': 276757, 'time_iter': 0.00587, 'accuracy': 0.52143, 'f1': 0.48886, 'auc': 0.94782}
> Epoch 196: took 2.0s (avg 2.1s) | Best so far: epoch 156	train_loss: 0.2754 train_accuracy: 0.9056	val_loss: 3.3557 val_accuracy: 0.3071	test_loss: 2.8862 test_accuracy: 0.4071	F1: 0.3327 Prec: 0.3876 Rec: 0.4071
train: {'epoch': 197, 'time_epoch': 1.83411, 'eta': 95.36755, 'eta_hours': 0.02649, 'loss': 0.19720292, 'lr': 0.00010686, 'params': 276757, 'time_iter': 0.01048, 'accuracy': 0.93513, 'f1': 0.93509, 'auc': 0.99879}
val: {'epoch': 197, 'time_epoch': 0.08102, 'loss': 3.45728678, 'lr': 0, 'params': 276757, 'time_iter': 0.00579, 'accuracy': 0.29286, 'f1': 0.22893, 'auc': 0.90113}
test: {'epoch': 197, 'time_epoch': 0.0708, 'loss': 2.03917328, 'lr': 0, 'params': 276757, 'time_iter': 0.00506, 'accuracy': 0.52857, 'f1': 0.47829, 'auc': 0.9434}
> Epoch 197: took 2.1s (avg 2.1s) | Best so far: epoch 156	train_loss: 0.2754 train_accuracy: 0.9056	val_loss: 3.3557 val_accuracy: 0.3071	test_loss: 2.8862 test_accuracy: 0.4071	F1: 0.3327 Prec: 0.3876 Rec: 0.4071
train: {'epoch': 198, 'time_epoch': 1.97235, 'eta': 93.56901, 'eta_hours': 0.02599, 'loss': 0.18643879, 'lr': 0.000103, 'params': 276757, 'time_iter': 0.01127, 'accuracy': 0.94032, 'f1': 0.94028, 'auc': 0.99908}
val: {'epoch': 198, 'time_epoch': 0.08715, 'loss': 4.17202015, 'lr': 0, 'params': 276757, 'time_iter': 0.00623, 'accuracy': 0.26905, 'f1': 0.19247, 'auc': 0.88451}
test: {'epoch': 198, 'time_epoch': 0.07723, 'loss': 1.85810507, 'lr': 0, 'params': 276757, 'time_iter': 0.00552, 'accuracy': 0.53095, 'f1': 0.49691, 'auc': 0.95171}
> Epoch 198: took 2.2s (avg 2.1s) | Best so far: epoch 156	train_loss: 0.2754 train_accuracy: 0.9056	val_loss: 3.3557 val_accuracy: 0.3071	test_loss: 2.8862 test_accuracy: 0.4071	F1: 0.3327 Prec: 0.3876 Rec: 0.4071
train: {'epoch': 199, 'time_epoch': 2.04933, 'eta': 91.78799, 'eta_hours': 0.0255, 'loss': 0.20140191, 'lr': 9.922e-05, 'params': 276757, 'time_iter': 0.01171, 'accuracy': 0.93566, 'f1': 0.93563, 'auc': 0.99882}
val: {'epoch': 199, 'time_epoch': 0.0678, 'loss': 3.71326654, 'lr': 0, 'params': 276757, 'time_iter': 0.00484, 'accuracy': 0.28571, 'f1': 0.21087, 'auc': 0.89413}
test: {'epoch': 199, 'time_epoch': 0.06577, 'loss': 2.16298839, 'lr': 0, 'params': 276757, 'time_iter': 0.0047, 'accuracy': 0.50476, 'f1': 0.4506, 'auc': 0.93912}
> Epoch 199: took 2.3s (avg 2.1s) | Best so far: epoch 156	train_loss: 0.2754 train_accuracy: 0.9056	val_loss: 3.3557 val_accuracy: 0.3071	test_loss: 2.8862 test_accuracy: 0.4071	F1: 0.3327 Prec: 0.3876 Rec: 0.4071
train: {'epoch': 200, 'time_epoch': 1.87127, 'eta': 89.96089, 'eta_hours': 0.02499, 'loss': 0.19460244, 'lr': 9.549e-05, 'params': 276757, 'time_iter': 0.01069, 'accuracy': 0.93943, 'f1': 0.93944, 'auc': 0.99894}
val: {'epoch': 200, 'time_epoch': 0.08947, 'loss': 4.37031472, 'lr': 0, 'params': 276757, 'time_iter': 0.00639, 'accuracy': 0.23095, 'f1': 0.15076, 'auc': 0.87662}
test: {'epoch': 200, 'time_epoch': 0.07339, 'loss': 1.92872493, 'lr': 0, 'params': 276757, 'time_iter': 0.00524, 'accuracy': 0.5119, 'f1': 0.46749, 'auc': 0.94626}
> Epoch 200: took 2.1s (avg 2.1s) | Best so far: epoch 156	train_loss: 0.2754 train_accuracy: 0.9056	val_loss: 3.3557 val_accuracy: 0.3071	test_loss: 2.8862 test_accuracy: 0.4071	F1: 0.3327 Prec: 0.3876 Rec: 0.4071
train: {'epoch': 201, 'time_epoch': 2.03366, 'eta': 88.17193, 'eta_hours': 0.02449, 'loss': 0.183195, 'lr': 9.183e-05, 'params': 276757, 'time_iter': 0.01162, 'accuracy': 0.93584, 'f1': 0.93582, 'auc': 0.9991}
val: {'epoch': 201, 'time_epoch': 0.10667, 'loss': 4.13240298, 'lr': 0, 'params': 276757, 'time_iter': 0.00762, 'accuracy': 0.26667, 'f1': 0.18539, 'auc': 0.89226}
test: {'epoch': 201, 'time_epoch': 0.12215, 'loss': 1.90643643, 'lr': 0, 'params': 276757, 'time_iter': 0.00873, 'accuracy': 0.52619, 'f1': 0.48637, 'auc': 0.94534}
> Epoch 201: took 2.4s (avg 2.1s) | Best so far: epoch 156	train_loss: 0.2754 train_accuracy: 0.9056	val_loss: 3.3557 val_accuracy: 0.3071	test_loss: 2.8862 test_accuracy: 0.4071	F1: 0.3327 Prec: 0.3876 Rec: 0.4071
train: {'epoch': 202, 'time_epoch': 1.81711, 'eta': 86.33043, 'eta_hours': 0.02398, 'loss': 0.2066743, 'lr': 8.823e-05, 'params': 276757, 'time_iter': 0.01038, 'accuracy': 0.93548, 'f1': 0.93543, 'auc': 0.99876}
val: {'epoch': 202, 'time_epoch': 0.07763, 'loss': 4.4345845, 'lr': 0, 'params': 276757, 'time_iter': 0.00555, 'accuracy': 0.23095, 'f1': 0.15134, 'auc': 0.87844}
test: {'epoch': 202, 'time_epoch': 0.07085, 'loss': 1.94470677, 'lr': 0, 'params': 276757, 'time_iter': 0.00506, 'accuracy': 0.51429, 'f1': 0.4649, 'auc': 0.94946}
> Epoch 202: took 2.1s (avg 2.1s) | Best so far: epoch 156	train_loss: 0.2754 train_accuracy: 0.9056	val_loss: 3.3557 val_accuracy: 0.3071	test_loss: 2.8862 test_accuracy: 0.4071	F1: 0.3327 Prec: 0.3876 Rec: 0.4071
train: {'epoch': 203, 'time_epoch': 1.86751, 'eta': 84.50054, 'eta_hours': 0.02347, 'loss': 0.18780835, 'lr': 8.47e-05, 'params': 276757, 'time_iter': 0.01067, 'accuracy': 0.93746, 'f1': 0.93745, 'auc': 0.99901}
val: {'epoch': 203, 'time_epoch': 0.07641, 'loss': 4.22014626, 'lr': 0, 'params': 276757, 'time_iter': 0.00546, 'accuracy': 0.25238, 'f1': 0.17429, 'auc': 0.89521}
test: {'epoch': 203, 'time_epoch': 0.08239, 'loss': 1.95575577, 'lr': 0, 'params': 276757, 'time_iter': 0.00588, 'accuracy': 0.51905, 'f1': 0.47864, 'auc': 0.94748}
> Epoch 203: took 2.2s (avg 2.1s) | Best so far: epoch 156	train_loss: 0.2754 train_accuracy: 0.9056	val_loss: 3.3557 val_accuracy: 0.3071	test_loss: 2.8862 test_accuracy: 0.4071	F1: 0.3327 Prec: 0.3876 Rec: 0.4071
train: {'epoch': 204, 'time_epoch': 1.8982, 'eta': 82.67701, 'eta_hours': 0.02297, 'loss': 0.17499536, 'lr': 8.124e-05, 'params': 276757, 'time_iter': 0.01085, 'accuracy': 0.94552, 'f1': 0.94549, 'auc': 0.99908}
val: {'epoch': 204, 'time_epoch': 0.08607, 'loss': 4.21361672, 'lr': 0, 'params': 276757, 'time_iter': 0.00615, 'accuracy': 0.2381, 'f1': 0.15933, 'auc': 0.88982}
test: {'epoch': 204, 'time_epoch': 0.08865, 'loss': 1.87703076, 'lr': 0, 'params': 276757, 'time_iter': 0.00633, 'accuracy': 0.54048, 'f1': 0.49853, 'auc': 0.95126}
> Epoch 204: took 2.2s (avg 2.1s) | Best so far: epoch 156	train_loss: 0.2754 train_accuracy: 0.9056	val_loss: 3.3557 val_accuracy: 0.3071	test_loss: 2.8862 test_accuracy: 0.4071	F1: 0.3327 Prec: 0.3876 Rec: 0.4071
train: {'epoch': 205, 'time_epoch': 1.82816, 'eta': 80.8378, 'eta_hours': 0.02245, 'loss': 0.18591716, 'lr': 7.784e-05, 'params': 276757, 'time_iter': 0.01045, 'accuracy': 0.93996, 'f1': 0.93993, 'auc': 0.99904}
val: {'epoch': 205, 'time_epoch': 0.07345, 'loss': 3.70345932, 'lr': 0, 'params': 276757, 'time_iter': 0.00525, 'accuracy': 0.28571, 'f1': 0.21679, 'auc': 0.9031}
test: {'epoch': 205, 'time_epoch': 0.06458, 'loss': 1.88284883, 'lr': 0, 'params': 276757, 'time_iter': 0.00461, 'accuracy': 0.54048, 'f1': 0.49684, 'auc': 0.95019}
> Epoch 205: took 2.0s (avg 2.1s) | Best so far: epoch 156	train_loss: 0.2754 train_accuracy: 0.9056	val_loss: 3.3557 val_accuracy: 0.3071	test_loss: 2.8862 test_accuracy: 0.4071	F1: 0.3327 Prec: 0.3876 Rec: 0.4071
train: {'epoch': 206, 'time_epoch': 1.77066, 'eta': 78.98675, 'eta_hours': 0.02194, 'loss': 0.19547849, 'lr': 7.45e-05, 'params': 276757, 'time_iter': 0.01012, 'accuracy': 0.93082, 'f1': 0.93077, 'auc': 0.99891}
val: {'epoch': 206, 'time_epoch': 0.08216, 'loss': 4.33190074, 'lr': 0, 'params': 276757, 'time_iter': 0.00587, 'accuracy': 0.23095, 'f1': 0.15486, 'auc': 0.88574}
test: {'epoch': 206, 'time_epoch': 0.08175, 'loss': 1.92914696, 'lr': 0, 'params': 276757, 'time_iter': 0.00584, 'accuracy': 0.52381, 'f1': 0.47853, 'auc': 0.9496}
> Epoch 206: took 2.0s (avg 2.1s) | Best so far: epoch 156	train_loss: 0.2754 train_accuracy: 0.9056	val_loss: 3.3557 val_accuracy: 0.3071	test_loss: 2.8862 test_accuracy: 0.4071	F1: 0.3327 Prec: 0.3876 Rec: 0.4071
train: {'epoch': 207, 'time_epoch': 1.63944, 'eta': 77.10997, 'eta_hours': 0.02142, 'loss': 0.18299899, 'lr': 7.124e-05, 'params': 276757, 'time_iter': 0.00937, 'accuracy': 0.93961, 'f1': 0.93958, 'auc': 0.99905}
val: {'epoch': 207, 'time_epoch': 0.06509, 'loss': 4.31449482, 'lr': 0, 'params': 276757, 'time_iter': 0.00465, 'accuracy': 0.24048, 'f1': 0.16441, 'auc': 0.89366}
test: {'epoch': 207, 'time_epoch': 0.07218, 'loss': 1.90458413, 'lr': 0, 'params': 276757, 'time_iter': 0.00516, 'accuracy': 0.51905, 'f1': 0.47976, 'auc': 0.95201}
> Epoch 207: took 1.8s (avg 2.1s) | Best so far: epoch 156	train_loss: 0.2754 train_accuracy: 0.9056	val_loss: 3.3557 val_accuracy: 0.3071	test_loss: 2.8862 test_accuracy: 0.4071	F1: 0.3327 Prec: 0.3876 Rec: 0.4071
train: {'epoch': 208, 'time_epoch': 1.75927, 'eta': 75.25898, 'eta_hours': 0.02091, 'loss': 0.18354542, 'lr': 6.804e-05, 'params': 276757, 'time_iter': 0.01005, 'accuracy': 0.94319, 'f1': 0.94319, 'auc': 0.99903}
val: {'epoch': 208, 'time_epoch': 0.0659, 'loss': 4.0925429, 'lr': 0, 'params': 276757, 'time_iter': 0.00471, 'accuracy': 0.26667, 'f1': 0.19741, 'auc': 0.89437}
test: {'epoch': 208, 'time_epoch': 0.07172, 'loss': 1.78829038, 'lr': 0, 'params': 276757, 'time_iter': 0.00512, 'accuracy': 0.5381, 'f1': 0.49549, 'auc': 0.95421}
> Epoch 208: took 2.0s (avg 2.1s) | Best so far: epoch 156	train_loss: 0.2754 train_accuracy: 0.9056	val_loss: 3.3557 val_accuracy: 0.3071	test_loss: 2.8862 test_accuracy: 0.4071	F1: 0.3327 Prec: 0.3876 Rec: 0.4071
train: {'epoch': 209, 'time_epoch': 1.77915, 'eta': 73.41265, 'eta_hours': 0.02039, 'loss': 0.18769332, 'lr': 6.491e-05, 'params': 276757, 'time_iter': 0.01017, 'accuracy': 0.93746, 'f1': 0.93745, 'auc': 0.99903}
val: {'epoch': 209, 'time_epoch': 0.06621, 'loss': 4.02137173, 'lr': 0, 'params': 276757, 'time_iter': 0.00473, 'accuracy': 0.27143, 'f1': 0.20141, 'auc': 0.88921}
test: {'epoch': 209, 'time_epoch': 0.06892, 'loss': 1.91580208, 'lr': 0, 'params': 276757, 'time_iter': 0.00492, 'accuracy': 0.53333, 'f1': 0.49188, 'auc': 0.94895}
> Epoch 209: took 2.0s (avg 2.1s) | Best so far: epoch 156	train_loss: 0.2754 train_accuracy: 0.9056	val_loss: 3.3557 val_accuracy: 0.3071	test_loss: 2.8862 test_accuracy: 0.4071	F1: 0.3327 Prec: 0.3876 Rec: 0.4071
train: {'epoch': 210, 'time_epoch': 1.74274, 'eta': 71.56022, 'eta_hours': 0.01988, 'loss': 0.17683959, 'lr': 6.185e-05, 'params': 276757, 'time_iter': 0.00996, 'accuracy': 0.94498, 'f1': 0.94498, 'auc': 0.9991}
val: {'epoch': 210, 'time_epoch': 0.07141, 'loss': 4.02922741, 'lr': 0, 'params': 276757, 'time_iter': 0.0051, 'accuracy': 0.26667, 'f1': 0.18553, 'auc': 0.89561}
test: {'epoch': 210, 'time_epoch': 0.07862, 'loss': 2.0602613, 'lr': 0, 'params': 276757, 'time_iter': 0.00562, 'accuracy': 0.51429, 'f1': 0.4623, 'auc': 0.94545}
> Epoch 210: took 2.0s (avg 2.1s) | Best so far: epoch 156	train_loss: 0.2754 train_accuracy: 0.9056	val_loss: 3.3557 val_accuracy: 0.3071	test_loss: 2.8862 test_accuracy: 0.4071	F1: 0.3327 Prec: 0.3876 Rec: 0.4071
train: {'epoch': 211, 'time_epoch': 1.83262, 'eta': 69.72494, 'eta_hours': 0.01937, 'loss': 0.1834772, 'lr': 5.885e-05, 'params': 276757, 'time_iter': 0.01047, 'accuracy': 0.94194, 'f1': 0.9419, 'auc': 0.99903}
val: {'epoch': 211, 'time_epoch': 0.1044, 'loss': 4.21909382, 'lr': 0, 'params': 276757, 'time_iter': 0.00746, 'accuracy': 0.24762, 'f1': 0.16858, 'auc': 0.88927}
test: {'epoch': 211, 'time_epoch': 0.06466, 'loss': 2.0039093, 'lr': 0, 'params': 276757, 'time_iter': 0.00462, 'accuracy': 0.52143, 'f1': 0.47117, 'auc': 0.9487}
> Epoch 211: took 2.1s (avg 2.1s) | Best so far: epoch 156	train_loss: 0.2754 train_accuracy: 0.9056	val_loss: 3.3557 val_accuracy: 0.3071	test_loss: 2.8862 test_accuracy: 0.4071	F1: 0.3327 Prec: 0.3876 Rec: 0.4071
train: {'epoch': 212, 'time_epoch': 1.68873, 'eta': 67.86468, 'eta_hours': 0.01885, 'loss': 0.17502668, 'lr': 5.593e-05, 'params': 276757, 'time_iter': 0.00965, 'accuracy': 0.94659, 'f1': 0.94655, 'auc': 0.99914}
val: {'epoch': 212, 'time_epoch': 0.06723, 'loss': 4.34987999, 'lr': 0, 'params': 276757, 'time_iter': 0.0048, 'accuracy': 0.23333, 'f1': 0.16675, 'auc': 0.88427}
test: {'epoch': 212, 'time_epoch': 0.06106, 'loss': 1.83238846, 'lr': 0, 'params': 276757, 'time_iter': 0.00436, 'accuracy': 0.54286, 'f1': 0.50278, 'auc': 0.95192}
> Epoch 212: took 1.9s (avg 2.1s) | Best so far: epoch 156	train_loss: 0.2754 train_accuracy: 0.9056	val_loss: 3.3557 val_accuracy: 0.3071	test_loss: 2.8862 test_accuracy: 0.4071	F1: 0.3327 Prec: 0.3876 Rec: 0.4071
train: {'epoch': 213, 'time_epoch': 1.72581, 'eta': 66.01227, 'eta_hours': 0.01834, 'loss': 0.18270445, 'lr': 5.308e-05, 'params': 276757, 'time_iter': 0.00986, 'accuracy': 0.93656, 'f1': 0.93653, 'auc': 0.99911}
val: {'epoch': 213, 'time_epoch': 0.07106, 'loss': 4.45577835, 'lr': 0, 'params': 276757, 'time_iter': 0.00508, 'accuracy': 0.22857, 'f1': 0.14905, 'auc': 0.88833}
test: {'epoch': 213, 'time_epoch': 0.07564, 'loss': 1.90397962, 'lr': 0, 'params': 276757, 'time_iter': 0.0054, 'accuracy': 0.52857, 'f1': 0.48895, 'auc': 0.95213}
> Epoch 213: took 2.0s (avg 2.1s) | Best so far: epoch 156	train_loss: 0.2754 train_accuracy: 0.9056	val_loss: 3.3557 val_accuracy: 0.3071	test_loss: 2.8862 test_accuracy: 0.4071	F1: 0.3327 Prec: 0.3876 Rec: 0.4071
train: {'epoch': 214, 'time_epoch': 1.71332, 'eta': 64.15901, 'eta_hours': 0.01782, 'loss': 0.17323624, 'lr': 5.03e-05, 'params': 276757, 'time_iter': 0.00979, 'accuracy': 0.94642, 'f1': 0.94639, 'auc': 0.99912}
val: {'epoch': 214, 'time_epoch': 0.06225, 'loss': 4.04755576, 'lr': 0, 'params': 276757, 'time_iter': 0.00445, 'accuracy': 0.25714, 'f1': 0.18209, 'auc': 0.89273}
test: {'epoch': 214, 'time_epoch': 0.06797, 'loss': 1.98129538, 'lr': 0, 'params': 276757, 'time_iter': 0.00485, 'accuracy': 0.52857, 'f1': 0.48433, 'auc': 0.94735}
> Epoch 214: took 1.9s (avg 2.1s) | Best so far: epoch 156	train_loss: 0.2754 train_accuracy: 0.9056	val_loss: 3.3557 val_accuracy: 0.3071	test_loss: 2.8862 test_accuracy: 0.4071	F1: 0.3327 Prec: 0.3876 Rec: 0.4071
train: {'epoch': 215, 'time_epoch': 1.98655, 'eta': 62.35004, 'eta_hours': 0.01732, 'loss': 0.17532863, 'lr': 4.759e-05, 'params': 276757, 'time_iter': 0.01135, 'accuracy': 0.94677, 'f1': 0.94668, 'auc': 0.99909}
val: {'epoch': 215, 'time_epoch': 0.06646, 'loss': 4.22396644, 'lr': 0, 'params': 276757, 'time_iter': 0.00475, 'accuracy': 0.24048, 'f1': 0.16233, 'auc': 0.89299}
test: {'epoch': 215, 'time_epoch': 0.07396, 'loss': 1.96274204, 'lr': 0, 'params': 276757, 'time_iter': 0.00528, 'accuracy': 0.53333, 'f1': 0.4929, 'auc': 0.94792}
> Epoch 215: took 2.2s (avg 2.1s) | Best so far: epoch 156	train_loss: 0.2754 train_accuracy: 0.9056	val_loss: 3.3557 val_accuracy: 0.3071	test_loss: 2.8862 test_accuracy: 0.4071	F1: 0.3327 Prec: 0.3876 Rec: 0.4071
train: {'epoch': 216, 'time_epoch': 2.13232, 'eta': 60.56161, 'eta_hours': 0.01682, 'loss': 0.1881604, 'lr': 4.495e-05, 'params': 276757, 'time_iter': 0.01218, 'accuracy': 0.94068, 'f1': 0.94066, 'auc': 0.99897}
val: {'epoch': 216, 'time_epoch': 0.09346, 'loss': 4.06721326, 'lr': 0, 'params': 276757, 'time_iter': 0.00668, 'accuracy': 0.26667, 'f1': 0.19316, 'auc': 0.89489}
test: {'epoch': 216, 'time_epoch': 0.06763, 'loss': 1.8272123, 'lr': 0, 'params': 276757, 'time_iter': 0.00483, 'accuracy': 0.55, 'f1': 0.50984, 'auc': 0.95099}
> Epoch 216: took 2.4s (avg 2.1s) | Best so far: epoch 156	train_loss: 0.2754 train_accuracy: 0.9056	val_loss: 3.3557 val_accuracy: 0.3071	test_loss: 2.8862 test_accuracy: 0.4071	F1: 0.3327 Prec: 0.3876 Rec: 0.4071
train: {'epoch': 217, 'time_epoch': 1.87313, 'eta': 58.73198, 'eta_hours': 0.01631, 'loss': 0.17841654, 'lr': 4.238e-05, 'params': 276757, 'time_iter': 0.0107, 'accuracy': 0.94552, 'f1': 0.94552, 'auc': 0.99908}
val: {'epoch': 217, 'time_epoch': 0.07839, 'loss': 3.93427318, 'lr': 0, 'params': 276757, 'time_iter': 0.0056, 'accuracy': 0.27381, 'f1': 0.20377, 'auc': 0.89548}
test: {'epoch': 217, 'time_epoch': 0.0686, 'loss': 1.83224004, 'lr': 0, 'params': 276757, 'time_iter': 0.0049, 'accuracy': 0.55476, 'f1': 0.51647, 'auc': 0.95053}
> Epoch 217: took 2.1s (avg 2.1s) | Best so far: epoch 156	train_loss: 0.2754 train_accuracy: 0.9056	val_loss: 3.3557 val_accuracy: 0.3071	test_loss: 2.8862 test_accuracy: 0.4071	F1: 0.3327 Prec: 0.3876 Rec: 0.4071
train: {'epoch': 218, 'time_epoch': 1.86328, 'eta': 56.90056, 'eta_hours': 0.01581, 'loss': 0.16694177, 'lr': 3.988e-05, 'params': 276757, 'time_iter': 0.01065, 'accuracy': 0.94659, 'f1': 0.94657, 'auc': 0.99924}
val: {'epoch': 218, 'time_epoch': 0.06902, 'loss': 4.57883159, 'lr': 0, 'params': 276757, 'time_iter': 0.00493, 'accuracy': 0.23095, 'f1': 0.15696, 'auc': 0.88379}
test: {'epoch': 218, 'time_epoch': 0.06534, 'loss': 1.95125903, 'lr': 0, 'params': 276757, 'time_iter': 0.00467, 'accuracy': 0.5119, 'f1': 0.46737, 'auc': 0.94944}
> Epoch 218: took 2.1s (avg 2.1s) | Best so far: epoch 156	train_loss: 0.2754 train_accuracy: 0.9056	val_loss: 3.3557 val_accuracy: 0.3071	test_loss: 2.8862 test_accuracy: 0.4071	F1: 0.3327 Prec: 0.3876 Rec: 0.4071
train: {'epoch': 219, 'time_epoch': 2.00845, 'eta': 55.08864, 'eta_hours': 0.0153, 'loss': 0.16774908, 'lr': 3.746e-05, 'params': 276757, 'time_iter': 0.01148, 'accuracy': 0.94534, 'f1': 0.94529, 'auc': 0.99917}
val: {'epoch': 219, 'time_epoch': 0.11193, 'loss': 4.38434669, 'lr': 0, 'params': 276757, 'time_iter': 0.00799, 'accuracy': 0.23333, 'f1': 0.16238, 'auc': 0.88439}
test: {'epoch': 219, 'time_epoch': 0.06418, 'loss': 1.94940682, 'lr': 0, 'params': 276757, 'time_iter': 0.00458, 'accuracy': 0.52381, 'f1': 0.48748, 'auc': 0.94751}
> Epoch 219: took 2.3s (avg 2.1s) | Best so far: epoch 156	train_loss: 0.2754 train_accuracy: 0.9056	val_loss: 3.3557 val_accuracy: 0.3071	test_loss: 2.8862 test_accuracy: 0.4071	F1: 0.3327 Prec: 0.3876 Rec: 0.4071
train: {'epoch': 220, 'time_epoch': 1.81071, 'eta': 53.24899, 'eta_hours': 0.01479, 'loss': 0.16270021, 'lr': 3.511e-05, 'params': 276757, 'time_iter': 0.01035, 'accuracy': 0.94821, 'f1': 0.94817, 'auc': 0.99924}
val: {'epoch': 220, 'time_epoch': 0.06791, 'loss': 4.24714265, 'lr': 0, 'params': 276757, 'time_iter': 0.00485, 'accuracy': 0.2381, 'f1': 0.16481, 'auc': 0.89232}
test: {'epoch': 220, 'time_epoch': 0.09198, 'loss': 1.94124457, 'lr': 0, 'params': 276757, 'time_iter': 0.00657, 'accuracy': 0.52381, 'f1': 0.48331, 'auc': 0.94765}
> Epoch 220: took 2.1s (avg 2.1s) | Best so far: epoch 156	train_loss: 0.2754 train_accuracy: 0.9056	val_loss: 3.3557 val_accuracy: 0.3071	test_loss: 2.8862 test_accuracy: 0.4071	F1: 0.3327 Prec: 0.3876 Rec: 0.4071
train: {'epoch': 221, 'time_epoch': 1.78247, 'eta': 51.40605, 'eta_hours': 0.01428, 'loss': 0.18461353, 'lr': 3.284e-05, 'params': 276757, 'time_iter': 0.01019, 'accuracy': 0.93799, 'f1': 0.93795, 'auc': 0.99909}
val: {'epoch': 221, 'time_epoch': 0.07648, 'loss': 4.15012565, 'lr': 0, 'params': 276757, 'time_iter': 0.00546, 'accuracy': 0.26667, 'f1': 0.19163, 'auc': 0.89227}
test: {'epoch': 221, 'time_epoch': 0.0784, 'loss': 1.98637048, 'lr': 0, 'params': 276757, 'time_iter': 0.0056, 'accuracy': 0.5381, 'f1': 0.49552, 'auc': 0.9459}
> Epoch 221: took 2.0s (avg 2.1s) | Best so far: epoch 156	train_loss: 0.2754 train_accuracy: 0.9056	val_loss: 3.3557 val_accuracy: 0.3071	test_loss: 2.8862 test_accuracy: 0.4071	F1: 0.3327 Prec: 0.3876 Rec: 0.4071
train: {'epoch': 222, 'time_epoch': 1.82247, 'eta': 49.56849, 'eta_hours': 0.01377, 'loss': 0.17430387, 'lr': 3.063e-05, 'params': 276757, 'time_iter': 0.01041, 'accuracy': 0.94409, 'f1': 0.94406, 'auc': 0.99916}
val: {'epoch': 222, 'time_epoch': 0.10458, 'loss': 4.14218264, 'lr': 0, 'params': 276757, 'time_iter': 0.00747, 'accuracy': 0.25, 'f1': 0.17326, 'auc': 0.89236}
test: {'epoch': 222, 'time_epoch': 0.06581, 'loss': 1.93474076, 'lr': 0, 'params': 276757, 'time_iter': 0.0047, 'accuracy': 0.52619, 'f1': 0.48697, 'auc': 0.94782}
> Epoch 222: took 2.1s (avg 2.1s) | Best so far: epoch 156	train_loss: 0.2754 train_accuracy: 0.9056	val_loss: 3.3557 val_accuracy: 0.3071	test_loss: 2.8862 test_accuracy: 0.4071	F1: 0.3327 Prec: 0.3876 Rec: 0.4071
train: {'epoch': 223, 'time_epoch': 1.86264, 'eta': 47.73572, 'eta_hours': 0.01326, 'loss': 0.17786393, 'lr': 2.85e-05, 'params': 276757, 'time_iter': 0.01064, 'accuracy': 0.93978, 'f1': 0.93969, 'auc': 0.99908}
val: {'epoch': 223, 'time_epoch': 0.07332, 'loss': 4.4564767, 'lr': 0, 'params': 276757, 'time_iter': 0.00524, 'accuracy': 0.22857, 'f1': 0.14689, 'auc': 0.88703}
test: {'epoch': 223, 'time_epoch': 0.07217, 'loss': 1.91146869, 'lr': 0, 'params': 276757, 'time_iter': 0.00515, 'accuracy': 0.52381, 'f1': 0.48721, 'auc': 0.94844}
> Epoch 223: took 2.1s (avg 2.1s) | Best so far: epoch 156	train_loss: 0.2754 train_accuracy: 0.9056	val_loss: 3.3557 val_accuracy: 0.3071	test_loss: 2.8862 test_accuracy: 0.4071	F1: 0.3327 Prec: 0.3876 Rec: 0.4071
train: {'epoch': 224, 'time_epoch': 1.85239, 'eta': 45.90156, 'eta_hours': 0.01275, 'loss': 0.18281759, 'lr': 2.645e-05, 'params': 276757, 'time_iter': 0.01059, 'accuracy': 0.94032, 'f1': 0.94032, 'auc': 0.999}
val: {'epoch': 224, 'time_epoch': 0.06833, 'loss': 4.33796488, 'lr': 0, 'params': 276757, 'time_iter': 0.00488, 'accuracy': 0.24286, 'f1': 0.16367, 'auc': 0.89278}
test: {'epoch': 224, 'time_epoch': 0.07966, 'loss': 1.93525961, 'lr': 0, 'params': 276757, 'time_iter': 0.00569, 'accuracy': 0.52619, 'f1': 0.48564, 'auc': 0.95039}
> Epoch 224: took 2.1s (avg 2.1s) | Best so far: epoch 156	train_loss: 0.2754 train_accuracy: 0.9056	val_loss: 3.3557 val_accuracy: 0.3071	test_loss: 2.8862 test_accuracy: 0.4071	F1: 0.3327 Prec: 0.3876 Rec: 0.4071
train: {'epoch': 225, 'time_epoch': 1.86751, 'eta': 44.06883, 'eta_hours': 0.01224, 'loss': 0.16615949, 'lr': 2.447e-05, 'params': 276757, 'time_iter': 0.01067, 'accuracy': 0.9491, 'f1': 0.94906, 'auc': 0.99917}
val: {'epoch': 225, 'time_epoch': 0.08635, 'loss': 4.38666753, 'lr': 0, 'params': 276757, 'time_iter': 0.00617, 'accuracy': 0.2381, 'f1': 0.16331, 'auc': 0.88797}
test: {'epoch': 225, 'time_epoch': 0.07582, 'loss': 1.97570697, 'lr': 0, 'params': 276757, 'time_iter': 0.00542, 'accuracy': 0.51667, 'f1': 0.47836, 'auc': 0.94659}
> Epoch 225: took 2.1s (avg 2.1s) | Best so far: epoch 156	train_loss: 0.2754 train_accuracy: 0.9056	val_loss: 3.3557 val_accuracy: 0.3071	test_loss: 2.8862 test_accuracy: 0.4071	F1: 0.3327 Prec: 0.3876 Rec: 0.4071
train: {'epoch': 226, 'time_epoch': 2.05668, 'eta': 42.25497, 'eta_hours': 0.01174, 'loss': 0.16698195, 'lr': 2.257e-05, 'params': 276757, 'time_iter': 0.01175, 'accuracy': 0.94337, 'f1': 0.94336, 'auc': 0.99925}
val: {'epoch': 226, 'time_epoch': 0.09856, 'loss': 4.31177254, 'lr': 0, 'params': 276757, 'time_iter': 0.00704, 'accuracy': 0.2381, 'f1': 0.15574, 'auc': 0.88858}
test: {'epoch': 226, 'time_epoch': 0.07548, 'loss': 1.85365842, 'lr': 0, 'params': 276757, 'time_iter': 0.00539, 'accuracy': 0.53333, 'f1': 0.49327, 'auc': 0.95062}
> Epoch 226: took 2.3s (avg 2.1s) | Best so far: epoch 156	train_loss: 0.2754 train_accuracy: 0.9056	val_loss: 3.3557 val_accuracy: 0.3071	test_loss: 2.8862 test_accuracy: 0.4071	F1: 0.3327 Prec: 0.3876 Rec: 0.4071
train: {'epoch': 227, 'time_epoch': 1.88616, 'eta': 40.42253, 'eta_hours': 0.01123, 'loss': 0.17935433, 'lr': 2.074e-05, 'params': 276757, 'time_iter': 0.01078, 'accuracy': 0.93925, 'f1': 0.93922, 'auc': 0.99912}
val: {'epoch': 227, 'time_epoch': 0.10457, 'loss': 4.21995582, 'lr': 0, 'params': 276757, 'time_iter': 0.00747, 'accuracy': 0.24524, 'f1': 0.17745, 'auc': 0.89114}
test: {'epoch': 227, 'time_epoch': 0.06867, 'loss': 1.96769154, 'lr': 0, 'params': 276757, 'time_iter': 0.0049, 'accuracy': 0.52619, 'f1': 0.48415, 'auc': 0.94748}
> Epoch 227: took 2.1s (avg 2.1s) | Best so far: epoch 156	train_loss: 0.2754 train_accuracy: 0.9056	val_loss: 3.3557 val_accuracy: 0.3071	test_loss: 2.8862 test_accuracy: 0.4071	F1: 0.3327 Prec: 0.3876 Rec: 0.4071
train: {'epoch': 228, 'time_epoch': 1.73167, 'eta': 38.57544, 'eta_hours': 0.01072, 'loss': 0.16815943, 'lr': 1.899e-05, 'params': 276757, 'time_iter': 0.0099, 'accuracy': 0.94642, 'f1': 0.94641, 'auc': 0.99922}
val: {'epoch': 228, 'time_epoch': 0.07692, 'loss': 4.3041709, 'lr': 0, 'params': 276757, 'time_iter': 0.00549, 'accuracy': 0.23571, 'f1': 0.15522, 'auc': 0.88971}
test: {'epoch': 228, 'time_epoch': 0.0704, 'loss': 1.92178592, 'lr': 0, 'params': 276757, 'time_iter': 0.00503, 'accuracy': 0.52381, 'f1': 0.48346, 'auc': 0.94922}
> Epoch 228: took 2.0s (avg 2.1s) | Best so far: epoch 156	train_loss: 0.2754 train_accuracy: 0.9056	val_loss: 3.3557 val_accuracy: 0.3071	test_loss: 2.8862 test_accuracy: 0.4071	F1: 0.3327 Prec: 0.3876 Rec: 0.4071
train: {'epoch': 229, 'time_epoch': 2.06834, 'eta': 36.75864, 'eta_hours': 0.01021, 'loss': 0.16963522, 'lr': 1.731e-05, 'params': 276757, 'time_iter': 0.01182, 'accuracy': 0.94588, 'f1': 0.94586, 'auc': 0.99917}
val: {'epoch': 229, 'time_epoch': 0.101, 'loss': 4.2986703, 'lr': 0, 'params': 276757, 'time_iter': 0.00721, 'accuracy': 0.24762, 'f1': 0.17184, 'auc': 0.89092}
test: {'epoch': 229, 'time_epoch': 0.09242, 'loss': 1.91702059, 'lr': 0, 'params': 276757, 'time_iter': 0.0066, 'accuracy': 0.51905, 'f1': 0.47617, 'auc': 0.94879}
> Epoch 229: took 2.3s (avg 2.1s) | Best so far: epoch 156	train_loss: 0.2754 train_accuracy: 0.9056	val_loss: 3.3557 val_accuracy: 0.3071	test_loss: 2.8862 test_accuracy: 0.4071	F1: 0.3327 Prec: 0.3876 Rec: 0.4071
train: {'epoch': 230, 'time_epoch': 1.80504, 'eta': 34.918, 'eta_hours': 0.0097, 'loss': 0.16027373, 'lr': 1.571e-05, 'params': 276757, 'time_iter': 0.01031, 'accuracy': 0.94659, 'f1': 0.9466, 'auc': 0.99933}
val: {'epoch': 230, 'time_epoch': 0.07885, 'loss': 4.2207577, 'lr': 0, 'params': 276757, 'time_iter': 0.00563, 'accuracy': 0.24286, 'f1': 0.16582, 'auc': 0.89516}
test: {'epoch': 230, 'time_epoch': 0.08541, 'loss': 1.92110664, 'lr': 0, 'params': 276757, 'time_iter': 0.0061, 'accuracy': 0.5381, 'f1': 0.49823, 'auc': 0.95045}
> Epoch 230: took 2.0s (avg 2.1s) | Best so far: epoch 156	train_loss: 0.2754 train_accuracy: 0.9056	val_loss: 3.3557 val_accuracy: 0.3071	test_loss: 2.8862 test_accuracy: 0.4071	F1: 0.3327 Prec: 0.3876 Rec: 0.4071
train: {'epoch': 231, 'time_epoch': 1.87261, 'eta': 33.08292, 'eta_hours': 0.00919, 'loss': 0.16708501, 'lr': 1.418e-05, 'params': 276757, 'time_iter': 0.0107, 'accuracy': 0.9448, 'f1': 0.94481, 'auc': 0.99923}
val: {'epoch': 231, 'time_epoch': 0.08213, 'loss': 4.07959719, 'lr': 0, 'params': 276757, 'time_iter': 0.00587, 'accuracy': 0.26905, 'f1': 0.19854, 'auc': 0.89559}
test: {'epoch': 231, 'time_epoch': 0.09064, 'loss': 1.96329811, 'lr': 0, 'params': 276757, 'time_iter': 0.00647, 'accuracy': 0.53571, 'f1': 0.49822, 'auc': 0.94715}
> Epoch 231: took 2.1s (avg 2.1s) | Best so far: epoch 156	train_loss: 0.2754 train_accuracy: 0.9056	val_loss: 3.3557 val_accuracy: 0.3071	test_loss: 2.8862 test_accuracy: 0.4071	F1: 0.3327 Prec: 0.3876 Rec: 0.4071
train: {'epoch': 232, 'time_epoch': 1.94371, 'eta': 31.25269, 'eta_hours': 0.00868, 'loss': 0.16432847, 'lr': 1.274e-05, 'params': 276757, 'time_iter': 0.01111, 'accuracy': 0.94462, 'f1': 0.9446, 'auc': 0.99931}
val: {'epoch': 232, 'time_epoch': 0.07217, 'loss': 4.39054714, 'lr': 0, 'params': 276757, 'time_iter': 0.00515, 'accuracy': 0.23333, 'f1': 0.16238, 'auc': 0.88461}
test: {'epoch': 232, 'time_epoch': 0.07915, 'loss': 1.90833285, 'lr': 0, 'params': 276757, 'time_iter': 0.00565, 'accuracy': 0.52619, 'f1': 0.48546, 'auc': 0.94908}
> Epoch 232: took 2.2s (avg 2.1s) | Best so far: epoch 156	train_loss: 0.2754 train_accuracy: 0.9056	val_loss: 3.3557 val_accuracy: 0.3071	test_loss: 2.8862 test_accuracy: 0.4071	F1: 0.3327 Prec: 0.3876 Rec: 0.4071
train: {'epoch': 233, 'time_epoch': 2.05283, 'eta': 29.42896, 'eta_hours': 0.00817, 'loss': 0.17572229, 'lr': 1.137e-05, 'params': 276757, 'time_iter': 0.01173, 'accuracy': 0.93925, 'f1': 0.9392, 'auc': 0.99914}
val: {'epoch': 233, 'time_epoch': 0.07395, 'loss': 4.14855768, 'lr': 0, 'params': 276757, 'time_iter': 0.00528, 'accuracy': 0.24048, 'f1': 0.1679, 'auc': 0.88981}
test: {'epoch': 233, 'time_epoch': 0.06979, 'loss': 1.91701017, 'lr': 0, 'params': 276757, 'time_iter': 0.00498, 'accuracy': 0.54524, 'f1': 0.50454, 'auc': 0.94751}
> Epoch 233: took 2.3s (avg 2.1s) | Best so far: epoch 156	train_loss: 0.2754 train_accuracy: 0.9056	val_loss: 3.3557 val_accuracy: 0.3071	test_loss: 2.8862 test_accuracy: 0.4071	F1: 0.3327 Prec: 0.3876 Rec: 0.4071
train: {'epoch': 234, 'time_epoch': 1.9319, 'eta': 27.59556, 'eta_hours': 0.00767, 'loss': 0.1738016, 'lr': 1.007e-05, 'params': 276757, 'time_iter': 0.01104, 'accuracy': 0.94677, 'f1': 0.94678, 'auc': 0.99914}
val: {'epoch': 234, 'time_epoch': 0.07815, 'loss': 4.39685588, 'lr': 0, 'params': 276757, 'time_iter': 0.00558, 'accuracy': 0.24524, 'f1': 0.17267, 'auc': 0.88668}
test: {'epoch': 234, 'time_epoch': 0.07446, 'loss': 1.97642985, 'lr': 0, 'params': 276757, 'time_iter': 0.00532, 'accuracy': 0.50476, 'f1': 0.46191, 'auc': 0.94921}
> Epoch 234: took 2.2s (avg 2.1s) | Best so far: epoch 156	train_loss: 0.2754 train_accuracy: 0.9056	val_loss: 3.3557 val_accuracy: 0.3071	test_loss: 2.8862 test_accuracy: 0.4071	F1: 0.3327 Prec: 0.3876 Rec: 0.4071
train: {'epoch': 235, 'time_epoch': 2.03608, 'eta': 25.76751, 'eta_hours': 0.00716, 'loss': 0.17843076, 'lr': 8.86e-06, 'params': 276757, 'time_iter': 0.01163, 'accuracy': 0.94283, 'f1': 0.94279, 'auc': 0.99905}
val: {'epoch': 235, 'time_epoch': 0.0721, 'loss': 4.20741528, 'lr': 0, 'params': 276757, 'time_iter': 0.00515, 'accuracy': 0.25476, 'f1': 0.18515, 'auc': 0.88741}
test: {'epoch': 235, 'time_epoch': 0.08349, 'loss': 1.93174952, 'lr': 0, 'params': 276757, 'time_iter': 0.00596, 'accuracy': 0.54762, 'f1': 0.50734, 'auc': 0.94866}
> Epoch 235: took 2.3s (avg 2.1s) | Best so far: epoch 156	train_loss: 0.2754 train_accuracy: 0.9056	val_loss: 3.3557 val_accuracy: 0.3071	test_loss: 2.8862 test_accuracy: 0.4071	F1: 0.3327 Prec: 0.3876 Rec: 0.4071
train: {'epoch': 236, 'time_epoch': 2.11025, 'eta': 23.94177, 'eta_hours': 0.00665, 'loss': 0.16866002, 'lr': 7.72e-06, 'params': 276757, 'time_iter': 0.01206, 'accuracy': 0.94534, 'f1': 0.94533, 'auc': 0.99923}
val: {'epoch': 236, 'time_epoch': 0.07524, 'loss': 4.29975035, 'lr': 0, 'params': 276757, 'time_iter': 0.00537, 'accuracy': 0.24286, 'f1': 0.16771, 'auc': 0.89067}
test: {'epoch': 236, 'time_epoch': 0.10799, 'loss': 1.83864022, 'lr': 0, 'params': 276757, 'time_iter': 0.00771, 'accuracy': 0.5381, 'f1': 0.49601, 'auc': 0.9533}
> Epoch 236: took 2.4s (avg 2.1s) | Best so far: epoch 156	train_loss: 0.2754 train_accuracy: 0.9056	val_loss: 3.3557 val_accuracy: 0.3071	test_loss: 2.8862 test_accuracy: 0.4071	F1: 0.3327 Prec: 0.3876 Rec: 0.4071
train: {'epoch': 237, 'time_epoch': 1.76602, 'eta': 22.09628, 'eta_hours': 0.00614, 'loss': 0.16476037, 'lr': 6.66e-06, 'params': 276757, 'time_iter': 0.01009, 'accuracy': 0.94713, 'f1': 0.94717, 'auc': 0.9992}
val: {'epoch': 237, 'time_epoch': 0.09705, 'loss': 4.146689, 'lr': 0, 'params': 276757, 'time_iter': 0.00693, 'accuracy': 0.24762, 'f1': 0.17369, 'auc': 0.89338}
test: {'epoch': 237, 'time_epoch': 0.0664, 'loss': 1.85921141, 'lr': 0, 'params': 276757, 'time_iter': 0.00474, 'accuracy': 0.55238, 'f1': 0.51341, 'auc': 0.95215}
> Epoch 237: took 2.0s (avg 2.1s) | Best so far: epoch 156	train_loss: 0.2754 train_accuracy: 0.9056	val_loss: 3.3557 val_accuracy: 0.3071	test_loss: 2.8862 test_accuracy: 0.4071	F1: 0.3327 Prec: 0.3876 Rec: 0.4071
train: {'epoch': 238, 'time_epoch': 1.8099, 'eta': 20.25347, 'eta_hours': 0.00563, 'loss': 0.17003863, 'lr': 5.67e-06, 'params': 276757, 'time_iter': 0.01034, 'accuracy': 0.9448, 'f1': 0.94471, 'auc': 0.99914}
val: {'epoch': 238, 'time_epoch': 0.07155, 'loss': 4.35817024, 'lr': 0, 'params': 276757, 'time_iter': 0.00511, 'accuracy': 0.24048, 'f1': 0.1643, 'auc': 0.88959}
test: {'epoch': 238, 'time_epoch': 0.09184, 'loss': 1.94121979, 'lr': 0, 'params': 276757, 'time_iter': 0.00656, 'accuracy': 0.50238, 'f1': 0.45948, 'auc': 0.94898}
> Epoch 238: took 2.1s (avg 2.1s) | Best so far: epoch 156	train_loss: 0.2754 train_accuracy: 0.9056	val_loss: 3.3557 val_accuracy: 0.3071	test_loss: 2.8862 test_accuracy: 0.4071	F1: 0.3327 Prec: 0.3876 Rec: 0.4071
train: {'epoch': 239, 'time_epoch': 1.83453, 'eta': 18.41197, 'eta_hours': 0.00511, 'loss': 0.16076882, 'lr': 4.77e-06, 'params': 276757, 'time_iter': 0.01048, 'accuracy': 0.94677, 'f1': 0.94671, 'auc': 0.99932}
val: {'epoch': 239, 'time_epoch': 0.06698, 'loss': 4.34526161, 'lr': 0, 'params': 276757, 'time_iter': 0.00478, 'accuracy': 0.24048, 'f1': 0.16659, 'auc': 0.88659}
test: {'epoch': 239, 'time_epoch': 0.07546, 'loss': 1.87115853, 'lr': 0, 'params': 276757, 'time_iter': 0.00539, 'accuracy': 0.53571, 'f1': 0.49983, 'auc': 0.95061}
> Epoch 239: took 2.1s (avg 2.1s) | Best so far: epoch 156	train_loss: 0.2754 train_accuracy: 0.9056	val_loss: 3.3557 val_accuracy: 0.3071	test_loss: 2.8862 test_accuracy: 0.4071	F1: 0.3327 Prec: 0.3876 Rec: 0.4071
train: {'epoch': 240, 'time_epoch': 2.00398, 'eta': 16.57685, 'eta_hours': 0.0046, 'loss': 0.17623346, 'lr': 3.94e-06, 'params': 276757, 'time_iter': 0.01145, 'accuracy': 0.94606, 'f1': 0.94604, 'auc': 0.99912}
val: {'epoch': 240, 'time_epoch': 0.07231, 'loss': 4.4159863, 'lr': 0, 'params': 276757, 'time_iter': 0.00517, 'accuracy': 0.24048, 'f1': 0.16601, 'auc': 0.88757}
test: {'epoch': 240, 'time_epoch': 0.06317, 'loss': 1.84837769, 'lr': 0, 'params': 276757, 'time_iter': 0.00451, 'accuracy': 0.52857, 'f1': 0.49593, 'auc': 0.95195}
> Epoch 240: took 2.2s (avg 2.1s) | Best so far: epoch 156	train_loss: 0.2754 train_accuracy: 0.9056	val_loss: 3.3557 val_accuracy: 0.3071	test_loss: 2.8862 test_accuracy: 0.4071	F1: 0.3327 Prec: 0.3876 Rec: 0.4071
train: {'epoch': 241, 'time_epoch': 1.8355, 'eta': 14.73477, 'eta_hours': 0.00409, 'loss': 0.17930359, 'lr': 3.19e-06, 'params': 276757, 'time_iter': 0.01049, 'accuracy': 0.94301, 'f1': 0.94301, 'auc': 0.99901}
val: {'epoch': 241, 'time_epoch': 0.11545, 'loss': 4.32430271, 'lr': 0, 'params': 276757, 'time_iter': 0.00825, 'accuracy': 0.24286, 'f1': 0.16557, 'auc': 0.89264}
test: {'epoch': 241, 'time_epoch': 0.06846, 'loss': 1.9649375, 'lr': 0, 'params': 276757, 'time_iter': 0.00489, 'accuracy': 0.51667, 'f1': 0.47312, 'auc': 0.94985}
> Epoch 241: took 2.1s (avg 2.1s) | Best so far: epoch 156	train_loss: 0.2754 train_accuracy: 0.9056	val_loss: 3.3557 val_accuracy: 0.3071	test_loss: 2.8862 test_accuracy: 0.4071	F1: 0.3327 Prec: 0.3876 Rec: 0.4071
train: {'epoch': 242, 'time_epoch': 1.72408, 'eta': 12.88953, 'eta_hours': 0.00358, 'loss': 0.16309164, 'lr': 2.52e-06, 'params': 276757, 'time_iter': 0.00985, 'accuracy': 0.94857, 'f1': 0.94855, 'auc': 0.99923}
val: {'epoch': 242, 'time_epoch': 0.06782, 'loss': 4.41699525, 'lr': 0, 'params': 276757, 'time_iter': 0.00484, 'accuracy': 0.24524, 'f1': 0.17446, 'auc': 0.88784}
test: {'epoch': 242, 'time_epoch': 0.06528, 'loss': 1.88311777, 'lr': 0, 'params': 276757, 'time_iter': 0.00466, 'accuracy': 0.52857, 'f1': 0.48687, 'auc': 0.95198}
> Epoch 242: took 1.9s (avg 2.1s) | Best so far: epoch 156	train_loss: 0.2754 train_accuracy: 0.9056	val_loss: 3.3557 val_accuracy: 0.3071	test_loss: 2.8862 test_accuracy: 0.4071	F1: 0.3327 Prec: 0.3876 Rec: 0.4071
train: {'epoch': 243, 'time_epoch': 1.75873, 'eta': 11.04614, 'eta_hours': 0.00307, 'loss': 0.1664739, 'lr': 1.93e-06, 'params': 276757, 'time_iter': 0.01005, 'accuracy': 0.94588, 'f1': 0.9458, 'auc': 0.99925}
val: {'epoch': 243, 'time_epoch': 0.06664, 'loss': 4.39199295, 'lr': 0, 'params': 276757, 'time_iter': 0.00476, 'accuracy': 0.23571, 'f1': 0.15853, 'auc': 0.89026}
test: {'epoch': 243, 'time_epoch': 0.06943, 'loss': 1.89991978, 'lr': 0, 'params': 276757, 'time_iter': 0.00496, 'accuracy': 0.52143, 'f1': 0.48093, 'auc': 0.95145}
> Epoch 243: took 2.0s (avg 2.1s) | Best so far: epoch 156	train_loss: 0.2754 train_accuracy: 0.9056	val_loss: 3.3557 val_accuracy: 0.3071	test_loss: 2.8862 test_accuracy: 0.4071	F1: 0.3327 Prec: 0.3876 Rec: 0.4071
train: {'epoch': 244, 'time_epoch': 1.84665, 'eta': 9.20523, 'eta_hours': 0.00256, 'loss': 0.18227132, 'lr': 1.42e-06, 'params': 276757, 'time_iter': 0.01055, 'accuracy': 0.93907, 'f1': 0.93903, 'auc': 0.99902}
val: {'epoch': 244, 'time_epoch': 0.08321, 'loss': 4.50371899, 'lr': 0, 'params': 276757, 'time_iter': 0.00594, 'accuracy': 0.23333, 'f1': 0.15529, 'auc': 0.88594}
test: {'epoch': 244, 'time_epoch': 0.06548, 'loss': 1.90509497, 'lr': 0, 'params': 276757, 'time_iter': 0.00468, 'accuracy': 0.52619, 'f1': 0.47956, 'auc': 0.95121}
> Epoch 244: took 2.1s (avg 2.1s) | Best so far: epoch 156	train_loss: 0.2754 train_accuracy: 0.9056	val_loss: 3.3557 val_accuracy: 0.3071	test_loss: 2.8862 test_accuracy: 0.4071	F1: 0.3327 Prec: 0.3876 Rec: 0.4071
train: {'epoch': 245, 'time_epoch': 1.76626, 'eta': 7.36297, 'eta_hours': 0.00205, 'loss': 0.17177944, 'lr': 9.9e-07, 'params': 276757, 'time_iter': 0.01009, 'accuracy': 0.94677, 'f1': 0.94676, 'auc': 0.99911}
val: {'epoch': 245, 'time_epoch': 0.07841, 'loss': 4.31510538, 'lr': 0, 'params': 276757, 'time_iter': 0.0056, 'accuracy': 0.2381, 'f1': 0.15956, 'auc': 0.89104}
test: {'epoch': 245, 'time_epoch': 0.07218, 'loss': 1.86257402, 'lr': 0, 'params': 276757, 'time_iter': 0.00516, 'accuracy': 0.52857, 'f1': 0.48868, 'auc': 0.95226}
> Epoch 245: took 2.0s (avg 2.1s) | Best so far: epoch 156	train_loss: 0.2754 train_accuracy: 0.9056	val_loss: 3.3557 val_accuracy: 0.3071	test_loss: 2.8862 test_accuracy: 0.4071	F1: 0.3327 Prec: 0.3876 Rec: 0.4071
train: {'epoch': 246, 'time_epoch': 1.81637, 'eta': 5.52193, 'eta_hours': 0.00153, 'loss': 0.17062511, 'lr': 6.3e-07, 'params': 276757, 'time_iter': 0.01038, 'accuracy': 0.94624, 'f1': 0.94625, 'auc': 0.99917}
val: {'epoch': 246, 'time_epoch': 0.07115, 'loss': 4.27261061, 'lr': 0, 'params': 276757, 'time_iter': 0.00508, 'accuracy': 0.25, 'f1': 0.17118, 'auc': 0.8899}
test: {'epoch': 246, 'time_epoch': 0.08284, 'loss': 1.79046123, 'lr': 0, 'params': 276757, 'time_iter': 0.00592, 'accuracy': 0.5381, 'f1': 0.50093, 'auc': 0.95382}
> Epoch 246: took 2.1s (avg 2.1s) | Best so far: epoch 156	train_loss: 0.2754 train_accuracy: 0.9056	val_loss: 3.3557 val_accuracy: 0.3071	test_loss: 2.8862 test_accuracy: 0.4071	F1: 0.3327 Prec: 0.3876 Rec: 0.4071
train: {'epoch': 247, 'time_epoch': 1.88772, 'eta': 3.68167, 'eta_hours': 0.00102, 'loss': 0.16226296, 'lr': 3.6e-07, 'params': 276757, 'time_iter': 0.01079, 'accuracy': 0.94409, 'f1': 0.9441, 'auc': 0.99929}
val: {'epoch': 247, 'time_epoch': 0.06664, 'loss': 4.3393528, 'lr': 0, 'params': 276757, 'time_iter': 0.00476, 'accuracy': 0.24286, 'f1': 0.16164, 'auc': 0.89013}
test: {'epoch': 247, 'time_epoch': 0.06469, 'loss': 1.82518452, 'lr': 0, 'params': 276757, 'time_iter': 0.00462, 'accuracy': 0.52143, 'f1': 0.47823, 'auc': 0.95283}
> Epoch 247: took 2.1s (avg 2.1s) | Best so far: epoch 156	train_loss: 0.2754 train_accuracy: 0.9056	val_loss: 3.3557 val_accuracy: 0.3071	test_loss: 2.8862 test_accuracy: 0.4071	F1: 0.3327 Prec: 0.3876 Rec: 0.4071
train: {'epoch': 248, 'time_epoch': 1.86198, 'eta': 1.84092, 'eta_hours': 0.00051, 'loss': 0.17252652, 'lr': 1.6e-07, 'params': 276757, 'time_iter': 0.01064, 'accuracy': 0.94265, 'f1': 0.94261, 'auc': 0.99918}
val: {'epoch': 248, 'time_epoch': 0.07153, 'loss': 4.37983654, 'lr': 0, 'params': 276757, 'time_iter': 0.00511, 'accuracy': 0.23333, 'f1': 0.15141, 'auc': 0.88764}
test: {'epoch': 248, 'time_epoch': 0.07323, 'loss': 1.92045663, 'lr': 0, 'params': 276757, 'time_iter': 0.00523, 'accuracy': 0.51429, 'f1': 0.47126, 'auc': 0.95056}
> Epoch 248: took 2.1s (avg 2.1s) | Best so far: epoch 156	train_loss: 0.2754 train_accuracy: 0.9056	val_loss: 3.3557 val_accuracy: 0.3071	test_loss: 2.8862 test_accuracy: 0.4071	F1: 0.3327 Prec: 0.3876 Rec: 0.4071
train: {'epoch': 249, 'time_epoch': 1.9925, 'eta': 0.0, 'eta_hours': 0.0, 'loss': 0.16108645, 'lr': 4e-08, 'params': 276757, 'time_iter': 0.01139, 'accuracy': 0.94946, 'f1': 0.94941, 'auc': 0.99925}
val: {'epoch': 249, 'time_epoch': 0.0687, 'loss': 4.27311692, 'lr': 0, 'params': 276757, 'time_iter': 0.00491, 'accuracy': 0.25, 'f1': 0.18322, 'auc': 0.88799}
test: {'epoch': 249, 'time_epoch': 0.07798, 'loss': 1.93062912, 'lr': 0, 'params': 276757, 'time_iter': 0.00557, 'accuracy': 0.53095, 'f1': 0.49184, 'auc': 0.94891}
> Epoch 249: took 2.2s (avg 2.1s) | Best so far: epoch 156	train_loss: 0.2754 train_accuracy: 0.9056	val_loss: 3.3557 val_accuracy: 0.3071	test_loss: 2.8862 test_accuracy: 0.4071	F1: 0.3327 Prec: 0.3876 Rec: 0.4071
Avg time per epoch: 2.08s
Total train loop time: 0.14h
Task done, results saved in results_lopo_none/DE_3m
[*] All done: 2026-04-01 13:18:10.852425
