[*] Run ID 0: seed=0, split_index=0
    Starting now: 2026-04-01 13:27:10.511248
[*] Loaded dataset 'rfid' from 'RFID':
  Data(x=[51360, 60], edge_index=[2, 51360], y=[6420], y_user=[6420], subject=[6420])
  undirected: True
  num graphs: 6420
  avg num_nodes/graph: 8
  num node features: 60
  num edge features: 0
  num classes: 21
[*] LOPO Split: Test Subj=GM 3m, Val Subj=IM 3m
    Train: 5580 | Val: 420 | Test: 420
GraphGymModule(
  (model): CustomGNN(
    (encoder): FeatureEncoder()
    (pre_mp): GeneralMultiLayer(
      (Layer_0): GeneralLayer(
        (layer): Linear(
          (model): Linear(60, 128, bias=False)
        )
        (post_layer): Sequential(
          (0): BatchNorm1d(128, eps=1e-05, momentum=0.1, affine=True, track_running_stats=True)
          (1): Dropout(p=0.2, inplace=False)
          (2): ReLU()
        )
      )
    )
    (gnn_layers): Sequential(
      (0): GCNConvLayer(
        (bn_node_x): BatchNorm1d(128, eps=1e-05, momentum=0.1, affine=True, track_running_stats=True)
        (act): Sequential(
          (0): ReLU()
          (1): Dropout(p=0.2, inplace=False)
        )
        (model): GCNConv(128, 128)
        (norm1_local): BatchNorm1d(128, eps=1e-05, momentum=0.1, affine=True, track_running_stats=True)
        (ff_linear1): Linear(in_features=128, out_features=256, bias=True)
        (ff_linear2): Linear(in_features=256, out_features=128, bias=True)
        (act_fn_ff): ReLU()
        (norm2): BatchNorm1d(128, eps=1e-05, momentum=0.1, affine=True, track_running_stats=True)
        (ff_dropout1): Dropout(p=0.2, inplace=False)
        (ff_dropout2): Dropout(p=0.2, inplace=False)
      )
      (1): GCNConvLayer(
        (bn_node_x): BatchNorm1d(128, eps=1e-05, momentum=0.1, affine=True, track_running_stats=True)
        (act): Sequential(
          (0): ReLU()
          (1): Dropout(p=0.2, inplace=False)
        )
        (model): GCNConv(128, 128)
        (norm1_local): BatchNorm1d(128, eps=1e-05, momentum=0.1, affine=True, track_running_stats=True)
        (ff_linear1): Linear(in_features=128, out_features=256, bias=True)
        (ff_linear2): Linear(in_features=256, out_features=128, bias=True)
        (act_fn_ff): ReLU()
        (norm2): BatchNorm1d(128, eps=1e-05, momentum=0.1, affine=True, track_running_stats=True)
        (ff_dropout1): Dropout(p=0.2, inplace=False)
        (ff_dropout2): Dropout(p=0.2, inplace=False)
      )
      (2): GCNConvLayer(
        (bn_node_x): BatchNorm1d(128, eps=1e-05, momentum=0.1, affine=True, track_running_stats=True)
        (act): Sequential(
          (0): ReLU()
          (1): Dropout(p=0.2, inplace=False)
        )
        (model): GCNConv(128, 128)
        (norm1_local): BatchNorm1d(128, eps=1e-05, momentum=0.1, affine=True, track_running_stats=True)
        (ff_linear1): Linear(in_features=128, out_features=256, bias=True)
        (ff_linear2): Linear(in_features=256, out_features=128, bias=True)
        (act_fn_ff): ReLU()
        (norm2): BatchNorm1d(128, eps=1e-05, momentum=0.1, affine=True, track_running_stats=True)
        (ff_dropout1): Dropout(p=0.2, inplace=False)
        (ff_dropout2): Dropout(p=0.2, inplace=False)
      )
    )
    (post_mp): MLPGraphHead(
      (mlp): Sequential(
        (0): Dropout(p=0.2, inplace=False)
        (1): Linear(in_features=128, out_features=128, bias=True)
        (2): ReLU()
        (3): Dropout(p=0.2, inplace=False)
        (4): Linear(in_features=128, out_features=21, bias=True)
      )
    )
  )
)
accelerator: cuda
adv:
  lambda_u: 0.1
  num_users: 16
  use: False
benchmark: False
bn:
  eps: 1e-05
  mom: 0.1
cfg_dest: config.yaml
custom_metrics: []
dataset:
  cache_load: False
  cache_save: False
  dir: C:\Users\PC\Desktop\AdversarialLearningProject 1\ICML\Adversarial_Learning\Daniel\RFIDDataSet\DataSetLOPO
  edge_dim: 128
  edge_encoder: False
  edge_encoder_bn: True
  edge_encoder_name: Bond
  edge_encoder_num_types: 0
  edge_message_ratio: 0.8
  edge_negative_sampling_ratio: 1.0
  edge_train_mode: all
  encoder: True
  encoder_bn: True
  encoder_dim: 128
  encoder_name: db
  format: RFID
  infer_link_label: None
  label_column: none
  label_table: none
  location: local
  name: rfid
  node_encoder: False
  node_encoder_bn: True
  node_encoder_name: Atom
  node_encoder_num_types: 0
  remove_feature: False
  resample_disjoint: False
  resample_negative: False
  shuffle_split: True
  slic_compactness: 10
  split: [0.8, 0.1, 0.1]
  split_dir: ./splits
  split_index: 0
  split_mode: lopo-subject
  task: graph
  task_type: classification
  test_subj: GM 3m
  to_undirected: False
  transductive: False
  transform: none
  tu_simple: True
  val_subj: IM 3m
devices: 1
example_arg: example
example_group:
  example_arg: example
gnn:
  act: relu
  agg: add
  att_final_linear: False
  att_final_linear_bn: False
  att_heads: 1
  batchnorm: True
  clear_feature: True
  dim_inner: 128
  dropout: 0.2
  ffn: True
  head: mlp_graph
  keep_edge: 0.5
  l2norm: True
  layer_type: gcn
  layers_mp: 3
  layers_post_mp: 2
  layers_pre_mp: 1
  msg_direction: single
  normalize_adj: False
  residual: False
  self_msg: concat
  skip_every: 1
  stage_type: stack
gpu_mem: False
mem:
  inplace: False
metric_agg: argmax
metric_best: accuracy
model:
  edge_decoding: dot
  graph_pooling: mean
  loss_fun: cross_entropy
  match_upper: True
  size_average: mean
  thresh: 0.5
  type: custom_gnn
name_tag: 
num_threads: 6
num_workers: 0
optim:
  base_lr: 0.001
  batch_accumulation: 1
  clip_grad_norm: False
  clip_grad_norm_value: 1.0
  lr_decay: 0.1
  max_epoch: 250
  min_lr: 0.0
  momentum: 0.9
  num_warmup_epochs: 50
  optimizer: adam
  reduce_factor: 0.1
  schedule_patience: 10
  scheduler: cos
  steps: [30, 60, 90]
  weight_decay: 0.0005
out_dir: results_lopo_none/GM_3m
posenc_RWSE:
  dim_pe: 16
  enable: False
  kernel:
    times: []
    times_func: 
  layers: 3
  model: none
  n_heads: 4
  pass_as_var: False
  post_layers: 0
  raw_norm_type: none
pretrained:
  dir: 
  freeze_main: False
  reset_prediction_head: True
print: both
round: 5
run_dir: results_lopo_none/GM_3m
run_id: 0
run_multiple_splits: []
seed: 0
share:
  dim_in: 60
  dim_out: 21
  num_splits: 3
tensorboard_agg: True
tensorboard_each_run: False
train:
  auto_resume: False
  batch_size: 32
  ckpt_best: False
  ckpt_clean: True
  ckpt_period: 100
  enable_ckpt: True
  epoch_resume: -1
  eval_period: 1
  eval_smoothing_metrics: False
  iter_per_epoch: 32
  mode: custom
  neighbor_sizes: [20, 15, 10, 5]
  node_per_graph: 32
  radius: extend
  sample_node: False
  sampler: full_batch
  skip_train_eval: False
  walk_length: 4
val:
  node_per_graph: 32
  radius: extend
  sample_node: False
  sampler: full_batch
view_emb: False
wandb:
  entity: gnn
  name: 
  project: rfid_lopo
  use: False
Num parameters: 276757
Start from epoch 0
train: {'epoch': 0, 'time_epoch': 2.47867, 'eta': 617.18773, 'eta_hours': 0.17144, 'loss': 2.6114892, 'lr': 0.001, 'params': 276757, 'time_iter': 0.01416, 'accuracy': 0.18262, 'f1': 0.16118, 'auc': 0.76301}
...computing epoch stats took: 0.08s
val: {'epoch': 0, 'time_epoch': 0.10723, 'loss': 2.6568877, 'lr': 0, 'params': 276757, 'time_iter': 0.00766, 'accuracy': 0.13095, 'f1': 0.06669, 'auc': 0.82351}
...computing epoch stats took: 0.03s
test: {'epoch': 0, 'time_epoch': 0.09551, 'loss': 3.1445274, 'lr': 0, 'params': 276757, 'time_iter': 0.00682, 'accuracy': 0.07143, 'f1': 0.04135, 'auc': 0.6234}
...computing epoch stats took: 0.03s
[*] Confusion Matrix saved to: results_lopo_none/GM_3m\Conf\confusion_matrix_epoch_0.png
> Epoch 0: took 2.8s (avg 2.8s) | Best so far: epoch 0	train_loss: 2.6115 train_accuracy: 0.1826	val_loss: 2.6569 val_accuracy: 0.1310	test_loss: 3.1445 test_accuracy: 0.0714	F1: 0.0413 Prec: 0.0963 Rec: 0.0714
train: {'epoch': 1, 'time_epoch': 1.81078, 'eta': 531.89082, 'eta_hours': 0.14775, 'loss': 2.12696232, 'lr': 0.00099996, 'params': 276757, 'time_iter': 0.01035, 'accuracy': 0.30179, 'f1': 0.28534, 'auc': 0.8622}
...computing epoch stats took: 0.04s
val: {'epoch': 1, 'time_epoch': 0.07555, 'loss': 4.98444033, 'lr': 0, 'params': 276757, 'time_iter': 0.0054, 'accuracy': 0.12381, 'f1': 0.04123, 'auc': 0.81473}
...computing epoch stats took: 0.02s
test: {'epoch': 1, 'time_epoch': 0.0698, 'loss': 4.75061968, 'lr': 0, 'params': 276757, 'time_iter': 0.00499, 'accuracy': 0.0881, 'f1': 0.04253, 'auc': 0.65228}
...computing epoch stats took: 0.02s
> Epoch 1: took 2.0s (avg 2.4s) | Best so far: epoch 0	train_loss: 2.6115 train_accuracy: 0.1826	val_loss: 2.6569 val_accuracy: 0.1310	test_loss: 3.1445 test_accuracy: 0.0714	F1: 0.0413 Prec: 0.0963 Rec: 0.0714
train: {'epoch': 2, 'time_epoch': 1.79777, 'eta': 501.18064, 'eta_hours': 0.13922, 'loss': 1.95030642, 'lr': 0.00099984, 'params': 276757, 'time_iter': 0.01027, 'accuracy': 0.35771, 'f1': 0.34777, 'auc': 0.88681}
...computing epoch stats took: 0.02s
val: {'epoch': 2, 'time_epoch': 0.07268, 'loss': 7.97768266, 'lr': 0, 'params': 276757, 'time_iter': 0.00519, 'accuracy': 0.10238, 'f1': 0.03104, 'auc': 0.73646}
...computing epoch stats took: 0.02s
test: {'epoch': 2, 'time_epoch': 0.09619, 'loss': 7.6062245, 'lr': 0, 'params': 276757, 'time_iter': 0.00687, 'accuracy': 0.06429, 'f1': 0.02016, 'auc': 0.59111}
...computing epoch stats took: 0.02s
> Epoch 2: took 2.0s (avg 2.3s) | Best so far: epoch 0	train_loss: 2.6115 train_accuracy: 0.1826	val_loss: 2.6569 val_accuracy: 0.1310	test_loss: 3.1445 test_accuracy: 0.0714	F1: 0.0413 Prec: 0.0963 Rec: 0.0714
train: {'epoch': 3, 'time_epoch': 1.52333, 'eta': 468.04841, 'eta_hours': 0.13001, 'loss': 1.83885766, 'lr': 0.00099964, 'params': 276757, 'time_iter': 0.0087, 'accuracy': 0.37832, 'f1': 0.36892, 'auc': 0.90249}
val: {'epoch': 3, 'time_epoch': 0.0874, 'loss': 3.93970606, 'lr': 0, 'params': 276757, 'time_iter': 0.00624, 'accuracy': 0.14524, 'f1': 0.07243, 'auc': 0.86632}
test: {'epoch': 3, 'time_epoch': 0.07953, 'loss': 4.15159419, 'lr': 0, 'params': 276757, 'time_iter': 0.00568, 'accuracy': 0.07857, 'f1': 0.02942, 'auc': 0.69174}
[*] Confusion Matrix saved to: results_lopo_none/GM_3m\Conf\confusion_matrix_epoch_3.png
> Epoch 3: took 1.8s (avg 2.2s) | Best so far: epoch 3	train_loss: 1.8389 train_accuracy: 0.3783	val_loss: 3.9397 val_accuracy: 0.1452	test_loss: 4.1516 test_accuracy: 0.0786	F1: 0.0294 Prec: 0.0392 Rec: 0.0786
train: {'epoch': 4, 'time_epoch': 1.73151, 'eta': 457.76085, 'eta_hours': 0.12716, 'loss': 1.75431224, 'lr': 0.00099937, 'params': 276757, 'time_iter': 0.00989, 'accuracy': 0.40806, 'f1': 0.39992, 'auc': 0.91217}
val: {'epoch': 4, 'time_epoch': 0.07227, 'loss': 8.31111645, 'lr': 0, 'params': 276757, 'time_iter': 0.00516, 'accuracy': 0.05714, 'f1': 0.01176, 'auc': 0.71906}
test: {'epoch': 4, 'time_epoch': 0.07693, 'loss': 7.92816724, 'lr': 0, 'params': 276757, 'time_iter': 0.00549, 'accuracy': 0.04762, 'f1': 0.00444, 'auc': 0.60429}
> Epoch 4: took 2.0s (avg 2.1s) | Best so far: epoch 3	train_loss: 1.8389 train_accuracy: 0.3783	val_loss: 3.9397 val_accuracy: 0.1452	test_loss: 4.1516 test_accuracy: 0.0786	F1: 0.0294 Prec: 0.0392 Rec: 0.0786
train: {'epoch': 5, 'time_epoch': 1.73242, 'eta': 450.3623, 'eta_hours': 0.1251, 'loss': 1.68458633, 'lr': 0.00099901, 'params': 276757, 'time_iter': 0.0099, 'accuracy': 0.43065, 'f1': 0.42254, 'auc': 0.91989}
val: {'epoch': 5, 'time_epoch': 0.06418, 'loss': 4.21164189, 'lr': 0, 'params': 276757, 'time_iter': 0.00458, 'accuracy': 0.18095, 'f1': 0.07434, 'auc': 0.82736}
test: {'epoch': 5, 'time_epoch': 0.06291, 'loss': 3.84070832, 'lr': 0, 'params': 276757, 'time_iter': 0.00449, 'accuracy': 0.14048, 'f1': 0.05848, 'auc': 0.73151}
[*] Confusion Matrix saved to: results_lopo_none/GM_3m\Conf\confusion_matrix_epoch_5.png
> Epoch 5: took 1.9s (avg 2.1s) | Best so far: epoch 5	train_loss: 1.6846 train_accuracy: 0.4306	val_loss: 4.2116 val_accuracy: 0.1809	test_loss: 3.8407 test_accuracy: 0.1405	F1: 0.0585 Prec: 0.0447 Rec: 0.1405
train: {'epoch': 6, 'time_epoch': 1.75203, 'eta': 445.26333, 'eta_hours': 0.12368, 'loss': 1.61624574, 'lr': 0.00099858, 'params': 276757, 'time_iter': 0.01001, 'accuracy': 0.44642, 'f1': 0.43924, 'auc': 0.92721}
val: {'epoch': 6, 'time_epoch': 0.074, 'loss': 10.44565094, 'lr': 0, 'params': 276757, 'time_iter': 0.00529, 'accuracy': 0.04762, 'f1': 0.00455, 'auc': 0.61565}
test: {'epoch': 6, 'time_epoch': 0.06514, 'loss': 10.57188574, 'lr': 0, 'params': 276757, 'time_iter': 0.00465, 'accuracy': 0.05, 'f1': 0.00807, 'auc': 0.6034}
> Epoch 6: took 2.0s (avg 2.1s) | Best so far: epoch 5	train_loss: 1.6846 train_accuracy: 0.4306	val_loss: 4.2116 val_accuracy: 0.1809	test_loss: 3.8407 test_accuracy: 0.1405	F1: 0.0585 Prec: 0.0447 Rec: 0.1405
train: {'epoch': 7, 'time_epoch': 1.68255, 'eta': 438.89934, 'eta_hours': 0.12192, 'loss': 1.55978223, 'lr': 0.00099807, 'params': 276757, 'time_iter': 0.00961, 'accuracy': 0.46703, 'f1': 0.46208, 'auc': 0.93296}
val: {'epoch': 7, 'time_epoch': 0.10834, 'loss': 9.94350296, 'lr': 0, 'params': 276757, 'time_iter': 0.00774, 'accuracy': 0.08333, 'f1': 0.02282, 'auc': 0.75805}
test: {'epoch': 7, 'time_epoch': 0.07799, 'loss': 9.90354367, 'lr': 0, 'params': 276757, 'time_iter': 0.00557, 'accuracy': 0.05, 'f1': 0.00895, 'auc': 0.6373}
> Epoch 7: took 2.0s (avg 2.1s) | Best so far: epoch 5	train_loss: 1.6846 train_accuracy: 0.4306	val_loss: 4.2116 val_accuracy: 0.1809	test_loss: 3.8407 test_accuracy: 0.1405	F1: 0.0585 Prec: 0.0447 Rec: 0.1405
train: {'epoch': 8, 'time_epoch': 1.59426, 'eta': 431.21135, 'eta_hours': 0.11978, 'loss': 1.51619097, 'lr': 0.00099748, 'params': 276757, 'time_iter': 0.00911, 'accuracy': 0.48763, 'f1': 0.48276, 'auc': 0.93657}
val: {'epoch': 8, 'time_epoch': 0.06621, 'loss': 8.29138907, 'lr': 0, 'params': 276757, 'time_iter': 0.00473, 'accuracy': 0.09762, 'f1': 0.02016, 'auc': 0.78016}
test: {'epoch': 8, 'time_epoch': 0.07053, 'loss': 7.7711036, 'lr': 0, 'params': 276757, 'time_iter': 0.00504, 'accuracy': 0.09048, 'f1': 0.02454, 'auc': 0.64472}
> Epoch 8: took 1.8s (avg 2.0s) | Best so far: epoch 5	train_loss: 1.6846 train_accuracy: 0.4306	val_loss: 4.2116 val_accuracy: 0.1809	test_loss: 3.8407 test_accuracy: 0.1405	F1: 0.0585 Prec: 0.0447 Rec: 0.1405
train: {'epoch': 9, 'time_epoch': 1.69424, 'eta': 427.14161, 'eta_hours': 0.11865, 'loss': 1.45711209, 'lr': 0.00099681, 'params': 276757, 'time_iter': 0.00968, 'accuracy': 0.50753, 'f1': 0.50366, 'auc': 0.94126}
val: {'epoch': 9, 'time_epoch': 0.0677, 'loss': 9.47124364, 'lr': 0, 'params': 276757, 'time_iter': 0.00484, 'accuracy': 0.09524, 'f1': 0.01978, 'auc': 0.76664}
test: {'epoch': 9, 'time_epoch': 0.07151, 'loss': 8.42505496, 'lr': 0, 'params': 276757, 'time_iter': 0.00511, 'accuracy': 0.1, 'f1': 0.0364, 'auc': 0.6067}
> Epoch 9: took 1.9s (avg 2.0s) | Best so far: epoch 5	train_loss: 1.6846 train_accuracy: 0.4306	val_loss: 4.2116 val_accuracy: 0.1809	test_loss: 3.8407 test_accuracy: 0.1405	F1: 0.0585 Prec: 0.0447 Rec: 0.1405
train: {'epoch': 10, 'time_epoch': 1.67467, 'eta': 423.07871, 'eta_hours': 0.11752, 'loss': 1.45464688, 'lr': 0.00099606, 'params': 276757, 'time_iter': 0.00957, 'accuracy': 0.50591, 'f1': 0.50234, 'auc': 0.94178}
val: {'epoch': 10, 'time_epoch': 0.06394, 'loss': 7.50801125, 'lr': 0, 'params': 276757, 'time_iter': 0.00457, 'accuracy': 0.06429, 'f1': 0.0188, 'auc': 0.74442}
test: {'epoch': 10, 'time_epoch': 0.08721, 'loss': 7.23942521, 'lr': 0, 'params': 276757, 'time_iter': 0.00623, 'accuracy': 0.05238, 'f1': 0.00737, 'auc': 0.66082}
> Epoch 10: took 1.9s (avg 2.0s) | Best so far: epoch 5	train_loss: 1.6846 train_accuracy: 0.4306	val_loss: 4.2116 val_accuracy: 0.1809	test_loss: 3.8407 test_accuracy: 0.1405	F1: 0.0585 Prec: 0.0447 Rec: 0.1405
train: {'epoch': 11, 'time_epoch': 1.55219, 'eta': 416.98447, 'eta_hours': 0.11583, 'loss': 1.40432306, 'lr': 0.00099523, 'params': 276757, 'time_iter': 0.00887, 'accuracy': 0.52294, 'f1': 0.51878, 'auc': 0.94621}
val: {'epoch': 11, 'time_epoch': 0.06633, 'loss': 6.72262025, 'lr': 0, 'params': 276757, 'time_iter': 0.00474, 'accuracy': 0.09524, 'f1': 0.01922, 'auc': 0.8309}
test: {'epoch': 11, 'time_epoch': 0.06461, 'loss': 6.35462655, 'lr': 0, 'params': 276757, 'time_iter': 0.00461, 'accuracy': 0.06429, 'f1': 0.01115, 'auc': 0.69282}
> Epoch 11: took 1.8s (avg 2.0s) | Best so far: epoch 5	train_loss: 1.6846 train_accuracy: 0.4306	val_loss: 4.2116 val_accuracy: 0.1809	test_loss: 3.8407 test_accuracy: 0.1405	F1: 0.0585 Prec: 0.0447 Rec: 0.1405
train: {'epoch': 12, 'time_epoch': 1.75802, 'eta': 415.34161, 'eta_hours': 0.11537, 'loss': 1.35856566, 'lr': 0.00099433, 'params': 276757, 'time_iter': 0.01005, 'accuracy': 0.54928, 'f1': 0.5465, 'auc': 0.94896}
val: {'epoch': 12, 'time_epoch': 0.06937, 'loss': 10.5711587, 'lr': 0, 'params': 276757, 'time_iter': 0.00496, 'accuracy': 0.12619, 'f1': 0.04673, 'auc': 0.75863}
test: {'epoch': 12, 'time_epoch': 0.06678, 'loss': 10.31906314, 'lr': 0, 'params': 276757, 'time_iter': 0.00477, 'accuracy': 0.07857, 'f1': 0.02961, 'auc': 0.59012}
> Epoch 12: took 2.0s (avg 2.0s) | Best so far: epoch 5	train_loss: 1.6846 train_accuracy: 0.4306	val_loss: 4.2116 val_accuracy: 0.1809	test_loss: 3.8407 test_accuracy: 0.1405	F1: 0.0585 Prec: 0.0447 Rec: 0.1405
train: {'epoch': 13, 'time_epoch': 1.86546, 'eta': 415.49343, 'eta_hours': 0.11541, 'loss': 1.32287509, 'lr': 0.00099334, 'params': 276757, 'time_iter': 0.01066, 'accuracy': 0.55323, 'f1': 0.54988, 'auc': 0.95211}
val: {'epoch': 13, 'time_epoch': 0.06822, 'loss': 4.80312292, 'lr': 0, 'params': 276757, 'time_iter': 0.00487, 'accuracy': 0.16667, 'f1': 0.094, 'auc': 0.85148}
test: {'epoch': 13, 'time_epoch': 0.06899, 'loss': 4.82154744, 'lr': 0, 'params': 276757, 'time_iter': 0.00493, 'accuracy': 0.16667, 'f1': 0.09779, 'auc': 0.69656}
> Epoch 13: took 2.1s (avg 2.0s) | Best so far: epoch 5	train_loss: 1.6846 train_accuracy: 0.4306	val_loss: 4.2116 val_accuracy: 0.1809	test_loss: 3.8407 test_accuracy: 0.1405	F1: 0.0585 Prec: 0.0447 Rec: 0.1405
train: {'epoch': 14, 'time_epoch': 1.63503, 'eta': 411.76614, 'eta_hours': 0.11438, 'loss': 1.28477009, 'lr': 0.00099228, 'params': 276757, 'time_iter': 0.00934, 'accuracy': 0.56434, 'f1': 0.56172, 'auc': 0.95453}
val: {'epoch': 14, 'time_epoch': 0.08422, 'loss': 6.45617132, 'lr': 0, 'params': 276757, 'time_iter': 0.00602, 'accuracy': 0.12619, 'f1': 0.05979, 'auc': 0.8692}
test: {'epoch': 14, 'time_epoch': 0.07825, 'loss': 6.12999562, 'lr': 0, 'params': 276757, 'time_iter': 0.00559, 'accuracy': 0.11429, 'f1': 0.05565, 'auc': 0.68742}
> Epoch 14: took 1.9s (avg 2.0s) | Best so far: epoch 5	train_loss: 1.6846 train_accuracy: 0.4306	val_loss: 4.2116 val_accuracy: 0.1809	test_loss: 3.8407 test_accuracy: 0.1405	F1: 0.0585 Prec: 0.0447 Rec: 0.1405
train: {'epoch': 15, 'time_epoch': 2.01075, 'eta': 413.79526, 'eta_hours': 0.11494, 'loss': 1.27054697, 'lr': 0.00099114, 'params': 276757, 'time_iter': 0.01149, 'accuracy': 0.56774, 'f1': 0.56541, 'auc': 0.95621}
val: {'epoch': 15, 'time_epoch': 0.0755, 'loss': 9.29094848, 'lr': 0, 'params': 276757, 'time_iter': 0.00539, 'accuracy': 0.09524, 'f1': 0.01888, 'auc': 0.74885}
test: {'epoch': 15, 'time_epoch': 0.07981, 'loss': 8.91793836, 'lr': 0, 'params': 276757, 'time_iter': 0.0057, 'accuracy': 0.07857, 'f1': 0.02352, 'auc': 0.65002}
> Epoch 15: took 2.2s (avg 2.0s) | Best so far: epoch 5	train_loss: 1.6846 train_accuracy: 0.4306	val_loss: 4.2116 val_accuracy: 0.1809	test_loss: 3.8407 test_accuracy: 0.1405	F1: 0.0585 Prec: 0.0447 Rec: 0.1405
train: {'epoch': 16, 'time_epoch': 1.86929, 'eta': 413.41031, 'eta_hours': 0.11484, 'loss': 1.22124203, 'lr': 0.00098993, 'params': 276757, 'time_iter': 0.01068, 'accuracy': 0.58781, 'f1': 0.58585, 'auc': 0.95944}
val: {'epoch': 16, 'time_epoch': 0.07155, 'loss': 4.55582074, 'lr': 0, 'params': 276757, 'time_iter': 0.00511, 'accuracy': 0.18571, 'f1': 0.08883, 'auc': 0.87033}
test: {'epoch': 16, 'time_epoch': 0.07734, 'loss': 4.84200367, 'lr': 0, 'params': 276757, 'time_iter': 0.00552, 'accuracy': 0.10714, 'f1': 0.08139, 'auc': 0.74292}
[*] Confusion Matrix saved to: results_lopo_none/GM_3m\Conf\confusion_matrix_epoch_16.png
> Epoch 16: took 2.1s (avg 2.0s) | Best so far: epoch 16	train_loss: 1.2212 train_accuracy: 0.5878	val_loss: 4.5558 val_accuracy: 0.1857	test_loss: 4.8420 test_accuracy: 0.1071	F1: 0.0814 Prec: 0.1915 Rec: 0.1071
train: {'epoch': 17, 'time_epoch': 2.00168, 'eta': 414.56676, 'eta_hours': 0.11516, 'loss': 1.20193703, 'lr': 0.00098863, 'params': 276757, 'time_iter': 0.01144, 'accuracy': 0.59068, 'f1': 0.58889, 'auc': 0.96065}
val: {'epoch': 17, 'time_epoch': 0.07539, 'loss': 6.17222971, 'lr': 0, 'params': 276757, 'time_iter': 0.00539, 'accuracy': 0.14048, 'f1': 0.05162, 'auc': 0.8401}
test: {'epoch': 17, 'time_epoch': 0.08589, 'loss': 5.44663907, 'lr': 0, 'params': 276757, 'time_iter': 0.00613, 'accuracy': 0.11429, 'f1': 0.05446, 'auc': 0.68738}
> Epoch 17: took 2.3s (avg 2.0s) | Best so far: epoch 16	train_loss: 1.2212 train_accuracy: 0.5878	val_loss: 4.5558 val_accuracy: 0.1857	test_loss: 4.8420 test_accuracy: 0.1071	F1: 0.0814 Prec: 0.1915 Rec: 0.1071
train: {'epoch': 18, 'time_epoch': 1.97429, 'eta': 415.05784, 'eta_hours': 0.11529, 'loss': 1.20734474, 'lr': 0.00098726, 'params': 276757, 'time_iter': 0.01128, 'accuracy': 0.59642, 'f1': 0.59507, 'auc': 0.95999}
val: {'epoch': 18, 'time_epoch': 0.08909, 'loss': 6.63940502, 'lr': 0, 'params': 276757, 'time_iter': 0.00636, 'accuracy': 0.09762, 'f1': 0.03951, 'auc': 0.78051}
test: {'epoch': 18, 'time_epoch': 0.0793, 'loss': 7.71227708, 'lr': 0, 'params': 276757, 'time_iter': 0.00566, 'accuracy': 0.06667, 'f1': 0.0243, 'auc': 0.63914}
> Epoch 18: took 2.2s (avg 2.0s) | Best so far: epoch 16	train_loss: 1.2212 train_accuracy: 0.5878	val_loss: 4.5558 val_accuracy: 0.1857	test_loss: 4.8420 test_accuracy: 0.1071	F1: 0.0814 Prec: 0.1915 Rec: 0.1071
train: {'epoch': 19, 'time_epoch': 2.45813, 'eta': 420.86654, 'eta_hours': 0.11691, 'loss': 1.15965448, 'lr': 0.00098582, 'params': 276757, 'time_iter': 0.01405, 'accuracy': 0.61147, 'f1': 0.6097, 'auc': 0.96349}
val: {'epoch': 19, 'time_epoch': 0.07699, 'loss': 7.46377712, 'lr': 0, 'params': 276757, 'time_iter': 0.0055, 'accuracy': 0.11905, 'f1': 0.03459, 'auc': 0.88552}
test: {'epoch': 19, 'time_epoch': 0.06676, 'loss': 6.84656128, 'lr': 0, 'params': 276757, 'time_iter': 0.00477, 'accuracy': 0.10476, 'f1': 0.03655, 'auc': 0.69383}
> Epoch 19: took 2.7s (avg 2.1s) | Best so far: epoch 16	train_loss: 1.2212 train_accuracy: 0.5878	val_loss: 4.5558 val_accuracy: 0.1857	test_loss: 4.8420 test_accuracy: 0.1071	F1: 0.0814 Prec: 0.1915 Rec: 0.1071
train: {'epoch': 20, 'time_epoch': 2.0835, 'eta': 421.80259, 'eta_hours': 0.11717, 'loss': 1.12823722, 'lr': 0.00098429, 'params': 276757, 'time_iter': 0.01191, 'accuracy': 0.61631, 'f1': 0.61512, 'auc': 0.96521}
val: {'epoch': 20, 'time_epoch': 0.06329, 'loss': 4.54887364, 'lr': 0, 'params': 276757, 'time_iter': 0.00452, 'accuracy': 0.07381, 'f1': 0.02694, 'auc': 0.80951}
test: {'epoch': 20, 'time_epoch': 0.06338, 'loss': 4.12508702, 'lr': 0, 'params': 276757, 'time_iter': 0.00453, 'accuracy': 0.14286, 'f1': 0.08341, 'auc': 0.7378}
> Epoch 20: took 2.3s (avg 2.1s) | Best so far: epoch 16	train_loss: 1.2212 train_accuracy: 0.5878	val_loss: 4.5558 val_accuracy: 0.1857	test_loss: 4.8420 test_accuracy: 0.1071	F1: 0.0814 Prec: 0.1915 Rec: 0.1071
train: {'epoch': 21, 'time_epoch': 2.05254, 'eta': 422.14332, 'eta_hours': 0.11726, 'loss': 1.11274826, 'lr': 0.00098269, 'params': 276757, 'time_iter': 0.01173, 'accuracy': 0.6181, 'f1': 0.61696, 'auc': 0.96659}
val: {'epoch': 21, 'time_epoch': 0.07524, 'loss': 11.83020247, 'lr': 0, 'params': 276757, 'time_iter': 0.00537, 'accuracy': 0.04762, 'f1': 0.00433, 'auc': 0.70439}
test: {'epoch': 21, 'time_epoch': 0.06742, 'loss': 11.12993678, 'lr': 0, 'params': 276757, 'time_iter': 0.00482, 'accuracy': 0.04762, 'f1': 0.00444, 'auc': 0.63424}
> Epoch 21: took 2.3s (avg 2.1s) | Best so far: epoch 16	train_loss: 1.2212 train_accuracy: 0.5878	val_loss: 4.5558 val_accuracy: 0.1857	test_loss: 4.8420 test_accuracy: 0.1071	F1: 0.0814 Prec: 0.1915 Rec: 0.1071
train: {'epoch': 22, 'time_epoch': 1.89296, 'eta': 420.701, 'eta_hours': 0.11686, 'loss': 1.07112884, 'lr': 0.00098101, 'params': 276757, 'time_iter': 0.01082, 'accuracy': 0.63674, 'f1': 0.6353, 'auc': 0.96935}
val: {'epoch': 22, 'time_epoch': 0.09891, 'loss': 10.56736715, 'lr': 0, 'params': 276757, 'time_iter': 0.00707, 'accuracy': 0.08333, 'f1': 0.02284, 'auc': 0.75827}
test: {'epoch': 22, 'time_epoch': 0.07903, 'loss': 10.25674443, 'lr': 0, 'params': 276757, 'time_iter': 0.00564, 'accuracy': 0.05238, 'f1': 0.03247, 'auc': 0.61176}
> Epoch 22: took 2.2s (avg 2.1s) | Best so far: epoch 16	train_loss: 1.2212 train_accuracy: 0.5878	val_loss: 4.5558 val_accuracy: 0.1857	test_loss: 4.8420 test_accuracy: 0.1071	F1: 0.0814 Prec: 0.1915 Rec: 0.1071
train: {'epoch': 23, 'time_epoch': 1.614, 'eta': 416.59422, 'eta_hours': 0.11572, 'loss': 1.05581849, 'lr': 0.00097926, 'params': 276757, 'time_iter': 0.00922, 'accuracy': 0.64642, 'f1': 0.64519, 'auc': 0.96963}
val: {'epoch': 23, 'time_epoch': 0.06307, 'loss': 10.15015607, 'lr': 0, 'params': 276757, 'time_iter': 0.0045, 'accuracy': 0.10476, 'f1': 0.02514, 'auc': 0.82773}
test: {'epoch': 23, 'time_epoch': 0.069, 'loss': 8.90100765, 'lr': 0, 'params': 276757, 'time_iter': 0.00493, 'accuracy': 0.09048, 'f1': 0.02053, 'auc': 0.65461}
> Epoch 23: took 1.8s (avg 2.1s) | Best so far: epoch 16	train_loss: 1.2212 train_accuracy: 0.5878	val_loss: 4.5558 val_accuracy: 0.1857	test_loss: 4.8420 test_accuracy: 0.1071	F1: 0.0814 Prec: 0.1915 Rec: 0.1071
train: {'epoch': 24, 'time_epoch': 1.7475, 'eta': 413.88831, 'eta_hours': 0.11497, 'loss': 1.05814245, 'lr': 0.00097743, 'params': 276757, 'time_iter': 0.00999, 'accuracy': 0.64319, 'f1': 0.64199, 'auc': 0.96974}
val: {'epoch': 24, 'time_epoch': 0.06769, 'loss': 10.71002889, 'lr': 0, 'params': 276757, 'time_iter': 0.00483, 'accuracy': 0.10952, 'f1': 0.03221, 'auc': 0.79092}
test: {'epoch': 24, 'time_epoch': 0.07911, 'loss': 10.52311274, 'lr': 0, 'params': 276757, 'time_iter': 0.00565, 'accuracy': 0.07857, 'f1': 0.01462, 'auc': 0.63571}
> Epoch 24: took 2.0s (avg 2.1s) | Best so far: epoch 16	train_loss: 1.2212 train_accuracy: 0.5878	val_loss: 4.5558 val_accuracy: 0.1857	test_loss: 4.8420 test_accuracy: 0.1071	F1: 0.0814 Prec: 0.1915 Rec: 0.1071
train: {'epoch': 25, 'time_epoch': 1.75191, 'eta': 411.2942, 'eta_hours': 0.11425, 'loss': 1.02899902, 'lr': 0.00097553, 'params': 276757, 'time_iter': 0.01001, 'accuracy': 0.6552, 'f1': 0.65412, 'auc': 0.97167}
val: {'epoch': 25, 'time_epoch': 0.06938, 'loss': 9.41018873, 'lr': 0, 'params': 276757, 'time_iter': 0.00496, 'accuracy': 0.12857, 'f1': 0.03465, 'auc': 0.79074}
test: {'epoch': 25, 'time_epoch': 0.06756, 'loss': 8.70097023, 'lr': 0, 'params': 276757, 'time_iter': 0.00483, 'accuracy': 0.10238, 'f1': 0.06092, 'auc': 0.6621}
> Epoch 25: took 2.0s (avg 2.1s) | Best so far: epoch 16	train_loss: 1.2212 train_accuracy: 0.5878	val_loss: 4.5558 val_accuracy: 0.1857	test_loss: 4.8420 test_accuracy: 0.1071	F1: 0.0814 Prec: 0.1915 Rec: 0.1071
train: {'epoch': 26, 'time_epoch': 1.53742, 'eta': 406.99087, 'eta_hours': 0.11305, 'loss': 1.02412368, 'lr': 0.00097355, 'params': 276757, 'time_iter': 0.00879, 'accuracy': 0.65, 'f1': 0.6485, 'auc': 0.97179}
val: {'epoch': 26, 'time_epoch': 0.07576, 'loss': 10.04913652, 'lr': 0, 'params': 276757, 'time_iter': 0.00541, 'accuracy': 0.0619, 'f1': 0.01682, 'auc': 0.66285}
test: {'epoch': 26, 'time_epoch': 0.08142, 'loss': 9.79996307, 'lr': 0, 'params': 276757, 'time_iter': 0.00582, 'accuracy': 0.06905, 'f1': 0.03133, 'auc': 0.63299}
> Epoch 26: took 1.8s (avg 2.1s) | Best so far: epoch 16	train_loss: 1.2212 train_accuracy: 0.5878	val_loss: 4.5558 val_accuracy: 0.1857	test_loss: 4.8420 test_accuracy: 0.1071	F1: 0.0814 Prec: 0.1915 Rec: 0.1071
train: {'epoch': 27, 'time_epoch': 1.79127, 'eta': 404.89778, 'eta_hours': 0.11247, 'loss': 1.01642857, 'lr': 0.0009715, 'params': 276757, 'time_iter': 0.01024, 'accuracy': 0.65663, 'f1': 0.65607, 'auc': 0.97235}
val: {'epoch': 27, 'time_epoch': 0.06544, 'loss': 10.27052316, 'lr': 0, 'params': 276757, 'time_iter': 0.00467, 'accuracy': 0.07619, 'f1': 0.03673, 'auc': 0.75596}
test: {'epoch': 27, 'time_epoch': 0.06436, 'loss': 10.49457625, 'lr': 0, 'params': 276757, 'time_iter': 0.0046, 'accuracy': 0.05238, 'f1': 0.01335, 'auc': 0.64433}
> Epoch 27: took 2.0s (avg 2.1s) | Best so far: epoch 16	train_loss: 1.2212 train_accuracy: 0.5878	val_loss: 4.5558 val_accuracy: 0.1857	test_loss: 4.8420 test_accuracy: 0.1071	F1: 0.0814 Prec: 0.1915 Rec: 0.1071
train: {'epoch': 28, 'time_epoch': 1.67457, 'eta': 401.9362, 'eta_hours': 0.11165, 'loss': 0.97593938, 'lr': 0.00096937, 'params': 276757, 'time_iter': 0.00957, 'accuracy': 0.67079, 'f1': 0.66987, 'auc': 0.97399}
val: {'epoch': 28, 'time_epoch': 0.06713, 'loss': 5.84874869, 'lr': 0, 'params': 276757, 'time_iter': 0.00479, 'accuracy': 0.11429, 'f1': 0.06527, 'auc': 0.73504}
test: {'epoch': 28, 'time_epoch': 0.06443, 'loss': 7.38465381, 'lr': 0, 'params': 276757, 'time_iter': 0.0046, 'accuracy': 0.07381, 'f1': 0.03514, 'auc': 0.65555}
> Epoch 28: took 1.9s (avg 2.1s) | Best so far: epoch 16	train_loss: 1.2212 train_accuracy: 0.5878	val_loss: 4.5558 val_accuracy: 0.1857	test_loss: 4.8420 test_accuracy: 0.1071	F1: 0.0814 Prec: 0.1915 Rec: 0.1071
train: {'epoch': 29, 'time_epoch': 1.6737, 'eta': 399.05406, 'eta_hours': 0.11085, 'loss': 0.9628977, 'lr': 0.00096716, 'params': 276757, 'time_iter': 0.00956, 'accuracy': 0.67527, 'f1': 0.67412, 'auc': 0.97478}
val: {'epoch': 29, 'time_epoch': 0.07949, 'loss': 8.19419749, 'lr': 0, 'params': 276757, 'time_iter': 0.00568, 'accuracy': 0.13333, 'f1': 0.05996, 'auc': 0.77114}
test: {'epoch': 29, 'time_epoch': 0.06866, 'loss': 6.99312518, 'lr': 0, 'params': 276757, 'time_iter': 0.0049, 'accuracy': 0.08333, 'f1': 0.04434, 'auc': 0.6538}
> Epoch 29: took 1.9s (avg 2.0s) | Best so far: epoch 16	train_loss: 1.2212 train_accuracy: 0.5878	val_loss: 4.5558 val_accuracy: 0.1857	test_loss: 4.8420 test_accuracy: 0.1071	F1: 0.0814 Prec: 0.1915 Rec: 0.1071
train: {'epoch': 30, 'time_epoch': 1.72688, 'eta': 396.62554, 'eta_hours': 0.11017, 'loss': 0.93613541, 'lr': 0.00096489, 'params': 276757, 'time_iter': 0.00987, 'accuracy': 0.68262, 'f1': 0.68179, 'auc': 0.97629}
val: {'epoch': 30, 'time_epoch': 0.06495, 'loss': 5.83438192, 'lr': 0, 'params': 276757, 'time_iter': 0.00464, 'accuracy': 0.13095, 'f1': 0.05952, 'auc': 0.8529}
test: {'epoch': 30, 'time_epoch': 0.11161, 'loss': 6.78097769, 'lr': 0, 'params': 276757, 'time_iter': 0.00797, 'accuracy': 0.09048, 'f1': 0.07751, 'auc': 0.64593}
> Epoch 30: took 2.0s (avg 2.0s) | Best so far: epoch 16	train_loss: 1.2212 train_accuracy: 0.5878	val_loss: 4.5558 val_accuracy: 0.1857	test_loss: 4.8420 test_accuracy: 0.1071	F1: 0.0814 Prec: 0.1915 Rec: 0.1071
train: {'epoch': 31, 'time_epoch': 1.72031, 'eta': 394.19614, 'eta_hours': 0.1095, 'loss': 0.96350706, 'lr': 0.00096254, 'params': 276757, 'time_iter': 0.00983, 'accuracy': 0.67401, 'f1': 0.67327, 'auc': 0.97471}
val: {'epoch': 31, 'time_epoch': 0.08263, 'loss': 10.48950484, 'lr': 0, 'params': 276757, 'time_iter': 0.0059, 'accuracy': 0.1, 'f1': 0.02949, 'auc': 0.80029}
test: {'epoch': 31, 'time_epoch': 0.10779, 'loss': 9.98529545, 'lr': 0, 'params': 276757, 'time_iter': 0.0077, 'accuracy': 0.08333, 'f1': 0.02962, 'auc': 0.64138}
> Epoch 31: took 2.0s (avg 2.0s) | Best so far: epoch 16	train_loss: 1.2212 train_accuracy: 0.5878	val_loss: 4.5558 val_accuracy: 0.1857	test_loss: 4.8420 test_accuracy: 0.1071	F1: 0.0814 Prec: 0.1915 Rec: 0.1071
train: {'epoch': 32, 'time_epoch': 1.8084, 'eta': 392.38898, 'eta_hours': 0.109, 'loss': 0.947022, 'lr': 0.00096012, 'params': 276757, 'time_iter': 0.01033, 'accuracy': 0.67509, 'f1': 0.67426, 'auc': 0.97608}
val: {'epoch': 32, 'time_epoch': 0.06856, 'loss': 12.3852278, 'lr': 0, 'params': 276757, 'time_iter': 0.0049, 'accuracy': 0.08095, 'f1': 0.03223, 'auc': 0.78134}
test: {'epoch': 32, 'time_epoch': 0.0755, 'loss': 11.00006111, 'lr': 0, 'params': 276757, 'time_iter': 0.00539, 'accuracy': 0.05238, 'f1': 0.01276, 'auc': 0.61363}
> Epoch 32: took 2.0s (avg 2.0s) | Best so far: epoch 16	train_loss: 1.2212 train_accuracy: 0.5878	val_loss: 4.5558 val_accuracy: 0.1857	test_loss: 4.8420 test_accuracy: 0.1071	F1: 0.0814 Prec: 0.1915 Rec: 0.1071
train: {'epoch': 33, 'time_epoch': 1.80179, 'eta': 390.53972, 'eta_hours': 0.10848, 'loss': 0.91487186, 'lr': 0.00095762, 'params': 276757, 'time_iter': 0.0103, 'accuracy': 0.6871, 'f1': 0.68662, 'auc': 0.97752}
val: {'epoch': 33, 'time_epoch': 0.06929, 'loss': 5.61140924, 'lr': 0, 'params': 276757, 'time_iter': 0.00495, 'accuracy': 0.11905, 'f1': 0.04959, 'auc': 0.79929}
test: {'epoch': 33, 'time_epoch': 0.07091, 'loss': 6.12465286, 'lr': 0, 'params': 276757, 'time_iter': 0.00507, 'accuracy': 0.11429, 'f1': 0.05607, 'auc': 0.69975}
> Epoch 33: took 2.0s (avg 2.0s) | Best so far: epoch 16	train_loss: 1.2212 train_accuracy: 0.5878	val_loss: 4.5558 val_accuracy: 0.1857	test_loss: 4.8420 test_accuracy: 0.1071	F1: 0.0814 Prec: 0.1915 Rec: 0.1071
train: {'epoch': 34, 'time_epoch': 1.91252, 'eta': 389.37336, 'eta_hours': 0.10816, 'loss': 0.8929547, 'lr': 0.00095505, 'params': 276757, 'time_iter': 0.01093, 'accuracy': 0.69892, 'f1': 0.69823, 'auc': 0.97865}
val: {'epoch': 34, 'time_epoch': 0.08377, 'loss': 10.03902054, 'lr': 0, 'params': 276757, 'time_iter': 0.00598, 'accuracy': 0.07381, 'f1': 0.02445, 'auc': 0.73976}
test: {'epoch': 34, 'time_epoch': 0.06276, 'loss': 10.46158166, 'lr': 0, 'params': 276757, 'time_iter': 0.00448, 'accuracy': 0.0619, 'f1': 0.02892, 'auc': 0.65158}
> Epoch 34: took 2.1s (avg 2.0s) | Best so far: epoch 16	train_loss: 1.2212 train_accuracy: 0.5878	val_loss: 4.5558 val_accuracy: 0.1857	test_loss: 4.8420 test_accuracy: 0.1071	F1: 0.0814 Prec: 0.1915 Rec: 0.1071
train: {'epoch': 35, 'time_epoch': 1.96349, 'eta': 388.46857, 'eta_hours': 0.10791, 'loss': 0.90887172, 'lr': 0.00095241, 'params': 276757, 'time_iter': 0.01122, 'accuracy': 0.69427, 'f1': 0.69359, 'auc': 0.97747}
val: {'epoch': 35, 'time_epoch': 0.06875, 'loss': 10.75007083, 'lr': 0, 'params': 276757, 'time_iter': 0.00491, 'accuracy': 0.06429, 'f1': 0.01542, 'auc': 0.75512}
test: {'epoch': 35, 'time_epoch': 0.06967, 'loss': 9.17268808, 'lr': 0, 'params': 276757, 'time_iter': 0.00498, 'accuracy': 0.05952, 'f1': 0.01865, 'auc': 0.65208}
> Epoch 35: took 2.2s (avg 2.0s) | Best so far: epoch 16	train_loss: 1.2212 train_accuracy: 0.5878	val_loss: 4.5558 val_accuracy: 0.1857	test_loss: 4.8420 test_accuracy: 0.1071	F1: 0.0814 Prec: 0.1915 Rec: 0.1071
train: {'epoch': 36, 'time_epoch': 2.03144, 'eta': 387.8977, 'eta_hours': 0.10775, 'loss': 0.87238927, 'lr': 0.0009497, 'params': 276757, 'time_iter': 0.01161, 'accuracy': 0.71057, 'f1': 0.71028, 'auc': 0.97963}
val: {'epoch': 36, 'time_epoch': 0.06349, 'loss': 6.74601105, 'lr': 0, 'params': 276757, 'time_iter': 0.00453, 'accuracy': 0.13571, 'f1': 0.04787, 'auc': 0.85872}
test: {'epoch': 36, 'time_epoch': 0.06992, 'loss': 6.28728415, 'lr': 0, 'params': 276757, 'time_iter': 0.00499, 'accuracy': 0.17619, 'f1': 0.08421, 'auc': 0.70476}
> Epoch 36: took 2.2s (avg 2.1s) | Best so far: epoch 16	train_loss: 1.2212 train_accuracy: 0.5878	val_loss: 4.5558 val_accuracy: 0.1857	test_loss: 4.8420 test_accuracy: 0.1071	F1: 0.0814 Prec: 0.1915 Rec: 0.1071
train: {'epoch': 37, 'time_epoch': 2.15196, 'eta': 387.92233, 'eta_hours': 0.10776, 'loss': 0.89404013, 'lr': 0.00094692, 'params': 276757, 'time_iter': 0.0123, 'accuracy': 0.7, 'f1': 0.69923, 'auc': 0.97817}
val: {'epoch': 37, 'time_epoch': 0.06953, 'loss': 9.61234753, 'lr': 0, 'params': 276757, 'time_iter': 0.00497, 'accuracy': 0.07619, 'f1': 0.01927, 'auc': 0.79554}
test: {'epoch': 37, 'time_epoch': 0.0647, 'loss': 9.08048014, 'lr': 0, 'params': 276757, 'time_iter': 0.00462, 'accuracy': 0.07143, 'f1': 0.02078, 'auc': 0.65924}
> Epoch 37: took 2.4s (avg 2.1s) | Best so far: epoch 16	train_loss: 1.2212 train_accuracy: 0.5878	val_loss: 4.5558 val_accuracy: 0.1857	test_loss: 4.8420 test_accuracy: 0.1071	F1: 0.0814 Prec: 0.1915 Rec: 0.1071
train: {'epoch': 38, 'time_epoch': 1.91643, 'eta': 386.56107, 'eta_hours': 0.10738, 'loss': 0.8250677, 'lr': 0.00094407, 'params': 276757, 'time_iter': 0.01095, 'accuracy': 0.73118, 'f1': 0.7306, 'auc': 0.98123}
val: {'epoch': 38, 'time_epoch': 0.0704, 'loss': 7.92750449, 'lr': 0, 'params': 276757, 'time_iter': 0.00503, 'accuracy': 0.11667, 'f1': 0.041, 'auc': 0.80333}
test: {'epoch': 38, 'time_epoch': 0.09662, 'loss': 7.8833347, 'lr': 0, 'params': 276757, 'time_iter': 0.0069, 'accuracy': 0.09286, 'f1': 0.03237, 'auc': 0.6896}
> Epoch 38: took 2.2s (avg 2.1s) | Best so far: epoch 16	train_loss: 1.2212 train_accuracy: 0.5878	val_loss: 4.5558 val_accuracy: 0.1857	test_loss: 4.8420 test_accuracy: 0.1071	F1: 0.0814 Prec: 0.1915 Rec: 0.1071
train: {'epoch': 39, 'time_epoch': 1.74961, 'eta': 384.29624, 'eta_hours': 0.10675, 'loss': 0.81702247, 'lr': 0.00094115, 'params': 276757, 'time_iter': 0.01, 'accuracy': 0.73082, 'f1': 0.73014, 'auc': 0.98182}
val: {'epoch': 39, 'time_epoch': 0.06603, 'loss': 7.67461984, 'lr': 0, 'params': 276757, 'time_iter': 0.00472, 'accuracy': 0.13095, 'f1': 0.04052, 'auc': 0.79796}
test: {'epoch': 39, 'time_epoch': 0.07321, 'loss': 7.22104103, 'lr': 0, 'params': 276757, 'time_iter': 0.00523, 'accuracy': 0.10476, 'f1': 0.06646, 'auc': 0.67905}
> Epoch 39: took 2.0s (avg 2.1s) | Best so far: epoch 16	train_loss: 1.2212 train_accuracy: 0.5878	val_loss: 4.5558 val_accuracy: 0.1857	test_loss: 4.8420 test_accuracy: 0.1071	F1: 0.0814 Prec: 0.1915 Rec: 0.1071
train: {'epoch': 40, 'time_epoch': 1.89037, 'eta': 382.77409, 'eta_hours': 0.10633, 'loss': 0.81834551, 'lr': 0.00093815, 'params': 276757, 'time_iter': 0.0108, 'accuracy': 0.72509, 'f1': 0.72458, 'auc': 0.98162}
val: {'epoch': 40, 'time_epoch': 0.11527, 'loss': 10.4483231, 'lr': 0, 'params': 276757, 'time_iter': 0.00823, 'accuracy': 0.12857, 'f1': 0.05206, 'auc': 0.76732}
test: {'epoch': 40, 'time_epoch': 0.11882, 'loss': 9.71586647, 'lr': 0, 'params': 276757, 'time_iter': 0.00849, 'accuracy': 0.0881, 'f1': 0.02986, 'auc': 0.6756}
> Epoch 40: took 2.2s (avg 2.1s) | Best so far: epoch 16	train_loss: 1.2212 train_accuracy: 0.5878	val_loss: 4.5558 val_accuracy: 0.1857	test_loss: 4.8420 test_accuracy: 0.1071	F1: 0.0814 Prec: 0.1915 Rec: 0.1071
train: {'epoch': 41, 'time_epoch': 1.83653, 'eta': 380.96777, 'eta_hours': 0.10582, 'loss': 0.8031192, 'lr': 0.00093509, 'params': 276757, 'time_iter': 0.01049, 'accuracy': 0.73082, 'f1': 0.73049, 'auc': 0.98249}
val: {'epoch': 41, 'time_epoch': 0.06459, 'loss': 7.26162392, 'lr': 0, 'params': 276757, 'time_iter': 0.00461, 'accuracy': 0.13333, 'f1': 0.05475, 'auc': 0.81817}
test: {'epoch': 41, 'time_epoch': 0.06567, 'loss': 6.04351622, 'lr': 0, 'params': 276757, 'time_iter': 0.00469, 'accuracy': 0.14048, 'f1': 0.06056, 'auc': 0.69793}
> Epoch 41: took 2.1s (avg 2.1s) | Best so far: epoch 16	train_loss: 1.2212 train_accuracy: 0.5878	val_loss: 4.5558 val_accuracy: 0.1857	test_loss: 4.8420 test_accuracy: 0.1071	F1: 0.0814 Prec: 0.1915 Rec: 0.1071
train: {'epoch': 42, 'time_epoch': 1.6563, 'eta': 378.29242, 'eta_hours': 0.10508, 'loss': 0.80625994, 'lr': 0.00093196, 'params': 276757, 'time_iter': 0.00946, 'accuracy': 0.73262, 'f1': 0.73243, 'auc': 0.9822}
val: {'epoch': 42, 'time_epoch': 0.07044, 'loss': 10.02664269, 'lr': 0, 'params': 276757, 'time_iter': 0.00503, 'accuracy': 0.13095, 'f1': 0.05646, 'auc': 0.85182}
test: {'epoch': 42, 'time_epoch': 0.07469, 'loss': 8.96952438, 'lr': 0, 'params': 276757, 'time_iter': 0.00533, 'accuracy': 0.08095, 'f1': 0.04116, 'auc': 0.69149}
> Epoch 42: took 1.9s (avg 2.1s) | Best so far: epoch 16	train_loss: 1.2212 train_accuracy: 0.5878	val_loss: 4.5558 val_accuracy: 0.1857	test_loss: 4.8420 test_accuracy: 0.1071	F1: 0.0814 Prec: 0.1915 Rec: 0.1071
train: {'epoch': 43, 'time_epoch': 1.85319, 'eta': 376.58518, 'eta_hours': 0.10461, 'loss': 0.79671063, 'lr': 0.00092876, 'params': 276757, 'time_iter': 0.01059, 'accuracy': 0.73799, 'f1': 0.73742, 'auc': 0.98279}
val: {'epoch': 43, 'time_epoch': 0.06451, 'loss': 7.01022243, 'lr': 0, 'params': 276757, 'time_iter': 0.00461, 'accuracy': 0.13571, 'f1': 0.0635, 'auc': 0.86067}
test: {'epoch': 43, 'time_epoch': 0.06879, 'loss': 6.2899334, 'lr': 0, 'params': 276757, 'time_iter': 0.00491, 'accuracy': 0.13571, 'f1': 0.06691, 'auc': 0.71633}
> Epoch 43: took 2.1s (avg 2.1s) | Best so far: epoch 16	train_loss: 1.2212 train_accuracy: 0.5878	val_loss: 4.5558 val_accuracy: 0.1857	test_loss: 4.8420 test_accuracy: 0.1071	F1: 0.0814 Prec: 0.1915 Rec: 0.1071
train: {'epoch': 44, 'time_epoch': 1.7159, 'eta': 374.24602, 'eta_hours': 0.10396, 'loss': 0.80928142, 'lr': 0.0009255, 'params': 276757, 'time_iter': 0.00981, 'accuracy': 0.72867, 'f1': 0.72833, 'auc': 0.98198}
val: {'epoch': 44, 'time_epoch': 0.12293, 'loss': 11.60022855, 'lr': 0, 'params': 276757, 'time_iter': 0.00878, 'accuracy': 0.04762, 'f1': 0.00641, 'auc': 0.66571}
test: {'epoch': 44, 'time_epoch': 0.07407, 'loss': 11.57804796, 'lr': 0, 'params': 276757, 'time_iter': 0.00529, 'accuracy': 0.05476, 'f1': 0.01078, 'auc': 0.65104}
> Epoch 44: took 2.0s (avg 2.1s) | Best so far: epoch 16	train_loss: 1.2212 train_accuracy: 0.5878	val_loss: 4.5558 val_accuracy: 0.1857	test_loss: 4.8420 test_accuracy: 0.1071	F1: 0.0814 Prec: 0.1915 Rec: 0.1071
train: {'epoch': 45, 'time_epoch': 1.76228, 'eta': 372.13967, 'eta_hours': 0.10337, 'loss': 0.79598823, 'lr': 0.00092216, 'params': 276757, 'time_iter': 0.01007, 'accuracy': 0.73369, 'f1': 0.73324, 'auc': 0.98275}
val: {'epoch': 45, 'time_epoch': 0.06407, 'loss': 6.57528686, 'lr': 0, 'params': 276757, 'time_iter': 0.00458, 'accuracy': 0.12857, 'f1': 0.04439, 'auc': 0.83289}
test: {'epoch': 45, 'time_epoch': 0.07557, 'loss': 6.36578705, 'lr': 0, 'params': 276757, 'time_iter': 0.0054, 'accuracy': 0.08095, 'f1': 0.02603, 'auc': 0.68371}
> Epoch 45: took 2.0s (avg 2.1s) | Best so far: epoch 16	train_loss: 1.2212 train_accuracy: 0.5878	val_loss: 4.5558 val_accuracy: 0.1857	test_loss: 4.8420 test_accuracy: 0.1071	F1: 0.0814 Prec: 0.1915 Rec: 0.1071
train: {'epoch': 46, 'time_epoch': 1.66958, 'eta': 369.64755, 'eta_hours': 0.10268, 'loss': 0.77655782, 'lr': 0.00091876, 'params': 276757, 'time_iter': 0.00954, 'accuracy': 0.74247, 'f1': 0.74216, 'auc': 0.98346}
val: {'epoch': 46, 'time_epoch': 0.10667, 'loss': 12.03628583, 'lr': 0, 'params': 276757, 'time_iter': 0.00762, 'accuracy': 0.10238, 'f1': 0.02894, 'auc': 0.76529}
test: {'epoch': 46, 'time_epoch': 0.07478, 'loss': 11.05156777, 'lr': 0, 'params': 276757, 'time_iter': 0.00534, 'accuracy': 0.07381, 'f1': 0.02497, 'auc': 0.61152}
> Epoch 46: took 2.0s (avg 2.1s) | Best so far: epoch 16	train_loss: 1.2212 train_accuracy: 0.5878	val_loss: 4.5558 val_accuracy: 0.1857	test_loss: 4.8420 test_accuracy: 0.1071	F1: 0.0814 Prec: 0.1915 Rec: 0.1071
train: {'epoch': 47, 'time_epoch': 1.91432, 'eta': 368.21968, 'eta_hours': 0.10228, 'loss': 0.76126285, 'lr': 0.0009153, 'params': 276757, 'time_iter': 0.01094, 'accuracy': 0.74283, 'f1': 0.74247, 'auc': 0.98421}
val: {'epoch': 47, 'time_epoch': 0.07003, 'loss': 8.80401158, 'lr': 0, 'params': 276757, 'time_iter': 0.005, 'accuracy': 0.10238, 'f1': 0.0376, 'auc': 0.78054}
test: {'epoch': 47, 'time_epoch': 0.06714, 'loss': 8.30004968, 'lr': 0, 'params': 276757, 'time_iter': 0.0048, 'accuracy': 0.05952, 'f1': 0.04621, 'auc': 0.66467}
> Epoch 47: took 2.1s (avg 2.1s) | Best so far: epoch 16	train_loss: 1.2212 train_accuracy: 0.5878	val_loss: 4.5558 val_accuracy: 0.1857	test_loss: 4.8420 test_accuracy: 0.1071	F1: 0.0814 Prec: 0.1915 Rec: 0.1071
train: {'epoch': 48, 'time_epoch': 1.78386, 'eta': 366.23681, 'eta_hours': 0.10173, 'loss': 0.75446029, 'lr': 0.00091177, 'params': 276757, 'time_iter': 0.01019, 'accuracy': 0.74892, 'f1': 0.74825, 'auc': 0.98443}
val: {'epoch': 48, 'time_epoch': 0.06924, 'loss': 9.90015104, 'lr': 0, 'params': 276757, 'time_iter': 0.00495, 'accuracy': 0.10714, 'f1': 0.03195, 'auc': 0.80711}
test: {'epoch': 48, 'time_epoch': 0.06686, 'loss': 9.45600322, 'lr': 0, 'params': 276757, 'time_iter': 0.00478, 'accuracy': 0.09048, 'f1': 0.04031, 'auc': 0.66941}
> Epoch 48: took 2.0s (avg 2.1s) | Best so far: epoch 16	train_loss: 1.2212 train_accuracy: 0.5878	val_loss: 4.5558 val_accuracy: 0.1857	test_loss: 4.8420 test_accuracy: 0.1071	F1: 0.0814 Prec: 0.1915 Rec: 0.1071
train: {'epoch': 49, 'time_epoch': 1.82619, 'eta': 364.43121, 'eta_hours': 0.10123, 'loss': 0.73560118, 'lr': 0.00090817, 'params': 276757, 'time_iter': 0.01044, 'accuracy': 0.75143, 'f1': 0.75086, 'auc': 0.98537}
val: {'epoch': 49, 'time_epoch': 0.09236, 'loss': 6.19985337, 'lr': 0, 'params': 276757, 'time_iter': 0.0066, 'accuracy': 0.12857, 'f1': 0.07263, 'auc': 0.83736}
test: {'epoch': 49, 'time_epoch': 0.0837, 'loss': 5.43248245, 'lr': 0, 'params': 276757, 'time_iter': 0.00598, 'accuracy': 0.10952, 'f1': 0.07212, 'auc': 0.73777}
> Epoch 49: took 2.1s (avg 2.1s) | Best so far: epoch 16	train_loss: 1.2212 train_accuracy: 0.5878	val_loss: 4.5558 val_accuracy: 0.1857	test_loss: 4.8420 test_accuracy: 0.1071	F1: 0.0814 Prec: 0.1915 Rec: 0.1071
train: {'epoch': 50, 'time_epoch': 2.00089, 'eta': 363.30646, 'eta_hours': 0.10092, 'loss': 0.71936899, 'lr': 0.00090451, 'params': 276757, 'time_iter': 0.01143, 'accuracy': 0.76022, 'f1': 0.7602, 'auc': 0.98589}
val: {'epoch': 50, 'time_epoch': 0.07651, 'loss': 12.92142323, 'lr': 0, 'params': 276757, 'time_iter': 0.00547, 'accuracy': 0.05, 'f1': 0.00887, 'auc': 0.74505}
test: {'epoch': 50, 'time_epoch': 0.0727, 'loss': 11.77820416, 'lr': 0, 'params': 276757, 'time_iter': 0.00519, 'accuracy': 0.05238, 'f1': 0.01132, 'auc': 0.63459}
> Epoch 50: took 2.2s (avg 2.1s) | Best so far: epoch 16	train_loss: 1.2212 train_accuracy: 0.5878	val_loss: 4.5558 val_accuracy: 0.1857	test_loss: 4.8420 test_accuracy: 0.1071	F1: 0.0814 Prec: 0.1915 Rec: 0.1071
train: {'epoch': 51, 'time_epoch': 1.89687, 'eta': 361.75193, 'eta_hours': 0.10049, 'loss': 0.72422093, 'lr': 0.00090078, 'params': 276757, 'time_iter': 0.01084, 'accuracy': 0.75753, 'f1': 0.75709, 'auc': 0.98573}
val: {'epoch': 51, 'time_epoch': 0.06827, 'loss': 4.66219822, 'lr': 0, 'params': 276757, 'time_iter': 0.00488, 'accuracy': 0.19762, 'f1': 0.10588, 'auc': 0.86989}
test: {'epoch': 51, 'time_epoch': 0.07152, 'loss': 5.02027221, 'lr': 0, 'params': 276757, 'time_iter': 0.00511, 'accuracy': 0.15476, 'f1': 0.09336, 'auc': 0.75217}
[*] Confusion Matrix saved to: results_lopo_none/GM_3m\Conf\confusion_matrix_epoch_51.png
> Epoch 51: took 2.1s (avg 2.1s) | Best so far: epoch 51	train_loss: 0.7242 train_accuracy: 0.7575	val_loss: 4.6622 val_accuracy: 0.1976	test_loss: 5.0203 test_accuracy: 0.1548	F1: 0.0934 Prec: 0.1461 Rec: 0.1548
train: {'epoch': 52, 'time_epoch': 2.13305, 'eta': 361.06238, 'eta_hours': 0.1003, 'loss': 0.71953438, 'lr': 0.000897, 'params': 276757, 'time_iter': 0.01219, 'accuracy': 0.76075, 'f1': 0.76027, 'auc': 0.98573}
val: {'epoch': 52, 'time_epoch': 0.08345, 'loss': 9.40674509, 'lr': 0, 'params': 276757, 'time_iter': 0.00596, 'accuracy': 0.1381, 'f1': 0.04793, 'auc': 0.87003}
test: {'epoch': 52, 'time_epoch': 0.08375, 'loss': 7.53298929, 'lr': 0, 'params': 276757, 'time_iter': 0.00598, 'accuracy': 0.11905, 'f1': 0.04507, 'auc': 0.70221}
> Epoch 52: took 2.4s (avg 2.1s) | Best so far: epoch 51	train_loss: 0.7242 train_accuracy: 0.7575	val_loss: 4.6622 val_accuracy: 0.1976	test_loss: 5.0203 test_accuracy: 0.1548	F1: 0.0934 Prec: 0.1461 Rec: 0.1548
train: {'epoch': 53, 'time_epoch': 2.01765, 'eta': 359.90049, 'eta_hours': 0.09997, 'loss': 0.73067299, 'lr': 0.00089314, 'params': 276757, 'time_iter': 0.01153, 'accuracy': 0.75484, 'f1': 0.75433, 'auc': 0.98558}
val: {'epoch': 53, 'time_epoch': 0.06786, 'loss': 10.88340598, 'lr': 0, 'params': 276757, 'time_iter': 0.00485, 'accuracy': 0.07381, 'f1': 0.03791, 'auc': 0.74554}
test: {'epoch': 53, 'time_epoch': 0.06623, 'loss': 13.15979525, 'lr': 0, 'params': 276757, 'time_iter': 0.00473, 'accuracy': 0.04048, 'f1': 0.01416, 'auc': 0.64535}
> Epoch 53: took 2.2s (avg 2.1s) | Best so far: epoch 51	train_loss: 0.7242 train_accuracy: 0.7575	val_loss: 4.6622 val_accuracy: 0.1976	test_loss: 5.0203 test_accuracy: 0.1548	F1: 0.0934 Prec: 0.1461 Rec: 0.1548
train: {'epoch': 54, 'time_epoch': 1.97201, 'eta': 358.54569, 'eta_hours': 0.0996, 'loss': 0.70505523, 'lr': 0.00088923, 'params': 276757, 'time_iter': 0.01127, 'accuracy': 0.76434, 'f1': 0.76391, 'auc': 0.98643}
val: {'epoch': 54, 'time_epoch': 0.06397, 'loss': 6.43952813, 'lr': 0, 'params': 276757, 'time_iter': 0.00457, 'accuracy': 0.09524, 'f1': 0.04028, 'auc': 0.77507}
test: {'epoch': 54, 'time_epoch': 0.07236, 'loss': 7.85847964, 'lr': 0, 'params': 276757, 'time_iter': 0.00517, 'accuracy': 0.06905, 'f1': 0.0415, 'auc': 0.66668}
> Epoch 54: took 2.2s (avg 2.1s) | Best so far: epoch 51	train_loss: 0.7242 train_accuracy: 0.7575	val_loss: 4.6622 val_accuracy: 0.1976	test_loss: 5.0203 test_accuracy: 0.1548	F1: 0.0934 Prec: 0.1461 Rec: 0.1548
train: {'epoch': 55, 'time_epoch': 2.02007, 'eta': 357.33533, 'eta_hours': 0.09926, 'loss': 0.68648, 'lr': 0.00088526, 'params': 276757, 'time_iter': 0.01154, 'accuracy': 0.7733, 'f1': 0.77311, 'auc': 0.98718}
val: {'epoch': 55, 'time_epoch': 0.08422, 'loss': 16.53456631, 'lr': 0, 'params': 276757, 'time_iter': 0.00602, 'accuracy': 0.07143, 'f1': 0.02188, 'auc': 0.76227}
test: {'epoch': 55, 'time_epoch': 0.07771, 'loss': 15.0540582, 'lr': 0, 'params': 276757, 'time_iter': 0.00555, 'accuracy': 0.05238, 'f1': 0.01104, 'auc': 0.61525}
> Epoch 55: took 2.3s (avg 2.1s) | Best so far: epoch 51	train_loss: 0.7242 train_accuracy: 0.7575	val_loss: 4.6622 val_accuracy: 0.1976	test_loss: 5.0203 test_accuracy: 0.1548	F1: 0.0934 Prec: 0.1461 Rec: 0.1548
train: {'epoch': 56, 'time_epoch': 1.85963, 'eta': 355.5533, 'eta_hours': 0.09876, 'loss': 0.67780977, 'lr': 0.00088122, 'params': 276757, 'time_iter': 0.01063, 'accuracy': 0.7733, 'f1': 0.77298, 'auc': 0.98764}
val: {'epoch': 56, 'time_epoch': 0.07524, 'loss': 8.742979, 'lr': 0, 'params': 276757, 'time_iter': 0.00537, 'accuracy': 0.14524, 'f1': 0.04358, 'auc': 0.85269}
test: {'epoch': 56, 'time_epoch': 0.07666, 'loss': 8.30371481, 'lr': 0, 'params': 276757, 'time_iter': 0.00548, 'accuracy': 0.11667, 'f1': 0.05702, 'auc': 0.67709}
> Epoch 56: took 2.1s (avg 2.1s) | Best so far: epoch 51	train_loss: 0.7242 train_accuracy: 0.7575	val_loss: 4.6622 val_accuracy: 0.1976	test_loss: 5.0203 test_accuracy: 0.1548	F1: 0.0934 Prec: 0.1461 Rec: 0.1548
train: {'epoch': 57, 'time_epoch': 1.85162, 'eta': 353.74208, 'eta_hours': 0.09826, 'loss': 0.66927058, 'lr': 0.00087713, 'params': 276757, 'time_iter': 0.01058, 'accuracy': 0.77348, 'f1': 0.77304, 'auc': 0.98785}
val: {'epoch': 57, 'time_epoch': 0.06939, 'loss': 7.14824716, 'lr': 0, 'params': 276757, 'time_iter': 0.00496, 'accuracy': 0.26667, 'f1': 0.1469, 'auc': 0.9036}
test: {'epoch': 57, 'time_epoch': 0.09239, 'loss': 6.20167669, 'lr': 0, 'params': 276757, 'time_iter': 0.0066, 'accuracy': 0.2119, 'f1': 0.12496, 'auc': 0.78001}
[*] Confusion Matrix saved to: results_lopo_none/GM_3m\Conf\confusion_matrix_epoch_57.png
> Epoch 57: took 2.1s (avg 2.1s) | Best so far: epoch 57	train_loss: 0.6693 train_accuracy: 0.7735	val_loss: 7.1482 val_accuracy: 0.2667	test_loss: 6.2017 test_accuracy: 0.2119	F1: 0.1250 Prec: 0.1387 Rec: 0.2119
train: {'epoch': 58, 'time_epoch': 1.7836, 'eta': 351.70932, 'eta_hours': 0.0977, 'loss': 0.66325681, 'lr': 0.00087297, 'params': 276757, 'time_iter': 0.01019, 'accuracy': 0.77921, 'f1': 0.7789, 'auc': 0.98814}
val: {'epoch': 58, 'time_epoch': 0.10261, 'loss': 7.58513639, 'lr': 0, 'params': 276757, 'time_iter': 0.00733, 'accuracy': 0.15238, 'f1': 0.07899, 'auc': 0.81198}
test: {'epoch': 58, 'time_epoch': 0.11793, 'loss': 6.39153712, 'lr': 0, 'params': 276757, 'time_iter': 0.00842, 'accuracy': 0.1381, 'f1': 0.07845, 'auc': 0.71915}
> Epoch 58: took 2.1s (avg 2.1s) | Best so far: epoch 57	train_loss: 0.6693 train_accuracy: 0.7735	val_loss: 7.1482 val_accuracy: 0.2667	test_loss: 6.2017 test_accuracy: 0.2119	F1: 0.1250 Prec: 0.1387 Rec: 0.2119
train: {'epoch': 59, 'time_epoch': 1.83297, 'eta': 349.84117, 'eta_hours': 0.09718, 'loss': 0.6845624, 'lr': 0.00086876, 'params': 276757, 'time_iter': 0.01047, 'accuracy': 0.77276, 'f1': 0.77242, 'auc': 0.98709}
val: {'epoch': 59, 'time_epoch': 0.10315, 'loss': 6.2599472, 'lr': 0, 'params': 276757, 'time_iter': 0.00737, 'accuracy': 0.15, 'f1': 0.06471, 'auc': 0.8684}
test: {'epoch': 59, 'time_epoch': 0.06859, 'loss': 6.90397423, 'lr': 0, 'params': 276757, 'time_iter': 0.0049, 'accuracy': 0.1, 'f1': 0.0829, 'auc': 0.70727}
> Epoch 59: took 2.1s (avg 2.1s) | Best so far: epoch 57	train_loss: 0.6693 train_accuracy: 0.7735	val_loss: 7.1482 val_accuracy: 0.2667	test_loss: 6.2017 test_accuracy: 0.2119	F1: 0.1250 Prec: 0.1387 Rec: 0.2119
train: {'epoch': 60, 'time_epoch': 1.8293, 'eta': 347.96283, 'eta_hours': 0.09666, 'loss': 0.63321689, 'lr': 0.00086448, 'params': 276757, 'time_iter': 0.01045, 'accuracy': 0.78244, 'f1': 0.78232, 'auc': 0.98914}
val: {'epoch': 60, 'time_epoch': 0.07042, 'loss': 5.39814526, 'lr': 0, 'params': 276757, 'time_iter': 0.00503, 'accuracy': 0.18095, 'f1': 0.10035, 'auc': 0.83082}
test: {'epoch': 60, 'time_epoch': 0.06627, 'loss': 6.33704492, 'lr': 0, 'params': 276757, 'time_iter': 0.00473, 'accuracy': 0.07381, 'f1': 0.0766, 'auc': 0.69543}
> Epoch 60: took 2.0s (avg 2.1s) | Best so far: epoch 57	train_loss: 0.6693 train_accuracy: 0.7735	val_loss: 7.1482 val_accuracy: 0.2667	test_loss: 6.2017 test_accuracy: 0.2119	F1: 0.1250 Prec: 0.1387 Rec: 0.2119
train: {'epoch': 61, 'time_epoch': 1.8316, 'eta': 346.09302, 'eta_hours': 0.09614, 'loss': 0.65460062, 'lr': 0.00086015, 'params': 276757, 'time_iter': 0.01047, 'accuracy': 0.78047, 'f1': 0.78007, 'auc': 0.98835}
val: {'epoch': 61, 'time_epoch': 0.06575, 'loss': 4.28432578, 'lr': 0, 'params': 276757, 'time_iter': 0.0047, 'accuracy': 0.21667, 'f1': 0.14635, 'auc': 0.86123}
test: {'epoch': 61, 'time_epoch': 0.10906, 'loss': 5.13707393, 'lr': 0, 'params': 276757, 'time_iter': 0.00779, 'accuracy': 0.09048, 'f1': 0.0675, 'auc': 0.73018}
> Epoch 61: took 2.1s (avg 2.1s) | Best so far: epoch 57	train_loss: 0.6693 train_accuracy: 0.7735	val_loss: 7.1482 val_accuracy: 0.2667	test_loss: 6.2017 test_accuracy: 0.2119	F1: 0.1250 Prec: 0.1387 Rec: 0.2119
train: {'epoch': 62, 'time_epoch': 1.89992, 'eta': 344.42721, 'eta_hours': 0.09567, 'loss': 0.64330234, 'lr': 0.00085577, 'params': 276757, 'time_iter': 0.01086, 'accuracy': 0.781, 'f1': 0.78083, 'auc': 0.98882}
val: {'epoch': 62, 'time_epoch': 0.06842, 'loss': 4.4398342, 'lr': 0, 'params': 276757, 'time_iter': 0.00489, 'accuracy': 0.20476, 'f1': 0.14112, 'auc': 0.85694}
test: {'epoch': 62, 'time_epoch': 0.07984, 'loss': 4.23281977, 'lr': 0, 'params': 276757, 'time_iter': 0.0057, 'accuracy': 0.19762, 'f1': 0.15584, 'auc': 0.77857}
> Epoch 62: took 2.1s (avg 2.1s) | Best so far: epoch 57	train_loss: 0.6693 train_accuracy: 0.7735	val_loss: 7.1482 val_accuracy: 0.2667	test_loss: 6.2017 test_accuracy: 0.2119	F1: 0.1250 Prec: 0.1387 Rec: 0.2119
train: {'epoch': 63, 'time_epoch': 1.8486, 'eta': 342.60495, 'eta_hours': 0.09517, 'loss': 0.65816567, 'lr': 0.00085132, 'params': 276757, 'time_iter': 0.01056, 'accuracy': 0.78244, 'f1': 0.78208, 'auc': 0.98792}
val: {'epoch': 63, 'time_epoch': 0.07526, 'loss': 7.50254006, 'lr': 0, 'params': 276757, 'time_iter': 0.00538, 'accuracy': 0.11667, 'f1': 0.03684, 'auc': 0.81254}
test: {'epoch': 63, 'time_epoch': 0.08523, 'loss': 7.47430397, 'lr': 0, 'params': 276757, 'time_iter': 0.00609, 'accuracy': 0.09524, 'f1': 0.05863, 'auc': 0.6605}
> Epoch 63: took 2.1s (avg 2.1s) | Best so far: epoch 57	train_loss: 0.6693 train_accuracy: 0.7735	val_loss: 7.1482 val_accuracy: 0.2667	test_loss: 6.2017 test_accuracy: 0.2119	F1: 0.1250 Prec: 0.1387 Rec: 0.2119
train: {'epoch': 64, 'time_epoch': 1.85488, 'eta': 340.79977, 'eta_hours': 0.09467, 'loss': 0.63721188, 'lr': 0.00084683, 'params': 276757, 'time_iter': 0.0106, 'accuracy': 0.79337, 'f1': 0.79307, 'auc': 0.98888}
val: {'epoch': 64, 'time_epoch': 0.05812, 'loss': 9.54294781, 'lr': 0, 'params': 276757, 'time_iter': 0.00415, 'accuracy': 0.15, 'f1': 0.04959, 'auc': 0.84063}
test: {'epoch': 64, 'time_epoch': 0.06977, 'loss': 8.42340978, 'lr': 0, 'params': 276757, 'time_iter': 0.00498, 'accuracy': 0.12857, 'f1': 0.04886, 'auc': 0.66214}
> Epoch 64: took 2.1s (avg 2.1s) | Best so far: epoch 57	train_loss: 0.6693 train_accuracy: 0.7735	val_loss: 7.1482 val_accuracy: 0.2667	test_loss: 6.2017 test_accuracy: 0.2119	F1: 0.1250 Prec: 0.1387 Rec: 0.2119
train: {'epoch': 65, 'time_epoch': 1.85674, 'eta': 338.99826, 'eta_hours': 0.09417, 'loss': 0.61153197, 'lr': 0.00084227, 'params': 276757, 'time_iter': 0.01061, 'accuracy': 0.7991, 'f1': 0.79902, 'auc': 0.98974}
val: {'epoch': 65, 'time_epoch': 0.08638, 'loss': 7.56989263, 'lr': 0, 'params': 276757, 'time_iter': 0.00617, 'accuracy': 0.14048, 'f1': 0.05939, 'auc': 0.84993}
test: {'epoch': 65, 'time_epoch': 0.06382, 'loss': 8.46540301, 'lr': 0, 'params': 276757, 'time_iter': 0.00456, 'accuracy': 0.07857, 'f1': 0.05014, 'auc': 0.69196}
> Epoch 65: took 2.1s (avg 2.1s) | Best so far: epoch 57	train_loss: 0.6693 train_accuracy: 0.7735	val_loss: 7.1482 val_accuracy: 0.2667	test_loss: 6.2017 test_accuracy: 0.2119	F1: 0.1250 Prec: 0.1387 Rec: 0.2119
train: {'epoch': 66, 'time_epoch': 1.78481, 'eta': 336.99864, 'eta_hours': 0.09361, 'loss': 0.61680403, 'lr': 0.00083767, 'params': 276757, 'time_iter': 0.0102, 'accuracy': 0.79695, 'f1': 0.79674, 'auc': 0.98957}
val: {'epoch': 66, 'time_epoch': 0.09935, 'loss': 5.8402517, 'lr': 0, 'params': 276757, 'time_iter': 0.0071, 'accuracy': 0.15952, 'f1': 0.06961, 'auc': 0.8708}
test: {'epoch': 66, 'time_epoch': 0.06947, 'loss': 6.30446204, 'lr': 0, 'params': 276757, 'time_iter': 0.00496, 'accuracy': 0.13095, 'f1': 0.08812, 'auc': 0.73423}
> Epoch 66: took 2.0s (avg 2.1s) | Best so far: epoch 57	train_loss: 0.6693 train_accuracy: 0.7735	val_loss: 7.1482 val_accuracy: 0.2667	test_loss: 6.2017 test_accuracy: 0.2119	F1: 0.1250 Prec: 0.1387 Rec: 0.2119
train: {'epoch': 67, 'time_epoch': 1.91743, 'eta': 335.36027, 'eta_hours': 0.09316, 'loss': 0.60682405, 'lr': 0.00083301, 'params': 276757, 'time_iter': 0.01096, 'accuracy': 0.80466, 'f1': 0.80427, 'auc': 0.98965}
val: {'epoch': 67, 'time_epoch': 0.08269, 'loss': 9.47868784, 'lr': 0, 'params': 276757, 'time_iter': 0.00591, 'accuracy': 0.10952, 'f1': 0.03539, 'auc': 0.77517}
test: {'epoch': 67, 'time_epoch': 0.06672, 'loss': 9.57774091, 'lr': 0, 'params': 276757, 'time_iter': 0.00477, 'accuracy': 0.07619, 'f1': 0.03302, 'auc': 0.66749}
> Epoch 67: took 2.1s (avg 2.1s) | Best so far: epoch 57	train_loss: 0.6693 train_accuracy: 0.7735	val_loss: 7.1482 val_accuracy: 0.2667	test_loss: 6.2017 test_accuracy: 0.2119	F1: 0.1250 Prec: 0.1387 Rec: 0.2119
train: {'epoch': 68, 'time_epoch': 1.93278, 'eta': 333.75409, 'eta_hours': 0.09271, 'loss': 0.59733169, 'lr': 0.00082829, 'params': 276757, 'time_iter': 0.01104, 'accuracy': 0.8009, 'f1': 0.80067, 'auc': 0.99027}
val: {'epoch': 68, 'time_epoch': 0.06701, 'loss': 9.73748114, 'lr': 0, 'params': 276757, 'time_iter': 0.00479, 'accuracy': 0.07619, 'f1': 0.03526, 'auc': 0.76118}
test: {'epoch': 68, 'time_epoch': 0.10635, 'loss': 9.72981197, 'lr': 0, 'params': 276757, 'time_iter': 0.0076, 'accuracy': 0.07619, 'f1': 0.03056, 'auc': 0.66083}
> Epoch 68: took 2.2s (avg 2.1s) | Best so far: epoch 57	train_loss: 0.6693 train_accuracy: 0.7735	val_loss: 7.1482 val_accuracy: 0.2667	test_loss: 6.2017 test_accuracy: 0.2119	F1: 0.1250 Prec: 0.1387 Rec: 0.2119
train: {'epoch': 69, 'time_epoch': 2.0006, 'eta': 332.31298, 'eta_hours': 0.09231, 'loss': 0.62676817, 'lr': 0.00082353, 'params': 276757, 'time_iter': 0.01143, 'accuracy': 0.79158, 'f1': 0.79159, 'auc': 0.98927}
val: {'epoch': 69, 'time_epoch': 0.06677, 'loss': 6.7003816, 'lr': 0, 'params': 276757, 'time_iter': 0.00477, 'accuracy': 0.13095, 'f1': 0.06927, 'auc': 0.82376}
test: {'epoch': 69, 'time_epoch': 0.067, 'loss': 8.46843042, 'lr': 0, 'params': 276757, 'time_iter': 0.00479, 'accuracy': 0.07381, 'f1': 0.02921, 'auc': 0.65757}
> Epoch 69: took 2.2s (avg 2.1s) | Best so far: epoch 57	train_loss: 0.6693 train_accuracy: 0.7735	val_loss: 7.1482 val_accuracy: 0.2667	test_loss: 6.2017 test_accuracy: 0.2119	F1: 0.1250 Prec: 0.1387 Rec: 0.2119
train: {'epoch': 70, 'time_epoch': 1.92888, 'eta': 330.67528, 'eta_hours': 0.09185, 'loss': 0.58669266, 'lr': 0.00081871, 'params': 276757, 'time_iter': 0.01102, 'accuracy': 0.80627, 'f1': 0.80613, 'auc': 0.99066}
val: {'epoch': 70, 'time_epoch': 0.09693, 'loss': 7.7526007, 'lr': 0, 'params': 276757, 'time_iter': 0.00692, 'accuracy': 0.10952, 'f1': 0.04347, 'auc': 0.84405}
test: {'epoch': 70, 'time_epoch': 0.06734, 'loss': 8.68334064, 'lr': 0, 'params': 276757, 'time_iter': 0.00481, 'accuracy': 0.08095, 'f1': 0.03682, 'auc': 0.72211}
> Epoch 70: took 2.2s (avg 2.1s) | Best so far: epoch 57	train_loss: 0.6693 train_accuracy: 0.7735	val_loss: 7.1482 val_accuracy: 0.2667	test_loss: 6.2017 test_accuracy: 0.2119	F1: 0.1250 Prec: 0.1387 Rec: 0.2119
train: {'epoch': 71, 'time_epoch': 1.96315, 'eta': 329.11423, 'eta_hours': 0.09142, 'loss': 0.5936763, 'lr': 0.00081385, 'params': 276757, 'time_iter': 0.01122, 'accuracy': 0.80735, 'f1': 0.80715, 'auc': 0.9902}
val: {'epoch': 71, 'time_epoch': 0.0755, 'loss': 7.45346916, 'lr': 0, 'params': 276757, 'time_iter': 0.00539, 'accuracy': 0.14048, 'f1': 0.07424, 'auc': 0.85547}
test: {'epoch': 71, 'time_epoch': 0.08345, 'loss': 6.5034879, 'lr': 0, 'params': 276757, 'time_iter': 0.00596, 'accuracy': 0.13333, 'f1': 0.06746, 'auc': 0.71455}
> Epoch 71: took 2.2s (avg 2.1s) | Best so far: epoch 57	train_loss: 0.6693 train_accuracy: 0.7735	val_loss: 7.1482 val_accuracy: 0.2667	test_loss: 6.2017 test_accuracy: 0.2119	F1: 0.1250 Prec: 0.1387 Rec: 0.2119
train: {'epoch': 72, 'time_epoch': 2.13437, 'eta': 327.9573, 'eta_hours': 0.0911, 'loss': 0.58896418, 'lr': 0.00080893, 'params': 276757, 'time_iter': 0.0122, 'accuracy': 0.80394, 'f1': 0.80366, 'auc': 0.99043}
val: {'epoch': 72, 'time_epoch': 0.08619, 'loss': 7.85566484, 'lr': 0, 'params': 276757, 'time_iter': 0.00616, 'accuracy': 0.09286, 'f1': 0.04387, 'auc': 0.78327}
test: {'epoch': 72, 'time_epoch': 0.08193, 'loss': 7.29103869, 'lr': 0, 'params': 276757, 'time_iter': 0.00585, 'accuracy': 0.09762, 'f1': 0.05879, 'auc': 0.71453}
> Epoch 72: took 2.4s (avg 2.1s) | Best so far: epoch 57	train_loss: 0.6693 train_accuracy: 0.7735	val_loss: 7.1482 val_accuracy: 0.2667	test_loss: 6.2017 test_accuracy: 0.2119	F1: 0.1250 Prec: 0.1387 Rec: 0.2119
train: {'epoch': 73, 'time_epoch': 1.81847, 'eta': 326.02261, 'eta_hours': 0.09056, 'loss': 0.58301111, 'lr': 0.00080397, 'params': 276757, 'time_iter': 0.01039, 'accuracy': 0.81577, 'f1': 0.81547, 'auc': 0.99028}
val: {'epoch': 73, 'time_epoch': 0.06346, 'loss': 6.44358103, 'lr': 0, 'params': 276757, 'time_iter': 0.00453, 'accuracy': 0.13333, 'f1': 0.05465, 'auc': 0.86332}
test: {'epoch': 73, 'time_epoch': 0.0617, 'loss': 6.04764788, 'lr': 0, 'params': 276757, 'time_iter': 0.00441, 'accuracy': 0.13095, 'f1': 0.06183, 'auc': 0.71817}
> Epoch 73: took 2.0s (avg 2.1s) | Best so far: epoch 57	train_loss: 0.6693 train_accuracy: 0.7735	val_loss: 7.1482 val_accuracy: 0.2667	test_loss: 6.2017 test_accuracy: 0.2119	F1: 0.1250 Prec: 0.1387 Rec: 0.2119
train: {'epoch': 74, 'time_epoch': 1.74973, 'eta': 323.93065, 'eta_hours': 0.08998, 'loss': 0.56586635, 'lr': 0.00079895, 'params': 276757, 'time_iter': 0.01, 'accuracy': 0.80753, 'f1': 0.80744, 'auc': 0.99126}
val: {'epoch': 74, 'time_epoch': 0.07744, 'loss': 5.94181983, 'lr': 0, 'params': 276757, 'time_iter': 0.00553, 'accuracy': 0.1381, 'f1': 0.04893, 'auc': 0.83238}
test: {'epoch': 74, 'time_epoch': 0.07287, 'loss': 6.82640768, 'lr': 0, 'params': 276757, 'time_iter': 0.00521, 'accuracy': 0.09762, 'f1': 0.04855, 'auc': 0.66648}
> Epoch 74: took 2.0s (avg 2.1s) | Best so far: epoch 57	train_loss: 0.6693 train_accuracy: 0.7735	val_loss: 7.1482 val_accuracy: 0.2667	test_loss: 6.2017 test_accuracy: 0.2119	F1: 0.1250 Prec: 0.1387 Rec: 0.2119
train: {'epoch': 75, 'time_epoch': 1.74748, 'eta': 321.84253, 'eta_hours': 0.0894, 'loss': 0.57058287, 'lr': 0.00079389, 'params': 276757, 'time_iter': 0.00999, 'accuracy': 0.80986, 'f1': 0.80961, 'auc': 0.99128}
val: {'epoch': 75, 'time_epoch': 0.07088, 'loss': 6.22865178, 'lr': 0, 'params': 276757, 'time_iter': 0.00506, 'accuracy': 0.17857, 'f1': 0.10075, 'auc': 0.85702}
test: {'epoch': 75, 'time_epoch': 0.07288, 'loss': 6.19192955, 'lr': 0, 'params': 276757, 'time_iter': 0.00521, 'accuracy': 0.12381, 'f1': 0.07646, 'auc': 0.7269}
> Epoch 75: took 2.0s (avg 2.1s) | Best so far: epoch 57	train_loss: 0.6693 train_accuracy: 0.7735	val_loss: 7.1482 val_accuracy: 0.2667	test_loss: 6.2017 test_accuracy: 0.2119	F1: 0.1250 Prec: 0.1387 Rec: 0.2119
train: {'epoch': 76, 'time_epoch': 1.81675, 'eta': 319.9189, 'eta_hours': 0.08887, 'loss': 0.5576627, 'lr': 0.00078879, 'params': 276757, 'time_iter': 0.01038, 'accuracy': 0.8147, 'f1': 0.81425, 'auc': 0.99143}
val: {'epoch': 76, 'time_epoch': 0.06684, 'loss': 7.1807116, 'lr': 0, 'params': 276757, 'time_iter': 0.00477, 'accuracy': 0.12381, 'f1': 0.04005, 'auc': 0.84798}
test: {'epoch': 76, 'time_epoch': 0.06615, 'loss': 7.36538818, 'lr': 0, 'params': 276757, 'time_iter': 0.00473, 'accuracy': 0.11905, 'f1': 0.04417, 'auc': 0.71851}
> Epoch 76: took 2.0s (avg 2.1s) | Best so far: epoch 57	train_loss: 0.6693 train_accuracy: 0.7735	val_loss: 7.1482 val_accuracy: 0.2667	test_loss: 6.2017 test_accuracy: 0.2119	F1: 0.1250 Prec: 0.1387 Rec: 0.2119
train: {'epoch': 77, 'time_epoch': 1.80141, 'eta': 317.96417, 'eta_hours': 0.08832, 'loss': 0.55033288, 'lr': 0.00078363, 'params': 276757, 'time_iter': 0.01029, 'accuracy': 0.82097, 'f1': 0.82078, 'auc': 0.99154}
val: {'epoch': 77, 'time_epoch': 0.09974, 'loss': 8.44979443, 'lr': 0, 'params': 276757, 'time_iter': 0.00712, 'accuracy': 0.14048, 'f1': 0.05205, 'auc': 0.82457}
test: {'epoch': 77, 'time_epoch': 0.09337, 'loss': 7.34010427, 'lr': 0, 'params': 276757, 'time_iter': 0.00667, 'accuracy': 0.09286, 'f1': 0.05116, 'auc': 0.72072}
> Epoch 77: took 2.1s (avg 2.1s) | Best so far: epoch 57	train_loss: 0.6693 train_accuracy: 0.7735	val_loss: 7.1482 val_accuracy: 0.2667	test_loss: 6.2017 test_accuracy: 0.2119	F1: 0.1250 Prec: 0.1387 Rec: 0.2119
train: {'epoch': 78, 'time_epoch': 1.842, 'eta': 316.1012, 'eta_hours': 0.08781, 'loss': 0.56639863, 'lr': 0.00077844, 'params': 276757, 'time_iter': 0.01053, 'accuracy': 0.8095, 'f1': 0.80929, 'auc': 0.99139}
val: {'epoch': 78, 'time_epoch': 0.08936, 'loss': 8.43204482, 'lr': 0, 'params': 276757, 'time_iter': 0.00638, 'accuracy': 0.18571, 'f1': 0.0932, 'auc': 0.89184}
test: {'epoch': 78, 'time_epoch': 0.09258, 'loss': 6.94906419, 'lr': 0, 'params': 276757, 'time_iter': 0.00661, 'accuracy': 0.13095, 'f1': 0.0667, 'auc': 0.74708}
> Epoch 78: took 2.1s (avg 2.1s) | Best so far: epoch 57	train_loss: 0.6693 train_accuracy: 0.7735	val_loss: 7.1482 val_accuracy: 0.2667	test_loss: 6.2017 test_accuracy: 0.2119	F1: 0.1250 Prec: 0.1387 Rec: 0.2119
train: {'epoch': 79, 'time_epoch': 1.83547, 'eta': 314.22486, 'eta_hours': 0.08728, 'loss': 0.54079779, 'lr': 0.0007732, 'params': 276757, 'time_iter': 0.01049, 'accuracy': 0.82061, 'f1': 0.8205, 'auc': 0.99205}
val: {'epoch': 79, 'time_epoch': 0.08649, 'loss': 5.94006875, 'lr': 0, 'params': 276757, 'time_iter': 0.00618, 'accuracy': 0.22619, 'f1': 0.10811, 'auc': 0.84502}
test: {'epoch': 79, 'time_epoch': 0.07259, 'loss': 4.84051065, 'lr': 0, 'params': 276757, 'time_iter': 0.00519, 'accuracy': 0.13333, 'f1': 0.09878, 'auc': 0.76471}
> Epoch 79: took 2.1s (avg 2.1s) | Best so far: epoch 57	train_loss: 0.6693 train_accuracy: 0.7735	val_loss: 7.1482 val_accuracy: 0.2667	test_loss: 6.2017 test_accuracy: 0.2119	F1: 0.1250 Prec: 0.1387 Rec: 0.2119
train: {'epoch': 80, 'time_epoch': 1.86094, 'eta': 312.40267, 'eta_hours': 0.08678, 'loss': 0.51523915, 'lr': 0.00076791, 'params': 276757, 'time_iter': 0.01063, 'accuracy': 0.83065, 'f1': 0.83057, 'auc': 0.99267}
val: {'epoch': 80, 'time_epoch': 0.06955, 'loss': 9.351852, 'lr': 0, 'params': 276757, 'time_iter': 0.00497, 'accuracy': 0.12381, 'f1': 0.0402, 'auc': 0.8391}
test: {'epoch': 80, 'time_epoch': 0.09259, 'loss': 9.15734574, 'lr': 0, 'params': 276757, 'time_iter': 0.00661, 'accuracy': 0.09048, 'f1': 0.05368, 'auc': 0.68549}
> Epoch 80: took 2.1s (avg 2.1s) | Best so far: epoch 57	train_loss: 0.6693 train_accuracy: 0.7735	val_loss: 7.1482 val_accuracy: 0.2667	test_loss: 6.2017 test_accuracy: 0.2119	F1: 0.1250 Prec: 0.1387 Rec: 0.2119
train: {'epoch': 81, 'time_epoch': 1.87497, 'eta': 310.60829, 'eta_hours': 0.08628, 'loss': 0.54440588, 'lr': 0.00076259, 'params': 276757, 'time_iter': 0.01071, 'accuracy': 0.82294, 'f1': 0.82281, 'auc': 0.99182}
val: {'epoch': 81, 'time_epoch': 0.06473, 'loss': 5.15849531, 'lr': 0, 'params': 276757, 'time_iter': 0.00462, 'accuracy': 0.15714, 'f1': 0.10473, 'auc': 0.84091}
test: {'epoch': 81, 'time_epoch': 0.06894, 'loss': 5.88606546, 'lr': 0, 'params': 276757, 'time_iter': 0.00492, 'accuracy': 0.09524, 'f1': 0.06532, 'auc': 0.72949}
> Epoch 81: took 2.1s (avg 2.1s) | Best so far: epoch 57	train_loss: 0.6693 train_accuracy: 0.7735	val_loss: 7.1482 val_accuracy: 0.2667	test_loss: 6.2017 test_accuracy: 0.2119	F1: 0.1250 Prec: 0.1387 Rec: 0.2119
train: {'epoch': 82, 'time_epoch': 1.80739, 'eta': 308.676, 'eta_hours': 0.08574, 'loss': 0.5599271, 'lr': 0.00075722, 'params': 276757, 'time_iter': 0.01033, 'accuracy': 0.8147, 'f1': 0.81446, 'auc': 0.99117}
val: {'epoch': 82, 'time_epoch': 0.06637, 'loss': 6.70356433, 'lr': 0, 'params': 276757, 'time_iter': 0.00474, 'accuracy': 0.15952, 'f1': 0.07508, 'auc': 0.85285}
test: {'epoch': 82, 'time_epoch': 0.07127, 'loss': 6.98739648, 'lr': 0, 'params': 276757, 'time_iter': 0.00509, 'accuracy': 0.06429, 'f1': 0.04207, 'auc': 0.69912}
> Epoch 82: took 2.0s (avg 2.1s) | Best so far: epoch 57	train_loss: 0.6693 train_accuracy: 0.7735	val_loss: 7.1482 val_accuracy: 0.2667	test_loss: 6.2017 test_accuracy: 0.2119	F1: 0.1250 Prec: 0.1387 Rec: 0.2119
train: {'epoch': 83, 'time_epoch': 1.78183, 'eta': 306.69616, 'eta_hours': 0.08519, 'loss': 0.52573012, 'lr': 0.00075181, 'params': 276757, 'time_iter': 0.01018, 'accuracy': 0.82939, 'f1': 0.8292, 'auc': 0.99233}
val: {'epoch': 83, 'time_epoch': 0.0745, 'loss': 6.59698449, 'lr': 0, 'params': 276757, 'time_iter': 0.00532, 'accuracy': 0.15714, 'f1': 0.0854, 'auc': 0.81943}
test: {'epoch': 83, 'time_epoch': 0.06511, 'loss': 6.54029447, 'lr': 0, 'params': 276757, 'time_iter': 0.00465, 'accuracy': 0.16429, 'f1': 0.08776, 'auc': 0.74365}
> Epoch 83: took 2.0s (avg 2.1s) | Best so far: epoch 57	train_loss: 0.6693 train_accuracy: 0.7735	val_loss: 7.1482 val_accuracy: 0.2667	test_loss: 6.2017 test_accuracy: 0.2119	F1: 0.1250 Prec: 0.1387 Rec: 0.2119
train: {'epoch': 84, 'time_epoch': 1.69296, 'eta': 304.54847, 'eta_hours': 0.0846, 'loss': 0.54365997, 'lr': 0.00074636, 'params': 276757, 'time_iter': 0.00967, 'accuracy': 0.81577, 'f1': 0.81564, 'auc': 0.99174}
val: {'epoch': 84, 'time_epoch': 0.06102, 'loss': 14.4119369, 'lr': 0, 'params': 276757, 'time_iter': 0.00436, 'accuracy': 0.12381, 'f1': 0.03783, 'auc': 0.83634}
test: {'epoch': 84, 'time_epoch': 0.07265, 'loss': 12.35813299, 'lr': 0, 'params': 276757, 'time_iter': 0.00519, 'accuracy': 0.09762, 'f1': 0.02905, 'auc': 0.65042}
> Epoch 84: took 1.9s (avg 2.1s) | Best so far: epoch 57	train_loss: 0.6693 train_accuracy: 0.7735	val_loss: 7.1482 val_accuracy: 0.2667	test_loss: 6.2017 test_accuracy: 0.2119	F1: 0.1250 Prec: 0.1387 Rec: 0.2119
train: {'epoch': 85, 'time_epoch': 1.79031, 'eta': 302.597, 'eta_hours': 0.08405, 'loss': 0.51825472, 'lr': 0.00074088, 'params': 276757, 'time_iter': 0.01023, 'accuracy': 0.83029, 'f1': 0.83017, 'auc': 0.99252}
val: {'epoch': 85, 'time_epoch': 0.09417, 'loss': 5.62130863, 'lr': 0, 'params': 276757, 'time_iter': 0.00673, 'accuracy': 0.14048, 'f1': 0.07564, 'auc': 0.85232}
test: {'epoch': 85, 'time_epoch': 0.08283, 'loss': 5.23437293, 'lr': 0, 'params': 276757, 'time_iter': 0.00592, 'accuracy': 0.1381, 'f1': 0.10809, 'auc': 0.75679}
> Epoch 85: took 2.0s (avg 2.1s) | Best so far: epoch 57	train_loss: 0.6693 train_accuracy: 0.7735	val_loss: 7.1482 val_accuracy: 0.2667	test_loss: 6.2017 test_accuracy: 0.2119	F1: 0.1250 Prec: 0.1387 Rec: 0.2119
train: {'epoch': 86, 'time_epoch': 1.73798, 'eta': 300.5512, 'eta_hours': 0.08349, 'loss': 0.51336954, 'lr': 0.00073535, 'params': 276757, 'time_iter': 0.00993, 'accuracy': 0.82957, 'f1': 0.82939, 'auc': 0.99265}
val: {'epoch': 86, 'time_epoch': 0.12005, 'loss': 7.37499701, 'lr': 0, 'params': 276757, 'time_iter': 0.00858, 'accuracy': 0.15714, 'f1': 0.07749, 'auc': 0.83254}
test: {'epoch': 86, 'time_epoch': 0.11081, 'loss': 7.52874839, 'lr': 0, 'params': 276757, 'time_iter': 0.00791, 'accuracy': 0.11429, 'f1': 0.06181, 'auc': 0.72451}
> Epoch 86: took 2.1s (avg 2.1s) | Best so far: epoch 57	train_loss: 0.6693 train_accuracy: 0.7735	val_loss: 7.1482 val_accuracy: 0.2667	test_loss: 6.2017 test_accuracy: 0.2119	F1: 0.1250 Prec: 0.1387 Rec: 0.2119
train: {'epoch': 87, 'time_epoch': 1.92358, 'eta': 298.85405, 'eta_hours': 0.08302, 'loss': 0.51692624, 'lr': 0.00072979, 'params': 276757, 'time_iter': 0.01099, 'accuracy': 0.82545, 'f1': 0.82533, 'auc': 0.99255}
val: {'epoch': 87, 'time_epoch': 0.06481, 'loss': 12.27840358, 'lr': 0, 'params': 276757, 'time_iter': 0.00463, 'accuracy': 0.1, 'f1': 0.03326, 'auc': 0.78832}
test: {'epoch': 87, 'time_epoch': 0.07857, 'loss': 9.91186318, 'lr': 0, 'params': 276757, 'time_iter': 0.00561, 'accuracy': 0.10238, 'f1': 0.03778, 'auc': 0.71049}
> Epoch 87: took 2.1s (avg 2.1s) | Best so far: epoch 57	train_loss: 0.6693 train_accuracy: 0.7735	val_loss: 7.1482 val_accuracy: 0.2667	test_loss: 6.2017 test_accuracy: 0.2119	F1: 0.1250 Prec: 0.1387 Rec: 0.2119
train: {'epoch': 88, 'time_epoch': 2.00254, 'eta': 297.29467, 'eta_hours': 0.08258, 'loss': 0.49890766, 'lr': 0.00072419, 'params': 276757, 'time_iter': 0.01144, 'accuracy': 0.83763, 'f1': 0.83762, 'auc': 0.99297}
val: {'epoch': 88, 'time_epoch': 0.07264, 'loss': 6.24669738, 'lr': 0, 'params': 276757, 'time_iter': 0.00519, 'accuracy': 0.1881, 'f1': 0.08674, 'auc': 0.84583}
test: {'epoch': 88, 'time_epoch': 0.07155, 'loss': 6.01886583, 'lr': 0, 'params': 276757, 'time_iter': 0.00511, 'accuracy': 0.16667, 'f1': 0.10902, 'auc': 0.73584}
> Epoch 88: took 2.2s (avg 2.1s) | Best so far: epoch 57	train_loss: 0.6693 train_accuracy: 0.7735	val_loss: 7.1482 val_accuracy: 0.2667	test_loss: 6.2017 test_accuracy: 0.2119	F1: 0.1250 Prec: 0.1387 Rec: 0.2119
train: {'epoch': 89, 'time_epoch': 2.06664, 'eta': 295.83938, 'eta_hours': 0.08218, 'loss': 0.49467334, 'lr': 0.00071856, 'params': 276757, 'time_iter': 0.01181, 'accuracy': 0.83889, 'f1': 0.83866, 'auc': 0.99315}
val: {'epoch': 89, 'time_epoch': 0.07742, 'loss': 11.85348843, 'lr': 0, 'params': 276757, 'time_iter': 0.00553, 'accuracy': 0.08571, 'f1': 0.02997, 'auc': 0.779}
test: {'epoch': 89, 'time_epoch': 0.07396, 'loss': 10.74512097, 'lr': 0, 'params': 276757, 'time_iter': 0.00528, 'accuracy': 0.07619, 'f1': 0.03197, 'auc': 0.65715}
> Epoch 89: took 2.3s (avg 2.1s) | Best so far: epoch 57	train_loss: 0.6693 train_accuracy: 0.7735	val_loss: 7.1482 val_accuracy: 0.2667	test_loss: 6.2017 test_accuracy: 0.2119	F1: 0.1250 Prec: 0.1387 Rec: 0.2119
train: {'epoch': 90, 'time_epoch': 1.83418, 'eta': 293.9645, 'eta_hours': 0.08166, 'loss': 0.49491876, 'lr': 0.00071289, 'params': 276757, 'time_iter': 0.01048, 'accuracy': 0.83477, 'f1': 0.83463, 'auc': 0.99313}
val: {'epoch': 90, 'time_epoch': 0.06949, 'loss': 6.82410246, 'lr': 0, 'params': 276757, 'time_iter': 0.00496, 'accuracy': 0.15476, 'f1': 0.09542, 'auc': 0.81423}
test: {'epoch': 90, 'time_epoch': 0.06886, 'loss': 6.63203489, 'lr': 0, 'params': 276757, 'time_iter': 0.00492, 'accuracy': 0.1119, 'f1': 0.06445, 'auc': 0.73575}
> Epoch 90: took 2.0s (avg 2.1s) | Best so far: epoch 57	train_loss: 0.6693 train_accuracy: 0.7735	val_loss: 7.1482 val_accuracy: 0.2667	test_loss: 6.2017 test_accuracy: 0.2119	F1: 0.1250 Prec: 0.1387 Rec: 0.2119
train: {'epoch': 91, 'time_epoch': 1.86345, 'eta': 292.14077, 'eta_hours': 0.08115, 'loss': 0.48980165, 'lr': 0.00070719, 'params': 276757, 'time_iter': 0.01065, 'accuracy': 0.83566, 'f1': 0.8353, 'auc': 0.99335}
val: {'epoch': 91, 'time_epoch': 0.07689, 'loss': 14.12356378, 'lr': 0, 'params': 276757, 'time_iter': 0.00549, 'accuracy': 0.12143, 'f1': 0.04268, 'auc': 0.75239}
test: {'epoch': 91, 'time_epoch': 0.07307, 'loss': 13.00240324, 'lr': 0, 'params': 276757, 'time_iter': 0.00522, 'accuracy': 0.06905, 'f1': 0.01526, 'auc': 0.65042}
> Epoch 91: took 2.1s (avg 2.1s) | Best so far: epoch 57	train_loss: 0.6693 train_accuracy: 0.7735	val_loss: 7.1482 val_accuracy: 0.2667	test_loss: 6.2017 test_accuracy: 0.2119	F1: 0.1250 Prec: 0.1387 Rec: 0.2119
train: {'epoch': 92, 'time_epoch': 2.03066, 'eta': 290.59846, 'eta_hours': 0.08072, 'loss': 0.49761218, 'lr': 0.00070145, 'params': 276757, 'time_iter': 0.0116, 'accuracy': 0.83692, 'f1': 0.83697, 'auc': 0.99305}
val: {'epoch': 92, 'time_epoch': 0.10943, 'loss': 5.480688, 'lr': 0, 'params': 276757, 'time_iter': 0.00782, 'accuracy': 0.17857, 'f1': 0.08999, 'auc': 0.86463}
test: {'epoch': 92, 'time_epoch': 0.07704, 'loss': 6.59130342, 'lr': 0, 'params': 276757, 'time_iter': 0.0055, 'accuracy': 0.08095, 'f1': 0.04901, 'auc': 0.73779}
> Epoch 92: took 2.3s (avg 2.1s) | Best so far: epoch 57	train_loss: 0.6693 train_accuracy: 0.7735	val_loss: 7.1482 val_accuracy: 0.2667	test_loss: 6.2017 test_accuracy: 0.2119	F1: 0.1250 Prec: 0.1387 Rec: 0.2119
train: {'epoch': 93, 'time_epoch': 1.82446, 'eta': 288.70356, 'eta_hours': 0.0802, 'loss': 0.49307273, 'lr': 0.00069569, 'params': 276757, 'time_iter': 0.01043, 'accuracy': 0.83459, 'f1': 0.83442, 'auc': 0.99333}
val: {'epoch': 93, 'time_epoch': 0.08538, 'loss': 10.29391484, 'lr': 0, 'params': 276757, 'time_iter': 0.0061, 'accuracy': 0.12619, 'f1': 0.03524, 'auc': 0.82395}
test: {'epoch': 93, 'time_epoch': 0.07838, 'loss': 8.88537456, 'lr': 0, 'params': 276757, 'time_iter': 0.0056, 'accuracy': 0.12619, 'f1': 0.0497, 'auc': 0.70289}
> Epoch 93: took 2.1s (avg 2.1s) | Best so far: epoch 57	train_loss: 0.6693 train_accuracy: 0.7735	val_loss: 7.1482 val_accuracy: 0.2667	test_loss: 6.2017 test_accuracy: 0.2119	F1: 0.1250 Prec: 0.1387 Rec: 0.2119
train: {'epoch': 94, 'time_epoch': 1.75887, 'eta': 286.70312, 'eta_hours': 0.07964, 'loss': 0.47042838, 'lr': 0.00068989, 'params': 276757, 'time_iter': 0.01005, 'accuracy': 0.84194, 'f1': 0.84189, 'auc': 0.99399}
val: {'epoch': 94, 'time_epoch': 0.07312, 'loss': 5.29616501, 'lr': 0, 'params': 276757, 'time_iter': 0.00522, 'accuracy': 0.18095, 'f1': 0.10479, 'auc': 0.88402}
test: {'epoch': 94, 'time_epoch': 0.06738, 'loss': 4.82436808, 'lr': 0, 'params': 276757, 'time_iter': 0.00481, 'accuracy': 0.17143, 'f1': 0.11484, 'auc': 0.78889}
> Epoch 94: took 2.0s (avg 2.1s) | Best so far: epoch 57	train_loss: 0.6693 train_accuracy: 0.7735	val_loss: 7.1482 val_accuracy: 0.2667	test_loss: 6.2017 test_accuracy: 0.2119	F1: 0.1250 Prec: 0.1387 Rec: 0.2119
train: {'epoch': 95, 'time_epoch': 1.78479, 'eta': 284.7493, 'eta_hours': 0.0791, 'loss': 0.48425053, 'lr': 0.00068406, 'params': 276757, 'time_iter': 0.0102, 'accuracy': 0.83799, 'f1': 0.83774, 'auc': 0.99349}
val: {'epoch': 95, 'time_epoch': 0.08129, 'loss': 5.80496296, 'lr': 0, 'params': 276757, 'time_iter': 0.00581, 'accuracy': 0.19048, 'f1': 0.08974, 'auc': 0.86313}
test: {'epoch': 95, 'time_epoch': 0.08602, 'loss': 5.23749822, 'lr': 0, 'params': 276757, 'time_iter': 0.00614, 'accuracy': 0.17619, 'f1': 0.10073, 'auc': 0.7777}
> Epoch 95: took 2.0s (avg 2.1s) | Best so far: epoch 57	train_loss: 0.6693 train_accuracy: 0.7735	val_loss: 7.1482 val_accuracy: 0.2667	test_loss: 6.2017 test_accuracy: 0.2119	F1: 0.1250 Prec: 0.1387 Rec: 0.2119
train: {'epoch': 96, 'time_epoch': 1.72177, 'eta': 282.69956, 'eta_hours': 0.07853, 'loss': 0.49279277, 'lr': 0.00067821, 'params': 276757, 'time_iter': 0.00984, 'accuracy': 0.83656, 'f1': 0.83639, 'auc': 0.99319}
val: {'epoch': 96, 'time_epoch': 0.06765, 'loss': 3.67487827, 'lr': 0, 'params': 276757, 'time_iter': 0.00483, 'accuracy': 0.34762, 'f1': 0.27119, 'auc': 0.91746}
test: {'epoch': 96, 'time_epoch': 0.06214, 'loss': 3.62047666, 'lr': 0, 'params': 276757, 'time_iter': 0.00444, 'accuracy': 0.23333, 'f1': 0.19631, 'auc': 0.82804}
[*] Confusion Matrix saved to: results_lopo_none/GM_3m\Conf\confusion_matrix_epoch_96.png
> Epoch 96: took 1.9s (avg 2.1s) | Best so far: epoch 96	train_loss: 0.4928 train_accuracy: 0.8366	val_loss: 3.6749 val_accuracy: 0.3476	test_loss: 3.6205 test_accuracy: 0.2333	F1: 0.1963 Prec: 0.2784 Rec: 0.2333
train: {'epoch': 97, 'time_epoch': 1.87115, 'eta': 280.88822, 'eta_hours': 0.07802, 'loss': 0.47141561, 'lr': 0.00067232, 'params': 276757, 'time_iter': 0.01069, 'accuracy': 0.84104, 'f1': 0.84093, 'auc': 0.99398}
val: {'epoch': 97, 'time_epoch': 0.09194, 'loss': 6.64227979, 'lr': 0, 'params': 276757, 'time_iter': 0.00657, 'accuracy': 0.18095, 'f1': 0.09227, 'auc': 0.86094}
test: {'epoch': 97, 'time_epoch': 0.09708, 'loss': 6.80507304, 'lr': 0, 'params': 276757, 'time_iter': 0.00693, 'accuracy': 0.12143, 'f1': 0.08543, 'auc': 0.72011}
> Epoch 97: took 2.2s (avg 2.1s) | Best so far: epoch 96	train_loss: 0.4928 train_accuracy: 0.8366	val_loss: 3.6749 val_accuracy: 0.3476	test_loss: 3.6205 test_accuracy: 0.2333	F1: 0.1963 Prec: 0.2784 Rec: 0.2333
train: {'epoch': 98, 'time_epoch': 1.78946, 'eta': 278.95106, 'eta_hours': 0.07749, 'loss': 0.44299548, 'lr': 0.00066641, 'params': 276757, 'time_iter': 0.01023, 'accuracy': 0.85054, 'f1': 0.85043, 'auc': 0.99463}
val: {'epoch': 98, 'time_epoch': 0.08816, 'loss': 14.87862958, 'lr': 0, 'params': 276757, 'time_iter': 0.0063, 'accuracy': 0.11429, 'f1': 0.03832, 'auc': 0.7824}
test: {'epoch': 98, 'time_epoch': 0.06665, 'loss': 11.54662643, 'lr': 0, 'params': 276757, 'time_iter': 0.00476, 'accuracy': 0.12857, 'f1': 0.05071, 'auc': 0.65289}
> Epoch 98: took 2.0s (avg 2.1s) | Best so far: epoch 96	train_loss: 0.4928 train_accuracy: 0.8366	val_loss: 3.6749 val_accuracy: 0.3476	test_loss: 3.6205 test_accuracy: 0.2333	F1: 0.1963 Prec: 0.2784 Rec: 0.2333
train: {'epoch': 99, 'time_epoch': 1.68741, 'eta': 276.86378, 'eta_hours': 0.07691, 'loss': 0.45406194, 'lr': 0.00066047, 'params': 276757, 'time_iter': 0.00964, 'accuracy': 0.85591, 'f1': 0.8558, 'auc': 0.99411}
val: {'epoch': 99, 'time_epoch': 0.07482, 'loss': 7.06078156, 'lr': 0, 'params': 276757, 'time_iter': 0.00534, 'accuracy': 0.16429, 'f1': 0.074, 'auc': 0.83877}
test: {'epoch': 99, 'time_epoch': 0.06015, 'loss': 6.68812251, 'lr': 0, 'params': 276757, 'time_iter': 0.0043, 'accuracy': 0.10714, 'f1': 0.06358, 'auc': 0.74154}
> Epoch 99: took 1.9s (avg 2.1s) | Best so far: epoch 96	train_loss: 0.4928 train_accuracy: 0.8366	val_loss: 3.6749 val_accuracy: 0.3476	test_loss: 3.6205 test_accuracy: 0.2333	F1: 0.1963 Prec: 0.2784 Rec: 0.2333
train: {'epoch': 100, 'time_epoch': 1.90275, 'eta': 275.10211, 'eta_hours': 0.07642, 'loss': 0.45087921, 'lr': 0.00065451, 'params': 276757, 'time_iter': 0.01087, 'accuracy': 0.84982, 'f1': 0.84962, 'auc': 0.9945}
val: {'epoch': 100, 'time_epoch': 0.08786, 'loss': 4.71812782, 'lr': 0, 'params': 276757, 'time_iter': 0.00628, 'accuracy': 0.25714, 'f1': 0.16839, 'auc': 0.88661}
test: {'epoch': 100, 'time_epoch': 0.10692, 'loss': 5.00798694, 'lr': 0, 'params': 276757, 'time_iter': 0.00764, 'accuracy': 0.17381, 'f1': 0.13989, 'auc': 0.77211}
> Epoch 100: took 2.2s (avg 2.1s) | Best so far: epoch 96	train_loss: 0.4928 train_accuracy: 0.8366	val_loss: 3.6749 val_accuracy: 0.3476	test_loss: 3.6205 test_accuracy: 0.2333	F1: 0.1963 Prec: 0.2784 Rec: 0.2333
train: {'epoch': 101, 'time_epoch': 1.85822, 'eta': 273.27305, 'eta_hours': 0.07591, 'loss': 0.44385371, 'lr': 0.00064852, 'params': 276757, 'time_iter': 0.01062, 'accuracy': 0.85627, 'f1': 0.85629, 'auc': 0.99434}
val: {'epoch': 101, 'time_epoch': 0.10274, 'loss': 5.74921879, 'lr': 0, 'params': 276757, 'time_iter': 0.00734, 'accuracy': 0.17381, 'f1': 0.09561, 'auc': 0.84798}
test: {'epoch': 101, 'time_epoch': 0.07789, 'loss': 5.44365965, 'lr': 0, 'params': 276757, 'time_iter': 0.00556, 'accuracy': 0.16905, 'f1': 0.1262, 'auc': 0.75471}
> Epoch 101: took 2.1s (avg 2.1s) | Best so far: epoch 96	train_loss: 0.4928 train_accuracy: 0.8366	val_loss: 3.6749 val_accuracy: 0.3476	test_loss: 3.6205 test_accuracy: 0.2333	F1: 0.1963 Prec: 0.2784 Rec: 0.2333
train: {'epoch': 102, 'time_epoch': 1.86835, 'eta': 271.45788, 'eta_hours': 0.0754, 'loss': 0.44077134, 'lr': 0.00064251, 'params': 276757, 'time_iter': 0.01068, 'accuracy': 0.85179, 'f1': 0.85177, 'auc': 0.99469}
val: {'epoch': 102, 'time_epoch': 0.08721, 'loss': 6.69872168, 'lr': 0, 'params': 276757, 'time_iter': 0.00623, 'accuracy': 0.19286, 'f1': 0.10852, 'auc': 0.83064}
test: {'epoch': 102, 'time_epoch': 0.10736, 'loss': 7.00254114, 'lr': 0, 'params': 276757, 'time_iter': 0.00767, 'accuracy': 0.12381, 'f1': 0.11698, 'auc': 0.68871}
> Epoch 102: took 2.2s (avg 2.1s) | Best so far: epoch 96	train_loss: 0.4928 train_accuracy: 0.8366	val_loss: 3.6749 val_accuracy: 0.3476	test_loss: 3.6205 test_accuracy: 0.2333	F1: 0.1963 Prec: 0.2784 Rec: 0.2333
train: {'epoch': 103, 'time_epoch': 1.83545, 'eta': 269.5955, 'eta_hours': 0.07489, 'loss': 0.44616916, 'lr': 0.00063648, 'params': 276757, 'time_iter': 0.01049, 'accuracy': 0.85143, 'f1': 0.85124, 'auc': 0.99454}
val: {'epoch': 103, 'time_epoch': 0.08594, 'loss': 7.48576583, 'lr': 0, 'params': 276757, 'time_iter': 0.00614, 'accuracy': 0.1381, 'f1': 0.06127, 'auc': 0.83935}
test: {'epoch': 103, 'time_epoch': 0.08233, 'loss': 7.40072755, 'lr': 0, 'params': 276757, 'time_iter': 0.00588, 'accuracy': 0.09524, 'f1': 0.05525, 'auc': 0.71611}
> Epoch 103: took 2.1s (avg 2.1s) | Best so far: epoch 96	train_loss: 0.4928 train_accuracy: 0.8366	val_loss: 3.6749 val_accuracy: 0.3476	test_loss: 3.6205 test_accuracy: 0.2333	F1: 0.1963 Prec: 0.2784 Rec: 0.2333
train: {'epoch': 104, 'time_epoch': 1.89315, 'eta': 267.81332, 'eta_hours': 0.07439, 'loss': 0.44612625, 'lr': 0.00063042, 'params': 276757, 'time_iter': 0.01082, 'accuracy': 0.84803, 'f1': 0.84789, 'auc': 0.99446}
val: {'epoch': 104, 'time_epoch': 0.06963, 'loss': 7.90558878, 'lr': 0, 'params': 276757, 'time_iter': 0.00497, 'accuracy': 0.13333, 'f1': 0.06401, 'auc': 0.82365}
test: {'epoch': 104, 'time_epoch': 0.09377, 'loss': 7.02982148, 'lr': 0, 'params': 276757, 'time_iter': 0.0067, 'accuracy': 0.09524, 'f1': 0.04153, 'auc': 0.7258}
> Epoch 104: took 2.1s (avg 2.1s) | Best so far: epoch 96	train_loss: 0.4928 train_accuracy: 0.8366	val_loss: 3.6749 val_accuracy: 0.3476	test_loss: 3.6205 test_accuracy: 0.2333	F1: 0.1963 Prec: 0.2784 Rec: 0.2333
train: {'epoch': 105, 'time_epoch': 1.80053, 'eta': 265.90321, 'eta_hours': 0.07386, 'loss': 0.43333335, 'lr': 0.00062434, 'params': 276757, 'time_iter': 0.01029, 'accuracy': 0.85717, 'f1': 0.85712, 'auc': 0.99476}
val: {'epoch': 105, 'time_epoch': 0.06301, 'loss': 8.41016778, 'lr': 0, 'params': 276757, 'time_iter': 0.0045, 'accuracy': 0.15714, 'f1': 0.091, 'auc': 0.83957}
test: {'epoch': 105, 'time_epoch': 0.0945, 'loss': 8.22621493, 'lr': 0, 'params': 276757, 'time_iter': 0.00675, 'accuracy': 0.15714, 'f1': 0.08369, 'auc': 0.72432}
> Epoch 105: took 2.0s (avg 2.1s) | Best so far: epoch 96	train_loss: 0.4928 train_accuracy: 0.8366	val_loss: 3.6749 val_accuracy: 0.3476	test_loss: 3.6205 test_accuracy: 0.2333	F1: 0.1963 Prec: 0.2784 Rec: 0.2333
train: {'epoch': 106, 'time_epoch': 1.77573, 'eta': 263.96201, 'eta_hours': 0.07332, 'loss': 0.44104805, 'lr': 0.00061825, 'params': 276757, 'time_iter': 0.01015, 'accuracy': 0.85538, 'f1': 0.8554, 'auc': 0.9945}
val: {'epoch': 106, 'time_epoch': 0.06885, 'loss': 9.04861225, 'lr': 0, 'params': 276757, 'time_iter': 0.00492, 'accuracy': 0.14048, 'f1': 0.06457, 'auc': 0.82769}
test: {'epoch': 106, 'time_epoch': 0.06689, 'loss': 8.87230344, 'lr': 0, 'params': 276757, 'time_iter': 0.00478, 'accuracy': 0.07619, 'f1': 0.03839, 'auc': 0.7106}
> Epoch 106: took 2.0s (avg 2.1s) | Best so far: epoch 96	train_loss: 0.4928 train_accuracy: 0.8366	val_loss: 3.6749 val_accuracy: 0.3476	test_loss: 3.6205 test_accuracy: 0.2333	F1: 0.1963 Prec: 0.2784 Rec: 0.2333
train: {'epoch': 107, 'time_epoch': 2.03071, 'eta': 262.35914, 'eta_hours': 0.07288, 'loss': 0.41650608, 'lr': 0.00061214, 'params': 276757, 'time_iter': 0.0116, 'accuracy': 0.8638, 'f1': 0.86377, 'auc': 0.99505}
val: {'epoch': 107, 'time_epoch': 0.09596, 'loss': 5.2009696, 'lr': 0, 'params': 276757, 'time_iter': 0.00685, 'accuracy': 0.2, 'f1': 0.12632, 'auc': 0.86019}
test: {'epoch': 107, 'time_epoch': 0.08877, 'loss': 4.60123859, 'lr': 0, 'params': 276757, 'time_iter': 0.00634, 'accuracy': 0.17143, 'f1': 0.14699, 'auc': 0.77335}
> Epoch 107: took 2.3s (avg 2.1s) | Best so far: epoch 96	train_loss: 0.4928 train_accuracy: 0.8366	val_loss: 3.6749 val_accuracy: 0.3476	test_loss: 3.6205 test_accuracy: 0.2333	F1: 0.1963 Prec: 0.2784 Rec: 0.2333
train: {'epoch': 108, 'time_epoch': 1.91826, 'eta': 260.60295, 'eta_hours': 0.07239, 'loss': 0.42737102, 'lr': 0.000606, 'params': 276757, 'time_iter': 0.01096, 'accuracy': 0.86111, 'f1': 0.86115, 'auc': 0.99484}
val: {'epoch': 108, 'time_epoch': 0.06746, 'loss': 7.71670332, 'lr': 0, 'params': 276757, 'time_iter': 0.00482, 'accuracy': 0.16429, 'f1': 0.09381, 'auc': 0.81451}
test: {'epoch': 108, 'time_epoch': 0.07318, 'loss': 7.24489841, 'lr': 0, 'params': 276757, 'time_iter': 0.00523, 'accuracy': 0.14762, 'f1': 0.08537, 'auc': 0.71598}
> Epoch 108: took 2.1s (avg 2.1s) | Best so far: epoch 96	train_loss: 0.4928 train_accuracy: 0.8366	val_loss: 3.6749 val_accuracy: 0.3476	test_loss: 3.6205 test_accuracy: 0.2333	F1: 0.1963 Prec: 0.2784 Rec: 0.2333
train: {'epoch': 109, 'time_epoch': 2.47042, 'eta': 259.54655, 'eta_hours': 0.0721, 'loss': 0.42356892, 'lr': 0.00059985, 'params': 276757, 'time_iter': 0.01412, 'accuracy': 0.85932, 'f1': 0.8593, 'auc': 0.9949}
val: {'epoch': 109, 'time_epoch': 0.10118, 'loss': 6.63459419, 'lr': 0, 'params': 276757, 'time_iter': 0.00723, 'accuracy': 0.17381, 'f1': 0.1037, 'auc': 0.82686}
test: {'epoch': 109, 'time_epoch': 0.07564, 'loss': 7.30899522, 'lr': 0, 'params': 276757, 'time_iter': 0.0054, 'accuracy': 0.12619, 'f1': 0.0876, 'auc': 0.72441}
> Epoch 109: took 2.7s (avg 2.1s) | Best so far: epoch 96	train_loss: 0.4928 train_accuracy: 0.8366	val_loss: 3.6749 val_accuracy: 0.3476	test_loss: 3.6205 test_accuracy: 0.2333	F1: 0.1963 Prec: 0.2784 Rec: 0.2333
train: {'epoch': 110, 'time_epoch': 1.80907, 'eta': 257.6365, 'eta_hours': 0.07157, 'loss': 0.42052713, 'lr': 0.00059369, 'params': 276757, 'time_iter': 0.01034, 'accuracy': 0.86254, 'f1': 0.86239, 'auc': 0.99507}
val: {'epoch': 110, 'time_epoch': 0.08402, 'loss': 3.1579068, 'lr': 0, 'params': 276757, 'time_iter': 0.006, 'accuracy': 0.24524, 'f1': 0.22458, 'auc': 0.88514}
test: {'epoch': 110, 'time_epoch': 0.07858, 'loss': 3.91689695, 'lr': 0, 'params': 276757, 'time_iter': 0.00561, 'accuracy': 0.22619, 'f1': 0.21164, 'auc': 0.81329}
> Epoch 110: took 2.1s (avg 2.1s) | Best so far: epoch 96	train_loss: 0.4928 train_accuracy: 0.8366	val_loss: 3.6749 val_accuracy: 0.3476	test_loss: 3.6205 test_accuracy: 0.2333	F1: 0.1963 Prec: 0.2784 Rec: 0.2333
train: {'epoch': 111, 'time_epoch': 1.77154, 'eta': 255.68201, 'eta_hours': 0.07102, 'loss': 0.41734426, 'lr': 0.00058751, 'params': 276757, 'time_iter': 0.01012, 'accuracy': 0.86631, 'f1': 0.86631, 'auc': 0.99494}
val: {'epoch': 111, 'time_epoch': 0.06648, 'loss': 5.29164842, 'lr': 0, 'params': 276757, 'time_iter': 0.00475, 'accuracy': 0.16429, 'f1': 0.10142, 'auc': 0.86522}
test: {'epoch': 111, 'time_epoch': 0.08317, 'loss': 4.27158684, 'lr': 0, 'params': 276757, 'time_iter': 0.00594, 'accuracy': 0.19524, 'f1': 0.14594, 'auc': 0.81369}
> Epoch 111: took 2.0s (avg 2.1s) | Best so far: epoch 96	train_loss: 0.4928 train_accuracy: 0.8366	val_loss: 3.6749 val_accuracy: 0.3476	test_loss: 3.6205 test_accuracy: 0.2333	F1: 0.1963 Prec: 0.2784 Rec: 0.2333
train: {'epoch': 112, 'time_epoch': 1.67722, 'eta': 253.61641, 'eta_hours': 0.07045, 'loss': 0.42138585, 'lr': 0.00058132, 'params': 276757, 'time_iter': 0.00958, 'accuracy': 0.86523, 'f1': 0.8653, 'auc': 0.99499}
val: {'epoch': 112, 'time_epoch': 0.10002, 'loss': 9.5842318, 'lr': 0, 'params': 276757, 'time_iter': 0.00714, 'accuracy': 0.14286, 'f1': 0.03911, 'auc': 0.84266}
test: {'epoch': 112, 'time_epoch': 0.07492, 'loss': 8.36201638, 'lr': 0, 'params': 276757, 'time_iter': 0.00535, 'accuracy': 0.11905, 'f1': 0.05334, 'auc': 0.72369}
> Epoch 112: took 1.9s (avg 2.1s) | Best so far: epoch 96	train_loss: 0.4928 train_accuracy: 0.8366	val_loss: 3.6749 val_accuracy: 0.3476	test_loss: 3.6205 test_accuracy: 0.2333	F1: 0.1963 Prec: 0.2784 Rec: 0.2333
train: {'epoch': 113, 'time_epoch': 1.66368, 'eta': 251.54146, 'eta_hours': 0.06987, 'loss': 0.40904796, 'lr': 0.00057511, 'params': 276757, 'time_iter': 0.00951, 'accuracy': 0.86953, 'f1': 0.86942, 'auc': 0.99519}
val: {'epoch': 113, 'time_epoch': 0.06597, 'loss': 10.82608633, 'lr': 0, 'params': 276757, 'time_iter': 0.00471, 'accuracy': 0.13333, 'f1': 0.04725, 'auc': 0.82211}
test: {'epoch': 113, 'time_epoch': 0.06549, 'loss': 10.212463, 'lr': 0, 'params': 276757, 'time_iter': 0.00468, 'accuracy': 0.07619, 'f1': 0.05361, 'auc': 0.67057}
> Epoch 113: took 1.9s (avg 2.1s) | Best so far: epoch 96	train_loss: 0.4928 train_accuracy: 0.8366	val_loss: 3.6749 val_accuracy: 0.3476	test_loss: 3.6205 test_accuracy: 0.2333	F1: 0.1963 Prec: 0.2784 Rec: 0.2333
train: {'epoch': 114, 'time_epoch': 1.77845, 'eta': 249.6084, 'eta_hours': 0.06934, 'loss': 0.397776, 'lr': 0.0005689, 'params': 276757, 'time_iter': 0.01016, 'accuracy': 0.86434, 'f1': 0.86419, 'auc': 0.99558}
val: {'epoch': 114, 'time_epoch': 0.0689, 'loss': 6.61473459, 'lr': 0, 'params': 276757, 'time_iter': 0.00492, 'accuracy': 0.15238, 'f1': 0.07889, 'auc': 0.85004}
test: {'epoch': 114, 'time_epoch': 0.06334, 'loss': 6.44723365, 'lr': 0, 'params': 276757, 'time_iter': 0.00452, 'accuracy': 0.12143, 'f1': 0.06871, 'auc': 0.76058}
> Epoch 114: took 2.0s (avg 2.1s) | Best so far: epoch 96	train_loss: 0.4928 train_accuracy: 0.8366	val_loss: 3.6749 val_accuracy: 0.3476	test_loss: 3.6205 test_accuracy: 0.2333	F1: 0.1963 Prec: 0.2784 Rec: 0.2333
train: {'epoch': 115, 'time_epoch': 1.67034, 'eta': 247.55312, 'eta_hours': 0.06876, 'loss': 0.4339423, 'lr': 0.00056267, 'params': 276757, 'time_iter': 0.00954, 'accuracy': 0.8552, 'f1': 0.85505, 'auc': 0.99462}
val: {'epoch': 115, 'time_epoch': 0.08317, 'loss': 2.02913281, 'lr': 0, 'params': 276757, 'time_iter': 0.00594, 'accuracy': 0.45238, 'f1': 0.44367, 'auc': 0.93692}
test: {'epoch': 115, 'time_epoch': 0.06891, 'loss': 3.1708626, 'lr': 0, 'params': 276757, 'time_iter': 0.00492, 'accuracy': 0.26429, 'f1': 0.26326, 'auc': 0.8213}
[*] Confusion Matrix saved to: results_lopo_none/GM_3m\Conf\confusion_matrix_epoch_115.png
> Epoch 115: took 1.9s (avg 2.1s) | Best so far: epoch 115	train_loss: 0.4339 train_accuracy: 0.8552	val_loss: 2.0291 val_accuracy: 0.4524	test_loss: 3.1709 test_accuracy: 0.2643	F1: 0.2633 Prec: 0.3263 Rec: 0.2643
train: {'epoch': 116, 'time_epoch': 1.86267, 'eta': 245.72305, 'eta_hours': 0.06826, 'loss': 0.40563614, 'lr': 0.00055643, 'params': 276757, 'time_iter': 0.01064, 'accuracy': 0.86613, 'f1': 0.86615, 'auc': 0.99526}
val: {'epoch': 116, 'time_epoch': 0.06402, 'loss': 7.17617871, 'lr': 0, 'params': 276757, 'time_iter': 0.00457, 'accuracy': 0.1619, 'f1': 0.09273, 'auc': 0.82336}
test: {'epoch': 116, 'time_epoch': 0.07772, 'loss': 6.08467444, 'lr': 0, 'params': 276757, 'time_iter': 0.00555, 'accuracy': 0.16905, 'f1': 0.10272, 'auc': 0.7555}
> Epoch 116: took 2.1s (avg 2.1s) | Best so far: epoch 115	train_loss: 0.4339 train_accuracy: 0.8552	val_loss: 2.0291 val_accuracy: 0.4524	test_loss: 3.1709 test_accuracy: 0.2643	F1: 0.2633 Prec: 0.3263 Rec: 0.2643
train: {'epoch': 117, 'time_epoch': 1.67937, 'eta': 243.68739, 'eta_hours': 0.06769, 'loss': 0.39508924, 'lr': 0.00055018, 'params': 276757, 'time_iter': 0.0096, 'accuracy': 0.86953, 'f1': 0.86957, 'auc': 0.99567}
val: {'epoch': 117, 'time_epoch': 0.09593, 'loss': 4.86819461, 'lr': 0, 'params': 276757, 'time_iter': 0.00685, 'accuracy': 0.26905, 'f1': 0.18809, 'auc': 0.88357}
test: {'epoch': 117, 'time_epoch': 0.06651, 'loss': 4.55527544, 'lr': 0, 'params': 276757, 'time_iter': 0.00475, 'accuracy': 0.22619, 'f1': 0.17038, 'auc': 0.8027}
> Epoch 117: took 1.9s (avg 2.1s) | Best so far: epoch 115	train_loss: 0.4339 train_accuracy: 0.8552	val_loss: 2.0291 val_accuracy: 0.4524	test_loss: 3.1709 test_accuracy: 0.2643	F1: 0.2633 Prec: 0.3263 Rec: 0.2643
train: {'epoch': 118, 'time_epoch': 1.68668, 'eta': 241.66576, 'eta_hours': 0.06713, 'loss': 0.41381692, 'lr': 0.00054393, 'params': 276757, 'time_iter': 0.00964, 'accuracy': 0.86272, 'f1': 0.86259, 'auc': 0.99512}
val: {'epoch': 118, 'time_epoch': 0.06675, 'loss': 4.59837125, 'lr': 0, 'params': 276757, 'time_iter': 0.00477, 'accuracy': 0.22381, 'f1': 0.14461, 'auc': 0.87703}
test: {'epoch': 118, 'time_epoch': 0.06498, 'loss': 4.53544914, 'lr': 0, 'params': 276757, 'time_iter': 0.00464, 'accuracy': 0.25714, 'f1': 0.211, 'auc': 0.82354}
> Epoch 118: took 1.9s (avg 2.1s) | Best so far: epoch 115	train_loss: 0.4339 train_accuracy: 0.8552	val_loss: 2.0291 val_accuracy: 0.4524	test_loss: 3.1709 test_accuracy: 0.2643	F1: 0.2633 Prec: 0.3263 Rec: 0.2643
train: {'epoch': 119, 'time_epoch': 1.73139, 'eta': 239.69815, 'eta_hours': 0.06658, 'loss': 0.38427215, 'lr': 0.00053766, 'params': 276757, 'time_iter': 0.00989, 'accuracy': 0.87849, 'f1': 0.87845, 'auc': 0.99586}
val: {'epoch': 119, 'time_epoch': 0.06958, 'loss': 13.08644128, 'lr': 0, 'params': 276757, 'time_iter': 0.00497, 'accuracy': 0.15238, 'f1': 0.06069, 'auc': 0.80695}
test: {'epoch': 119, 'time_epoch': 0.06732, 'loss': 10.48733411, 'lr': 0, 'params': 276757, 'time_iter': 0.00481, 'accuracy': 0.11667, 'f1': 0.04253, 'auc': 0.69922}
> Epoch 119: took 1.9s (avg 2.1s) | Best so far: epoch 115	train_loss: 0.4339 train_accuracy: 0.8552	val_loss: 2.0291 val_accuracy: 0.4524	test_loss: 3.1709 test_accuracy: 0.2643	F1: 0.2633 Prec: 0.3263 Rec: 0.2643
train: {'epoch': 120, 'time_epoch': 1.79217, 'eta': 237.79924, 'eta_hours': 0.06606, 'loss': 0.38415045, 'lr': 0.0005314, 'params': 276757, 'time_iter': 0.01024, 'accuracy': 0.87258, 'f1': 0.87241, 'auc': 0.996}
val: {'epoch': 120, 'time_epoch': 0.07312, 'loss': 4.43747476, 'lr': 0, 'params': 276757, 'time_iter': 0.00522, 'accuracy': 0.19048, 'f1': 0.1511, 'auc': 0.86728}
test: {'epoch': 120, 'time_epoch': 0.06356, 'loss': 4.50308649, 'lr': 0, 'params': 276757, 'time_iter': 0.00454, 'accuracy': 0.22143, 'f1': 0.19145, 'auc': 0.80329}
> Epoch 120: took 2.0s (avg 2.1s) | Best so far: epoch 115	train_loss: 0.4339 train_accuracy: 0.8552	val_loss: 2.0291 val_accuracy: 0.4524	test_loss: 3.1709 test_accuracy: 0.2643	F1: 0.2633 Prec: 0.3263 Rec: 0.2643
train: {'epoch': 121, 'time_epoch': 1.75748, 'eta': 235.86569, 'eta_hours': 0.06552, 'loss': 0.39593806, 'lr': 0.00052512, 'params': 276757, 'time_iter': 0.01004, 'accuracy': 0.86667, 'f1': 0.86663, 'auc': 0.99564}
val: {'epoch': 121, 'time_epoch': 0.07276, 'loss': 7.78909968, 'lr': 0, 'params': 276757, 'time_iter': 0.0052, 'accuracy': 0.12143, 'f1': 0.05948, 'auc': 0.8185}
test: {'epoch': 121, 'time_epoch': 0.0721, 'loss': 7.53741395, 'lr': 0, 'params': 276757, 'time_iter': 0.00515, 'accuracy': 0.14286, 'f1': 0.0906, 'auc': 0.71501}
> Epoch 121: took 2.0s (avg 2.1s) | Best so far: epoch 115	train_loss: 0.4339 train_accuracy: 0.8552	val_loss: 2.0291 val_accuracy: 0.4524	test_loss: 3.1709 test_accuracy: 0.2643	F1: 0.2633 Prec: 0.3263 Rec: 0.2643
train: {'epoch': 122, 'time_epoch': 1.78286, 'eta': 233.9612, 'eta_hours': 0.06499, 'loss': 0.3867349, 'lr': 0.00051885, 'params': 276757, 'time_iter': 0.01019, 'accuracy': 0.87097, 'f1': 0.87083, 'auc': 0.99584}
val: {'epoch': 122, 'time_epoch': 0.07199, 'loss': 4.30682124, 'lr': 0, 'params': 276757, 'time_iter': 0.00514, 'accuracy': 0.2, 'f1': 0.1324, 'auc': 0.86283}
test: {'epoch': 122, 'time_epoch': 0.07392, 'loss': 4.87961904, 'lr': 0, 'params': 276757, 'time_iter': 0.00528, 'accuracy': 0.15238, 'f1': 0.12426, 'auc': 0.77246}
> Epoch 122: took 2.0s (avg 2.1s) | Best so far: epoch 115	train_loss: 0.4339 train_accuracy: 0.8552	val_loss: 2.0291 val_accuracy: 0.4524	test_loss: 3.1709 test_accuracy: 0.2643	F1: 0.2633 Prec: 0.3263 Rec: 0.2643
train: {'epoch': 123, 'time_epoch': 1.88894, 'eta': 232.16647, 'eta_hours': 0.06449, 'loss': 0.38836059, 'lr': 0.00051257, 'params': 276757, 'time_iter': 0.01079, 'accuracy': 0.87007, 'f1': 0.86999, 'auc': 0.99582}
val: {'epoch': 123, 'time_epoch': 0.06344, 'loss': 4.57737851, 'lr': 0, 'params': 276757, 'time_iter': 0.00453, 'accuracy': 0.24048, 'f1': 0.15954, 'auc': 0.89101}
test: {'epoch': 123, 'time_epoch': 0.07234, 'loss': 4.74267921, 'lr': 0, 'params': 276757, 'time_iter': 0.00517, 'accuracy': 0.19762, 'f1': 0.1711, 'auc': 0.79385}
> Epoch 123: took 2.1s (avg 2.1s) | Best so far: epoch 115	train_loss: 0.4339 train_accuracy: 0.8552	val_loss: 2.0291 val_accuracy: 0.4524	test_loss: 3.1709 test_accuracy: 0.2643	F1: 0.2633 Prec: 0.3263 Rec: 0.2643
train: {'epoch': 124, 'time_epoch': 2.332, 'eta': 230.81328, 'eta_hours': 0.06411, 'loss': 0.37103477, 'lr': 0.00050628, 'params': 276757, 'time_iter': 0.01333, 'accuracy': 0.87599, 'f1': 0.87582, 'auc': 0.99623}
val: {'epoch': 124, 'time_epoch': 0.07363, 'loss': 4.98899739, 'lr': 0, 'params': 276757, 'time_iter': 0.00526, 'accuracy': 0.23571, 'f1': 0.13685, 'auc': 0.86802}
test: {'epoch': 124, 'time_epoch': 0.07886, 'loss': 4.69749681, 'lr': 0, 'params': 276757, 'time_iter': 0.00563, 'accuracy': 0.20476, 'f1': 0.14874, 'auc': 0.81661}
> Epoch 124: took 2.5s (avg 2.1s) | Best so far: epoch 115	train_loss: 0.4339 train_accuracy: 0.8552	val_loss: 2.0291 val_accuracy: 0.4524	test_loss: 3.1709 test_accuracy: 0.2643	F1: 0.2633 Prec: 0.3263 Rec: 0.2643
train: {'epoch': 125, 'time_epoch': 1.96272, 'eta': 229.08115, 'eta_hours': 0.06363, 'loss': 0.36186767, 'lr': 0.0005, 'params': 276757, 'time_iter': 0.01122, 'accuracy': 0.87957, 'f1': 0.87938, 'auc': 0.99639}
val: {'epoch': 125, 'time_epoch': 0.07218, 'loss': 8.85315746, 'lr': 0, 'params': 276757, 'time_iter': 0.00516, 'accuracy': 0.17857, 'f1': 0.08496, 'auc': 0.8653}
test: {'epoch': 125, 'time_epoch': 0.06305, 'loss': 7.74213624, 'lr': 0, 'params': 276757, 'time_iter': 0.0045, 'accuracy': 0.11429, 'f1': 0.07772, 'auc': 0.71027}
> Epoch 125: took 2.2s (avg 2.1s) | Best so far: epoch 115	train_loss: 0.4339 train_accuracy: 0.8552	val_loss: 2.0291 val_accuracy: 0.4524	test_loss: 3.1709 test_accuracy: 0.2643	F1: 0.2633 Prec: 0.3263 Rec: 0.2643
train: {'epoch': 126, 'time_epoch': 2.18119, 'eta': 227.55697, 'eta_hours': 0.06321, 'loss': 0.35853578, 'lr': 0.00049372, 'params': 276757, 'time_iter': 0.01246, 'accuracy': 0.88315, 'f1': 0.88311, 'auc': 0.99641}
val: {'epoch': 126, 'time_epoch': 0.0791, 'loss': 7.58888379, 'lr': 0, 'params': 276757, 'time_iter': 0.00565, 'accuracy': 0.18571, 'f1': 0.10248, 'auc': 0.83986}
test: {'epoch': 126, 'time_epoch': 0.06841, 'loss': 7.41767999, 'lr': 0, 'params': 276757, 'time_iter': 0.00489, 'accuracy': 0.12857, 'f1': 0.08896, 'auc': 0.73443}
> Epoch 126: took 2.4s (avg 2.1s) | Best so far: epoch 115	train_loss: 0.4339 train_accuracy: 0.8552	val_loss: 2.0291 val_accuracy: 0.4524	test_loss: 3.1709 test_accuracy: 0.2643	F1: 0.2633 Prec: 0.3263 Rec: 0.2643
train: {'epoch': 127, 'time_epoch': 2.11719, 'eta': 225.96153, 'eta_hours': 0.06277, 'loss': 0.37468222, 'lr': 0.00048743, 'params': 276757, 'time_iter': 0.0121, 'accuracy': 0.88262, 'f1': 0.88256, 'auc': 0.99585}
val: {'epoch': 127, 'time_epoch': 0.0808, 'loss': 4.38068493, 'lr': 0, 'params': 276757, 'time_iter': 0.00577, 'accuracy': 0.26429, 'f1': 0.1997, 'auc': 0.87415}
test: {'epoch': 127, 'time_epoch': 0.07955, 'loss': 5.23707148, 'lr': 0, 'params': 276757, 'time_iter': 0.00568, 'accuracy': 0.11429, 'f1': 0.07051, 'auc': 0.78851}
> Epoch 127: took 2.4s (avg 2.1s) | Best so far: epoch 115	train_loss: 0.4339 train_accuracy: 0.8552	val_loss: 2.0291 val_accuracy: 0.4524	test_loss: 3.1709 test_accuracy: 0.2643	F1: 0.2633 Prec: 0.3263 Rec: 0.2643
train: {'epoch': 128, 'time_epoch': 1.93938, 'eta': 224.19122, 'eta_hours': 0.06228, 'loss': 0.36156072, 'lr': 0.00048115, 'params': 276757, 'time_iter': 0.01108, 'accuracy': 0.88118, 'f1': 0.88107, 'auc': 0.99629}
val: {'epoch': 128, 'time_epoch': 0.06774, 'loss': 10.66896695, 'lr': 0, 'params': 276757, 'time_iter': 0.00484, 'accuracy': 0.14286, 'f1': 0.04576, 'auc': 0.84455}
test: {'epoch': 128, 'time_epoch': 0.06608, 'loss': 9.21923765, 'lr': 0, 'params': 276757, 'time_iter': 0.00472, 'accuracy': 0.13571, 'f1': 0.0514, 'auc': 0.72599}
> Epoch 128: took 2.2s (avg 2.1s) | Best so far: epoch 115	train_loss: 0.4339 train_accuracy: 0.8552	val_loss: 2.0291 val_accuracy: 0.4524	test_loss: 3.1709 test_accuracy: 0.2643	F1: 0.2633 Prec: 0.3263 Rec: 0.2643
train: {'epoch': 129, 'time_epoch': 1.73921, 'eta': 222.23353, 'eta_hours': 0.06173, 'loss': 0.36059831, 'lr': 0.00047488, 'params': 276757, 'time_iter': 0.00994, 'accuracy': 0.8819, 'f1': 0.88184, 'auc': 0.99628}
val: {'epoch': 129, 'time_epoch': 0.06798, 'loss': 3.54305156, 'lr': 0, 'params': 276757, 'time_iter': 0.00486, 'accuracy': 0.29524, 'f1': 0.24272, 'auc': 0.89943}
test: {'epoch': 129, 'time_epoch': 0.07394, 'loss': 3.83614374, 'lr': 0, 'params': 276757, 'time_iter': 0.00528, 'accuracy': 0.22619, 'f1': 0.18614, 'auc': 0.83567}
> Epoch 129: took 2.0s (avg 2.1s) | Best so far: epoch 115	train_loss: 0.4339 train_accuracy: 0.8552	val_loss: 2.0291 val_accuracy: 0.4524	test_loss: 3.1709 test_accuracy: 0.2643	F1: 0.2633 Prec: 0.3263 Rec: 0.2643
train: {'epoch': 130, 'time_epoch': 1.64451, 'eta': 220.19314, 'eta_hours': 0.06116, 'loss': 0.37641831, 'lr': 0.0004686, 'params': 276757, 'time_iter': 0.0094, 'accuracy': 0.87455, 'f1': 0.87448, 'auc': 0.9958}
val: {'epoch': 130, 'time_epoch': 0.08814, 'loss': 5.89774511, 'lr': 0, 'params': 276757, 'time_iter': 0.0063, 'accuracy': 0.19286, 'f1': 0.08908, 'auc': 0.8403}
test: {'epoch': 130, 'time_epoch': 0.08951, 'loss': 6.36554188, 'lr': 0, 'params': 276757, 'time_iter': 0.00639, 'accuracy': 0.10238, 'f1': 0.06492, 'auc': 0.73992}
> Epoch 130: took 1.9s (avg 2.1s) | Best so far: epoch 115	train_loss: 0.4339 train_accuracy: 0.8552	val_loss: 2.0291 val_accuracy: 0.4524	test_loss: 3.1709 test_accuracy: 0.2643	F1: 0.2633 Prec: 0.3263 Rec: 0.2643
train: {'epoch': 131, 'time_epoch': 1.59326, 'eta': 218.11295, 'eta_hours': 0.06059, 'loss': 0.37009133, 'lr': 0.00046234, 'params': 276757, 'time_iter': 0.0091, 'accuracy': 0.87939, 'f1': 0.87933, 'auc': 0.996}
val: {'epoch': 131, 'time_epoch': 0.06631, 'loss': 6.95438292, 'lr': 0, 'params': 276757, 'time_iter': 0.00474, 'accuracy': 0.16667, 'f1': 0.10869, 'auc': 0.82759}
test: {'epoch': 131, 'time_epoch': 0.07392, 'loss': 8.27471955, 'lr': 0, 'params': 276757, 'time_iter': 0.00528, 'accuracy': 0.08333, 'f1': 0.06443, 'auc': 0.6913}
> Epoch 131: took 1.8s (avg 2.1s) | Best so far: epoch 115	train_loss: 0.4339 train_accuracy: 0.8552	val_loss: 2.0291 val_accuracy: 0.4524	test_loss: 3.1709 test_accuracy: 0.2643	F1: 0.2633 Prec: 0.3263 Rec: 0.2643
train: {'epoch': 132, 'time_epoch': 1.70058, 'eta': 216.13448, 'eta_hours': 0.06004, 'loss': 0.37124081, 'lr': 0.00045607, 'params': 276757, 'time_iter': 0.00972, 'accuracy': 0.87921, 'f1': 0.87912, 'auc': 0.99611}
val: {'epoch': 132, 'time_epoch': 0.06441, 'loss': 6.93105113, 'lr': 0, 'params': 276757, 'time_iter': 0.0046, 'accuracy': 0.17381, 'f1': 0.09368, 'auc': 0.82955}
test: {'epoch': 132, 'time_epoch': 0.06362, 'loss': 5.53993266, 'lr': 0, 'params': 276757, 'time_iter': 0.00454, 'accuracy': 0.14762, 'f1': 0.08492, 'auc': 0.77745}
> Epoch 132: took 1.9s (avg 2.1s) | Best so far: epoch 115	train_loss: 0.4339 train_accuracy: 0.8552	val_loss: 2.0291 val_accuracy: 0.4524	test_loss: 3.1709 test_accuracy: 0.2643	F1: 0.2633 Prec: 0.3263 Rec: 0.2643
train: {'epoch': 133, 'time_epoch': 1.65145, 'eta': 214.11763, 'eta_hours': 0.05948, 'loss': 0.32764044, 'lr': 0.00044982, 'params': 276757, 'time_iter': 0.00944, 'accuracy': 0.88925, 'f1': 0.88924, 'auc': 0.99711}
val: {'epoch': 133, 'time_epoch': 0.06989, 'loss': 10.77878788, 'lr': 0, 'params': 276757, 'time_iter': 0.00499, 'accuracy': 0.12143, 'f1': 0.04067, 'auc': 0.82388}
test: {'epoch': 133, 'time_epoch': 0.05917, 'loss': 11.02879869, 'lr': 0, 'params': 276757, 'time_iter': 0.00423, 'accuracy': 0.08333, 'f1': 0.04021, 'auc': 0.68554}
> Epoch 133: took 1.9s (avg 2.1s) | Best so far: epoch 115	train_loss: 0.4339 train_accuracy: 0.8552	val_loss: 2.0291 val_accuracy: 0.4524	test_loss: 3.1709 test_accuracy: 0.2643	F1: 0.2633 Prec: 0.3263 Rec: 0.2643
train: {'epoch': 134, 'time_epoch': 1.60714, 'eta': 212.06845, 'eta_hours': 0.05891, 'loss': 0.3501841, 'lr': 0.00044357, 'params': 276757, 'time_iter': 0.00918, 'accuracy': 0.88029, 'f1': 0.88027, 'auc': 0.99657}
val: {'epoch': 134, 'time_epoch': 0.07055, 'loss': 2.87483814, 'lr': 0, 'params': 276757, 'time_iter': 0.00504, 'accuracy': 0.31905, 'f1': 0.27863, 'auc': 0.90664}
test: {'epoch': 134, 'time_epoch': 0.10543, 'loss': 3.93094639, 'lr': 0, 'params': 276757, 'time_iter': 0.00753, 'accuracy': 0.25238, 'f1': 0.23401, 'auc': 0.8277}
> Epoch 134: took 1.9s (avg 2.1s) | Best so far: epoch 115	train_loss: 0.4339 train_accuracy: 0.8552	val_loss: 2.0291 val_accuracy: 0.4524	test_loss: 3.1709 test_accuracy: 0.2643	F1: 0.2633 Prec: 0.3263 Rec: 0.2643
train: {'epoch': 135, 'time_epoch': 1.71983, 'eta': 210.12024, 'eta_hours': 0.05837, 'loss': 0.32644658, 'lr': 0.00043733, 'params': 276757, 'time_iter': 0.00983, 'accuracy': 0.89247, 'f1': 0.89244, 'auc': 0.99702}
val: {'epoch': 135, 'time_epoch': 0.08246, 'loss': 5.15414887, 'lr': 0, 'params': 276757, 'time_iter': 0.00589, 'accuracy': 0.21905, 'f1': 0.15072, 'auc': 0.8597}
test: {'epoch': 135, 'time_epoch': 0.07911, 'loss': 5.90578758, 'lr': 0, 'params': 276757, 'time_iter': 0.00565, 'accuracy': 0.1381, 'f1': 0.11116, 'auc': 0.75533}
> Epoch 135: took 2.0s (avg 2.1s) | Best so far: epoch 115	train_loss: 0.4339 train_accuracy: 0.8552	val_loss: 2.0291 val_accuracy: 0.4524	test_loss: 3.1709 test_accuracy: 0.2643	F1: 0.2633 Prec: 0.3263 Rec: 0.2643
train: {'epoch': 136, 'time_epoch': 1.56007, 'eta': 208.04358, 'eta_hours': 0.05779, 'loss': 0.34037338, 'lr': 0.0004311, 'params': 276757, 'time_iter': 0.00891, 'accuracy': 0.8871, 'f1': 0.88715, 'auc': 0.99683}
val: {'epoch': 136, 'time_epoch': 0.0658, 'loss': 2.2148263, 'lr': 0, 'params': 276757, 'time_iter': 0.0047, 'accuracy': 0.35476, 'f1': 0.33876, 'auc': 0.92752}
test: {'epoch': 136, 'time_epoch': 0.07022, 'loss': 2.56094722, 'lr': 0, 'params': 276757, 'time_iter': 0.00502, 'accuracy': 0.37143, 'f1': 0.35578, 'auc': 0.88354}
> Epoch 136: took 1.8s (avg 2.1s) | Best so far: epoch 115	train_loss: 0.4339 train_accuracy: 0.8552	val_loss: 2.0291 val_accuracy: 0.4524	test_loss: 3.1709 test_accuracy: 0.2643	F1: 0.2633 Prec: 0.3263 Rec: 0.2643
train: {'epoch': 137, 'time_epoch': 1.81811, 'eta': 206.18383, 'eta_hours': 0.05727, 'loss': 0.3468862, 'lr': 0.00042489, 'params': 276757, 'time_iter': 0.01039, 'accuracy': 0.88459, 'f1': 0.88454, 'auc': 0.9967}
val: {'epoch': 137, 'time_epoch': 0.06571, 'loss': 5.4136801, 'lr': 0, 'params': 276757, 'time_iter': 0.00469, 'accuracy': 0.22857, 'f1': 0.14065, 'auc': 0.85771}
test: {'epoch': 137, 'time_epoch': 0.08078, 'loss': 5.02459848, 'lr': 0, 'params': 276757, 'time_iter': 0.00577, 'accuracy': 0.19762, 'f1': 0.14845, 'auc': 0.80115}
> Epoch 137: took 2.0s (avg 2.1s) | Best so far: epoch 115	train_loss: 0.4339 train_accuracy: 0.8552	val_loss: 2.0291 val_accuracy: 0.4524	test_loss: 3.1709 test_accuracy: 0.2643	F1: 0.2633 Prec: 0.3263 Rec: 0.2643
train: {'epoch': 138, 'time_epoch': 1.84413, 'eta': 204.34546, 'eta_hours': 0.05676, 'loss': 0.35417285, 'lr': 0.00041868, 'params': 276757, 'time_iter': 0.01054, 'accuracy': 0.8914, 'f1': 0.89136, 'auc': 0.99633}
val: {'epoch': 138, 'time_epoch': 0.08718, 'loss': 5.42574902, 'lr': 0, 'params': 276757, 'time_iter': 0.00623, 'accuracy': 0.24286, 'f1': 0.15727, 'auc': 0.84749}
test: {'epoch': 138, 'time_epoch': 0.08377, 'loss': 5.56358995, 'lr': 0, 'params': 276757, 'time_iter': 0.00598, 'accuracy': 0.11667, 'f1': 0.09232, 'auc': 0.76106}
> Epoch 138: took 2.1s (avg 2.1s) | Best so far: epoch 115	train_loss: 0.4339 train_accuracy: 0.8552	val_loss: 2.0291 val_accuracy: 0.4524	test_loss: 3.1709 test_accuracy: 0.2643	F1: 0.2633 Prec: 0.3263 Rec: 0.2643
train: {'epoch': 139, 'time_epoch': 1.6654, 'eta': 202.36657, 'eta_hours': 0.05621, 'loss': 0.34911144, 'lr': 0.00041249, 'params': 276757, 'time_iter': 0.00952, 'accuracy': 0.88799, 'f1': 0.88795, 'auc': 0.9965}
val: {'epoch': 139, 'time_epoch': 0.06667, 'loss': 5.06389249, 'lr': 0, 'params': 276757, 'time_iter': 0.00476, 'accuracy': 0.18095, 'f1': 0.11399, 'auc': 0.84224}
test: {'epoch': 139, 'time_epoch': 0.07388, 'loss': 5.13572936, 'lr': 0, 'params': 276757, 'time_iter': 0.00528, 'accuracy': 0.2, 'f1': 0.15594, 'auc': 0.78077}
> Epoch 139: took 1.9s (avg 2.1s) | Best so far: epoch 115	train_loss: 0.4339 train_accuracy: 0.8552	val_loss: 2.0291 val_accuracy: 0.4524	test_loss: 3.1709 test_accuracy: 0.2643	F1: 0.2633 Prec: 0.3263 Rec: 0.2643
train: {'epoch': 140, 'time_epoch': 1.85769, 'eta': 200.54078, 'eta_hours': 0.05571, 'loss': 0.33610824, 'lr': 0.00040631, 'params': 276757, 'time_iter': 0.01062, 'accuracy': 0.89247, 'f1': 0.89249, 'auc': 0.99667}
val: {'epoch': 140, 'time_epoch': 0.10581, 'loss': 3.64347704, 'lr': 0, 'params': 276757, 'time_iter': 0.00756, 'accuracy': 0.29524, 'f1': 0.22327, 'auc': 0.89787}
test: {'epoch': 140, 'time_epoch': 0.08112, 'loss': 3.49556909, 'lr': 0, 'params': 276757, 'time_iter': 0.00579, 'accuracy': 0.25238, 'f1': 0.21274, 'auc': 0.82604}
> Epoch 140: took 2.1s (avg 2.1s) | Best so far: epoch 115	train_loss: 0.4339 train_accuracy: 0.8552	val_loss: 2.0291 val_accuracy: 0.4524	test_loss: 3.1709 test_accuracy: 0.2643	F1: 0.2633 Prec: 0.3263 Rec: 0.2643
train: {'epoch': 141, 'time_epoch': 1.73938, 'eta': 198.62457, 'eta_hours': 0.05517, 'loss': 0.32867979, 'lr': 0.00040015, 'params': 276757, 'time_iter': 0.00994, 'accuracy': 0.89176, 'f1': 0.89174, 'auc': 0.99687}
val: {'epoch': 141, 'time_epoch': 0.08774, 'loss': 4.55786943, 'lr': 0, 'params': 276757, 'time_iter': 0.00627, 'accuracy': 0.22857, 'f1': 0.16531, 'auc': 0.86462}
test: {'epoch': 141, 'time_epoch': 0.06689, 'loss': 4.81328237, 'lr': 0, 'params': 276757, 'time_iter': 0.00478, 'accuracy': 0.18333, 'f1': 0.14262, 'auc': 0.78613}
> Epoch 141: took 2.0s (avg 2.1s) | Best so far: epoch 115	train_loss: 0.4339 train_accuracy: 0.8552	val_loss: 2.0291 val_accuracy: 0.4524	test_loss: 3.1709 test_accuracy: 0.2643	F1: 0.2633 Prec: 0.3263 Rec: 0.2643
train: {'epoch': 142, 'time_epoch': 1.85804, 'eta': 196.79961, 'eta_hours': 0.05467, 'loss': 0.33355807, 'lr': 0.000394, 'params': 276757, 'time_iter': 0.01062, 'accuracy': 0.88799, 'f1': 0.8879, 'auc': 0.99689}
val: {'epoch': 142, 'time_epoch': 0.08839, 'loss': 4.12661398, 'lr': 0, 'params': 276757, 'time_iter': 0.00631, 'accuracy': 0.26667, 'f1': 0.22028, 'auc': 0.87264}
test: {'epoch': 142, 'time_epoch': 0.06954, 'loss': 5.05359426, 'lr': 0, 'params': 276757, 'time_iter': 0.00497, 'accuracy': 0.18571, 'f1': 0.17234, 'auc': 0.78489}
> Epoch 142: took 2.1s (avg 2.1s) | Best so far: epoch 115	train_loss: 0.4339 train_accuracy: 0.8552	val_loss: 2.0291 val_accuracy: 0.4524	test_loss: 3.1709 test_accuracy: 0.2643	F1: 0.2633 Prec: 0.3263 Rec: 0.2643
train: {'epoch': 143, 'time_epoch': 1.93517, 'eta': 195.03097, 'eta_hours': 0.05418, 'loss': 0.30280343, 'lr': 0.00038786, 'params': 276757, 'time_iter': 0.01106, 'accuracy': 0.90161, 'f1': 0.90156, 'auc': 0.99747}
val: {'epoch': 143, 'time_epoch': 0.06167, 'loss': 2.8875811, 'lr': 0, 'params': 276757, 'time_iter': 0.0044, 'accuracy': 0.37857, 'f1': 0.33066, 'auc': 0.92769}
test: {'epoch': 143, 'time_epoch': 0.06871, 'loss': 3.27780509, 'lr': 0, 'params': 276757, 'time_iter': 0.00491, 'accuracy': 0.31905, 'f1': 0.28546, 'auc': 0.86213}
> Epoch 143: took 2.2s (avg 2.1s) | Best so far: epoch 115	train_loss: 0.4339 train_accuracy: 0.8552	val_loss: 2.0291 val_accuracy: 0.4524	test_loss: 3.1709 test_accuracy: 0.2643	F1: 0.2633 Prec: 0.3263 Rec: 0.2643
train: {'epoch': 144, 'time_epoch': 2.00146, 'eta': 193.30803, 'eta_hours': 0.0537, 'loss': 0.29865805, 'lr': 0.00038175, 'params': 276757, 'time_iter': 0.01144, 'accuracy': 0.90394, 'f1': 0.90386, 'auc': 0.99745}
val: {'epoch': 144, 'time_epoch': 0.07681, 'loss': 9.98793892, 'lr': 0, 'params': 276757, 'time_iter': 0.00549, 'accuracy': 0.15238, 'f1': 0.06814, 'auc': 0.84276}
test: {'epoch': 144, 'time_epoch': 0.07043, 'loss': 8.62024516, 'lr': 0, 'params': 276757, 'time_iter': 0.00503, 'accuracy': 0.11905, 'f1': 0.07835, 'auc': 0.71773}
> Epoch 144: took 2.2s (avg 2.1s) | Best so far: epoch 115	train_loss: 0.4339 train_accuracy: 0.8552	val_loss: 2.0291 val_accuracy: 0.4524	test_loss: 3.1709 test_accuracy: 0.2643	F1: 0.2633 Prec: 0.3263 Rec: 0.2643
train: {'epoch': 145, 'time_epoch': 1.95925, 'eta': 191.55122, 'eta_hours': 0.05321, 'loss': 0.31833763, 'lr': 0.00037566, 'params': 276757, 'time_iter': 0.0112, 'accuracy': 0.89713, 'f1': 0.89711, 'auc': 0.9971}
val: {'epoch': 145, 'time_epoch': 0.06886, 'loss': 4.9369094, 'lr': 0, 'params': 276757, 'time_iter': 0.00492, 'accuracy': 0.25, 'f1': 0.15857, 'auc': 0.8586}
test: {'epoch': 145, 'time_epoch': 0.06944, 'loss': 4.60865666, 'lr': 0, 'params': 276757, 'time_iter': 0.00496, 'accuracy': 0.20476, 'f1': 0.16045, 'auc': 0.79512}
> Epoch 145: took 2.2s (avg 2.1s) | Best so far: epoch 115	train_loss: 0.4339 train_accuracy: 0.8552	val_loss: 2.0291 val_accuracy: 0.4524	test_loss: 3.1709 test_accuracy: 0.2643	F1: 0.2633 Prec: 0.3263 Rec: 0.2643
train: {'epoch': 146, 'time_epoch': 1.85432, 'eta': 189.71813, 'eta_hours': 0.0527, 'loss': 0.31919271, 'lr': 0.00036958, 'params': 276757, 'time_iter': 0.0106, 'accuracy': 0.89659, 'f1': 0.89649, 'auc': 0.99702}
val: {'epoch': 146, 'time_epoch': 0.07223, 'loss': 2.69020571, 'lr': 0, 'params': 276757, 'time_iter': 0.00516, 'accuracy': 0.34762, 'f1': 0.32418, 'auc': 0.9158}
test: {'epoch': 146, 'time_epoch': 0.07155, 'loss': 4.13749496, 'lr': 0, 'params': 276757, 'time_iter': 0.00511, 'accuracy': 0.25238, 'f1': 0.24372, 'auc': 0.82136}
> Epoch 146: took 2.1s (avg 2.1s) | Best so far: epoch 115	train_loss: 0.4339 train_accuracy: 0.8552	val_loss: 2.0291 val_accuracy: 0.4524	test_loss: 3.1709 test_accuracy: 0.2643	F1: 0.2633 Prec: 0.3263 Rec: 0.2643
train: {'epoch': 147, 'time_epoch': 1.95783, 'eta': 187.95608, 'eta_hours': 0.05221, 'loss': 0.30313508, 'lr': 0.00036352, 'params': 276757, 'time_iter': 0.01119, 'accuracy': 0.90108, 'f1': 0.9011, 'auc': 0.99747}
val: {'epoch': 147, 'time_epoch': 0.06629, 'loss': 4.60063288, 'lr': 0, 'params': 276757, 'time_iter': 0.00473, 'accuracy': 0.25, 'f1': 0.18122, 'auc': 0.88564}
test: {'epoch': 147, 'time_epoch': 0.06411, 'loss': 4.17868647, 'lr': 0, 'params': 276757, 'time_iter': 0.00458, 'accuracy': 0.20476, 'f1': 0.1562, 'auc': 0.82317}
> Epoch 147: took 2.2s (avg 2.1s) | Best so far: epoch 115	train_loss: 0.4339 train_accuracy: 0.8552	val_loss: 2.0291 val_accuracy: 0.4524	test_loss: 3.1709 test_accuracy: 0.2643	F1: 0.2633 Prec: 0.3263 Rec: 0.2643
train: {'epoch': 148, 'time_epoch': 1.96647, 'eta': 186.19727, 'eta_hours': 0.05172, 'loss': 0.29687816, 'lr': 0.00035749, 'params': 276757, 'time_iter': 0.01124, 'accuracy': 0.90036, 'f1': 0.9002, 'auc': 0.99757}
val: {'epoch': 148, 'time_epoch': 0.07704, 'loss': 2.77291146, 'lr': 0, 'params': 276757, 'time_iter': 0.0055, 'accuracy': 0.41667, 'f1': 0.37841, 'auc': 0.91318}
test: {'epoch': 148, 'time_epoch': 0.06643, 'loss': 3.23352872, 'lr': 0, 'params': 276757, 'time_iter': 0.00474, 'accuracy': 0.31667, 'f1': 0.29901, 'auc': 0.85286}
> Epoch 148: took 2.2s (avg 2.1s) | Best so far: epoch 115	train_loss: 0.4339 train_accuracy: 0.8552	val_loss: 2.0291 val_accuracy: 0.4524	test_loss: 3.1709 test_accuracy: 0.2643	F1: 0.2633 Prec: 0.3263 Rec: 0.2643
train: {'epoch': 149, 'time_epoch': 1.67211, 'eta': 184.23945, 'eta_hours': 0.05118, 'loss': 0.2944692, 'lr': 0.00035148, 'params': 276757, 'time_iter': 0.00955, 'accuracy': 0.90018, 'f1': 0.90017, 'auc': 0.99749}
val: {'epoch': 149, 'time_epoch': 0.07771, 'loss': 4.83477937, 'lr': 0, 'params': 276757, 'time_iter': 0.00555, 'accuracy': 0.21429, 'f1': 0.14729, 'auc': 0.86119}
test: {'epoch': 149, 'time_epoch': 0.06617, 'loss': 4.65518445, 'lr': 0, 'params': 276757, 'time_iter': 0.00473, 'accuracy': 0.1881, 'f1': 0.14469, 'auc': 0.81405}
> Epoch 149: took 1.9s (avg 2.1s) | Best so far: epoch 115	train_loss: 0.4339 train_accuracy: 0.8552	val_loss: 2.0291 val_accuracy: 0.4524	test_loss: 3.1709 test_accuracy: 0.2643	F1: 0.2633 Prec: 0.3263 Rec: 0.2643
train: {'epoch': 150, 'time_epoch': 1.91294, 'eta': 182.44331, 'eta_hours': 0.05068, 'loss': 0.32511264, 'lr': 0.00034549, 'params': 276757, 'time_iter': 0.01093, 'accuracy': 0.89624, 'f1': 0.89626, 'auc': 0.99689}
val: {'epoch': 150, 'time_epoch': 0.07479, 'loss': 4.62453827, 'lr': 0, 'params': 276757, 'time_iter': 0.00534, 'accuracy': 0.26905, 'f1': 0.20774, 'auc': 0.8797}
test: {'epoch': 150, 'time_epoch': 0.08192, 'loss': 4.37386006, 'lr': 0, 'params': 276757, 'time_iter': 0.00585, 'accuracy': 0.2, 'f1': 0.1433, 'auc': 0.81861}
> Epoch 150: took 2.1s (avg 2.1s) | Best so far: epoch 115	train_loss: 0.4339 train_accuracy: 0.8552	val_loss: 2.0291 val_accuracy: 0.4524	test_loss: 3.1709 test_accuracy: 0.2643	F1: 0.2633 Prec: 0.3263 Rec: 0.2643
train: {'epoch': 151, 'time_epoch': 1.75588, 'eta': 180.54437, 'eta_hours': 0.05015, 'loss': 0.29646525, 'lr': 0.00033953, 'params': 276757, 'time_iter': 0.01003, 'accuracy': 0.89695, 'f1': 0.89691, 'auc': 0.99763}
val: {'epoch': 151, 'time_epoch': 0.07066, 'loss': 4.15027915, 'lr': 0, 'params': 276757, 'time_iter': 0.00505, 'accuracy': 0.27619, 'f1': 0.22604, 'auc': 0.88171}
test: {'epoch': 151, 'time_epoch': 0.06174, 'loss': 5.28007225, 'lr': 0, 'params': 276757, 'time_iter': 0.00441, 'accuracy': 0.19286, 'f1': 0.17553, 'auc': 0.79024}
> Epoch 151: took 2.0s (avg 2.1s) | Best so far: epoch 115	train_loss: 0.4339 train_accuracy: 0.8552	val_loss: 2.0291 val_accuracy: 0.4524	test_loss: 3.1709 test_accuracy: 0.2643	F1: 0.2633 Prec: 0.3263 Rec: 0.2643
train: {'epoch': 152, 'time_epoch': 1.77622, 'eta': 178.66019, 'eta_hours': 0.04963, 'loss': 0.31337349, 'lr': 0.00033359, 'params': 276757, 'time_iter': 0.01015, 'accuracy': 0.89839, 'f1': 0.89836, 'auc': 0.99721}
val: {'epoch': 152, 'time_epoch': 0.06549, 'loss': 5.70424024, 'lr': 0, 'params': 276757, 'time_iter': 0.00468, 'accuracy': 0.21905, 'f1': 0.14894, 'auc': 0.85079}
test: {'epoch': 152, 'time_epoch': 0.06259, 'loss': 4.43679973, 'lr': 0, 'params': 276757, 'time_iter': 0.00447, 'accuracy': 0.20714, 'f1': 0.15618, 'auc': 0.82157}
> Epoch 152: took 2.0s (avg 2.1s) | Best so far: epoch 115	train_loss: 0.4339 train_accuracy: 0.8552	val_loss: 2.0291 val_accuracy: 0.4524	test_loss: 3.1709 test_accuracy: 0.2643	F1: 0.2633 Prec: 0.3263 Rec: 0.2643
train: {'epoch': 153, 'time_epoch': 1.81994, 'eta': 176.80467, 'eta_hours': 0.04911, 'loss': 0.30584496, 'lr': 0.00032768, 'params': 276757, 'time_iter': 0.0104, 'accuracy': 0.89677, 'f1': 0.89674, 'auc': 0.99746}
val: {'epoch': 153, 'time_epoch': 0.06808, 'loss': 3.26422047, 'lr': 0, 'params': 276757, 'time_iter': 0.00486, 'accuracy': 0.31905, 'f1': 0.28073, 'auc': 0.89452}
test: {'epoch': 153, 'time_epoch': 0.0634, 'loss': 3.40640061, 'lr': 0, 'params': 276757, 'time_iter': 0.00453, 'accuracy': 0.28333, 'f1': 0.25549, 'auc': 0.85048}
> Epoch 153: took 2.0s (avg 2.1s) | Best so far: epoch 115	train_loss: 0.4339 train_accuracy: 0.8552	val_loss: 2.0291 val_accuracy: 0.4524	test_loss: 3.1709 test_accuracy: 0.2643	F1: 0.2633 Prec: 0.3263 Rec: 0.2643
train: {'epoch': 154, 'time_epoch': 1.5667, 'eta': 174.7944, 'eta_hours': 0.04855, 'loss': 0.2956242, 'lr': 0.00032179, 'params': 276757, 'time_iter': 0.00895, 'accuracy': 0.90036, 'f1': 0.90035, 'auc': 0.99768}
val: {'epoch': 154, 'time_epoch': 0.07225, 'loss': 2.3255353, 'lr': 0, 'params': 276757, 'time_iter': 0.00516, 'accuracy': 0.45, 'f1': 0.42415, 'auc': 0.92487}
test: {'epoch': 154, 'time_epoch': 0.08077, 'loss': 3.01200591, 'lr': 0, 'params': 276757, 'time_iter': 0.00577, 'accuracy': 0.34762, 'f1': 0.33687, 'auc': 0.86529}
> Epoch 154: took 1.8s (avg 2.1s) | Best so far: epoch 115	train_loss: 0.4339 train_accuracy: 0.8552	val_loss: 2.0291 val_accuracy: 0.4524	test_loss: 3.1709 test_accuracy: 0.2643	F1: 0.2633 Prec: 0.3263 Rec: 0.2643
train: {'epoch': 155, 'time_epoch': 1.70931, 'eta': 172.87574, 'eta_hours': 0.04802, 'loss': 0.27367027, 'lr': 0.00031594, 'params': 276757, 'time_iter': 0.00977, 'accuracy': 0.91308, 'f1': 0.91296, 'auc': 0.99772}
val: {'epoch': 155, 'time_epoch': 0.06854, 'loss': 3.05796047, 'lr': 0, 'params': 276757, 'time_iter': 0.0049, 'accuracy': 0.37143, 'f1': 0.31119, 'auc': 0.91633}
test: {'epoch': 155, 'time_epoch': 0.06777, 'loss': 3.17224968, 'lr': 0, 'params': 276757, 'time_iter': 0.00484, 'accuracy': 0.28333, 'f1': 0.27025, 'auc': 0.84927}
> Epoch 155: took 1.9s (avg 2.1s) | Best so far: epoch 115	train_loss: 0.4339 train_accuracy: 0.8552	val_loss: 2.0291 val_accuracy: 0.4524	test_loss: 3.1709 test_accuracy: 0.2643	F1: 0.2633 Prec: 0.3263 Rec: 0.2643
train: {'epoch': 156, 'time_epoch': 1.7436, 'eta': 170.98007, 'eta_hours': 0.04749, 'loss': 0.28829277, 'lr': 0.00031011, 'params': 276757, 'time_iter': 0.00996, 'accuracy': 0.90824, 'f1': 0.90827, 'auc': 0.99763}
val: {'epoch': 156, 'time_epoch': 0.07201, 'loss': 3.9951715, 'lr': 0, 'params': 276757, 'time_iter': 0.00514, 'accuracy': 0.27857, 'f1': 0.21375, 'auc': 0.89189}
test: {'epoch': 156, 'time_epoch': 0.06714, 'loss': 5.20988166, 'lr': 0, 'params': 276757, 'time_iter': 0.0048, 'accuracy': 0.1619, 'f1': 0.15496, 'auc': 0.78678}
> Epoch 156: took 2.0s (avg 2.1s) | Best so far: epoch 115	train_loss: 0.4339 train_accuracy: 0.8552	val_loss: 2.0291 val_accuracy: 0.4524	test_loss: 3.1709 test_accuracy: 0.2643	F1: 0.2633 Prec: 0.3263 Rec: 0.2643
train: {'epoch': 157, 'time_epoch': 1.75319, 'eta': 169.0919, 'eta_hours': 0.04697, 'loss': 0.28666441, 'lr': 0.00030431, 'params': 276757, 'time_iter': 0.01002, 'accuracy': 0.90412, 'f1': 0.9041, 'auc': 0.99771}
val: {'epoch': 157, 'time_epoch': 0.07272, 'loss': 2.58686905, 'lr': 0, 'params': 276757, 'time_iter': 0.00519, 'accuracy': 0.40952, 'f1': 0.3623, 'auc': 0.93079}
test: {'epoch': 157, 'time_epoch': 0.06982, 'loss': 3.16778714, 'lr': 0, 'params': 276757, 'time_iter': 0.00499, 'accuracy': 0.33095, 'f1': 0.32148, 'auc': 0.857}
> Epoch 157: took 2.0s (avg 2.1s) | Best so far: epoch 115	train_loss: 0.4339 train_accuracy: 0.8552	val_loss: 2.0291 val_accuracy: 0.4524	test_loss: 3.1709 test_accuracy: 0.2643	F1: 0.2633 Prec: 0.3263 Rec: 0.2643
train: {'epoch': 158, 'time_epoch': 1.7333, 'eta': 167.19405, 'eta_hours': 0.04644, 'loss': 0.28327671, 'lr': 0.00029855, 'params': 276757, 'time_iter': 0.0099, 'accuracy': 0.90663, 'f1': 0.90661, 'auc': 0.99777}
val: {'epoch': 158, 'time_epoch': 0.06656, 'loss': 3.85870598, 'lr': 0, 'params': 276757, 'time_iter': 0.00475, 'accuracy': 0.24048, 'f1': 0.1974, 'auc': 0.87857}
test: {'epoch': 158, 'time_epoch': 0.07501, 'loss': 6.50532543, 'lr': 0, 'params': 276757, 'time_iter': 0.00536, 'accuracy': 0.15476, 'f1': 0.13106, 'auc': 0.74925}
> Epoch 158: took 1.9s (avg 2.1s) | Best so far: epoch 115	train_loss: 0.4339 train_accuracy: 0.8552	val_loss: 2.0291 val_accuracy: 0.4524	test_loss: 3.1709 test_accuracy: 0.2643	F1: 0.2633 Prec: 0.3263 Rec: 0.2643
train: {'epoch': 159, 'time_epoch': 1.74973, 'eta': 165.3075, 'eta_hours': 0.04592, 'loss': 0.28113677, 'lr': 0.00029281, 'params': 276757, 'time_iter': 0.01, 'accuracy': 0.90484, 'f1': 0.90477, 'auc': 0.99783}
val: {'epoch': 159, 'time_epoch': 0.07005, 'loss': 2.94532318, 'lr': 0, 'params': 276757, 'time_iter': 0.005, 'accuracy': 0.37381, 'f1': 0.32477, 'auc': 0.91085}
test: {'epoch': 159, 'time_epoch': 0.06987, 'loss': 3.01788066, 'lr': 0, 'params': 276757, 'time_iter': 0.00499, 'accuracy': 0.29762, 'f1': 0.27165, 'auc': 0.87154}
> Epoch 159: took 2.0s (avg 2.1s) | Best so far: epoch 115	train_loss: 0.4339 train_accuracy: 0.8552	val_loss: 2.0291 val_accuracy: 0.4524	test_loss: 3.1709 test_accuracy: 0.2643	F1: 0.2633 Prec: 0.3263 Rec: 0.2643
train: {'epoch': 160, 'time_epoch': 1.938, 'eta': 163.52672, 'eta_hours': 0.04542, 'loss': 0.28353893, 'lr': 0.00028711, 'params': 276757, 'time_iter': 0.01107, 'accuracy': 0.9052, 'f1': 0.90517, 'auc': 0.99784}
val: {'epoch': 160, 'time_epoch': 0.08297, 'loss': 4.26060936, 'lr': 0, 'params': 276757, 'time_iter': 0.00593, 'accuracy': 0.24286, 'f1': 0.1928, 'auc': 0.8695}
test: {'epoch': 160, 'time_epoch': 0.0722, 'loss': 5.60406719, 'lr': 0, 'params': 276757, 'time_iter': 0.00516, 'accuracy': 0.15476, 'f1': 0.15165, 'auc': 0.77659}
> Epoch 160: took 2.2s (avg 2.1s) | Best so far: epoch 115	train_loss: 0.4339 train_accuracy: 0.8552	val_loss: 2.0291 val_accuracy: 0.4524	test_loss: 3.1709 test_accuracy: 0.2643	F1: 0.2633 Prec: 0.3263 Rec: 0.2643
train: {'epoch': 161, 'time_epoch': 1.84703, 'eta': 161.69458, 'eta_hours': 0.04492, 'loss': 0.27794511, 'lr': 0.00028144, 'params': 276757, 'time_iter': 0.01055, 'accuracy': 0.90591, 'f1': 0.90595, 'auc': 0.99786}
val: {'epoch': 161, 'time_epoch': 0.06912, 'loss': 2.21029676, 'lr': 0, 'params': 276757, 'time_iter': 0.00494, 'accuracy': 0.48333, 'f1': 0.45637, 'auc': 0.93989}
test: {'epoch': 161, 'time_epoch': 0.0716, 'loss': 2.90222997, 'lr': 0, 'params': 276757, 'time_iter': 0.00511, 'accuracy': 0.35952, 'f1': 0.34478, 'auc': 0.8752}
[*] Confusion Matrix saved to: results_lopo_none/GM_3m\Conf\confusion_matrix_epoch_161.png
> Epoch 161: took 2.1s (avg 2.1s) | Best so far: epoch 161	train_loss: 0.2779 train_accuracy: 0.9059	val_loss: 2.2103 val_accuracy: 0.4833	test_loss: 2.9022 test_accuracy: 0.3595	F1: 0.3448 Prec: 0.3762 Rec: 0.3595
train: {'epoch': 162, 'time_epoch': 2.02738, 'eta': 159.95852, 'eta_hours': 0.04443, 'loss': 0.27487995, 'lr': 0.00027581, 'params': 276757, 'time_iter': 0.01159, 'accuracy': 0.91022, 'f1': 0.91016, 'auc': 0.99791}
val: {'epoch': 162, 'time_epoch': 0.08296, 'loss': 2.88969011, 'lr': 0, 'params': 276757, 'time_iter': 0.00593, 'accuracy': 0.38333, 'f1': 0.34656, 'auc': 0.91517}
test: {'epoch': 162, 'time_epoch': 0.08082, 'loss': 3.40979844, 'lr': 0, 'params': 276757, 'time_iter': 0.00577, 'accuracy': 0.25714, 'f1': 0.25575, 'auc': 0.84583}
> Epoch 162: took 2.3s (avg 2.1s) | Best so far: epoch 161	train_loss: 0.2779 train_accuracy: 0.9059	val_loss: 2.2103 val_accuracy: 0.4833	test_loss: 2.9022 test_accuracy: 0.3595	F1: 0.3448 Prec: 0.3762 Rec: 0.3595
train: {'epoch': 163, 'time_epoch': 2.19433, 'eta': 158.30646, 'eta_hours': 0.04397, 'loss': 0.26492816, 'lr': 0.00027021, 'params': 276757, 'time_iter': 0.01254, 'accuracy': 0.9138, 'f1': 0.91379, 'auc': 0.99814}
val: {'epoch': 163, 'time_epoch': 0.10408, 'loss': 3.66202785, 'lr': 0, 'params': 276757, 'time_iter': 0.00743, 'accuracy': 0.35238, 'f1': 0.28823, 'auc': 0.89886}
test: {'epoch': 163, 'time_epoch': 0.0686, 'loss': 4.00905703, 'lr': 0, 'params': 276757, 'time_iter': 0.0049, 'accuracy': 0.2, 'f1': 0.18822, 'auc': 0.82663}
> Epoch 163: took 2.4s (avg 2.1s) | Best so far: epoch 161	train_loss: 0.2779 train_accuracy: 0.9059	val_loss: 2.2103 val_accuracy: 0.4833	test_loss: 2.9022 test_accuracy: 0.3595	F1: 0.3448 Prec: 0.3762 Rec: 0.3595
train: {'epoch': 164, 'time_epoch': 1.80232, 'eta': 156.44588, 'eta_hours': 0.04346, 'loss': 0.2782816, 'lr': 0.00026465, 'params': 276757, 'time_iter': 0.0103, 'accuracy': 0.90645, 'f1': 0.9064, 'auc': 0.99776}
val: {'epoch': 164, 'time_epoch': 0.07214, 'loss': 2.86638077, 'lr': 0, 'params': 276757, 'time_iter': 0.00515, 'accuracy': 0.38333, 'f1': 0.34551, 'auc': 0.9107}
test: {'epoch': 164, 'time_epoch': 0.08044, 'loss': 3.328481, 'lr': 0, 'params': 276757, 'time_iter': 0.00575, 'accuracy': 0.30476, 'f1': 0.28599, 'auc': 0.85455}
> Epoch 164: took 2.0s (avg 2.1s) | Best so far: epoch 161	train_loss: 0.2779 train_accuracy: 0.9059	val_loss: 2.2103 val_accuracy: 0.4833	test_loss: 2.9022 test_accuracy: 0.3595	F1: 0.3448 Prec: 0.3762 Rec: 0.3595
train: {'epoch': 165, 'time_epoch': 1.78874, 'eta': 154.57913, 'eta_hours': 0.04294, 'loss': 0.2638871, 'lr': 0.00025912, 'params': 276757, 'time_iter': 0.01022, 'accuracy': 0.91577, 'f1': 0.9158, 'auc': 0.99809}
val: {'epoch': 165, 'time_epoch': 0.07465, 'loss': 4.12120264, 'lr': 0, 'params': 276757, 'time_iter': 0.00533, 'accuracy': 0.29762, 'f1': 0.25045, 'auc': 0.88479}
test: {'epoch': 165, 'time_epoch': 0.09249, 'loss': 3.78236292, 'lr': 0, 'params': 276757, 'time_iter': 0.00661, 'accuracy': 0.27143, 'f1': 0.23462, 'auc': 0.8354}
> Epoch 165: took 2.0s (avg 2.1s) | Best so far: epoch 161	train_loss: 0.2779 train_accuracy: 0.9059	val_loss: 2.2103 val_accuracy: 0.4833	test_loss: 2.9022 test_accuracy: 0.3595	F1: 0.3448 Prec: 0.3762 Rec: 0.3595
train: {'epoch': 166, 'time_epoch': 1.72347, 'eta': 152.68087, 'eta_hours': 0.04241, 'loss': 0.27505651, 'lr': 0.00025364, 'params': 276757, 'time_iter': 0.00985, 'accuracy': 0.90412, 'f1': 0.90402, 'auc': 0.99788}
val: {'epoch': 166, 'time_epoch': 0.06533, 'loss': 3.51201545, 'lr': 0, 'params': 276757, 'time_iter': 0.00467, 'accuracy': 0.35952, 'f1': 0.30393, 'auc': 0.90574}
test: {'epoch': 166, 'time_epoch': 0.06267, 'loss': 3.65182245, 'lr': 0, 'params': 276757, 'time_iter': 0.00448, 'accuracy': 0.30238, 'f1': 0.27143, 'auc': 0.84692}
> Epoch 166: took 1.9s (avg 2.1s) | Best so far: epoch 161	train_loss: 0.2779 train_accuracy: 0.9059	val_loss: 2.2103 val_accuracy: 0.4833	test_loss: 2.9022 test_accuracy: 0.3595	F1: 0.3448 Prec: 0.3762 Rec: 0.3595
train: {'epoch': 167, 'time_epoch': 1.6582, 'eta': 150.75284, 'eta_hours': 0.04188, 'loss': 0.25967437, 'lr': 0.00024819, 'params': 276757, 'time_iter': 0.00948, 'accuracy': 0.91828, 'f1': 0.9182, 'auc': 0.99805}
val: {'epoch': 167, 'time_epoch': 0.0653, 'loss': 3.7805127, 'lr': 0, 'params': 276757, 'time_iter': 0.00466, 'accuracy': 0.32143, 'f1': 0.23337, 'auc': 0.91658}
test: {'epoch': 167, 'time_epoch': 0.07241, 'loss': 4.1929236, 'lr': 0, 'params': 276757, 'time_iter': 0.00517, 'accuracy': 0.25476, 'f1': 0.22482, 'auc': 0.83591}
> Epoch 167: took 1.9s (avg 2.1s) | Best so far: epoch 161	train_loss: 0.2779 train_accuracy: 0.9059	val_loss: 2.2103 val_accuracy: 0.4833	test_loss: 2.9022 test_accuracy: 0.3595	F1: 0.3448 Prec: 0.3762 Rec: 0.3595
train: {'epoch': 168, 'time_epoch': 1.843, 'eta': 148.91657, 'eta_hours': 0.04137, 'loss': 0.25477318, 'lr': 0.00024278, 'params': 276757, 'time_iter': 0.01053, 'accuracy': 0.91738, 'f1': 0.91728, 'auc': 0.99816}
val: {'epoch': 168, 'time_epoch': 0.06475, 'loss': 2.32601242, 'lr': 0, 'params': 276757, 'time_iter': 0.00462, 'accuracy': 0.45714, 'f1': 0.41605, 'auc': 0.9369}
test: {'epoch': 168, 'time_epoch': 0.07362, 'loss': 2.75780096, 'lr': 0, 'params': 276757, 'time_iter': 0.00526, 'accuracy': 0.37143, 'f1': 0.35463, 'auc': 0.88758}
> Epoch 168: took 2.1s (avg 2.1s) | Best so far: epoch 161	train_loss: 0.2779 train_accuracy: 0.9059	val_loss: 2.2103 val_accuracy: 0.4833	test_loss: 2.9022 test_accuracy: 0.3595	F1: 0.3448 Prec: 0.3762 Rec: 0.3595
train: {'epoch': 169, 'time_epoch': 1.78859, 'eta': 147.05461, 'eta_hours': 0.04085, 'loss': 0.26206163, 'lr': 0.00023741, 'params': 276757, 'time_iter': 0.01022, 'accuracy': 0.91004, 'f1': 0.90998, 'auc': 0.99803}
val: {'epoch': 169, 'time_epoch': 0.07338, 'loss': 2.30298991, 'lr': 0, 'params': 276757, 'time_iter': 0.00524, 'accuracy': 0.47381, 'f1': 0.43357, 'auc': 0.93938}
test: {'epoch': 169, 'time_epoch': 0.06287, 'loss': 2.70996274, 'lr': 0, 'params': 276757, 'time_iter': 0.00449, 'accuracy': 0.36429, 'f1': 0.34555, 'auc': 0.89102}
> Epoch 169: took 2.0s (avg 2.1s) | Best so far: epoch 161	train_loss: 0.2779 train_accuracy: 0.9059	val_loss: 2.2103 val_accuracy: 0.4833	test_loss: 2.9022 test_accuracy: 0.3595	F1: 0.3448 Prec: 0.3762 Rec: 0.3595
train: {'epoch': 170, 'time_epoch': 1.86928, 'eta': 145.2308, 'eta_hours': 0.04034, 'loss': 0.25775689, 'lr': 0.00023209, 'params': 276757, 'time_iter': 0.01068, 'accuracy': 0.91559, 'f1': 0.91554, 'auc': 0.9981}
val: {'epoch': 170, 'time_epoch': 0.06908, 'loss': 2.17698406, 'lr': 0, 'params': 276757, 'time_iter': 0.00493, 'accuracy': 0.48095, 'f1': 0.43609, 'auc': 0.94068}
test: {'epoch': 170, 'time_epoch': 0.06519, 'loss': 2.73549092, 'lr': 0, 'params': 276757, 'time_iter': 0.00466, 'accuracy': 0.37619, 'f1': 0.35707, 'auc': 0.88807}
> Epoch 170: took 2.1s (avg 2.1s) | Best so far: epoch 161	train_loss: 0.2779 train_accuracy: 0.9059	val_loss: 2.2103 val_accuracy: 0.4833	test_loss: 2.9022 test_accuracy: 0.3595	F1: 0.3448 Prec: 0.3762 Rec: 0.3595
train: {'epoch': 171, 'time_epoch': 1.91003, 'eta': 143.42493, 'eta_hours': 0.03984, 'loss': 0.25481146, 'lr': 0.0002268, 'params': 276757, 'time_iter': 0.01091, 'accuracy': 0.91613, 'f1': 0.91613, 'auc': 0.99816}
val: {'epoch': 171, 'time_epoch': 0.10004, 'loss': 2.5501644, 'lr': 0, 'params': 276757, 'time_iter': 0.00715, 'accuracy': 0.44048, 'f1': 0.40956, 'auc': 0.92469}
test: {'epoch': 171, 'time_epoch': 0.07277, 'loss': 2.81782267, 'lr': 0, 'params': 276757, 'time_iter': 0.0052, 'accuracy': 0.34762, 'f1': 0.33786, 'auc': 0.87522}
> Epoch 171: took 2.2s (avg 2.1s) | Best so far: epoch 161	train_loss: 0.2779 train_accuracy: 0.9059	val_loss: 2.2103 val_accuracy: 0.4833	test_loss: 2.9022 test_accuracy: 0.3595	F1: 0.3448 Prec: 0.3762 Rec: 0.3595
train: {'epoch': 172, 'time_epoch': 1.91563, 'eta': 141.62036, 'eta_hours': 0.03934, 'loss': 0.25688786, 'lr': 0.00022156, 'params': 276757, 'time_iter': 0.01095, 'accuracy': 0.91918, 'f1': 0.91918, 'auc': 0.99805}
val: {'epoch': 172, 'time_epoch': 0.07406, 'loss': 2.48984441, 'lr': 0, 'params': 276757, 'time_iter': 0.00529, 'accuracy': 0.44524, 'f1': 0.42139, 'auc': 0.92755}
test: {'epoch': 172, 'time_epoch': 0.06876, 'loss': 2.74470353, 'lr': 0, 'params': 276757, 'time_iter': 0.00491, 'accuracy': 0.35476, 'f1': 0.33236, 'auc': 0.88545}
> Epoch 172: took 2.2s (avg 2.1s) | Best so far: epoch 161	train_loss: 0.2779 train_accuracy: 0.9059	val_loss: 2.2103 val_accuracy: 0.4833	test_loss: 2.9022 test_accuracy: 0.3595	F1: 0.3448 Prec: 0.3762 Rec: 0.3595
train: {'epoch': 173, 'time_epoch': 1.68654, 'eta': 139.71444, 'eta_hours': 0.03881, 'loss': 0.25522161, 'lr': 0.00021637, 'params': 276757, 'time_iter': 0.00964, 'accuracy': 0.91667, 'f1': 0.91662, 'auc': 0.99815}
val: {'epoch': 173, 'time_epoch': 0.08629, 'loss': 2.67873438, 'lr': 0, 'params': 276757, 'time_iter': 0.00616, 'accuracy': 0.41429, 'f1': 0.37653, 'auc': 0.92408}
test: {'epoch': 173, 'time_epoch': 0.06725, 'loss': 3.06965944, 'lr': 0, 'params': 276757, 'time_iter': 0.0048, 'accuracy': 0.3381, 'f1': 0.33125, 'auc': 0.86614}
> Epoch 173: took 1.9s (avg 2.1s) | Best so far: epoch 161	train_loss: 0.2779 train_accuracy: 0.9059	val_loss: 2.2103 val_accuracy: 0.4833	test_loss: 2.9022 test_accuracy: 0.3595	F1: 0.3448 Prec: 0.3762 Rec: 0.3595
train: {'epoch': 174, 'time_epoch': 1.70886, 'eta': 137.8206, 'eta_hours': 0.03828, 'loss': 0.255564, 'lr': 0.00021121, 'params': 276757, 'time_iter': 0.00976, 'accuracy': 0.91846, 'f1': 0.91842, 'auc': 0.99809}
val: {'epoch': 174, 'time_epoch': 0.07499, 'loss': 2.28346815, 'lr': 0, 'params': 276757, 'time_iter': 0.00536, 'accuracy': 0.47857, 'f1': 0.45914, 'auc': 0.93958}
test: {'epoch': 174, 'time_epoch': 0.07534, 'loss': 2.84645656, 'lr': 0, 'params': 276757, 'time_iter': 0.00538, 'accuracy': 0.32857, 'f1': 0.31122, 'auc': 0.88487}
> Epoch 174: took 2.0s (avg 2.1s) | Best so far: epoch 161	train_loss: 0.2779 train_accuracy: 0.9059	val_loss: 2.2103 val_accuracy: 0.4833	test_loss: 2.9022 test_accuracy: 0.3595	F1: 0.3448 Prec: 0.3762 Rec: 0.3595
train: {'epoch': 175, 'time_epoch': 1.77516, 'eta': 135.95674, 'eta_hours': 0.03777, 'loss': 0.25768931, 'lr': 0.00020611, 'params': 276757, 'time_iter': 0.01014, 'accuracy': 0.91272, 'f1': 0.91263, 'auc': 0.99813}
val: {'epoch': 175, 'time_epoch': 0.07237, 'loss': 2.45809106, 'lr': 0, 'params': 276757, 'time_iter': 0.00517, 'accuracy': 0.44048, 'f1': 0.40625, 'auc': 0.93633}
test: {'epoch': 175, 'time_epoch': 0.07325, 'loss': 2.84980803, 'lr': 0, 'params': 276757, 'time_iter': 0.00523, 'accuracy': 0.3881, 'f1': 0.35325, 'auc': 0.89056}
> Epoch 175: took 2.0s (avg 2.1s) | Best so far: epoch 161	train_loss: 0.2779 train_accuracy: 0.9059	val_loss: 2.2103 val_accuracy: 0.4833	test_loss: 2.9022 test_accuracy: 0.3595	F1: 0.3448 Prec: 0.3762 Rec: 0.3595
train: {'epoch': 176, 'time_epoch': 1.799, 'eta': 134.10371, 'eta_hours': 0.03725, 'loss': 0.25232359, 'lr': 0.00020105, 'params': 276757, 'time_iter': 0.01028, 'accuracy': 0.92007, 'f1': 0.9201, 'auc': 0.99821}
val: {'epoch': 176, 'time_epoch': 0.06655, 'loss': 2.79781625, 'lr': 0, 'params': 276757, 'time_iter': 0.00475, 'accuracy': 0.40238, 'f1': 0.34283, 'auc': 0.9251}
test: {'epoch': 176, 'time_epoch': 0.09518, 'loss': 3.08342098, 'lr': 0, 'params': 276757, 'time_iter': 0.0068, 'accuracy': 0.37143, 'f1': 0.34004, 'auc': 0.87782}
> Epoch 176: took 2.0s (avg 2.1s) | Best so far: epoch 161	train_loss: 0.2779 train_accuracy: 0.9059	val_loss: 2.2103 val_accuracy: 0.4833	test_loss: 2.9022 test_accuracy: 0.3595	F1: 0.3448 Prec: 0.3762 Rec: 0.3595
train: {'epoch': 177, 'time_epoch': 1.74119, 'eta': 132.2279, 'eta_hours': 0.03673, 'loss': 0.26070587, 'lr': 0.00019603, 'params': 276757, 'time_iter': 0.00995, 'accuracy': 0.91559, 'f1': 0.91552, 'auc': 0.99804}
val: {'epoch': 177, 'time_epoch': 0.10417, 'loss': 2.01089302, 'lr': 0, 'params': 276757, 'time_iter': 0.00744, 'accuracy': 0.50238, 'f1': 0.47866, 'auc': 0.94611}
test: {'epoch': 177, 'time_epoch': 0.0758, 'loss': 2.49045145, 'lr': 0, 'params': 276757, 'time_iter': 0.00541, 'accuracy': 0.39762, 'f1': 0.38862, 'auc': 0.89923}
[*] Confusion Matrix saved to: results_lopo_none/GM_3m\Conf\confusion_matrix_epoch_177.png
> Epoch 177: took 2.0s (avg 2.1s) | Best so far: epoch 177	train_loss: 0.2607 train_accuracy: 0.9156	val_loss: 2.0109 val_accuracy: 0.5024	test_loss: 2.4905 test_accuracy: 0.3976	F1: 0.3886 Prec: 0.4245 Rec: 0.3976
train: {'epoch': 178, 'time_epoch': 2.04568, 'eta': 130.47437, 'eta_hours': 0.03624, 'loss': 0.25037096, 'lr': 0.00019107, 'params': 276757, 'time_iter': 0.01169, 'accuracy': 0.91989, 'f1': 0.91988, 'auc': 0.99818}
val: {'epoch': 178, 'time_epoch': 0.08926, 'loss': 2.93788401, 'lr': 0, 'params': 276757, 'time_iter': 0.00638, 'accuracy': 0.41905, 'f1': 0.36708, 'auc': 0.92133}
test: {'epoch': 178, 'time_epoch': 0.0758, 'loss': 3.22570464, 'lr': 0, 'params': 276757, 'time_iter': 0.00541, 'accuracy': 0.33333, 'f1': 0.31036, 'auc': 0.86979}
> Epoch 178: took 2.3s (avg 2.1s) | Best so far: epoch 177	train_loss: 0.2607 train_accuracy: 0.9156	val_loss: 2.0109 val_accuracy: 0.5024	test_loss: 2.4905 test_accuracy: 0.3976	F1: 0.3886 Prec: 0.4245 Rec: 0.3976
train: {'epoch': 179, 'time_epoch': 1.89706, 'eta': 128.6598, 'eta_hours': 0.03574, 'loss': 0.24609442, 'lr': 0.00018615, 'params': 276757, 'time_iter': 0.01084, 'accuracy': 0.92097, 'f1': 0.92093, 'auc': 0.99827}
val: {'epoch': 179, 'time_epoch': 0.07716, 'loss': 2.38178233, 'lr': 0, 'params': 276757, 'time_iter': 0.00551, 'accuracy': 0.45238, 'f1': 0.40563, 'auc': 0.93699}
test: {'epoch': 179, 'time_epoch': 0.06693, 'loss': 2.98182351, 'lr': 0, 'params': 276757, 'time_iter': 0.00478, 'accuracy': 0.35714, 'f1': 0.33924, 'auc': 0.87796}
> Epoch 179: took 2.1s (avg 2.1s) | Best so far: epoch 177	train_loss: 0.2607 train_accuracy: 0.9156	val_loss: 2.0109 val_accuracy: 0.5024	test_loss: 2.4905 test_accuracy: 0.3976	F1: 0.3886 Prec: 0.4245 Rec: 0.3976
train: {'epoch': 180, 'time_epoch': 1.99529, 'eta': 126.88177, 'eta_hours': 0.03524, 'loss': 0.24626339, 'lr': 0.00018129, 'params': 276757, 'time_iter': 0.0114, 'accuracy': 0.91935, 'f1': 0.91927, 'auc': 0.99832}
val: {'epoch': 180, 'time_epoch': 0.07827, 'loss': 2.49359698, 'lr': 0, 'params': 276757, 'time_iter': 0.00559, 'accuracy': 0.44048, 'f1': 0.38616, 'auc': 0.93365}
test: {'epoch': 180, 'time_epoch': 0.0702, 'loss': 3.13236173, 'lr': 0, 'params': 276757, 'time_iter': 0.00501, 'accuracy': 0.35, 'f1': 0.331, 'auc': 0.86176}
> Epoch 180: took 2.2s (avg 2.1s) | Best so far: epoch 177	train_loss: 0.2607 train_accuracy: 0.9156	val_loss: 2.0109 val_accuracy: 0.5024	test_loss: 2.4905 test_accuracy: 0.3976	F1: 0.3886 Prec: 0.4245 Rec: 0.3976
train: {'epoch': 181, 'time_epoch': 1.95774, 'eta': 125.08731, 'eta_hours': 0.03475, 'loss': 0.24677225, 'lr': 0.00017647, 'params': 276757, 'time_iter': 0.01119, 'accuracy': 0.92419, 'f1': 0.9242, 'auc': 0.99826}
val: {'epoch': 181, 'time_epoch': 0.08563, 'loss': 2.13084312, 'lr': 0, 'params': 276757, 'time_iter': 0.00612, 'accuracy': 0.50952, 'f1': 0.47768, 'auc': 0.94362}
test: {'epoch': 181, 'time_epoch': 0.06701, 'loss': 2.74764446, 'lr': 0, 'params': 276757, 'time_iter': 0.00479, 'accuracy': 0.38571, 'f1': 0.36638, 'auc': 0.88689}
[*] Confusion Matrix saved to: results_lopo_none/GM_3m\Conf\confusion_matrix_epoch_181.png
> Epoch 181: took 2.2s (avg 2.1s) | Best so far: epoch 181	train_loss: 0.2468 train_accuracy: 0.9242	val_loss: 2.1308 val_accuracy: 0.5095	test_loss: 2.7476 test_accuracy: 0.3857	F1: 0.3664 Prec: 0.3954 Rec: 0.3857
train: {'epoch': 182, 'time_epoch': 2.03518, 'eta': 123.31943, 'eta_hours': 0.03426, 'loss': 0.23795565, 'lr': 0.00017171, 'params': 276757, 'time_iter': 0.01163, 'accuracy': 0.91935, 'f1': 0.9193, 'auc': 0.99844}
val: {'epoch': 182, 'time_epoch': 0.06345, 'loss': 2.76826114, 'lr': 0, 'params': 276757, 'time_iter': 0.00453, 'accuracy': 0.42143, 'f1': 0.37862, 'auc': 0.92311}
test: {'epoch': 182, 'time_epoch': 0.06486, 'loss': 2.9508534, 'lr': 0, 'params': 276757, 'time_iter': 0.00463, 'accuracy': 0.36429, 'f1': 0.34163, 'auc': 0.88144}
> Epoch 182: took 2.3s (avg 2.1s) | Best so far: epoch 181	train_loss: 0.2468 train_accuracy: 0.9242	val_loss: 2.1308 val_accuracy: 0.5095	test_loss: 2.7476 test_accuracy: 0.3857	F1: 0.3664 Prec: 0.3954 Rec: 0.3857
train: {'epoch': 183, 'time_epoch': 1.84909, 'eta': 121.48189, 'eta_hours': 0.03374, 'loss': 0.23404577, 'lr': 0.00016699, 'params': 276757, 'time_iter': 0.01057, 'accuracy': 0.92419, 'f1': 0.92417, 'auc': 0.99845}
val: {'epoch': 183, 'time_epoch': 0.10325, 'loss': 2.04873435, 'lr': 0, 'params': 276757, 'time_iter': 0.00738, 'accuracy': 0.49048, 'f1': 0.47571, 'auc': 0.9389}
test: {'epoch': 183, 'time_epoch': 0.08334, 'loss': 2.58897142, 'lr': 0, 'params': 276757, 'time_iter': 0.00595, 'accuracy': 0.39286, 'f1': 0.36577, 'auc': 0.89457}
> Epoch 183: took 2.1s (avg 2.1s) | Best so far: epoch 181	train_loss: 0.2468 train_accuracy: 0.9242	val_loss: 2.1308 val_accuracy: 0.5095	test_loss: 2.7476 test_accuracy: 0.3857	F1: 0.3664 Prec: 0.3954 Rec: 0.3857
train: {'epoch': 184, 'time_epoch': 1.85484, 'eta': 119.64625, 'eta_hours': 0.03324, 'loss': 0.24548212, 'lr': 0.00016233, 'params': 276757, 'time_iter': 0.0106, 'accuracy': 0.92025, 'f1': 0.92024, 'auc': 0.99831}
val: {'epoch': 184, 'time_epoch': 0.06798, 'loss': 2.69570099, 'lr': 0, 'params': 276757, 'time_iter': 0.00486, 'accuracy': 0.44762, 'f1': 0.40078, 'auc': 0.92991}
test: {'epoch': 184, 'time_epoch': 0.06587, 'loss': 2.85659688, 'lr': 0, 'params': 276757, 'time_iter': 0.00471, 'accuracy': 0.35714, 'f1': 0.34181, 'auc': 0.8822}
> Epoch 184: took 2.1s (avg 2.1s) | Best so far: epoch 181	train_loss: 0.2468 train_accuracy: 0.9242	val_loss: 2.1308 val_accuracy: 0.5095	test_loss: 2.7476 test_accuracy: 0.3857	F1: 0.3664 Prec: 0.3954 Rec: 0.3857
train: {'epoch': 185, 'time_epoch': 1.81171, 'eta': 117.79556, 'eta_hours': 0.03272, 'loss': 0.2345602, 'lr': 0.00015773, 'params': 276757, 'time_iter': 0.01035, 'accuracy': 0.9181, 'f1': 0.91797, 'auc': 0.99854}
val: {'epoch': 185, 'time_epoch': 0.08611, 'loss': 2.99676433, 'lr': 0, 'params': 276757, 'time_iter': 0.00615, 'accuracy': 0.4119, 'f1': 0.36129, 'auc': 0.92404}
test: {'epoch': 185, 'time_epoch': 0.09131, 'loss': 2.87687161, 'lr': 0, 'params': 276757, 'time_iter': 0.00652, 'accuracy': 0.35714, 'f1': 0.31942, 'auc': 0.89629}
> Epoch 185: took 2.1s (avg 2.1s) | Best so far: epoch 181	train_loss: 0.2468 train_accuracy: 0.9242	val_loss: 2.1308 val_accuracy: 0.5095	test_loss: 2.7476 test_accuracy: 0.3857	F1: 0.3664 Prec: 0.3954 Rec: 0.3857
train: {'epoch': 186, 'time_epoch': 1.79352, 'eta': 115.93916, 'eta_hours': 0.03221, 'loss': 0.23635329, 'lr': 0.00015317, 'params': 276757, 'time_iter': 0.01025, 'accuracy': 0.92115, 'f1': 0.92114, 'auc': 0.99837}
val: {'epoch': 186, 'time_epoch': 0.09084, 'loss': 2.09557485, 'lr': 0, 'params': 276757, 'time_iter': 0.00649, 'accuracy': 0.4881, 'f1': 0.45284, 'auc': 0.94328}
test: {'epoch': 186, 'time_epoch': 0.07184, 'loss': 2.51066484, 'lr': 0, 'params': 276757, 'time_iter': 0.00513, 'accuracy': 0.39048, 'f1': 0.36307, 'auc': 0.90401}
> Epoch 186: took 2.0s (avg 2.1s) | Best so far: epoch 181	train_loss: 0.2468 train_accuracy: 0.9242	val_loss: 2.1308 val_accuracy: 0.5095	test_loss: 2.7476 test_accuracy: 0.3857	F1: 0.3664 Prec: 0.3954 Rec: 0.3857
train: {'epoch': 187, 'time_epoch': 1.79419, 'eta': 114.08364, 'eta_hours': 0.03169, 'loss': 0.22313043, 'lr': 0.00014868, 'params': 276757, 'time_iter': 0.01025, 'accuracy': 0.92742, 'f1': 0.92739, 'auc': 0.99865}
val: {'epoch': 187, 'time_epoch': 0.09889, 'loss': 2.01362836, 'lr': 0, 'params': 276757, 'time_iter': 0.00706, 'accuracy': 0.48333, 'f1': 0.45996, 'auc': 0.94211}
test: {'epoch': 187, 'time_epoch': 0.08894, 'loss': 2.88733324, 'lr': 0, 'params': 276757, 'time_iter': 0.00635, 'accuracy': 0.39048, 'f1': 0.36612, 'auc': 0.88209}
> Epoch 187: took 2.1s (avg 2.1s) | Best so far: epoch 181	train_loss: 0.2468 train_accuracy: 0.9242	val_loss: 2.1308 val_accuracy: 0.5095	test_loss: 2.7476 test_accuracy: 0.3857	F1: 0.3664 Prec: 0.3954 Rec: 0.3857
train: {'epoch': 188, 'time_epoch': 1.79628, 'eta': 112.22946, 'eta_hours': 0.03117, 'loss': 0.24408743, 'lr': 0.00014423, 'params': 276757, 'time_iter': 0.01026, 'accuracy': 0.92168, 'f1': 0.9216, 'auc': 0.99828}
val: {'epoch': 188, 'time_epoch': 0.08352, 'loss': 2.22829727, 'lr': 0, 'params': 276757, 'time_iter': 0.00597, 'accuracy': 0.51905, 'f1': 0.48356, 'auc': 0.93764}
test: {'epoch': 188, 'time_epoch': 0.12698, 'loss': 2.65486337, 'lr': 0, 'params': 276757, 'time_iter': 0.00907, 'accuracy': 0.41429, 'f1': 0.39488, 'auc': 0.89352}
[*] Confusion Matrix saved to: results_lopo_none/GM_3m\Conf\confusion_matrix_epoch_188.png
> Epoch 188: took 2.1s (avg 2.1s) | Best so far: epoch 188	train_loss: 0.2441 train_accuracy: 0.9217	val_loss: 2.2283 val_accuracy: 0.5191	test_loss: 2.6549 test_accuracy: 0.4143	F1: 0.3949 Prec: 0.4147 Rec: 0.4143
train: {'epoch': 189, 'time_epoch': 1.80235, 'eta': 110.37779, 'eta_hours': 0.03066, 'loss': 0.2213622, 'lr': 0.00013985, 'params': 276757, 'time_iter': 0.0103, 'accuracy': 0.92867, 'f1': 0.9286, 'auc': 0.99868}
val: {'epoch': 189, 'time_epoch': 0.07338, 'loss': 2.27221499, 'lr': 0, 'params': 276757, 'time_iter': 0.00524, 'accuracy': 0.51667, 'f1': 0.48038, 'auc': 0.94211}
test: {'epoch': 189, 'time_epoch': 0.06535, 'loss': 2.6702337, 'lr': 0, 'params': 276757, 'time_iter': 0.00467, 'accuracy': 0.35476, 'f1': 0.35066, 'auc': 0.88827}
> Epoch 189: took 2.0s (avg 2.1s) | Best so far: epoch 188	train_loss: 0.2441 train_accuracy: 0.9217	val_loss: 2.2283 val_accuracy: 0.5191	test_loss: 2.6549 test_accuracy: 0.4143	F1: 0.3949 Prec: 0.4147 Rec: 0.4143
train: {'epoch': 190, 'time_epoch': 1.78973, 'eta': 108.52275, 'eta_hours': 0.03015, 'loss': 0.22739035, 'lr': 0.00013552, 'params': 276757, 'time_iter': 0.01023, 'accuracy': 0.92796, 'f1': 0.92796, 'auc': 0.99847}
val: {'epoch': 190, 'time_epoch': 0.06691, 'loss': 2.19719151, 'lr': 0, 'params': 276757, 'time_iter': 0.00478, 'accuracy': 0.47381, 'f1': 0.44656, 'auc': 0.93763}
test: {'epoch': 190, 'time_epoch': 0.07106, 'loss': 2.81422621, 'lr': 0, 'params': 276757, 'time_iter': 0.00508, 'accuracy': 0.37619, 'f1': 0.34662, 'auc': 0.88878}
> Epoch 190: took 2.0s (avg 2.1s) | Best so far: epoch 188	train_loss: 0.2441 train_accuracy: 0.9217	val_loss: 2.2283 val_accuracy: 0.5191	test_loss: 2.6549 test_accuracy: 0.4143	F1: 0.3949 Prec: 0.4147 Rec: 0.4143
train: {'epoch': 191, 'time_epoch': 1.94714, 'eta': 106.71594, 'eta_hours': 0.02964, 'loss': 0.23081864, 'lr': 0.00013124, 'params': 276757, 'time_iter': 0.01113, 'accuracy': 0.9224, 'f1': 0.92237, 'auc': 0.99855}
val: {'epoch': 191, 'time_epoch': 0.08707, 'loss': 2.01004678, 'lr': 0, 'params': 276757, 'time_iter': 0.00622, 'accuracy': 0.50238, 'f1': 0.47973, 'auc': 0.94403}
test: {'epoch': 191, 'time_epoch': 0.07154, 'loss': 2.65244609, 'lr': 0, 'params': 276757, 'time_iter': 0.00511, 'accuracy': 0.39762, 'f1': 0.38121, 'auc': 0.89345}
> Epoch 191: took 2.2s (avg 2.1s) | Best so far: epoch 188	train_loss: 0.2441 train_accuracy: 0.9217	val_loss: 2.2283 val_accuracy: 0.5191	test_loss: 2.6549 test_accuracy: 0.4143	F1: 0.3949 Prec: 0.4147 Rec: 0.4143
train: {'epoch': 192, 'time_epoch': 1.84889, 'eta': 104.87865, 'eta_hours': 0.02913, 'loss': 0.22460156, 'lr': 0.00012703, 'params': 276757, 'time_iter': 0.01057, 'accuracy': 0.92581, 'f1': 0.9258, 'auc': 0.99861}
val: {'epoch': 192, 'time_epoch': 0.07027, 'loss': 2.09786779, 'lr': 0, 'params': 276757, 'time_iter': 0.00502, 'accuracy': 0.47619, 'f1': 0.44846, 'auc': 0.94198}
test: {'epoch': 192, 'time_epoch': 0.07676, 'loss': 2.64799001, 'lr': 0, 'params': 276757, 'time_iter': 0.00548, 'accuracy': 0.40952, 'f1': 0.38861, 'auc': 0.89599}
> Epoch 192: took 2.1s (avg 2.1s) | Best so far: epoch 188	train_loss: 0.2441 train_accuracy: 0.9217	val_loss: 2.2283 val_accuracy: 0.5191	test_loss: 2.6549 test_accuracy: 0.4143	F1: 0.3949 Prec: 0.4147 Rec: 0.4143
train: {'epoch': 193, 'time_epoch': 1.73917, 'eta': 103.00958, 'eta_hours': 0.02861, 'loss': 0.22376496, 'lr': 0.00012287, 'params': 276757, 'time_iter': 0.00994, 'accuracy': 0.92706, 'f1': 0.92702, 'auc': 0.99855}
val: {'epoch': 193, 'time_epoch': 0.103, 'loss': 2.2928223, 'lr': 0, 'params': 276757, 'time_iter': 0.00736, 'accuracy': 0.5, 'f1': 0.46573, 'auc': 0.93629}
test: {'epoch': 193, 'time_epoch': 0.07179, 'loss': 2.67371426, 'lr': 0, 'params': 276757, 'time_iter': 0.00513, 'accuracy': 0.41905, 'f1': 0.40826, 'auc': 0.89107}
> Epoch 193: took 2.0s (avg 2.1s) | Best so far: epoch 188	train_loss: 0.2441 train_accuracy: 0.9217	val_loss: 2.2283 val_accuracy: 0.5191	test_loss: 2.6549 test_accuracy: 0.4143	F1: 0.3949 Prec: 0.4147 Rec: 0.4143
train: {'epoch': 194, 'time_epoch': 1.81555, 'eta': 101.16338, 'eta_hours': 0.0281, 'loss': 0.22424898, 'lr': 0.00011878, 'params': 276757, 'time_iter': 0.01037, 'accuracy': 0.92634, 'f1': 0.92636, 'auc': 0.99858}
val: {'epoch': 194, 'time_epoch': 0.0753, 'loss': 2.22153952, 'lr': 0, 'params': 276757, 'time_iter': 0.00538, 'accuracy': 0.44762, 'f1': 0.40818, 'auc': 0.94127}
test: {'epoch': 194, 'time_epoch': 0.0773, 'loss': 2.65835705, 'lr': 0, 'params': 276757, 'time_iter': 0.00552, 'accuracy': 0.39286, 'f1': 0.37779, 'auc': 0.89253}
> Epoch 194: took 2.0s (avg 2.1s) | Best so far: epoch 188	train_loss: 0.2441 train_accuracy: 0.9217	val_loss: 2.2283 val_accuracy: 0.5191	test_loss: 2.6549 test_accuracy: 0.4143	F1: 0.3949 Prec: 0.4147 Rec: 0.4143
train: {'epoch': 195, 'time_epoch': 1.88769, 'eta': 99.33737, 'eta_hours': 0.02759, 'loss': 0.21236421, 'lr': 0.00011474, 'params': 276757, 'time_iter': 0.01079, 'accuracy': 0.93297, 'f1': 0.93296, 'auc': 0.99874}
val: {'epoch': 195, 'time_epoch': 0.07138, 'loss': 2.25937256, 'lr': 0, 'params': 276757, 'time_iter': 0.0051, 'accuracy': 0.49762, 'f1': 0.45898, 'auc': 0.94256}
test: {'epoch': 195, 'time_epoch': 0.07511, 'loss': 2.59384665, 'lr': 0, 'params': 276757, 'time_iter': 0.00536, 'accuracy': 0.42381, 'f1': 0.39617, 'auc': 0.89877}
> Epoch 195: took 2.1s (avg 2.1s) | Best so far: epoch 188	train_loss: 0.2441 train_accuracy: 0.9217	val_loss: 2.2283 val_accuracy: 0.5191	test_loss: 2.6549 test_accuracy: 0.4143	F1: 0.3949 Prec: 0.4147 Rec: 0.4143
train: {'epoch': 196, 'time_epoch': 1.73815, 'eta': 97.4705, 'eta_hours': 0.02708, 'loss': 0.22669646, 'lr': 0.00011077, 'params': 276757, 'time_iter': 0.00993, 'accuracy': 0.92903, 'f1': 0.92901, 'auc': 0.99851}
val: {'epoch': 196, 'time_epoch': 0.06905, 'loss': 2.17552346, 'lr': 0, 'params': 276757, 'time_iter': 0.00493, 'accuracy': 0.49524, 'f1': 0.47267, 'auc': 0.93751}
test: {'epoch': 196, 'time_epoch': 0.06637, 'loss': 2.50058659, 'lr': 0, 'params': 276757, 'time_iter': 0.00474, 'accuracy': 0.41429, 'f1': 0.40192, 'auc': 0.89883}
> Epoch 196: took 1.9s (avg 2.1s) | Best so far: epoch 188	train_loss: 0.2441 train_accuracy: 0.9217	val_loss: 2.2283 val_accuracy: 0.5191	test_loss: 2.6549 test_accuracy: 0.4143	F1: 0.3949 Prec: 0.4147 Rec: 0.4143
train: {'epoch': 197, 'time_epoch': 1.83182, 'eta': 95.62953, 'eta_hours': 0.02656, 'loss': 0.21232463, 'lr': 0.00010686, 'params': 276757, 'time_iter': 0.01047, 'accuracy': 0.93351, 'f1': 0.9335, 'auc': 0.99873}
val: {'epoch': 197, 'time_epoch': 0.06864, 'loss': 2.18503483, 'lr': 0, 'params': 276757, 'time_iter': 0.0049, 'accuracy': 0.47857, 'f1': 0.45525, 'auc': 0.93721}
test: {'epoch': 197, 'time_epoch': 0.07677, 'loss': 2.57020544, 'lr': 0, 'params': 276757, 'time_iter': 0.00548, 'accuracy': 0.41429, 'f1': 0.39265, 'auc': 0.89999}
> Epoch 197: took 2.1s (avg 2.1s) | Best so far: epoch 188	train_loss: 0.2441 train_accuracy: 0.9217	val_loss: 2.2283 val_accuracy: 0.5191	test_loss: 2.6549 test_accuracy: 0.4143	F1: 0.3949 Prec: 0.4147 Rec: 0.4143
train: {'epoch': 198, 'time_epoch': 1.76588, 'eta': 93.77175, 'eta_hours': 0.02605, 'loss': 0.2225822, 'lr': 0.000103, 'params': 276757, 'time_iter': 0.01009, 'accuracy': 0.92563, 'f1': 0.92565, 'auc': 0.99864}
val: {'epoch': 198, 'time_epoch': 0.07125, 'loss': 2.40221725, 'lr': 0, 'params': 276757, 'time_iter': 0.00509, 'accuracy': 0.48333, 'f1': 0.44261, 'auc': 0.93817}
test: {'epoch': 198, 'time_epoch': 0.0721, 'loss': 2.75815229, 'lr': 0, 'params': 276757, 'time_iter': 0.00515, 'accuracy': 0.37143, 'f1': 0.35458, 'auc': 0.88799}
> Epoch 198: took 2.0s (avg 2.1s) | Best so far: epoch 188	train_loss: 0.2441 train_accuracy: 0.9217	val_loss: 2.2283 val_accuracy: 0.5191	test_loss: 2.6549 test_accuracy: 0.4143	F1: 0.3949 Prec: 0.4147 Rec: 0.4143
train: {'epoch': 199, 'time_epoch': 1.80559, 'eta': 91.92482, 'eta_hours': 0.02553, 'loss': 0.21807324, 'lr': 9.922e-05, 'params': 276757, 'time_iter': 0.01032, 'accuracy': 0.93011, 'f1': 0.9301, 'auc': 0.99862}
val: {'epoch': 199, 'time_epoch': 0.06827, 'loss': 1.7925708, 'lr': 0, 'params': 276757, 'time_iter': 0.00488, 'accuracy': 0.54048, 'f1': 0.53245, 'auc': 0.9515}
test: {'epoch': 199, 'time_epoch': 0.06916, 'loss': 2.51105957, 'lr': 0, 'params': 276757, 'time_iter': 0.00494, 'accuracy': 0.4119, 'f1': 0.39626, 'auc': 0.90427}
[*] Confusion Matrix saved to: results_lopo_none/GM_3m\Conf\confusion_matrix_epoch_199.png
> Epoch 199: took 2.0s (avg 2.1s) | Best so far: epoch 199	train_loss: 0.2181 train_accuracy: 0.9301	val_loss: 1.7926 val_accuracy: 0.5405	test_loss: 2.5111 test_accuracy: 0.4119	F1: 0.3963 Prec: 0.4261 Rec: 0.4119
train: {'epoch': 200, 'time_epoch': 1.86697, 'eta': 90.09327, 'eta_hours': 0.02503, 'loss': 0.21964697, 'lr': 9.549e-05, 'params': 276757, 'time_iter': 0.01067, 'accuracy': 0.92796, 'f1': 0.92791, 'auc': 0.99861}
val: {'epoch': 200, 'time_epoch': 0.0726, 'loss': 2.04063532, 'lr': 0, 'params': 276757, 'time_iter': 0.00519, 'accuracy': 0.5, 'f1': 0.47418, 'auc': 0.94403}
test: {'epoch': 200, 'time_epoch': 0.06539, 'loss': 2.58933486, 'lr': 0, 'params': 276757, 'time_iter': 0.00467, 'accuracy': 0.42857, 'f1': 0.41179, 'auc': 0.89995}
> Epoch 200: took 2.1s (avg 2.1s) | Best so far: epoch 199	train_loss: 0.2181 train_accuracy: 0.9301	val_loss: 1.7926 val_accuracy: 0.5405	test_loss: 2.5111 test_accuracy: 0.4119	F1: 0.3963 Prec: 0.4261 Rec: 0.4119
train: {'epoch': 201, 'time_epoch': 1.88498, 'eta': 88.26564, 'eta_hours': 0.02452, 'loss': 0.21788579, 'lr': 9.183e-05, 'params': 276757, 'time_iter': 0.01077, 'accuracy': 0.93387, 'f1': 0.93383, 'auc': 0.99861}
val: {'epoch': 201, 'time_epoch': 0.06908, 'loss': 2.15363891, 'lr': 0, 'params': 276757, 'time_iter': 0.00493, 'accuracy': 0.48571, 'f1': 0.45874, 'auc': 0.94018}
test: {'epoch': 201, 'time_epoch': 0.08921, 'loss': 2.60454607, 'lr': 0, 'params': 276757, 'time_iter': 0.00637, 'accuracy': 0.41429, 'f1': 0.39901, 'auc': 0.89908}
> Epoch 201: took 2.1s (avg 2.1s) | Best so far: epoch 199	train_loss: 0.2181 train_accuracy: 0.9301	val_loss: 1.7926 val_accuracy: 0.5405	test_loss: 2.5111 test_accuracy: 0.4119	F1: 0.3963 Prec: 0.4261 Rec: 0.4119
train: {'epoch': 202, 'time_epoch': 1.8023, 'eta': 86.4183, 'eta_hours': 0.02401, 'loss': 0.21038626, 'lr': 8.823e-05, 'params': 276757, 'time_iter': 0.0103, 'accuracy': 0.9353, 'f1': 0.93526, 'auc': 0.99874}
val: {'epoch': 202, 'time_epoch': 0.07818, 'loss': 2.30269876, 'lr': 0, 'params': 276757, 'time_iter': 0.00558, 'accuracy': 0.49524, 'f1': 0.45786, 'auc': 0.94082}
test: {'epoch': 202, 'time_epoch': 0.06843, 'loss': 2.65223227, 'lr': 0, 'params': 276757, 'time_iter': 0.00489, 'accuracy': 0.42381, 'f1': 0.40419, 'auc': 0.8989}
> Epoch 202: took 2.0s (avg 2.1s) | Best so far: epoch 199	train_loss: 0.2181 train_accuracy: 0.9301	val_loss: 1.7926 val_accuracy: 0.5405	test_loss: 2.5111 test_accuracy: 0.4119	F1: 0.3963 Prec: 0.4261 Rec: 0.4119
train: {'epoch': 203, 'time_epoch': 1.78529, 'eta': 84.56758, 'eta_hours': 0.02349, 'loss': 0.21982199, 'lr': 8.47e-05, 'params': 276757, 'time_iter': 0.0102, 'accuracy': 0.93011, 'f1': 0.93012, 'auc': 0.99867}
val: {'epoch': 203, 'time_epoch': 0.06412, 'loss': 1.8780166, 'lr': 0, 'params': 276757, 'time_iter': 0.00458, 'accuracy': 0.52619, 'f1': 0.51146, 'auc': 0.94695}
test: {'epoch': 203, 'time_epoch': 0.08736, 'loss': 2.48768142, 'lr': 0, 'params': 276757, 'time_iter': 0.00624, 'accuracy': 0.40952, 'f1': 0.40186, 'auc': 0.90241}
> Epoch 203: took 2.0s (avg 2.1s) | Best so far: epoch 199	train_loss: 0.2181 train_accuracy: 0.9301	val_loss: 1.7926 val_accuracy: 0.5405	test_loss: 2.5111 test_accuracy: 0.4119	F1: 0.3963 Prec: 0.4261 Rec: 0.4119
train: {'epoch': 204, 'time_epoch': 1.67453, 'eta': 82.69318, 'eta_hours': 0.02297, 'loss': 0.20220058, 'lr': 8.124e-05, 'params': 276757, 'time_iter': 0.00957, 'accuracy': 0.93548, 'f1': 0.93542, 'auc': 0.99879}
val: {'epoch': 204, 'time_epoch': 0.09055, 'loss': 2.11854712, 'lr': 0, 'params': 276757, 'time_iter': 0.00647, 'accuracy': 0.49762, 'f1': 0.47015, 'auc': 0.94275}
test: {'epoch': 204, 'time_epoch': 0.0742, 'loss': 2.47352188, 'lr': 0, 'params': 276757, 'time_iter': 0.0053, 'accuracy': 0.43095, 'f1': 0.40904, 'auc': 0.90598}
> Epoch 204: took 1.9s (avg 2.1s) | Best so far: epoch 199	train_loss: 0.2181 train_accuracy: 0.9301	val_loss: 1.7926 val_accuracy: 0.5405	test_loss: 2.5111 test_accuracy: 0.4119	F1: 0.3963 Prec: 0.4261 Rec: 0.4119
train: {'epoch': 205, 'time_epoch': 1.7658, 'eta': 80.84021, 'eta_hours': 0.02246, 'loss': 0.21607499, 'lr': 7.784e-05, 'params': 276757, 'time_iter': 0.01009, 'accuracy': 0.92599, 'f1': 0.92596, 'auc': 0.99868}
val: {'epoch': 205, 'time_epoch': 0.07463, 'loss': 2.03302929, 'lr': 0, 'params': 276757, 'time_iter': 0.00533, 'accuracy': 0.51667, 'f1': 0.49232, 'auc': 0.94403}
test: {'epoch': 205, 'time_epoch': 0.08113, 'loss': 2.58735902, 'lr': 0, 'params': 276757, 'time_iter': 0.0058, 'accuracy': 0.4, 'f1': 0.39055, 'auc': 0.89593}
> Epoch 205: took 2.0s (avg 2.1s) | Best so far: epoch 199	train_loss: 0.2181 train_accuracy: 0.9301	val_loss: 1.7926 val_accuracy: 0.5405	test_loss: 2.5111 test_accuracy: 0.4119	F1: 0.3963 Prec: 0.4261 Rec: 0.4119
train: {'epoch': 206, 'time_epoch': 1.81282, 'eta': 78.99785, 'eta_hours': 0.02194, 'loss': 0.21381775, 'lr': 7.45e-05, 'params': 276757, 'time_iter': 0.01036, 'accuracy': 0.93172, 'f1': 0.93175, 'auc': 0.99868}
val: {'epoch': 206, 'time_epoch': 0.07611, 'loss': 1.97190842, 'lr': 0, 'params': 276757, 'time_iter': 0.00544, 'accuracy': 0.54048, 'f1': 0.51605, 'auc': 0.94888}
test: {'epoch': 206, 'time_epoch': 0.06827, 'loss': 2.56704145, 'lr': 0, 'params': 276757, 'time_iter': 0.00488, 'accuracy': 0.41429, 'f1': 0.39501, 'auc': 0.90108}
> Epoch 206: took 2.0s (avg 2.1s) | Best so far: epoch 199	train_loss: 0.2181 train_accuracy: 0.9301	val_loss: 1.7926 val_accuracy: 0.5405	test_loss: 2.5111 test_accuracy: 0.4119	F1: 0.3963 Prec: 0.4261 Rec: 0.4119
train: {'epoch': 207, 'time_epoch': 1.70486, 'eta': 77.13398, 'eta_hours': 0.02143, 'loss': 0.21253208, 'lr': 7.124e-05, 'params': 276757, 'time_iter': 0.00974, 'accuracy': 0.93333, 'f1': 0.93327, 'auc': 0.99867}
val: {'epoch': 207, 'time_epoch': 0.07073, 'loss': 2.18994757, 'lr': 0, 'params': 276757, 'time_iter': 0.00505, 'accuracy': 0.5, 'f1': 0.46557, 'auc': 0.94134}
test: {'epoch': 207, 'time_epoch': 0.10035, 'loss': 2.5384608, 'lr': 0, 'params': 276757, 'time_iter': 0.00717, 'accuracy': 0.41429, 'f1': 0.39415, 'auc': 0.89943}
> Epoch 207: took 2.0s (avg 2.1s) | Best so far: epoch 199	train_loss: 0.2181 train_accuracy: 0.9301	val_loss: 1.7926 val_accuracy: 0.5405	test_loss: 2.5111 test_accuracy: 0.4119	F1: 0.3963 Prec: 0.4261 Rec: 0.4119
train: {'epoch': 208, 'time_epoch': 1.83377, 'eta': 75.29691, 'eta_hours': 0.02092, 'loss': 0.20112007, 'lr': 6.804e-05, 'params': 276757, 'time_iter': 0.01048, 'accuracy': 0.9362, 'f1': 0.9362, 'auc': 0.99886}
val: {'epoch': 208, 'time_epoch': 0.07038, 'loss': 2.10241136, 'lr': 0, 'params': 276757, 'time_iter': 0.00503, 'accuracy': 0.51667, 'f1': 0.48664, 'auc': 0.94464}
test: {'epoch': 208, 'time_epoch': 0.06612, 'loss': 2.50257299, 'lr': 0, 'params': 276757, 'time_iter': 0.00472, 'accuracy': 0.43095, 'f1': 0.40682, 'auc': 0.9042}
> Epoch 208: took 2.1s (avg 2.1s) | Best so far: epoch 199	train_loss: 0.2181 train_accuracy: 0.9301	val_loss: 1.7926 val_accuracy: 0.5405	test_loss: 2.5111 test_accuracy: 0.4119	F1: 0.3963 Prec: 0.4261 Rec: 0.4119
train: {'epoch': 209, 'time_epoch': 1.81795, 'eta': 73.45687, 'eta_hours': 0.0204, 'loss': 0.21466625, 'lr': 6.491e-05, 'params': 276757, 'time_iter': 0.01039, 'accuracy': 0.92742, 'f1': 0.92731, 'auc': 0.99872}
val: {'epoch': 209, 'time_epoch': 0.08293, 'loss': 2.11723639, 'lr': 0, 'params': 276757, 'time_iter': 0.00592, 'accuracy': 0.50714, 'f1': 0.47565, 'auc': 0.94595}
test: {'epoch': 209, 'time_epoch': 0.07377, 'loss': 2.44377065, 'lr': 0, 'params': 276757, 'time_iter': 0.00527, 'accuracy': 0.44048, 'f1': 0.41677, 'auc': 0.9042}
> Epoch 209: took 2.0s (avg 2.1s) | Best so far: epoch 199	train_loss: 0.2181 train_accuracy: 0.9301	val_loss: 1.7926 val_accuracy: 0.5405	test_loss: 2.5111 test_accuracy: 0.4119	F1: 0.3963 Prec: 0.4261 Rec: 0.4119
train: {'epoch': 210, 'time_epoch': 1.9693, 'eta': 71.645, 'eta_hours': 0.0199, 'loss': 0.19909112, 'lr': 6.185e-05, 'params': 276757, 'time_iter': 0.01125, 'accuracy': 0.9353, 'f1': 0.93523, 'auc': 0.99886}
val: {'epoch': 210, 'time_epoch': 0.0753, 'loss': 2.23508157, 'lr': 0, 'params': 276757, 'time_iter': 0.00538, 'accuracy': 0.47857, 'f1': 0.44751, 'auc': 0.94102}
test: {'epoch': 210, 'time_epoch': 0.08089, 'loss': 2.52691454, 'lr': 0, 'params': 276757, 'time_iter': 0.00578, 'accuracy': 0.42143, 'f1': 0.39916, 'auc': 0.90257}
> Epoch 210: took 2.2s (avg 2.1s) | Best so far: epoch 199	train_loss: 0.2181 train_accuracy: 0.9301	val_loss: 1.7926 val_accuracy: 0.5405	test_loss: 2.5111 test_accuracy: 0.4119	F1: 0.3963 Prec: 0.4261 Rec: 0.4119
train: {'epoch': 211, 'time_epoch': 1.92187, 'eta': 69.82316, 'eta_hours': 0.0194, 'loss': 0.22269995, 'lr': 5.885e-05, 'params': 276757, 'time_iter': 0.01098, 'accuracy': 0.92599, 'f1': 0.926, 'auc': 0.99861}
val: {'epoch': 211, 'time_epoch': 0.07742, 'loss': 2.14554371, 'lr': 0, 'params': 276757, 'time_iter': 0.00553, 'accuracy': 0.49762, 'f1': 0.47316, 'auc': 0.94345}
test: {'epoch': 211, 'time_epoch': 0.07424, 'loss': 2.5034196, 'lr': 0, 'params': 276757, 'time_iter': 0.0053, 'accuracy': 0.43571, 'f1': 0.41174, 'auc': 0.90278}
> Epoch 211: took 2.2s (avg 2.1s) | Best so far: epoch 199	train_loss: 0.2181 train_accuracy: 0.9301	val_loss: 1.7926 val_accuracy: 0.5405	test_loss: 2.5111 test_accuracy: 0.4119	F1: 0.3963 Prec: 0.4261 Rec: 0.4119
train: {'epoch': 212, 'time_epoch': 2.08512, 'eta': 68.02873, 'eta_hours': 0.0189, 'loss': 0.21347234, 'lr': 5.593e-05, 'params': 276757, 'time_iter': 0.01191, 'accuracy': 0.93441, 'f1': 0.93434, 'auc': 0.99868}
val: {'epoch': 212, 'time_epoch': 0.06922, 'loss': 2.20060836, 'lr': 0, 'params': 276757, 'time_iter': 0.00494, 'accuracy': 0.50714, 'f1': 0.47084, 'auc': 0.94254}
test: {'epoch': 212, 'time_epoch': 0.07281, 'loss': 2.55227869, 'lr': 0, 'params': 276757, 'time_iter': 0.0052, 'accuracy': 0.42143, 'f1': 0.40288, 'auc': 0.90322}
> Epoch 212: took 2.3s (avg 2.1s) | Best so far: epoch 199	train_loss: 0.2181 train_accuracy: 0.9301	val_loss: 1.7926 val_accuracy: 0.5405	test_loss: 2.5111 test_accuracy: 0.4119	F1: 0.3963 Prec: 0.4261 Rec: 0.4119
train: {'epoch': 213, 'time_epoch': 2.1244, 'eta': 66.23819, 'eta_hours': 0.0184, 'loss': 0.18838124, 'lr': 5.308e-05, 'params': 276757, 'time_iter': 0.01214, 'accuracy': 0.93871, 'f1': 0.93867, 'auc': 0.99897}
val: {'epoch': 213, 'time_epoch': 0.12545, 'loss': 2.13046328, 'lr': 0, 'params': 276757, 'time_iter': 0.00896, 'accuracy': 0.50714, 'f1': 0.47417, 'auc': 0.94385}
test: {'epoch': 213, 'time_epoch': 0.10312, 'loss': 2.50617627, 'lr': 0, 'params': 276757, 'time_iter': 0.00737, 'accuracy': 0.42143, 'f1': 0.39578, 'auc': 0.90354}
> Epoch 213: took 2.4s (avg 2.1s) | Best so far: epoch 199	train_loss: 0.2181 train_accuracy: 0.9301	val_loss: 1.7926 val_accuracy: 0.5405	test_loss: 2.5111 test_accuracy: 0.4119	F1: 0.3963 Prec: 0.4261 Rec: 0.4119
train: {'epoch': 214, 'time_epoch': 1.79757, 'eta': 64.39134, 'eta_hours': 0.01789, 'loss': 0.19616003, 'lr': 5.03e-05, 'params': 276757, 'time_iter': 0.01027, 'accuracy': 0.93674, 'f1': 0.93672, 'auc': 0.99894}
val: {'epoch': 214, 'time_epoch': 0.06572, 'loss': 2.13004467, 'lr': 0, 'params': 276757, 'time_iter': 0.00469, 'accuracy': 0.49762, 'f1': 0.46236, 'auc': 0.94662}
test: {'epoch': 214, 'time_epoch': 0.08238, 'loss': 2.52785677, 'lr': 0, 'params': 276757, 'time_iter': 0.00588, 'accuracy': 0.4381, 'f1': 0.40638, 'auc': 0.90204}
> Epoch 214: took 2.0s (avg 2.1s) | Best so far: epoch 199	train_loss: 0.2181 train_accuracy: 0.9301	val_loss: 1.7926 val_accuracy: 0.5405	test_loss: 2.5111 test_accuracy: 0.4119	F1: 0.3963 Prec: 0.4261 Rec: 0.4119
train: {'epoch': 215, 'time_epoch': 1.78467, 'eta': 62.54292, 'eta_hours': 0.01737, 'loss': 0.19919895, 'lr': 4.759e-05, 'params': 276757, 'time_iter': 0.0102, 'accuracy': 0.93871, 'f1': 0.93874, 'auc': 0.99884}
val: {'epoch': 215, 'time_epoch': 0.06832, 'loss': 2.13873954, 'lr': 0, 'params': 276757, 'time_iter': 0.00488, 'accuracy': 0.48333, 'f1': 0.45753, 'auc': 0.94226}
test: {'epoch': 215, 'time_epoch': 0.07842, 'loss': 2.60170132, 'lr': 0, 'params': 276757, 'time_iter': 0.0056, 'accuracy': 0.43333, 'f1': 0.4114, 'auc': 0.89522}
> Epoch 215: took 2.0s (avg 2.1s) | Best so far: epoch 199	train_loss: 0.2181 train_accuracy: 0.9301	val_loss: 1.7926 val_accuracy: 0.5405	test_loss: 2.5111 test_accuracy: 0.4119	F1: 0.3963 Prec: 0.4261 Rec: 0.4119
train: {'epoch': 216, 'time_epoch': 1.88562, 'eta': 60.71043, 'eta_hours': 0.01686, 'loss': 0.19547118, 'lr': 4.495e-05, 'params': 276757, 'time_iter': 0.01077, 'accuracy': 0.93799, 'f1': 0.93797, 'auc': 0.99888}
val: {'epoch': 216, 'time_epoch': 0.07125, 'loss': 2.11738892, 'lr': 0, 'params': 276757, 'time_iter': 0.00509, 'accuracy': 0.5119, 'f1': 0.47852, 'auc': 0.94668}
test: {'epoch': 216, 'time_epoch': 0.06432, 'loss': 2.57489233, 'lr': 0, 'params': 276757, 'time_iter': 0.00459, 'accuracy': 0.42857, 'f1': 0.40786, 'auc': 0.90049}
> Epoch 216: took 2.1s (avg 2.1s) | Best so far: epoch 199	train_loss: 0.2181 train_accuracy: 0.9301	val_loss: 1.7926 val_accuracy: 0.5405	test_loss: 2.5111 test_accuracy: 0.4119	F1: 0.3963 Prec: 0.4261 Rec: 0.4119
train: {'epoch': 217, 'time_epoch': 1.71418, 'eta': 58.8523, 'eta_hours': 0.01635, 'loss': 0.201234, 'lr': 4.238e-05, 'params': 276757, 'time_iter': 0.0098, 'accuracy': 0.93459, 'f1': 0.93455, 'auc': 0.99884}
val: {'epoch': 217, 'time_epoch': 0.06694, 'loss': 2.06790251, 'lr': 0, 'params': 276757, 'time_iter': 0.00478, 'accuracy': 0.5119, 'f1': 0.48145, 'auc': 0.94695}
test: {'epoch': 217, 'time_epoch': 0.07172, 'loss': 2.60615451, 'lr': 0, 'params': 276757, 'time_iter': 0.00512, 'accuracy': 0.41905, 'f1': 0.39744, 'auc': 0.89977}
> Epoch 217: took 1.9s (avg 2.1s) | Best so far: epoch 199	train_loss: 0.2181 train_accuracy: 0.9301	val_loss: 1.7926 val_accuracy: 0.5405	test_loss: 2.5111 test_accuracy: 0.4119	F1: 0.3963 Prec: 0.4261 Rec: 0.4119
train: {'epoch': 218, 'time_epoch': 1.76334, 'eta': 57.00243, 'eta_hours': 0.01583, 'loss': 0.19561774, 'lr': 3.988e-05, 'params': 276757, 'time_iter': 0.01008, 'accuracy': 0.93584, 'f1': 0.93583, 'auc': 0.99891}
val: {'epoch': 218, 'time_epoch': 0.06361, 'loss': 2.05395383, 'lr': 0, 'params': 276757, 'time_iter': 0.00454, 'accuracy': 0.52857, 'f1': 0.50328, 'auc': 0.94825}
test: {'epoch': 218, 'time_epoch': 0.10141, 'loss': 2.52222688, 'lr': 0, 'params': 276757, 'time_iter': 0.00724, 'accuracy': 0.4381, 'f1': 0.41372, 'auc': 0.90101}
> Epoch 218: took 2.0s (avg 2.1s) | Best so far: epoch 199	train_loss: 0.2181 train_accuracy: 0.9301	val_loss: 1.7926 val_accuracy: 0.5405	test_loss: 2.5111 test_accuracy: 0.4119	F1: 0.3963 Prec: 0.4261 Rec: 0.4119
train: {'epoch': 219, 'time_epoch': 1.80231, 'eta': 55.15867, 'eta_hours': 0.01532, 'loss': 0.21090774, 'lr': 3.746e-05, 'params': 276757, 'time_iter': 0.0103, 'accuracy': 0.92993, 'f1': 0.92991, 'auc': 0.99875}
val: {'epoch': 219, 'time_epoch': 0.07589, 'loss': 2.07036661, 'lr': 0, 'params': 276757, 'time_iter': 0.00542, 'accuracy': 0.50714, 'f1': 0.48194, 'auc': 0.94263}
test: {'epoch': 219, 'time_epoch': 0.0664, 'loss': 2.55851676, 'lr': 0, 'params': 276757, 'time_iter': 0.00474, 'accuracy': 0.44286, 'f1': 0.4202, 'auc': 0.90042}
> Epoch 219: took 2.0s (avg 2.1s) | Best so far: epoch 199	train_loss: 0.2181 train_accuracy: 0.9301	val_loss: 1.7926 val_accuracy: 0.5405	test_loss: 2.5111 test_accuracy: 0.4119	F1: 0.3963 Prec: 0.4261 Rec: 0.4119
train: {'epoch': 220, 'time_epoch': 1.74814, 'eta': 53.30818, 'eta_hours': 0.01481, 'loss': 0.18079989, 'lr': 3.511e-05, 'params': 276757, 'time_iter': 0.00999, 'accuracy': 0.94373, 'f1': 0.9437, 'auc': 0.99909}
val: {'epoch': 220, 'time_epoch': 0.07489, 'loss': 2.18085017, 'lr': 0, 'params': 276757, 'time_iter': 0.00535, 'accuracy': 0.5, 'f1': 0.46915, 'auc': 0.94323}
test: {'epoch': 220, 'time_epoch': 0.06211, 'loss': 2.51359728, 'lr': 0, 'params': 276757, 'time_iter': 0.00444, 'accuracy': 0.44762, 'f1': 0.42013, 'auc': 0.90513}
> Epoch 220: took 2.0s (avg 2.1s) | Best so far: epoch 199	train_loss: 0.2181 train_accuracy: 0.9301	val_loss: 1.7926 val_accuracy: 0.5405	test_loss: 2.5111 test_accuracy: 0.4119	F1: 0.3963 Prec: 0.4261 Rec: 0.4119
train: {'epoch': 221, 'time_epoch': 1.76153, 'eta': 51.46029, 'eta_hours': 0.01429, 'loss': 0.19354498, 'lr': 3.284e-05, 'params': 276757, 'time_iter': 0.01007, 'accuracy': 0.93871, 'f1': 0.93865, 'auc': 0.99898}
val: {'epoch': 221, 'time_epoch': 0.06278, 'loss': 2.04024402, 'lr': 0, 'params': 276757, 'time_iter': 0.00448, 'accuracy': 0.50238, 'f1': 0.47704, 'auc': 0.94583}
test: {'epoch': 221, 'time_epoch': 0.06291, 'loss': 2.50145716, 'lr': 0, 'params': 276757, 'time_iter': 0.00449, 'accuracy': 0.43333, 'f1': 0.41256, 'auc': 0.90487}
> Epoch 221: took 2.0s (avg 2.1s) | Best so far: epoch 199	train_loss: 0.2181 train_accuracy: 0.9301	val_loss: 1.7926 val_accuracy: 0.5405	test_loss: 2.5111 test_accuracy: 0.4119	F1: 0.3963 Prec: 0.4261 Rec: 0.4119
train: {'epoch': 222, 'time_epoch': 1.64998, 'eta': 49.59967, 'eta_hours': 0.01378, 'loss': 0.20258607, 'lr': 3.063e-05, 'params': 276757, 'time_iter': 0.00943, 'accuracy': 0.93728, 'f1': 0.93726, 'auc': 0.99884}
val: {'epoch': 222, 'time_epoch': 0.07415, 'loss': 2.12265333, 'lr': 0, 'params': 276757, 'time_iter': 0.0053, 'accuracy': 0.50952, 'f1': 0.47351, 'auc': 0.94544}
test: {'epoch': 222, 'time_epoch': 0.07009, 'loss': 2.52777889, 'lr': 0, 'params': 276757, 'time_iter': 0.00501, 'accuracy': 0.42619, 'f1': 0.39888, 'auc': 0.90507}
> Epoch 222: took 1.9s (avg 2.1s) | Best so far: epoch 199	train_loss: 0.2181 train_accuracy: 0.9301	val_loss: 1.7926 val_accuracy: 0.5405	test_loss: 2.5111 test_accuracy: 0.4119	F1: 0.3963 Prec: 0.4261 Rec: 0.4119
train: {'epoch': 223, 'time_epoch': 1.78882, 'eta': 47.75705, 'eta_hours': 0.01327, 'loss': 0.2019562, 'lr': 2.85e-05, 'params': 276757, 'time_iter': 0.01022, 'accuracy': 0.931, 'f1': 0.931, 'auc': 0.99889}
val: {'epoch': 223, 'time_epoch': 0.07021, 'loss': 2.05934988, 'lr': 0, 'params': 276757, 'time_iter': 0.00502, 'accuracy': 0.51667, 'f1': 0.49304, 'auc': 0.94514}
test: {'epoch': 223, 'time_epoch': 0.06612, 'loss': 2.55605432, 'lr': 0, 'params': 276757, 'time_iter': 0.00472, 'accuracy': 0.44286, 'f1': 0.4192, 'auc': 0.90296}
> Epoch 223: took 2.0s (avg 2.1s) | Best so far: epoch 199	train_loss: 0.2181 train_accuracy: 0.9301	val_loss: 1.7926 val_accuracy: 0.5405	test_loss: 2.5111 test_accuracy: 0.4119	F1: 0.3963 Prec: 0.4261 Rec: 0.4119
train: {'epoch': 224, 'time_epoch': 1.8001, 'eta': 45.91617, 'eta_hours': 0.01275, 'loss': 0.21048343, 'lr': 2.645e-05, 'params': 276757, 'time_iter': 0.01029, 'accuracy': 0.93566, 'f1': 0.93563, 'auc': 0.99855}
val: {'epoch': 224, 'time_epoch': 0.06742, 'loss': 2.11436083, 'lr': 0, 'params': 276757, 'time_iter': 0.00482, 'accuracy': 0.49524, 'f1': 0.46617, 'auc': 0.94585}
test: {'epoch': 224, 'time_epoch': 0.06728, 'loss': 2.50643689, 'lr': 0, 'params': 276757, 'time_iter': 0.00481, 'accuracy': 0.42619, 'f1': 0.40432, 'auc': 0.90374}
> Epoch 224: took 2.0s (avg 2.1s) | Best so far: epoch 199	train_loss: 0.2181 train_accuracy: 0.9301	val_loss: 1.7926 val_accuracy: 0.5405	test_loss: 2.5111 test_accuracy: 0.4119	F1: 0.3963 Prec: 0.4261 Rec: 0.4119
train: {'epoch': 225, 'time_epoch': 1.77635, 'eta': 44.07312, 'eta_hours': 0.01224, 'loss': 0.19333907, 'lr': 2.447e-05, 'params': 276757, 'time_iter': 0.01015, 'accuracy': 0.9362, 'f1': 0.93616, 'auc': 0.99901}
val: {'epoch': 225, 'time_epoch': 0.1108, 'loss': 1.97865184, 'lr': 0, 'params': 276757, 'time_iter': 0.00791, 'accuracy': 0.51905, 'f1': 0.49678, 'auc': 0.94736}
test: {'epoch': 225, 'time_epoch': 0.1137, 'loss': 2.52608659, 'lr': 0, 'params': 276757, 'time_iter': 0.00812, 'accuracy': 0.44048, 'f1': 0.42151, 'auc': 0.90281}
> Epoch 225: took 2.1s (avg 2.1s) | Best so far: epoch 199	train_loss: 0.2181 train_accuracy: 0.9301	val_loss: 1.7926 val_accuracy: 0.5405	test_loss: 2.5111 test_accuracy: 0.4119	F1: 0.3963 Prec: 0.4261 Rec: 0.4119
train: {'epoch': 226, 'time_epoch': 1.87112, 'eta': 42.24026, 'eta_hours': 0.01173, 'loss': 0.18460734, 'lr': 2.257e-05, 'params': 276757, 'time_iter': 0.01069, 'accuracy': 0.94068, 'f1': 0.94068, 'auc': 0.99906}
val: {'epoch': 226, 'time_epoch': 0.07276, 'loss': 2.15991911, 'lr': 0, 'params': 276757, 'time_iter': 0.0052, 'accuracy': 0.49048, 'f1': 0.45805, 'auc': 0.9438}
test: {'epoch': 226, 'time_epoch': 0.09749, 'loss': 2.56546719, 'lr': 0, 'params': 276757, 'time_iter': 0.00696, 'accuracy': 0.43571, 'f1': 0.41057, 'auc': 0.90304}
> Epoch 226: took 2.1s (avg 2.1s) | Best so far: epoch 199	train_loss: 0.2181 train_accuracy: 0.9301	val_loss: 1.7926 val_accuracy: 0.5405	test_loss: 2.5111 test_accuracy: 0.4119	F1: 0.3963 Prec: 0.4261 Rec: 0.4119
train: {'epoch': 227, 'time_epoch': 1.79609, 'eta': 40.39982, 'eta_hours': 0.01122, 'loss': 0.18382108, 'lr': 2.074e-05, 'params': 276757, 'time_iter': 0.01026, 'accuracy': 0.94194, 'f1': 0.94191, 'auc': 0.99901}
val: {'epoch': 227, 'time_epoch': 0.07642, 'loss': 2.13641856, 'lr': 0, 'params': 276757, 'time_iter': 0.00546, 'accuracy': 0.49524, 'f1': 0.46604, 'auc': 0.94288}
test: {'epoch': 227, 'time_epoch': 0.07358, 'loss': 2.5548849, 'lr': 0, 'params': 276757, 'time_iter': 0.00526, 'accuracy': 0.43571, 'f1': 0.41186, 'auc': 0.90282}
> Epoch 227: took 2.0s (avg 2.1s) | Best so far: epoch 199	train_loss: 0.2181 train_accuracy: 0.9301	val_loss: 1.7926 val_accuracy: 0.5405	test_loss: 2.5111 test_accuracy: 0.4119	F1: 0.3963 Prec: 0.4261 Rec: 0.4119
train: {'epoch': 228, 'time_epoch': 2.04174, 'eta': 38.5823, 'eta_hours': 0.01072, 'loss': 0.20910663, 'lr': 1.899e-05, 'params': 276757, 'time_iter': 0.01167, 'accuracy': 0.93047, 'f1': 0.9304, 'auc': 0.99875}
val: {'epoch': 228, 'time_epoch': 0.08482, 'loss': 2.05606699, 'lr': 0, 'params': 276757, 'time_iter': 0.00606, 'accuracy': 0.49762, 'f1': 0.47671, 'auc': 0.9447}
test: {'epoch': 228, 'time_epoch': 0.07349, 'loss': 2.50536817, 'lr': 0, 'params': 276757, 'time_iter': 0.00525, 'accuracy': 0.45238, 'f1': 0.43025, 'auc': 0.90435}
> Epoch 228: took 2.3s (avg 2.1s) | Best so far: epoch 199	train_loss: 0.2181 train_accuracy: 0.9301	val_loss: 1.7926 val_accuracy: 0.5405	test_loss: 2.5111 test_accuracy: 0.4119	F1: 0.3963 Prec: 0.4261 Rec: 0.4119
train: {'epoch': 229, 'time_epoch': 1.8891, 'eta': 36.74956, 'eta_hours': 0.01021, 'loss': 0.1709479, 'lr': 1.731e-05, 'params': 276757, 'time_iter': 0.01079, 'accuracy': 0.94552, 'f1': 0.94547, 'auc': 0.99922}
val: {'epoch': 229, 'time_epoch': 0.0761, 'loss': 2.10588201, 'lr': 0, 'params': 276757, 'time_iter': 0.00544, 'accuracy': 0.50714, 'f1': 0.48359, 'auc': 0.94427}
test: {'epoch': 229, 'time_epoch': 0.06915, 'loss': 2.50565039, 'lr': 0, 'params': 276757, 'time_iter': 0.00494, 'accuracy': 0.43333, 'f1': 0.41138, 'auc': 0.90465}
> Epoch 229: took 2.1s (avg 2.1s) | Best so far: epoch 199	train_loss: 0.2181 train_accuracy: 0.9301	val_loss: 1.7926 val_accuracy: 0.5405	test_loss: 2.5111 test_accuracy: 0.4119	F1: 0.3963 Prec: 0.4261 Rec: 0.4119
train: {'epoch': 230, 'time_epoch': 1.97095, 'eta': 34.92306, 'eta_hours': 0.0097, 'loss': 0.18975748, 'lr': 1.571e-05, 'params': 276757, 'time_iter': 0.01126, 'accuracy': 0.93853, 'f1': 0.93847, 'auc': 0.99906}
val: {'epoch': 230, 'time_epoch': 0.09561, 'loss': 2.16177164, 'lr': 0, 'params': 276757, 'time_iter': 0.00683, 'accuracy': 0.49762, 'f1': 0.47049, 'auc': 0.94321}
test: {'epoch': 230, 'time_epoch': 0.0643, 'loss': 2.54169562, 'lr': 0, 'params': 276757, 'time_iter': 0.00459, 'accuracy': 0.44286, 'f1': 0.42031, 'auc': 0.90205}
> Epoch 230: took 2.2s (avg 2.1s) | Best so far: epoch 199	train_loss: 0.2181 train_accuracy: 0.9301	val_loss: 1.7926 val_accuracy: 0.5405	test_loss: 2.5111 test_accuracy: 0.4119	F1: 0.3963 Prec: 0.4261 Rec: 0.4119
train: {'epoch': 231, 'time_epoch': 2.03973, 'eta': 33.10065, 'eta_hours': 0.00919, 'loss': 0.20120089, 'lr': 1.418e-05, 'params': 276757, 'time_iter': 0.01166, 'accuracy': 0.93835, 'f1': 0.93831, 'auc': 0.99876}
val: {'epoch': 231, 'time_epoch': 0.06518, 'loss': 2.24608745, 'lr': 0, 'params': 276757, 'time_iter': 0.00466, 'accuracy': 0.5, 'f1': 0.47438, 'auc': 0.93813}
test: {'epoch': 231, 'time_epoch': 0.07344, 'loss': 2.60005766, 'lr': 0, 'params': 276757, 'time_iter': 0.00525, 'accuracy': 0.42381, 'f1': 0.4078, 'auc': 0.90129}
> Epoch 231: took 2.3s (avg 2.1s) | Best so far: epoch 199	train_loss: 0.2181 train_accuracy: 0.9301	val_loss: 1.7926 val_accuracy: 0.5405	test_loss: 2.5111 test_accuracy: 0.4119	F1: 0.3963 Prec: 0.4261 Rec: 0.4119
train: {'epoch': 232, 'time_epoch': 1.7896, 'eta': 31.25812, 'eta_hours': 0.00868, 'loss': 0.1971191, 'lr': 1.274e-05, 'params': 276757, 'time_iter': 0.01023, 'accuracy': 0.93369, 'f1': 0.93367, 'auc': 0.99891}
val: {'epoch': 232, 'time_epoch': 0.06657, 'loss': 2.23724317, 'lr': 0, 'params': 276757, 'time_iter': 0.00476, 'accuracy': 0.49048, 'f1': 0.45712, 'auc': 0.94147}
test: {'epoch': 232, 'time_epoch': 0.09599, 'loss': 2.57970132, 'lr': 0, 'params': 276757, 'time_iter': 0.00686, 'accuracy': 0.43571, 'f1': 0.41656, 'auc': 0.90109}
> Epoch 232: took 2.0s (avg 2.1s) | Best so far: epoch 199	train_loss: 0.2181 train_accuracy: 0.9301	val_loss: 1.7926 val_accuracy: 0.5405	test_loss: 2.5111 test_accuracy: 0.4119	F1: 0.3963 Prec: 0.4261 Rec: 0.4119
train: {'epoch': 233, 'time_epoch': 1.87552, 'eta': 29.42193, 'eta_hours': 0.00817, 'loss': 0.17965703, 'lr': 1.137e-05, 'params': 276757, 'time_iter': 0.01072, 'accuracy': 0.94409, 'f1': 0.94408, 'auc': 0.9991}
val: {'epoch': 233, 'time_epoch': 0.07075, 'loss': 2.09634569, 'lr': 0, 'params': 276757, 'time_iter': 0.00505, 'accuracy': 0.49048, 'f1': 0.46283, 'auc': 0.94413}
test: {'epoch': 233, 'time_epoch': 0.07801, 'loss': 2.45336942, 'lr': 0, 'params': 276757, 'time_iter': 0.00557, 'accuracy': 0.44524, 'f1': 0.42029, 'auc': 0.90652}
> Epoch 233: took 2.1s (avg 2.1s) | Best so far: epoch 199	train_loss: 0.2181 train_accuracy: 0.9301	val_loss: 1.7926 val_accuracy: 0.5405	test_loss: 2.5111 test_accuracy: 0.4119	F1: 0.3963 Prec: 0.4261 Rec: 0.4119
train: {'epoch': 234, 'time_epoch': 1.75369, 'eta': 27.57762, 'eta_hours': 0.00766, 'loss': 0.19955695, 'lr': 1.007e-05, 'params': 276757, 'time_iter': 0.01002, 'accuracy': 0.93692, 'f1': 0.93691, 'auc': 0.99891}
val: {'epoch': 234, 'time_epoch': 0.08829, 'loss': 2.20910734, 'lr': 0, 'params': 276757, 'time_iter': 0.00631, 'accuracy': 0.51429, 'f1': 0.47947, 'auc': 0.94332}
test: {'epoch': 234, 'time_epoch': 0.07099, 'loss': 2.49310758, 'lr': 0, 'params': 276757, 'time_iter': 0.00507, 'accuracy': 0.44762, 'f1': 0.42433, 'auc': 0.90605}
> Epoch 234: took 2.0s (avg 2.1s) | Best so far: epoch 199	train_loss: 0.2181 train_accuracy: 0.9301	val_loss: 1.7926 val_accuracy: 0.5405	test_loss: 2.5111 test_accuracy: 0.4119	F1: 0.3963 Prec: 0.4261 Rec: 0.4119
train: {'epoch': 235, 'time_epoch': 1.71937, 'eta': 25.73205, 'eta_hours': 0.00715, 'loss': 0.18722801, 'lr': 8.86e-06, 'params': 276757, 'time_iter': 0.00982, 'accuracy': 0.93781, 'f1': 0.93779, 'auc': 0.99908}
val: {'epoch': 235, 'time_epoch': 0.07382, 'loss': 2.08025208, 'lr': 0, 'params': 276757, 'time_iter': 0.00527, 'accuracy': 0.50714, 'f1': 0.48046, 'auc': 0.94595}
test: {'epoch': 235, 'time_epoch': 0.06735, 'loss': 2.5087056, 'lr': 0, 'params': 276757, 'time_iter': 0.00481, 'accuracy': 0.45238, 'f1': 0.42928, 'auc': 0.90645}
> Epoch 235: took 2.0s (avg 2.1s) | Best so far: epoch 199	train_loss: 0.2181 train_accuracy: 0.9301	val_loss: 1.7926 val_accuracy: 0.5405	test_loss: 2.5111 test_accuracy: 0.4119	F1: 0.3963 Prec: 0.4261 Rec: 0.4119
train: {'epoch': 236, 'time_epoch': 1.75019, 'eta': 23.88923, 'eta_hours': 0.00664, 'loss': 0.1812036, 'lr': 7.72e-06, 'params': 276757, 'time_iter': 0.01, 'accuracy': 0.94247, 'f1': 0.94245, 'auc': 0.99908}
val: {'epoch': 236, 'time_epoch': 0.07879, 'loss': 2.23583722, 'lr': 0, 'params': 276757, 'time_iter': 0.00563, 'accuracy': 0.48333, 'f1': 0.4545, 'auc': 0.9407}
test: {'epoch': 236, 'time_epoch': 0.07471, 'loss': 2.51111997, 'lr': 0, 'params': 276757, 'time_iter': 0.00534, 'accuracy': 0.45476, 'f1': 0.42913, 'auc': 0.90407}
> Epoch 236: took 2.0s (avg 2.1s) | Best so far: epoch 199	train_loss: 0.2181 train_accuracy: 0.9301	val_loss: 1.7926 val_accuracy: 0.5405	test_loss: 2.5111 test_accuracy: 0.4119	F1: 0.3963 Prec: 0.4261 Rec: 0.4119
train: {'epoch': 237, 'time_epoch': 1.65422, 'eta': 22.04235, 'eta_hours': 0.00612, 'loss': 0.19086367, 'lr': 6.66e-06, 'params': 276757, 'time_iter': 0.00945, 'accuracy': 0.94176, 'f1': 0.94166, 'auc': 0.99895}
val: {'epoch': 237, 'time_epoch': 0.08107, 'loss': 2.16445987, 'lr': 0, 'params': 276757, 'time_iter': 0.00579, 'accuracy': 0.5, 'f1': 0.46876, 'auc': 0.9442}
test: {'epoch': 237, 'time_epoch': 0.07247, 'loss': 2.49519643, 'lr': 0, 'params': 276757, 'time_iter': 0.00518, 'accuracy': 0.45238, 'f1': 0.42654, 'auc': 0.90604}
> Epoch 237: took 1.9s (avg 2.1s) | Best so far: epoch 199	train_loss: 0.2181 train_accuracy: 0.9301	val_loss: 1.7926 val_accuracy: 0.5405	test_loss: 2.5111 test_accuracy: 0.4119	F1: 0.3963 Prec: 0.4261 Rec: 0.4119
train: {'epoch': 238, 'time_epoch': 1.78944, 'eta': 20.2033, 'eta_hours': 0.00561, 'loss': 0.18905326, 'lr': 5.67e-06, 'params': 276757, 'time_iter': 0.01023, 'accuracy': 0.94158, 'f1': 0.94157, 'auc': 0.99895}
val: {'epoch': 238, 'time_epoch': 0.07577, 'loss': 2.18981021, 'lr': 0, 'params': 276757, 'time_iter': 0.00541, 'accuracy': 0.49048, 'f1': 0.46287, 'auc': 0.94228}
test: {'epoch': 238, 'time_epoch': 0.07173, 'loss': 2.5432386, 'lr': 0, 'params': 276757, 'time_iter': 0.00512, 'accuracy': 0.45714, 'f1': 0.43606, 'auc': 0.90304}
> Epoch 238: took 2.0s (avg 2.1s) | Best so far: epoch 199	train_loss: 0.2181 train_accuracy: 0.9301	val_loss: 1.7926 val_accuracy: 0.5405	test_loss: 2.5111 test_accuracy: 0.4119	F1: 0.3963 Prec: 0.4261 Rec: 0.4119
train: {'epoch': 239, 'time_epoch': 1.73358, 'eta': 18.36234, 'eta_hours': 0.0051, 'loss': 0.18157707, 'lr': 4.77e-06, 'params': 276757, 'time_iter': 0.00991, 'accuracy': 0.94194, 'f1': 0.94189, 'auc': 0.99909}
val: {'epoch': 239, 'time_epoch': 0.06598, 'loss': 2.22793044, 'lr': 0, 'params': 276757, 'time_iter': 0.00471, 'accuracy': 0.5, 'f1': 0.46513, 'auc': 0.9432}
test: {'epoch': 239, 'time_epoch': 0.06619, 'loss': 2.4949129, 'lr': 0, 'params': 276757, 'time_iter': 0.00473, 'accuracy': 0.46429, 'f1': 0.43781, 'auc': 0.90662}
> Epoch 239: took 1.9s (avg 2.1s) | Best so far: epoch 199	train_loss: 0.2181 train_accuracy: 0.9301	val_loss: 1.7926 val_accuracy: 0.5405	test_loss: 2.5111 test_accuracy: 0.4119	F1: 0.3963 Prec: 0.4261 Rec: 0.4119
train: {'epoch': 240, 'time_epoch': 1.70542, 'eta': 16.52122, 'eta_hours': 0.00459, 'loss': 0.18413386, 'lr': 3.94e-06, 'params': 276757, 'time_iter': 0.00975, 'accuracy': 0.93925, 'f1': 0.93922, 'auc': 0.9991}
val: {'epoch': 240, 'time_epoch': 0.06253, 'loss': 2.13653889, 'lr': 0, 'params': 276757, 'time_iter': 0.00447, 'accuracy': 0.50952, 'f1': 0.48149, 'auc': 0.94189}
test: {'epoch': 240, 'time_epoch': 0.06614, 'loss': 2.50331704, 'lr': 0, 'params': 276757, 'time_iter': 0.00472, 'accuracy': 0.44762, 'f1': 0.42177, 'auc': 0.9051}
> Epoch 240: took 1.9s (avg 2.1s) | Best so far: epoch 199	train_loss: 0.2181 train_accuracy: 0.9301	val_loss: 1.7926 val_accuracy: 0.5405	test_loss: 2.5111 test_accuracy: 0.4119	F1: 0.3963 Prec: 0.4261 Rec: 0.4119
train: {'epoch': 241, 'time_epoch': 1.66289, 'eta': 14.67982, 'eta_hours': 0.00408, 'loss': 0.20073654, 'lr': 3.19e-06, 'params': 276757, 'time_iter': 0.0095, 'accuracy': 0.93584, 'f1': 0.93582, 'auc': 0.99886}
val: {'epoch': 241, 'time_epoch': 0.06434, 'loss': 2.09507392, 'lr': 0, 'params': 276757, 'time_iter': 0.0046, 'accuracy': 0.50714, 'f1': 0.47947, 'auc': 0.94551}
test: {'epoch': 241, 'time_epoch': 0.06467, 'loss': 2.4763852, 'lr': 0, 'params': 276757, 'time_iter': 0.00462, 'accuracy': 0.4381, 'f1': 0.41701, 'auc': 0.90627}
> Epoch 241: took 1.9s (avg 2.1s) | Best so far: epoch 199	train_loss: 0.2181 train_accuracy: 0.9301	val_loss: 1.7926 val_accuracy: 0.5405	test_loss: 2.5111 test_accuracy: 0.4119	F1: 0.3963 Prec: 0.4261 Rec: 0.4119
train: {'epoch': 242, 'time_epoch': 1.58285, 'eta': 12.83758, 'eta_hours': 0.00357, 'loss': 0.19837692, 'lr': 2.52e-06, 'params': 276757, 'time_iter': 0.00904, 'accuracy': 0.93244, 'f1': 0.93238, 'auc': 0.99882}
val: {'epoch': 242, 'time_epoch': 0.07282, 'loss': 2.14302757, 'lr': 0, 'params': 276757, 'time_iter': 0.0052, 'accuracy': 0.49524, 'f1': 0.46991, 'auc': 0.94414}
test: {'epoch': 242, 'time_epoch': 0.06621, 'loss': 2.5076495, 'lr': 0, 'params': 276757, 'time_iter': 0.00473, 'accuracy': 0.44286, 'f1': 0.41513, 'auc': 0.9069}
> Epoch 242: took 1.8s (avg 2.1s) | Best so far: epoch 199	train_loss: 0.2181 train_accuracy: 0.9301	val_loss: 1.7926 val_accuracy: 0.5405	test_loss: 2.5111 test_accuracy: 0.4119	F1: 0.3963 Prec: 0.4261 Rec: 0.4119
train: {'epoch': 243, 'time_epoch': 1.76099, 'eta': 11.00184, 'eta_hours': 0.00306, 'loss': 0.19162625, 'lr': 1.93e-06, 'params': 276757, 'time_iter': 0.01006, 'accuracy': 0.93853, 'f1': 0.93849, 'auc': 0.9989}
val: {'epoch': 243, 'time_epoch': 0.07027, 'loss': 2.11453663, 'lr': 0, 'params': 276757, 'time_iter': 0.00502, 'accuracy': 0.50952, 'f1': 0.4819, 'auc': 0.94455}
test: {'epoch': 243, 'time_epoch': 0.08788, 'loss': 2.50281032, 'lr': 0, 'params': 276757, 'time_iter': 0.00628, 'accuracy': 0.45476, 'f1': 0.4301, 'auc': 0.90567}
> Epoch 243: took 2.0s (avg 2.1s) | Best so far: epoch 199	train_loss: 0.2181 train_accuracy: 0.9301	val_loss: 1.7926 val_accuracy: 0.5405	test_loss: 2.5111 test_accuracy: 0.4119	F1: 0.3963 Prec: 0.4261 Rec: 0.4119
train: {'epoch': 244, 'time_epoch': 1.60768, 'eta': 9.16359, 'eta_hours': 0.00255, 'loss': 0.17989405, 'lr': 1.42e-06, 'params': 276757, 'time_iter': 0.00919, 'accuracy': 0.9405, 'f1': 0.9404, 'auc': 0.99913}
val: {'epoch': 244, 'time_epoch': 0.08177, 'loss': 2.11610822, 'lr': 0, 'params': 276757, 'time_iter': 0.00584, 'accuracy': 0.50714, 'f1': 0.48622, 'auc': 0.94197}
test: {'epoch': 244, 'time_epoch': 0.09978, 'loss': 2.47927116, 'lr': 0, 'params': 276757, 'time_iter': 0.00713, 'accuracy': 0.4619, 'f1': 0.43325, 'auc': 0.90657}
> Epoch 244: took 1.9s (avg 2.1s) | Best so far: epoch 199	train_loss: 0.2181 train_accuracy: 0.9301	val_loss: 1.7926 val_accuracy: 0.5405	test_loss: 2.5111 test_accuracy: 0.4119	F1: 0.3963 Prec: 0.4261 Rec: 0.4119
train: {'epoch': 245, 'time_epoch': 1.65815, 'eta': 7.32804, 'eta_hours': 0.00204, 'loss': 0.19659948, 'lr': 9.9e-07, 'params': 276757, 'time_iter': 0.00948, 'accuracy': 0.93763, 'f1': 0.93763, 'auc': 0.9989}
val: {'epoch': 245, 'time_epoch': 0.06555, 'loss': 2.18906337, 'lr': 0, 'params': 276757, 'time_iter': 0.00468, 'accuracy': 0.49762, 'f1': 0.46299, 'auc': 0.94301}
test: {'epoch': 245, 'time_epoch': 0.06233, 'loss': 2.51476683, 'lr': 0, 'params': 276757, 'time_iter': 0.00445, 'accuracy': 0.44286, 'f1': 0.41971, 'auc': 0.90462}
> Epoch 245: took 1.9s (avg 2.1s) | Best so far: epoch 199	train_loss: 0.2181 train_accuracy: 0.9301	val_loss: 1.7926 val_accuracy: 0.5405	test_loss: 2.5111 test_accuracy: 0.4119	F1: 0.3963 Prec: 0.4261 Rec: 0.4119
train: {'epoch': 246, 'time_epoch': 2.0454, 'eta': 5.49862, 'eta_hours': 0.00153, 'loss': 0.1863212, 'lr': 6.3e-07, 'params': 276757, 'time_iter': 0.01169, 'accuracy': 0.93781, 'f1': 0.93782, 'auc': 0.99907}
val: {'epoch': 246, 'time_epoch': 0.07474, 'loss': 2.31950286, 'lr': 0, 'params': 276757, 'time_iter': 0.00534, 'accuracy': 0.46667, 'f1': 0.42905, 'auc': 0.93861}
test: {'epoch': 246, 'time_epoch': 0.08056, 'loss': 2.52316335, 'lr': 0, 'params': 276757, 'time_iter': 0.00575, 'accuracy': 0.45, 'f1': 0.42232, 'auc': 0.90533}
> Epoch 246: took 2.3s (avg 2.1s) | Best so far: epoch 199	train_loss: 0.2181 train_accuracy: 0.9301	val_loss: 1.7926 val_accuracy: 0.5405	test_loss: 2.5111 test_accuracy: 0.4119	F1: 0.3963 Prec: 0.4261 Rec: 0.4119
train: {'epoch': 247, 'time_epoch': 2.05264, 'eta': 3.66752, 'eta_hours': 0.00102, 'loss': 0.18954583, 'lr': 3.6e-07, 'params': 276757, 'time_iter': 0.01173, 'accuracy': 0.93781, 'f1': 0.93781, 'auc': 0.99901}
val: {'epoch': 247, 'time_epoch': 0.07038, 'loss': 2.13082009, 'lr': 0, 'params': 276757, 'time_iter': 0.00503, 'accuracy': 0.5, 'f1': 0.47223, 'auc': 0.94332}
test: {'epoch': 247, 'time_epoch': 0.06629, 'loss': 2.52053527, 'lr': 0, 'params': 276757, 'time_iter': 0.00474, 'accuracy': 0.44524, 'f1': 0.41829, 'auc': 0.90645}
> Epoch 247: took 2.3s (avg 2.1s) | Best so far: epoch 199	train_loss: 0.2181 train_accuracy: 0.9301	val_loss: 1.7926 val_accuracy: 0.5405	test_loss: 2.5111 test_accuracy: 0.4119	F1: 0.3963 Prec: 0.4261 Rec: 0.4119
train: {'epoch': 248, 'time_epoch': 1.92724, 'eta': 1.83413, 'eta_hours': 0.00051, 'loss': 0.18567971, 'lr': 1.6e-07, 'params': 276757, 'time_iter': 0.01101, 'accuracy': 0.93763, 'f1': 0.93758, 'auc': 0.99907}
val: {'epoch': 248, 'time_epoch': 0.0659, 'loss': 2.08329555, 'lr': 0, 'params': 276757, 'time_iter': 0.00471, 'accuracy': 0.50238, 'f1': 0.47759, 'auc': 0.94581}
test: {'epoch': 248, 'time_epoch': 0.08033, 'loss': 2.48441183, 'lr': 0, 'params': 276757, 'time_iter': 0.00574, 'accuracy': 0.45238, 'f1': 0.42536, 'auc': 0.90823}
> Epoch 248: took 2.2s (avg 2.1s) | Best so far: epoch 199	train_loss: 0.2181 train_accuracy: 0.9301	val_loss: 1.7926 val_accuracy: 0.5405	test_loss: 2.5111 test_accuracy: 0.4119	F1: 0.3963 Prec: 0.4261 Rec: 0.4119
train: {'epoch': 249, 'time_epoch': 2.0348, 'eta': 0.0, 'eta_hours': 0.0, 'loss': 0.18421768, 'lr': 4e-08, 'params': 276757, 'time_iter': 0.01163, 'accuracy': 0.93925, 'f1': 0.93919, 'auc': 0.99908}
val: {'epoch': 249, 'time_epoch': 0.10846, 'loss': 2.09507087, 'lr': 0, 'params': 276757, 'time_iter': 0.00775, 'accuracy': 0.50476, 'f1': 0.48141, 'auc': 0.94493}
test: {'epoch': 249, 'time_epoch': 0.11159, 'loss': 2.5122113, 'lr': 0, 'params': 276757, 'time_iter': 0.00797, 'accuracy': 0.45714, 'f1': 0.43021, 'auc': 0.90688}
> Epoch 249: took 2.3s (avg 2.1s) | Best so far: epoch 199	train_loss: 0.2181 train_accuracy: 0.9301	val_loss: 1.7926 val_accuracy: 0.5405	test_loss: 2.5111 test_accuracy: 0.4119	F1: 0.3963 Prec: 0.4261 Rec: 0.4119
Avg time per epoch: 2.07s
Total train loop time: 0.14h
Task done, results saved in results_lopo_none/GM_3m
[*] All done: 2026-04-01 13:35:53.460316
