[*] Run ID 0: seed=0, split_index=0
    Starting now: 2026-04-01 14:20:40.471193
[*] Loaded dataset 'rfid' from 'RFID':
  Data(x=[51360, 60], edge_index=[2, 51360], y=[6420], y_user=[6420], subject=[6420])
  undirected: True
  num graphs: 6420
  avg num_nodes/graph: 8
  num node features: 60
  num edge features: 0
  num classes: 21
[*] LOPO Split: Test Subj=MS 3m, Val Subj=NH 3m
    Train: 5580 | Val: 420 | Test: 420
GraphGymModule(
  (model): CustomGNN(
    (encoder): FeatureEncoder()
    (pre_mp): GeneralMultiLayer(
      (Layer_0): GeneralLayer(
        (layer): Linear(
          (model): Linear(60, 128, bias=False)
        )
        (post_layer): Sequential(
          (0): BatchNorm1d(128, eps=1e-05, momentum=0.1, affine=True, track_running_stats=True)
          (1): Dropout(p=0.2, inplace=False)
          (2): ReLU()
        )
      )
    )
    (gnn_layers): Sequential(
      (0): GCNConvLayer(
        (bn_node_x): BatchNorm1d(128, eps=1e-05, momentum=0.1, affine=True, track_running_stats=True)
        (act): Sequential(
          (0): ReLU()
          (1): Dropout(p=0.2, inplace=False)
        )
        (model): GCNConv(128, 128)
        (norm1_local): BatchNorm1d(128, eps=1e-05, momentum=0.1, affine=True, track_running_stats=True)
        (ff_linear1): Linear(in_features=128, out_features=256, bias=True)
        (ff_linear2): Linear(in_features=256, out_features=128, bias=True)
        (act_fn_ff): ReLU()
        (norm2): BatchNorm1d(128, eps=1e-05, momentum=0.1, affine=True, track_running_stats=True)
        (ff_dropout1): Dropout(p=0.2, inplace=False)
        (ff_dropout2): Dropout(p=0.2, inplace=False)
      )
      (1): GCNConvLayer(
        (bn_node_x): BatchNorm1d(128, eps=1e-05, momentum=0.1, affine=True, track_running_stats=True)
        (act): Sequential(
          (0): ReLU()
          (1): Dropout(p=0.2, inplace=False)
        )
        (model): GCNConv(128, 128)
        (norm1_local): BatchNorm1d(128, eps=1e-05, momentum=0.1, affine=True, track_running_stats=True)
        (ff_linear1): Linear(in_features=128, out_features=256, bias=True)
        (ff_linear2): Linear(in_features=256, out_features=128, bias=True)
        (act_fn_ff): ReLU()
        (norm2): BatchNorm1d(128, eps=1e-05, momentum=0.1, affine=True, track_running_stats=True)
        (ff_dropout1): Dropout(p=0.2, inplace=False)
        (ff_dropout2): Dropout(p=0.2, inplace=False)
      )
      (2): GCNConvLayer(
        (bn_node_x): BatchNorm1d(128, eps=1e-05, momentum=0.1, affine=True, track_running_stats=True)
        (act): Sequential(
          (0): ReLU()
          (1): Dropout(p=0.2, inplace=False)
        )
        (model): GCNConv(128, 128)
        (norm1_local): BatchNorm1d(128, eps=1e-05, momentum=0.1, affine=True, track_running_stats=True)
        (ff_linear1): Linear(in_features=128, out_features=256, bias=True)
        (ff_linear2): Linear(in_features=256, out_features=128, bias=True)
        (act_fn_ff): ReLU()
        (norm2): BatchNorm1d(128, eps=1e-05, momentum=0.1, affine=True, track_running_stats=True)
        (ff_dropout1): Dropout(p=0.2, inplace=False)
        (ff_dropout2): Dropout(p=0.2, inplace=False)
      )
    )
    (post_mp): MLPGraphHead(
      (mlp): Sequential(
        (0): Dropout(p=0.2, inplace=False)
        (1): Linear(in_features=128, out_features=128, bias=True)
        (2): ReLU()
        (3): Dropout(p=0.2, inplace=False)
        (4): Linear(in_features=128, out_features=21, bias=True)
      )
    )
  )
)
accelerator: cuda
adv:
  lambda_u: 0.1
  num_users: 16
  use: False
benchmark: False
bn:
  eps: 1e-05
  mom: 0.1
cfg_dest: config.yaml
custom_metrics: []
dataset:
  cache_load: False
  cache_save: False
  dir: C:\Users\PC\Desktop\AdversarialLearningProject 1\ICML\Adversarial_Learning\Daniel\RFIDDataSet\DataSetLOPO
  edge_dim: 128
  edge_encoder: False
  edge_encoder_bn: True
  edge_encoder_name: Bond
  edge_encoder_num_types: 0
  edge_message_ratio: 0.8
  edge_negative_sampling_ratio: 1.0
  edge_train_mode: all
  encoder: True
  encoder_bn: True
  encoder_dim: 128
  encoder_name: db
  format: RFID
  infer_link_label: None
  label_column: none
  label_table: none
  location: local
  name: rfid
  node_encoder: False
  node_encoder_bn: True
  node_encoder_name: Atom
  node_encoder_num_types: 0
  remove_feature: False
  resample_disjoint: False
  resample_negative: False
  shuffle_split: True
  slic_compactness: 10
  split: [0.8, 0.1, 0.1]
  split_dir: ./splits
  split_index: 0
  split_mode: lopo-subject
  task: graph
  task_type: classification
  test_subj: MS 3m
  to_undirected: False
  transductive: False
  transform: none
  tu_simple: True
  val_subj: NH 3m
devices: 1
example_arg: example
example_group:
  example_arg: example
gnn:
  act: relu
  agg: add
  att_final_linear: False
  att_final_linear_bn: False
  att_heads: 1
  batchnorm: True
  clear_feature: True
  dim_inner: 128
  dropout: 0.2
  ffn: True
  head: mlp_graph
  keep_edge: 0.5
  l2norm: True
  layer_type: gcn
  layers_mp: 3
  layers_post_mp: 2
  layers_pre_mp: 1
  msg_direction: single
  normalize_adj: False
  residual: False
  self_msg: concat
  skip_every: 1
  stage_type: stack
gpu_mem: False
mem:
  inplace: False
metric_agg: argmax
metric_best: accuracy
model:
  edge_decoding: dot
  graph_pooling: mean
  loss_fun: cross_entropy
  match_upper: True
  size_average: mean
  thresh: 0.5
  type: custom_gnn
name_tag: 
num_threads: 6
num_workers: 0
optim:
  base_lr: 0.001
  batch_accumulation: 1
  clip_grad_norm: False
  clip_grad_norm_value: 1.0
  lr_decay: 0.1
  max_epoch: 250
  min_lr: 0.0
  momentum: 0.9
  num_warmup_epochs: 50
  optimizer: adam
  reduce_factor: 0.1
  schedule_patience: 10
  scheduler: cos
  steps: [30, 60, 90]
  weight_decay: 0.0005
out_dir: results_lopo_none/MS_3m
posenc_RWSE:
  dim_pe: 16
  enable: False
  kernel:
    times: []
    times_func: 
  layers: 3
  model: none
  n_heads: 4
  pass_as_var: False
  post_layers: 0
  raw_norm_type: none
pretrained:
  dir: 
  freeze_main: False
  reset_prediction_head: True
print: both
round: 5
run_dir: results_lopo_none/MS_3m
run_id: 0
run_multiple_splits: []
seed: 0
share:
  dim_in: 60
  dim_out: 21
  num_splits: 3
tensorboard_agg: True
tensorboard_each_run: False
train:
  auto_resume: False
  batch_size: 32
  ckpt_best: False
  ckpt_clean: True
  ckpt_period: 100
  enable_ckpt: True
  epoch_resume: -1
  eval_period: 1
  eval_smoothing_metrics: False
  iter_per_epoch: 32
  mode: custom
  neighbor_sizes: [20, 15, 10, 5]
  node_per_graph: 32
  radius: extend
  sample_node: False
  sampler: full_batch
  skip_train_eval: False
  walk_length: 4
val:
  node_per_graph: 32
  radius: extend
  sample_node: False
  sampler: full_batch
view_emb: False
wandb:
  entity: gnn
  name: 
  project: rfid_lopo
  use: False
Num parameters: 276757
Start from epoch 0
train: {'epoch': 0, 'time_epoch': 2.44454, 'eta': 608.69153, 'eta_hours': 0.16908, 'loss': 2.63452402, 'lr': 0.001, 'params': 276757, 'time_iter': 0.01397, 'accuracy': 0.17867, 'f1': 0.15196, 'auc': 0.75378}
...computing epoch stats took: 0.07s
val: {'epoch': 0, 'time_epoch': 0.09773, 'loss': 5.57570377, 'lr': 0, 'params': 276757, 'time_iter': 0.00698, 'accuracy': 0.05714, 'f1': 0.01907, 'auc': 0.62264}
...computing epoch stats took: 0.02s
test: {'epoch': 0, 'time_epoch': 0.09306, 'loss': 5.56219807, 'lr': 0, 'params': 276757, 'time_iter': 0.00665, 'accuracy': 0.04762, 'f1': 0.00444, 'auc': 0.6071}
...computing epoch stats took: 0.02s
[*] Confusion Matrix saved to: results_lopo_none/MS_3m\Conf\confusion_matrix_epoch_0.png
> Epoch 0: took 2.8s (avg 2.8s) | Best so far: epoch 0	train_loss: 2.6345 train_accuracy: 0.1787	val_loss: 5.5757 val_accuracy: 0.0571	test_loss: 5.5622 test_accuracy: 0.0476	F1: 0.0044 Prec: 0.0023 Rec: 0.0476
train: {'epoch': 1, 'time_epoch': 1.71033, 'eta': 515.20409, 'eta_hours': 0.14311, 'loss': 2.20388552, 'lr': 0.00099996, 'params': 276757, 'time_iter': 0.00977, 'accuracy': 0.28226, 'f1': 0.26356, 'auc': 0.84778}
...computing epoch stats took: 0.02s
val: {'epoch': 1, 'time_epoch': 0.0695, 'loss': 5.7211028, 'lr': 0, 'params': 276757, 'time_iter': 0.00496, 'accuracy': 0.07619, 'f1': 0.02065, 'auc': 0.6473}
...computing epoch stats took: 0.02s
test: {'epoch': 1, 'time_epoch': 0.07373, 'loss': 5.31851674, 'lr': 0, 'params': 276757, 'time_iter': 0.00527, 'accuracy': 0.05, 'f1': 0.01632, 'auc': 0.67557}
...computing epoch stats took: 0.03s
[*] Confusion Matrix saved to: results_lopo_none/MS_3m\Conf\confusion_matrix_epoch_1.png
> Epoch 1: took 1.9s (avg 2.3s) | Best so far: epoch 1	train_loss: 2.2039 train_accuracy: 0.2823	val_loss: 5.7211 val_accuracy: 0.0762	test_loss: 5.3185 test_accuracy: 0.0500	F1: 0.0163 Prec: 0.0548 Rec: 0.0500
train: {'epoch': 2, 'time_epoch': 1.75521, 'eta': 486.5966, 'eta_hours': 0.13517, 'loss': 2.02101422, 'lr': 0.00099984, 'params': 276757, 'time_iter': 0.01003, 'accuracy': 0.33692, 'f1': 0.32188, 'auc': 0.87686}
...computing epoch stats took: 0.02s
val: {'epoch': 2, 'time_epoch': 0.08276, 'loss': 7.10090279, 'lr': 0, 'params': 276757, 'time_iter': 0.00591, 'accuracy': 0.04762, 'f1': 0.00441, 'auc': 0.67024}
...computing epoch stats took: 0.03s
test: {'epoch': 2, 'time_epoch': 0.07521, 'loss': 6.77275176, 'lr': 0, 'params': 276757, 'time_iter': 0.00537, 'accuracy': 0.04762, 'f1': 0.0044, 'auc': 0.65325}
...computing epoch stats took: 0.02s
> Epoch 2: took 2.0s (avg 2.2s) | Best so far: epoch 1	train_loss: 2.2039 train_accuracy: 0.2823	val_loss: 5.7211 val_accuracy: 0.0762	test_loss: 5.3185 test_accuracy: 0.0500	F1: 0.0163 Prec: 0.0548 Rec: 0.0500
train: {'epoch': 3, 'time_epoch': 1.73765, 'eta': 470.33511, 'eta_hours': 0.13065, 'loss': 1.90952593, 'lr': 0.00099964, 'params': 276757, 'time_iter': 0.00993, 'accuracy': 0.36595, 'f1': 0.35171, 'auc': 0.89157}
val: {'epoch': 3, 'time_epoch': 0.07268, 'loss': 2.86719322, 'lr': 0, 'params': 276757, 'time_iter': 0.00519, 'accuracy': 0.10714, 'f1': 0.08326, 'auc': 0.84127}
test: {'epoch': 3, 'time_epoch': 0.06768, 'loss': 2.78296878, 'lr': 0, 'params': 276757, 'time_iter': 0.00483, 'accuracy': 0.16905, 'f1': 0.11671, 'auc': 0.82757}
[*] Confusion Matrix saved to: results_lopo_none/MS_3m\Conf\confusion_matrix_epoch_3.png
> Epoch 3: took 2.0s (avg 2.2s) | Best so far: epoch 3	train_loss: 1.9095 train_accuracy: 0.3659	val_loss: 2.8672 val_accuracy: 0.1071	test_loss: 2.7830 test_accuracy: 0.1691	F1: 0.1167 Prec: 0.1064 Rec: 0.1690
train: {'epoch': 4, 'time_epoch': 2.05659, 'eta': 475.51122, 'eta_hours': 0.13209, 'loss': 1.83226756, 'lr': 0.00099937, 'params': 276757, 'time_iter': 0.01175, 'accuracy': 0.38889, 'f1': 0.37679, 'auc': 0.90242}
val: {'epoch': 4, 'time_epoch': 0.07418, 'loss': 5.09592439, 'lr': 0, 'params': 276757, 'time_iter': 0.0053, 'accuracy': 0.04762, 'f1': 0.0134, 'auc': 0.72464}
test: {'epoch': 4, 'time_epoch': 0.06562, 'loss': 4.86078443, 'lr': 0, 'params': 276757, 'time_iter': 0.00469, 'accuracy': 0.07381, 'f1': 0.02459, 'auc': 0.72683}
> Epoch 4: took 2.3s (avg 2.2s) | Best so far: epoch 3	train_loss: 1.9095 train_accuracy: 0.3659	val_loss: 2.8672 val_accuracy: 0.1071	test_loss: 2.7830 test_accuracy: 0.1691	F1: 0.1167 Prec: 0.1064 Rec: 0.1690
train: {'epoch': 5, 'time_epoch': 1.86507, 'eta': 470.48823, 'eta_hours': 0.13069, 'loss': 1.74716531, 'lr': 0.00099901, 'params': 276757, 'time_iter': 0.01066, 'accuracy': 0.41219, 'f1': 0.40302, 'auc': 0.91241}
val: {'epoch': 5, 'time_epoch': 0.06852, 'loss': 9.58161759, 'lr': 0, 'params': 276757, 'time_iter': 0.00489, 'accuracy': 0.03571, 'f1': 0.00624, 'auc': 0.59577}
test: {'epoch': 5, 'time_epoch': 0.06447, 'loss': 9.19492063, 'lr': 0, 'params': 276757, 'time_iter': 0.0046, 'accuracy': 0.07381, 'f1': 0.01438, 'auc': 0.61302}
> Epoch 5: took 2.1s (avg 2.2s) | Best so far: epoch 3	train_loss: 1.9095 train_accuracy: 0.3659	val_loss: 2.8672 val_accuracy: 0.1071	test_loss: 2.7830 test_accuracy: 0.1691	F1: 0.1167 Prec: 0.1064 Rec: 0.1690
train: {'epoch': 6, 'time_epoch': 1.87192, 'eta': 466.60522, 'eta_hours': 0.12961, 'loss': 1.71394877, 'lr': 0.00099858, 'params': 276757, 'time_iter': 0.0107, 'accuracy': 0.43011, 'f1': 0.422, 'auc': 0.91678}
val: {'epoch': 6, 'time_epoch': 0.06315, 'loss': 5.32135816, 'lr': 0, 'params': 276757, 'time_iter': 0.00451, 'accuracy': 0.04286, 'f1': 0.02873, 'auc': 0.681}
test: {'epoch': 6, 'time_epoch': 0.07437, 'loss': 5.17828294, 'lr': 0, 'params': 276757, 'time_iter': 0.00531, 'accuracy': 0.05952, 'f1': 0.01332, 'auc': 0.72562}
> Epoch 6: took 2.1s (avg 2.2s) | Best so far: epoch 3	train_loss: 1.9095 train_accuracy: 0.3659	val_loss: 2.8672 val_accuracy: 0.1071	test_loss: 2.7830 test_accuracy: 0.1691	F1: 0.1167 Prec: 0.1064 Rec: 0.1690
train: {'epoch': 7, 'time_epoch': 1.74769, 'eta': 459.46702, 'eta_hours': 0.12763, 'loss': 1.63278059, 'lr': 0.00099807, 'params': 276757, 'time_iter': 0.00999, 'accuracy': 0.44659, 'f1': 0.44036, 'auc': 0.92563}
val: {'epoch': 7, 'time_epoch': 0.11159, 'loss': 4.82756342, 'lr': 0, 'params': 276757, 'time_iter': 0.00797, 'accuracy': 0.07857, 'f1': 0.04283, 'auc': 0.76126}
test: {'epoch': 7, 'time_epoch': 0.06865, 'loss': 4.54907423, 'lr': 0, 'params': 276757, 'time_iter': 0.0049, 'accuracy': 0.1, 'f1': 0.03714, 'auc': 0.79345}
> Epoch 7: took 2.0s (avg 2.1s) | Best so far: epoch 3	train_loss: 1.9095 train_accuracy: 0.3659	val_loss: 2.8672 val_accuracy: 0.1071	test_loss: 2.7830 test_accuracy: 0.1691	F1: 0.1167 Prec: 0.1064 Rec: 0.1690
train: {'epoch': 8, 'time_epoch': 2.21665, 'eta': 466.08444, 'eta_hours': 0.12947, 'loss': 1.61364064, 'lr': 0.00099748, 'params': 276757, 'time_iter': 0.01267, 'accuracy': 0.4595, 'f1': 0.4532, 'auc': 0.92647}
val: {'epoch': 8, 'time_epoch': 0.08619, 'loss': 8.36576202, 'lr': 0, 'params': 276757, 'time_iter': 0.00616, 'accuracy': 0.05476, 'f1': 0.01752, 'auc': 0.70978}
test: {'epoch': 8, 'time_epoch': 0.08009, 'loss': 7.99371884, 'lr': 0, 'params': 276757, 'time_iter': 0.00572, 'accuracy': 0.0881, 'f1': 0.03576, 'auc': 0.71342}
> Epoch 8: took 2.5s (avg 2.2s) | Best so far: epoch 3	train_loss: 1.9095 train_accuracy: 0.3659	val_loss: 2.8672 val_accuracy: 0.1071	test_loss: 2.7830 test_accuracy: 0.1691	F1: 0.1167 Prec: 0.1064 Rec: 0.1690
train: {'epoch': 9, 'time_epoch': 1.89915, 'eta': 463.31497, 'eta_hours': 0.1287, 'loss': 1.53844558, 'lr': 0.00099681, 'params': 276757, 'time_iter': 0.01085, 'accuracy': 0.48907, 'f1': 0.48385, 'auc': 0.93427}
val: {'epoch': 9, 'time_epoch': 0.10207, 'loss': 7.80777678, 'lr': 0, 'params': 276757, 'time_iter': 0.00729, 'accuracy': 0.06429, 'f1': 0.02469, 'auc': 0.72333}
test: {'epoch': 9, 'time_epoch': 0.08044, 'loss': 7.44416931, 'lr': 0, 'params': 276757, 'time_iter': 0.00575, 'accuracy': 0.07143, 'f1': 0.02875, 'auc': 0.69779}
> Epoch 9: took 2.2s (avg 2.2s) | Best so far: epoch 3	train_loss: 1.9095 train_accuracy: 0.3659	val_loss: 2.8672 val_accuracy: 0.1071	test_loss: 2.7830 test_accuracy: 0.1691	F1: 0.1167 Prec: 0.1064 Rec: 0.1690
train: {'epoch': 10, 'time_epoch': 1.68559, 'eta': 456.06374, 'eta_hours': 0.12668, 'loss': 1.52880852, 'lr': 0.00099606, 'params': 276757, 'time_iter': 0.00963, 'accuracy': 0.48746, 'f1': 0.48333, 'auc': 0.93514}
val: {'epoch': 10, 'time_epoch': 0.06572, 'loss': 6.9490562, 'lr': 0, 'params': 276757, 'time_iter': 0.00469, 'accuracy': 0.04524, 'f1': 0.01574, 'auc': 0.71793}
test: {'epoch': 10, 'time_epoch': 0.06346, 'loss': 6.58328434, 'lr': 0, 'params': 276757, 'time_iter': 0.00453, 'accuracy': 0.09048, 'f1': 0.03432, 'auc': 0.76275}
> Epoch 10: took 1.9s (avg 2.1s) | Best so far: epoch 3	train_loss: 1.9095 train_accuracy: 0.3659	val_loss: 2.8672 val_accuracy: 0.1071	test_loss: 2.7830 test_accuracy: 0.1691	F1: 0.1167 Prec: 0.1064 Rec: 0.1690
train: {'epoch': 11, 'time_epoch': 1.72557, 'eta': 450.53298, 'eta_hours': 0.12515, 'loss': 1.4640909, 'lr': 0.00099523, 'params': 276757, 'time_iter': 0.00986, 'accuracy': 0.51004, 'f1': 0.50593, 'auc': 0.94059}
val: {'epoch': 11, 'time_epoch': 0.07466, 'loss': 8.58522945, 'lr': 0, 'params': 276757, 'time_iter': 0.00533, 'accuracy': 0.08571, 'f1': 0.04293, 'auc': 0.67244}
test: {'epoch': 11, 'time_epoch': 0.06412, 'loss': 8.32934478, 'lr': 0, 'params': 276757, 'time_iter': 0.00458, 'accuracy': 0.07143, 'f1': 0.02006, 'auc': 0.69885}
> Epoch 11: took 1.9s (avg 2.1s) | Best so far: epoch 3	train_loss: 1.9095 train_accuracy: 0.3659	val_loss: 2.8672 val_accuracy: 0.1071	test_loss: 2.7830 test_accuracy: 0.1691	F1: 0.1167 Prec: 0.1064 Rec: 0.1690
train: {'epoch': 12, 'time_epoch': 1.91727, 'eta': 449.08244, 'eta_hours': 0.12475, 'loss': 1.41043891, 'lr': 0.00099433, 'params': 276757, 'time_iter': 0.01096, 'accuracy': 0.52634, 'f1': 0.52346, 'auc': 0.94533}
val: {'epoch': 12, 'time_epoch': 0.07102, 'loss': 4.51607002, 'lr': 0, 'params': 276757, 'time_iter': 0.00507, 'accuracy': 0.08333, 'f1': 0.02375, 'auc': 0.74184}
test: {'epoch': 12, 'time_epoch': 0.06604, 'loss': 4.3555655, 'lr': 0, 'params': 276757, 'time_iter': 0.00472, 'accuracy': 0.1, 'f1': 0.03588, 'auc': 0.79614}
> Epoch 12: took 2.1s (avg 2.1s) | Best so far: epoch 3	train_loss: 1.9095 train_accuracy: 0.3659	val_loss: 2.8672 val_accuracy: 0.1071	test_loss: 2.7830 test_accuracy: 0.1691	F1: 0.1167 Prec: 0.1064 Rec: 0.1690
train: {'epoch': 13, 'time_epoch': 1.88106, 'eta': 446.95495, 'eta_hours': 0.12415, 'loss': 1.39612226, 'lr': 0.00099334, 'params': 276757, 'time_iter': 0.01075, 'accuracy': 0.53244, 'f1': 0.5302, 'auc': 0.94672}
val: {'epoch': 13, 'time_epoch': 0.06684, 'loss': 7.26663651, 'lr': 0, 'params': 276757, 'time_iter': 0.00477, 'accuracy': 0.06905, 'f1': 0.02859, 'auc': 0.71515}
test: {'epoch': 13, 'time_epoch': 0.06403, 'loss': 7.03404899, 'lr': 0, 'params': 276757, 'time_iter': 0.00457, 'accuracy': 0.07857, 'f1': 0.02064, 'auc': 0.71108}
> Epoch 13: took 2.1s (avg 2.1s) | Best so far: epoch 3	train_loss: 1.9095 train_accuracy: 0.3659	val_loss: 2.8672 val_accuracy: 0.1071	test_loss: 2.7830 test_accuracy: 0.1691	F1: 0.1167 Prec: 0.1064 Rec: 0.1690
train: {'epoch': 14, 'time_epoch': 1.75981, 'eta': 442.96076, 'eta_hours': 0.12304, 'loss': 1.33514178, 'lr': 0.00099228, 'params': 276757, 'time_iter': 0.01006, 'accuracy': 0.55412, 'f1': 0.55145, 'auc': 0.95142}
val: {'epoch': 14, 'time_epoch': 0.07106, 'loss': 8.48432017, 'lr': 0, 'params': 276757, 'time_iter': 0.00508, 'accuracy': 0.07857, 'f1': 0.01563, 'auc': 0.72113}
test: {'epoch': 14, 'time_epoch': 0.06598, 'loss': 7.83295152, 'lr': 0, 'params': 276757, 'time_iter': 0.00471, 'accuracy': 0.09286, 'f1': 0.01986, 'auc': 0.72211}
> Epoch 14: took 2.0s (avg 2.1s) | Best so far: epoch 3	train_loss: 1.9095 train_accuracy: 0.3659	val_loss: 2.8672 val_accuracy: 0.1071	test_loss: 2.7830 test_accuracy: 0.1691	F1: 0.1167 Prec: 0.1064 Rec: 0.1690
train: {'epoch': 15, 'time_epoch': 1.76996, 'eta': 439.3942, 'eta_hours': 0.12205, 'loss': 1.34665587, 'lr': 0.00099114, 'params': 276757, 'time_iter': 0.01011, 'accuracy': 0.54928, 'f1': 0.54591, 'auc': 0.95026}
val: {'epoch': 15, 'time_epoch': 0.06978, 'loss': 12.13875736, 'lr': 0, 'params': 276757, 'time_iter': 0.00498, 'accuracy': 0.05476, 'f1': 0.00986, 'auc': 0.67612}
test: {'epoch': 15, 'time_epoch': 0.06358, 'loss': 11.90470792, 'lr': 0, 'params': 276757, 'time_iter': 0.00454, 'accuracy': 0.05, 'f1': 0.00752, 'auc': 0.62727}
> Epoch 15: took 2.0s (avg 2.1s) | Best so far: epoch 3	train_loss: 1.9095 train_accuracy: 0.3659	val_loss: 2.8672 val_accuracy: 0.1071	test_loss: 2.7830 test_accuracy: 0.1691	F1: 0.1167 Prec: 0.1064 Rec: 0.1690
train: {'epoch': 16, 'time_epoch': 1.80655, 'eta': 436.54054, 'eta_hours': 0.12126, 'loss': 1.29404151, 'lr': 0.00098993, 'params': 276757, 'time_iter': 0.01032, 'accuracy': 0.55251, 'f1': 0.55054, 'auc': 0.9548}
val: {'epoch': 16, 'time_epoch': 0.06872, 'loss': 8.11899041, 'lr': 0, 'params': 276757, 'time_iter': 0.00491, 'accuracy': 0.0619, 'f1': 0.02585, 'auc': 0.70379}
test: {'epoch': 16, 'time_epoch': 0.10445, 'loss': 7.24585861, 'lr': 0, 'params': 276757, 'time_iter': 0.00746, 'accuracy': 0.10952, 'f1': 0.05861, 'auc': 0.7691}
> Epoch 16: took 2.1s (avg 2.1s) | Best so far: epoch 3	train_loss: 1.9095 train_accuracy: 0.3659	val_loss: 2.8672 val_accuracy: 0.1071	test_loss: 2.7830 test_accuracy: 0.1691	F1: 0.1167 Prec: 0.1064 Rec: 0.1690
train: {'epoch': 17, 'time_epoch': 1.88979, 'eta': 434.87608, 'eta_hours': 0.1208, 'loss': 1.26527287, 'lr': 0.00098863, 'params': 276757, 'time_iter': 0.0108, 'accuracy': 0.57258, 'f1': 0.57004, 'auc': 0.95674}
val: {'epoch': 17, 'time_epoch': 0.07261, 'loss': 4.66059452, 'lr': 0, 'params': 276757, 'time_iter': 0.00519, 'accuracy': 0.1, 'f1': 0.04012, 'auc': 0.76853}
test: {'epoch': 17, 'time_epoch': 0.11606, 'loss': 4.30732331, 'lr': 0, 'params': 276757, 'time_iter': 0.00829, 'accuracy': 0.1381, 'f1': 0.05935, 'auc': 0.78799}
> Epoch 17: took 2.2s (avg 2.1s) | Best so far: epoch 3	train_loss: 1.9095 train_accuracy: 0.3659	val_loss: 2.8672 val_accuracy: 0.1071	test_loss: 2.7830 test_accuracy: 0.1691	F1: 0.1167 Prec: 0.1064 Rec: 0.1690
train: {'epoch': 18, 'time_epoch': 1.68618, 'eta': 430.7125, 'eta_hours': 0.11964, 'loss': 1.20594534, 'lr': 0.00098726, 'params': 276757, 'time_iter': 0.00964, 'accuracy': 0.59014, 'f1': 0.58851, 'auc': 0.96084}
val: {'epoch': 18, 'time_epoch': 0.07012, 'loss': 5.72681793, 'lr': 0, 'params': 276757, 'time_iter': 0.00501, 'accuracy': 0.17857, 'f1': 0.12332, 'auc': 0.75921}
test: {'epoch': 18, 'time_epoch': 0.06805, 'loss': 5.37466696, 'lr': 0, 'params': 276757, 'time_iter': 0.00486, 'accuracy': 0.15476, 'f1': 0.09126, 'auc': 0.77689}
[*] Confusion Matrix saved to: results_lopo_none/MS_3m\Conf\confusion_matrix_epoch_18.png
> Epoch 18: took 1.9s (avg 2.1s) | Best so far: epoch 18	train_loss: 1.2059 train_accuracy: 0.5901	val_loss: 5.7268 val_accuracy: 0.1786	test_loss: 5.3747 test_accuracy: 0.1548	F1: 0.0913 Prec: 0.1240 Rec: 0.1548
train: {'epoch': 19, 'time_epoch': 1.91295, 'eta': 429.40443, 'eta_hours': 0.11928, 'loss': 1.18505446, 'lr': 0.00098582, 'params': 276757, 'time_iter': 0.01093, 'accuracy': 0.60323, 'f1': 0.60157, 'auc': 0.96221}
val: {'epoch': 19, 'time_epoch': 0.07314, 'loss': 9.72789084, 'lr': 0, 'params': 276757, 'time_iter': 0.00522, 'accuracy': 0.05, 'f1': 0.01827, 'auc': 0.66543}
test: {'epoch': 19, 'time_epoch': 0.07494, 'loss': 9.11540233, 'lr': 0, 'params': 276757, 'time_iter': 0.00535, 'accuracy': 0.06905, 'f1': 0.01847, 'auc': 0.66452}
> Epoch 19: took 2.2s (avg 2.1s) | Best so far: epoch 18	train_loss: 1.2059 train_accuracy: 0.5901	val_loss: 5.7268 val_accuracy: 0.1786	test_loss: 5.3747 test_accuracy: 0.1548	F1: 0.0913 Prec: 0.1240 Rec: 0.1548
train: {'epoch': 20, 'time_epoch': 1.7965, 'eta': 426.76893, 'eta_hours': 0.11855, 'loss': 1.17863739, 'lr': 0.00098429, 'params': 276757, 'time_iter': 0.01027, 'accuracy': 0.6086, 'f1': 0.60719, 'auc': 0.96233}
val: {'epoch': 20, 'time_epoch': 0.07168, 'loss': 5.68517603, 'lr': 0, 'params': 276757, 'time_iter': 0.00512, 'accuracy': 0.11667, 'f1': 0.06863, 'auc': 0.78106}
test: {'epoch': 20, 'time_epoch': 0.06445, 'loss': 5.27592849, 'lr': 0, 'params': 276757, 'time_iter': 0.0046, 'accuracy': 0.11667, 'f1': 0.05444, 'auc': 0.80446}
> Epoch 20: took 2.0s (avg 2.1s) | Best so far: epoch 18	train_loss: 1.2059 train_accuracy: 0.5901	val_loss: 5.7268 val_accuracy: 0.1786	test_loss: 5.3747 test_accuracy: 0.1548	F1: 0.0913 Prec: 0.1240 Rec: 0.1548
train: {'epoch': 21, 'time_epoch': 1.94514, 'eta': 425.75015, 'eta_hours': 0.11826, 'loss': 1.18340218, 'lr': 0.00098269, 'params': 276757, 'time_iter': 0.01112, 'accuracy': 0.60215, 'f1': 0.60073, 'auc': 0.96172}
val: {'epoch': 21, 'time_epoch': 0.07173, 'loss': 13.5468767, 'lr': 0, 'params': 276757, 'time_iter': 0.00512, 'accuracy': 0.04286, 'f1': 0.00727, 'auc': 0.6111}
test: {'epoch': 21, 'time_epoch': 0.07228, 'loss': 13.07534884, 'lr': 0, 'params': 276757, 'time_iter': 0.00516, 'accuracy': 0.07857, 'f1': 0.0154, 'auc': 0.6432}
> Epoch 21: took 2.2s (avg 2.1s) | Best so far: epoch 18	train_loss: 1.2059 train_accuracy: 0.5901	val_loss: 5.7268 val_accuracy: 0.1786	test_loss: 5.3747 test_accuracy: 0.1548	F1: 0.0913 Prec: 0.1240 Rec: 0.1548
train: {'epoch': 22, 'time_epoch': 1.95377, 'eta': 424.73605, 'eta_hours': 0.11798, 'loss': 1.10559187, 'lr': 0.00098101, 'params': 276757, 'time_iter': 0.01116, 'accuracy': 0.62204, 'f1': 0.62047, 'auc': 0.96686}
val: {'epoch': 22, 'time_epoch': 0.06257, 'loss': 8.33436825, 'lr': 0, 'params': 276757, 'time_iter': 0.00447, 'accuracy': 0.10238, 'f1': 0.04426, 'auc': 0.76435}
test: {'epoch': 22, 'time_epoch': 0.08665, 'loss': 7.5691529, 'lr': 0, 'params': 276757, 'time_iter': 0.00619, 'accuracy': 0.08571, 'f1': 0.04686, 'auc': 0.76673}
> Epoch 22: took 2.2s (avg 2.1s) | Best so far: epoch 18	train_loss: 1.2059 train_accuracy: 0.5901	val_loss: 5.7268 val_accuracy: 0.1786	test_loss: 5.3747 test_accuracy: 0.1548	F1: 0.0913 Prec: 0.1240 Rec: 0.1548
train: {'epoch': 23, 'time_epoch': 2.12664, 'eta': 425.27142, 'eta_hours': 0.11813, 'loss': 1.11000183, 'lr': 0.00097926, 'params': 276757, 'time_iter': 0.01215, 'accuracy': 0.63459, 'f1': 0.63355, 'auc': 0.96679}
val: {'epoch': 23, 'time_epoch': 0.12486, 'loss': 5.5255577, 'lr': 0, 'params': 276757, 'time_iter': 0.00892, 'accuracy': 0.08571, 'f1': 0.03682, 'auc': 0.75276}
test: {'epoch': 23, 'time_epoch': 0.06712, 'loss': 4.89281747, 'lr': 0, 'params': 276757, 'time_iter': 0.00479, 'accuracy': 0.11905, 'f1': 0.05527, 'auc': 0.76801}
> Epoch 23: took 2.4s (avg 2.1s) | Best so far: epoch 18	train_loss: 1.2059 train_accuracy: 0.5901	val_loss: 5.7268 val_accuracy: 0.1786	test_loss: 5.3747 test_accuracy: 0.1548	F1: 0.0913 Prec: 0.1240 Rec: 0.1548
train: {'epoch': 24, 'time_epoch': 2.05834, 'eta': 424.97919, 'eta_hours': 0.11805, 'loss': 1.07166291, 'lr': 0.00097743, 'params': 276757, 'time_iter': 0.01176, 'accuracy': 0.64014, 'f1': 0.63942, 'auc': 0.96898}
val: {'epoch': 24, 'time_epoch': 0.10767, 'loss': 9.93982434, 'lr': 0, 'params': 276757, 'time_iter': 0.00769, 'accuracy': 0.06905, 'f1': 0.01432, 'auc': 0.68329}
test: {'epoch': 24, 'time_epoch': 0.06874, 'loss': 9.01878609, 'lr': 0, 'params': 276757, 'time_iter': 0.00491, 'accuracy': 0.08333, 'f1': 0.01682, 'auc': 0.71147}
> Epoch 24: took 2.3s (avg 2.1s) | Best so far: epoch 18	train_loss: 1.2059 train_accuracy: 0.5901	val_loss: 5.7268 val_accuracy: 0.1786	test_loss: 5.3747 test_accuracy: 0.1548	F1: 0.0913 Prec: 0.1240 Rec: 0.1548
train: {'epoch': 25, 'time_epoch': 1.82357, 'eta': 422.52844, 'eta_hours': 0.11737, 'loss': 1.10117726, 'lr': 0.00097553, 'params': 276757, 'time_iter': 0.01042, 'accuracy': 0.63011, 'f1': 0.62921, 'auc': 0.96719}
val: {'epoch': 25, 'time_epoch': 0.06758, 'loss': 9.82614855, 'lr': 0, 'params': 276757, 'time_iter': 0.00483, 'accuracy': 0.04286, 'f1': 0.01454, 'auc': 0.63855}
test: {'epoch': 25, 'time_epoch': 0.06608, 'loss': 8.63625093, 'lr': 0, 'params': 276757, 'time_iter': 0.00472, 'accuracy': 0.08333, 'f1': 0.02728, 'auc': 0.71378}
> Epoch 25: took 2.0s (avg 2.1s) | Best so far: epoch 18	train_loss: 1.2059 train_accuracy: 0.5901	val_loss: 5.7268 val_accuracy: 0.1786	test_loss: 5.3747 test_accuracy: 0.1548	F1: 0.0913 Prec: 0.1240 Rec: 0.1548
train: {'epoch': 26, 'time_epoch': 1.96672, 'eta': 421.30643, 'eta_hours': 0.11703, 'loss': 1.0780972, 'lr': 0.00097355, 'params': 276757, 'time_iter': 0.01124, 'accuracy': 0.631, 'f1': 0.62979, 'auc': 0.96858}
val: {'epoch': 26, 'time_epoch': 0.09914, 'loss': 11.48412425, 'lr': 0, 'params': 276757, 'time_iter': 0.00708, 'accuracy': 0.06667, 'f1': 0.01809, 'auc': 0.70402}
test: {'epoch': 26, 'time_epoch': 0.07186, 'loss': 10.89758628, 'lr': 0, 'params': 276757, 'time_iter': 0.00513, 'accuracy': 0.1, 'f1': 0.03426, 'auc': 0.69186}
> Epoch 26: took 2.2s (avg 2.1s) | Best so far: epoch 18	train_loss: 1.2059 train_accuracy: 0.5901	val_loss: 5.7268 val_accuracy: 0.1786	test_loss: 5.3747 test_accuracy: 0.1548	F1: 0.0913 Prec: 0.1240 Rec: 0.1548
train: {'epoch': 27, 'time_epoch': 1.94064, 'eta': 419.82445, 'eta_hours': 0.11662, 'loss': 1.04483301, 'lr': 0.0009715, 'params': 276757, 'time_iter': 0.01109, 'accuracy': 0.64946, 'f1': 0.64849, 'auc': 0.97055}
val: {'epoch': 27, 'time_epoch': 0.0889, 'loss': 8.99543652, 'lr': 0, 'params': 276757, 'time_iter': 0.00635, 'accuracy': 0.07143, 'f1': 0.02027, 'auc': 0.72745}
test: {'epoch': 27, 'time_epoch': 0.08293, 'loss': 8.47455608, 'lr': 0, 'params': 276757, 'time_iter': 0.00592, 'accuracy': 0.08333, 'f1': 0.02491, 'auc': 0.75649}
> Epoch 27: took 2.2s (avg 2.1s) | Best so far: epoch 18	train_loss: 1.2059 train_accuracy: 0.5901	val_loss: 5.7268 val_accuracy: 0.1786	test_loss: 5.3747 test_accuracy: 0.1548	F1: 0.0913 Prec: 0.1240 Rec: 0.1548
train: {'epoch': 28, 'time_epoch': 1.78153, 'eta': 417.09837, 'eta_hours': 0.11586, 'loss': 1.00882829, 'lr': 0.00096937, 'params': 276757, 'time_iter': 0.01018, 'accuracy': 0.65341, 'f1': 0.65259, 'auc': 0.97279}
val: {'epoch': 28, 'time_epoch': 0.06677, 'loss': 7.56023216, 'lr': 0, 'params': 276757, 'time_iter': 0.00477, 'accuracy': 0.10952, 'f1': 0.06201, 'auc': 0.75996}
test: {'epoch': 28, 'time_epoch': 0.06605, 'loss': 7.30572125, 'lr': 0, 'params': 276757, 'time_iter': 0.00472, 'accuracy': 0.10238, 'f1': 0.04346, 'auc': 0.76618}
> Epoch 28: took 2.0s (avg 2.1s) | Best so far: epoch 18	train_loss: 1.2059 train_accuracy: 0.5901	val_loss: 5.7268 val_accuracy: 0.1786	test_loss: 5.3747 test_accuracy: 0.1548	F1: 0.0913 Prec: 0.1240 Rec: 0.1548
train: {'epoch': 29, 'time_epoch': 1.82199, 'eta': 414.73191, 'eta_hours': 0.1152, 'loss': 1.01766276, 'lr': 0.00096716, 'params': 276757, 'time_iter': 0.01041, 'accuracy': 0.66344, 'f1': 0.66258, 'auc': 0.97176}
val: {'epoch': 29, 'time_epoch': 0.08988, 'loss': 7.97571032, 'lr': 0, 'params': 276757, 'time_iter': 0.00642, 'accuracy': 0.10952, 'f1': 0.05653, 'auc': 0.73942}
test: {'epoch': 29, 'time_epoch': 0.09878, 'loss': 7.42202592, 'lr': 0, 'params': 276757, 'time_iter': 0.00706, 'accuracy': 0.12381, 'f1': 0.06069, 'auc': 0.73387}
> Epoch 29: took 2.1s (avg 2.1s) | Best so far: epoch 18	train_loss: 1.2059 train_accuracy: 0.5901	val_loss: 5.7268 val_accuracy: 0.1786	test_loss: 5.3747 test_accuracy: 0.1548	F1: 0.0913 Prec: 0.1240 Rec: 0.1548
train: {'epoch': 30, 'time_epoch': 1.72054, 'eta': 411.68393, 'eta_hours': 0.11436, 'loss': 0.99833204, 'lr': 0.00096489, 'params': 276757, 'time_iter': 0.00983, 'accuracy': 0.66631, 'f1': 0.66568, 'auc': 0.97299}
val: {'epoch': 30, 'time_epoch': 0.07179, 'loss': 8.25392242, 'lr': 0, 'params': 276757, 'time_iter': 0.00513, 'accuracy': 0.03095, 'f1': 0.01717, 'auc': 0.71189}
test: {'epoch': 30, 'time_epoch': 0.06446, 'loss': 7.95011794, 'lr': 0, 'params': 276757, 'time_iter': 0.0046, 'accuracy': 0.0881, 'f1': 0.04254, 'auc': 0.74845}
> Epoch 30: took 2.0s (avg 2.1s) | Best so far: epoch 18	train_loss: 1.2059 train_accuracy: 0.5901	val_loss: 5.7268 val_accuracy: 0.1786	test_loss: 5.3747 test_accuracy: 0.1548	F1: 0.0913 Prec: 0.1240 Rec: 0.1548
train: {'epoch': 31, 'time_epoch': 2.26511, 'eta': 412.42878, 'eta_hours': 0.11456, 'loss': 0.98488449, 'lr': 0.00096254, 'params': 276757, 'time_iter': 0.01294, 'accuracy': 0.67025, 'f1': 0.66888, 'auc': 0.97369}
val: {'epoch': 31, 'time_epoch': 0.11588, 'loss': 4.61091779, 'lr': 0, 'params': 276757, 'time_iter': 0.00828, 'accuracy': 0.15238, 'f1': 0.09552, 'auc': 0.80574}
test: {'epoch': 31, 'time_epoch': 0.12475, 'loss': 3.72821482, 'lr': 0, 'params': 276757, 'time_iter': 0.00891, 'accuracy': 0.20714, 'f1': 0.16689, 'auc': 0.83978}
> Epoch 31: took 2.6s (avg 2.1s) | Best so far: epoch 18	train_loss: 1.2059 train_accuracy: 0.5901	val_loss: 5.7268 val_accuracy: 0.1786	test_loss: 5.3747 test_accuracy: 0.1548	F1: 0.0913 Prec: 0.1240 Rec: 0.1548
train: {'epoch': 32, 'time_epoch': 1.81495, 'eta': 410.03106, 'eta_hours': 0.1139, 'loss': 0.99040086, 'lr': 0.00096012, 'params': 276757, 'time_iter': 0.01037, 'accuracy': 0.66882, 'f1': 0.66756, 'auc': 0.97326}
val: {'epoch': 32, 'time_epoch': 0.07903, 'loss': 9.29747558, 'lr': 0, 'params': 276757, 'time_iter': 0.00565, 'accuracy': 0.05714, 'f1': 0.01292, 'auc': 0.71682}
test: {'epoch': 32, 'time_epoch': 0.06729, 'loss': 8.79379439, 'lr': 0, 'params': 276757, 'time_iter': 0.00481, 'accuracy': 0.07381, 'f1': 0.02455, 'auc': 0.71618}
> Epoch 32: took 2.1s (avg 2.1s) | Best so far: epoch 18	train_loss: 1.2059 train_accuracy: 0.5901	val_loss: 5.7268 val_accuracy: 0.1786	test_loss: 5.3747 test_accuracy: 0.1548	F1: 0.0913 Prec: 0.1240 Rec: 0.1548
train: {'epoch': 33, 'time_epoch': 2.21272, 'eta': 410.19467, 'eta_hours': 0.11394, 'loss': 0.96299598, 'lr': 0.00095762, 'params': 276757, 'time_iter': 0.01264, 'accuracy': 0.67885, 'f1': 0.67796, 'auc': 0.97468}
val: {'epoch': 33, 'time_epoch': 0.07783, 'loss': 10.07561237, 'lr': 0, 'params': 276757, 'time_iter': 0.00556, 'accuracy': 0.0619, 'f1': 0.0214, 'auc': 0.71355}
test: {'epoch': 33, 'time_epoch': 0.07268, 'loss': 9.06529549, 'lr': 0, 'params': 276757, 'time_iter': 0.00519, 'accuracy': 0.05714, 'f1': 0.01591, 'auc': 0.69742}
> Epoch 33: took 2.4s (avg 2.1s) | Best so far: epoch 18	train_loss: 1.2059 train_accuracy: 0.5901	val_loss: 5.7268 val_accuracy: 0.1786	test_loss: 5.3747 test_accuracy: 0.1548	F1: 0.0913 Prec: 0.1240 Rec: 0.1548
train: {'epoch': 34, 'time_epoch': 1.8564, 'eta': 408.03363, 'eta_hours': 0.11334, 'loss': 0.95741683, 'lr': 0.00095505, 'params': 276757, 'time_iter': 0.01061, 'accuracy': 0.67563, 'f1': 0.67466, 'auc': 0.97545}
val: {'epoch': 34, 'time_epoch': 0.06245, 'loss': 6.29829419, 'lr': 0, 'params': 276757, 'time_iter': 0.00446, 'accuracy': 0.10476, 'f1': 0.05651, 'auc': 0.78118}
test: {'epoch': 34, 'time_epoch': 0.05513, 'loss': 5.77025034, 'lr': 0, 'params': 276757, 'time_iter': 0.00394, 'accuracy': 0.10476, 'f1': 0.05404, 'auc': 0.76899}
> Epoch 34: took 2.1s (avg 2.1s) | Best so far: epoch 18	train_loss: 1.2059 train_accuracy: 0.5901	val_loss: 5.7268 val_accuracy: 0.1786	test_loss: 5.3747 test_accuracy: 0.1548	F1: 0.0913 Prec: 0.1240 Rec: 0.1548
train: {'epoch': 35, 'time_epoch': 1.67037, 'eta': 404.78365, 'eta_hours': 0.11244, 'loss': 0.93910976, 'lr': 0.00095241, 'params': 276757, 'time_iter': 0.00954, 'accuracy': 0.68853, 'f1': 0.68807, 'auc': 0.97567}
val: {'epoch': 35, 'time_epoch': 0.07292, 'loss': 8.16615461, 'lr': 0, 'params': 276757, 'time_iter': 0.00521, 'accuracy': 0.06429, 'f1': 0.01892, 'auc': 0.76205}
test: {'epoch': 35, 'time_epoch': 0.08961, 'loss': 7.14717353, 'lr': 0, 'params': 276757, 'time_iter': 0.0064, 'accuracy': 0.12381, 'f1': 0.06606, 'auc': 0.73365}
> Epoch 35: took 1.9s (avg 2.1s) | Best so far: epoch 18	train_loss: 1.2059 train_accuracy: 0.5901	val_loss: 5.7268 val_accuracy: 0.1786	test_loss: 5.3747 test_accuracy: 0.1548	F1: 0.0913 Prec: 0.1240 Rec: 0.1548
train: {'epoch': 36, 'time_epoch': 1.86033, 'eta': 402.7126, 'eta_hours': 0.11186, 'loss': 0.91802477, 'lr': 0.0009497, 'params': 276757, 'time_iter': 0.01063, 'accuracy': 0.6871, 'f1': 0.68621, 'auc': 0.97733}
val: {'epoch': 36, 'time_epoch': 0.07062, 'loss': 11.43647826, 'lr': 0, 'params': 276757, 'time_iter': 0.00504, 'accuracy': 0.05714, 'f1': 0.01658, 'auc': 0.65521}
test: {'epoch': 36, 'time_epoch': 0.06738, 'loss': 10.59213577, 'lr': 0, 'params': 276757, 'time_iter': 0.00481, 'accuracy': 0.05, 'f1': 0.00795, 'auc': 0.66386}
> Epoch 36: took 2.1s (avg 2.1s) | Best so far: epoch 18	train_loss: 1.2059 train_accuracy: 0.5901	val_loss: 5.7268 val_accuracy: 0.1786	test_loss: 5.3747 test_accuracy: 0.1548	F1: 0.0913 Prec: 0.1240 Rec: 0.1548
train: {'epoch': 37, 'time_epoch': 1.79512, 'eta': 400.28887, 'eta_hours': 0.11119, 'loss': 0.9212768, 'lr': 0.00094692, 'params': 276757, 'time_iter': 0.01026, 'accuracy': 0.69211, 'f1': 0.69149, 'auc': 0.97726}
val: {'epoch': 37, 'time_epoch': 0.06501, 'loss': 3.2253532, 'lr': 0, 'params': 276757, 'time_iter': 0.00464, 'accuracy': 0.22381, 'f1': 0.1807, 'auc': 0.83352}
test: {'epoch': 37, 'time_epoch': 0.06498, 'loss': 2.69430703, 'lr': 0, 'params': 276757, 'time_iter': 0.00464, 'accuracy': 0.30952, 'f1': 0.26149, 'auc': 0.88146}
[*] Confusion Matrix saved to: results_lopo_none/MS_3m\Conf\confusion_matrix_epoch_37.png
> Epoch 37: took 2.0s (avg 2.1s) | Best so far: epoch 37	train_loss: 0.9213 train_accuracy: 0.6921	val_loss: 3.2254 val_accuracy: 0.2238	test_loss: 2.6943 test_accuracy: 0.3095	F1: 0.2615 Prec: 0.4678 Rec: 0.3095
train: {'epoch': 38, 'time_epoch': 1.7911, 'eta': 397.87565, 'eta_hours': 0.11052, 'loss': 0.86445079, 'lr': 0.00094407, 'params': 276757, 'time_iter': 0.01023, 'accuracy': 0.71774, 'f1': 0.71746, 'auc': 0.97994}
val: {'epoch': 38, 'time_epoch': 0.06707, 'loss': 7.04847245, 'lr': 0, 'params': 276757, 'time_iter': 0.00479, 'accuracy': 0.15952, 'f1': 0.10383, 'auc': 0.73045}
test: {'epoch': 38, 'time_epoch': 0.0708, 'loss': 5.66802746, 'lr': 0, 'params': 276757, 'time_iter': 0.00506, 'accuracy': 0.13333, 'f1': 0.07495, 'auc': 0.77141}
> Epoch 38: took 2.0s (avg 2.1s) | Best so far: epoch 37	train_loss: 0.9213 train_accuracy: 0.6921	val_loss: 3.2254 val_accuracy: 0.2238	test_loss: 2.6943 test_accuracy: 0.3095	F1: 0.2615 Prec: 0.4678 Rec: 0.3095
train: {'epoch': 39, 'time_epoch': 1.99783, 'eta': 396.57886, 'eta_hours': 0.11016, 'loss': 0.87886393, 'lr': 0.00094115, 'params': 276757, 'time_iter': 0.01142, 'accuracy': 0.70717, 'f1': 0.70664, 'auc': 0.9789}
val: {'epoch': 39, 'time_epoch': 0.05941, 'loss': 5.1677366, 'lr': 0, 'params': 276757, 'time_iter': 0.00424, 'accuracy': 0.17619, 'f1': 0.12815, 'auc': 0.80405}
test: {'epoch': 39, 'time_epoch': 0.0659, 'loss': 5.35545983, 'lr': 0, 'params': 276757, 'time_iter': 0.00471, 'accuracy': 0.17381, 'f1': 0.0984, 'auc': 0.78477}
> Epoch 39: took 2.2s (avg 2.1s) | Best so far: epoch 37	train_loss: 0.9213 train_accuracy: 0.6921	val_loss: 3.2254 val_accuracy: 0.2238	test_loss: 2.6943 test_accuracy: 0.3095	F1: 0.2615 Prec: 0.4678 Rec: 0.3095
train: {'epoch': 40, 'time_epoch': 2.22086, 'eta': 396.38479, 'eta_hours': 0.11011, 'loss': 0.87200331, 'lr': 0.00093815, 'params': 276757, 'time_iter': 0.01269, 'accuracy': 0.70556, 'f1': 0.70517, 'auc': 0.97926}
val: {'epoch': 40, 'time_epoch': 0.1087, 'loss': 12.8132218, 'lr': 0, 'params': 276757, 'time_iter': 0.00776, 'accuracy': 0.05, 'f1': 0.00886, 'auc': 0.70324}
test: {'epoch': 40, 'time_epoch': 0.07225, 'loss': 11.63504401, 'lr': 0, 'params': 276757, 'time_iter': 0.00516, 'accuracy': 0.08095, 'f1': 0.02168, 'auc': 0.71085}
> Epoch 40: took 2.5s (avg 2.1s) | Best so far: epoch 37	train_loss: 0.9213 train_accuracy: 0.6921	val_loss: 3.2254 val_accuracy: 0.2238	test_loss: 2.6943 test_accuracy: 0.3095	F1: 0.2615 Prec: 0.4678 Rec: 0.3095
train: {'epoch': 41, 'time_epoch': 2.29762, 'eta': 396.47432, 'eta_hours': 0.11013, 'loss': 0.83346639, 'lr': 0.00093509, 'params': 276757, 'time_iter': 0.01313, 'accuracy': 0.72061, 'f1': 0.71946, 'auc': 0.9811}
val: {'epoch': 41, 'time_epoch': 0.0773, 'loss': 12.08949727, 'lr': 0, 'params': 276757, 'time_iter': 0.00552, 'accuracy': 0.06429, 'f1': 0.01328, 'auc': 0.69138}
test: {'epoch': 41, 'time_epoch': 0.09467, 'loss': 10.995765, 'lr': 0, 'params': 276757, 'time_iter': 0.00676, 'accuracy': 0.08571, 'f1': 0.02172, 'auc': 0.70414}
> Epoch 41: took 2.6s (avg 2.1s) | Best so far: epoch 37	train_loss: 0.9213 train_accuracy: 0.6921	val_loss: 3.2254 val_accuracy: 0.2238	test_loss: 2.6943 test_accuracy: 0.3095	F1: 0.2615 Prec: 0.4678 Rec: 0.3095
train: {'epoch': 42, 'time_epoch': 1.90387, 'eta': 394.55735, 'eta_hours': 0.1096, 'loss': 0.86348298, 'lr': 0.00093196, 'params': 276757, 'time_iter': 0.01088, 'accuracy': 0.71039, 'f1': 0.71024, 'auc': 0.97997}
val: {'epoch': 42, 'time_epoch': 0.10303, 'loss': 6.59107972, 'lr': 0, 'params': 276757, 'time_iter': 0.00736, 'accuracy': 0.1381, 'f1': 0.12225, 'auc': 0.78397}
test: {'epoch': 42, 'time_epoch': 0.0925, 'loss': 5.64050768, 'lr': 0, 'params': 276757, 'time_iter': 0.00661, 'accuracy': 0.18333, 'f1': 0.16275, 'auc': 0.79322}
> Epoch 42: took 2.2s (avg 2.1s) | Best so far: epoch 37	train_loss: 0.9213 train_accuracy: 0.6921	val_loss: 3.2254 val_accuracy: 0.2238	test_loss: 2.6943 test_accuracy: 0.3095	F1: 0.2615 Prec: 0.4678 Rec: 0.3095
train: {'epoch': 43, 'time_epoch': 2.12465, 'eta': 393.67461, 'eta_hours': 0.10935, 'loss': 0.80678724, 'lr': 0.00092876, 'params': 276757, 'time_iter': 0.01214, 'accuracy': 0.73082, 'f1': 0.73021, 'auc': 0.98248}
val: {'epoch': 43, 'time_epoch': 0.07778, 'loss': 7.44130805, 'lr': 0, 'params': 276757, 'time_iter': 0.00556, 'accuracy': 0.1, 'f1': 0.06506, 'auc': 0.76629}
test: {'epoch': 43, 'time_epoch': 0.06941, 'loss': 6.95844049, 'lr': 0, 'params': 276757, 'time_iter': 0.00496, 'accuracy': 0.12857, 'f1': 0.0705, 'auc': 0.78935}
> Epoch 43: took 2.3s (avg 2.1s) | Best so far: epoch 37	train_loss: 0.9213 train_accuracy: 0.6921	val_loss: 3.2254 val_accuracy: 0.2238	test_loss: 2.6943 test_accuracy: 0.3095	F1: 0.2615 Prec: 0.4678 Rec: 0.3095
train: {'epoch': 44, 'time_epoch': 1.75755, 'eta': 391.06432, 'eta_hours': 0.10863, 'loss': 0.81110662, 'lr': 0.0009255, 'params': 276757, 'time_iter': 0.01004, 'accuracy': 0.72993, 'f1': 0.72941, 'auc': 0.98199}
val: {'epoch': 44, 'time_epoch': 0.08605, 'loss': 7.21392853, 'lr': 0, 'params': 276757, 'time_iter': 0.00615, 'accuracy': 0.09524, 'f1': 0.05413, 'auc': 0.72704}
test: {'epoch': 44, 'time_epoch': 0.07289, 'loss': 6.31244424, 'lr': 0, 'params': 276757, 'time_iter': 0.00521, 'accuracy': 0.12857, 'f1': 0.06328, 'auc': 0.77159}
> Epoch 44: took 2.0s (avg 2.1s) | Best so far: epoch 37	train_loss: 0.9213 train_accuracy: 0.6921	val_loss: 3.2254 val_accuracy: 0.2238	test_loss: 2.6943 test_accuracy: 0.3095	F1: 0.2615 Prec: 0.4678 Rec: 0.3095
train: {'epoch': 45, 'time_epoch': 1.80853, 'eta': 388.71721, 'eta_hours': 0.10798, 'loss': 0.7984469, 'lr': 0.00092216, 'params': 276757, 'time_iter': 0.01033, 'accuracy': 0.73262, 'f1': 0.73218, 'auc': 0.98263}
val: {'epoch': 45, 'time_epoch': 0.07118, 'loss': 8.57693609, 'lr': 0, 'params': 276757, 'time_iter': 0.00508, 'accuracy': 0.12619, 'f1': 0.08979, 'auc': 0.67442}
test: {'epoch': 45, 'time_epoch': 0.05963, 'loss': 7.40393316, 'lr': 0, 'params': 276757, 'time_iter': 0.00426, 'accuracy': 0.06905, 'f1': 0.0292, 'auc': 0.74748}
> Epoch 45: took 2.0s (avg 2.1s) | Best so far: epoch 37	train_loss: 0.9213 train_accuracy: 0.6921	val_loss: 3.2254 val_accuracy: 0.2238	test_loss: 2.6943 test_accuracy: 0.3095	F1: 0.2615 Prec: 0.4678 Rec: 0.3095
train: {'epoch': 46, 'time_epoch': 1.7412, 'eta': 386.10218, 'eta_hours': 0.10725, 'loss': 0.82226067, 'lr': 0.00091876, 'params': 276757, 'time_iter': 0.00995, 'accuracy': 0.72652, 'f1': 0.72583, 'auc': 0.98149}
val: {'epoch': 46, 'time_epoch': 0.10587, 'loss': 10.04853132, 'lr': 0, 'params': 276757, 'time_iter': 0.00756, 'accuracy': 0.08333, 'f1': 0.03967, 'auc': 0.73143}
test: {'epoch': 46, 'time_epoch': 0.06686, 'loss': 9.21751042, 'lr': 0, 'params': 276757, 'time_iter': 0.00478, 'accuracy': 0.0881, 'f1': 0.02995, 'auc': 0.77268}
> Epoch 46: took 2.0s (avg 2.1s) | Best so far: epoch 37	train_loss: 0.9213 train_accuracy: 0.6921	val_loss: 3.2254 val_accuracy: 0.2238	test_loss: 2.6943 test_accuracy: 0.3095	F1: 0.2615 Prec: 0.4678 Rec: 0.3095
train: {'epoch': 47, 'time_epoch': 1.7521, 'eta': 383.56947, 'eta_hours': 0.10655, 'loss': 0.7859411, 'lr': 0.0009153, 'params': 276757, 'time_iter': 0.01001, 'accuracy': 0.73781, 'f1': 0.73711, 'auc': 0.98322}
val: {'epoch': 47, 'time_epoch': 0.07485, 'loss': 5.03853565, 'lr': 0, 'params': 276757, 'time_iter': 0.00535, 'accuracy': 0.1881, 'f1': 0.11443, 'auc': 0.82643}
test: {'epoch': 47, 'time_epoch': 0.07199, 'loss': 4.69151668, 'lr': 0, 'params': 276757, 'time_iter': 0.00514, 'accuracy': 0.15952, 'f1': 0.11557, 'auc': 0.82717}
> Epoch 47: took 2.0s (avg 2.1s) | Best so far: epoch 37	train_loss: 0.9213 train_accuracy: 0.6921	val_loss: 3.2254 val_accuracy: 0.2238	test_loss: 2.6943 test_accuracy: 0.3095	F1: 0.2615 Prec: 0.4678 Rec: 0.3095
train: {'epoch': 48, 'time_epoch': 1.87108, 'eta': 381.55665, 'eta_hours': 0.10599, 'loss': 0.80444169, 'lr': 0.00091177, 'params': 276757, 'time_iter': 0.01069, 'accuracy': 0.72509, 'f1': 0.72483, 'auc': 0.98259}
val: {'epoch': 48, 'time_epoch': 0.05887, 'loss': 4.96599129, 'lr': 0, 'params': 276757, 'time_iter': 0.0042, 'accuracy': 0.16667, 'f1': 0.10603, 'auc': 0.84792}
test: {'epoch': 48, 'time_epoch': 0.06278, 'loss': 4.28108401, 'lr': 0, 'params': 276757, 'time_iter': 0.00448, 'accuracy': 0.25238, 'f1': 0.16925, 'auc': 0.86446}
> Epoch 48: took 2.1s (avg 2.1s) | Best so far: epoch 37	train_loss: 0.9213 train_accuracy: 0.6921	val_loss: 3.2254 val_accuracy: 0.2238	test_loss: 2.6943 test_accuracy: 0.3095	F1: 0.2615 Prec: 0.4678 Rec: 0.3095
train: {'epoch': 49, 'time_epoch': 1.69033, 'eta': 378.82652, 'eta_hours': 0.10523, 'loss': 0.76575537, 'lr': 0.00090817, 'params': 276757, 'time_iter': 0.00966, 'accuracy': 0.74516, 'f1': 0.74475, 'auc': 0.98426}
val: {'epoch': 49, 'time_epoch': 0.08122, 'loss': 11.54753081, 'lr': 0, 'params': 276757, 'time_iter': 0.0058, 'accuracy': 0.06905, 'f1': 0.02358, 'auc': 0.70271}
test: {'epoch': 49, 'time_epoch': 0.06573, 'loss': 10.88586716, 'lr': 0, 'params': 276757, 'time_iter': 0.0047, 'accuracy': 0.08333, 'f1': 0.03997, 'auc': 0.7016}
> Epoch 49: took 1.9s (avg 2.1s) | Best so far: epoch 37	train_loss: 0.9213 train_accuracy: 0.6921	val_loss: 3.2254 val_accuracy: 0.2238	test_loss: 2.6943 test_accuracy: 0.3095	F1: 0.2615 Prec: 0.4678 Rec: 0.3095
train: {'epoch': 50, 'time_epoch': 1.7063, 'eta': 376.19946, 'eta_hours': 0.1045, 'loss': 0.74003711, 'lr': 0.00090451, 'params': 276757, 'time_iter': 0.00975, 'accuracy': 0.75161, 'f1': 0.75141, 'auc': 0.98544}
val: {'epoch': 50, 'time_epoch': 0.06951, 'loss': 13.55691154, 'lr': 0, 'params': 276757, 'time_iter': 0.00496, 'accuracy': 0.09048, 'f1': 0.02061, 'auc': 0.71696}
test: {'epoch': 50, 'time_epoch': 0.08237, 'loss': 12.38803546, 'lr': 0, 'params': 276757, 'time_iter': 0.00588, 'accuracy': 0.08333, 'f1': 0.03007, 'auc': 0.70181}
> Epoch 50: took 2.0s (avg 2.1s) | Best so far: epoch 37	train_loss: 0.9213 train_accuracy: 0.6921	val_loss: 3.2254 val_accuracy: 0.2238	test_loss: 2.6943 test_accuracy: 0.3095	F1: 0.2615 Prec: 0.4678 Rec: 0.3095
train: {'epoch': 51, 'time_epoch': 1.7804, 'eta': 373.88997, 'eta_hours': 0.10386, 'loss': 0.74654125, 'lr': 0.00090078, 'params': 276757, 'time_iter': 0.01017, 'accuracy': 0.75, 'f1': 0.74971, 'auc': 0.98471}
val: {'epoch': 51, 'time_epoch': 0.06795, 'loss': 10.37220224, 'lr': 0, 'params': 276757, 'time_iter': 0.00485, 'accuracy': 0.09762, 'f1': 0.038, 'auc': 0.73166}
test: {'epoch': 51, 'time_epoch': 0.0783, 'loss': 9.08308983, 'lr': 0, 'params': 276757, 'time_iter': 0.00559, 'accuracy': 0.12143, 'f1': 0.04458, 'auc': 0.76003}
> Epoch 51: took 2.0s (avg 2.1s) | Best so far: epoch 37	train_loss: 0.9213 train_accuracy: 0.6921	val_loss: 3.2254 val_accuracy: 0.2238	test_loss: 2.6943 test_accuracy: 0.3095	F1: 0.2615 Prec: 0.4678 Rec: 0.3095
train: {'epoch': 52, 'time_epoch': 1.84152, 'eta': 371.82763, 'eta_hours': 0.10329, 'loss': 0.77744257, 'lr': 0.000897, 'params': 276757, 'time_iter': 0.01052, 'accuracy': 0.74803, 'f1': 0.74742, 'auc': 0.98354}
val: {'epoch': 52, 'time_epoch': 0.07044, 'loss': 8.62409436, 'lr': 0, 'params': 276757, 'time_iter': 0.00503, 'accuracy': 0.1119, 'f1': 0.07937, 'auc': 0.71763}
test: {'epoch': 52, 'time_epoch': 0.08652, 'loss': 8.29695169, 'lr': 0, 'params': 276757, 'time_iter': 0.00618, 'accuracy': 0.07143, 'f1': 0.02679, 'auc': 0.73004}
> Epoch 52: took 2.1s (avg 2.1s) | Best so far: epoch 37	train_loss: 0.9213 train_accuracy: 0.6921	val_loss: 3.2254 val_accuracy: 0.2238	test_loss: 2.6943 test_accuracy: 0.3095	F1: 0.2615 Prec: 0.4678 Rec: 0.3095
train: {'epoch': 53, 'time_epoch': 1.90566, 'eta': 370.00627, 'eta_hours': 0.10278, 'loss': 0.76020627, 'lr': 0.00089314, 'params': 276757, 'time_iter': 0.01089, 'accuracy': 0.75018, 'f1': 0.74979, 'auc': 0.98423}
val: {'epoch': 53, 'time_epoch': 0.08074, 'loss': 6.39435437, 'lr': 0, 'params': 276757, 'time_iter': 0.00577, 'accuracy': 0.1, 'f1': 0.08496, 'auc': 0.76474}
test: {'epoch': 53, 'time_epoch': 0.06811, 'loss': 5.40429975, 'lr': 0, 'params': 276757, 'time_iter': 0.00487, 'accuracy': 0.18333, 'f1': 0.1451, 'auc': 0.82242}
> Epoch 53: took 2.1s (avg 2.1s) | Best so far: epoch 37	train_loss: 0.9213 train_accuracy: 0.6921	val_loss: 3.2254 val_accuracy: 0.2238	test_loss: 2.6943 test_accuracy: 0.3095	F1: 0.2615 Prec: 0.4678 Rec: 0.3095
train: {'epoch': 54, 'time_epoch': 1.79747, 'eta': 367.79828, 'eta_hours': 0.10217, 'loss': 0.75179475, 'lr': 0.00088923, 'params': 276757, 'time_iter': 0.01027, 'accuracy': 0.75233, 'f1': 0.75172, 'auc': 0.98463}
val: {'epoch': 54, 'time_epoch': 0.08922, 'loss': 9.89614917, 'lr': 0, 'params': 276757, 'time_iter': 0.00637, 'accuracy': 0.05714, 'f1': 0.01994, 'auc': 0.72365}
test: {'epoch': 54, 'time_epoch': 0.08104, 'loss': 8.79937765, 'lr': 0, 'params': 276757, 'time_iter': 0.00579, 'accuracy': 0.07619, 'f1': 0.02514, 'auc': 0.71174}
> Epoch 54: took 2.1s (avg 2.1s) | Best so far: epoch 37	train_loss: 0.9213 train_accuracy: 0.6921	val_loss: 3.2254 val_accuracy: 0.2238	test_loss: 2.6943 test_accuracy: 0.3095	F1: 0.2615 Prec: 0.4678 Rec: 0.3095
train: {'epoch': 55, 'time_epoch': 1.76492, 'eta': 365.49219, 'eta_hours': 0.10153, 'loss': 0.73137084, 'lr': 0.00088526, 'params': 276757, 'time_iter': 0.01009, 'accuracy': 0.75717, 'f1': 0.75709, 'auc': 0.98546}
val: {'epoch': 55, 'time_epoch': 0.07179, 'loss': 10.90478875, 'lr': 0, 'params': 276757, 'time_iter': 0.00513, 'accuracy': 0.1, 'f1': 0.03398, 'auc': 0.75674}
test: {'epoch': 55, 'time_epoch': 0.0674, 'loss': 9.94820048, 'lr': 0, 'params': 276757, 'time_iter': 0.00481, 'accuracy': 0.11905, 'f1': 0.05211, 'auc': 0.71715}
> Epoch 55: took 2.0s (avg 2.1s) | Best so far: epoch 37	train_loss: 0.9213 train_accuracy: 0.6921	val_loss: 3.2254 val_accuracy: 0.2238	test_loss: 2.6943 test_accuracy: 0.3095	F1: 0.2615 Prec: 0.4678 Rec: 0.3095
train: {'epoch': 56, 'time_epoch': 1.75737, 'eta': 363.17952, 'eta_hours': 0.10088, 'loss': 0.73077298, 'lr': 0.00088122, 'params': 276757, 'time_iter': 0.01004, 'accuracy': 0.75358, 'f1': 0.75315, 'auc': 0.9857}
val: {'epoch': 56, 'time_epoch': 0.07053, 'loss': 9.1213928, 'lr': 0, 'params': 276757, 'time_iter': 0.00504, 'accuracy': 0.09762, 'f1': 0.04434, 'auc': 0.74448}
test: {'epoch': 56, 'time_epoch': 0.06392, 'loss': 8.20551792, 'lr': 0, 'params': 276757, 'time_iter': 0.00457, 'accuracy': 0.14286, 'f1': 0.06165, 'auc': 0.76721}
> Epoch 56: took 2.0s (avg 2.1s) | Best so far: epoch 37	train_loss: 0.9213 train_accuracy: 0.6921	val_loss: 3.2254 val_accuracy: 0.2238	test_loss: 2.6943 test_accuracy: 0.3095	F1: 0.2615 Prec: 0.4678 Rec: 0.3095
train: {'epoch': 57, 'time_epoch': 1.6672, 'eta': 360.58749, 'eta_hours': 0.10016, 'loss': 0.72358238, 'lr': 0.00087713, 'params': 276757, 'time_iter': 0.00953, 'accuracy': 0.75197, 'f1': 0.75147, 'auc': 0.9859}
val: {'epoch': 57, 'time_epoch': 0.08342, 'loss': 10.51643581, 'lr': 0, 'params': 276757, 'time_iter': 0.00596, 'accuracy': 0.08095, 'f1': 0.05118, 'auc': 0.74351}
test: {'epoch': 57, 'time_epoch': 0.08231, 'loss': 9.87092022, 'lr': 0, 'params': 276757, 'time_iter': 0.00588, 'accuracy': 0.08333, 'f1': 0.03941, 'auc': 0.71457}
> Epoch 57: took 1.9s (avg 2.1s) | Best so far: epoch 37	train_loss: 0.9213 train_accuracy: 0.6921	val_loss: 3.2254 val_accuracy: 0.2238	test_loss: 2.6943 test_accuracy: 0.3095	F1: 0.2615 Prec: 0.4678 Rec: 0.3095
train: {'epoch': 58, 'time_epoch': 2.3335, 'eta': 360.18382, 'eta_hours': 0.10005, 'loss': 0.69935225, 'lr': 0.00087297, 'params': 276757, 'time_iter': 0.01333, 'accuracy': 0.76756, 'f1': 0.76748, 'auc': 0.98647}
val: {'epoch': 58, 'time_epoch': 0.0644, 'loss': 13.00119105, 'lr': 0, 'params': 276757, 'time_iter': 0.0046, 'accuracy': 0.09048, 'f1': 0.02657, 'auc': 0.74315}
test: {'epoch': 58, 'time_epoch': 0.09041, 'loss': 12.10047248, 'lr': 0, 'params': 276757, 'time_iter': 0.00646, 'accuracy': 0.11905, 'f1': 0.04879, 'auc': 0.72293}
> Epoch 58: took 2.6s (avg 2.1s) | Best so far: epoch 37	train_loss: 0.9213 train_accuracy: 0.6921	val_loss: 3.2254 val_accuracy: 0.2238	test_loss: 2.6943 test_accuracy: 0.3095	F1: 0.2615 Prec: 0.4678 Rec: 0.3095
train: {'epoch': 59, 'time_epoch': 1.8686, 'eta': 358.24363, 'eta_hours': 0.09951, 'loss': 0.71540451, 'lr': 0.00086876, 'params': 276757, 'time_iter': 0.01068, 'accuracy': 0.76685, 'f1': 0.76655, 'auc': 0.98599}
val: {'epoch': 59, 'time_epoch': 0.09192, 'loss': 8.53600075, 'lr': 0, 'params': 276757, 'time_iter': 0.00657, 'accuracy': 0.14524, 'f1': 0.1058, 'auc': 0.74702}
test: {'epoch': 59, 'time_epoch': 0.10368, 'loss': 7.53367346, 'lr': 0, 'params': 276757, 'time_iter': 0.00741, 'accuracy': 0.10714, 'f1': 0.05756, 'auc': 0.74876}
> Epoch 59: took 2.2s (avg 2.1s) | Best so far: epoch 37	train_loss: 0.9213 train_accuracy: 0.6921	val_loss: 3.2254 val_accuracy: 0.2238	test_loss: 2.6943 test_accuracy: 0.3095	F1: 0.2615 Prec: 0.4678 Rec: 0.3095
train: {'epoch': 60, 'time_epoch': 2.23539, 'eta': 357.44224, 'eta_hours': 0.09929, 'loss': 0.70031343, 'lr': 0.00086448, 'params': 276757, 'time_iter': 0.01277, 'accuracy': 0.769, 'f1': 0.76871, 'auc': 0.98665}
val: {'epoch': 60, 'time_epoch': 0.0846, 'loss': 11.47247387, 'lr': 0, 'params': 276757, 'time_iter': 0.00604, 'accuracy': 0.08571, 'f1': 0.0367, 'auc': 0.72002}
test: {'epoch': 60, 'time_epoch': 0.08185, 'loss': 10.37790548, 'lr': 0, 'params': 276757, 'time_iter': 0.00585, 'accuracy': 0.07381, 'f1': 0.02461, 'auc': 0.72056}
> Epoch 60: took 2.5s (avg 2.1s) | Best so far: epoch 37	train_loss: 0.9213 train_accuracy: 0.6921	val_loss: 3.2254 val_accuracy: 0.2238	test_loss: 2.6943 test_accuracy: 0.3095	F1: 0.2615 Prec: 0.4678 Rec: 0.3095
train: {'epoch': 61, 'time_epoch': 2.42306, 'eta': 357.16365, 'eta_hours': 0.09921, 'loss': 0.66922582, 'lr': 0.00086015, 'params': 276757, 'time_iter': 0.01385, 'accuracy': 0.77742, 'f1': 0.77707, 'auc': 0.98792}
val: {'epoch': 61, 'time_epoch': 0.087, 'loss': 8.93904736, 'lr': 0, 'params': 276757, 'time_iter': 0.00621, 'accuracy': 0.07381, 'f1': 0.02908, 'auc': 0.76102}
test: {'epoch': 61, 'time_epoch': 0.06988, 'loss': 7.76144292, 'lr': 0, 'params': 276757, 'time_iter': 0.00499, 'accuracy': 0.13333, 'f1': 0.05989, 'auc': 0.77042}
> Epoch 61: took 2.6s (avg 2.1s) | Best so far: epoch 37	train_loss: 0.9213 train_accuracy: 0.6921	val_loss: 3.2254 val_accuracy: 0.2238	test_loss: 2.6943 test_accuracy: 0.3095	F1: 0.2615 Prec: 0.4678 Rec: 0.3095
train: {'epoch': 62, 'time_epoch': 2.0016, 'eta': 355.56599, 'eta_hours': 0.09877, 'loss': 0.67372359, 'lr': 0.00085577, 'params': 276757, 'time_iter': 0.01144, 'accuracy': 0.77025, 'f1': 0.76989, 'auc': 0.98767}
val: {'epoch': 62, 'time_epoch': 0.09088, 'loss': 14.93189094, 'lr': 0, 'params': 276757, 'time_iter': 0.00649, 'accuracy': 0.05, 'f1': 0.00664, 'auc': 0.71658}
test: {'epoch': 62, 'time_epoch': 0.0833, 'loss': 13.76712069, 'lr': 0, 'params': 276757, 'time_iter': 0.00595, 'accuracy': 0.05952, 'f1': 0.0097, 'auc': 0.68705}
> Epoch 62: took 2.2s (avg 2.1s) | Best so far: epoch 37	train_loss: 0.9213 train_accuracy: 0.6921	val_loss: 3.2254 val_accuracy: 0.2238	test_loss: 2.6943 test_accuracy: 0.3095	F1: 0.2615 Prec: 0.4678 Rec: 0.3095
train: {'epoch': 63, 'time_epoch': 1.89356, 'eta': 353.64172, 'eta_hours': 0.09823, 'loss': 0.66064942, 'lr': 0.00085132, 'params': 276757, 'time_iter': 0.01082, 'accuracy': 0.77599, 'f1': 0.77568, 'auc': 0.9881}
val: {'epoch': 63, 'time_epoch': 0.11491, 'loss': 4.8291515, 'lr': 0, 'params': 276757, 'time_iter': 0.00821, 'accuracy': 0.2119, 'f1': 0.15633, 'auc': 0.817}
test: {'epoch': 63, 'time_epoch': 0.0968, 'loss': 4.70283982, 'lr': 0, 'params': 276757, 'time_iter': 0.00691, 'accuracy': 0.21667, 'f1': 0.14909, 'auc': 0.83219}
> Epoch 63: took 2.2s (avg 2.1s) | Best so far: epoch 37	train_loss: 0.9213 train_accuracy: 0.6921	val_loss: 3.2254 val_accuracy: 0.2238	test_loss: 2.6943 test_accuracy: 0.3095	F1: 0.2615 Prec: 0.4678 Rec: 0.3095
train: {'epoch': 64, 'time_epoch': 1.75494, 'eta': 351.32385, 'eta_hours': 0.09759, 'loss': 0.68377993, 'lr': 0.00084683, 'params': 276757, 'time_iter': 0.01003, 'accuracy': 0.769, 'f1': 0.76875, 'auc': 0.98735}
val: {'epoch': 64, 'time_epoch': 0.07468, 'loss': 8.78115104, 'lr': 0, 'params': 276757, 'time_iter': 0.00533, 'accuracy': 0.15476, 'f1': 0.10458, 'auc': 0.76109}
test: {'epoch': 64, 'time_epoch': 0.08225, 'loss': 8.2566847, 'lr': 0, 'params': 276757, 'time_iter': 0.00587, 'accuracy': 0.1119, 'f1': 0.04197, 'auc': 0.7753}
> Epoch 64: took 2.0s (avg 2.1s) | Best so far: epoch 37	train_loss: 0.9213 train_accuracy: 0.6921	val_loss: 3.2254 val_accuracy: 0.2238	test_loss: 2.6943 test_accuracy: 0.3095	F1: 0.2615 Prec: 0.4678 Rec: 0.3095
train: {'epoch': 65, 'time_epoch': 1.99776, 'eta': 349.70001, 'eta_hours': 0.09714, 'loss': 0.66490346, 'lr': 0.00084227, 'params': 276757, 'time_iter': 0.01142, 'accuracy': 0.78835, 'f1': 0.78825, 'auc': 0.98782}
val: {'epoch': 65, 'time_epoch': 0.09048, 'loss': 9.38051597, 'lr': 0, 'params': 276757, 'time_iter': 0.00646, 'accuracy': 0.08571, 'f1': 0.03925, 'auc': 0.73029}
test: {'epoch': 65, 'time_epoch': 0.08369, 'loss': 8.80097476, 'lr': 0, 'params': 276757, 'time_iter': 0.00598, 'accuracy': 0.12619, 'f1': 0.06205, 'auc': 0.75654}
> Epoch 65: took 2.3s (avg 2.1s) | Best so far: epoch 37	train_loss: 0.9213 train_accuracy: 0.6921	val_loss: 3.2254 val_accuracy: 0.2238	test_loss: 2.6943 test_accuracy: 0.3095	F1: 0.2615 Prec: 0.4678 Rec: 0.3095
train: {'epoch': 66, 'time_epoch': 1.91761, 'eta': 347.84609, 'eta_hours': 0.09662, 'loss': 0.65923639, 'lr': 0.00083767, 'params': 276757, 'time_iter': 0.01096, 'accuracy': 0.78029, 'f1': 0.78015, 'auc': 0.9883}
val: {'epoch': 66, 'time_epoch': 0.07964, 'loss': 4.83806937, 'lr': 0, 'params': 276757, 'time_iter': 0.00569, 'accuracy': 0.17143, 'f1': 0.12254, 'auc': 0.81811}
test: {'epoch': 66, 'time_epoch': 0.06148, 'loss': 4.73094924, 'lr': 0, 'params': 276757, 'time_iter': 0.00439, 'accuracy': 0.13095, 'f1': 0.10593, 'auc': 0.82864}
> Epoch 66: took 2.1s (avg 2.1s) | Best so far: epoch 37	train_loss: 0.9213 train_accuracy: 0.6921	val_loss: 3.2254 val_accuracy: 0.2238	test_loss: 2.6943 test_accuracy: 0.3095	F1: 0.2615 Prec: 0.4678 Rec: 0.3095
train: {'epoch': 67, 'time_epoch': 1.88494, 'eta': 345.90285, 'eta_hours': 0.09608, 'loss': 0.63377453, 'lr': 0.00083301, 'params': 276757, 'time_iter': 0.01077, 'accuracy': 0.78871, 'f1': 0.78838, 'auc': 0.98907}
val: {'epoch': 67, 'time_epoch': 0.0815, 'loss': 5.15757749, 'lr': 0, 'params': 276757, 'time_iter': 0.00582, 'accuracy': 0.17619, 'f1': 0.10102, 'auc': 0.81864}
test: {'epoch': 67, 'time_epoch': 0.12329, 'loss': 4.31639454, 'lr': 0, 'params': 276757, 'time_iter': 0.00881, 'accuracy': 0.23571, 'f1': 0.14185, 'auc': 0.85421}
> Epoch 67: took 2.2s (avg 2.1s) | Best so far: epoch 37	train_loss: 0.9213 train_accuracy: 0.6921	val_loss: 3.2254 val_accuracy: 0.2238	test_loss: 2.6943 test_accuracy: 0.3095	F1: 0.2615 Prec: 0.4678 Rec: 0.3095
train: {'epoch': 68, 'time_epoch': 1.93207, 'eta': 344.08492, 'eta_hours': 0.09558, 'loss': 0.63590044, 'lr': 0.00082829, 'params': 276757, 'time_iter': 0.01104, 'accuracy': 0.78602, 'f1': 0.78577, 'auc': 0.98906}
val: {'epoch': 68, 'time_epoch': 0.07761, 'loss': 5.15971474, 'lr': 0, 'params': 276757, 'time_iter': 0.00554, 'accuracy': 0.25, 'f1': 0.16893, 'auc': 0.8344}
test: {'epoch': 68, 'time_epoch': 0.09194, 'loss': 4.32613862, 'lr': 0, 'params': 276757, 'time_iter': 0.00657, 'accuracy': 0.25, 'f1': 0.15429, 'auc': 0.87893}
[*] Confusion Matrix saved to: results_lopo_none/MS_3m\Conf\confusion_matrix_epoch_68.png
> Epoch 68: took 2.2s (avg 2.1s) | Best so far: epoch 68	train_loss: 0.6359 train_accuracy: 0.7860	val_loss: 5.1597 val_accuracy: 0.2500	test_loss: 4.3261 test_accuracy: 0.2500	F1: 0.1543 Prec: 0.1407 Rec: 0.2500
train: {'epoch': 69, 'time_epoch': 1.8813, 'eta': 342.13319, 'eta_hours': 0.09504, 'loss': 0.65156972, 'lr': 0.00082353, 'params': 276757, 'time_iter': 0.01075, 'accuracy': 0.78297, 'f1': 0.78294, 'auc': 0.9884}
val: {'epoch': 69, 'time_epoch': 0.06541, 'loss': 10.82012384, 'lr': 0, 'params': 276757, 'time_iter': 0.00467, 'accuracy': 0.06429, 'f1': 0.03271, 'auc': 0.68201}
test: {'epoch': 69, 'time_epoch': 0.07315, 'loss': 9.96412735, 'lr': 0, 'params': 276757, 'time_iter': 0.00523, 'accuracy': 0.09048, 'f1': 0.04071, 'auc': 0.71232}
> Epoch 69: took 2.1s (avg 2.1s) | Best so far: epoch 68	train_loss: 0.6359 train_accuracy: 0.7860	val_loss: 5.1597 val_accuracy: 0.2500	test_loss: 4.3261 test_accuracy: 0.2500	F1: 0.1543 Prec: 0.1407 Rec: 0.2500
train: {'epoch': 70, 'time_epoch': 1.87826, 'eta': 340.17578, 'eta_hours': 0.09449, 'loss': 0.61220785, 'lr': 0.00081871, 'params': 276757, 'time_iter': 0.01073, 'accuracy': 0.79498, 'f1': 0.79474, 'auc': 0.98988}
val: {'epoch': 70, 'time_epoch': 0.07247, 'loss': 5.74198563, 'lr': 0, 'params': 276757, 'time_iter': 0.00518, 'accuracy': 0.20238, 'f1': 0.17551, 'auc': 0.78586}
test: {'epoch': 70, 'time_epoch': 0.08204, 'loss': 4.40445796, 'lr': 0, 'params': 276757, 'time_iter': 0.00586, 'accuracy': 0.2, 'f1': 0.1529, 'auc': 0.83007}
> Epoch 70: took 2.1s (avg 2.1s) | Best so far: epoch 68	train_loss: 0.6359 train_accuracy: 0.7860	val_loss: 5.1597 val_accuracy: 0.2500	test_loss: 4.3261 test_accuracy: 0.2500	F1: 0.1543 Prec: 0.1407 Rec: 0.2500
train: {'epoch': 71, 'time_epoch': 1.7605, 'eta': 337.92943, 'eta_hours': 0.09387, 'loss': 0.60784673, 'lr': 0.00081385, 'params': 276757, 'time_iter': 0.01006, 'accuracy': 0.80108, 'f1': 0.80086, 'auc': 0.98981}
val: {'epoch': 71, 'time_epoch': 0.07331, 'loss': 7.08296742, 'lr': 0, 'params': 276757, 'time_iter': 0.00524, 'accuracy': 0.12619, 'f1': 0.08173, 'auc': 0.80456}
test: {'epoch': 71, 'time_epoch': 0.06392, 'loss': 6.5126886, 'lr': 0, 'params': 276757, 'time_iter': 0.00457, 'accuracy': 0.15238, 'f1': 0.07862, 'auc': 0.78454}
> Epoch 71: took 2.0s (avg 2.1s) | Best so far: epoch 68	train_loss: 0.6359 train_accuracy: 0.7860	val_loss: 5.1597 val_accuracy: 0.2500	test_loss: 4.3261 test_accuracy: 0.2500	F1: 0.1543 Prec: 0.1407 Rec: 0.2500
train: {'epoch': 72, 'time_epoch': 1.90984, 'eta': 336.05849, 'eta_hours': 0.09335, 'loss': 0.59914093, 'lr': 0.00080893, 'params': 276757, 'time_iter': 0.01091, 'accuracy': 0.8, 'f1': 0.79968, 'auc': 0.98999}
val: {'epoch': 72, 'time_epoch': 0.07415, 'loss': 6.67588444, 'lr': 0, 'params': 276757, 'time_iter': 0.0053, 'accuracy': 0.13095, 'f1': 0.09048, 'auc': 0.81807}
test: {'epoch': 72, 'time_epoch': 0.06557, 'loss': 5.84191671, 'lr': 0, 'params': 276757, 'time_iter': 0.00468, 'accuracy': 0.15238, 'f1': 0.10989, 'auc': 0.80992}
> Epoch 72: took 2.1s (avg 2.1s) | Best so far: epoch 68	train_loss: 0.6359 train_accuracy: 0.7860	val_loss: 5.1597 val_accuracy: 0.2500	test_loss: 4.3261 test_accuracy: 0.2500	F1: 0.1543 Prec: 0.1407 Rec: 0.2500
train: {'epoch': 73, 'time_epoch': 1.82526, 'eta': 333.98534, 'eta_hours': 0.09277, 'loss': 0.60542359, 'lr': 0.00080397, 'params': 276757, 'time_iter': 0.01043, 'accuracy': 0.80054, 'f1': 0.80044, 'auc': 0.98991}
val: {'epoch': 73, 'time_epoch': 0.06411, 'loss': 11.81692992, 'lr': 0, 'params': 276757, 'time_iter': 0.00458, 'accuracy': 0.05714, 'f1': 0.01568, 'auc': 0.71113}
test: {'epoch': 73, 'time_epoch': 0.06743, 'loss': 10.87892949, 'lr': 0, 'params': 276757, 'time_iter': 0.00482, 'accuracy': 0.09048, 'f1': 0.0305, 'auc': 0.7101}
> Epoch 73: took 2.0s (avg 2.1s) | Best so far: epoch 68	train_loss: 0.6359 train_accuracy: 0.7860	val_loss: 5.1597 val_accuracy: 0.2500	test_loss: 4.3261 test_accuracy: 0.2500	F1: 0.1543 Prec: 0.1407 Rec: 0.2500
train: {'epoch': 74, 'time_epoch': 2.00238, 'eta': 332.33209, 'eta_hours': 0.09231, 'loss': 0.61797696, 'lr': 0.00079895, 'params': 276757, 'time_iter': 0.01144, 'accuracy': 0.79355, 'f1': 0.79331, 'auc': 0.98972}
val: {'epoch': 74, 'time_epoch': 0.07731, 'loss': 6.31973146, 'lr': 0, 'params': 276757, 'time_iter': 0.00552, 'accuracy': 0.15714, 'f1': 0.08607, 'auc': 0.81355}
test: {'epoch': 74, 'time_epoch': 0.06555, 'loss': 5.76186551, 'lr': 0, 'params': 276757, 'time_iter': 0.00468, 'accuracy': 0.14048, 'f1': 0.08133, 'auc': 0.82081}
> Epoch 74: took 2.2s (avg 2.1s) | Best so far: epoch 68	train_loss: 0.6359 train_accuracy: 0.7860	val_loss: 5.1597 val_accuracy: 0.2500	test_loss: 4.3261 test_accuracy: 0.2500	F1: 0.1543 Prec: 0.1407 Rec: 0.2500
train: {'epoch': 75, 'time_epoch': 2.0134, 'eta': 330.69488, 'eta_hours': 0.09186, 'loss': 0.63409703, 'lr': 0.00079389, 'params': 276757, 'time_iter': 0.01151, 'accuracy': 0.78978, 'f1': 0.78941, 'auc': 0.98886}
val: {'epoch': 75, 'time_epoch': 0.06431, 'loss': 10.03089346, 'lr': 0, 'params': 276757, 'time_iter': 0.00459, 'accuracy': 0.10238, 'f1': 0.03498, 'auc': 0.75686}
test: {'epoch': 75, 'time_epoch': 0.06764, 'loss': 9.07653554, 'lr': 0, 'params': 276757, 'time_iter': 0.00483, 'accuracy': 0.11429, 'f1': 0.05828, 'auc': 0.74632}
> Epoch 75: took 2.2s (avg 2.1s) | Best so far: epoch 68	train_loss: 0.6359 train_accuracy: 0.7860	val_loss: 5.1597 val_accuracy: 0.2500	test_loss: 4.3261 test_accuracy: 0.2500	F1: 0.1543 Prec: 0.1407 Rec: 0.2500
train: {'epoch': 76, 'time_epoch': 1.82871, 'eta': 328.63293, 'eta_hours': 0.09129, 'loss': 0.61466227, 'lr': 0.00078879, 'params': 276757, 'time_iter': 0.01045, 'accuracy': 0.80179, 'f1': 0.80156, 'auc': 0.98962}
val: {'epoch': 76, 'time_epoch': 0.07254, 'loss': 8.43507135, 'lr': 0, 'params': 276757, 'time_iter': 0.00518, 'accuracy': 0.09286, 'f1': 0.06855, 'auc': 0.76427}
test: {'epoch': 76, 'time_epoch': 0.05945, 'loss': 7.87576723, 'lr': 0, 'params': 276757, 'time_iter': 0.00425, 'accuracy': 0.10714, 'f1': 0.05816, 'auc': 0.75755}
> Epoch 76: took 2.0s (avg 2.1s) | Best so far: epoch 68	train_loss: 0.6359 train_accuracy: 0.7860	val_loss: 5.1597 val_accuracy: 0.2500	test_loss: 4.3261 test_accuracy: 0.2500	F1: 0.1543 Prec: 0.1407 Rec: 0.2500
train: {'epoch': 77, 'time_epoch': 1.87946, 'eta': 326.68887, 'eta_hours': 0.09075, 'loss': 0.61237021, 'lr': 0.00078363, 'params': 276757, 'time_iter': 0.01074, 'accuracy': 0.79767, 'f1': 0.79748, 'auc': 0.98962}
val: {'epoch': 77, 'time_epoch': 0.07717, 'loss': 9.82466401, 'lr': 0, 'params': 276757, 'time_iter': 0.00551, 'accuracy': 0.10238, 'f1': 0.04835, 'auc': 0.75576}
test: {'epoch': 77, 'time_epoch': 0.07375, 'loss': 8.79860193, 'lr': 0, 'params': 276757, 'time_iter': 0.00527, 'accuracy': 0.08571, 'f1': 0.03021, 'auc': 0.74183}
> Epoch 77: took 2.1s (avg 2.1s) | Best so far: epoch 68	train_loss: 0.6359 train_accuracy: 0.7860	val_loss: 5.1597 val_accuracy: 0.2500	test_loss: 4.3261 test_accuracy: 0.2500	F1: 0.1543 Prec: 0.1407 Rec: 0.2500
train: {'epoch': 78, 'time_epoch': 2.01592, 'eta': 325.04183, 'eta_hours': 0.09029, 'loss': 0.59215542, 'lr': 0.00077844, 'params': 276757, 'time_iter': 0.01152, 'accuracy': 0.8043, 'f1': 0.80418, 'auc': 0.99053}
val: {'epoch': 78, 'time_epoch': 0.0681, 'loss': 8.9582424, 'lr': 0, 'params': 276757, 'time_iter': 0.00486, 'accuracy': 0.10476, 'f1': 0.05501, 'auc': 0.78242}
test: {'epoch': 78, 'time_epoch': 0.07014, 'loss': 8.51097549, 'lr': 0, 'params': 276757, 'time_iter': 0.00501, 'accuracy': 0.1119, 'f1': 0.03998, 'auc': 0.74201}
> Epoch 78: took 2.2s (avg 2.1s) | Best so far: epoch 68	train_loss: 0.6359 train_accuracy: 0.7860	val_loss: 5.1597 val_accuracy: 0.2500	test_loss: 4.3261 test_accuracy: 0.2500	F1: 0.1543 Prec: 0.1407 Rec: 0.2500
train: {'epoch': 79, 'time_epoch': 1.59952, 'eta': 322.50072, 'eta_hours': 0.08958, 'loss': 0.57165236, 'lr': 0.0007732, 'params': 276757, 'time_iter': 0.00914, 'accuracy': 0.81416, 'f1': 0.8136, 'auc': 0.99101}
val: {'epoch': 79, 'time_epoch': 0.06911, 'loss': 5.34299847, 'lr': 0, 'params': 276757, 'time_iter': 0.00494, 'accuracy': 0.15714, 'f1': 0.13415, 'auc': 0.7908}
test: {'epoch': 79, 'time_epoch': 0.06402, 'loss': 4.60954351, 'lr': 0, 'params': 276757, 'time_iter': 0.00457, 'accuracy': 0.17857, 'f1': 0.14561, 'auc': 0.82931}
> Epoch 79: took 1.8s (avg 2.1s) | Best so far: epoch 68	train_loss: 0.6359 train_accuracy: 0.7860	val_loss: 5.1597 val_accuracy: 0.2500	test_loss: 4.3261 test_accuracy: 0.2500	F1: 0.1543 Prec: 0.1407 Rec: 0.2500
train: {'epoch': 80, 'time_epoch': 1.73589, 'eta': 320.26738, 'eta_hours': 0.08896, 'loss': 0.57112161, 'lr': 0.00076791, 'params': 276757, 'time_iter': 0.00992, 'accuracy': 0.81326, 'f1': 0.81306, 'auc': 0.99112}
val: {'epoch': 80, 'time_epoch': 0.05995, 'loss': 8.40931822, 'lr': 0, 'params': 276757, 'time_iter': 0.00428, 'accuracy': 0.11667, 'f1': 0.07192, 'auc': 0.7691}
test: {'epoch': 80, 'time_epoch': 0.06675, 'loss': 7.70437237, 'lr': 0, 'params': 276757, 'time_iter': 0.00477, 'accuracy': 0.12857, 'f1': 0.06309, 'auc': 0.748}
> Epoch 80: took 2.0s (avg 2.1s) | Best so far: epoch 68	train_loss: 0.6359 train_accuracy: 0.7860	val_loss: 5.1597 val_accuracy: 0.2500	test_loss: 4.3261 test_accuracy: 0.2500	F1: 0.1543 Prec: 0.1407 Rec: 0.2500
train: {'epoch': 81, 'time_epoch': 1.58751, 'eta': 317.74218, 'eta_hours': 0.08826, 'loss': 0.59101231, 'lr': 0.00076259, 'params': 276757, 'time_iter': 0.00907, 'accuracy': 0.80663, 'f1': 0.80638, 'auc': 0.99029}
val: {'epoch': 81, 'time_epoch': 0.06763, 'loss': 11.33067384, 'lr': 0, 'params': 276757, 'time_iter': 0.00483, 'accuracy': 0.1, 'f1': 0.05292, 'auc': 0.74229}
test: {'epoch': 81, 'time_epoch': 0.05888, 'loss': 10.3951164, 'lr': 0, 'params': 276757, 'time_iter': 0.00421, 'accuracy': 0.13571, 'f1': 0.04668, 'auc': 0.7468}
> Epoch 81: took 1.8s (avg 2.1s) | Best so far: epoch 68	train_loss: 0.6359 train_accuracy: 0.7860	val_loss: 5.1597 val_accuracy: 0.2500	test_loss: 4.3261 test_accuracy: 0.2500	F1: 0.1543 Prec: 0.1407 Rec: 0.2500
train: {'epoch': 82, 'time_epoch': 1.62393, 'eta': 315.31284, 'eta_hours': 0.08759, 'loss': 0.57700957, 'lr': 0.00075722, 'params': 276757, 'time_iter': 0.00928, 'accuracy': 0.80663, 'f1': 0.80641, 'auc': 0.99091}
val: {'epoch': 82, 'time_epoch': 0.07864, 'loss': 8.8965961, 'lr': 0, 'params': 276757, 'time_iter': 0.00562, 'accuracy': 0.14286, 'f1': 0.09218, 'auc': 0.78812}
test: {'epoch': 82, 'time_epoch': 0.06604, 'loss': 7.62989125, 'lr': 0, 'params': 276757, 'time_iter': 0.00472, 'accuracy': 0.14286, 'f1': 0.06711, 'auc': 0.80508}
> Epoch 82: took 1.8s (avg 2.1s) | Best so far: epoch 68	train_loss: 0.6359 train_accuracy: 0.7860	val_loss: 5.1597 val_accuracy: 0.2500	test_loss: 4.3261 test_accuracy: 0.2500	F1: 0.1543 Prec: 0.1407 Rec: 0.2500
train: {'epoch': 83, 'time_epoch': 1.74939, 'eta': 313.15062, 'eta_hours': 0.08699, 'loss': 0.57888474, 'lr': 0.00075181, 'params': 276757, 'time_iter': 0.01, 'accuracy': 0.81398, 'f1': 0.81389, 'auc': 0.99079}
val: {'epoch': 83, 'time_epoch': 0.06613, 'loss': 6.39398325, 'lr': 0, 'params': 276757, 'time_iter': 0.00472, 'accuracy': 0.17381, 'f1': 0.1303, 'auc': 0.78663}
test: {'epoch': 83, 'time_epoch': 0.06573, 'loss': 5.26758655, 'lr': 0, 'params': 276757, 'time_iter': 0.00469, 'accuracy': 0.18095, 'f1': 0.13056, 'auc': 0.81839}
> Epoch 83: took 2.0s (avg 2.1s) | Best so far: epoch 68	train_loss: 0.6359 train_accuracy: 0.7860	val_loss: 5.1597 val_accuracy: 0.2500	test_loss: 4.3261 test_accuracy: 0.2500	F1: 0.1543 Prec: 0.1407 Rec: 0.2500
train: {'epoch': 84, 'time_epoch': 1.62312, 'eta': 310.753, 'eta_hours': 0.08632, 'loss': 0.56790083, 'lr': 0.00074636, 'params': 276757, 'time_iter': 0.00927, 'accuracy': 0.81201, 'f1': 0.8117, 'auc': 0.99122}
val: {'epoch': 84, 'time_epoch': 0.06902, 'loss': 9.3298884, 'lr': 0, 'params': 276757, 'time_iter': 0.00493, 'accuracy': 0.09524, 'f1': 0.04352, 'auc': 0.79302}
test: {'epoch': 84, 'time_epoch': 0.06504, 'loss': 8.59311131, 'lr': 0, 'params': 276757, 'time_iter': 0.00465, 'accuracy': 0.07619, 'f1': 0.02631, 'auc': 0.76011}
> Epoch 84: took 1.8s (avg 2.1s) | Best so far: epoch 68	train_loss: 0.6359 train_accuracy: 0.7860	val_loss: 5.1597 val_accuracy: 0.2500	test_loss: 4.3261 test_accuracy: 0.2500	F1: 0.1543 Prec: 0.1407 Rec: 0.2500
train: {'epoch': 85, 'time_epoch': 1.8127, 'eta': 308.73492, 'eta_hours': 0.08576, 'loss': 0.52935481, 'lr': 0.00074088, 'params': 276757, 'time_iter': 0.01036, 'accuracy': 0.82348, 'f1': 0.82324, 'auc': 0.99234}
val: {'epoch': 85, 'time_epoch': 0.06919, 'loss': 7.87013712, 'lr': 0, 'params': 276757, 'time_iter': 0.00494, 'accuracy': 0.11429, 'f1': 0.09638, 'auc': 0.79436}
test: {'epoch': 85, 'time_epoch': 0.07175, 'loss': 6.65708377, 'lr': 0, 'params': 276757, 'time_iter': 0.00513, 'accuracy': 0.13095, 'f1': 0.09289, 'auc': 0.81141}
> Epoch 85: took 2.1s (avg 2.1s) | Best so far: epoch 68	train_loss: 0.6359 train_accuracy: 0.7860	val_loss: 5.1597 val_accuracy: 0.2500	test_loss: 4.3261 test_accuracy: 0.2500	F1: 0.1543 Prec: 0.1407 Rec: 0.2500
train: {'epoch': 86, 'time_epoch': 1.72019, 'eta': 306.54824, 'eta_hours': 0.08515, 'loss': 0.54618824, 'lr': 0.00073535, 'params': 276757, 'time_iter': 0.00983, 'accuracy': 0.82007, 'f1': 0.8201, 'auc': 0.9918}
val: {'epoch': 86, 'time_epoch': 0.06859, 'loss': 5.39848794, 'lr': 0, 'params': 276757, 'time_iter': 0.0049, 'accuracy': 0.17619, 'f1': 0.15337, 'auc': 0.83614}
test: {'epoch': 86, 'time_epoch': 0.09895, 'loss': 4.80762201, 'lr': 0, 'params': 276757, 'time_iter': 0.00707, 'accuracy': 0.16667, 'f1': 0.11552, 'auc': 0.83343}
> Epoch 86: took 2.0s (avg 2.1s) | Best so far: epoch 68	train_loss: 0.6359 train_accuracy: 0.7860	val_loss: 5.1597 val_accuracy: 0.2500	test_loss: 4.3261 test_accuracy: 0.2500	F1: 0.1543 Prec: 0.1407 Rec: 0.2500
train: {'epoch': 87, 'time_epoch': 1.67581, 'eta': 304.29045, 'eta_hours': 0.08453, 'loss': 0.55167778, 'lr': 0.00072979, 'params': 276757, 'time_iter': 0.00958, 'accuracy': 0.81613, 'f1': 0.81605, 'auc': 0.99165}
val: {'epoch': 87, 'time_epoch': 0.06873, 'loss': 15.3562056, 'lr': 0, 'params': 276757, 'time_iter': 0.00491, 'accuracy': 0.05, 'f1': 0.00932, 'auc': 0.65397}
test: {'epoch': 87, 'time_epoch': 0.08398, 'loss': 14.18800425, 'lr': 0, 'params': 276757, 'time_iter': 0.006, 'accuracy': 0.04762, 'f1': 0.00463, 'auc': 0.70972}
> Epoch 87: took 1.9s (avg 2.1s) | Best so far: epoch 68	train_loss: 0.6359 train_accuracy: 0.7860	val_loss: 5.1597 val_accuracy: 0.2500	test_loss: 4.3261 test_accuracy: 0.2500	F1: 0.1543 Prec: 0.1407 Rec: 0.2500
train: {'epoch': 88, 'time_epoch': 1.72391, 'eta': 302.13275, 'eta_hours': 0.08393, 'loss': 0.53954503, 'lr': 0.00072419, 'params': 276757, 'time_iter': 0.00985, 'accuracy': 0.81416, 'f1': 0.81417, 'auc': 0.99205}
val: {'epoch': 88, 'time_epoch': 0.06702, 'loss': 5.55311614, 'lr': 0, 'params': 276757, 'time_iter': 0.00479, 'accuracy': 0.15952, 'f1': 0.11194, 'auc': 0.82277}
test: {'epoch': 88, 'time_epoch': 0.09341, 'loss': 4.59760017, 'lr': 0, 'params': 276757, 'time_iter': 0.00667, 'accuracy': 0.16667, 'f1': 0.10961, 'auc': 0.83056}
> Epoch 88: took 2.0s (avg 2.1s) | Best so far: epoch 68	train_loss: 0.6359 train_accuracy: 0.7860	val_loss: 5.1597 val_accuracy: 0.2500	test_loss: 4.3261 test_accuracy: 0.2500	F1: 0.1543 Prec: 0.1407 Rec: 0.2500
train: {'epoch': 89, 'time_epoch': 1.59781, 'eta': 299.76052, 'eta_hours': 0.08327, 'loss': 0.53753233, 'lr': 0.00071856, 'params': 276757, 'time_iter': 0.00913, 'accuracy': 0.82491, 'f1': 0.82465, 'auc': 0.99202}
val: {'epoch': 89, 'time_epoch': 0.06826, 'loss': 5.26486435, 'lr': 0, 'params': 276757, 'time_iter': 0.00488, 'accuracy': 0.16667, 'f1': 0.15031, 'auc': 0.82153}
test: {'epoch': 89, 'time_epoch': 0.06918, 'loss': 4.2345971, 'lr': 0, 'params': 276757, 'time_iter': 0.00494, 'accuracy': 0.21429, 'f1': 0.17198, 'auc': 0.8333}
> Epoch 89: took 1.8s (avg 2.1s) | Best so far: epoch 68	train_loss: 0.6359 train_accuracy: 0.7860	val_loss: 5.1597 val_accuracy: 0.2500	test_loss: 4.3261 test_accuracy: 0.2500	F1: 0.1543 Prec: 0.1407 Rec: 0.2500
train: {'epoch': 90, 'time_epoch': 1.83308, 'eta': 297.81639, 'eta_hours': 0.08273, 'loss': 0.50585996, 'lr': 0.00071289, 'params': 276757, 'time_iter': 0.01047, 'accuracy': 0.83244, 'f1': 0.83214, 'auc': 0.99311}
val: {'epoch': 90, 'time_epoch': 0.0735, 'loss': 12.88936306, 'lr': 0, 'params': 276757, 'time_iter': 0.00525, 'accuracy': 0.0619, 'f1': 0.02641, 'auc': 0.72267}
test: {'epoch': 90, 'time_epoch': 0.07233, 'loss': 11.7741927, 'lr': 0, 'params': 276757, 'time_iter': 0.00517, 'accuracy': 0.08095, 'f1': 0.0222, 'auc': 0.73481}
> Epoch 90: took 2.1s (avg 2.1s) | Best so far: epoch 68	train_loss: 0.6359 train_accuracy: 0.7860	val_loss: 5.1597 val_accuracy: 0.2500	test_loss: 4.3261 test_accuracy: 0.2500	F1: 0.1543 Prec: 0.1407 Rec: 0.2500
train: {'epoch': 91, 'time_epoch': 1.74479, 'eta': 295.72304, 'eta_hours': 0.08215, 'loss': 0.52986142, 'lr': 0.00070719, 'params': 276757, 'time_iter': 0.00997, 'accuracy': 0.82491, 'f1': 0.82479, 'auc': 0.99238}
val: {'epoch': 91, 'time_epoch': 0.07261, 'loss': 10.85236115, 'lr': 0, 'params': 276757, 'time_iter': 0.00519, 'accuracy': 0.0619, 'f1': 0.02836, 'auc': 0.7289}
test: {'epoch': 91, 'time_epoch': 0.067, 'loss': 9.85446799, 'lr': 0, 'params': 276757, 'time_iter': 0.00479, 'accuracy': 0.10952, 'f1': 0.03934, 'auc': 0.72594}
> Epoch 91: took 2.0s (avg 2.1s) | Best so far: epoch 68	train_loss: 0.6359 train_accuracy: 0.7860	val_loss: 5.1597 val_accuracy: 0.2500	test_loss: 4.3261 test_accuracy: 0.2500	F1: 0.1543 Prec: 0.1407 Rec: 0.2500
train: {'epoch': 92, 'time_epoch': 1.67323, 'eta': 293.51638, 'eta_hours': 0.08153, 'loss': 0.518549, 'lr': 0.00070145, 'params': 276757, 'time_iter': 0.00956, 'accuracy': 0.83047, 'f1': 0.83022, 'auc': 0.9926}
val: {'epoch': 92, 'time_epoch': 0.06617, 'loss': 7.31979772, 'lr': 0, 'params': 276757, 'time_iter': 0.00473, 'accuracy': 0.15, 'f1': 0.10243, 'auc': 0.79649}
test: {'epoch': 92, 'time_epoch': 0.06893, 'loss': 6.32799714, 'lr': 0, 'params': 276757, 'time_iter': 0.00492, 'accuracy': 0.1881, 'f1': 0.11913, 'auc': 0.81707}
> Epoch 92: took 1.9s (avg 2.1s) | Best so far: epoch 68	train_loss: 0.6359 train_accuracy: 0.7860	val_loss: 5.1597 val_accuracy: 0.2500	test_loss: 4.3261 test_accuracy: 0.2500	F1: 0.1543 Prec: 0.1407 Rec: 0.2500
train: {'epoch': 93, 'time_epoch': 2.0394, 'eta': 291.92876, 'eta_hours': 0.08109, 'loss': 0.51463911, 'lr': 0.00069569, 'params': 276757, 'time_iter': 0.01165, 'accuracy': 0.83315, 'f1': 0.83316, 'auc': 0.9927}
val: {'epoch': 93, 'time_epoch': 0.07689, 'loss': 6.21022611, 'lr': 0, 'params': 276757, 'time_iter': 0.00549, 'accuracy': 0.22143, 'f1': 0.16549, 'auc': 0.77735}
test: {'epoch': 93, 'time_epoch': 0.06818, 'loss': 4.76672805, 'lr': 0, 'params': 276757, 'time_iter': 0.00487, 'accuracy': 0.19048, 'f1': 0.1479, 'auc': 0.81641}
> Epoch 93: took 2.3s (avg 2.1s) | Best so far: epoch 68	train_loss: 0.6359 train_accuracy: 0.7860	val_loss: 5.1597 val_accuracy: 0.2500	test_loss: 4.3261 test_accuracy: 0.2500	F1: 0.1543 Prec: 0.1407 Rec: 0.2500
train: {'epoch': 94, 'time_epoch': 2.23544, 'eta': 290.65147, 'eta_hours': 0.08074, 'loss': 0.50809775, 'lr': 0.00068989, 'params': 276757, 'time_iter': 0.01277, 'accuracy': 0.83118, 'f1': 0.83117, 'auc': 0.99298}
val: {'epoch': 94, 'time_epoch': 0.07079, 'loss': 4.3426073, 'lr': 0, 'params': 276757, 'time_iter': 0.00506, 'accuracy': 0.22381, 'f1': 0.16504, 'auc': 0.86736}
test: {'epoch': 94, 'time_epoch': 0.0868, 'loss': 3.30028069, 'lr': 0, 'params': 276757, 'time_iter': 0.0062, 'accuracy': 0.32381, 'f1': 0.25947, 'auc': 0.89636}
> Epoch 94: took 2.5s (avg 2.1s) | Best so far: epoch 68	train_loss: 0.6359 train_accuracy: 0.7860	val_loss: 5.1597 val_accuracy: 0.2500	test_loss: 4.3261 test_accuracy: 0.2500	F1: 0.1543 Prec: 0.1407 Rec: 0.2500
train: {'epoch': 95, 'time_epoch': 1.82081, 'eta': 288.68909, 'eta_hours': 0.08019, 'loss': 0.49124864, 'lr': 0.00068406, 'params': 276757, 'time_iter': 0.0104, 'accuracy': 0.83961, 'f1': 0.8396, 'auc': 0.99319}
val: {'epoch': 95, 'time_epoch': 0.0783, 'loss': 13.82692589, 'lr': 0, 'params': 276757, 'time_iter': 0.00559, 'accuracy': 0.09048, 'f1': 0.02807, 'auc': 0.7163}
test: {'epoch': 95, 'time_epoch': 0.07416, 'loss': 12.33080931, 'lr': 0, 'params': 276757, 'time_iter': 0.0053, 'accuracy': 0.1119, 'f1': 0.03777, 'auc': 0.74314}
> Epoch 95: took 2.1s (avg 2.1s) | Best so far: epoch 68	train_loss: 0.6359 train_accuracy: 0.7860	val_loss: 5.1597 val_accuracy: 0.2500	test_loss: 4.3261 test_accuracy: 0.2500	F1: 0.1543 Prec: 0.1407 Rec: 0.2500
train: {'epoch': 96, 'time_epoch': 1.98726, 'eta': 286.99219, 'eta_hours': 0.07972, 'loss': 0.49849216, 'lr': 0.00067821, 'params': 276757, 'time_iter': 0.01136, 'accuracy': 0.83584, 'f1': 0.83569, 'auc': 0.99316}
val: {'epoch': 96, 'time_epoch': 0.06659, 'loss': 6.65200104, 'lr': 0, 'params': 276757, 'time_iter': 0.00476, 'accuracy': 0.16429, 'f1': 0.1233, 'auc': 0.81457}
test: {'epoch': 96, 'time_epoch': 0.11143, 'loss': 5.7755657, 'lr': 0, 'params': 276757, 'time_iter': 0.00796, 'accuracy': 0.15476, 'f1': 0.0915, 'auc': 0.83778}
> Epoch 96: took 2.3s (avg 2.1s) | Best so far: epoch 68	train_loss: 0.6359 train_accuracy: 0.7860	val_loss: 5.1597 val_accuracy: 0.2500	test_loss: 4.3261 test_accuracy: 0.2500	F1: 0.1543 Prec: 0.1407 Rec: 0.2500
train: {'epoch': 97, 'time_epoch': 1.67213, 'eta': 284.80058, 'eta_hours': 0.07911, 'loss': 0.48887961, 'lr': 0.00067232, 'params': 276757, 'time_iter': 0.00956, 'accuracy': 0.83746, 'f1': 0.8374, 'auc': 0.9934}
val: {'epoch': 97, 'time_epoch': 0.07066, 'loss': 6.83816648, 'lr': 0, 'params': 276757, 'time_iter': 0.00505, 'accuracy': 0.13571, 'f1': 0.09378, 'auc': 0.8166}
test: {'epoch': 97, 'time_epoch': 0.08563, 'loss': 5.59383575, 'lr': 0, 'params': 276757, 'time_iter': 0.00612, 'accuracy': 0.18333, 'f1': 0.1268, 'auc': 0.81837}
> Epoch 97: took 1.9s (avg 2.1s) | Best so far: epoch 68	train_loss: 0.6359 train_accuracy: 0.7860	val_loss: 5.1597 val_accuracy: 0.2500	test_loss: 4.3261 test_accuracy: 0.2500	F1: 0.1543 Prec: 0.1407 Rec: 0.2500
train: {'epoch': 98, 'time_epoch': 1.77078, 'eta': 282.76993, 'eta_hours': 0.07855, 'loss': 0.487789, 'lr': 0.00066641, 'params': 276757, 'time_iter': 0.01012, 'accuracy': 0.83763, 'f1': 0.83743, 'auc': 0.99348}
val: {'epoch': 98, 'time_epoch': 0.08158, 'loss': 7.48701728, 'lr': 0, 'params': 276757, 'time_iter': 0.00583, 'accuracy': 0.14524, 'f1': 0.10221, 'auc': 0.7731}
test: {'epoch': 98, 'time_epoch': 0.08922, 'loss': 6.66541389, 'lr': 0, 'params': 276757, 'time_iter': 0.00637, 'accuracy': 0.14048, 'f1': 0.09685, 'auc': 0.77715}
> Epoch 98: took 2.0s (avg 2.1s) | Best so far: epoch 68	train_loss: 0.6359 train_accuracy: 0.7860	val_loss: 5.1597 val_accuracy: 0.2500	test_loss: 4.3261 test_accuracy: 0.2500	F1: 0.1543 Prec: 0.1407 Rec: 0.2500
train: {'epoch': 99, 'time_epoch': 1.73004, 'eta': 280.68338, 'eta_hours': 0.07797, 'loss': 0.48035889, 'lr': 0.00066047, 'params': 276757, 'time_iter': 0.00989, 'accuracy': 0.83871, 'f1': 0.83873, 'auc': 0.99355}
val: {'epoch': 99, 'time_epoch': 0.06392, 'loss': 4.04130197, 'lr': 0, 'params': 276757, 'time_iter': 0.00457, 'accuracy': 0.23571, 'f1': 0.19707, 'auc': 0.85473}
test: {'epoch': 99, 'time_epoch': 0.0683, 'loss': 3.52131074, 'lr': 0, 'params': 276757, 'time_iter': 0.00488, 'accuracy': 0.30238, 'f1': 0.24389, 'auc': 0.85702}
> Epoch 99: took 1.9s (avg 2.1s) | Best so far: epoch 68	train_loss: 0.6359 train_accuracy: 0.7860	val_loss: 5.1597 val_accuracy: 0.2500	test_loss: 4.3261 test_accuracy: 0.2500	F1: 0.1543 Prec: 0.1407 Rec: 0.2500
train: {'epoch': 100, 'time_epoch': 1.62873, 'eta': 278.45441, 'eta_hours': 0.07735, 'loss': 0.48441859, 'lr': 0.00065451, 'params': 276757, 'time_iter': 0.00931, 'accuracy': 0.84355, 'f1': 0.84363, 'auc': 0.99338}
val: {'epoch': 100, 'time_epoch': 0.08558, 'loss': 8.70294526, 'lr': 0, 'params': 276757, 'time_iter': 0.00611, 'accuracy': 0.09524, 'f1': 0.06806, 'auc': 0.71631}
test: {'epoch': 100, 'time_epoch': 0.07129, 'loss': 8.15501526, 'lr': 0, 'params': 276757, 'time_iter': 0.00509, 'accuracy': 0.0619, 'f1': 0.02312, 'auc': 0.72098}
> Epoch 100: took 1.9s (avg 2.1s) | Best so far: epoch 68	train_loss: 0.6359 train_accuracy: 0.7860	val_loss: 5.1597 val_accuracy: 0.2500	test_loss: 4.3261 test_accuracy: 0.2500	F1: 0.1543 Prec: 0.1407 Rec: 0.2500
train: {'epoch': 101, 'time_epoch': 1.78095, 'eta': 276.45809, 'eta_hours': 0.07679, 'loss': 0.4803355, 'lr': 0.00064852, 'params': 276757, 'time_iter': 0.01018, 'accuracy': 0.84158, 'f1': 0.84156, 'auc': 0.99346}
val: {'epoch': 101, 'time_epoch': 0.07809, 'loss': 4.82398876, 'lr': 0, 'params': 276757, 'time_iter': 0.00558, 'accuracy': 0.25952, 'f1': 0.17771, 'auc': 0.84744}
test: {'epoch': 101, 'time_epoch': 0.09478, 'loss': 4.83313783, 'lr': 0, 'params': 276757, 'time_iter': 0.00677, 'accuracy': 0.17143, 'f1': 0.12095, 'auc': 0.84176}
[*] Confusion Matrix saved to: results_lopo_none/MS_3m\Conf\confusion_matrix_epoch_101.png
> Epoch 101: took 2.0s (avg 2.1s) | Best so far: epoch 101	train_loss: 0.4803 train_accuracy: 0.8416	val_loss: 4.8240 val_accuracy: 0.2595	test_loss: 4.8331 test_accuracy: 0.1714	F1: 0.1209 Prec: 0.1823 Rec: 0.1714
train: {'epoch': 102, 'time_epoch': 1.64667, 'eta': 274.27431, 'eta_hours': 0.07619, 'loss': 0.47275431, 'lr': 0.00064251, 'params': 276757, 'time_iter': 0.00941, 'accuracy': 0.83638, 'f1': 0.83632, 'auc': 0.99387}
val: {'epoch': 102, 'time_epoch': 0.06894, 'loss': 7.77736862, 'lr': 0, 'params': 276757, 'time_iter': 0.00492, 'accuracy': 0.12857, 'f1': 0.09405, 'auc': 0.76685}
test: {'epoch': 102, 'time_epoch': 0.0656, 'loss': 6.31280835, 'lr': 0, 'params': 276757, 'time_iter': 0.00469, 'accuracy': 0.15, 'f1': 0.10246, 'auc': 0.80333}
> Epoch 102: took 1.9s (avg 2.1s) | Best so far: epoch 101	train_loss: 0.4803 train_accuracy: 0.8416	val_loss: 4.8240 val_accuracy: 0.2595	test_loss: 4.8331 test_accuracy: 0.1714	F1: 0.1209 Prec: 0.1823 Rec: 0.1714
train: {'epoch': 103, 'time_epoch': 1.83945, 'eta': 272.37148, 'eta_hours': 0.07566, 'loss': 0.48960493, 'lr': 0.00063648, 'params': 276757, 'time_iter': 0.01051, 'accuracy': 0.83978, 'f1': 0.83965, 'auc': 0.99336}
val: {'epoch': 103, 'time_epoch': 0.06344, 'loss': 5.78550034, 'lr': 0, 'params': 276757, 'time_iter': 0.00453, 'accuracy': 0.20476, 'f1': 0.12847, 'auc': 0.82473}
test: {'epoch': 103, 'time_epoch': 0.07083, 'loss': 4.64709045, 'lr': 0, 'params': 276757, 'time_iter': 0.00506, 'accuracy': 0.19762, 'f1': 0.15126, 'auc': 0.84239}
> Epoch 103: took 2.1s (avg 2.1s) | Best so far: epoch 101	train_loss: 0.4803 train_accuracy: 0.8416	val_loss: 4.8240 val_accuracy: 0.2595	test_loss: 4.8331 test_accuracy: 0.1714	F1: 0.1209 Prec: 0.1823 Rec: 0.1714
train: {'epoch': 104, 'time_epoch': 1.76011, 'eta': 270.3603, 'eta_hours': 0.0751, 'loss': 0.48053382, 'lr': 0.00063042, 'params': 276757, 'time_iter': 0.01006, 'accuracy': 0.84032, 'f1': 0.84023, 'auc': 0.99364}
val: {'epoch': 104, 'time_epoch': 0.06393, 'loss': 11.25179512, 'lr': 0, 'params': 276757, 'time_iter': 0.00457, 'accuracy': 0.06667, 'f1': 0.02359, 'auc': 0.73663}
test: {'epoch': 104, 'time_epoch': 0.07516, 'loss': 9.89032427, 'lr': 0, 'params': 276757, 'time_iter': 0.00537, 'accuracy': 0.0619, 'f1': 0.01519, 'auc': 0.75092}
> Epoch 104: took 2.0s (avg 2.1s) | Best so far: epoch 101	train_loss: 0.4803 train_accuracy: 0.8416	val_loss: 4.8240 val_accuracy: 0.2595	test_loss: 4.8331 test_accuracy: 0.1714	F1: 0.1209 Prec: 0.1823 Rec: 0.1714
train: {'epoch': 105, 'time_epoch': 1.6513, 'eta': 268.20605, 'eta_hours': 0.0745, 'loss': 0.47182787, 'lr': 0.00062434, 'params': 276757, 'time_iter': 0.00944, 'accuracy': 0.84194, 'f1': 0.84194, 'auc': 0.99385}
val: {'epoch': 105, 'time_epoch': 0.06012, 'loss': 6.01526035, 'lr': 0, 'params': 276757, 'time_iter': 0.00429, 'accuracy': 0.12857, 'f1': 0.09403, 'auc': 0.80326}
test: {'epoch': 105, 'time_epoch': 0.06067, 'loss': 4.75762225, 'lr': 0, 'params': 276757, 'time_iter': 0.00433, 'accuracy': 0.18333, 'f1': 0.12774, 'auc': 0.84351}
> Epoch 105: took 1.9s (avg 2.1s) | Best so far: epoch 101	train_loss: 0.4803 train_accuracy: 0.8416	val_loss: 4.8240 val_accuracy: 0.2595	test_loss: 4.8331 test_accuracy: 0.1714	F1: 0.1209 Prec: 0.1823 Rec: 0.1714
train: {'epoch': 106, 'time_epoch': 1.77915, 'eta': 266.23206, 'eta_hours': 0.07395, 'loss': 0.46804278, 'lr': 0.00061825, 'params': 276757, 'time_iter': 0.01017, 'accuracy': 0.84247, 'f1': 0.84227, 'auc': 0.99386}
val: {'epoch': 106, 'time_epoch': 0.09161, 'loss': 6.9618774, 'lr': 0, 'params': 276757, 'time_iter': 0.00654, 'accuracy': 0.14286, 'f1': 0.09975, 'auc': 0.80136}
test: {'epoch': 106, 'time_epoch': 0.07707, 'loss': 5.47361743, 'lr': 0, 'params': 276757, 'time_iter': 0.0055, 'accuracy': 0.17381, 'f1': 0.10601, 'auc': 0.83646}
> Epoch 106: took 2.0s (avg 2.1s) | Best so far: epoch 101	train_loss: 0.4803 train_accuracy: 0.8416	val_loss: 4.8240 val_accuracy: 0.2595	test_loss: 4.8331 test_accuracy: 0.1714	F1: 0.1209 Prec: 0.1823 Rec: 0.1714
train: {'epoch': 107, 'time_epoch': 1.67755, 'eta': 264.12809, 'eta_hours': 0.07337, 'loss': 0.4643889, 'lr': 0.00061214, 'params': 276757, 'time_iter': 0.00959, 'accuracy': 0.84444, 'f1': 0.84436, 'auc': 0.99408}
val: {'epoch': 107, 'time_epoch': 0.06939, 'loss': 8.54817518, 'lr': 0, 'params': 276757, 'time_iter': 0.00496, 'accuracy': 0.14762, 'f1': 0.09403, 'auc': 0.7779}
test: {'epoch': 107, 'time_epoch': 0.06893, 'loss': 7.29983013, 'lr': 0, 'params': 276757, 'time_iter': 0.00492, 'accuracy': 0.15714, 'f1': 0.0956, 'auc': 0.79857}
> Epoch 107: took 1.9s (avg 2.1s) | Best so far: epoch 101	train_loss: 0.4803 train_accuracy: 0.8416	val_loss: 4.8240 val_accuracy: 0.2595	test_loss: 4.8331 test_accuracy: 0.1714	F1: 0.1209 Prec: 0.1823 Rec: 0.1714
train: {'epoch': 108, 'time_epoch': 1.52916, 'eta': 261.84, 'eta_hours': 0.07273, 'loss': 0.46058366, 'lr': 0.000606, 'params': 276757, 'time_iter': 0.00874, 'accuracy': 0.85161, 'f1': 0.85164, 'auc': 0.99402}
val: {'epoch': 108, 'time_epoch': 0.06364, 'loss': 6.55201231, 'lr': 0, 'params': 276757, 'time_iter': 0.00455, 'accuracy': 0.15952, 'f1': 0.11606, 'auc': 0.7767}
test: {'epoch': 108, 'time_epoch': 0.06955, 'loss': 5.58923093, 'lr': 0, 'params': 276757, 'time_iter': 0.00497, 'accuracy': 0.19048, 'f1': 0.11324, 'auc': 0.81374}
> Epoch 108: took 1.7s (avg 2.1s) | Best so far: epoch 101	train_loss: 0.4803 train_accuracy: 0.8416	val_loss: 4.8240 val_accuracy: 0.2595	test_loss: 4.8331 test_accuracy: 0.1714	F1: 0.1209 Prec: 0.1823 Rec: 0.1714
train: {'epoch': 109, 'time_epoch': 1.72545, 'eta': 259.81552, 'eta_hours': 0.07217, 'loss': 0.45083814, 'lr': 0.00059985, 'params': 276757, 'time_iter': 0.00986, 'accuracy': 0.85287, 'f1': 0.85271, 'auc': 0.99443}
val: {'epoch': 109, 'time_epoch': 0.06825, 'loss': 6.79362132, 'lr': 0, 'params': 276757, 'time_iter': 0.00487, 'accuracy': 0.15952, 'f1': 0.10137, 'auc': 0.83208}
test: {'epoch': 109, 'time_epoch': 0.07024, 'loss': 5.45625613, 'lr': 0, 'params': 276757, 'time_iter': 0.00502, 'accuracy': 0.19524, 'f1': 0.13448, 'auc': 0.84955}
> Epoch 109: took 1.9s (avg 2.1s) | Best so far: epoch 101	train_loss: 0.4803 train_accuracy: 0.8416	val_loss: 4.8240 val_accuracy: 0.2595	test_loss: 4.8331 test_accuracy: 0.1714	F1: 0.1209 Prec: 0.1823 Rec: 0.1714
train: {'epoch': 110, 'time_epoch': 1.78887, 'eta': 257.87585, 'eta_hours': 0.07163, 'loss': 0.44521382, 'lr': 0.00059369, 'params': 276757, 'time_iter': 0.01022, 'accuracy': 0.85412, 'f1': 0.854, 'auc': 0.99445}
val: {'epoch': 110, 'time_epoch': 0.07986, 'loss': 3.44221953, 'lr': 0, 'params': 276757, 'time_iter': 0.0057, 'accuracy': 0.29048, 'f1': 0.2603, 'auc': 0.87064}
test: {'epoch': 110, 'time_epoch': 0.07396, 'loss': 2.68884081, 'lr': 0, 'params': 276757, 'time_iter': 0.00528, 'accuracy': 0.3381, 'f1': 0.27018, 'auc': 0.90613}
[*] Confusion Matrix saved to: results_lopo_none/MS_3m\Conf\confusion_matrix_epoch_110.png
> Epoch 110: took 2.0s (avg 2.1s) | Best so far: epoch 110	train_loss: 0.4452 train_accuracy: 0.8541	val_loss: 3.4422 val_accuracy: 0.2905	test_loss: 2.6888 test_accuracy: 0.3381	F1: 0.2702 Prec: 0.3960 Rec: 0.3381
train: {'epoch': 111, 'time_epoch': 1.76575, 'eta': 255.91039, 'eta_hours': 0.07109, 'loss': 0.45526229, 'lr': 0.00058751, 'params': 276757, 'time_iter': 0.01009, 'accuracy': 0.84552, 'f1': 0.84544, 'auc': 0.99425}
val: {'epoch': 111, 'time_epoch': 0.08071, 'loss': 7.28929996, 'lr': 0, 'params': 276757, 'time_iter': 0.00576, 'accuracy': 0.16905, 'f1': 0.11061, 'auc': 0.79983}
test: {'epoch': 111, 'time_epoch': 0.08877, 'loss': 6.32791635, 'lr': 0, 'params': 276757, 'time_iter': 0.00634, 'accuracy': 0.17381, 'f1': 0.12032, 'auc': 0.81105}
> Epoch 111: took 2.0s (avg 2.1s) | Best so far: epoch 110	train_loss: 0.4452 train_accuracy: 0.8541	val_loss: 3.4422 val_accuracy: 0.2905	test_loss: 2.6888 test_accuracy: 0.3381	F1: 0.2702 Prec: 0.3960 Rec: 0.3381
train: {'epoch': 112, 'time_epoch': 2.02116, 'eta': 254.25812, 'eta_hours': 0.07063, 'loss': 0.41449948, 'lr': 0.00058132, 'params': 276757, 'time_iter': 0.01155, 'accuracy': 0.86183, 'f1': 0.86166, 'auc': 0.99532}
val: {'epoch': 112, 'time_epoch': 0.06035, 'loss': 2.86301199, 'lr': 0, 'params': 276757, 'time_iter': 0.00431, 'accuracy': 0.32857, 'f1': 0.2977, 'auc': 0.90335}
test: {'epoch': 112, 'time_epoch': 0.06381, 'loss': 2.18996334, 'lr': 0, 'params': 276757, 'time_iter': 0.00456, 'accuracy': 0.45952, 'f1': 0.42366, 'auc': 0.92507}
[*] Confusion Matrix saved to: results_lopo_none/MS_3m\Conf\confusion_matrix_epoch_112.png
> Epoch 112: took 2.2s (avg 2.1s) | Best so far: epoch 112	train_loss: 0.4145 train_accuracy: 0.8618	val_loss: 2.8630 val_accuracy: 0.3286	test_loss: 2.1900 test_accuracy: 0.4595	F1: 0.4237 Prec: 0.5093 Rec: 0.4595
train: {'epoch': 113, 'time_epoch': 1.87236, 'eta': 252.42185, 'eta_hours': 0.07012, 'loss': 0.44357211, 'lr': 0.00057511, 'params': 276757, 'time_iter': 0.0107, 'accuracy': 0.85842, 'f1': 0.85841, 'auc': 0.99447}
val: {'epoch': 113, 'time_epoch': 0.06668, 'loss': 5.05507103, 'lr': 0, 'params': 276757, 'time_iter': 0.00476, 'accuracy': 0.20952, 'f1': 0.1815, 'auc': 0.8477}
test: {'epoch': 113, 'time_epoch': 0.06968, 'loss': 3.47544819, 'lr': 0, 'params': 276757, 'time_iter': 0.00498, 'accuracy': 0.28333, 'f1': 0.22053, 'auc': 0.88794}
> Epoch 113: took 2.1s (avg 2.1s) | Best so far: epoch 112	train_loss: 0.4145 train_accuracy: 0.8618	val_loss: 2.8630 val_accuracy: 0.3286	test_loss: 2.1900 test_accuracy: 0.4595	F1: 0.4237 Prec: 0.5093 Rec: 0.4595
train: {'epoch': 114, 'time_epoch': 2.07214, 'eta': 250.81949, 'eta_hours': 0.06967, 'loss': 0.4536069, 'lr': 0.0005689, 'params': 276757, 'time_iter': 0.01184, 'accuracy': 0.85233, 'f1': 0.85222, 'auc': 0.99426}
val: {'epoch': 114, 'time_epoch': 0.11816, 'loss': 5.51606513, 'lr': 0, 'params': 276757, 'time_iter': 0.00844, 'accuracy': 0.23095, 'f1': 0.15972, 'auc': 0.82919}
test: {'epoch': 114, 'time_epoch': 0.07204, 'loss': 4.22601406, 'lr': 0, 'params': 276757, 'time_iter': 0.00515, 'accuracy': 0.28333, 'f1': 0.2006, 'auc': 0.87712}
> Epoch 114: took 2.4s (avg 2.1s) | Best so far: epoch 112	train_loss: 0.4145 train_accuracy: 0.8618	val_loss: 2.8630 val_accuracy: 0.3286	test_loss: 2.1900 test_accuracy: 0.4595	F1: 0.4237 Prec: 0.5093 Rec: 0.4595
train: {'epoch': 115, 'time_epoch': 2.05644, 'eta': 249.19089, 'eta_hours': 0.06922, 'loss': 0.44153659, 'lr': 0.00056267, 'params': 276757, 'time_iter': 0.01175, 'accuracy': 0.85341, 'f1': 0.85346, 'auc': 0.99451}
val: {'epoch': 115, 'time_epoch': 0.1241, 'loss': 8.12111871, 'lr': 0, 'params': 276757, 'time_iter': 0.00886, 'accuracy': 0.17381, 'f1': 0.12399, 'auc': 0.77115}
test: {'epoch': 115, 'time_epoch': 0.07793, 'loss': 6.19180685, 'lr': 0, 'params': 276757, 'time_iter': 0.00557, 'accuracy': 0.14048, 'f1': 0.08398, 'auc': 0.80862}
> Epoch 115: took 2.4s (avg 2.1s) | Best so far: epoch 112	train_loss: 0.4145 train_accuracy: 0.8618	val_loss: 2.8630 val_accuracy: 0.3286	test_loss: 2.1900 test_accuracy: 0.4595	F1: 0.4237 Prec: 0.5093 Rec: 0.4595
train: {'epoch': 116, 'time_epoch': 2.07304, 'eta': 247.57384, 'eta_hours': 0.06877, 'loss': 0.4346157, 'lr': 0.00055643, 'params': 276757, 'time_iter': 0.01185, 'accuracy': 0.85484, 'f1': 0.85466, 'auc': 0.99467}
val: {'epoch': 116, 'time_epoch': 0.08241, 'loss': 5.32959936, 'lr': 0, 'params': 276757, 'time_iter': 0.00589, 'accuracy': 0.19048, 'f1': 0.15484, 'auc': 0.82974}
test: {'epoch': 116, 'time_epoch': 0.08189, 'loss': 3.78884675, 'lr': 0, 'params': 276757, 'time_iter': 0.00585, 'accuracy': 0.25952, 'f1': 0.2228, 'auc': 0.8636}
> Epoch 116: took 2.3s (avg 2.1s) | Best so far: epoch 112	train_loss: 0.4145 train_accuracy: 0.8618	val_loss: 2.8630 val_accuracy: 0.3286	test_loss: 2.1900 test_accuracy: 0.4595	F1: 0.4237 Prec: 0.5093 Rec: 0.4595
train: {'epoch': 117, 'time_epoch': 1.84451, 'eta': 245.69342, 'eta_hours': 0.06825, 'loss': 0.41080479, 'lr': 0.00055018, 'params': 276757, 'time_iter': 0.01054, 'accuracy': 0.86595, 'f1': 0.8661, 'auc': 0.99542}
val: {'epoch': 117, 'time_epoch': 0.06609, 'loss': 8.08595524, 'lr': 0, 'params': 276757, 'time_iter': 0.00472, 'accuracy': 0.16905, 'f1': 0.1037, 'auc': 0.80568}
test: {'epoch': 117, 'time_epoch': 0.06633, 'loss': 6.91467029, 'lr': 0, 'params': 276757, 'time_iter': 0.00474, 'accuracy': 0.16667, 'f1': 0.11303, 'auc': 0.79623}
> Epoch 117: took 2.1s (avg 2.1s) | Best so far: epoch 112	train_loss: 0.4145 train_accuracy: 0.8618	val_loss: 2.8630 val_accuracy: 0.3286	test_loss: 2.1900 test_accuracy: 0.4595	F1: 0.4237 Prec: 0.5093 Rec: 0.4595
train: {'epoch': 118, 'time_epoch': 1.81091, 'eta': 243.77662, 'eta_hours': 0.06772, 'loss': 0.39974444, 'lr': 0.00054393, 'params': 276757, 'time_iter': 0.01035, 'accuracy': 0.8672, 'f1': 0.8671, 'auc': 0.99566}
val: {'epoch': 118, 'time_epoch': 0.06592, 'loss': 8.17022709, 'lr': 0, 'params': 276757, 'time_iter': 0.00471, 'accuracy': 0.13571, 'f1': 0.08483, 'auc': 0.80388}
test: {'epoch': 118, 'time_epoch': 0.09162, 'loss': 6.99351172, 'lr': 0, 'params': 276757, 'time_iter': 0.00654, 'accuracy': 0.17619, 'f1': 0.10395, 'auc': 0.80935}
> Epoch 118: took 2.1s (avg 2.1s) | Best so far: epoch 112	train_loss: 0.4145 train_accuracy: 0.8618	val_loss: 2.8630 val_accuracy: 0.3286	test_loss: 2.1900 test_accuracy: 0.4595	F1: 0.4237 Prec: 0.5093 Rec: 0.4595
train: {'epoch': 119, 'time_epoch': 1.7474, 'eta': 241.79279, 'eta_hours': 0.06716, 'loss': 0.41238035, 'lr': 0.00053766, 'params': 276757, 'time_iter': 0.00999, 'accuracy': 0.86398, 'f1': 0.86384, 'auc': 0.99528}
val: {'epoch': 119, 'time_epoch': 0.07156, 'loss': 9.52554473, 'lr': 0, 'params': 276757, 'time_iter': 0.00511, 'accuracy': 0.08571, 'f1': 0.05315, 'auc': 0.73223}
test: {'epoch': 119, 'time_epoch': 0.08339, 'loss': 7.99345106, 'lr': 0, 'params': 276757, 'time_iter': 0.00596, 'accuracy': 0.09762, 'f1': 0.03955, 'auc': 0.7777}
> Epoch 119: took 2.0s (avg 2.1s) | Best so far: epoch 112	train_loss: 0.4145 train_accuracy: 0.8618	val_loss: 2.8630 val_accuracy: 0.3286	test_loss: 2.1900 test_accuracy: 0.4595	F1: 0.4237 Prec: 0.5093 Rec: 0.4595
train: {'epoch': 120, 'time_epoch': 1.71612, 'eta': 239.77951, 'eta_hours': 0.06661, 'loss': 0.41216929, 'lr': 0.0005314, 'params': 276757, 'time_iter': 0.00981, 'accuracy': 0.8647, 'f1': 0.86446, 'auc': 0.99519}
val: {'epoch': 120, 'time_epoch': 0.08371, 'loss': 4.91017373, 'lr': 0, 'params': 276757, 'time_iter': 0.00598, 'accuracy': 0.22857, 'f1': 0.17894, 'auc': 0.82753}
test: {'epoch': 120, 'time_epoch': 0.07337, 'loss': 3.47533569, 'lr': 0, 'params': 276757, 'time_iter': 0.00524, 'accuracy': 0.34048, 'f1': 0.25747, 'auc': 0.88858}
> Epoch 120: took 2.0s (avg 2.1s) | Best so far: epoch 112	train_loss: 0.4145 train_accuracy: 0.8618	val_loss: 2.8630 val_accuracy: 0.3286	test_loss: 2.1900 test_accuracy: 0.4595	F1: 0.4237 Prec: 0.5093 Rec: 0.4595
train: {'epoch': 121, 'time_epoch': 1.91867, 'eta': 237.98362, 'eta_hours': 0.06611, 'loss': 0.40547643, 'lr': 0.00052512, 'params': 276757, 'time_iter': 0.01096, 'accuracy': 0.86613, 'f1': 0.86606, 'auc': 0.99553}
val: {'epoch': 121, 'time_epoch': 0.06979, 'loss': 3.34792405, 'lr': 0, 'params': 276757, 'time_iter': 0.00499, 'accuracy': 0.21667, 'f1': 0.18291, 'auc': 0.88782}
test: {'epoch': 121, 'time_epoch': 0.11748, 'loss': 2.79440586, 'lr': 0, 'params': 276757, 'time_iter': 0.00839, 'accuracy': 0.31429, 'f1': 0.28235, 'auc': 0.90179}
> Epoch 121: took 2.2s (avg 2.1s) | Best so far: epoch 112	train_loss: 0.4145 train_accuracy: 0.8618	val_loss: 2.8630 val_accuracy: 0.3286	test_loss: 2.1900 test_accuracy: 0.4595	F1: 0.4237 Prec: 0.5093 Rec: 0.4595
train: {'epoch': 122, 'time_epoch': 2.08007, 'eta': 236.35238, 'eta_hours': 0.06565, 'loss': 0.42318678, 'lr': 0.00051885, 'params': 276757, 'time_iter': 0.01189, 'accuracy': 0.85878, 'f1': 0.85879, 'auc': 0.99494}
val: {'epoch': 122, 'time_epoch': 0.0836, 'loss': 6.09331593, 'lr': 0, 'params': 276757, 'time_iter': 0.00597, 'accuracy': 0.21905, 'f1': 0.15059, 'auc': 0.84352}
test: {'epoch': 122, 'time_epoch': 0.0822, 'loss': 4.33291599, 'lr': 0, 'params': 276757, 'time_iter': 0.00587, 'accuracy': 0.29048, 'f1': 0.2127, 'auc': 0.88939}
> Epoch 122: took 2.3s (avg 2.1s) | Best so far: epoch 112	train_loss: 0.4145 train_accuracy: 0.8618	val_loss: 2.8630 val_accuracy: 0.3286	test_loss: 2.1900 test_accuracy: 0.4595	F1: 0.4237 Prec: 0.5093 Rec: 0.4595
train: {'epoch': 123, 'time_epoch': 1.86832, 'eta': 234.49873, 'eta_hours': 0.06514, 'loss': 0.41144689, 'lr': 0.00051257, 'params': 276757, 'time_iter': 0.01068, 'accuracy': 0.86667, 'f1': 0.86645, 'auc': 0.99529}
val: {'epoch': 123, 'time_epoch': 0.07319, 'loss': 5.46692267, 'lr': 0, 'params': 276757, 'time_iter': 0.00523, 'accuracy': 0.15952, 'f1': 0.1156, 'auc': 0.84298}
test: {'epoch': 123, 'time_epoch': 0.06267, 'loss': 4.10767132, 'lr': 0, 'params': 276757, 'time_iter': 0.00448, 'accuracy': 0.30238, 'f1': 0.25638, 'auc': 0.88509}
> Epoch 123: took 2.1s (avg 2.1s) | Best so far: epoch 112	train_loss: 0.4145 train_accuracy: 0.8618	val_loss: 2.8630 val_accuracy: 0.3286	test_loss: 2.1900 test_accuracy: 0.4595	F1: 0.4237 Prec: 0.5093 Rec: 0.4595
train: {'epoch': 124, 'time_epoch': 1.87561, 'eta': 232.65214, 'eta_hours': 0.06463, 'loss': 0.40179429, 'lr': 0.00050628, 'params': 276757, 'time_iter': 0.01072, 'accuracy': 0.87043, 'f1': 0.87039, 'auc': 0.99544}
val: {'epoch': 124, 'time_epoch': 0.09434, 'loss': 5.96353523, 'lr': 0, 'params': 276757, 'time_iter': 0.00674, 'accuracy': 0.20238, 'f1': 0.15482, 'auc': 0.83508}
test: {'epoch': 124, 'time_epoch': 0.06897, 'loss': 4.59439154, 'lr': 0, 'params': 276757, 'time_iter': 0.00493, 'accuracy': 0.23571, 'f1': 0.17036, 'auc': 0.86435}
> Epoch 124: took 2.1s (avg 2.1s) | Best so far: epoch 112	train_loss: 0.4145 train_accuracy: 0.8618	val_loss: 2.8630 val_accuracy: 0.3286	test_loss: 2.1900 test_accuracy: 0.4595	F1: 0.4237 Prec: 0.5093 Rec: 0.4595
train: {'epoch': 125, 'time_epoch': 1.80285, 'eta': 230.73348, 'eta_hours': 0.06409, 'loss': 0.38690304, 'lr': 0.0005, 'params': 276757, 'time_iter': 0.0103, 'accuracy': 0.87151, 'f1': 0.87137, 'auc': 0.99588}
val: {'epoch': 125, 'time_epoch': 0.07273, 'loss': 4.48470788, 'lr': 0, 'params': 276757, 'time_iter': 0.00519, 'accuracy': 0.25714, 'f1': 0.21896, 'auc': 0.84468}
test: {'epoch': 125, 'time_epoch': 0.07344, 'loss': 3.27613609, 'lr': 0, 'params': 276757, 'time_iter': 0.00525, 'accuracy': 0.26429, 'f1': 0.21556, 'auc': 0.89621}
> Epoch 125: took 2.0s (avg 2.1s) | Best so far: epoch 112	train_loss: 0.4145 train_accuracy: 0.8618	val_loss: 2.8630 val_accuracy: 0.3286	test_loss: 2.1900 test_accuracy: 0.4595	F1: 0.4237 Prec: 0.5093 Rec: 0.4595
train: {'epoch': 126, 'time_epoch': 1.78102, 'eta': 228.79551, 'eta_hours': 0.06355, 'loss': 0.36883507, 'lr': 0.00049372, 'params': 276757, 'time_iter': 0.01018, 'accuracy': 0.87688, 'f1': 0.87678, 'auc': 0.99625}
val: {'epoch': 126, 'time_epoch': 0.06752, 'loss': 3.63020738, 'lr': 0, 'params': 276757, 'time_iter': 0.00482, 'accuracy': 0.3119, 'f1': 0.26824, 'auc': 0.88746}
test: {'epoch': 126, 'time_epoch': 0.06681, 'loss': 2.67311377, 'lr': 0, 'params': 276757, 'time_iter': 0.00477, 'accuracy': 0.43333, 'f1': 0.39965, 'auc': 0.90972}
> Epoch 126: took 2.0s (avg 2.1s) | Best so far: epoch 112	train_loss: 0.4145 train_accuracy: 0.8618	val_loss: 2.8630 val_accuracy: 0.3286	test_loss: 2.1900 test_accuracy: 0.4595	F1: 0.4237 Prec: 0.5093 Rec: 0.4595
train: {'epoch': 127, 'time_epoch': 1.65501, 'eta': 226.73989, 'eta_hours': 0.06298, 'loss': 0.37827809, 'lr': 0.00048743, 'params': 276757, 'time_iter': 0.00946, 'accuracy': 0.87312, 'f1': 0.87306, 'auc': 0.99601}
val: {'epoch': 127, 'time_epoch': 0.06413, 'loss': 6.63427435, 'lr': 0, 'params': 276757, 'time_iter': 0.00458, 'accuracy': 0.13333, 'f1': 0.11427, 'auc': 0.8224}
test: {'epoch': 127, 'time_epoch': 0.06532, 'loss': 5.13931879, 'lr': 0, 'params': 276757, 'time_iter': 0.00467, 'accuracy': 0.17143, 'f1': 0.1285, 'auc': 0.8504}
> Epoch 127: took 1.8s (avg 2.1s) | Best so far: epoch 112	train_loss: 0.4145 train_accuracy: 0.8618	val_loss: 2.8630 val_accuracy: 0.3286	test_loss: 2.1900 test_accuracy: 0.4595	F1: 0.4237 Prec: 0.5093 Rec: 0.4595
train: {'epoch': 128, 'time_epoch': 1.74215, 'eta': 224.7722, 'eta_hours': 0.06244, 'loss': 0.38905486, 'lr': 0.00048115, 'params': 276757, 'time_iter': 0.00996, 'accuracy': 0.87634, 'f1': 0.87628, 'auc': 0.99568}
val: {'epoch': 128, 'time_epoch': 0.08052, 'loss': 3.92689937, 'lr': 0, 'params': 276757, 'time_iter': 0.00575, 'accuracy': 0.2619, 'f1': 0.22236, 'auc': 0.88067}
test: {'epoch': 128, 'time_epoch': 0.0685, 'loss': 2.94698069, 'lr': 0, 'params': 276757, 'time_iter': 0.00489, 'accuracy': 0.32381, 'f1': 0.29647, 'auc': 0.89326}
> Epoch 128: took 2.0s (avg 2.1s) | Best so far: epoch 112	train_loss: 0.4145 train_accuracy: 0.8618	val_loss: 2.8630 val_accuracy: 0.3286	test_loss: 2.1900 test_accuracy: 0.4595	F1: 0.4237 Prec: 0.5093 Rec: 0.4595
train: {'epoch': 129, 'time_epoch': 1.73025, 'eta': 222.797, 'eta_hours': 0.06189, 'loss': 0.39552861, 'lr': 0.00047488, 'params': 276757, 'time_iter': 0.00989, 'accuracy': 0.86667, 'f1': 0.86655, 'auc': 0.99575}
val: {'epoch': 129, 'time_epoch': 0.06779, 'loss': 6.58932988, 'lr': 0, 'params': 276757, 'time_iter': 0.00484, 'accuracy': 0.19524, 'f1': 0.14889, 'auc': 0.84513}
test: {'epoch': 129, 'time_epoch': 0.11392, 'loss': 6.14112881, 'lr': 0, 'params': 276757, 'time_iter': 0.00814, 'accuracy': 0.1881, 'f1': 0.11338, 'auc': 0.8326}
> Epoch 129: took 2.0s (avg 2.1s) | Best so far: epoch 112	train_loss: 0.4145 train_accuracy: 0.8618	val_loss: 2.8630 val_accuracy: 0.3286	test_loss: 2.1900 test_accuracy: 0.4595	F1: 0.4237 Prec: 0.5093 Rec: 0.4595
train: {'epoch': 130, 'time_epoch': 1.74361, 'eta': 220.83768, 'eta_hours': 0.06134, 'loss': 0.38481285, 'lr': 0.0004686, 'params': 276757, 'time_iter': 0.00996, 'accuracy': 0.87204, 'f1': 0.87205, 'auc': 0.99589}
val: {'epoch': 130, 'time_epoch': 0.07295, 'loss': 5.80003052, 'lr': 0, 'params': 276757, 'time_iter': 0.00521, 'accuracy': 0.2, 'f1': 0.15995, 'auc': 0.83633}
test: {'epoch': 130, 'time_epoch': 0.06597, 'loss': 4.81433831, 'lr': 0, 'params': 276757, 'time_iter': 0.00471, 'accuracy': 0.18571, 'f1': 0.13017, 'auc': 0.8435}
> Epoch 130: took 2.0s (avg 2.1s) | Best so far: epoch 112	train_loss: 0.4145 train_accuracy: 0.8618	val_loss: 2.8630 val_accuracy: 0.3286	test_loss: 2.1900 test_accuracy: 0.4595	F1: 0.4237 Prec: 0.5093 Rec: 0.4595
train: {'epoch': 131, 'time_epoch': 2.14177, 'eta': 219.23756, 'eta_hours': 0.0609, 'loss': 0.38788693, 'lr': 0.00046234, 'params': 276757, 'time_iter': 0.01224, 'accuracy': 0.87527, 'f1': 0.87515, 'auc': 0.99575}
val: {'epoch': 131, 'time_epoch': 0.07493, 'loss': 6.36450117, 'lr': 0, 'params': 276757, 'time_iter': 0.00535, 'accuracy': 0.2, 'f1': 0.15547, 'auc': 0.83552}
test: {'epoch': 131, 'time_epoch': 0.11349, 'loss': 5.61098229, 'lr': 0, 'params': 276757, 'time_iter': 0.00811, 'accuracy': 0.17857, 'f1': 0.13502, 'auc': 0.84365}
> Epoch 131: took 2.4s (avg 2.1s) | Best so far: epoch 112	train_loss: 0.4145 train_accuracy: 0.8618	val_loss: 2.8630 val_accuracy: 0.3286	test_loss: 2.1900 test_accuracy: 0.4595	F1: 0.4237 Prec: 0.5093 Rec: 0.4595
train: {'epoch': 132, 'time_epoch': 2.00176, 'eta': 217.50614, 'eta_hours': 0.06042, 'loss': 0.37030796, 'lr': 0.00045607, 'params': 276757, 'time_iter': 0.01144, 'accuracy': 0.87814, 'f1': 0.87794, 'auc': 0.99614}
val: {'epoch': 132, 'time_epoch': 0.07261, 'loss': 4.45793431, 'lr': 0, 'params': 276757, 'time_iter': 0.00519, 'accuracy': 0.2119, 'f1': 0.18886, 'auc': 0.85414}
test: {'epoch': 132, 'time_epoch': 0.07706, 'loss': 3.15770035, 'lr': 0, 'params': 276757, 'time_iter': 0.0055, 'accuracy': 0.33571, 'f1': 0.30561, 'auc': 0.89335}
> Epoch 132: took 2.2s (avg 2.1s) | Best so far: epoch 112	train_loss: 0.4145 train_accuracy: 0.8618	val_loss: 2.8630 val_accuracy: 0.3286	test_loss: 2.1900 test_accuracy: 0.4595	F1: 0.4237 Prec: 0.5093 Rec: 0.4595
train: {'epoch': 133, 'time_epoch': 2.26153, 'eta': 215.99554, 'eta_hours': 0.06, 'loss': 0.35929216, 'lr': 0.00044982, 'params': 276757, 'time_iter': 0.01292, 'accuracy': 0.87957, 'f1': 0.87951, 'auc': 0.99637}
val: {'epoch': 133, 'time_epoch': 0.0739, 'loss': 7.70739897, 'lr': 0, 'params': 276757, 'time_iter': 0.00528, 'accuracy': 0.13571, 'f1': 0.09257, 'auc': 0.78835}
test: {'epoch': 133, 'time_epoch': 0.07246, 'loss': 6.49756571, 'lr': 0, 'params': 276757, 'time_iter': 0.00518, 'accuracy': 0.15476, 'f1': 0.11075, 'auc': 0.7972}
> Epoch 133: took 2.5s (avg 2.1s) | Best so far: epoch 112	train_loss: 0.4145 train_accuracy: 0.8618	val_loss: 2.8630 val_accuracy: 0.3286	test_loss: 2.1900 test_accuracy: 0.4595	F1: 0.4237 Prec: 0.5093 Rec: 0.4595
train: {'epoch': 134, 'time_epoch': 2.10245, 'eta': 214.33831, 'eta_hours': 0.05954, 'loss': 0.36873762, 'lr': 0.00044357, 'params': 276757, 'time_iter': 0.01201, 'accuracy': 0.87814, 'f1': 0.8781, 'auc': 0.99612}
val: {'epoch': 134, 'time_epoch': 0.10043, 'loss': 4.79838342, 'lr': 0, 'params': 276757, 'time_iter': 0.00717, 'accuracy': 0.23333, 'f1': 0.21369, 'auc': 0.85328}
test: {'epoch': 134, 'time_epoch': 0.06826, 'loss': 3.82649337, 'lr': 0, 'params': 276757, 'time_iter': 0.00488, 'accuracy': 0.29048, 'f1': 0.23101, 'auc': 0.88007}
> Epoch 134: took 2.4s (avg 2.1s) | Best so far: epoch 112	train_loss: 0.4145 train_accuracy: 0.8618	val_loss: 2.8630 val_accuracy: 0.3286	test_loss: 2.1900 test_accuracy: 0.4595	F1: 0.4237 Prec: 0.5093 Rec: 0.4595
train: {'epoch': 135, 'time_epoch': 2.05384, 'eta': 212.63379, 'eta_hours': 0.05906, 'loss': 0.35888087, 'lr': 0.00043733, 'params': 276757, 'time_iter': 0.01174, 'accuracy': 0.88208, 'f1': 0.88198, 'auc': 0.99646}
val: {'epoch': 135, 'time_epoch': 0.08989, 'loss': 3.64391333, 'lr': 0, 'params': 276757, 'time_iter': 0.00642, 'accuracy': 0.26667, 'f1': 0.2246, 'auc': 0.89329}
test: {'epoch': 135, 'time_epoch': 0.07812, 'loss': 3.1586091, 'lr': 0, 'params': 276757, 'time_iter': 0.00558, 'accuracy': 0.30238, 'f1': 0.27018, 'auc': 0.8972}
> Epoch 135: took 2.3s (avg 2.1s) | Best so far: epoch 112	train_loss: 0.4145 train_accuracy: 0.8618	val_loss: 2.8630 val_accuracy: 0.3286	test_loss: 2.1900 test_accuracy: 0.4595	F1: 0.4237 Prec: 0.5093 Rec: 0.4595
train: {'epoch': 136, 'time_epoch': 2.15006, 'eta': 211.00354, 'eta_hours': 0.05861, 'loss': 0.35283008, 'lr': 0.0004311, 'params': 276757, 'time_iter': 0.01229, 'accuracy': 0.88728, 'f1': 0.88725, 'auc': 0.99652}
val: {'epoch': 136, 'time_epoch': 0.10461, 'loss': 7.15934557, 'lr': 0, 'params': 276757, 'time_iter': 0.00747, 'accuracy': 0.13095, 'f1': 0.09816, 'auc': 0.81762}
test: {'epoch': 136, 'time_epoch': 0.09577, 'loss': 5.85883092, 'lr': 0, 'params': 276757, 'time_iter': 0.00684, 'accuracy': 0.14048, 'f1': 0.0811, 'auc': 0.84124}
> Epoch 136: took 2.4s (avg 2.1s) | Best so far: epoch 112	train_loss: 0.4145 train_accuracy: 0.8618	val_loss: 2.8630 val_accuracy: 0.3286	test_loss: 2.1900 test_accuracy: 0.4595	F1: 0.4237 Prec: 0.5093 Rec: 0.4595
train: {'epoch': 137, 'time_epoch': 1.88917, 'eta': 209.15401, 'eta_hours': 0.0581, 'loss': 0.37720425, 'lr': 0.00042489, 'params': 276757, 'time_iter': 0.0108, 'accuracy': 0.87419, 'f1': 0.87419, 'auc': 0.99596}
val: {'epoch': 137, 'time_epoch': 0.07099, 'loss': 6.66506743, 'lr': 0, 'params': 276757, 'time_iter': 0.00507, 'accuracy': 0.18333, 'f1': 0.13263, 'auc': 0.81411}
test: {'epoch': 137, 'time_epoch': 0.06763, 'loss': 5.4736103, 'lr': 0, 'params': 276757, 'time_iter': 0.00483, 'accuracy': 0.19524, 'f1': 0.16531, 'auc': 0.83338}
> Epoch 137: took 2.1s (avg 2.1s) | Best so far: epoch 112	train_loss: 0.4145 train_accuracy: 0.8618	val_loss: 2.8630 val_accuracy: 0.3286	test_loss: 2.1900 test_accuracy: 0.4595	F1: 0.4237 Prec: 0.5093 Rec: 0.4595
train: {'epoch': 138, 'time_epoch': 1.80822, 'eta': 207.23926, 'eta_hours': 0.05757, 'loss': 0.36136071, 'lr': 0.00041868, 'params': 276757, 'time_iter': 0.01033, 'accuracy': 0.8819, 'f1': 0.88185, 'auc': 0.9964}
val: {'epoch': 138, 'time_epoch': 0.08069, 'loss': 2.8777923, 'lr': 0, 'params': 276757, 'time_iter': 0.00576, 'accuracy': 0.33095, 'f1': 0.31163, 'auc': 0.91703}
test: {'epoch': 138, 'time_epoch': 0.06634, 'loss': 2.46020712, 'lr': 0, 'params': 276757, 'time_iter': 0.00474, 'accuracy': 0.4, 'f1': 0.36922, 'auc': 0.91721}
[*] Confusion Matrix saved to: results_lopo_none/MS_3m\Conf\confusion_matrix_epoch_138.png
> Epoch 138: took 2.0s (avg 2.1s) | Best so far: epoch 138	train_loss: 0.3614 train_accuracy: 0.8819	val_loss: 2.8778 val_accuracy: 0.3310	test_loss: 2.4602 test_accuracy: 0.4000	F1: 0.3692 Prec: 0.4889 Rec: 0.4000
train: {'epoch': 139, 'time_epoch': 1.83697, 'eta': 205.34863, 'eta_hours': 0.05704, 'loss': 0.35137835, 'lr': 0.00041249, 'params': 276757, 'time_iter': 0.0105, 'accuracy': 0.88441, 'f1': 0.88436, 'auc': 0.99652}
val: {'epoch': 139, 'time_epoch': 0.06207, 'loss': 3.41857612, 'lr': 0, 'params': 276757, 'time_iter': 0.00443, 'accuracy': 0.30476, 'f1': 0.27962, 'auc': 0.89587}
test: {'epoch': 139, 'time_epoch': 0.06815, 'loss': 3.35367107, 'lr': 0, 'params': 276757, 'time_iter': 0.00487, 'accuracy': 0.3, 'f1': 0.26093, 'auc': 0.88495}
> Epoch 139: took 2.0s (avg 2.1s) | Best so far: epoch 138	train_loss: 0.3614 train_accuracy: 0.8819	val_loss: 2.8778 val_accuracy: 0.3310	test_loss: 2.4602 test_accuracy: 0.4000	F1: 0.3692 Prec: 0.4889 Rec: 0.4000
train: {'epoch': 140, 'time_epoch': 1.81923, 'eta': 203.44505, 'eta_hours': 0.05651, 'loss': 0.34848843, 'lr': 0.00040631, 'params': 276757, 'time_iter': 0.0104, 'accuracy': 0.88548, 'f1': 0.88547, 'auc': 0.99659}
val: {'epoch': 140, 'time_epoch': 0.08176, 'loss': 3.59235714, 'lr': 0, 'params': 276757, 'time_iter': 0.00584, 'accuracy': 0.26667, 'f1': 0.24529, 'auc': 0.8829}
test: {'epoch': 140, 'time_epoch': 0.09231, 'loss': 2.95331938, 'lr': 0, 'params': 276757, 'time_iter': 0.00659, 'accuracy': 0.34524, 'f1': 0.30993, 'auc': 0.90039}
> Epoch 140: took 2.1s (avg 2.1s) | Best so far: epoch 138	train_loss: 0.3614 train_accuracy: 0.8819	val_loss: 2.8778 val_accuracy: 0.3310	test_loss: 2.4602 test_accuracy: 0.4000	F1: 0.3692 Prec: 0.4889 Rec: 0.4000
train: {'epoch': 141, 'time_epoch': 1.78702, 'eta': 201.51816, 'eta_hours': 0.05598, 'loss': 0.34670193, 'lr': 0.00040015, 'params': 276757, 'time_iter': 0.01021, 'accuracy': 0.88495, 'f1': 0.88487, 'auc': 0.99657}
val: {'epoch': 141, 'time_epoch': 0.0991, 'loss': 6.58185994, 'lr': 0, 'params': 276757, 'time_iter': 0.00708, 'accuracy': 0.14524, 'f1': 0.1095, 'auc': 0.83007}
test: {'epoch': 141, 'time_epoch': 0.06436, 'loss': 5.12987482, 'lr': 0, 'params': 276757, 'time_iter': 0.0046, 'accuracy': 0.17619, 'f1': 0.13044, 'auc': 0.84744}
> Epoch 141: took 2.0s (avg 2.1s) | Best so far: epoch 138	train_loss: 0.3614 train_accuracy: 0.8819	val_loss: 2.8778 val_accuracy: 0.3310	test_loss: 2.4602 test_accuracy: 0.4000	F1: 0.3692 Prec: 0.4889 Rec: 0.4000
train: {'epoch': 142, 'time_epoch': 1.71301, 'eta': 199.53784, 'eta_hours': 0.05543, 'loss': 0.35408657, 'lr': 0.000394, 'params': 276757, 'time_iter': 0.00979, 'accuracy': 0.88799, 'f1': 0.88787, 'auc': 0.99646}
val: {'epoch': 142, 'time_epoch': 0.07405, 'loss': 2.37223378, 'lr': 0, 'params': 276757, 'time_iter': 0.00529, 'accuracy': 0.39524, 'f1': 0.35453, 'auc': 0.91566}
test: {'epoch': 142, 'time_epoch': 0.07254, 'loss': 1.93846427, 'lr': 0, 'params': 276757, 'time_iter': 0.00518, 'accuracy': 0.45714, 'f1': 0.42117, 'auc': 0.92918}
[*] Confusion Matrix saved to: results_lopo_none/MS_3m\Conf\confusion_matrix_epoch_142.png
> Epoch 142: took 2.0s (avg 2.1s) | Best so far: epoch 142	train_loss: 0.3541 train_accuracy: 0.8880	val_loss: 2.3722 val_accuracy: 0.3952	test_loss: 1.9385 test_accuracy: 0.4571	F1: 0.4212 Prec: 0.5195 Rec: 0.4571
train: {'epoch': 143, 'time_epoch': 1.75814, 'eta': 197.59446, 'eta_hours': 0.05489, 'loss': 0.35076038, 'lr': 0.00038786, 'params': 276757, 'time_iter': 0.01005, 'accuracy': 0.88781, 'f1': 0.88768, 'auc': 0.99651}
val: {'epoch': 143, 'time_epoch': 0.0702, 'loss': 2.34481467, 'lr': 0, 'params': 276757, 'time_iter': 0.00501, 'accuracy': 0.38095, 'f1': 0.37247, 'auc': 0.92052}
test: {'epoch': 143, 'time_epoch': 0.06921, 'loss': 1.92614863, 'lr': 0, 'params': 276757, 'time_iter': 0.00494, 'accuracy': 0.53333, 'f1': 0.50254, 'auc': 0.9407}
> Epoch 143: took 2.0s (avg 2.1s) | Best so far: epoch 142	train_loss: 0.3541 train_accuracy: 0.8880	val_loss: 2.3722 val_accuracy: 0.3952	test_loss: 1.9385 test_accuracy: 0.4571	F1: 0.4212 Prec: 0.5195 Rec: 0.4571
train: {'epoch': 144, 'time_epoch': 1.75687, 'eta': 195.65271, 'eta_hours': 0.05435, 'loss': 0.32939288, 'lr': 0.00038175, 'params': 276757, 'time_iter': 0.01004, 'accuracy': 0.89158, 'f1': 0.89156, 'auc': 0.99704}
val: {'epoch': 144, 'time_epoch': 0.07358, 'loss': 7.99206649, 'lr': 0, 'params': 276757, 'time_iter': 0.00526, 'accuracy': 0.1119, 'f1': 0.06645, 'auc': 0.79752}
test: {'epoch': 144, 'time_epoch': 0.07001, 'loss': 6.79823146, 'lr': 0, 'params': 276757, 'time_iter': 0.005, 'accuracy': 0.1119, 'f1': 0.05414, 'auc': 0.80132}
> Epoch 144: took 2.0s (avg 2.1s) | Best so far: epoch 142	train_loss: 0.3541 train_accuracy: 0.8880	val_loss: 2.3722 val_accuracy: 0.3952	test_loss: 1.9385 test_accuracy: 0.4571	F1: 0.4212 Prec: 0.5195 Rec: 0.4571
train: {'epoch': 145, 'time_epoch': 2.04919, 'eta': 193.92173, 'eta_hours': 0.05387, 'loss': 0.34278811, 'lr': 0.00037566, 'params': 276757, 'time_iter': 0.01171, 'accuracy': 0.88925, 'f1': 0.8892, 'auc': 0.99661}
val: {'epoch': 145, 'time_epoch': 0.06696, 'loss': 3.93941104, 'lr': 0, 'params': 276757, 'time_iter': 0.00478, 'accuracy': 0.28571, 'f1': 0.24061, 'auc': 0.87251}
test: {'epoch': 145, 'time_epoch': 0.08636, 'loss': 3.01083473, 'lr': 0, 'params': 276757, 'time_iter': 0.00617, 'accuracy': 0.3619, 'f1': 0.3227, 'auc': 0.89388}
> Epoch 145: took 2.3s (avg 2.1s) | Best so far: epoch 142	train_loss: 0.3541 train_accuracy: 0.8880	val_loss: 2.3722 val_accuracy: 0.3952	test_loss: 1.9385 test_accuracy: 0.4571	F1: 0.4212 Prec: 0.5195 Rec: 0.4571
train: {'epoch': 146, 'time_epoch': 1.80609, 'eta': 192.01608, 'eta_hours': 0.05334, 'loss': 0.31844469, 'lr': 0.00036958, 'params': 276757, 'time_iter': 0.01032, 'accuracy': 0.89588, 'f1': 0.89592, 'auc': 0.99716}
val: {'epoch': 146, 'time_epoch': 0.07858, 'loss': 3.49012689, 'lr': 0, 'params': 276757, 'time_iter': 0.00561, 'accuracy': 0.31905, 'f1': 0.27885, 'auc': 0.89451}
test: {'epoch': 146, 'time_epoch': 0.08061, 'loss': 2.87704502, 'lr': 0, 'params': 276757, 'time_iter': 0.00576, 'accuracy': 0.3619, 'f1': 0.31943, 'auc': 0.90315}
> Epoch 146: took 2.0s (avg 2.1s) | Best so far: epoch 142	train_loss: 0.3541 train_accuracy: 0.8880	val_loss: 2.3722 val_accuracy: 0.3952	test_loss: 1.9385 test_accuracy: 0.4571	F1: 0.4212 Prec: 0.5195 Rec: 0.4571
train: {'epoch': 147, 'time_epoch': 2.17593, 'eta': 190.36666, 'eta_hours': 0.05288, 'loss': 0.31972769, 'lr': 0.00036352, 'params': 276757, 'time_iter': 0.01243, 'accuracy': 0.89176, 'f1': 0.8917, 'auc': 0.99716}
val: {'epoch': 147, 'time_epoch': 0.06892, 'loss': 3.2529924, 'lr': 0, 'params': 276757, 'time_iter': 0.00492, 'accuracy': 0.32619, 'f1': 0.28219, 'auc': 0.89505}
test: {'epoch': 147, 'time_epoch': 0.07084, 'loss': 2.70732105, 'lr': 0, 'params': 276757, 'time_iter': 0.00506, 'accuracy': 0.37619, 'f1': 0.33669, 'auc': 0.90051}
> Epoch 147: took 2.4s (avg 2.1s) | Best so far: epoch 142	train_loss: 0.3541 train_accuracy: 0.8880	val_loss: 2.3722 val_accuracy: 0.3952	test_loss: 1.9385 test_accuracy: 0.4571	F1: 0.4212 Prec: 0.5195 Rec: 0.4571
train: {'epoch': 148, 'time_epoch': 2.08306, 'eta': 188.64723, 'eta_hours': 0.0524, 'loss': 0.3224283, 'lr': 0.00035749, 'params': 276757, 'time_iter': 0.0119, 'accuracy': 0.89427, 'f1': 0.89423, 'auc': 0.99702}
val: {'epoch': 148, 'time_epoch': 0.10905, 'loss': 3.48998034, 'lr': 0, 'params': 276757, 'time_iter': 0.00779, 'accuracy': 0.29524, 'f1': 0.25412, 'auc': 0.89598}
test: {'epoch': 148, 'time_epoch': 0.07557, 'loss': 2.60429961, 'lr': 0, 'params': 276757, 'time_iter': 0.0054, 'accuracy': 0.39762, 'f1': 0.36232, 'auc': 0.91502}
> Epoch 148: took 2.3s (avg 2.1s) | Best so far: epoch 142	train_loss: 0.3541 train_accuracy: 0.8880	val_loss: 2.3722 val_accuracy: 0.3952	test_loss: 1.9385 test_accuracy: 0.4571	F1: 0.4212 Prec: 0.5195 Rec: 0.4571
train: {'epoch': 149, 'time_epoch': 1.96417, 'eta': 186.84369, 'eta_hours': 0.0519, 'loss': 0.31869863, 'lr': 0.00035148, 'params': 276757, 'time_iter': 0.01122, 'accuracy': 0.89695, 'f1': 0.897, 'auc': 0.9971}
val: {'epoch': 149, 'time_epoch': 0.08916, 'loss': 3.42379835, 'lr': 0, 'params': 276757, 'time_iter': 0.00637, 'accuracy': 0.29524, 'f1': 0.2634, 'auc': 0.88978}
test: {'epoch': 149, 'time_epoch': 0.07286, 'loss': 2.50190349, 'lr': 0, 'params': 276757, 'time_iter': 0.0052, 'accuracy': 0.4619, 'f1': 0.43025, 'auc': 0.92333}
> Epoch 149: took 2.2s (avg 2.1s) | Best so far: epoch 142	train_loss: 0.3541 train_accuracy: 0.8880	val_loss: 2.3722 val_accuracy: 0.3952	test_loss: 1.9385 test_accuracy: 0.4571	F1: 0.4212 Prec: 0.5195 Rec: 0.4571
train: {'epoch': 150, 'time_epoch': 2.19126, 'eta': 185.1869, 'eta_hours': 0.05144, 'loss': 0.31505439, 'lr': 0.00034549, 'params': 276757, 'time_iter': 0.01252, 'accuracy': 0.89839, 'f1': 0.89832, 'auc': 0.99722}
val: {'epoch': 150, 'time_epoch': 0.08957, 'loss': 4.40725582, 'lr': 0, 'params': 276757, 'time_iter': 0.0064, 'accuracy': 0.27143, 'f1': 0.23965, 'auc': 0.86628}
test: {'epoch': 150, 'time_epoch': 0.07354, 'loss': 3.24054013, 'lr': 0, 'params': 276757, 'time_iter': 0.00525, 'accuracy': 0.3881, 'f1': 0.34566, 'auc': 0.88368}
> Epoch 150: took 2.4s (avg 2.1s) | Best so far: epoch 142	train_loss: 0.3541 train_accuracy: 0.8880	val_loss: 2.3722 val_accuracy: 0.3952	test_loss: 1.9385 test_accuracy: 0.4571	F1: 0.4212 Prec: 0.5195 Rec: 0.4571
train: {'epoch': 151, 'time_epoch': 1.99417, 'eta': 183.39601, 'eta_hours': 0.05094, 'loss': 0.32180131, 'lr': 0.00033953, 'params': 276757, 'time_iter': 0.0114, 'accuracy': 0.89516, 'f1': 0.89505, 'auc': 0.99706}
val: {'epoch': 151, 'time_epoch': 0.07748, 'loss': 2.99008735, 'lr': 0, 'params': 276757, 'time_iter': 0.00553, 'accuracy': 0.34286, 'f1': 0.30392, 'auc': 0.90777}
test: {'epoch': 151, 'time_epoch': 0.06811, 'loss': 2.5895194, 'lr': 0, 'params': 276757, 'time_iter': 0.00487, 'accuracy': 0.45476, 'f1': 0.43004, 'auc': 0.89948}
> Epoch 151: took 2.2s (avg 2.1s) | Best so far: epoch 142	train_loss: 0.3541 train_accuracy: 0.8880	val_loss: 2.3722 val_accuracy: 0.3952	test_loss: 1.9385 test_accuracy: 0.4571	F1: 0.4212 Prec: 0.5195 Rec: 0.4571
train: {'epoch': 152, 'time_epoch': 1.84402, 'eta': 181.50728, 'eta_hours': 0.05042, 'loss': 0.3061101, 'lr': 0.00033359, 'params': 276757, 'time_iter': 0.01054, 'accuracy': 0.89642, 'f1': 0.8964, 'auc': 0.99746}
val: {'epoch': 152, 'time_epoch': 0.07503, 'loss': 5.68933032, 'lr': 0, 'params': 276757, 'time_iter': 0.00536, 'accuracy': 0.20952, 'f1': 0.18471, 'auc': 0.84581}
test: {'epoch': 152, 'time_epoch': 0.07861, 'loss': 3.96764647, 'lr': 0, 'params': 276757, 'time_iter': 0.00561, 'accuracy': 0.2381, 'f1': 0.21973, 'auc': 0.87348}
> Epoch 152: took 2.1s (avg 2.1s) | Best so far: epoch 142	train_loss: 0.3541 train_accuracy: 0.8880	val_loss: 2.3722 val_accuracy: 0.3952	test_loss: 1.9385 test_accuracy: 0.4571	F1: 0.4212 Prec: 0.5195 Rec: 0.4571
train: {'epoch': 153, 'time_epoch': 1.79432, 'eta': 179.58814, 'eta_hours': 0.04989, 'loss': 0.31981036, 'lr': 0.00032768, 'params': 276757, 'time_iter': 0.01025, 'accuracy': 0.89677, 'f1': 0.89671, 'auc': 0.99696}
val: {'epoch': 153, 'time_epoch': 0.09968, 'loss': 1.80147943, 'lr': 0, 'params': 276757, 'time_iter': 0.00712, 'accuracy': 0.52619, 'f1': 0.49945, 'auc': 0.9494}
test: {'epoch': 153, 'time_epoch': 0.07314, 'loss': 1.68115228, 'lr': 0, 'params': 276757, 'time_iter': 0.00522, 'accuracy': 0.57857, 'f1': 0.5407, 'auc': 0.95473}
[*] Confusion Matrix saved to: results_lopo_none/MS_3m\Conf\confusion_matrix_epoch_153.png
> Epoch 153: took 2.0s (avg 2.1s) | Best so far: epoch 153	train_loss: 0.3198 train_accuracy: 0.8968	val_loss: 1.8015 val_accuracy: 0.5262	test_loss: 1.6812 test_accuracy: 0.5786	F1: 0.5407 Prec: 0.6065 Rec: 0.5786
train: {'epoch': 154, 'time_epoch': 1.8235, 'eta': 177.6885, 'eta_hours': 0.04936, 'loss': 0.30450556, 'lr': 0.00032179, 'params': 276757, 'time_iter': 0.01042, 'accuracy': 0.90054, 'f1': 0.90049, 'auc': 0.99737}
val: {'epoch': 154, 'time_epoch': 0.06973, 'loss': 2.8626869, 'lr': 0, 'params': 276757, 'time_iter': 0.00498, 'accuracy': 0.37381, 'f1': 0.32646, 'auc': 0.90321}
test: {'epoch': 154, 'time_epoch': 0.06988, 'loss': 1.94898989, 'lr': 0, 'params': 276757, 'time_iter': 0.00499, 'accuracy': 0.51667, 'f1': 0.48283, 'auc': 0.9382}
> Epoch 154: took 2.0s (avg 2.1s) | Best so far: epoch 153	train_loss: 0.3198 train_accuracy: 0.8968	val_loss: 1.8015 val_accuracy: 0.5262	test_loss: 1.6812 test_accuracy: 0.5786	F1: 0.5407 Prec: 0.6065 Rec: 0.5786
train: {'epoch': 155, 'time_epoch': 1.72711, 'eta': 175.73175, 'eta_hours': 0.04881, 'loss': 0.31033159, 'lr': 0.00031594, 'params': 276757, 'time_iter': 0.00987, 'accuracy': 0.90072, 'f1': 0.90066, 'auc': 0.99722}
val: {'epoch': 155, 'time_epoch': 0.06108, 'loss': 3.10238312, 'lr': 0, 'params': 276757, 'time_iter': 0.00436, 'accuracy': 0.33571, 'f1': 0.33687, 'auc': 0.89342}
test: {'epoch': 155, 'time_epoch': 0.06582, 'loss': 2.71486924, 'lr': 0, 'params': 276757, 'time_iter': 0.0047, 'accuracy': 0.42619, 'f1': 0.40757, 'auc': 0.90529}
> Epoch 155: took 1.9s (avg 2.1s) | Best so far: epoch 153	train_loss: 0.3198 train_accuracy: 0.8968	val_loss: 1.8015 val_accuracy: 0.5262	test_loss: 1.6812 test_accuracy: 0.5786	F1: 0.5407 Prec: 0.6065 Rec: 0.5786
train: {'epoch': 156, 'time_epoch': 1.80861, 'eta': 173.82621, 'eta_hours': 0.04829, 'loss': 0.30102214, 'lr': 0.00031011, 'params': 276757, 'time_iter': 0.01033, 'accuracy': 0.89875, 'f1': 0.89874, 'auc': 0.99756}
val: {'epoch': 156, 'time_epoch': 0.07382, 'loss': 5.75615326, 'lr': 0, 'params': 276757, 'time_iter': 0.00527, 'accuracy': 0.17143, 'f1': 0.14357, 'auc': 0.85039}
test: {'epoch': 156, 'time_epoch': 0.09408, 'loss': 5.07063072, 'lr': 0, 'params': 276757, 'time_iter': 0.00672, 'accuracy': 0.21667, 'f1': 0.17865, 'auc': 0.85637}
> Epoch 156: took 2.1s (avg 2.1s) | Best so far: epoch 153	train_loss: 0.3198 train_accuracy: 0.8968	val_loss: 1.8015 val_accuracy: 0.5262	test_loss: 1.6812 test_accuracy: 0.5786	F1: 0.5407 Prec: 0.6065 Rec: 0.5786
train: {'epoch': 157, 'time_epoch': 1.7151, 'eta': 171.86744, 'eta_hours': 0.04774, 'loss': 0.31542558, 'lr': 0.00030431, 'params': 276757, 'time_iter': 0.0098, 'accuracy': 0.89229, 'f1': 0.89219, 'auc': 0.99716}
val: {'epoch': 157, 'time_epoch': 0.0877, 'loss': 2.12989081, 'lr': 0, 'params': 276757, 'time_iter': 0.00626, 'accuracy': 0.39762, 'f1': 0.39835, 'auc': 0.92521}
test: {'epoch': 157, 'time_epoch': 0.07649, 'loss': 1.71723115, 'lr': 0, 'params': 276757, 'time_iter': 0.00546, 'accuracy': 0.53571, 'f1': 0.50108, 'auc': 0.94421}
> Epoch 157: took 2.0s (avg 2.1s) | Best so far: epoch 153	train_loss: 0.3198 train_accuracy: 0.8968	val_loss: 1.8015 val_accuracy: 0.5262	test_loss: 1.6812 test_accuracy: 0.5786	F1: 0.5407 Prec: 0.6065 Rec: 0.5786
train: {'epoch': 158, 'time_epoch': 1.76922, 'eta': 169.94271, 'eta_hours': 0.04721, 'loss': 0.31342024, 'lr': 0.00029855, 'params': 276757, 'time_iter': 0.01011, 'accuracy': 0.89462, 'f1': 0.8946, 'auc': 0.99725}
val: {'epoch': 158, 'time_epoch': 0.07394, 'loss': 2.17383259, 'lr': 0, 'params': 276757, 'time_iter': 0.00528, 'accuracy': 0.45, 'f1': 0.44448, 'auc': 0.93173}
test: {'epoch': 158, 'time_epoch': 0.08064, 'loss': 1.73795158, 'lr': 0, 'params': 276757, 'time_iter': 0.00576, 'accuracy': 0.56429, 'f1': 0.54307, 'auc': 0.94648}
> Epoch 158: took 2.0s (avg 2.1s) | Best so far: epoch 153	train_loss: 0.3198 train_accuracy: 0.8968	val_loss: 1.8015 val_accuracy: 0.5262	test_loss: 1.6812 test_accuracy: 0.5786	F1: 0.5407 Prec: 0.6065 Rec: 0.5786
train: {'epoch': 159, 'time_epoch': 1.67499, 'eta': 167.96692, 'eta_hours': 0.04666, 'loss': 0.31047889, 'lr': 0.00029281, 'params': 276757, 'time_iter': 0.00957, 'accuracy': 0.90215, 'f1': 0.90211, 'auc': 0.99727}
val: {'epoch': 159, 'time_epoch': 0.09325, 'loss': 6.43538317, 'lr': 0, 'params': 276757, 'time_iter': 0.00666, 'accuracy': 0.16667, 'f1': 0.11403, 'auc': 0.825}
test: {'epoch': 159, 'time_epoch': 0.06868, 'loss': 5.0497988, 'lr': 0, 'params': 276757, 'time_iter': 0.00491, 'accuracy': 0.22857, 'f1': 0.19103, 'auc': 0.84947}
> Epoch 159: took 1.9s (avg 2.1s) | Best so far: epoch 153	train_loss: 0.3198 train_accuracy: 0.8968	val_loss: 1.8015 val_accuracy: 0.5262	test_loss: 1.6812 test_accuracy: 0.5786	F1: 0.5407 Prec: 0.6065 Rec: 0.5786
train: {'epoch': 160, 'time_epoch': 1.75618, 'eta': 166.03975, 'eta_hours': 0.04612, 'loss': 0.29926168, 'lr': 0.00028711, 'params': 276757, 'time_iter': 0.01004, 'accuracy': 0.90269, 'f1': 0.90271, 'auc': 0.99755}
val: {'epoch': 160, 'time_epoch': 0.08494, 'loss': 2.19134617, 'lr': 0, 'params': 276757, 'time_iter': 0.00607, 'accuracy': 0.42619, 'f1': 0.40722, 'auc': 0.93265}
test: {'epoch': 160, 'time_epoch': 0.08017, 'loss': 1.91016789, 'lr': 0, 'params': 276757, 'time_iter': 0.00573, 'accuracy': 0.54762, 'f1': 0.51762, 'auc': 0.93743}
> Epoch 160: took 2.0s (avg 2.1s) | Best so far: epoch 153	train_loss: 0.3198 train_accuracy: 0.8968	val_loss: 1.8015 val_accuracy: 0.5262	test_loss: 1.6812 test_accuracy: 0.5786	F1: 0.5407 Prec: 0.6065 Rec: 0.5786
train: {'epoch': 161, 'time_epoch': 1.75099, 'eta': 164.11186, 'eta_hours': 0.04559, 'loss': 0.3063498, 'lr': 0.00028144, 'params': 276757, 'time_iter': 0.01001, 'accuracy': 0.89767, 'f1': 0.89763, 'auc': 0.99737}
val: {'epoch': 161, 'time_epoch': 0.07843, 'loss': 4.0000572, 'lr': 0, 'params': 276757, 'time_iter': 0.0056, 'accuracy': 0.23571, 'f1': 0.21256, 'auc': 0.86906}
test: {'epoch': 161, 'time_epoch': 0.08461, 'loss': 2.96324321, 'lr': 0, 'params': 276757, 'time_iter': 0.00604, 'accuracy': 0.33571, 'f1': 0.31897, 'auc': 0.89185}
> Epoch 161: took 2.0s (avg 2.1s) | Best so far: epoch 153	train_loss: 0.3198 train_accuracy: 0.8968	val_loss: 1.8015 val_accuracy: 0.5262	test_loss: 1.6812 test_accuracy: 0.5786	F1: 0.5407 Prec: 0.6065 Rec: 0.5786
train: {'epoch': 162, 'time_epoch': 1.78967, 'eta': 162.2068, 'eta_hours': 0.04506, 'loss': 0.28972688, 'lr': 0.00027581, 'params': 276757, 'time_iter': 0.01023, 'accuracy': 0.90376, 'f1': 0.90379, 'auc': 0.99763}
val: {'epoch': 162, 'time_epoch': 0.07143, 'loss': 3.85602056, 'lr': 0, 'params': 276757, 'time_iter': 0.0051, 'accuracy': 0.28571, 'f1': 0.24045, 'auc': 0.88615}
test: {'epoch': 162, 'time_epoch': 0.09906, 'loss': 3.15475567, 'lr': 0, 'params': 276757, 'time_iter': 0.00708, 'accuracy': 0.33095, 'f1': 0.28479, 'auc': 0.90457}
> Epoch 162: took 2.0s (avg 2.1s) | Best so far: epoch 153	train_loss: 0.3198 train_accuracy: 0.8968	val_loss: 1.8015 val_accuracy: 0.5262	test_loss: 1.6812 test_accuracy: 0.5786	F1: 0.5407 Prec: 0.6065 Rec: 0.5786
train: {'epoch': 163, 'time_epoch': 1.78343, 'eta': 160.29987, 'eta_hours': 0.04453, 'loss': 0.29784357, 'lr': 0.00027021, 'params': 276757, 'time_iter': 0.01019, 'accuracy': 0.89946, 'f1': 0.89948, 'auc': 0.99759}
val: {'epoch': 163, 'time_epoch': 0.07105, 'loss': 2.13377697, 'lr': 0, 'params': 276757, 'time_iter': 0.00507, 'accuracy': 0.42381, 'f1': 0.39903, 'auc': 0.9332}
test: {'epoch': 163, 'time_epoch': 0.07314, 'loss': 1.63585028, 'lr': 0, 'params': 276757, 'time_iter': 0.00522, 'accuracy': 0.56905, 'f1': 0.54832, 'auc': 0.94739}
> Epoch 163: took 2.0s (avg 2.1s) | Best so far: epoch 153	train_loss: 0.3198 train_accuracy: 0.8968	val_loss: 1.8015 val_accuracy: 0.5262	test_loss: 1.6812 test_accuracy: 0.5786	F1: 0.5407 Prec: 0.6065 Rec: 0.5786
train: {'epoch': 164, 'time_epoch': 1.81743, 'eta': 158.41195, 'eta_hours': 0.044, 'loss': 0.28720586, 'lr': 0.00026465, 'params': 276757, 'time_iter': 0.01039, 'accuracy': 0.90663, 'f1': 0.90658, 'auc': 0.99768}
val: {'epoch': 164, 'time_epoch': 0.09359, 'loss': 4.43195696, 'lr': 0, 'params': 276757, 'time_iter': 0.00669, 'accuracy': 0.26905, 'f1': 0.22648, 'auc': 0.86555}
test: {'epoch': 164, 'time_epoch': 0.09575, 'loss': 3.44954968, 'lr': 0, 'params': 276757, 'time_iter': 0.00684, 'accuracy': 0.35238, 'f1': 0.30596, 'auc': 0.89616}
> Epoch 164: took 2.1s (avg 2.1s) | Best so far: epoch 153	train_loss: 0.3198 train_accuracy: 0.8968	val_loss: 1.8015 val_accuracy: 0.5262	test_loss: 1.6812 test_accuracy: 0.5786	F1: 0.5407 Prec: 0.6065 Rec: 0.5786
train: {'epoch': 165, 'time_epoch': 1.71812, 'eta': 156.47463, 'eta_hours': 0.04347, 'loss': 0.3083649, 'lr': 0.00025912, 'params': 276757, 'time_iter': 0.00982, 'accuracy': 0.90018, 'f1': 0.90017, 'auc': 0.99726}
val: {'epoch': 165, 'time_epoch': 0.06737, 'loss': 2.13050268, 'lr': 0, 'params': 276757, 'time_iter': 0.00481, 'accuracy': 0.47381, 'f1': 0.44382, 'auc': 0.93252}
test: {'epoch': 165, 'time_epoch': 0.09111, 'loss': 1.80825732, 'lr': 0, 'params': 276757, 'time_iter': 0.00651, 'accuracy': 0.53571, 'f1': 0.50652, 'auc': 0.94239}
> Epoch 165: took 2.0s (avg 2.1s) | Best so far: epoch 153	train_loss: 0.3198 train_accuracy: 0.8968	val_loss: 1.8015 val_accuracy: 0.5262	test_loss: 1.6812 test_accuracy: 0.5786	F1: 0.5407 Prec: 0.6065 Rec: 0.5786
train: {'epoch': 166, 'time_epoch': 1.92247, 'eta': 154.64149, 'eta_hours': 0.04296, 'loss': 0.30649263, 'lr': 0.00025364, 'params': 276757, 'time_iter': 0.01099, 'accuracy': 0.89803, 'f1': 0.89798, 'auc': 0.99738}
val: {'epoch': 166, 'time_epoch': 0.06498, 'loss': 3.52783683, 'lr': 0, 'params': 276757, 'time_iter': 0.00464, 'accuracy': 0.30952, 'f1': 0.28036, 'auc': 0.88916}
test: {'epoch': 166, 'time_epoch': 0.06467, 'loss': 2.48846276, 'lr': 0, 'params': 276757, 'time_iter': 0.00462, 'accuracy': 0.43571, 'f1': 0.39979, 'auc': 0.91806}
> Epoch 166: took 2.1s (avg 2.1s) | Best so far: epoch 153	train_loss: 0.3198 train_accuracy: 0.8968	val_loss: 1.8015 val_accuracy: 0.5262	test_loss: 1.6812 test_accuracy: 0.5786	F1: 0.5407 Prec: 0.6065 Rec: 0.5786
train: {'epoch': 167, 'time_epoch': 2.00027, 'eta': 152.84527, 'eta_hours': 0.04246, 'loss': 0.27742512, 'lr': 0.00024819, 'params': 276757, 'time_iter': 0.01143, 'accuracy': 0.90806, 'f1': 0.908, 'auc': 0.99782}
val: {'epoch': 167, 'time_epoch': 0.07223, 'loss': 1.90889433, 'lr': 0, 'params': 276757, 'time_iter': 0.00516, 'accuracy': 0.47143, 'f1': 0.46137, 'auc': 0.94086}
test: {'epoch': 167, 'time_epoch': 0.06659, 'loss': 1.72943286, 'lr': 0, 'params': 276757, 'time_iter': 0.00476, 'accuracy': 0.57619, 'f1': 0.5525, 'auc': 0.94601}
> Epoch 167: took 2.2s (avg 2.1s) | Best so far: epoch 153	train_loss: 0.3198 train_accuracy: 0.8968	val_loss: 1.8015 val_accuracy: 0.5262	test_loss: 1.6812 test_accuracy: 0.5786	F1: 0.5407 Prec: 0.6065 Rec: 0.5786
train: {'epoch': 168, 'time_epoch': 2.10326, 'eta': 151.096, 'eta_hours': 0.04197, 'loss': 0.28317213, 'lr': 0.00024278, 'params': 276757, 'time_iter': 0.01202, 'accuracy': 0.90932, 'f1': 0.90924, 'auc': 0.99769}
val: {'epoch': 168, 'time_epoch': 0.08843, 'loss': 2.05379305, 'lr': 0, 'params': 276757, 'time_iter': 0.00632, 'accuracy': 0.50714, 'f1': 0.4824, 'auc': 0.93579}
test: {'epoch': 168, 'time_epoch': 0.09746, 'loss': 1.83633603, 'lr': 0, 'params': 276757, 'time_iter': 0.00696, 'accuracy': 0.5619, 'f1': 0.54152, 'auc': 0.9365}
> Epoch 168: took 2.4s (avg 2.1s) | Best so far: epoch 153	train_loss: 0.3198 train_accuracy: 0.8968	val_loss: 1.8015 val_accuracy: 0.5262	test_loss: 1.6812 test_accuracy: 0.5786	F1: 0.5407 Prec: 0.6065 Rec: 0.5786
train: {'epoch': 169, 'time_epoch': 1.78857, 'eta': 149.19447, 'eta_hours': 0.04144, 'loss': 0.27092312, 'lr': 0.00023741, 'params': 276757, 'time_iter': 0.01022, 'accuracy': 0.91183, 'f1': 0.91183, 'auc': 0.998}
val: {'epoch': 169, 'time_epoch': 0.05993, 'loss': 1.57857516, 'lr': 0, 'params': 276757, 'time_iter': 0.00428, 'accuracy': 0.57143, 'f1': 0.56753, 'auc': 0.95335}
test: {'epoch': 169, 'time_epoch': 0.07944, 'loss': 1.50873553, 'lr': 0, 'params': 276757, 'time_iter': 0.00567, 'accuracy': 0.59762, 'f1': 0.57533, 'auc': 0.9576}
[*] Confusion Matrix saved to: results_lopo_none/MS_3m\Conf\confusion_matrix_epoch_169.png
> Epoch 169: took 2.0s (avg 2.1s) | Best so far: epoch 169	train_loss: 0.2709 train_accuracy: 0.9118	val_loss: 1.5786 val_accuracy: 0.5714	test_loss: 1.5087 test_accuracy: 0.5976	F1: 0.5753 Prec: 0.6198 Rec: 0.5976
train: {'epoch': 170, 'time_epoch': 1.87035, 'eta': 147.33204, 'eta_hours': 0.04093, 'loss': 0.26152813, 'lr': 0.00023209, 'params': 276757, 'time_iter': 0.01069, 'accuracy': 0.91344, 'f1': 0.91335, 'auc': 0.99801}
val: {'epoch': 170, 'time_epoch': 0.08177, 'loss': 1.65294035, 'lr': 0, 'params': 276757, 'time_iter': 0.00584, 'accuracy': 0.52619, 'f1': 0.52158, 'auc': 0.95083}
test: {'epoch': 170, 'time_epoch': 0.06766, 'loss': 1.59499412, 'lr': 0, 'params': 276757, 'time_iter': 0.00483, 'accuracy': 0.6, 'f1': 0.57345, 'auc': 0.95311}
> Epoch 170: took 2.1s (avg 2.1s) | Best so far: epoch 169	train_loss: 0.2709 train_accuracy: 0.9118	val_loss: 1.5786 val_accuracy: 0.5714	test_loss: 1.5087 test_accuracy: 0.5976	F1: 0.5753 Prec: 0.6198 Rec: 0.5976
train: {'epoch': 171, 'time_epoch': 1.78279, 'eta': 145.42982, 'eta_hours': 0.0404, 'loss': 0.28620169, 'lr': 0.0002268, 'params': 276757, 'time_iter': 0.01019, 'accuracy': 0.90663, 'f1': 0.90662, 'auc': 0.99769}
val: {'epoch': 171, 'time_epoch': 0.09621, 'loss': 2.38511235, 'lr': 0, 'params': 276757, 'time_iter': 0.00687, 'accuracy': 0.42857, 'f1': 0.41194, 'auc': 0.92536}
test: {'epoch': 171, 'time_epoch': 0.06403, 'loss': 1.91971318, 'lr': 0, 'params': 276757, 'time_iter': 0.00457, 'accuracy': 0.55, 'f1': 0.52069, 'auc': 0.9447}
> Epoch 171: took 2.0s (avg 2.1s) | Best so far: epoch 169	train_loss: 0.2709 train_accuracy: 0.9118	val_loss: 1.5786 val_accuracy: 0.5714	test_loss: 1.5087 test_accuracy: 0.5976	F1: 0.5753 Prec: 0.6198 Rec: 0.5976
train: {'epoch': 172, 'time_epoch': 1.84177, 'eta': 143.55522, 'eta_hours': 0.03988, 'loss': 0.26488168, 'lr': 0.00022156, 'params': 276757, 'time_iter': 0.01052, 'accuracy': 0.91398, 'f1': 0.91396, 'auc': 0.99801}
val: {'epoch': 172, 'time_epoch': 0.09342, 'loss': 3.03532683, 'lr': 0, 'params': 276757, 'time_iter': 0.00667, 'accuracy': 0.35238, 'f1': 0.31748, 'auc': 0.91239}
test: {'epoch': 172, 'time_epoch': 0.0767, 'loss': 2.54395489, 'lr': 0, 'params': 276757, 'time_iter': 0.00548, 'accuracy': 0.42857, 'f1': 0.40813, 'auc': 0.92263}
> Epoch 172: took 2.1s (avg 2.1s) | Best so far: epoch 169	train_loss: 0.2709 train_accuracy: 0.9118	val_loss: 1.5786 val_accuracy: 0.5714	test_loss: 1.5087 test_accuracy: 0.5976	F1: 0.5753 Prec: 0.6198 Rec: 0.5976
train: {'epoch': 173, 'time_epoch': 1.72733, 'eta': 141.63102, 'eta_hours': 0.03934, 'loss': 0.26520274, 'lr': 0.00021637, 'params': 276757, 'time_iter': 0.00987, 'accuracy': 0.91398, 'f1': 0.91398, 'auc': 0.99808}
val: {'epoch': 173, 'time_epoch': 0.08502, 'loss': 1.82615383, 'lr': 0, 'params': 276757, 'time_iter': 0.00607, 'accuracy': 0.51667, 'f1': 0.52111, 'auc': 0.94342}
test: {'epoch': 173, 'time_epoch': 0.09041, 'loss': 1.68366261, 'lr': 0, 'params': 276757, 'time_iter': 0.00646, 'accuracy': 0.61667, 'f1': 0.59075, 'auc': 0.95175}
> Epoch 173: took 2.0s (avg 2.1s) | Best so far: epoch 169	train_loss: 0.2709 train_accuracy: 0.9118	val_loss: 1.5786 val_accuracy: 0.5714	test_loss: 1.5087 test_accuracy: 0.5976	F1: 0.5753 Prec: 0.6198 Rec: 0.5976
train: {'epoch': 174, 'time_epoch': 1.81973, 'eta': 139.74866, 'eta_hours': 0.03882, 'loss': 0.27119126, 'lr': 0.00021121, 'params': 276757, 'time_iter': 0.0104, 'accuracy': 0.91183, 'f1': 0.91174, 'auc': 0.99793}
val: {'epoch': 174, 'time_epoch': 0.0688, 'loss': 2.03835437, 'lr': 0, 'params': 276757, 'time_iter': 0.00491, 'accuracy': 0.46667, 'f1': 0.44797, 'auc': 0.93693}
test: {'epoch': 174, 'time_epoch': 0.08698, 'loss': 1.73831239, 'lr': 0, 'params': 276757, 'time_iter': 0.00621, 'accuracy': 0.57619, 'f1': 0.55684, 'auc': 0.94773}
> Epoch 174: took 2.0s (avg 2.1s) | Best so far: epoch 169	train_loss: 0.2709 train_accuracy: 0.9118	val_loss: 1.5786 val_accuracy: 0.5714	test_loss: 1.5087 test_accuracy: 0.5976	F1: 0.5753 Prec: 0.6198 Rec: 0.5976
train: {'epoch': 175, 'time_epoch': 1.80616, 'eta': 137.86132, 'eta_hours': 0.03829, 'loss': 0.28462279, 'lr': 0.00020611, 'params': 276757, 'time_iter': 0.01032, 'accuracy': 0.90502, 'f1': 0.90498, 'auc': 0.99762}
val: {'epoch': 175, 'time_epoch': 0.06843, 'loss': 1.74863134, 'lr': 0, 'params': 276757, 'time_iter': 0.00489, 'accuracy': 0.4881, 'f1': 0.49134, 'auc': 0.94361}
test: {'epoch': 175, 'time_epoch': 0.06642, 'loss': 1.55096444, 'lr': 0, 'params': 276757, 'time_iter': 0.00474, 'accuracy': 0.61429, 'f1': 0.58572, 'auc': 0.9545}
> Epoch 175: took 2.0s (avg 2.1s) | Best so far: epoch 169	train_loss: 0.2709 train_accuracy: 0.9118	val_loss: 1.5786 val_accuracy: 0.5714	test_loss: 1.5087 test_accuracy: 0.5976	F1: 0.5753 Prec: 0.6198 Rec: 0.5976
train: {'epoch': 176, 'time_epoch': 1.84929, 'eta': 135.99267, 'eta_hours': 0.03778, 'loss': 0.27857144, 'lr': 0.00020105, 'params': 276757, 'time_iter': 0.01057, 'accuracy': 0.91254, 'f1': 0.91247, 'auc': 0.99786}
val: {'epoch': 176, 'time_epoch': 0.06853, 'loss': 2.42294487, 'lr': 0, 'params': 276757, 'time_iter': 0.0049, 'accuracy': 0.40952, 'f1': 0.40228, 'auc': 0.92718}
test: {'epoch': 176, 'time_epoch': 0.0748, 'loss': 2.12424118, 'lr': 0, 'params': 276757, 'time_iter': 0.00534, 'accuracy': 0.51667, 'f1': 0.49647, 'auc': 0.93466}
> Epoch 176: took 2.1s (avg 2.1s) | Best so far: epoch 169	train_loss: 0.2709 train_accuracy: 0.9118	val_loss: 1.5786 val_accuracy: 0.5714	test_loss: 1.5087 test_accuracy: 0.5976	F1: 0.5753 Prec: 0.6198 Rec: 0.5976
train: {'epoch': 177, 'time_epoch': 1.78201, 'eta': 134.09703, 'eta_hours': 0.03725, 'loss': 0.28836946, 'lr': 0.00019603, 'params': 276757, 'time_iter': 0.01018, 'accuracy': 0.90502, 'f1': 0.90498, 'auc': 0.99757}
val: {'epoch': 177, 'time_epoch': 0.06704, 'loss': 2.61805891, 'lr': 0, 'params': 276757, 'time_iter': 0.00479, 'accuracy': 0.41429, 'f1': 0.39297, 'auc': 0.91961}
test: {'epoch': 177, 'time_epoch': 0.09147, 'loss': 1.98498398, 'lr': 0, 'params': 276757, 'time_iter': 0.00653, 'accuracy': 0.51905, 'f1': 0.48703, 'auc': 0.94068}
> Epoch 177: took 2.0s (avg 2.1s) | Best so far: epoch 169	train_loss: 0.2709 train_accuracy: 0.9118	val_loss: 1.5786 val_accuracy: 0.5714	test_loss: 1.5087 test_accuracy: 0.5976	F1: 0.5753 Prec: 0.6198 Rec: 0.5976
train: {'epoch': 178, 'time_epoch': 1.77596, 'eta': 132.20026, 'eta_hours': 0.03672, 'loss': 0.26484888, 'lr': 0.00019107, 'params': 276757, 'time_iter': 0.01015, 'accuracy': 0.91846, 'f1': 0.91843, 'auc': 0.99797}
val: {'epoch': 178, 'time_epoch': 0.07348, 'loss': 1.95794927, 'lr': 0, 'params': 276757, 'time_iter': 0.00525, 'accuracy': 0.50476, 'f1': 0.5011, 'auc': 0.93926}
test: {'epoch': 178, 'time_epoch': 0.06511, 'loss': 1.79564684, 'lr': 0, 'params': 276757, 'time_iter': 0.00465, 'accuracy': 0.52619, 'f1': 0.50946, 'auc': 0.94429}
> Epoch 178: took 2.0s (avg 2.1s) | Best so far: epoch 169	train_loss: 0.2709 train_accuracy: 0.9118	val_loss: 1.5786 val_accuracy: 0.5714	test_loss: 1.5087 test_accuracy: 0.5976	F1: 0.5753 Prec: 0.6198 Rec: 0.5976
train: {'epoch': 179, 'time_epoch': 1.82744, 'eta': 130.32486, 'eta_hours': 0.0362, 'loss': 0.24658459, 'lr': 0.00018615, 'params': 276757, 'time_iter': 0.01044, 'accuracy': 0.92097, 'f1': 0.92088, 'auc': 0.99825}
val: {'epoch': 179, 'time_epoch': 0.08032, 'loss': 1.58855699, 'lr': 0, 'params': 276757, 'time_iter': 0.00574, 'accuracy': 0.54286, 'f1': 0.53068, 'auc': 0.95752}
test: {'epoch': 179, 'time_epoch': 0.09441, 'loss': 1.32442671, 'lr': 0, 'params': 276757, 'time_iter': 0.00674, 'accuracy': 0.61429, 'f1': 0.59932, 'auc': 0.96559}
> Epoch 179: took 2.1s (avg 2.1s) | Best so far: epoch 169	train_loss: 0.2709 train_accuracy: 0.9118	val_loss: 1.5786 val_accuracy: 0.5714	test_loss: 1.5087 test_accuracy: 0.5976	F1: 0.5753 Prec: 0.6198 Rec: 0.5976
train: {'epoch': 180, 'time_epoch': 1.80559, 'eta': 128.44165, 'eta_hours': 0.03568, 'loss': 0.27211877, 'lr': 0.00018129, 'params': 276757, 'time_iter': 0.01032, 'accuracy': 0.91075, 'f1': 0.91069, 'auc': 0.99789}
val: {'epoch': 180, 'time_epoch': 0.08111, 'loss': 1.77552348, 'lr': 0, 'params': 276757, 'time_iter': 0.00579, 'accuracy': 0.4881, 'f1': 0.48863, 'auc': 0.94567}
test: {'epoch': 180, 'time_epoch': 0.06873, 'loss': 1.49690546, 'lr': 0, 'params': 276757, 'time_iter': 0.00491, 'accuracy': 0.59286, 'f1': 0.57327, 'auc': 0.95718}
> Epoch 180: took 2.0s (avg 2.1s) | Best so far: epoch 169	train_loss: 0.2709 train_accuracy: 0.9118	val_loss: 1.5786 val_accuracy: 0.5714	test_loss: 1.5087 test_accuracy: 0.5976	F1: 0.5753 Prec: 0.6198 Rec: 0.5976
train: {'epoch': 181, 'time_epoch': 1.78988, 'eta': 126.55343, 'eta_hours': 0.03515, 'loss': 0.263429, 'lr': 0.00017647, 'params': 276757, 'time_iter': 0.01023, 'accuracy': 0.91344, 'f1': 0.91337, 'auc': 0.99813}
val: {'epoch': 181, 'time_epoch': 0.07298, 'loss': 1.73876238, 'lr': 0, 'params': 276757, 'time_iter': 0.00521, 'accuracy': 0.51905, 'f1': 0.50439, 'auc': 0.95037}
test: {'epoch': 181, 'time_epoch': 0.06466, 'loss': 1.67425494, 'lr': 0, 'params': 276757, 'time_iter': 0.00462, 'accuracy': 0.58571, 'f1': 0.57136, 'auc': 0.94842}
> Epoch 181: took 2.0s (avg 2.1s) | Best so far: epoch 169	train_loss: 0.2709 train_accuracy: 0.9118	val_loss: 1.5786 val_accuracy: 0.5714	test_loss: 1.5087 test_accuracy: 0.5976	F1: 0.5753 Prec: 0.6198 Rec: 0.5976
train: {'epoch': 182, 'time_epoch': 1.68568, 'eta': 124.62813, 'eta_hours': 0.03462, 'loss': 0.27246378, 'lr': 0.00017171, 'params': 276757, 'time_iter': 0.00963, 'accuracy': 0.91183, 'f1': 0.9118, 'auc': 0.99787}
val: {'epoch': 182, 'time_epoch': 0.06746, 'loss': 2.16146009, 'lr': 0, 'params': 276757, 'time_iter': 0.00482, 'accuracy': 0.46905, 'f1': 0.4504, 'auc': 0.93217}
test: {'epoch': 182, 'time_epoch': 0.06925, 'loss': 1.85806888, 'lr': 0, 'params': 276757, 'time_iter': 0.00495, 'accuracy': 0.56429, 'f1': 0.53815, 'auc': 0.94546}
> Epoch 182: took 1.9s (avg 2.1s) | Best so far: epoch 169	train_loss: 0.2709 train_accuracy: 0.9118	val_loss: 1.5786 val_accuracy: 0.5714	test_loss: 1.5087 test_accuracy: 0.5976	F1: 0.5753 Prec: 0.6198 Rec: 0.5976
train: {'epoch': 183, 'time_epoch': 1.86616, 'eta': 122.77018, 'eta_hours': 0.0341, 'loss': 0.2673993, 'lr': 0.00016699, 'params': 276757, 'time_iter': 0.01066, 'accuracy': 0.91631, 'f1': 0.91624, 'auc': 0.99799}
val: {'epoch': 183, 'time_epoch': 0.08923, 'loss': 1.83535686, 'lr': 0, 'params': 276757, 'time_iter': 0.00637, 'accuracy': 0.51429, 'f1': 0.51779, 'auc': 0.94584}
test: {'epoch': 183, 'time_epoch': 0.09151, 'loss': 1.66571975, 'lr': 0, 'params': 276757, 'time_iter': 0.00654, 'accuracy': 0.57143, 'f1': 0.54949, 'auc': 0.95168}
> Epoch 183: took 2.1s (avg 2.1s) | Best so far: epoch 169	train_loss: 0.2709 train_accuracy: 0.9118	val_loss: 1.5786 val_accuracy: 0.5714	test_loss: 1.5087 test_accuracy: 0.5976	F1: 0.5753 Prec: 0.6198 Rec: 0.5976
train: {'epoch': 184, 'time_epoch': 1.70156, 'eta': 120.8543, 'eta_hours': 0.03357, 'loss': 0.2563728, 'lr': 0.00016233, 'params': 276757, 'time_iter': 0.00972, 'accuracy': 0.91523, 'f1': 0.91516, 'auc': 0.99817}
val: {'epoch': 184, 'time_epoch': 0.06594, 'loss': 1.74282369, 'lr': 0, 'params': 276757, 'time_iter': 0.00471, 'accuracy': 0.52381, 'f1': 0.51381, 'auc': 0.94967}
test: {'epoch': 184, 'time_epoch': 0.09183, 'loss': 1.50184826, 'lr': 0, 'params': 276757, 'time_iter': 0.00656, 'accuracy': 0.63095, 'f1': 0.60914, 'auc': 0.96017}
> Epoch 184: took 1.9s (avg 2.1s) | Best so far: epoch 169	train_loss: 0.2709 train_accuracy: 0.9118	val_loss: 1.5786 val_accuracy: 0.5714	test_loss: 1.5087 test_accuracy: 0.5976	F1: 0.5753 Prec: 0.6198 Rec: 0.5976
train: {'epoch': 185, 'time_epoch': 2.01546, 'eta': 119.04874, 'eta_hours': 0.03307, 'loss': 0.24098757, 'lr': 0.00015773, 'params': 276757, 'time_iter': 0.01152, 'accuracy': 0.91864, 'f1': 0.91865, 'auc': 0.99839}
val: {'epoch': 185, 'time_epoch': 0.09352, 'loss': 1.75979927, 'lr': 0, 'params': 276757, 'time_iter': 0.00668, 'accuracy': 0.50476, 'f1': 0.49644, 'auc': 0.94985}
test: {'epoch': 185, 'time_epoch': 0.083, 'loss': 1.67344852, 'lr': 0, 'params': 276757, 'time_iter': 0.00593, 'accuracy': 0.62619, 'f1': 0.60287, 'auc': 0.9541}
> Epoch 185: took 2.3s (avg 2.1s) | Best so far: epoch 169	train_loss: 0.2709 train_accuracy: 0.9118	val_loss: 1.5786 val_accuracy: 0.5714	test_loss: 1.5087 test_accuracy: 0.5976	F1: 0.5753 Prec: 0.6198 Rec: 0.5976
train: {'epoch': 186, 'time_epoch': 1.94717, 'eta': 117.21792, 'eta_hours': 0.03256, 'loss': 0.23457865, 'lr': 0.00015317, 'params': 276757, 'time_iter': 0.01113, 'accuracy': 0.92222, 'f1': 0.92212, 'auc': 0.99851}
val: {'epoch': 186, 'time_epoch': 0.0659, 'loss': 1.47739838, 'lr': 0, 'params': 276757, 'time_iter': 0.00471, 'accuracy': 0.55476, 'f1': 0.56013, 'auc': 0.96066}
test: {'epoch': 186, 'time_epoch': 0.06929, 'loss': 1.65831463, 'lr': 0, 'params': 276757, 'time_iter': 0.00495, 'accuracy': 0.60476, 'f1': 0.58202, 'auc': 0.9531}
> Epoch 186: took 2.2s (avg 2.1s) | Best so far: epoch 169	train_loss: 0.2709 train_accuracy: 0.9118	val_loss: 1.5786 val_accuracy: 0.5714	test_loss: 1.5087 test_accuracy: 0.5976	F1: 0.5753 Prec: 0.6198 Rec: 0.5976
train: {'epoch': 187, 'time_epoch': 1.86203, 'eta': 115.35779, 'eta_hours': 0.03204, 'loss': 0.25292319, 'lr': 0.00014868, 'params': 276757, 'time_iter': 0.01064, 'accuracy': 0.9172, 'f1': 0.91718, 'auc': 0.99812}
val: {'epoch': 187, 'time_epoch': 0.07489, 'loss': 1.72008348, 'lr': 0, 'params': 276757, 'time_iter': 0.00535, 'accuracy': 0.53333, 'f1': 0.5242, 'auc': 0.94722}
test: {'epoch': 187, 'time_epoch': 0.08514, 'loss': 1.56636789, 'lr': 0, 'params': 276757, 'time_iter': 0.00608, 'accuracy': 0.63095, 'f1': 0.60561, 'auc': 0.96006}
> Epoch 187: took 2.1s (avg 2.1s) | Best so far: epoch 169	train_loss: 0.2709 train_accuracy: 0.9118	val_loss: 1.5786 val_accuracy: 0.5714	test_loss: 1.5087 test_accuracy: 0.5976	F1: 0.5753 Prec: 0.6198 Rec: 0.5976
train: {'epoch': 188, 'time_epoch': 1.79323, 'eta': 113.47544, 'eta_hours': 0.03152, 'loss': 0.25848462, 'lr': 0.00014423, 'params': 276757, 'time_iter': 0.01025, 'accuracy': 0.91828, 'f1': 0.9183, 'auc': 0.99804}
val: {'epoch': 188, 'time_epoch': 0.06343, 'loss': 1.58716562, 'lr': 0, 'params': 276757, 'time_iter': 0.00453, 'accuracy': 0.55714, 'f1': 0.56259, 'auc': 0.95482}
test: {'epoch': 188, 'time_epoch': 0.06366, 'loss': 1.54070093, 'lr': 0, 'params': 276757, 'time_iter': 0.00455, 'accuracy': 0.61905, 'f1': 0.59469, 'auc': 0.96047}
> Epoch 188: took 2.0s (avg 2.1s) | Best so far: epoch 169	train_loss: 0.2709 train_accuracy: 0.9118	val_loss: 1.5786 val_accuracy: 0.5714	test_loss: 1.5087 test_accuracy: 0.5976	F1: 0.5753 Prec: 0.6198 Rec: 0.5976
train: {'epoch': 189, 'time_epoch': 1.63436, 'eta': 111.54385, 'eta_hours': 0.03098, 'loss': 0.23997973, 'lr': 0.00013985, 'params': 276757, 'time_iter': 0.00934, 'accuracy': 0.92258, 'f1': 0.9225, 'auc': 0.9983}
val: {'epoch': 189, 'time_epoch': 0.06658, 'loss': 1.61293541, 'lr': 0, 'params': 276757, 'time_iter': 0.00476, 'accuracy': 0.54286, 'f1': 0.54556, 'auc': 0.95467}
test: {'epoch': 189, 'time_epoch': 0.0596, 'loss': 1.52095396, 'lr': 0, 'params': 276757, 'time_iter': 0.00426, 'accuracy': 0.61905, 'f1': 0.5882, 'auc': 0.95878}
> Epoch 189: took 1.8s (avg 2.1s) | Best so far: epoch 169	train_loss: 0.2709 train_accuracy: 0.9118	val_loss: 1.5786 val_accuracy: 0.5714	test_loss: 1.5087 test_accuracy: 0.5976	F1: 0.5753 Prec: 0.6198 Rec: 0.5976
train: {'epoch': 190, 'time_epoch': 1.73693, 'eta': 109.64706, 'eta_hours': 0.03046, 'loss': 0.23664864, 'lr': 0.00013552, 'params': 276757, 'time_iter': 0.00993, 'accuracy': 0.9224, 'f1': 0.9224, 'auc': 0.99851}
val: {'epoch': 190, 'time_epoch': 0.08125, 'loss': 1.80026103, 'lr': 0, 'params': 276757, 'time_iter': 0.0058, 'accuracy': 0.51905, 'f1': 0.51125, 'auc': 0.94851}
test: {'epoch': 190, 'time_epoch': 0.06577, 'loss': 1.57953887, 'lr': 0, 'params': 276757, 'time_iter': 0.0047, 'accuracy': 0.63095, 'f1': 0.60647, 'auc': 0.9613}
> Epoch 190: took 2.0s (avg 2.1s) | Best so far: epoch 169	train_loss: 0.2709 train_accuracy: 0.9118	val_loss: 1.5786 val_accuracy: 0.5714	test_loss: 1.5087 test_accuracy: 0.5976	F1: 0.5753 Prec: 0.6198 Rec: 0.5976
train: {'epoch': 191, 'time_epoch': 1.7909, 'eta': 107.76824, 'eta_hours': 0.02994, 'loss': 0.24202565, 'lr': 0.00013124, 'params': 276757, 'time_iter': 0.01023, 'accuracy': 0.92312, 'f1': 0.92309, 'auc': 0.99831}
val: {'epoch': 191, 'time_epoch': 0.07409, 'loss': 1.5249054, 'lr': 0, 'params': 276757, 'time_iter': 0.00529, 'accuracy': 0.57143, 'f1': 0.5637, 'auc': 0.95901}
test: {'epoch': 191, 'time_epoch': 0.09316, 'loss': 1.51037602, 'lr': 0, 'params': 276757, 'time_iter': 0.00665, 'accuracy': 0.61667, 'f1': 0.58363, 'auc': 0.96155}
> Epoch 191: took 2.0s (avg 2.1s) | Best so far: epoch 169	train_loss: 0.2709 train_accuracy: 0.9118	val_loss: 1.5786 val_accuracy: 0.5714	test_loss: 1.5087 test_accuracy: 0.5976	F1: 0.5753 Prec: 0.6198 Rec: 0.5976
train: {'epoch': 192, 'time_epoch': 1.67701, 'eta': 105.85669, 'eta_hours': 0.0294, 'loss': 0.25485999, 'lr': 0.00012703, 'params': 276757, 'time_iter': 0.00958, 'accuracy': 0.91918, 'f1': 0.91913, 'auc': 0.99814}
val: {'epoch': 192, 'time_epoch': 0.07082, 'loss': 2.00963075, 'lr': 0, 'params': 276757, 'time_iter': 0.00506, 'accuracy': 0.46667, 'f1': 0.4569, 'auc': 0.94147}
test: {'epoch': 192, 'time_epoch': 0.06349, 'loss': 1.89473741, 'lr': 0, 'params': 276757, 'time_iter': 0.00453, 'accuracy': 0.55, 'f1': 0.51916, 'auc': 0.94601}
> Epoch 192: took 1.9s (avg 2.1s) | Best so far: epoch 169	train_loss: 0.2709 train_accuracy: 0.9118	val_loss: 1.5786 val_accuracy: 0.5714	test_loss: 1.5087 test_accuracy: 0.5976	F1: 0.5753 Prec: 0.6198 Rec: 0.5976
train: {'epoch': 193, 'time_epoch': 1.83165, 'eta': 103.9922, 'eta_hours': 0.02889, 'loss': 0.22992628, 'lr': 0.00012287, 'params': 276757, 'time_iter': 0.01047, 'accuracy': 0.92563, 'f1': 0.92555, 'auc': 0.99858}
val: {'epoch': 193, 'time_epoch': 0.06793, 'loss': 1.40309094, 'lr': 0, 'params': 276757, 'time_iter': 0.00485, 'accuracy': 0.59286, 'f1': 0.59718, 'auc': 0.96269}
test: {'epoch': 193, 'time_epoch': 0.08295, 'loss': 1.49905348, 'lr': 0, 'params': 276757, 'time_iter': 0.00593, 'accuracy': 0.62857, 'f1': 0.6025, 'auc': 0.96175}
[*] Confusion Matrix saved to: results_lopo_none/MS_3m\Conf\confusion_matrix_epoch_193.png
> Epoch 193: took 2.1s (avg 2.1s) | Best so far: epoch 193	train_loss: 0.2299 train_accuracy: 0.9256	val_loss: 1.4031 val_accuracy: 0.5929	test_loss: 1.4991 test_accuracy: 0.6286	F1: 0.6025 Prec: 0.6275 Rec: 0.6286
train: {'epoch': 194, 'time_epoch': 1.94248, 'eta': 102.1593, 'eta_hours': 0.02838, 'loss': 0.21948941, 'lr': 0.00011878, 'params': 276757, 'time_iter': 0.0111, 'accuracy': 0.92814, 'f1': 0.92803, 'auc': 0.99867}
val: {'epoch': 194, 'time_epoch': 0.07395, 'loss': 1.55777955, 'lr': 0, 'params': 276757, 'time_iter': 0.00528, 'accuracy': 0.57143, 'f1': 0.57021, 'auc': 0.95601}
test: {'epoch': 194, 'time_epoch': 0.0644, 'loss': 1.48773812, 'lr': 0, 'params': 276757, 'time_iter': 0.0046, 'accuracy': 0.6381, 'f1': 0.61318, 'auc': 0.96151}
> Epoch 194: took 2.1s (avg 2.1s) | Best so far: epoch 193	train_loss: 0.2299 train_accuracy: 0.9256	val_loss: 1.4031 val_accuracy: 0.5929	test_loss: 1.4991 test_accuracy: 0.6286	F1: 0.6025 Prec: 0.6275 Rec: 0.6286
train: {'epoch': 195, 'time_epoch': 1.72818, 'eta': 100.26625, 'eta_hours': 0.02785, 'loss': 0.24554075, 'lr': 0.00011474, 'params': 276757, 'time_iter': 0.00988, 'accuracy': 0.92204, 'f1': 0.92202, 'auc': 0.99824}
val: {'epoch': 195, 'time_epoch': 0.0706, 'loss': 1.77249908, 'lr': 0, 'params': 276757, 'time_iter': 0.00504, 'accuracy': 0.51429, 'f1': 0.50172, 'auc': 0.95092}
test: {'epoch': 195, 'time_epoch': 0.07873, 'loss': 1.45797912, 'lr': 0, 'params': 276757, 'time_iter': 0.00562, 'accuracy': 0.64524, 'f1': 0.61767, 'auc': 0.96442}
> Epoch 195: took 2.0s (avg 2.1s) | Best so far: epoch 193	train_loss: 0.2299 train_accuracy: 0.9256	val_loss: 1.4031 val_accuracy: 0.5929	test_loss: 1.4991 test_accuracy: 0.6286	F1: 0.6025 Prec: 0.6275 Rec: 0.6286
train: {'epoch': 196, 'time_epoch': 1.73669, 'eta': 98.37716, 'eta_hours': 0.02733, 'loss': 0.22495264, 'lr': 0.00011077, 'params': 276757, 'time_iter': 0.00992, 'accuracy': 0.92437, 'f1': 0.92429, 'auc': 0.99856}
val: {'epoch': 196, 'time_epoch': 0.06825, 'loss': 1.58435906, 'lr': 0, 'params': 276757, 'time_iter': 0.00488, 'accuracy': 0.55, 'f1': 0.54787, 'auc': 0.95673}
test: {'epoch': 196, 'time_epoch': 0.06654, 'loss': 1.44916153, 'lr': 0, 'params': 276757, 'time_iter': 0.00475, 'accuracy': 0.65952, 'f1': 0.63374, 'auc': 0.96125}
> Epoch 196: took 1.9s (avg 2.1s) | Best so far: epoch 193	train_loss: 0.2299 train_accuracy: 0.9256	val_loss: 1.4031 val_accuracy: 0.5929	test_loss: 1.4991 test_accuracy: 0.6286	F1: 0.6025 Prec: 0.6275 Rec: 0.6286
train: {'epoch': 197, 'time_epoch': 1.65312, 'eta': 96.46766, 'eta_hours': 0.0268, 'loss': 0.23636321, 'lr': 0.00010686, 'params': 276757, 'time_iter': 0.00945, 'accuracy': 0.92348, 'f1': 0.92344, 'auc': 0.99844}
val: {'epoch': 197, 'time_epoch': 0.07063, 'loss': 1.79077067, 'lr': 0, 'params': 276757, 'time_iter': 0.00505, 'accuracy': 0.51905, 'f1': 0.50674, 'auc': 0.95033}
test: {'epoch': 197, 'time_epoch': 0.07134, 'loss': 1.522982, 'lr': 0, 'params': 276757, 'time_iter': 0.0051, 'accuracy': 0.62381, 'f1': 0.59135, 'auc': 0.96326}
> Epoch 197: took 1.9s (avg 2.1s) | Best so far: epoch 193	train_loss: 0.2299 train_accuracy: 0.9256	val_loss: 1.4031 val_accuracy: 0.5929	test_loss: 1.4991 test_accuracy: 0.6286	F1: 0.6025 Prec: 0.6275 Rec: 0.6286
train: {'epoch': 198, 'time_epoch': 1.75333, 'eta': 94.58642, 'eta_hours': 0.02627, 'loss': 0.22086184, 'lr': 0.000103, 'params': 276757, 'time_iter': 0.01002, 'accuracy': 0.92778, 'f1': 0.92782, 'auc': 0.9987}
val: {'epoch': 198, 'time_epoch': 0.06689, 'loss': 1.70286577, 'lr': 0, 'params': 276757, 'time_iter': 0.00478, 'accuracy': 0.5119, 'f1': 0.51519, 'auc': 0.95066}
test: {'epoch': 198, 'time_epoch': 0.07341, 'loss': 1.68529051, 'lr': 0, 'params': 276757, 'time_iter': 0.00524, 'accuracy': 0.61429, 'f1': 0.58265, 'auc': 0.95249}
> Epoch 198: took 2.0s (avg 2.1s) | Best so far: epoch 193	train_loss: 0.2299 train_accuracy: 0.9256	val_loss: 1.4031 val_accuracy: 0.5929	test_loss: 1.4991 test_accuracy: 0.6286	F1: 0.6025 Prec: 0.6275 Rec: 0.6286
train: {'epoch': 199, 'time_epoch': 1.67618, 'eta': 92.68717, 'eta_hours': 0.02575, 'loss': 0.22297423, 'lr': 9.922e-05, 'params': 276757, 'time_iter': 0.00958, 'accuracy': 0.92688, 'f1': 0.92685, 'auc': 0.99865}
val: {'epoch': 199, 'time_epoch': 0.07004, 'loss': 1.77047756, 'lr': 0, 'params': 276757, 'time_iter': 0.005, 'accuracy': 0.5, 'f1': 0.49482, 'auc': 0.94988}
test: {'epoch': 199, 'time_epoch': 0.07944, 'loss': 1.65104333, 'lr': 0, 'params': 276757, 'time_iter': 0.00567, 'accuracy': 0.61905, 'f1': 0.59532, 'auc': 0.9576}
> Epoch 199: took 1.9s (avg 2.1s) | Best so far: epoch 193	train_loss: 0.2299 train_accuracy: 0.9256	val_loss: 1.4031 val_accuracy: 0.5929	test_loss: 1.4991 test_accuracy: 0.6286	F1: 0.6025 Prec: 0.6275 Rec: 0.6286
train: {'epoch': 200, 'time_epoch': 1.63596, 'eta': 90.78033, 'eta_hours': 0.02522, 'loss': 0.22764681, 'lr': 9.549e-05, 'params': 276757, 'time_iter': 0.00935, 'accuracy': 0.92724, 'f1': 0.92724, 'auc': 0.99853}
val: {'epoch': 200, 'time_epoch': 0.08171, 'loss': 1.77561174, 'lr': 0, 'params': 276757, 'time_iter': 0.00584, 'accuracy': 0.53333, 'f1': 0.5244, 'auc': 0.94849}
test: {'epoch': 200, 'time_epoch': 0.08429, 'loss': 1.42626315, 'lr': 0, 'params': 276757, 'time_iter': 0.00602, 'accuracy': 0.64048, 'f1': 0.61477, 'auc': 0.96501}
> Epoch 200: took 1.9s (avg 2.1s) | Best so far: epoch 193	train_loss: 0.2299 train_accuracy: 0.9256	val_loss: 1.4031 val_accuracy: 0.5929	test_loss: 1.4991 test_accuracy: 0.6286	F1: 0.6025 Prec: 0.6275 Rec: 0.6286
train: {'epoch': 201, 'time_epoch': 1.75248, 'eta': 88.90387, 'eta_hours': 0.0247, 'loss': 0.21626102, 'lr': 9.183e-05, 'params': 276757, 'time_iter': 0.01001, 'accuracy': 0.931, 'f1': 0.931, 'auc': 0.99869}
val: {'epoch': 201, 'time_epoch': 0.07494, 'loss': 1.66426425, 'lr': 0, 'params': 276757, 'time_iter': 0.00535, 'accuracy': 0.51905, 'f1': 0.52168, 'auc': 0.95217}
test: {'epoch': 201, 'time_epoch': 0.07189, 'loss': 1.5700399, 'lr': 0, 'params': 276757, 'time_iter': 0.00513, 'accuracy': 0.62143, 'f1': 0.59482, 'auc': 0.95864}
> Epoch 201: took 2.0s (avg 2.1s) | Best so far: epoch 193	train_loss: 0.2299 train_accuracy: 0.9256	val_loss: 1.4031 val_accuracy: 0.5929	test_loss: 1.4991 test_accuracy: 0.6286	F1: 0.6025 Prec: 0.6275 Rec: 0.6286
train: {'epoch': 202, 'time_epoch': 1.64674, 'eta': 87.00414, 'eta_hours': 0.02417, 'loss': 0.22525729, 'lr': 8.823e-05, 'params': 276757, 'time_iter': 0.00941, 'accuracy': 0.92939, 'f1': 0.9294, 'auc': 0.99858}
val: {'epoch': 202, 'time_epoch': 0.06532, 'loss': 1.884867, 'lr': 0, 'params': 276757, 'time_iter': 0.00467, 'accuracy': 0.4881, 'f1': 0.49772, 'auc': 0.94534}
test: {'epoch': 202, 'time_epoch': 0.06008, 'loss': 1.59349759, 'lr': 0, 'params': 276757, 'time_iter': 0.00429, 'accuracy': 0.63333, 'f1': 0.61102, 'auc': 0.95591}
> Epoch 202: took 1.8s (avg 2.1s) | Best so far: epoch 193	train_loss: 0.2299 train_accuracy: 0.9256	val_loss: 1.4031 val_accuracy: 0.5929	test_loss: 1.4991 test_accuracy: 0.6286	F1: 0.6025 Prec: 0.6275 Rec: 0.6286
train: {'epoch': 203, 'time_epoch': 1.75469, 'eta': 85.13124, 'eta_hours': 0.02365, 'loss': 0.23186454, 'lr': 8.47e-05, 'params': 276757, 'time_iter': 0.01003, 'accuracy': 0.9267, 'f1': 0.92668, 'auc': 0.99838}
val: {'epoch': 203, 'time_epoch': 0.07115, 'loss': 1.81546248, 'lr': 0, 'params': 276757, 'time_iter': 0.00508, 'accuracy': 0.53333, 'f1': 0.52519, 'auc': 0.94532}
test: {'epoch': 203, 'time_epoch': 0.07205, 'loss': 1.5173597, 'lr': 0, 'params': 276757, 'time_iter': 0.00515, 'accuracy': 0.63095, 'f1': 0.61288, 'auc': 0.95802}
> Epoch 203: took 2.0s (avg 2.1s) | Best so far: epoch 193	train_loss: 0.2299 train_accuracy: 0.9256	val_loss: 1.4031 val_accuracy: 0.5929	test_loss: 1.4991 test_accuracy: 0.6286	F1: 0.6025 Prec: 0.6275 Rec: 0.6286
train: {'epoch': 204, 'time_epoch': 2.03716, 'eta': 83.3215, 'eta_hours': 0.02314, 'loss': 0.2220663, 'lr': 8.124e-05, 'params': 276757, 'time_iter': 0.01164, 'accuracy': 0.92599, 'f1': 0.92596, 'auc': 0.99862}
val: {'epoch': 204, 'time_epoch': 0.07131, 'loss': 1.56669446, 'lr': 0, 'params': 276757, 'time_iter': 0.00509, 'accuracy': 0.55, 'f1': 0.55124, 'auc': 0.95829}
test: {'epoch': 204, 'time_epoch': 0.07776, 'loss': 1.47904169, 'lr': 0, 'params': 276757, 'time_iter': 0.00555, 'accuracy': 0.63095, 'f1': 0.61227, 'auc': 0.96041}
> Epoch 204: took 2.3s (avg 2.1s) | Best so far: epoch 193	train_loss: 0.2299 train_accuracy: 0.9256	val_loss: 1.4031 val_accuracy: 0.5929	test_loss: 1.4991 test_accuracy: 0.6286	F1: 0.6025 Prec: 0.6275 Rec: 0.6286
train: {'epoch': 205, 'time_epoch': 1.79645, 'eta': 81.45813, 'eta_hours': 0.02263, 'loss': 0.22390946, 'lr': 7.784e-05, 'params': 276757, 'time_iter': 0.01027, 'accuracy': 0.931, 'f1': 0.931, 'auc': 0.99862}
val: {'epoch': 205, 'time_epoch': 0.07051, 'loss': 1.5827944, 'lr': 0, 'params': 276757, 'time_iter': 0.00504, 'accuracy': 0.5619, 'f1': 0.56716, 'auc': 0.95676}
test: {'epoch': 205, 'time_epoch': 0.07103, 'loss': 1.59188766, 'lr': 0, 'params': 276757, 'time_iter': 0.00507, 'accuracy': 0.63095, 'f1': 0.59905, 'auc': 0.95626}
> Epoch 205: took 2.0s (avg 2.1s) | Best so far: epoch 193	train_loss: 0.2299 train_accuracy: 0.9256	val_loss: 1.4031 val_accuracy: 0.5929	test_loss: 1.4991 test_accuracy: 0.6286	F1: 0.6025 Prec: 0.6275 Rec: 0.6286
train: {'epoch': 206, 'time_epoch': 2.04466, 'eta': 79.64697, 'eta_hours': 0.02212, 'loss': 0.23206723, 'lr': 7.45e-05, 'params': 276757, 'time_iter': 0.01168, 'accuracy': 0.92527, 'f1': 0.92519, 'auc': 0.99849}
val: {'epoch': 206, 'time_epoch': 0.07676, 'loss': 1.56788104, 'lr': 0, 'params': 276757, 'time_iter': 0.00548, 'accuracy': 0.57619, 'f1': 0.57198, 'auc': 0.95653}
test: {'epoch': 206, 'time_epoch': 0.06753, 'loss': 1.47344735, 'lr': 0, 'params': 276757, 'time_iter': 0.00482, 'accuracy': 0.63571, 'f1': 0.60874, 'auc': 0.96188}
> Epoch 206: took 2.3s (avg 2.1s) | Best so far: epoch 193	train_loss: 0.2299 train_accuracy: 0.9256	val_loss: 1.4031 val_accuracy: 0.5929	test_loss: 1.4991 test_accuracy: 0.6286	F1: 0.6025 Prec: 0.6275 Rec: 0.6286
train: {'epoch': 207, 'time_epoch': 1.73711, 'eta': 77.77147, 'eta_hours': 0.0216, 'loss': 0.21735314, 'lr': 7.124e-05, 'params': 276757, 'time_iter': 0.00993, 'accuracy': 0.92885, 'f1': 0.92881, 'auc': 0.99868}
val: {'epoch': 207, 'time_epoch': 0.06703, 'loss': 1.68714965, 'lr': 0, 'params': 276757, 'time_iter': 0.00479, 'accuracy': 0.55, 'f1': 0.54926, 'auc': 0.95386}
test: {'epoch': 207, 'time_epoch': 0.06386, 'loss': 1.55790698, 'lr': 0, 'params': 276757, 'time_iter': 0.00456, 'accuracy': 0.63095, 'f1': 0.60661, 'auc': 0.96069}
> Epoch 207: took 1.9s (avg 2.1s) | Best so far: epoch 193	train_loss: 0.2299 train_accuracy: 0.9256	val_loss: 1.4031 val_accuracy: 0.5929	test_loss: 1.4991 test_accuracy: 0.6286	F1: 0.6025 Prec: 0.6275 Rec: 0.6286
train: {'epoch': 208, 'time_epoch': 1.64888, 'eta': 75.87998, 'eta_hours': 0.02108, 'loss': 0.22980446, 'lr': 6.804e-05, 'params': 276757, 'time_iter': 0.00942, 'accuracy': 0.9276, 'f1': 0.92758, 'auc': 0.99843}
val: {'epoch': 208, 'time_epoch': 0.07248, 'loss': 1.71959703, 'lr': 0, 'params': 276757, 'time_iter': 0.00518, 'accuracy': 0.51905, 'f1': 0.52012, 'auc': 0.95224}
test: {'epoch': 208, 'time_epoch': 0.09479, 'loss': 1.52290305, 'lr': 0, 'params': 276757, 'time_iter': 0.00677, 'accuracy': 0.63095, 'f1': 0.60095, 'auc': 0.95917}
> Epoch 208: took 1.9s (avg 2.1s) | Best so far: epoch 193	train_loss: 0.2299 train_accuracy: 0.9256	val_loss: 1.4031 val_accuracy: 0.5929	test_loss: 1.4991 test_accuracy: 0.6286	F1: 0.6025 Prec: 0.6275 Rec: 0.6286
train: {'epoch': 209, 'time_epoch': 1.76515, 'eta': 74.01294, 'eta_hours': 0.02056, 'loss': 0.21947573, 'lr': 6.491e-05, 'params': 276757, 'time_iter': 0.01009, 'accuracy': 0.92939, 'f1': 0.92933, 'auc': 0.99866}
val: {'epoch': 209, 'time_epoch': 0.08573, 'loss': 1.57491477, 'lr': 0, 'params': 276757, 'time_iter': 0.00612, 'accuracy': 0.55, 'f1': 0.54613, 'auc': 0.95777}
test: {'epoch': 209, 'time_epoch': 0.06343, 'loss': 1.52753181, 'lr': 0, 'params': 276757, 'time_iter': 0.00453, 'accuracy': 0.61429, 'f1': 0.59068, 'auc': 0.95978}
> Epoch 209: took 2.0s (avg 2.1s) | Best so far: epoch 193	train_loss: 0.2299 train_accuracy: 0.9256	val_loss: 1.4031 val_accuracy: 0.5929	test_loss: 1.4991 test_accuracy: 0.6286	F1: 0.6025 Prec: 0.6275 Rec: 0.6286
train: {'epoch': 210, 'time_epoch': 1.71537, 'eta': 72.13768, 'eta_hours': 0.02004, 'loss': 0.22449512, 'lr': 6.185e-05, 'params': 276757, 'time_iter': 0.0098, 'accuracy': 0.92724, 'f1': 0.92721, 'auc': 0.99848}
val: {'epoch': 210, 'time_epoch': 0.06275, 'loss': 1.73731877, 'lr': 0, 'params': 276757, 'time_iter': 0.00448, 'accuracy': 0.52381, 'f1': 0.52029, 'auc': 0.95101}
test: {'epoch': 210, 'time_epoch': 0.06361, 'loss': 1.41873619, 'lr': 0, 'params': 276757, 'time_iter': 0.00454, 'accuracy': 0.65238, 'f1': 0.62725, 'auc': 0.96562}
> Epoch 210: took 1.9s (avg 2.1s) | Best so far: epoch 193	train_loss: 0.2299 train_accuracy: 0.9256	val_loss: 1.4031 val_accuracy: 0.5929	test_loss: 1.4991 test_accuracy: 0.6286	F1: 0.6025 Prec: 0.6275 Rec: 0.6286
train: {'epoch': 211, 'time_epoch': 1.73454, 'eta': 70.26735, 'eta_hours': 0.01952, 'loss': 0.21864406, 'lr': 5.885e-05, 'params': 276757, 'time_iter': 0.00991, 'accuracy': 0.92724, 'f1': 0.92721, 'auc': 0.99857}
val: {'epoch': 211, 'time_epoch': 0.06819, 'loss': 1.46266039, 'lr': 0, 'params': 276757, 'time_iter': 0.00487, 'accuracy': 0.58095, 'f1': 0.58192, 'auc': 0.96122}
test: {'epoch': 211, 'time_epoch': 0.06588, 'loss': 1.40249489, 'lr': 0, 'params': 276757, 'time_iter': 0.00471, 'accuracy': 0.64524, 'f1': 0.62222, 'auc': 0.96574}
> Epoch 211: took 2.0s (avg 2.1s) | Best so far: epoch 193	train_loss: 0.2299 train_accuracy: 0.9256	val_loss: 1.4031 val_accuracy: 0.5929	test_loss: 1.4991 test_accuracy: 0.6286	F1: 0.6025 Prec: 0.6275 Rec: 0.6286
train: {'epoch': 212, 'time_epoch': 1.69619, 'eta': 68.39164, 'eta_hours': 0.019, 'loss': 0.21360461, 'lr': 5.593e-05, 'params': 276757, 'time_iter': 0.00969, 'accuracy': 0.9319, 'f1': 0.93185, 'auc': 0.99879}
val: {'epoch': 212, 'time_epoch': 0.07281, 'loss': 1.5898588, 'lr': 0, 'params': 276757, 'time_iter': 0.0052, 'accuracy': 0.56905, 'f1': 0.56876, 'auc': 0.95576}
test: {'epoch': 212, 'time_epoch': 0.07637, 'loss': 1.54320102, 'lr': 0, 'params': 276757, 'time_iter': 0.00546, 'accuracy': 0.63333, 'f1': 0.6062, 'auc': 0.96037}
> Epoch 212: took 1.9s (avg 2.1s) | Best so far: epoch 193	train_loss: 0.2299 train_accuracy: 0.9256	val_loss: 1.4031 val_accuracy: 0.5929	test_loss: 1.4991 test_accuracy: 0.6286	F1: 0.6025 Prec: 0.6275 Rec: 0.6286
train: {'epoch': 213, 'time_epoch': 1.6747, 'eta': 66.514, 'eta_hours': 0.01848, 'loss': 0.21498703, 'lr': 5.308e-05, 'params': 276757, 'time_iter': 0.00957, 'accuracy': 0.93208, 'f1': 0.93204, 'auc': 0.99872}
val: {'epoch': 213, 'time_epoch': 0.08386, 'loss': 1.5950877, 'lr': 0, 'params': 276757, 'time_iter': 0.00599, 'accuracy': 0.55476, 'f1': 0.55742, 'auc': 0.95556}
test: {'epoch': 213, 'time_epoch': 0.06368, 'loss': 1.5608338, 'lr': 0, 'params': 276757, 'time_iter': 0.00455, 'accuracy': 0.62143, 'f1': 0.59705, 'auc': 0.95864}
> Epoch 213: took 1.9s (avg 2.1s) | Best so far: epoch 193	train_loss: 0.2299 train_accuracy: 0.9256	val_loss: 1.4031 val_accuracy: 0.5929	test_loss: 1.4991 test_accuracy: 0.6286	F1: 0.6025 Prec: 0.6275 Rec: 0.6286
train: {'epoch': 214, 'time_epoch': 1.80777, 'eta': 64.6599, 'eta_hours': 0.01796, 'loss': 0.22124174, 'lr': 5.03e-05, 'params': 276757, 'time_iter': 0.01033, 'accuracy': 0.92939, 'f1': 0.92941, 'auc': 0.99861}
val: {'epoch': 214, 'time_epoch': 0.08242, 'loss': 1.64406889, 'lr': 0, 'params': 276757, 'time_iter': 0.00589, 'accuracy': 0.54286, 'f1': 0.54025, 'auc': 0.95546}
test: {'epoch': 214, 'time_epoch': 0.06581, 'loss': 1.57856247, 'lr': 0, 'params': 276757, 'time_iter': 0.0047, 'accuracy': 0.6381, 'f1': 0.61552, 'auc': 0.9603}
> Epoch 214: took 2.0s (avg 2.1s) | Best so far: epoch 193	train_loss: 0.2299 train_accuracy: 0.9256	val_loss: 1.4031 val_accuracy: 0.5929	test_loss: 1.4991 test_accuracy: 0.6286	F1: 0.6025 Prec: 0.6275 Rec: 0.6286
train: {'epoch': 215, 'time_epoch': 1.77463, 'eta': 62.80102, 'eta_hours': 0.01744, 'loss': 0.21918676, 'lr': 4.759e-05, 'params': 276757, 'time_iter': 0.01014, 'accuracy': 0.92832, 'f1': 0.92829, 'auc': 0.99873}
val: {'epoch': 215, 'time_epoch': 0.08568, 'loss': 1.43865434, 'lr': 0, 'params': 276757, 'time_iter': 0.00612, 'accuracy': 0.59762, 'f1': 0.59706, 'auc': 0.96174}
test: {'epoch': 215, 'time_epoch': 0.06513, 'loss': 1.42509677, 'lr': 0, 'params': 276757, 'time_iter': 0.00465, 'accuracy': 0.64762, 'f1': 0.61981, 'auc': 0.96521}
[*] Confusion Matrix saved to: results_lopo_none/MS_3m\Conf\confusion_matrix_epoch_215.png
> Epoch 215: took 2.0s (avg 2.1s) | Best so far: epoch 215	train_loss: 0.2192 train_accuracy: 0.9283	val_loss: 1.4387 val_accuracy: 0.5976	test_loss: 1.4251 test_accuracy: 0.6476	F1: 0.6198 Prec: 0.6542 Rec: 0.6476
train: {'epoch': 216, 'time_epoch': 1.79511, 'eta': 60.94602, 'eta_hours': 0.01693, 'loss': 0.21223154, 'lr': 4.495e-05, 'params': 276757, 'time_iter': 0.01026, 'accuracy': 0.93029, 'f1': 0.93023, 'auc': 0.99872}
val: {'epoch': 216, 'time_epoch': 0.06674, 'loss': 1.61451538, 'lr': 0, 'params': 276757, 'time_iter': 0.00477, 'accuracy': 0.54286, 'f1': 0.54117, 'auc': 0.95608}
test: {'epoch': 216, 'time_epoch': 0.06326, 'loss': 1.5485291, 'lr': 0, 'params': 276757, 'time_iter': 0.00452, 'accuracy': 0.63571, 'f1': 0.60898, 'auc': 0.96078}
> Epoch 216: took 2.0s (avg 2.1s) | Best so far: epoch 215	train_loss: 0.2192 train_accuracy: 0.9283	val_loss: 1.4387 val_accuracy: 0.5976	test_loss: 1.4251 test_accuracy: 0.6476	F1: 0.6198 Prec: 0.6542 Rec: 0.6476
train: {'epoch': 217, 'time_epoch': 1.75325, 'eta': 59.08543, 'eta_hours': 0.01641, 'loss': 0.22313428, 'lr': 4.238e-05, 'params': 276757, 'time_iter': 0.01002, 'accuracy': 0.93441, 'f1': 0.93434, 'auc': 0.99851}
val: {'epoch': 217, 'time_epoch': 0.0681, 'loss': 1.52926881, 'lr': 0, 'params': 276757, 'time_iter': 0.00486, 'accuracy': 0.5881, 'f1': 0.58598, 'auc': 0.95755}
test: {'epoch': 217, 'time_epoch': 0.06345, 'loss': 1.47080031, 'lr': 0, 'params': 276757, 'time_iter': 0.00453, 'accuracy': 0.64524, 'f1': 0.61417, 'auc': 0.96357}
> Epoch 217: took 2.0s (avg 2.1s) | Best so far: epoch 215	train_loss: 0.2192 train_accuracy: 0.9283	val_loss: 1.4387 val_accuracy: 0.5976	test_loss: 1.4251 test_accuracy: 0.6476	F1: 0.6198 Prec: 0.6542 Rec: 0.6476
train: {'epoch': 218, 'time_epoch': 1.67647, 'eta': 57.21496, 'eta_hours': 0.01589, 'loss': 0.21502021, 'lr': 3.988e-05, 'params': 276757, 'time_iter': 0.00958, 'accuracy': 0.93244, 'f1': 0.93241, 'auc': 0.99867}
val: {'epoch': 218, 'time_epoch': 0.06807, 'loss': 1.52037878, 'lr': 0, 'params': 276757, 'time_iter': 0.00486, 'accuracy': 0.58333, 'f1': 0.58074, 'auc': 0.95876}
test: {'epoch': 218, 'time_epoch': 0.06057, 'loss': 1.45773885, 'lr': 0, 'params': 276757, 'time_iter': 0.00433, 'accuracy': 0.64048, 'f1': 0.60567, 'auc': 0.96389}
> Epoch 218: took 1.9s (avg 2.1s) | Best so far: epoch 215	train_loss: 0.2192 train_accuracy: 0.9283	val_loss: 1.4387 val_accuracy: 0.5976	test_loss: 1.4251 test_accuracy: 0.6476	F1: 0.6198 Prec: 0.6542 Rec: 0.6476
train: {'epoch': 219, 'time_epoch': 1.79644, 'eta': 55.3626, 'eta_hours': 0.01538, 'loss': 0.21667477, 'lr': 3.746e-05, 'params': 276757, 'time_iter': 0.01027, 'accuracy': 0.92867, 'f1': 0.9286, 'auc': 0.99864}
val: {'epoch': 219, 'time_epoch': 0.1019, 'loss': 1.47806901, 'lr': 0, 'params': 276757, 'time_iter': 0.00728, 'accuracy': 0.5881, 'f1': 0.5899, 'auc': 0.95987}
test: {'epoch': 219, 'time_epoch': 0.07218, 'loss': 1.47711897, 'lr': 0, 'params': 276757, 'time_iter': 0.00516, 'accuracy': 0.6381, 'f1': 0.60974, 'auc': 0.96252}
> Epoch 219: took 2.1s (avg 2.1s) | Best so far: epoch 215	train_loss: 0.2192 train_accuracy: 0.9283	val_loss: 1.4387 val_accuracy: 0.5976	test_loss: 1.4251 test_accuracy: 0.6476	F1: 0.6198 Prec: 0.6542 Rec: 0.6476
train: {'epoch': 220, 'time_epoch': 1.9718, 'eta': 53.53377, 'eta_hours': 0.01487, 'loss': 0.21568804, 'lr': 3.511e-05, 'params': 276757, 'time_iter': 0.01127, 'accuracy': 0.92867, 'f1': 0.92871, 'auc': 0.9986}
val: {'epoch': 220, 'time_epoch': 0.07604, 'loss': 1.69123621, 'lr': 0, 'params': 276757, 'time_iter': 0.00543, 'accuracy': 0.55714, 'f1': 0.55499, 'auc': 0.95217}
test: {'epoch': 220, 'time_epoch': 0.06966, 'loss': 1.57900922, 'lr': 0, 'params': 276757, 'time_iter': 0.00498, 'accuracy': 0.63333, 'f1': 0.60425, 'auc': 0.95982}
> Epoch 220: took 2.2s (avg 2.1s) | Best so far: epoch 215	train_loss: 0.2192 train_accuracy: 0.9283	val_loss: 1.4387 val_accuracy: 0.5976	test_loss: 1.4251 test_accuracy: 0.6476	F1: 0.6198 Prec: 0.6542 Rec: 0.6476
train: {'epoch': 221, 'time_epoch': 1.77312, 'eta': 51.67858, 'eta_hours': 0.01436, 'loss': 0.2104589, 'lr': 3.284e-05, 'params': 276757, 'time_iter': 0.01013, 'accuracy': 0.93315, 'f1': 0.93319, 'auc': 0.99871}
val: {'epoch': 221, 'time_epoch': 0.06815, 'loss': 1.51664883, 'lr': 0, 'params': 276757, 'time_iter': 0.00487, 'accuracy': 0.59762, 'f1': 0.59537, 'auc': 0.95982}
test: {'epoch': 221, 'time_epoch': 0.07001, 'loss': 1.48006507, 'lr': 0, 'params': 276757, 'time_iter': 0.005, 'accuracy': 0.64286, 'f1': 0.61717, 'auc': 0.96292}
> Epoch 221: took 2.0s (avg 2.1s) | Best so far: epoch 215	train_loss: 0.2192 train_accuracy: 0.9283	val_loss: 1.4387 val_accuracy: 0.5976	test_loss: 1.4251 test_accuracy: 0.6476	F1: 0.6198 Prec: 0.6542 Rec: 0.6476
train: {'epoch': 222, 'time_epoch': 2.04588, 'eta': 49.85716, 'eta_hours': 0.01385, 'loss': 0.20832236, 'lr': 3.063e-05, 'params': 276757, 'time_iter': 0.01169, 'accuracy': 0.93315, 'f1': 0.93313, 'auc': 0.99882}
val: {'epoch': 222, 'time_epoch': 0.08686, 'loss': 1.48844014, 'lr': 0, 'params': 276757, 'time_iter': 0.0062, 'accuracy': 0.59048, 'f1': 0.58889, 'auc': 0.95988}
test: {'epoch': 222, 'time_epoch': 0.07565, 'loss': 1.44233793, 'lr': 0, 'params': 276757, 'time_iter': 0.0054, 'accuracy': 0.64762, 'f1': 0.61845, 'auc': 0.96505}
> Epoch 222: took 2.3s (avg 2.1s) | Best so far: epoch 215	train_loss: 0.2192 train_accuracy: 0.9283	val_loss: 1.4387 val_accuracy: 0.5976	test_loss: 1.4251 test_accuracy: 0.6476	F1: 0.6198 Prec: 0.6542 Rec: 0.6476
train: {'epoch': 223, 'time_epoch': 1.89357, 'eta': 48.01606, 'eta_hours': 0.01334, 'loss': 0.21630699, 'lr': 2.85e-05, 'params': 276757, 'time_iter': 0.01082, 'accuracy': 0.93297, 'f1': 0.93301, 'auc': 0.99866}
val: {'epoch': 223, 'time_epoch': 0.06785, 'loss': 1.46032281, 'lr': 0, 'params': 276757, 'time_iter': 0.00485, 'accuracy': 0.59286, 'f1': 0.59301, 'auc': 0.96161}
test: {'epoch': 223, 'time_epoch': 0.06665, 'loss': 1.47073302, 'lr': 0, 'params': 276757, 'time_iter': 0.00476, 'accuracy': 0.64524, 'f1': 0.61554, 'auc': 0.96357}
> Epoch 223: took 2.1s (avg 2.1s) | Best so far: epoch 215	train_loss: 0.2192 train_accuracy: 0.9283	val_loss: 1.4387 val_accuracy: 0.5976	test_loss: 1.4251 test_accuracy: 0.6476	F1: 0.6198 Prec: 0.6542 Rec: 0.6476
train: {'epoch': 224, 'time_epoch': 2.09864, 'eta': 46.19727, 'eta_hours': 0.01283, 'loss': 0.21070216, 'lr': 2.645e-05, 'params': 276757, 'time_iter': 0.01199, 'accuracy': 0.93315, 'f1': 0.93312, 'auc': 0.99878}
val: {'epoch': 224, 'time_epoch': 0.07674, 'loss': 1.5335154, 'lr': 0, 'params': 276757, 'time_iter': 0.00548, 'accuracy': 0.57143, 'f1': 0.56887, 'auc': 0.95797}
test: {'epoch': 224, 'time_epoch': 0.07201, 'loss': 1.45239532, 'lr': 0, 'params': 276757, 'time_iter': 0.00514, 'accuracy': 0.65476, 'f1': 0.62652, 'auc': 0.9639}
> Epoch 224: took 2.3s (avg 2.1s) | Best so far: epoch 215	train_loss: 0.2192 train_accuracy: 0.9283	val_loss: 1.4387 val_accuracy: 0.5976	test_loss: 1.4251 test_accuracy: 0.6476	F1: 0.6198 Prec: 0.6542 Rec: 0.6476
train: {'epoch': 225, 'time_epoch': 1.77973, 'eta': 44.34214, 'eta_hours': 0.01232, 'loss': 0.20884966, 'lr': 2.447e-05, 'params': 276757, 'time_iter': 0.01017, 'accuracy': 0.93495, 'f1': 0.93497, 'auc': 0.99868}
val: {'epoch': 225, 'time_epoch': 0.07658, 'loss': 1.54156444, 'lr': 0, 'params': 276757, 'time_iter': 0.00547, 'accuracy': 0.55476, 'f1': 0.55491, 'auc': 0.95818}
test: {'epoch': 225, 'time_epoch': 0.0909, 'loss': 1.5438557, 'lr': 0, 'params': 276757, 'time_iter': 0.00649, 'accuracy': 0.62857, 'f1': 0.60578, 'auc': 0.96087}
> Epoch 225: took 2.0s (avg 2.1s) | Best so far: epoch 215	train_loss: 0.2192 train_accuracy: 0.9283	val_loss: 1.4387 val_accuracy: 0.5976	test_loss: 1.4251 test_accuracy: 0.6476	F1: 0.6198 Prec: 0.6542 Rec: 0.6476
train: {'epoch': 226, 'time_epoch': 1.77713, 'eta': 42.48741, 'eta_hours': 0.0118, 'loss': 0.20629883, 'lr': 2.257e-05, 'params': 276757, 'time_iter': 0.01016, 'accuracy': 0.9362, 'f1': 0.93619, 'auc': 0.99878}
val: {'epoch': 226, 'time_epoch': 0.07231, 'loss': 1.48112774, 'lr': 0, 'params': 276757, 'time_iter': 0.00516, 'accuracy': 0.5881, 'f1': 0.5839, 'auc': 0.96136}
test: {'epoch': 226, 'time_epoch': 0.08516, 'loss': 1.3817654, 'lr': 0, 'params': 276757, 'time_iter': 0.00608, 'accuracy': 0.67143, 'f1': 0.64999, 'auc': 0.96525}
> Epoch 226: took 2.0s (avg 2.1s) | Best so far: epoch 215	train_loss: 0.2192 train_accuracy: 0.9283	val_loss: 1.4387 val_accuracy: 0.5976	test_loss: 1.4251 test_accuracy: 0.6476	F1: 0.6198 Prec: 0.6542 Rec: 0.6476
train: {'epoch': 227, 'time_epoch': 1.95858, 'eta': 40.65087, 'eta_hours': 0.01129, 'loss': 0.20386846, 'lr': 2.074e-05, 'params': 276757, 'time_iter': 0.01119, 'accuracy': 0.93244, 'f1': 0.9324, 'auc': 0.99884}
val: {'epoch': 227, 'time_epoch': 0.07261, 'loss': 1.45537092, 'lr': 0, 'params': 276757, 'time_iter': 0.00519, 'accuracy': 0.61429, 'f1': 0.61659, 'auc': 0.96185}
test: {'epoch': 227, 'time_epoch': 0.06798, 'loss': 1.44903456, 'lr': 0, 'params': 276757, 'time_iter': 0.00486, 'accuracy': 0.64524, 'f1': 0.62279, 'auc': 0.96302}
[*] Confusion Matrix saved to: results_lopo_none/MS_3m\Conf\confusion_matrix_epoch_227.png
> Epoch 227: took 2.2s (avg 2.1s) | Best so far: epoch 227	train_loss: 0.2039 train_accuracy: 0.9324	val_loss: 1.4554 val_accuracy: 0.6143	test_loss: 1.4490 test_accuracy: 0.6452	F1: 0.6228 Prec: 0.6719 Rec: 0.6452
train: {'epoch': 228, 'time_epoch': 1.8205, 'eta': 38.80061, 'eta_hours': 0.01078, 'loss': 0.21037702, 'lr': 1.899e-05, 'params': 276757, 'time_iter': 0.0104, 'accuracy': 0.93799, 'f1': 0.93798, 'auc': 0.99865}
val: {'epoch': 228, 'time_epoch': 0.06857, 'loss': 1.47459503, 'lr': 0, 'params': 276757, 'time_iter': 0.0049, 'accuracy': 0.5881, 'f1': 0.58895, 'auc': 0.9612}
test: {'epoch': 228, 'time_epoch': 0.06863, 'loss': 1.41174786, 'lr': 0, 'params': 276757, 'time_iter': 0.0049, 'accuracy': 0.6619, 'f1': 0.63822, 'auc': 0.96442}
> Epoch 228: took 2.0s (avg 2.1s) | Best so far: epoch 227	train_loss: 0.2039 train_accuracy: 0.9324	val_loss: 1.4554 val_accuracy: 0.6143	test_loss: 1.4490 test_accuracy: 0.6452	F1: 0.6228 Prec: 0.6719 Rec: 0.6452
train: {'epoch': 229, 'time_epoch': 2.13294, 'eta': 36.97777, 'eta_hours': 0.01027, 'loss': 0.20130234, 'lr': 1.731e-05, 'params': 276757, 'time_iter': 0.01219, 'accuracy': 0.9371, 'f1': 0.93705, 'auc': 0.99885}
val: {'epoch': 229, 'time_epoch': 0.07613, 'loss': 1.48778719, 'lr': 0, 'params': 276757, 'time_iter': 0.00544, 'accuracy': 0.59524, 'f1': 0.59896, 'auc': 0.96105}
test: {'epoch': 229, 'time_epoch': 0.06575, 'loss': 1.45228932, 'lr': 0, 'params': 276757, 'time_iter': 0.0047, 'accuracy': 0.65, 'f1': 0.62582, 'auc': 0.96397}
> Epoch 229: took 2.3s (avg 2.1s) | Best so far: epoch 227	train_loss: 0.2039 train_accuracy: 0.9324	val_loss: 1.4554 val_accuracy: 0.6143	test_loss: 1.4490 test_accuracy: 0.6452	F1: 0.6228 Prec: 0.6719 Rec: 0.6452
train: {'epoch': 230, 'time_epoch': 1.70469, 'eta': 35.11702, 'eta_hours': 0.00975, 'loss': 0.21675954, 'lr': 1.571e-05, 'params': 276757, 'time_iter': 0.00974, 'accuracy': 0.93477, 'f1': 0.9347, 'auc': 0.99856}
val: {'epoch': 230, 'time_epoch': 0.05765, 'loss': 1.49783346, 'lr': 0, 'params': 276757, 'time_iter': 0.00412, 'accuracy': 0.59286, 'f1': 0.59189, 'auc': 0.9594}
test: {'epoch': 230, 'time_epoch': 0.06367, 'loss': 1.42906298, 'lr': 0, 'params': 276757, 'time_iter': 0.00455, 'accuracy': 0.65952, 'f1': 0.63412, 'auc': 0.96411}
> Epoch 230: took 1.9s (avg 2.1s) | Best so far: epoch 227	train_loss: 0.2039 train_accuracy: 0.9324	val_loss: 1.4554 val_accuracy: 0.6143	test_loss: 1.4490 test_accuracy: 0.6452	F1: 0.6228 Prec: 0.6719 Rec: 0.6452
train: {'epoch': 231, 'time_epoch': 1.73421, 'eta': 33.25991, 'eta_hours': 0.00924, 'loss': 0.20760891, 'lr': 1.418e-05, 'params': 276757, 'time_iter': 0.00991, 'accuracy': 0.93172, 'f1': 0.93163, 'auc': 0.99875}
val: {'epoch': 231, 'time_epoch': 0.06949, 'loss': 1.50498867, 'lr': 0, 'params': 276757, 'time_iter': 0.00496, 'accuracy': 0.5881, 'f1': 0.58862, 'auc': 0.95986}
test: {'epoch': 231, 'time_epoch': 0.06805, 'loss': 1.46208323, 'lr': 0, 'params': 276757, 'time_iter': 0.00486, 'accuracy': 0.65238, 'f1': 0.6311, 'auc': 0.96384}
> Epoch 231: took 1.9s (avg 2.1s) | Best so far: epoch 227	train_loss: 0.2039 train_accuracy: 0.9324	val_loss: 1.4554 val_accuracy: 0.6143	test_loss: 1.4490 test_accuracy: 0.6452	F1: 0.6228 Prec: 0.6719 Rec: 0.6452
train: {'epoch': 232, 'time_epoch': 1.98478, 'eta': 31.42213, 'eta_hours': 0.00873, 'loss': 0.19120904, 'lr': 1.274e-05, 'params': 276757, 'time_iter': 0.01134, 'accuracy': 0.94158, 'f1': 0.94153, 'auc': 0.999}
val: {'epoch': 232, 'time_epoch': 0.08982, 'loss': 1.57876741, 'lr': 0, 'params': 276757, 'time_iter': 0.00642, 'accuracy': 0.55714, 'f1': 0.55906, 'auc': 0.95684}
test: {'epoch': 232, 'time_epoch': 0.07689, 'loss': 1.4905508, 'lr': 0, 'params': 276757, 'time_iter': 0.00549, 'accuracy': 0.6619, 'f1': 0.64092, 'auc': 0.96218}
> Epoch 232: took 2.2s (avg 2.1s) | Best so far: epoch 227	train_loss: 0.2039 train_accuracy: 0.9324	val_loss: 1.4554 val_accuracy: 0.6143	test_loss: 1.4490 test_accuracy: 0.6452	F1: 0.6228 Prec: 0.6719 Rec: 0.6452
train: {'epoch': 233, 'time_epoch': 1.74715, 'eta': 29.56685, 'eta_hours': 0.00821, 'loss': 0.21640001, 'lr': 1.137e-05, 'params': 276757, 'time_iter': 0.00998, 'accuracy': 0.92939, 'f1': 0.9294, 'auc': 0.99871}
val: {'epoch': 233, 'time_epoch': 0.07329, 'loss': 1.47480975, 'lr': 0, 'params': 276757, 'time_iter': 0.00523, 'accuracy': 0.6, 'f1': 0.60065, 'auc': 0.96112}
test: {'epoch': 233, 'time_epoch': 0.06741, 'loss': 1.42512548, 'lr': 0, 'params': 276757, 'time_iter': 0.00481, 'accuracy': 0.65714, 'f1': 0.63287, 'auc': 0.96409}
> Epoch 233: took 1.9s (avg 2.1s) | Best so far: epoch 227	train_loss: 0.2039 train_accuracy: 0.9324	val_loss: 1.4554 val_accuracy: 0.6143	test_loss: 1.4490 test_accuracy: 0.6452	F1: 0.6228 Prec: 0.6719 Rec: 0.6452
train: {'epoch': 234, 'time_epoch': 1.86213, 'eta': 27.71983, 'eta_hours': 0.0077, 'loss': 0.20808266, 'lr': 1.007e-05, 'params': 276757, 'time_iter': 0.01064, 'accuracy': 0.93495, 'f1': 0.93489, 'auc': 0.99879}
val: {'epoch': 234, 'time_epoch': 0.07204, 'loss': 1.54348153, 'lr': 0, 'params': 276757, 'time_iter': 0.00515, 'accuracy': 0.5881, 'f1': 0.58744, 'auc': 0.95738}
test: {'epoch': 234, 'time_epoch': 0.08928, 'loss': 1.41164194, 'lr': 0, 'params': 276757, 'time_iter': 0.00638, 'accuracy': 0.66905, 'f1': 0.64457, 'auc': 0.96554}
> Epoch 234: took 2.1s (avg 2.1s) | Best so far: epoch 227	train_loss: 0.2039 train_accuracy: 0.9324	val_loss: 1.4554 val_accuracy: 0.6143	test_loss: 1.4490 test_accuracy: 0.6452	F1: 0.6228 Prec: 0.6719 Rec: 0.6452
train: {'epoch': 235, 'time_epoch': 1.86057, 'eta': 25.87258, 'eta_hours': 0.00719, 'loss': 0.20466294, 'lr': 8.86e-06, 'params': 276757, 'time_iter': 0.01063, 'accuracy': 0.93548, 'f1': 0.93538, 'auc': 0.9988}
val: {'epoch': 235, 'time_epoch': 0.08229, 'loss': 1.50555586, 'lr': 0, 'params': 276757, 'time_iter': 0.00588, 'accuracy': 0.58571, 'f1': 0.58527, 'auc': 0.95852}
test: {'epoch': 235, 'time_epoch': 0.06579, 'loss': 1.39568272, 'lr': 0, 'params': 276757, 'time_iter': 0.0047, 'accuracy': 0.6619, 'f1': 0.63312, 'auc': 0.96601}
> Epoch 235: took 2.1s (avg 2.1s) | Best so far: epoch 227	train_loss: 0.2039 train_accuracy: 0.9324	val_loss: 1.4554 val_accuracy: 0.6143	test_loss: 1.4490 test_accuracy: 0.6452	F1: 0.6228 Prec: 0.6719 Rec: 0.6452
train: {'epoch': 236, 'time_epoch': 1.75671, 'eta': 24.01953, 'eta_hours': 0.00667, 'loss': 0.20166589, 'lr': 7.72e-06, 'params': 276757, 'time_iter': 0.01004, 'accuracy': 0.93405, 'f1': 0.93403, 'auc': 0.99883}
val: {'epoch': 236, 'time_epoch': 0.06996, 'loss': 1.57142606, 'lr': 0, 'params': 276757, 'time_iter': 0.005, 'accuracy': 0.57143, 'f1': 0.56693, 'auc': 0.95796}
test: {'epoch': 236, 'time_epoch': 0.10468, 'loss': 1.43837647, 'lr': 0, 'params': 276757, 'time_iter': 0.00748, 'accuracy': 0.65714, 'f1': 0.63019, 'auc': 0.96507}
> Epoch 236: took 2.0s (avg 2.1s) | Best so far: epoch 227	train_loss: 0.2039 train_accuracy: 0.9324	val_loss: 1.4554 val_accuracy: 0.6143	test_loss: 1.4490 test_accuracy: 0.6452	F1: 0.6228 Prec: 0.6719 Rec: 0.6452
train: {'epoch': 237, 'time_epoch': 1.92132, 'eta': 22.17559, 'eta_hours': 0.00616, 'loss': 0.20931308, 'lr': 6.66e-06, 'params': 276757, 'time_iter': 0.01098, 'accuracy': 0.93656, 'f1': 0.93653, 'auc': 0.99868}
val: {'epoch': 237, 'time_epoch': 0.08919, 'loss': 1.58913942, 'lr': 0, 'params': 276757, 'time_iter': 0.00637, 'accuracy': 0.55952, 'f1': 0.55992, 'auc': 0.95756}
test: {'epoch': 237, 'time_epoch': 0.08677, 'loss': 1.48544609, 'lr': 0, 'params': 276757, 'time_iter': 0.0062, 'accuracy': 0.65952, 'f1': 0.63328, 'auc': 0.96209}
> Epoch 237: took 2.2s (avg 2.1s) | Best so far: epoch 227	train_loss: 0.2039 train_accuracy: 0.9324	val_loss: 1.4554 val_accuracy: 0.6143	test_loss: 1.4490 test_accuracy: 0.6452	F1: 0.6228 Prec: 0.6719 Rec: 0.6452
train: {'epoch': 238, 'time_epoch': 2.16653, 'eta': 20.34229, 'eta_hours': 0.00565, 'loss': 0.19663593, 'lr': 5.67e-06, 'params': 276757, 'time_iter': 0.01238, 'accuracy': 0.93871, 'f1': 0.93865, 'auc': 0.99891}
val: {'epoch': 238, 'time_epoch': 0.07819, 'loss': 1.55329953, 'lr': 0, 'params': 276757, 'time_iter': 0.00559, 'accuracy': 0.56905, 'f1': 0.56336, 'auc': 0.9581}
test: {'epoch': 238, 'time_epoch': 0.12579, 'loss': 1.37014341, 'lr': 0, 'params': 276757, 'time_iter': 0.00899, 'accuracy': 0.67381, 'f1': 0.65067, 'auc': 0.96695}
> Epoch 238: took 2.5s (avg 2.1s) | Best so far: epoch 227	train_loss: 0.2039 train_accuracy: 0.9324	val_loss: 1.4554 val_accuracy: 0.6143	test_loss: 1.4490 test_accuracy: 0.6452	F1: 0.6228 Prec: 0.6719 Rec: 0.6452
train: {'epoch': 239, 'time_epoch': 2.28708, 'eta': 18.51123, 'eta_hours': 0.00514, 'loss': 0.19453724, 'lr': 4.77e-06, 'params': 276757, 'time_iter': 0.01307, 'accuracy': 0.93889, 'f1': 0.93887, 'auc': 0.999}
val: {'epoch': 239, 'time_epoch': 0.08352, 'loss': 1.52077666, 'lr': 0, 'params': 276757, 'time_iter': 0.00597, 'accuracy': 0.58095, 'f1': 0.58268, 'auc': 0.95888}
test: {'epoch': 239, 'time_epoch': 0.0754, 'loss': 1.4521287, 'lr': 0, 'params': 276757, 'time_iter': 0.00539, 'accuracy': 0.65, 'f1': 0.62325, 'auc': 0.96431}
> Epoch 239: took 2.5s (avg 2.1s) | Best so far: epoch 227	train_loss: 0.2039 train_accuracy: 0.9324	val_loss: 1.4554 val_accuracy: 0.6143	test_loss: 1.4490 test_accuracy: 0.6452	F1: 0.6228 Prec: 0.6719 Rec: 0.6452
train: {'epoch': 240, 'time_epoch': 1.90508, 'eta': 16.66212, 'eta_hours': 0.00463, 'loss': 0.19681939, 'lr': 3.94e-06, 'params': 276757, 'time_iter': 0.01089, 'accuracy': 0.93763, 'f1': 0.93759, 'auc': 0.99892}
val: {'epoch': 240, 'time_epoch': 0.07533, 'loss': 1.46876546, 'lr': 0, 'params': 276757, 'time_iter': 0.00538, 'accuracy': 0.60476, 'f1': 0.60116, 'auc': 0.96133}
test: {'epoch': 240, 'time_epoch': 0.10844, 'loss': 1.42331251, 'lr': 0, 'params': 276757, 'time_iter': 0.00775, 'accuracy': 0.66429, 'f1': 0.63842, 'auc': 0.96481}
> Epoch 240: took 2.2s (avg 2.1s) | Best so far: epoch 227	train_loss: 0.2039 train_accuracy: 0.9324	val_loss: 1.4554 val_accuracy: 0.6143	test_loss: 1.4490 test_accuracy: 0.6452	F1: 0.6228 Prec: 0.6719 Rec: 0.6452
train: {'epoch': 241, 'time_epoch': 2.13326, 'eta': 14.82009, 'eta_hours': 0.00412, 'loss': 0.21318037, 'lr': 3.19e-06, 'params': 276757, 'time_iter': 0.01219, 'accuracy': 0.92975, 'f1': 0.92973, 'auc': 0.9987}
val: {'epoch': 241, 'time_epoch': 0.07115, 'loss': 1.57227392, 'lr': 0, 'params': 276757, 'time_iter': 0.00508, 'accuracy': 0.57143, 'f1': 0.56976, 'auc': 0.9569}
test: {'epoch': 241, 'time_epoch': 0.08551, 'loss': 1.42997531, 'lr': 0, 'params': 276757, 'time_iter': 0.00611, 'accuracy': 0.66429, 'f1': 0.63672, 'auc': 0.96514}
> Epoch 241: took 2.4s (avg 2.1s) | Best so far: epoch 227	train_loss: 0.2039 train_accuracy: 0.9324	val_loss: 1.4554 val_accuracy: 0.6143	test_loss: 1.4490 test_accuracy: 0.6452	F1: 0.6228 Prec: 0.6719 Rec: 0.6452
train: {'epoch': 242, 'time_epoch': 1.8964, 'eta': 12.96885, 'eta_hours': 0.0036, 'loss': 0.20270721, 'lr': 2.52e-06, 'params': 276757, 'time_iter': 0.01084, 'accuracy': 0.93369, 'f1': 0.93375, 'auc': 0.99882}
val: {'epoch': 242, 'time_epoch': 0.0855, 'loss': 1.47736239, 'lr': 0, 'params': 276757, 'time_iter': 0.00611, 'accuracy': 0.5881, 'f1': 0.5876, 'auc': 0.96055}
test: {'epoch': 242, 'time_epoch': 0.09018, 'loss': 1.47010443, 'lr': 0, 'params': 276757, 'time_iter': 0.00644, 'accuracy': 0.65714, 'f1': 0.63321, 'auc': 0.9621}
> Epoch 242: took 2.2s (avg 2.1s) | Best so far: epoch 227	train_loss: 0.2039 train_accuracy: 0.9324	val_loss: 1.4554 val_accuracy: 0.6143	test_loss: 1.4490 test_accuracy: 0.6452	F1: 0.6228 Prec: 0.6719 Rec: 0.6452
train: {'epoch': 243, 'time_epoch': 1.82855, 'eta': 11.11556, 'eta_hours': 0.00309, 'loss': 0.20461272, 'lr': 1.93e-06, 'params': 276757, 'time_iter': 0.01045, 'accuracy': 0.93746, 'f1': 0.93745, 'auc': 0.99878}
val: {'epoch': 243, 'time_epoch': 0.08688, 'loss': 1.50575215, 'lr': 0, 'params': 276757, 'time_iter': 0.00621, 'accuracy': 0.57143, 'f1': 0.5677, 'auc': 0.95921}
test: {'epoch': 243, 'time_epoch': 0.07547, 'loss': 1.42713965, 'lr': 0, 'params': 276757, 'time_iter': 0.00539, 'accuracy': 0.6619, 'f1': 0.63952, 'auc': 0.96513}
> Epoch 243: took 2.1s (avg 2.1s) | Best so far: epoch 227	train_loss: 0.2039 train_accuracy: 0.9324	val_loss: 1.4554 val_accuracy: 0.6143	test_loss: 1.4490 test_accuracy: 0.6452	F1: 0.6228 Prec: 0.6719 Rec: 0.6452
train: {'epoch': 244, 'time_epoch': 1.91699, 'eta': 9.26428, 'eta_hours': 0.00257, 'loss': 0.20653392, 'lr': 1.42e-06, 'params': 276757, 'time_iter': 0.01095, 'accuracy': 0.93405, 'f1': 0.93405, 'auc': 0.99887}
val: {'epoch': 244, 'time_epoch': 0.07478, 'loss': 1.503384, 'lr': 0, 'params': 276757, 'time_iter': 0.00534, 'accuracy': 0.57381, 'f1': 0.57638, 'auc': 0.95989}
test: {'epoch': 244, 'time_epoch': 0.16366, 'loss': 1.48266705, 'lr': 0, 'params': 276757, 'time_iter': 0.01169, 'accuracy': 0.64762, 'f1': 0.62191, 'auc': 0.96241}
> Epoch 244: took 2.3s (avg 2.1s) | Best so far: epoch 227	train_loss: 0.2039 train_accuracy: 0.9324	val_loss: 1.4554 val_accuracy: 0.6143	test_loss: 1.4490 test_accuracy: 0.6452	F1: 0.6228 Prec: 0.6719 Rec: 0.6452
train: {'epoch': 245, 'time_epoch': 1.83258, 'eta': 7.41109, 'eta_hours': 0.00206, 'loss': 0.20098479, 'lr': 9.9e-07, 'params': 276757, 'time_iter': 0.01047, 'accuracy': 0.93656, 'f1': 0.93652, 'auc': 0.99889}
val: {'epoch': 245, 'time_epoch': 0.09477, 'loss': 1.51938088, 'lr': 0, 'params': 276757, 'time_iter': 0.00677, 'accuracy': 0.58095, 'f1': 0.58105, 'auc': 0.9581}
test: {'epoch': 245, 'time_epoch': 0.08476, 'loss': 1.46002569, 'lr': 0, 'params': 276757, 'time_iter': 0.00605, 'accuracy': 0.66905, 'f1': 0.64303, 'auc': 0.96395}
> Epoch 245: took 2.1s (avg 2.1s) | Best so far: epoch 227	train_loss: 0.2039 train_accuracy: 0.9324	val_loss: 1.4554 val_accuracy: 0.6143	test_loss: 1.4490 test_accuracy: 0.6452	F1: 0.6228 Prec: 0.6719 Rec: 0.6452
train: {'epoch': 246, 'time_epoch': 1.7559, 'eta': 5.55714, 'eta_hours': 0.00154, 'loss': 0.20415327, 'lr': 6.3e-07, 'params': 276757, 'time_iter': 0.01003, 'accuracy': 0.93459, 'f1': 0.93456, 'auc': 0.99884}
val: {'epoch': 246, 'time_epoch': 0.06847, 'loss': 1.45606994, 'lr': 0, 'params': 276757, 'time_iter': 0.00489, 'accuracy': 0.60952, 'f1': 0.60836, 'auc': 0.96066}
test: {'epoch': 246, 'time_epoch': 0.06949, 'loss': 1.42838989, 'lr': 0, 'params': 276757, 'time_iter': 0.00496, 'accuracy': 0.65476, 'f1': 0.6283, 'auc': 0.96357}
> Epoch 246: took 2.0s (avg 2.1s) | Best so far: epoch 227	train_loss: 0.2039 train_accuracy: 0.9324	val_loss: 1.4554 val_accuracy: 0.6143	test_loss: 1.4490 test_accuracy: 0.6452	F1: 0.6228 Prec: 0.6719 Rec: 0.6452
train: {'epoch': 247, 'time_epoch': 1.88651, 'eta': 3.70504, 'eta_hours': 0.00103, 'loss': 0.20168065, 'lr': 3.6e-07, 'params': 276757, 'time_iter': 0.01078, 'accuracy': 0.93602, 'f1': 0.93602, 'auc': 0.99884}
val: {'epoch': 247, 'time_epoch': 0.09099, 'loss': 1.53996086, 'lr': 0, 'params': 276757, 'time_iter': 0.0065, 'accuracy': 0.58571, 'f1': 0.58277, 'auc': 0.95802}
test: {'epoch': 247, 'time_epoch': 0.0634, 'loss': 1.41612054, 'lr': 0, 'params': 276757, 'time_iter': 0.00453, 'accuracy': 0.67143, 'f1': 0.64757, 'auc': 0.96548}
> Epoch 247: took 2.1s (avg 2.1s) | Best so far: epoch 227	train_loss: 0.2039 train_accuracy: 0.9324	val_loss: 1.4554 val_accuracy: 0.6143	test_loss: 1.4490 test_accuracy: 0.6452	F1: 0.6228 Prec: 0.6719 Rec: 0.6452
train: {'epoch': 248, 'time_epoch': 1.796, 'eta': 1.85229, 'eta_hours': 0.00051, 'loss': 0.1966431, 'lr': 1.6e-07, 'params': 276757, 'time_iter': 0.01026, 'accuracy': 0.93925, 'f1': 0.93922, 'auc': 0.99895}
val: {'epoch': 248, 'time_epoch': 0.07242, 'loss': 1.42263177, 'lr': 0, 'params': 276757, 'time_iter': 0.00517, 'accuracy': 0.59524, 'f1': 0.59226, 'auc': 0.96182}
test: {'epoch': 248, 'time_epoch': 0.07706, 'loss': 1.39015191, 'lr': 0, 'params': 276757, 'time_iter': 0.0055, 'accuracy': 0.65238, 'f1': 0.62864, 'auc': 0.96555}
> Epoch 248: took 2.0s (avg 2.1s) | Best so far: epoch 227	train_loss: 0.2039 train_accuracy: 0.9324	val_loss: 1.4554 val_accuracy: 0.6143	test_loss: 1.4490 test_accuracy: 0.6452	F1: 0.6228 Prec: 0.6719 Rec: 0.6452
train: {'epoch': 249, 'time_epoch': 1.78872, 'eta': 0.0, 'eta_hours': 0.0, 'loss': 0.19532466, 'lr': 4e-08, 'params': 276757, 'time_iter': 0.01022, 'accuracy': 0.93387, 'f1': 0.93379, 'auc': 0.99896}
val: {'epoch': 249, 'time_epoch': 0.06092, 'loss': 1.49690321, 'lr': 0, 'params': 276757, 'time_iter': 0.00435, 'accuracy': 0.6, 'f1': 0.59969, 'auc': 0.95976}
test: {'epoch': 249, 'time_epoch': 0.08951, 'loss': 1.41958969, 'lr': 0, 'params': 276757, 'time_iter': 0.00639, 'accuracy': 0.67143, 'f1': 0.64254, 'auc': 0.96543}
> Epoch 249: took 2.0s (avg 2.1s) | Best so far: epoch 227	train_loss: 0.2039 train_accuracy: 0.9324	val_loss: 1.4554 val_accuracy: 0.6143	test_loss: 1.4490 test_accuracy: 0.6452	F1: 0.6228 Prec: 0.6719 Rec: 0.6452
Avg time per epoch: 2.09s
Total train loop time: 0.14h
Task done, results saved in results_lopo_none/MS_3m
[*] All done: 2026-04-01 14:29:28.302131
