[*] Run ID 0: seed=0, split_index=0
    Starting now: 2026-04-20 14:28:27.694652
[*] Loaded dataset 'rfid' from 'RFID':
  Data(x=[51360, 30, 2], edge_index=[2, 51360], y=[6420], y_user=[6420], subject=[6420])
  undirected: True
  num graphs: 6420
  avg num_nodes/graph: 8
  num node features: 2
  num edge features: 0
  num classes: 21
[*] LOPO Split: Test Subj=IM 3m, Val Subj=JH 3m
    Train: 5580 | Val: 420 | Test: 420
GraphGymModule(
  (model): CustomGNN(
    (temporal_encoder): TemporalNodeEncoder(
      (lstm): LSTM(2, 30, batch_first=True, bidirectional=True)
    )
    (encoder): FeatureEncoder()
    (pre_mp): GeneralMultiLayer(
      (Layer_0): GeneralLayer(
        (layer): Linear(
          (model): Linear(60, 128, bias=False)
        )
        (post_layer): Sequential(
          (0): BatchNorm1d(128, eps=1e-05, momentum=0.1, affine=True, track_running_stats=True)
          (1): Dropout(p=0.2, inplace=False)
          (2): ReLU()
        )
      )
    )
    (gnn_layers): Sequential(
      (0): GCNConvLayer(
        (bn_node_x): BatchNorm1d(128, eps=1e-05, momentum=0.1, affine=True, track_running_stats=True)
        (act): Sequential(
          (0): ReLU()
          (1): Dropout(p=0.2, inplace=False)
        )
        (model): GCNConv(128, 128)
        (norm1_local): BatchNorm1d(128, eps=1e-05, momentum=0.1, affine=True, track_running_stats=True)
        (ff_linear1): Linear(in_features=128, out_features=256, bias=True)
        (ff_linear2): Linear(in_features=256, out_features=128, bias=True)
        (act_fn_ff): ReLU()
        (norm2): BatchNorm1d(128, eps=1e-05, momentum=0.1, affine=True, track_running_stats=True)
        (ff_dropout1): Dropout(p=0.2, inplace=False)
        (ff_dropout2): Dropout(p=0.2, inplace=False)
      )
      (1): GCNConvLayer(
        (bn_node_x): BatchNorm1d(128, eps=1e-05, momentum=0.1, affine=True, track_running_stats=True)
        (act): Sequential(
          (0): ReLU()
          (1): Dropout(p=0.2, inplace=False)
        )
        (model): GCNConv(128, 128)
        (norm1_local): BatchNorm1d(128, eps=1e-05, momentum=0.1, affine=True, track_running_stats=True)
        (ff_linear1): Linear(in_features=128, out_features=256, bias=True)
        (ff_linear2): Linear(in_features=256, out_features=128, bias=True)
        (act_fn_ff): ReLU()
        (norm2): BatchNorm1d(128, eps=1e-05, momentum=0.1, affine=True, track_running_stats=True)
        (ff_dropout1): Dropout(p=0.2, inplace=False)
        (ff_dropout2): Dropout(p=0.2, inplace=False)
      )
      (2): GCNConvLayer(
        (bn_node_x): BatchNorm1d(128, eps=1e-05, momentum=0.1, affine=True, track_running_stats=True)
        (act): Sequential(
          (0): ReLU()
          (1): Dropout(p=0.2, inplace=False)
        )
        (model): GCNConv(128, 128)
        (norm1_local): BatchNorm1d(128, eps=1e-05, momentum=0.1, affine=True, track_running_stats=True)
        (ff_linear1): Linear(in_features=128, out_features=256, bias=True)
        (ff_linear2): Linear(in_features=256, out_features=128, bias=True)
        (act_fn_ff): ReLU()
        (norm2): BatchNorm1d(128, eps=1e-05, momentum=0.1, affine=True, track_running_stats=True)
        (ff_dropout1): Dropout(p=0.2, inplace=False)
        (ff_dropout2): Dropout(p=0.2, inplace=False)
      )
    )
    (post_mp): MLPGraphHead(
      (mlp): Sequential(
        (0): Dropout(p=0.2, inplace=False)
        (1): Linear(in_features=128, out_features=128, bias=True)
        (2): ReLU()
        (3): Dropout(p=0.2, inplace=False)
        (4): Linear(in_features=128, out_features=21, bias=True)
      )
    )
  )
)
accelerator: cuda
adv:
  lambda_u: 1.0
  num_users: 16
  use: False
benchmark: False
bn:
  eps: 1e-05
  mom: 0.1
cfg_dest: config.yaml
custom_metrics: []
dataset:
  cache_load: False
  cache_save: False
  dir: C:\Users\PC\Desktop\AdversarialLearningProject 1\ICML\Adversarial_Learning\Daniel\RFIDDataSet\DataSetLOPO
  edge_dim: 128
  edge_encoder: False
  edge_encoder_bn: True
  edge_encoder_name: Bond
  edge_encoder_num_types: 0
  edge_message_ratio: 0.8
  edge_negative_sampling_ratio: 1.0
  edge_train_mode: all
  encoder: True
  encoder_bn: True
  encoder_dim: 128
  encoder_name: db
  format: RFID
  infer_link_label: None
  label_column: none
  label_table: none
  location: local
  name: rfid
  node_encoder: False
  node_encoder_bn: True
  node_encoder_name: Atom
  node_encoder_num_types: 0
  remove_feature: False
  resample_disjoint: False
  resample_negative: False
  shuffle_split: True
  slic_compactness: 10
  split: [0.8, 0.1, 0.1]
  split_dir: ./splits
  split_index: 0
  split_mode: lopo-subject
  task: graph
  task_type: classification
  test_subj: IM 3m
  to_undirected: False
  transductive: False
  transform: none
  tu_simple: True
  val_subj: JH 3m
devices: 1
example_arg: example
example_group:
  example_arg: example
gnn:
  act: relu
  agg: add
  att_final_linear: False
  att_final_linear_bn: False
  att_heads: 1
  batchnorm: True
  clear_feature: True
  dim_inner: 128
  dropout: 0.2
  ffn: True
  head: mlp_graph
  keep_edge: 0.5
  l2norm: True
  layer_type: gcn
  layers_mp: 3
  layers_post_mp: 2
  layers_pre_mp: 1
  msg_direction: single
  normalize_adj: False
  residual: False
  self_msg: concat
  skip_every: 1
  stage_type: stack
gpu_mem: False
mem:
  inplace: False
metric_agg: argmax
metric_best: accuracy
model:
  edge_decoding: dot
  graph_pooling: mean
  loss_fun: cross_entropy
  match_upper: True
  size_average: mean
  thresh: 0.5
  type: custom_gnn
name_tag: 
num_threads: 6
num_workers: 0
optim:
  base_lr: 0.001
  batch_accumulation: 1
  clip_grad_norm: False
  clip_grad_norm_value: 1.0
  lr_decay: 0.1
  max_epoch: 250
  min_lr: 0.0
  momentum: 0.9
  num_warmup_epochs: 50
  optimizer: adam
  reduce_factor: 0.1
  schedule_patience: 10
  scheduler: cos
  steps: [30, 60, 90]
  weight_decay: 0.0005
out_dir: results_lopo_1.0/IM_3m
posenc_RWSE:
  dim_pe: 16
  enable: False
  kernel:
    times: []
    times_func: 
  layers: 3
  model: none
  n_heads: 4
  pass_as_var: False
  post_layers: 0
  raw_norm_type: none
pretrained:
  dir: 
  freeze_main: False
  reset_prediction_head: True
print: both
round: 5
run_dir: results_lopo_1.0/IM_3m
run_id: 0
run_multiple_splits: []
seed: 0
share:
  dim_in: 30
  dim_out: 21
  num_splits: 3
tensorboard_agg: True
tensorboard_each_run: False
train:
  auto_resume: False
  batch_size: 32
  ckpt_best: False
  ckpt_clean: True
  ckpt_period: 100
  enable_ckpt: True
  epoch_resume: -1
  eval_period: 1
  eval_smoothing_metrics: False
  iter_per_epoch: 32
  mode: custom
  neighbor_sizes: [20, 15, 10, 5]
  node_per_graph: 32
  radius: extend
  sample_node: False
  sampler: full_batch
  skip_train_eval: False
  walk_length: 4
val:
  node_per_graph: 32
  radius: extend
  sample_node: False
  sampler: full_batch
view_emb: False
wandb:
  entity: gnn
  name: 
  project: rfid_lopo
  use: False
Num parameters: 284917
Start from epoch 0
train: {'epoch': 0, 'time_epoch': 6.68278, 'eta': 1664.01264, 'eta_hours': 0.46223, 'loss': 2.75926229, 'lr': 0.001, 'params': 284917, 'time_iter': 0.03819, 'accuracy': 0.14659, 'f1': 0.1311, 'auc': 0.71405}
...computing epoch stats took: 0.18s
val: {'epoch': 0, 'time_epoch': 0.29697, 'loss': 2.98845899, 'lr': 0, 'params': 284917, 'time_iter': 0.02121, 'accuracy': 0.1119, 'f1': 0.06351, 'auc': 0.73621}
...computing epoch stats took: 0.08s
test: {'epoch': 0, 'time_epoch': 0.23134, 'loss': 2.8024151, 'lr': 0, 'params': 284917, 'time_iter': 0.01652, 'accuracy': 0.13333, 'f1': 0.0685, 'auc': 0.84411}
...computing epoch stats took: 0.04s
[*] Confusion Matrix saved to: results_lopo_1.0/IM_3m\Conf\confusion_matrix_epoch_0.png
> Epoch 0: took 7.5s (avg 7.5s) | Best so far: epoch 0	train_loss: 2.7593 train_accuracy: 0.1466	val_loss: 2.9885 val_accuracy: 0.1119	test_loss: 2.8024 test_accuracy: 0.1333	F1: 0.0685 Prec: 0.0796 Rec: 0.1333
train: {'epoch': 1, 'time_epoch': 5.07059, 'eta': 1457.41848, 'eta_hours': 0.40484, 'loss': 2.29538314, 'lr': 0.00099996, 'params': 284917, 'time_iter': 0.02897, 'accuracy': 0.25609, 'f1': 0.24159, 'auc': 0.83449}
...computing epoch stats took: 0.07s
val: {'epoch': 1, 'time_epoch': 0.27905, 'loss': 5.75731794, 'lr': 0, 'params': 284917, 'time_iter': 0.01993, 'accuracy': 0.11429, 'f1': 0.03545, 'auc': 0.67692}
...computing epoch stats took: 0.07s
test: {'epoch': 1, 'time_epoch': 0.2826, 'loss': 5.59351406, 'lr': 0, 'params': 284917, 'time_iter': 0.02019, 'accuracy': 0.09286, 'f1': 0.02164, 'auc': 0.81092}
...computing epoch stats took: 0.06s
[*] Confusion Matrix saved to: results_lopo_1.0/IM_3m\Conf\confusion_matrix_epoch_1.png
> Epoch 1: took 5.8s (avg 6.7s) | Best so far: epoch 1	train_loss: 2.2954 train_accuracy: 0.2561	val_loss: 5.7573 val_accuracy: 0.1143	test_loss: 5.5935 test_accuracy: 0.0929	F1: 0.0216 Prec: 0.0123 Rec: 0.0929
train: {'epoch': 2, 'time_epoch': 5.40265, 'eta': 1412.51244, 'eta_hours': 0.39236, 'loss': 2.18849594, 'lr': 0.00099984, 'params': 284917, 'time_iter': 0.03087, 'accuracy': 0.27599, 'f1': 0.26179, 'auc': 0.85354}
...computing epoch stats took: 0.06s
val: {'epoch': 2, 'time_epoch': 0.23961, 'loss': 3.4083774, 'lr': 0, 'params': 284917, 'time_iter': 0.01711, 'accuracy': 0.1381, 'f1': 0.06601, 'auc': 0.73035}
...computing epoch stats took: 0.07s
test: {'epoch': 2, 'time_epoch': 0.25134, 'loss': 2.87862599, 'lr': 0, 'params': 284917, 'time_iter': 0.01795, 'accuracy': 0.12619, 'f1': 0.06455, 'auc': 0.83881}
...computing epoch stats took: 0.04s
[*] Confusion Matrix saved to: results_lopo_1.0/IM_3m\Conf\confusion_matrix_epoch_2.png
> Epoch 2: took 6.1s (avg 6.5s) | Best so far: epoch 2	train_loss: 2.1885 train_accuracy: 0.2760	val_loss: 3.4084 val_accuracy: 0.1381	test_loss: 2.8786 test_accuracy: 0.1262	F1: 0.0646 Prec: 0.0637 Rec: 0.1262
train: {'epoch': 3, 'time_epoch': 5.23172, 'eta': 1376.84606, 'eta_hours': 0.38246, 'loss': 2.07831269, 'lr': 0.00099964, 'params': 284917, 'time_iter': 0.0299, 'accuracy': 0.30376, 'f1': 0.29135, 'auc': 0.87141}
val: {'epoch': 3, 'time_epoch': 0.16962, 'loss': 3.595782, 'lr': 0, 'params': 284917, 'time_iter': 0.01212, 'accuracy': 0.07857, 'f1': 0.02055, 'auc': 0.6594}
test: {'epoch': 3, 'time_epoch': 0.2954, 'loss': 3.31829244, 'lr': 0, 'params': 284917, 'time_iter': 0.0211, 'accuracy': 0.08333, 'f1': 0.03615, 'auc': 0.77171}
> Epoch 3: took 5.9s (avg 6.3s) | Best so far: epoch 2	train_loss: 2.1885 train_accuracy: 0.2760	val_loss: 3.4084 val_accuracy: 0.1381	test_loss: 2.8786 test_accuracy: 0.1262	F1: 0.0646 Prec: 0.0637 Rec: 0.1262
train: {'epoch': 4, 'time_epoch': 5.09444, 'eta': 1346.6269, 'eta_hours': 0.37406, 'loss': 2.01785969, 'lr': 0.00099937, 'params': 284917, 'time_iter': 0.02911, 'accuracy': 0.3224, 'f1': 0.31322, 'auc': 0.87968}
val: {'epoch': 4, 'time_epoch': 0.2416, 'loss': 3.13080644, 'lr': 0, 'params': 284917, 'time_iter': 0.01726, 'accuracy': 0.18333, 'f1': 0.13334, 'auc': 0.77545}
test: {'epoch': 4, 'time_epoch': 0.20099, 'loss': 2.89559209, 'lr': 0, 'params': 284917, 'time_iter': 0.01436, 'accuracy': 0.19048, 'f1': 0.10208, 'auc': 0.84218}
[*] Confusion Matrix saved to: results_lopo_1.0/IM_3m\Conf\confusion_matrix_epoch_4.png
> Epoch 4: took 5.7s (avg 6.2s) | Best so far: epoch 4	train_loss: 2.0179 train_accuracy: 0.3224	val_loss: 3.1308 val_accuracy: 0.1833	test_loss: 2.8956 test_accuracy: 0.1905	F1: 0.1021 Prec: 0.0730 Rec: 0.1905
train: {'epoch': 5, 'time_epoch': 5.15275, 'eta': 1327.15388, 'eta_hours': 0.36865, 'loss': 1.92406992, 'lr': 0.00099901, 'params': 284917, 'time_iter': 0.02944, 'accuracy': 0.35771, 'f1': 0.35112, 'auc': 0.89316}
val: {'epoch': 5, 'time_epoch': 0.19676, 'loss': 7.42590635, 'lr': 0, 'params': 284917, 'time_iter': 0.01405, 'accuracy': 0.05, 'f1': 0.00777, 'auc': 0.62567}
test: {'epoch': 5, 'time_epoch': 0.22027, 'loss': 8.4292125, 'lr': 0, 'params': 284917, 'time_iter': 0.01573, 'accuracy': 0.04762, 'f1': 0.00455, 'auc': 0.60436}
> Epoch 5: took 5.7s (avg 6.1s) | Best so far: epoch 4	train_loss: 2.0179 train_accuracy: 0.3224	val_loss: 3.1308 val_accuracy: 0.1833	test_loss: 2.8956 test_accuracy: 0.1905	F1: 0.1021 Prec: 0.0730 Rec: 0.1905
train: {'epoch': 6, 'time_epoch': 5.16567, 'eta': 1312.22105, 'eta_hours': 0.36451, 'loss': 1.85437936, 'lr': 0.00099858, 'params': 284917, 'time_iter': 0.02952, 'accuracy': 0.37599, 'f1': 0.36959, 'auc': 0.90144}
val: {'epoch': 6, 'time_epoch': 0.27733, 'loss': 4.27211846, 'lr': 0, 'params': 284917, 'time_iter': 0.01981, 'accuracy': 0.10952, 'f1': 0.05072, 'auc': 0.70065}
test: {'epoch': 6, 'time_epoch': 0.23522, 'loss': 4.63356038, 'lr': 0, 'params': 284917, 'time_iter': 0.0168, 'accuracy': 0.11667, 'f1': 0.06179, 'auc': 0.72235}
> Epoch 6: took 5.9s (avg 6.1s) | Best so far: epoch 4	train_loss: 2.0179 train_accuracy: 0.3224	val_loss: 3.1308 val_accuracy: 0.1833	test_loss: 2.8956 test_accuracy: 0.1905	F1: 0.1021 Prec: 0.0730 Rec: 0.1905
train: {'epoch': 7, 'time_epoch': 5.40627, 'eta': 1307.00794, 'eta_hours': 0.36306, 'loss': 1.8072012, 'lr': 0.00099807, 'params': 284917, 'time_iter': 0.03089, 'accuracy': 0.3957, 'f1': 0.39024, 'auc': 0.90709}
val: {'epoch': 7, 'time_epoch': 0.18754, 'loss': 7.0631015, 'lr': 0, 'params': 284917, 'time_iter': 0.0134, 'accuracy': 0.05238, 'f1': 0.0091, 'auc': 0.66871}
test: {'epoch': 7, 'time_epoch': 0.28284, 'loss': 6.94998828, 'lr': 0, 'params': 284917, 'time_iter': 0.0202, 'accuracy': 0.04762, 'f1': 0.0046, 'auc': 0.62101}
> Epoch 7: took 6.1s (avg 6.1s) | Best so far: epoch 4	train_loss: 2.0179 train_accuracy: 0.3224	val_loss: 3.1308 val_accuracy: 0.1833	test_loss: 2.8956 test_accuracy: 0.1905	F1: 0.1021 Prec: 0.0730 Rec: 0.1905
train: {'epoch': 8, 'time_epoch': 5.19538, 'eta': 1296.10487, 'eta_hours': 0.36003, 'loss': 1.74433333, 'lr': 0.00099748, 'params': 284917, 'time_iter': 0.02969, 'accuracy': 0.41272, 'f1': 0.40793, 'auc': 0.91462}
val: {'epoch': 8, 'time_epoch': 0.24351, 'loss': 4.02044296, 'lr': 0, 'params': 284917, 'time_iter': 0.01739, 'accuracy': 0.11429, 'f1': 0.07537, 'auc': 0.67385}
test: {'epoch': 8, 'time_epoch': 0.25278, 'loss': 4.52158584, 'lr': 0, 'params': 284917, 'time_iter': 0.01806, 'accuracy': 0.10714, 'f1': 0.05189, 'auc': 0.69307}
> Epoch 8: took 5.9s (avg 6.1s) | Best so far: epoch 4	train_loss: 2.0179 train_accuracy: 0.3224	val_loss: 3.1308 val_accuracy: 0.1833	test_loss: 2.8956 test_accuracy: 0.1905	F1: 0.1021 Prec: 0.0730 Rec: 0.1905
train: {'epoch': 9, 'time_epoch': 5.50508, 'eta': 1293.77613, 'eta_hours': 0.35938, 'loss': 1.66740184, 'lr': 0.00099681, 'params': 284917, 'time_iter': 0.03146, 'accuracy': 0.43763, 'f1': 0.43424, 'auc': 0.92197}
val: {'epoch': 9, 'time_epoch': 0.29347, 'loss': 10.48914269, 'lr': 0, 'params': 284917, 'time_iter': 0.02096, 'accuracy': 0.06905, 'f1': 0.0161, 'auc': 0.64271}
test: {'epoch': 9, 'time_epoch': 0.22497, 'loss': 10.07360269, 'lr': 0, 'params': 284917, 'time_iter': 0.01607, 'accuracy': 0.06667, 'f1': 0.01487, 'auc': 0.73378}
> Epoch 9: took 6.2s (avg 6.1s) | Best so far: epoch 4	train_loss: 2.0179 train_accuracy: 0.3224	val_loss: 3.1308 val_accuracy: 0.1833	test_loss: 2.8956 test_accuracy: 0.1905	F1: 0.1021 Prec: 0.0730 Rec: 0.1905
train: {'epoch': 10, 'time_epoch': 5.24239, 'eta': 1285.16222, 'eta_hours': 0.35699, 'loss': 1.61982632, 'lr': 0.00099606, 'params': 284917, 'time_iter': 0.02996, 'accuracy': 0.45376, 'f1': 0.44899, 'auc': 0.92742}
val: {'epoch': 10, 'time_epoch': 0.24119, 'loss': 5.41835043, 'lr': 0, 'params': 284917, 'time_iter': 0.01723, 'accuracy': 0.1119, 'f1': 0.05131, 'auc': 0.71918}
test: {'epoch': 10, 'time_epoch': 0.22022, 'loss': 4.92168724, 'lr': 0, 'params': 284917, 'time_iter': 0.01573, 'accuracy': 0.14762, 'f1': 0.07947, 'auc': 0.77955}
> Epoch 10: took 5.9s (avg 6.1s) | Best so far: epoch 4	train_loss: 2.0179 train_accuracy: 0.3224	val_loss: 3.1308 val_accuracy: 0.1833	test_loss: 2.8956 test_accuracy: 0.1905	F1: 0.1021 Prec: 0.0730 Rec: 0.1905
train: {'epoch': 11, 'time_epoch': 4.90152, 'eta': 1270.34963, 'eta_hours': 0.35287, 'loss': 1.54709468, 'lr': 0.00099523, 'params': 284917, 'time_iter': 0.02801, 'accuracy': 0.48692, 'f1': 0.48394, 'auc': 0.93384}
val: {'epoch': 11, 'time_epoch': 0.26326, 'loss': 7.39090776, 'lr': 0, 'params': 284917, 'time_iter': 0.0188, 'accuracy': 0.05238, 'f1': 0.00981, 'auc': 0.63358}
test: {'epoch': 11, 'time_epoch': 0.25943, 'loss': 8.34967805, 'lr': 0, 'params': 284917, 'time_iter': 0.01853, 'accuracy': 0.10238, 'f1': 0.06408, 'auc': 0.64046}
> Epoch 11: took 5.6s (avg 6.0s) | Best so far: epoch 4	train_loss: 2.0179 train_accuracy: 0.3224	val_loss: 3.1308 val_accuracy: 0.1833	test_loss: 2.8956 test_accuracy: 0.1905	F1: 0.1021 Prec: 0.0730 Rec: 0.1905
train: {'epoch': 12, 'time_epoch': 5.53581, 'eta': 1268.62541, 'eta_hours': 0.3524, 'loss': 1.49351531, 'lr': 0.00099433, 'params': 284917, 'time_iter': 0.03163, 'accuracy': 0.4914, 'f1': 0.48827, 'auc': 0.93932}
val: {'epoch': 12, 'time_epoch': 0.29918, 'loss': 5.20119026, 'lr': 0, 'params': 284917, 'time_iter': 0.02137, 'accuracy': 0.12619, 'f1': 0.05133, 'auc': 0.75031}
test: {'epoch': 12, 'time_epoch': 0.26991, 'loss': 4.75642281, 'lr': 0, 'params': 284917, 'time_iter': 0.01928, 'accuracy': 0.12381, 'f1': 0.04268, 'auc': 0.78121}
> Epoch 12: took 6.3s (avg 6.1s) | Best so far: epoch 4	train_loss: 2.0179 train_accuracy: 0.3224	val_loss: 3.1308 val_accuracy: 0.1833	test_loss: 2.8956 test_accuracy: 0.1905	F1: 0.1021 Prec: 0.0730 Rec: 0.1905
train: {'epoch': 13, 'time_epoch': 5.53673, 'eta': 1266.37224, 'eta_hours': 0.35177, 'loss': 1.44638542, 'lr': 0.00099334, 'params': 284917, 'time_iter': 0.03164, 'accuracy': 0.50717, 'f1': 0.5049, 'auc': 0.94315}
val: {'epoch': 13, 'time_epoch': 0.26594, 'loss': 5.19727114, 'lr': 0, 'params': 284917, 'time_iter': 0.019, 'accuracy': 0.13571, 'f1': 0.07414, 'auc': 0.74777}
test: {'epoch': 13, 'time_epoch': 0.26114, 'loss': 4.93005778, 'lr': 0, 'params': 284917, 'time_iter': 0.01865, 'accuracy': 0.20952, 'f1': 0.11382, 'auc': 0.79965}
> Epoch 13: took 6.3s (avg 6.1s) | Best so far: epoch 4	train_loss: 2.0179 train_accuracy: 0.3224	val_loss: 3.1308 val_accuracy: 0.1833	test_loss: 2.8956 test_accuracy: 0.1905	F1: 0.1021 Prec: 0.0730 Rec: 0.1905
train: {'epoch': 14, 'time_epoch': 5.4554, 'eta': 1262.40717, 'eta_hours': 0.35067, 'loss': 1.38717127, 'lr': 0.00099228, 'params': 284917, 'time_iter': 0.03117, 'accuracy': 0.53477, 'f1': 0.53213, 'auc': 0.94741}
val: {'epoch': 14, 'time_epoch': 0.16056, 'loss': 7.38715237, 'lr': 0, 'params': 284917, 'time_iter': 0.01147, 'accuracy': 0.11667, 'f1': 0.05252, 'auc': 0.66804}
test: {'epoch': 14, 'time_epoch': 0.16515, 'loss': 7.31333744, 'lr': 0, 'params': 284917, 'time_iter': 0.0118, 'accuracy': 0.10952, 'f1': 0.04847, 'auc': 0.72539}
> Epoch 14: took 5.9s (avg 6.1s) | Best so far: epoch 4	train_loss: 2.0179 train_accuracy: 0.3224	val_loss: 3.1308 val_accuracy: 0.1833	test_loss: 2.8956 test_accuracy: 0.1905	F1: 0.1021 Prec: 0.0730 Rec: 0.1905
train: {'epoch': 15, 'time_epoch': 3.06899, 'eta': 1223.35449, 'eta_hours': 0.33982, 'loss': 1.37115138, 'lr': 0.00099114, 'params': 284917, 'time_iter': 0.01754, 'accuracy': 0.5353, 'f1': 0.53328, 'auc': 0.94908}
val: {'epoch': 15, 'time_epoch': 0.08569, 'loss': 8.11583228, 'lr': 0, 'params': 284917, 'time_iter': 0.00612, 'accuracy': 0.14524, 'f1': 0.04857, 'auc': 0.70839}
test: {'epoch': 15, 'time_epoch': 0.08673, 'loss': 8.06778278, 'lr': 0, 'params': 284917, 'time_iter': 0.0062, 'accuracy': 0.05476, 'f1': 0.01261, 'auc': 0.67291}
> Epoch 15: took 3.3s (avg 5.9s) | Best so far: epoch 4	train_loss: 2.0179 train_accuracy: 0.3224	val_loss: 3.1308 val_accuracy: 0.1833	test_loss: 2.8956 test_accuracy: 0.1905	F1: 0.1021 Prec: 0.0730 Rec: 0.1905
train: {'epoch': 16, 'time_epoch': 2.36421, 'eta': 1178.87554, 'eta_hours': 0.32747, 'loss': 1.34965585, 'lr': 0.00098993, 'params': 284917, 'time_iter': 0.01351, 'accuracy': 0.53853, 'f1': 0.53723, 'auc': 0.95044}
val: {'epoch': 16, 'time_epoch': 0.08199, 'loss': 9.3237622, 'lr': 0, 'params': 284917, 'time_iter': 0.00586, 'accuracy': 0.05714, 'f1': 0.01561, 'auc': 0.67065}
test: {'epoch': 16, 'time_epoch': 0.09623, 'loss': 9.47322328, 'lr': 0, 'params': 284917, 'time_iter': 0.00687, 'accuracy': 0.09524, 'f1': 0.04335, 'auc': 0.7454}
> Epoch 16: took 2.6s (avg 5.7s) | Best so far: epoch 4	train_loss: 2.0179 train_accuracy: 0.3224	val_loss: 3.1308 val_accuracy: 0.1833	test_loss: 2.8956 test_accuracy: 0.1905	F1: 0.1021 Prec: 0.0730 Rec: 0.1905
train: {'epoch': 17, 'time_epoch': 2.27014, 'eta': 1137.86352, 'eta_hours': 0.31607, 'loss': 1.31248559, 'lr': 0.00098863, 'params': 284917, 'time_iter': 0.01297, 'accuracy': 0.54982, 'f1': 0.54741, 'auc': 0.95321}
val: {'epoch': 17, 'time_epoch': 0.0845, 'loss': 7.26024595, 'lr': 0, 'params': 284917, 'time_iter': 0.00604, 'accuracy': 0.13095, 'f1': 0.05985, 'auc': 0.67522}
test: {'epoch': 17, 'time_epoch': 0.08329, 'loss': 5.23087259, 'lr': 0, 'params': 284917, 'time_iter': 0.00595, 'accuracy': 0.14286, 'f1': 0.05772, 'auc': 0.78536}
> Epoch 17: took 2.5s (avg 5.5s) | Best so far: epoch 4	train_loss: 2.0179 train_accuracy: 0.3224	val_loss: 3.1308 val_accuracy: 0.1833	test_loss: 2.8956 test_accuracy: 0.1905	F1: 0.1021 Prec: 0.0730 Rec: 0.1905
train: {'epoch': 18, 'time_epoch': 2.30669, 'eta': 1101.374, 'eta_hours': 0.30594, 'loss': 1.26953403, 'lr': 0.00098726, 'params': 284917, 'time_iter': 0.01318, 'accuracy': 0.57079, 'f1': 0.56936, 'auc': 0.95633}
val: {'epoch': 18, 'time_epoch': 0.11557, 'loss': 5.11997245, 'lr': 0, 'params': 284917, 'time_iter': 0.00826, 'accuracy': 0.15238, 'f1': 0.07398, 'auc': 0.77683}
test: {'epoch': 18, 'time_epoch': 0.10926, 'loss': 5.02559964, 'lr': 0, 'params': 284917, 'time_iter': 0.0078, 'accuracy': 0.14762, 'f1': 0.06438, 'auc': 0.7752}
> Epoch 18: took 2.6s (avg 5.4s) | Best so far: epoch 4	train_loss: 2.0179 train_accuracy: 0.3224	val_loss: 3.1308 val_accuracy: 0.1833	test_loss: 2.8956 test_accuracy: 0.1905	F1: 0.1021 Prec: 0.0730 Rec: 0.1905
train: {'epoch': 19, 'time_epoch': 2.728, 'eta': 1073.14788, 'eta_hours': 0.2981, 'loss': 1.21395646, 'lr': 0.00098582, 'params': 284917, 'time_iter': 0.01559, 'accuracy': 0.59211, 'f1': 0.59085, 'auc': 0.96}
val: {'epoch': 19, 'time_epoch': 0.08446, 'loss': 9.81641321, 'lr': 0, 'params': 284917, 'time_iter': 0.00603, 'accuracy': 0.04762, 'f1': 0.00526, 'auc': 0.625}
test: {'epoch': 19, 'time_epoch': 0.0762, 'loss': 10.70834548, 'lr': 0, 'params': 284917, 'time_iter': 0.00544, 'accuracy': 0.05714, 'f1': 0.02142, 'auc': 0.66298}
> Epoch 19: took 3.0s (avg 5.2s) | Best so far: epoch 4	train_loss: 2.0179 train_accuracy: 0.3224	val_loss: 3.1308 val_accuracy: 0.1833	test_loss: 2.8956 test_accuracy: 0.1905	F1: 0.1021 Prec: 0.0730 Rec: 0.1905
train: {'epoch': 20, 'time_epoch': 2.17492, 'eta': 1041.31892, 'eta_hours': 0.28926, 'loss': 1.2196421, 'lr': 0.00098429, 'params': 284917, 'time_iter': 0.01243, 'accuracy': 0.58405, 'f1': 0.58254, 'auc': 0.95966}
val: {'epoch': 20, 'time_epoch': 0.08191, 'loss': 4.66949665, 'lr': 0, 'params': 284917, 'time_iter': 0.00585, 'accuracy': 0.10476, 'f1': 0.05527, 'auc': 0.74699}
test: {'epoch': 20, 'time_epoch': 0.10669, 'loss': 4.41796237, 'lr': 0, 'params': 284917, 'time_iter': 0.00762, 'accuracy': 0.1619, 'f1': 0.09268, 'auc': 0.80302}
> Epoch 20: took 2.4s (avg 5.1s) | Best so far: epoch 4	train_loss: 2.0179 train_accuracy: 0.3224	val_loss: 3.1308 val_accuracy: 0.1833	test_loss: 2.8956 test_accuracy: 0.1905	F1: 0.1021 Prec: 0.0730 Rec: 0.1905
train: {'epoch': 21, 'time_epoch': 2.31394, 'eta': 1013.6265, 'eta_hours': 0.28156, 'loss': 1.19303022, 'lr': 0.00098269, 'params': 284917, 'time_iter': 0.01322, 'accuracy': 0.5991, 'f1': 0.59746, 'auc': 0.96129}
val: {'epoch': 21, 'time_epoch': 0.08208, 'loss': 4.80022793, 'lr': 0, 'params': 284917, 'time_iter': 0.00586, 'accuracy': 0.10476, 'f1': 0.06198, 'auc': 0.79638}
test: {'epoch': 21, 'time_epoch': 0.08089, 'loss': 4.86923346, 'lr': 0, 'params': 284917, 'time_iter': 0.00578, 'accuracy': 0.16905, 'f1': 0.07473, 'auc': 0.87714}
> Epoch 21: took 2.5s (avg 5.0s) | Best so far: epoch 4	train_loss: 2.0179 train_accuracy: 0.3224	val_loss: 3.1308 val_accuracy: 0.1833	test_loss: 2.8956 test_accuracy: 0.1905	F1: 0.1021 Prec: 0.0730 Rec: 0.1905
train: {'epoch': 22, 'time_epoch': 2.70156, 'eta': 991.9666, 'eta_hours': 0.27555, 'loss': 1.17116073, 'lr': 0.00098101, 'params': 284917, 'time_iter': 0.01544, 'accuracy': 0.59785, 'f1': 0.59721, 'auc': 0.96304}
val: {'epoch': 22, 'time_epoch': 0.08228, 'loss': 7.5998168, 'lr': 0, 'params': 284917, 'time_iter': 0.00588, 'accuracy': 0.13095, 'f1': 0.05022, 'auc': 0.71261}
test: {'epoch': 22, 'time_epoch': 0.0899, 'loss': 7.20726288, 'lr': 0, 'params': 284917, 'time_iter': 0.00642, 'accuracy': 0.1119, 'f1': 0.03892, 'auc': 0.73245}
> Epoch 22: took 3.0s (avg 4.9s) | Best so far: epoch 4	train_loss: 2.0179 train_accuracy: 0.3224	val_loss: 3.1308 val_accuracy: 0.1833	test_loss: 2.8956 test_accuracy: 0.1905	F1: 0.1021 Prec: 0.0730 Rec: 0.1905
train: {'epoch': 23, 'time_epoch': 2.08212, 'eta': 966.05348, 'eta_hours': 0.26835, 'loss': 1.13521795, 'lr': 0.00097926, 'params': 284917, 'time_iter': 0.0119, 'accuracy': 0.619, 'f1': 0.61755, 'auc': 0.96523}
val: {'epoch': 23, 'time_epoch': 0.08702, 'loss': 7.03796229, 'lr': 0, 'params': 284917, 'time_iter': 0.00622, 'accuracy': 0.09762, 'f1': 0.02228, 'auc': 0.68783}
test: {'epoch': 23, 'time_epoch': 0.08138, 'loss': 7.23440183, 'lr': 0, 'params': 284917, 'time_iter': 0.00581, 'accuracy': 0.06429, 'f1': 0.01377, 'auc': 0.65316}
> Epoch 23: took 2.3s (avg 4.8s) | Best so far: epoch 4	train_loss: 2.0179 train_accuracy: 0.3224	val_loss: 3.1308 val_accuracy: 0.1833	test_loss: 2.8956 test_accuracy: 0.1905	F1: 0.1021 Prec: 0.0730 Rec: 0.1905
train: {'epoch': 24, 'time_epoch': 2.05937, 'eta': 941.8421, 'eta_hours': 0.26162, 'loss': 1.12308876, 'lr': 0.00097743, 'params': 284917, 'time_iter': 0.01177, 'accuracy': 0.62993, 'f1': 0.62919, 'auc': 0.96554}
val: {'epoch': 24, 'time_epoch': 0.09741, 'loss': 5.42105537, 'lr': 0, 'params': 284917, 'time_iter': 0.00696, 'accuracy': 0.12619, 'f1': 0.09799, 'auc': 0.73873}
test: {'epoch': 24, 'time_epoch': 0.08461, 'loss': 4.21955146, 'lr': 0, 'params': 284917, 'time_iter': 0.00604, 'accuracy': 0.18571, 'f1': 0.12021, 'auc': 0.85435}
> Epoch 24: took 2.3s (avg 4.7s) | Best so far: epoch 4	train_loss: 2.0179 train_accuracy: 0.3224	val_loss: 3.1308 val_accuracy: 0.1833	test_loss: 2.8956 test_accuracy: 0.1905	F1: 0.1021 Prec: 0.0730 Rec: 0.1905
train: {'epoch': 25, 'time_epoch': 2.4499, 'eta': 922.69925, 'eta_hours': 0.25631, 'loss': 1.07303422, 'lr': 0.00097553, 'params': 284917, 'time_iter': 0.014, 'accuracy': 0.64695, 'f1': 0.64547, 'auc': 0.96882}
val: {'epoch': 25, 'time_epoch': 0.08397, 'loss': 3.39312078, 'lr': 0, 'params': 284917, 'time_iter': 0.006, 'accuracy': 0.15238, 'f1': 0.10497, 'auc': 0.83896}
test: {'epoch': 25, 'time_epoch': 0.08476, 'loss': 3.93660173, 'lr': 0, 'params': 284917, 'time_iter': 0.00605, 'accuracy': 0.2, 'f1': 0.12693, 'auc': 0.87383}
> Epoch 25: took 2.7s (avg 4.6s) | Best so far: epoch 4	train_loss: 2.0179 train_accuracy: 0.3224	val_loss: 3.1308 val_accuracy: 0.1833	test_loss: 2.8956 test_accuracy: 0.1905	F1: 0.1021 Prec: 0.0730 Rec: 0.1905
train: {'epoch': 26, 'time_epoch': 2.11281, 'eta': 902.00881, 'eta_hours': 0.25056, 'loss': 1.09209536, 'lr': 0.00097355, 'params': 284917, 'time_iter': 0.01207, 'accuracy': 0.63602, 'f1': 0.63519, 'auc': 0.96766}
val: {'epoch': 26, 'time_epoch': 0.09231, 'loss': 9.7737761, 'lr': 0, 'params': 284917, 'time_iter': 0.00659, 'accuracy': 0.05238, 'f1': 0.01102, 'auc': 0.61863}
test: {'epoch': 26, 'time_epoch': 0.09657, 'loss': 10.7742598, 'lr': 0, 'params': 284917, 'time_iter': 0.0069, 'accuracy': 0.07381, 'f1': 0.03975, 'auc': 0.63967}
> Epoch 26: took 2.4s (avg 4.5s) | Best so far: epoch 4	train_loss: 2.0179 train_accuracy: 0.3224	val_loss: 3.1308 val_accuracy: 0.1833	test_loss: 2.8956 test_accuracy: 0.1905	F1: 0.1021 Prec: 0.0730 Rec: 0.1905
train: {'epoch': 27, 'time_epoch': 2.19384, 'eta': 883.28778, 'eta_hours': 0.24536, 'loss': 1.06043726, 'lr': 0.0009715, 'params': 284917, 'time_iter': 0.01254, 'accuracy': 0.64928, 'f1': 0.64828, 'auc': 0.96963}
val: {'epoch': 27, 'time_epoch': 0.08627, 'loss': 3.75278828, 'lr': 0, 'params': 284917, 'time_iter': 0.00616, 'accuracy': 0.23571, 'f1': 0.1851, 'auc': 0.82768}
test: {'epoch': 27, 'time_epoch': 0.08525, 'loss': 4.36385283, 'lr': 0, 'params': 284917, 'time_iter': 0.00609, 'accuracy': 0.14762, 'f1': 0.07845, 'auc': 0.85243}
[*] Confusion Matrix saved to: results_lopo_1.0/IM_3m\Conf\confusion_matrix_epoch_27.png
> Epoch 27: took 2.4s (avg 4.5s) | Best so far: epoch 27	train_loss: 1.0604 train_accuracy: 0.6493	val_loss: 3.7528 val_accuracy: 0.2357	test_loss: 4.3639 test_accuracy: 0.1476	F1: 0.0784 Prec: 0.1146 Rec: 0.1476
train: {'epoch': 28, 'time_epoch': 2.02659, 'eta': 864.43198, 'eta_hours': 0.24012, 'loss': 1.03903742, 'lr': 0.00096937, 'params': 284917, 'time_iter': 0.01158, 'accuracy': 0.65323, 'f1': 0.6524, 'auc': 0.97066}
val: {'epoch': 28, 'time_epoch': 0.08287, 'loss': 2.6268419, 'lr': 0, 'params': 284917, 'time_iter': 0.00592, 'accuracy': 0.26667, 'f1': 0.20915, 'auc': 0.8522}
test: {'epoch': 28, 'time_epoch': 0.08858, 'loss': 1.50781619, 'lr': 0, 'params': 284917, 'time_iter': 0.00633, 'accuracy': 0.42143, 'f1': 0.41309, 'auc': 0.94858}
[*] Confusion Matrix saved to: results_lopo_1.0/IM_3m\Conf\confusion_matrix_epoch_28.png
> Epoch 28: took 2.3s (avg 4.4s) | Best so far: epoch 28	train_loss: 1.0390 train_accuracy: 0.6532	val_loss: 2.6268 val_accuracy: 0.2667	test_loss: 1.5078 test_accuracy: 0.4214	F1: 0.4131 Prec: 0.4860 Rec: 0.4214
train: {'epoch': 29, 'time_epoch': 2.23714, 'eta': 848.24222, 'eta_hours': 0.23562, 'loss': 1.02774935, 'lr': 0.00096716, 'params': 284917, 'time_iter': 0.01278, 'accuracy': 0.65412, 'f1': 0.65382, 'auc': 0.97155}
val: {'epoch': 29, 'time_epoch': 0.07716, 'loss': 6.30884933, 'lr': 0, 'params': 284917, 'time_iter': 0.00551, 'accuracy': 0.13571, 'f1': 0.05468, 'auc': 0.75942}
test: {'epoch': 29, 'time_epoch': 0.0862, 'loss': 5.85488591, 'lr': 0, 'params': 284917, 'time_iter': 0.00616, 'accuracy': 0.12381, 'f1': 0.04744, 'auc': 0.7806}
> Epoch 29: took 2.5s (avg 4.3s) | Best so far: epoch 28	train_loss: 1.0390 train_accuracy: 0.6532	val_loss: 2.6268 val_accuracy: 0.2667	test_loss: 1.5078 test_accuracy: 0.4214	F1: 0.4131 Prec: 0.4860 Rec: 0.4214
train: {'epoch': 30, 'time_epoch': 2.06941, 'eta': 831.76769, 'eta_hours': 0.23105, 'loss': 1.00828223, 'lr': 0.00096489, 'params': 284917, 'time_iter': 0.01183, 'accuracy': 0.66183, 'f1': 0.66136, 'auc': 0.97219}
val: {'epoch': 30, 'time_epoch': 0.08989, 'loss': 2.66245288, 'lr': 0, 'params': 284917, 'time_iter': 0.00642, 'accuracy': 0.26905, 'f1': 0.23488, 'auc': 0.87789}
test: {'epoch': 30, 'time_epoch': 0.08778, 'loss': 2.23923249, 'lr': 0, 'params': 284917, 'time_iter': 0.00627, 'accuracy': 0.40952, 'f1': 0.34273, 'auc': 0.92529}
[*] Confusion Matrix saved to: results_lopo_1.0/IM_3m\Conf\confusion_matrix_epoch_30.png
> Epoch 30: took 2.3s (avg 4.3s) | Best so far: epoch 30	train_loss: 1.0083 train_accuracy: 0.6618	val_loss: 2.6625 val_accuracy: 0.2691	test_loss: 2.2392 test_accuracy: 0.4095	F1: 0.3427 Prec: 0.3466 Rec: 0.4095
train: {'epoch': 31, 'time_epoch': 2.32768, 'eta': 817.95294, 'eta_hours': 0.22721, 'loss': 0.99687008, 'lr': 0.00096254, 'params': 284917, 'time_iter': 0.0133, 'accuracy': 0.67419, 'f1': 0.67305, 'auc': 0.97287}
val: {'epoch': 31, 'time_epoch': 0.09669, 'loss': 6.20202869, 'lr': 0, 'params': 284917, 'time_iter': 0.00691, 'accuracy': 0.13333, 'f1': 0.08326, 'auc': 0.76142}
test: {'epoch': 31, 'time_epoch': 0.10365, 'loss': 6.41218195, 'lr': 0, 'params': 284917, 'time_iter': 0.0074, 'accuracy': 0.09762, 'f1': 0.04905, 'auc': 0.77844}
> Epoch 31: took 2.6s (avg 4.2s) | Best so far: epoch 30	train_loss: 1.0083 train_accuracy: 0.6618	val_loss: 2.6625 val_accuracy: 0.2691	test_loss: 2.2392 test_accuracy: 0.4095	F1: 0.3427 Prec: 0.3466 Rec: 0.4095
train: {'epoch': 32, 'time_epoch': 2.167, 'eta': 803.77778, 'eta_hours': 0.22327, 'loss': 0.97649857, 'lr': 0.00096012, 'params': 284917, 'time_iter': 0.01238, 'accuracy': 0.66971, 'f1': 0.66908, 'auc': 0.97425}
val: {'epoch': 32, 'time_epoch': 0.08421, 'loss': 4.09444266, 'lr': 0, 'params': 284917, 'time_iter': 0.00601, 'accuracy': 0.16905, 'f1': 0.11572, 'auc': 0.83758}
test: {'epoch': 32, 'time_epoch': 0.08562, 'loss': 3.54289068, 'lr': 0, 'params': 284917, 'time_iter': 0.00612, 'accuracy': 0.15714, 'f1': 0.12032, 'auc': 0.86235}
> Epoch 32: took 2.4s (avg 4.2s) | Best so far: epoch 30	train_loss: 1.0083 train_accuracy: 0.6618	val_loss: 2.6625 val_accuracy: 0.2691	test_loss: 2.2392 test_accuracy: 0.4095	F1: 0.3427 Prec: 0.3466 Rec: 0.4095
train: {'epoch': 33, 'time_epoch': 2.15934, 'eta': 790.26029, 'eta_hours': 0.21952, 'loss': 0.98570942, 'lr': 0.00095762, 'params': 284917, 'time_iter': 0.01234, 'accuracy': 0.67921, 'f1': 0.67854, 'auc': 0.97349}
val: {'epoch': 33, 'time_epoch': 0.10191, 'loss': 7.88022586, 'lr': 0, 'params': 284917, 'time_iter': 0.00728, 'accuracy': 0.14286, 'f1': 0.07865, 'auc': 0.76365}
test: {'epoch': 33, 'time_epoch': 0.0921, 'loss': 6.47193335, 'lr': 0, 'params': 284917, 'time_iter': 0.00658, 'accuracy': 0.11905, 'f1': 0.04231, 'auc': 0.84833}
> Epoch 33: took 2.4s (avg 4.1s) | Best so far: epoch 30	train_loss: 1.0083 train_accuracy: 0.6618	val_loss: 2.6625 val_accuracy: 0.2691	test_loss: 2.2392 test_accuracy: 0.4095	F1: 0.3427 Prec: 0.3466 Rec: 0.4095
train: {'epoch': 34, 'time_epoch': 2.20559, 'eta': 777.67594, 'eta_hours': 0.21602, 'loss': 0.94162816, 'lr': 0.00095505, 'params': 284917, 'time_iter': 0.0126, 'accuracy': 0.68351, 'f1': 0.68333, 'auc': 0.97594}
val: {'epoch': 34, 'time_epoch': 0.11285, 'loss': 4.32355064, 'lr': 0, 'params': 284917, 'time_iter': 0.00806, 'accuracy': 0.12857, 'f1': 0.0739, 'auc': 0.78873}
test: {'epoch': 34, 'time_epoch': 0.09831, 'loss': 3.39773014, 'lr': 0, 'params': 284917, 'time_iter': 0.00702, 'accuracy': 0.1881, 'f1': 0.15242, 'auc': 0.85888}
> Epoch 34: took 2.5s (avg 4.1s) | Best so far: epoch 30	train_loss: 1.0083 train_accuracy: 0.6618	val_loss: 2.6625 val_accuracy: 0.2691	test_loss: 2.2392 test_accuracy: 0.4095	F1: 0.3427 Prec: 0.3466 Rec: 0.4095
train: {'epoch': 35, 'time_epoch': 3.31137, 'eta': 772.24148, 'eta_hours': 0.21451, 'loss': 0.90847613, 'lr': 0.00095241, 'params': 284917, 'time_iter': 0.01892, 'accuracy': 0.69104, 'f1': 0.69067, 'auc': 0.97758}
val: {'epoch': 35, 'time_epoch': 0.11562, 'loss': 2.74738512, 'lr': 0, 'params': 284917, 'time_iter': 0.00826, 'accuracy': 0.29286, 'f1': 0.21698, 'auc': 0.9037}
test: {'epoch': 35, 'time_epoch': 0.10042, 'loss': 2.50029463, 'lr': 0, 'params': 284917, 'time_iter': 0.00717, 'accuracy': 0.29048, 'f1': 0.24384, 'auc': 0.90856}
[*] Confusion Matrix saved to: results_lopo_1.0/IM_3m\Conf\confusion_matrix_epoch_35.png
> Epoch 35: took 3.6s (avg 4.0s) | Best so far: epoch 35	train_loss: 0.9085 train_accuracy: 0.6910	val_loss: 2.7474 val_accuracy: 0.2929	test_loss: 2.5003 test_accuracy: 0.2905	F1: 0.2438 Prec: 0.3860 Rec: 0.2905
train: {'epoch': 36, 'time_epoch': 2.71596, 'eta': 763.49413, 'eta_hours': 0.21208, 'loss': 0.89565377, 'lr': 0.0009497, 'params': 284917, 'time_iter': 0.01552, 'accuracy': 0.70054, 'f1': 0.70003, 'auc': 0.97808}
val: {'epoch': 36, 'time_epoch': 0.10093, 'loss': 3.30526644, 'lr': 0, 'params': 284917, 'time_iter': 0.00721, 'accuracy': 0.19524, 'f1': 0.15277, 'auc': 0.85735}
test: {'epoch': 36, 'time_epoch': 0.11158, 'loss': 2.05010448, 'lr': 0, 'params': 284917, 'time_iter': 0.00797, 'accuracy': 0.4119, 'f1': 0.35665, 'auc': 0.94292}
> Epoch 36: took 3.0s (avg 4.0s) | Best so far: epoch 35	train_loss: 0.9085 train_accuracy: 0.6910	val_loss: 2.7474 val_accuracy: 0.2929	test_loss: 2.5003 test_accuracy: 0.2905	F1: 0.2438 Prec: 0.3860 Rec: 0.2905
train: {'epoch': 37, 'time_epoch': 2.71296, 'eta': 755.04749, 'eta_hours': 0.20974, 'loss': 0.90370078, 'lr': 0.00094692, 'params': 284917, 'time_iter': 0.0155, 'accuracy': 0.68584, 'f1': 0.68535, 'auc': 0.97812}
val: {'epoch': 37, 'time_epoch': 0.08952, 'loss': 4.09407597, 'lr': 0, 'params': 284917, 'time_iter': 0.00639, 'accuracy': 0.18095, 'f1': 0.145, 'auc': 0.81671}
test: {'epoch': 37, 'time_epoch': 0.09767, 'loss': 3.17139728, 'lr': 0, 'params': 284917, 'time_iter': 0.00698, 'accuracy': 0.23571, 'f1': 0.18507, 'auc': 0.90023}
> Epoch 37: took 3.0s (avg 4.0s) | Best so far: epoch 35	train_loss: 0.9085 train_accuracy: 0.6910	val_loss: 2.7474 val_accuracy: 0.2929	test_loss: 2.5003 test_accuracy: 0.2905	F1: 0.2438 Prec: 0.3860 Rec: 0.2905
train: {'epoch': 38, 'time_epoch': 2.8937, 'eta': 747.87272, 'eta_hours': 0.20774, 'loss': 0.88418117, 'lr': 0.00094407, 'params': 284917, 'time_iter': 0.01654, 'accuracy': 0.70591, 'f1': 0.70541, 'auc': 0.97867}
val: {'epoch': 38, 'time_epoch': 0.1242, 'loss': 6.44175814, 'lr': 0, 'params': 284917, 'time_iter': 0.00887, 'accuracy': 0.16429, 'f1': 0.08725, 'auc': 0.77871}
test: {'epoch': 38, 'time_epoch': 0.11855, 'loss': 6.57861613, 'lr': 0, 'params': 284917, 'time_iter': 0.00847, 'accuracy': 0.10714, 'f1': 0.03414, 'auc': 0.76976}
> Epoch 38: took 3.2s (avg 4.0s) | Best so far: epoch 35	train_loss: 0.9085 train_accuracy: 0.6910	val_loss: 2.7474 val_accuracy: 0.2929	test_loss: 2.5003 test_accuracy: 0.2905	F1: 0.2438 Prec: 0.3860 Rec: 0.2905
train: {'epoch': 39, 'time_epoch': 2.7042, 'eta': 739.91715, 'eta_hours': 0.20553, 'loss': 0.87663998, 'lr': 0.00094115, 'params': 284917, 'time_iter': 0.01545, 'accuracy': 0.7129, 'f1': 0.71236, 'auc': 0.97879}
val: {'epoch': 39, 'time_epoch': 0.10086, 'loss': 6.32757344, 'lr': 0, 'params': 284917, 'time_iter': 0.0072, 'accuracy': 0.14524, 'f1': 0.08139, 'auc': 0.74464}
test: {'epoch': 39, 'time_epoch': 0.10644, 'loss': 4.88484756, 'lr': 0, 'params': 284917, 'time_iter': 0.0076, 'accuracy': 0.18333, 'f1': 0.09653, 'auc': 0.86267}
> Epoch 39: took 3.1s (avg 4.0s) | Best so far: epoch 35	train_loss: 0.9085 train_accuracy: 0.6910	val_loss: 2.7474 val_accuracy: 0.2929	test_loss: 2.5003 test_accuracy: 0.2905	F1: 0.2438 Prec: 0.3860 Rec: 0.2905
train: {'epoch': 40, 'time_epoch': 3.18153, 'eta': 734.65096, 'eta_hours': 0.20407, 'loss': 0.87693667, 'lr': 0.00093815, 'params': 284917, 'time_iter': 0.01818, 'accuracy': 0.70735, 'f1': 0.70694, 'auc': 0.97939}
val: {'epoch': 40, 'time_epoch': 0.10583, 'loss': 3.0603809, 'lr': 0, 'params': 284917, 'time_iter': 0.00756, 'accuracy': 0.22619, 'f1': 0.1921, 'auc': 0.85015}
test: {'epoch': 40, 'time_epoch': 0.10462, 'loss': 2.45880289, 'lr': 0, 'params': 284917, 'time_iter': 0.00747, 'accuracy': 0.31667, 'f1': 0.27006, 'auc': 0.91843}
> Epoch 40: took 3.5s (avg 3.9s) | Best so far: epoch 35	train_loss: 0.9085 train_accuracy: 0.6910	val_loss: 2.7474 val_accuracy: 0.2929	test_loss: 2.5003 test_accuracy: 0.2905	F1: 0.2438 Prec: 0.3860 Rec: 0.2905
train: {'epoch': 41, 'time_epoch': 2.85698, 'eta': 727.87674, 'eta_hours': 0.20219, 'loss': 0.85971274, 'lr': 0.00093509, 'params': 284917, 'time_iter': 0.01633, 'accuracy': 0.71165, 'f1': 0.71129, 'auc': 0.97981}
val: {'epoch': 41, 'time_epoch': 0.11101, 'loss': 4.92350421, 'lr': 0, 'params': 284917, 'time_iter': 0.00793, 'accuracy': 0.11905, 'f1': 0.06081, 'auc': 0.80499}
test: {'epoch': 41, 'time_epoch': 0.11718, 'loss': 4.82584931, 'lr': 0, 'params': 284917, 'time_iter': 0.00837, 'accuracy': 0.13095, 'f1': 0.08103, 'auc': 0.80376}
> Epoch 41: took 3.2s (avg 3.9s) | Best so far: epoch 35	train_loss: 0.9085 train_accuracy: 0.6910	val_loss: 2.7474 val_accuracy: 0.2929	test_loss: 2.5003 test_accuracy: 0.2905	F1: 0.2438 Prec: 0.3860 Rec: 0.2905
train: {'epoch': 42, 'time_epoch': 2.87658, 'eta': 721.37906, 'eta_hours': 0.20038, 'loss': 0.84001086, 'lr': 0.00093196, 'params': 284917, 'time_iter': 0.01644, 'accuracy': 0.71756, 'f1': 0.71715, 'auc': 0.98082}
val: {'epoch': 42, 'time_epoch': 0.08059, 'loss': 3.46440183, 'lr': 0, 'params': 284917, 'time_iter': 0.00576, 'accuracy': 0.22619, 'f1': 0.16794, 'auc': 0.86143}
test: {'epoch': 42, 'time_epoch': 0.0817, 'loss': 3.24456939, 'lr': 0, 'params': 284917, 'time_iter': 0.00584, 'accuracy': 0.24286, 'f1': 0.19328, 'auc': 0.85461}
> Epoch 42: took 3.1s (avg 3.9s) | Best so far: epoch 35	train_loss: 0.9085 train_accuracy: 0.6910	val_loss: 2.7474 val_accuracy: 0.2929	test_loss: 2.5003 test_accuracy: 0.2905	F1: 0.2438 Prec: 0.3860 Rec: 0.2905
train: {'epoch': 43, 'time_epoch': 2.08687, 'eta': 711.34869, 'eta_hours': 0.1976, 'loss': 0.81985069, 'lr': 0.00092876, 'params': 284917, 'time_iter': 0.01192, 'accuracy': 0.72599, 'f1': 0.72561, 'auc': 0.98158}
val: {'epoch': 43, 'time_epoch': 0.09332, 'loss': 3.31268512, 'lr': 0, 'params': 284917, 'time_iter': 0.00667, 'accuracy': 0.24524, 'f1': 0.20016, 'auc': 0.85617}
test: {'epoch': 43, 'time_epoch': 0.09145, 'loss': 2.88611566, 'lr': 0, 'params': 284917, 'time_iter': 0.00653, 'accuracy': 0.26667, 'f1': 0.2301, 'auc': 0.90196}
> Epoch 43: took 2.4s (avg 3.9s) | Best so far: epoch 35	train_loss: 0.9085 train_accuracy: 0.6910	val_loss: 2.7474 val_accuracy: 0.2929	test_loss: 2.5003 test_accuracy: 0.2905	F1: 0.2438 Prec: 0.3860 Rec: 0.2905
train: {'epoch': 44, 'time_epoch': 2.36437, 'eta': 702.93553, 'eta_hours': 0.19526, 'loss': 0.79460223, 'lr': 0.0009255, 'params': 284917, 'time_iter': 0.01351, 'accuracy': 0.73674, 'f1': 0.7363, 'auc': 0.98278}
val: {'epoch': 44, 'time_epoch': 0.07862, 'loss': 3.06867575, 'lr': 0, 'params': 284917, 'time_iter': 0.00562, 'accuracy': 0.25, 'f1': 0.20899, 'auc': 0.87974}
test: {'epoch': 44, 'time_epoch': 0.07747, 'loss': 2.51009672, 'lr': 0, 'params': 284917, 'time_iter': 0.00553, 'accuracy': 0.34762, 'f1': 0.30532, 'auc': 0.89397}
> Epoch 44: took 2.6s (avg 3.8s) | Best so far: epoch 35	train_loss: 0.9085 train_accuracy: 0.6910	val_loss: 2.7474 val_accuracy: 0.2929	test_loss: 2.5003 test_accuracy: 0.2905	F1: 0.2438 Prec: 0.3860 Rec: 0.2905
train: {'epoch': 45, 'time_epoch': 2.1411, 'eta': 693.79523, 'eta_hours': 0.19272, 'loss': 0.79799851, 'lr': 0.00092216, 'params': 284917, 'time_iter': 0.01223, 'accuracy': 0.72778, 'f1': 0.72755, 'auc': 0.98241}
val: {'epoch': 45, 'time_epoch': 0.1033, 'loss': 2.54800935, 'lr': 0, 'params': 284917, 'time_iter': 0.00738, 'accuracy': 0.35476, 'f1': 0.32377, 'auc': 0.87946}
test: {'epoch': 45, 'time_epoch': 0.09148, 'loss': 1.86144819, 'lr': 0, 'params': 284917, 'time_iter': 0.00653, 'accuracy': 0.45238, 'f1': 0.41149, 'auc': 0.93712}
[*] Confusion Matrix saved to: results_lopo_1.0/IM_3m\Conf\confusion_matrix_epoch_45.png
> Epoch 45: took 2.4s (avg 3.8s) | Best so far: epoch 45	train_loss: 0.7980 train_accuracy: 0.7278	val_loss: 2.5480 val_accuracy: 0.3548	test_loss: 1.8614 test_accuracy: 0.4524	F1: 0.4115 Prec: 0.4755 Rec: 0.4524
train: {'epoch': 46, 'time_epoch': 2.17479, 'eta': 685.09826, 'eta_hours': 0.19031, 'loss': 0.8089302, 'lr': 0.00091876, 'params': 284917, 'time_iter': 0.01243, 'accuracy': 0.73065, 'f1': 0.73033, 'auc': 0.98223}
val: {'epoch': 46, 'time_epoch': 0.08139, 'loss': 5.04067348, 'lr': 0, 'params': 284917, 'time_iter': 0.00581, 'accuracy': 0.15714, 'f1': 0.10086, 'auc': 0.76253}
test: {'epoch': 46, 'time_epoch': 0.08584, 'loss': 3.18136033, 'lr': 0, 'params': 284917, 'time_iter': 0.00613, 'accuracy': 0.26667, 'f1': 0.19275, 'auc': 0.88403}
> Epoch 46: took 2.4s (avg 3.8s) | Best so far: epoch 45	train_loss: 0.7980 train_accuracy: 0.7278	val_loss: 2.5480 val_accuracy: 0.3548	test_loss: 1.8614 test_accuracy: 0.4524	F1: 0.4115 Prec: 0.4755 Rec: 0.4524
train: {'epoch': 47, 'time_epoch': 2.02681, 'eta': 676.05031, 'eta_hours': 0.18779, 'loss': 0.77639216, 'lr': 0.0009153, 'params': 284917, 'time_iter': 0.01158, 'accuracy': 0.74588, 'f1': 0.74571, 'auc': 0.98335}
val: {'epoch': 47, 'time_epoch': 0.08246, 'loss': 4.82316149, 'lr': 0, 'params': 284917, 'time_iter': 0.00589, 'accuracy': 0.1619, 'f1': 0.11901, 'auc': 0.79794}
test: {'epoch': 47, 'time_epoch': 0.11321, 'loss': 3.95045581, 'lr': 0, 'params': 284917, 'time_iter': 0.00809, 'accuracy': 0.22619, 'f1': 0.15205, 'auc': 0.86643}
> Epoch 47: took 2.3s (avg 3.7s) | Best so far: epoch 45	train_loss: 0.7980 train_accuracy: 0.7278	val_loss: 2.5480 val_accuracy: 0.3548	test_loss: 1.8614 test_accuracy: 0.4524	F1: 0.4115 Prec: 0.4755 Rec: 0.4524
train: {'epoch': 48, 'time_epoch': 2.35536, 'eta': 668.63668, 'eta_hours': 0.18573, 'loss': 0.79229263, 'lr': 0.00091177, 'params': 284917, 'time_iter': 0.01346, 'accuracy': 0.73889, 'f1': 0.73847, 'auc': 0.98268}
val: {'epoch': 48, 'time_epoch': 0.09124, 'loss': 4.48599513, 'lr': 0, 'params': 284917, 'time_iter': 0.00652, 'accuracy': 0.17143, 'f1': 0.10864, 'auc': 0.81636}
test: {'epoch': 48, 'time_epoch': 0.09205, 'loss': 4.85061111, 'lr': 0, 'params': 284917, 'time_iter': 0.00658, 'accuracy': 0.15952, 'f1': 0.10669, 'auc': 0.83129}
> Epoch 48: took 2.6s (avg 3.7s) | Best so far: epoch 45	train_loss: 0.7980 train_accuracy: 0.7278	val_loss: 2.5480 val_accuracy: 0.3548	test_loss: 1.8614 test_accuracy: 0.4524	F1: 0.4115 Prec: 0.4755 Rec: 0.4524
train: {'epoch': 49, 'time_epoch': 2.00203, 'eta': 660.01202, 'eta_hours': 0.18334, 'loss': 0.75810314, 'lr': 0.00090817, 'params': 284917, 'time_iter': 0.01144, 'accuracy': 0.75556, 'f1': 0.75507, 'auc': 0.984}
val: {'epoch': 49, 'time_epoch': 0.10353, 'loss': 5.6398714, 'lr': 0, 'params': 284917, 'time_iter': 0.0074, 'accuracy': 0.13095, 'f1': 0.08508, 'auc': 0.77682}
test: {'epoch': 49, 'time_epoch': 0.09913, 'loss': 4.73136358, 'lr': 0, 'params': 284917, 'time_iter': 0.00708, 'accuracy': 0.15476, 'f1': 0.09418, 'auc': 0.79499}
> Epoch 49: took 2.3s (avg 3.7s) | Best so far: epoch 45	train_loss: 0.7980 train_accuracy: 0.7278	val_loss: 2.5480 val_accuracy: 0.3548	test_loss: 1.8614 test_accuracy: 0.4524	F1: 0.4115 Prec: 0.4755 Rec: 0.4524
train: {'epoch': 50, 'time_epoch': 2.29775, 'eta': 652.80098, 'eta_hours': 0.18133, 'loss': 0.7679251, 'lr': 0.00090451, 'params': 284917, 'time_iter': 0.01313, 'accuracy': 0.74122, 'f1': 0.74095, 'auc': 0.98382}
val: {'epoch': 50, 'time_epoch': 0.08208, 'loss': 3.45505976, 'lr': 0, 'params': 284917, 'time_iter': 0.00586, 'accuracy': 0.26905, 'f1': 0.20962, 'auc': 0.86126}
test: {'epoch': 50, 'time_epoch': 0.1146, 'loss': 2.8053493, 'lr': 0, 'params': 284917, 'time_iter': 0.00819, 'accuracy': 0.37857, 'f1': 0.31144, 'auc': 0.90583}
> Epoch 50: took 2.6s (avg 3.7s) | Best so far: epoch 45	train_loss: 0.7980 train_accuracy: 0.7278	val_loss: 2.5480 val_accuracy: 0.3548	test_loss: 1.8614 test_accuracy: 0.4524	F1: 0.4115 Prec: 0.4755 Rec: 0.4524
train: {'epoch': 51, 'time_epoch': 2.07, 'eta': 644.91171, 'eta_hours': 0.17914, 'loss': 0.7539144, 'lr': 0.00090078, 'params': 284917, 'time_iter': 0.01183, 'accuracy': 0.75466, 'f1': 0.75414, 'auc': 0.98464}
val: {'epoch': 51, 'time_epoch': 0.09946, 'loss': 6.69276604, 'lr': 0, 'params': 284917, 'time_iter': 0.0071, 'accuracy': 0.09524, 'f1': 0.03708, 'auc': 0.73802}
test: {'epoch': 51, 'time_epoch': 0.10867, 'loss': 7.74127239, 'lr': 0, 'params': 284917, 'time_iter': 0.00776, 'accuracy': 0.14048, 'f1': 0.07484, 'auc': 0.80371}
> Epoch 51: took 2.4s (avg 3.6s) | Best so far: epoch 45	train_loss: 0.7980 train_accuracy: 0.7278	val_loss: 2.5480 val_accuracy: 0.3548	test_loss: 1.8614 test_accuracy: 0.4524	F1: 0.4115 Prec: 0.4755 Rec: 0.4524
train: {'epoch': 52, 'time_epoch': 2.21729, 'eta': 637.78951, 'eta_hours': 0.17716, 'loss': 0.73822195, 'lr': 0.000897, 'params': 284917, 'time_iter': 0.01267, 'accuracy': 0.75, 'f1': 0.74965, 'auc': 0.98528}
val: {'epoch': 52, 'time_epoch': 0.0942, 'loss': 6.75326882, 'lr': 0, 'params': 284917, 'time_iter': 0.00673, 'accuracy': 0.18333, 'f1': 0.07928, 'auc': 0.77126}
test: {'epoch': 52, 'time_epoch': 0.08491, 'loss': 7.37682641, 'lr': 0, 'params': 284917, 'time_iter': 0.00606, 'accuracy': 0.11667, 'f1': 0.04292, 'auc': 0.72936}
> Epoch 52: took 2.5s (avg 3.6s) | Best so far: epoch 45	train_loss: 0.7980 train_accuracy: 0.7278	val_loss: 2.5480 val_accuracy: 0.3548	test_loss: 1.8614 test_accuracy: 0.4524	F1: 0.4115 Prec: 0.4755 Rec: 0.4524
train: {'epoch': 53, 'time_epoch': 2.11245, 'eta': 630.46844, 'eta_hours': 0.17513, 'loss': 0.72762005, 'lr': 0.00089314, 'params': 284917, 'time_iter': 0.01207, 'accuracy': 0.7543, 'f1': 0.75382, 'auc': 0.98575}
val: {'epoch': 53, 'time_epoch': 0.08099, 'loss': 2.74093854, 'lr': 0, 'params': 284917, 'time_iter': 0.00579, 'accuracy': 0.30714, 'f1': 0.27613, 'auc': 0.87544}
test: {'epoch': 53, 'time_epoch': 0.0919, 'loss': 1.94519393, 'lr': 0, 'params': 284917, 'time_iter': 0.00656, 'accuracy': 0.4381, 'f1': 0.38259, 'auc': 0.94901}
> Epoch 53: took 2.4s (avg 3.6s) | Best so far: epoch 45	train_loss: 0.7980 train_accuracy: 0.7278	val_loss: 2.5480 val_accuracy: 0.3548	test_loss: 1.8614 test_accuracy: 0.4524	F1: 0.4115 Prec: 0.4755 Rec: 0.4524
train: {'epoch': 54, 'time_epoch': 2.20085, 'eta': 623.65019, 'eta_hours': 0.17324, 'loss': 0.72418906, 'lr': 0.00088923, 'params': 284917, 'time_iter': 0.01258, 'accuracy': 0.75573, 'f1': 0.75532, 'auc': 0.98579}
val: {'epoch': 54, 'time_epoch': 0.08924, 'loss': 4.8753845, 'lr': 0, 'params': 284917, 'time_iter': 0.00637, 'accuracy': 0.13333, 'f1': 0.10266, 'auc': 0.76973}
test: {'epoch': 54, 'time_epoch': 0.08784, 'loss': 3.74838329, 'lr': 0, 'params': 284917, 'time_iter': 0.00627, 'accuracy': 0.29048, 'f1': 0.21741, 'auc': 0.88068}
> Epoch 54: took 2.5s (avg 3.6s) | Best so far: epoch 45	train_loss: 0.7980 train_accuracy: 0.7278	val_loss: 2.5480 val_accuracy: 0.3548	test_loss: 1.8614 test_accuracy: 0.4524	F1: 0.4115 Prec: 0.4755 Rec: 0.4524
train: {'epoch': 55, 'time_epoch': 2.05839, 'eta': 616.50332, 'eta_hours': 0.17125, 'loss': 0.7058522, 'lr': 0.00088526, 'params': 284917, 'time_iter': 0.01176, 'accuracy': 0.76882, 'f1': 0.76832, 'auc': 0.98625}
val: {'epoch': 55, 'time_epoch': 0.08936, 'loss': 4.64041996, 'lr': 0, 'params': 284917, 'time_iter': 0.00638, 'accuracy': 0.17857, 'f1': 0.12675, 'auc': 0.81562}
test: {'epoch': 55, 'time_epoch': 0.08461, 'loss': 5.58248573, 'lr': 0, 'params': 284917, 'time_iter': 0.00604, 'accuracy': 0.19524, 'f1': 0.12671, 'auc': 0.86446}
> Epoch 55: took 2.3s (avg 3.6s) | Best so far: epoch 45	train_loss: 0.7980 train_accuracy: 0.7278	val_loss: 2.5480 val_accuracy: 0.3548	test_loss: 1.8614 test_accuracy: 0.4524	F1: 0.4115 Prec: 0.4755 Rec: 0.4524
train: {'epoch': 56, 'time_epoch': 2.24916, 'eta': 610.18096, 'eta_hours': 0.16949, 'loss': 0.71300944, 'lr': 0.00088122, 'params': 284917, 'time_iter': 0.01285, 'accuracy': 0.76792, 'f1': 0.76776, 'auc': 0.98598}
val: {'epoch': 56, 'time_epoch': 0.08927, 'loss': 5.63078298, 'lr': 0, 'params': 284917, 'time_iter': 0.00638, 'accuracy': 0.16905, 'f1': 0.10849, 'auc': 0.79625}
test: {'epoch': 56, 'time_epoch': 0.10394, 'loss': 3.73272156, 'lr': 0, 'params': 284917, 'time_iter': 0.00742, 'accuracy': 0.21667, 'f1': 0.18984, 'auc': 0.84653}
> Epoch 56: took 2.5s (avg 3.5s) | Best so far: epoch 45	train_loss: 0.7980 train_accuracy: 0.7278	val_loss: 2.5480 val_accuracy: 0.3548	test_loss: 1.8614 test_accuracy: 0.4524	F1: 0.4115 Prec: 0.4755 Rec: 0.4524
train: {'epoch': 57, 'time_epoch': 2.43771, 'eta': 604.62321, 'eta_hours': 0.16795, 'loss': 0.69961023, 'lr': 0.00087713, 'params': 284917, 'time_iter': 0.01393, 'accuracy': 0.76738, 'f1': 0.76726, 'auc': 0.98648}
val: {'epoch': 57, 'time_epoch': 0.08616, 'loss': 5.270327, 'lr': 0, 'params': 284917, 'time_iter': 0.00615, 'accuracy': 0.20476, 'f1': 0.12293, 'auc': 0.7934}
test: {'epoch': 57, 'time_epoch': 0.10372, 'loss': 3.52213892, 'lr': 0, 'params': 284917, 'time_iter': 0.00741, 'accuracy': 0.25238, 'f1': 0.22196, 'auc': 0.87652}
> Epoch 57: took 2.7s (avg 3.5s) | Best so far: epoch 45	train_loss: 0.7980 train_accuracy: 0.7278	val_loss: 2.5480 val_accuracy: 0.3548	test_loss: 1.8614 test_accuracy: 0.4524	F1: 0.4115 Prec: 0.4755 Rec: 0.4524
train: {'epoch': 58, 'time_epoch': 2.13728, 'eta': 598.19864, 'eta_hours': 0.16617, 'loss': 0.68848511, 'lr': 0.00087297, 'params': 284917, 'time_iter': 0.01221, 'accuracy': 0.77258, 'f1': 0.77237, 'auc': 0.98703}
val: {'epoch': 58, 'time_epoch': 0.09817, 'loss': 5.85709467, 'lr': 0, 'params': 284917, 'time_iter': 0.00701, 'accuracy': 0.20238, 'f1': 0.13331, 'auc': 0.81489}
test: {'epoch': 58, 'time_epoch': 0.09174, 'loss': 4.21017922, 'lr': 0, 'params': 284917, 'time_iter': 0.00655, 'accuracy': 0.19286, 'f1': 0.14988, 'auc': 0.83507}
> Epoch 58: took 2.4s (avg 3.5s) | Best so far: epoch 45	train_loss: 0.7980 train_accuracy: 0.7278	val_loss: 2.5480 val_accuracy: 0.3548	test_loss: 1.8614 test_accuracy: 0.4524	F1: 0.4115 Prec: 0.4755 Rec: 0.4524
train: {'epoch': 59, 'time_epoch': 2.21161, 'eta': 592.15236, 'eta_hours': 0.16449, 'loss': 0.6868566, 'lr': 0.00086876, 'params': 284917, 'time_iter': 0.01264, 'accuracy': 0.76344, 'f1': 0.76317, 'auc': 0.98709}
val: {'epoch': 59, 'time_epoch': 0.08241, 'loss': 4.16294039, 'lr': 0, 'params': 284917, 'time_iter': 0.00589, 'accuracy': 0.23571, 'f1': 0.15545, 'auc': 0.87209}
test: {'epoch': 59, 'time_epoch': 0.08383, 'loss': 3.91235586, 'lr': 0, 'params': 284917, 'time_iter': 0.00599, 'accuracy': 0.27143, 'f1': 0.22624, 'auc': 0.85185}
> Epoch 59: took 2.5s (avg 3.5s) | Best so far: epoch 45	train_loss: 0.7980 train_accuracy: 0.7278	val_loss: 2.5480 val_accuracy: 0.3548	test_loss: 1.8614 test_accuracy: 0.4524	F1: 0.4115 Prec: 0.4755 Rec: 0.4524
train: {'epoch': 60, 'time_epoch': 1.97744, 'eta': 585.50626, 'eta_hours': 0.16264, 'loss': 0.65955814, 'lr': 0.00086448, 'params': 284917, 'time_iter': 0.0113, 'accuracy': 0.77867, 'f1': 0.77852, 'auc': 0.98813}
val: {'epoch': 60, 'time_epoch': 0.09855, 'loss': 9.4076432, 'lr': 0, 'params': 284917, 'time_iter': 0.00704, 'accuracy': 0.0381, 'f1': 0.01686, 'auc': 0.67726}
test: {'epoch': 60, 'time_epoch': 0.09218, 'loss': 9.9405707, 'lr': 0, 'params': 284917, 'time_iter': 0.00658, 'accuracy': 0.0881, 'f1': 0.04192, 'auc': 0.71289}
> Epoch 60: took 2.3s (avg 3.5s) | Best so far: epoch 45	train_loss: 0.7980 train_accuracy: 0.7278	val_loss: 2.5480 val_accuracy: 0.3548	test_loss: 1.8614 test_accuracy: 0.4524	F1: 0.4115 Prec: 0.4755 Rec: 0.4524
train: {'epoch': 61, 'time_epoch': 2.09656, 'eta': 579.37197, 'eta_hours': 0.16094, 'loss': 0.68144861, 'lr': 0.00086015, 'params': 284917, 'time_iter': 0.01198, 'accuracy': 0.77885, 'f1': 0.77873, 'auc': 0.98717}
val: {'epoch': 61, 'time_epoch': 0.08237, 'loss': 5.43795727, 'lr': 0, 'params': 284917, 'time_iter': 0.00588, 'accuracy': 0.20238, 'f1': 0.14112, 'auc': 0.76879}
test: {'epoch': 61, 'time_epoch': 0.09489, 'loss': 5.29716995, 'lr': 0, 'params': 284917, 'time_iter': 0.00678, 'accuracy': 0.17143, 'f1': 0.11472, 'auc': 0.7929}
> Epoch 61: took 2.4s (avg 3.5s) | Best so far: epoch 45	train_loss: 0.7980 train_accuracy: 0.7278	val_loss: 2.5480 val_accuracy: 0.3548	test_loss: 1.8614 test_accuracy: 0.4524	F1: 0.4115 Prec: 0.4755 Rec: 0.4524
train: {'epoch': 62, 'time_epoch': 1.99613, 'eta': 573.06777, 'eta_hours': 0.15919, 'loss': 0.66646925, 'lr': 0.00085577, 'params': 284917, 'time_iter': 0.01141, 'accuracy': 0.77204, 'f1': 0.77183, 'auc': 0.98813}
val: {'epoch': 62, 'time_epoch': 0.08517, 'loss': 3.07716242, 'lr': 0, 'params': 284917, 'time_iter': 0.00608, 'accuracy': 0.31429, 'f1': 0.26854, 'auc': 0.87954}
test: {'epoch': 62, 'time_epoch': 0.09161, 'loss': 3.30693135, 'lr': 0, 'params': 284917, 'time_iter': 0.00654, 'accuracy': 0.25238, 'f1': 0.22065, 'auc': 0.89456}
> Epoch 62: took 2.3s (avg 3.4s) | Best so far: epoch 45	train_loss: 0.7980 train_accuracy: 0.7278	val_loss: 2.5480 val_accuracy: 0.3548	test_loss: 1.8614 test_accuracy: 0.4524	F1: 0.4115 Prec: 0.4755 Rec: 0.4524
train: {'epoch': 63, 'time_epoch': 2.11639, 'eta': 567.24769, 'eta_hours': 0.15757, 'loss': 0.66058114, 'lr': 0.00085132, 'params': 284917, 'time_iter': 0.01209, 'accuracy': 0.78297, 'f1': 0.78274, 'auc': 0.9879}
val: {'epoch': 63, 'time_epoch': 0.09535, 'loss': 6.03571749, 'lr': 0, 'params': 284917, 'time_iter': 0.00681, 'accuracy': 0.19048, 'f1': 0.15686, 'auc': 0.77691}
test: {'epoch': 63, 'time_epoch': 0.12101, 'loss': 3.59451469, 'lr': 0, 'params': 284917, 'time_iter': 0.00864, 'accuracy': 0.30476, 'f1': 0.28384, 'auc': 0.88258}
> Epoch 63: took 2.4s (avg 3.4s) | Best so far: epoch 45	train_loss: 0.7980 train_accuracy: 0.7278	val_loss: 2.5480 val_accuracy: 0.3548	test_loss: 1.8614 test_accuracy: 0.4524	F1: 0.4115 Prec: 0.4755 Rec: 0.4524
train: {'epoch': 64, 'time_epoch': 2.02599, 'eta': 561.28426, 'eta_hours': 0.15591, 'loss': 0.64978066, 'lr': 0.00084683, 'params': 284917, 'time_iter': 0.01158, 'accuracy': 0.78423, 'f1': 0.78393, 'auc': 0.98835}
val: {'epoch': 64, 'time_epoch': 0.09303, 'loss': 4.14455068, 'lr': 0, 'params': 284917, 'time_iter': 0.00665, 'accuracy': 0.27857, 'f1': 0.20777, 'auc': 0.87005}
test: {'epoch': 64, 'time_epoch': 0.08384, 'loss': 3.03293516, 'lr': 0, 'params': 284917, 'time_iter': 0.00599, 'accuracy': 0.30714, 'f1': 0.24894, 'auc': 0.90282}
> Epoch 64: took 2.3s (avg 3.4s) | Best so far: epoch 45	train_loss: 0.7980 train_accuracy: 0.7278	val_loss: 2.5480 val_accuracy: 0.3548	test_loss: 1.8614 test_accuracy: 0.4524	F1: 0.4115 Prec: 0.4755 Rec: 0.4524
train: {'epoch': 65, 'time_epoch': 2.11131, 'eta': 555.67803, 'eta_hours': 0.15436, 'loss': 0.62780498, 'lr': 0.00084227, 'params': 284917, 'time_iter': 0.01206, 'accuracy': 0.79068, 'f1': 0.79041, 'auc': 0.98936}
val: {'epoch': 65, 'time_epoch': 0.08925, 'loss': 4.7079388, 'lr': 0, 'params': 284917, 'time_iter': 0.00638, 'accuracy': 0.2381, 'f1': 0.16659, 'auc': 0.80781}
test: {'epoch': 65, 'time_epoch': 0.09463, 'loss': 3.41184543, 'lr': 0, 'params': 284917, 'time_iter': 0.00676, 'accuracy': 0.27143, 'f1': 0.2148, 'auc': 0.88687}
> Epoch 65: took 2.4s (avg 3.4s) | Best so far: epoch 45	train_loss: 0.7980 train_accuracy: 0.7278	val_loss: 2.5480 val_accuracy: 0.3548	test_loss: 1.8614 test_accuracy: 0.4524	F1: 0.4115 Prec: 0.4755 Rec: 0.4524
train: {'epoch': 66, 'time_epoch': 2.09749, 'eta': 550.13837, 'eta_hours': 0.15282, 'loss': 0.62493524, 'lr': 0.00083767, 'params': 284917, 'time_iter': 0.01199, 'accuracy': 0.7871, 'f1': 0.78684, 'auc': 0.98929}
val: {'epoch': 66, 'time_epoch': 0.08737, 'loss': 4.19904618, 'lr': 0, 'params': 284917, 'time_iter': 0.00624, 'accuracy': 0.2, 'f1': 0.14494, 'auc': 0.83642}
test: {'epoch': 66, 'time_epoch': 0.08259, 'loss': 3.38486734, 'lr': 0, 'params': 284917, 'time_iter': 0.0059, 'accuracy': 0.27619, 'f1': 0.21585, 'auc': 0.90747}
> Epoch 66: took 2.3s (avg 3.4s) | Best so far: epoch 45	train_loss: 0.7980 train_accuracy: 0.7278	val_loss: 2.5480 val_accuracy: 0.3548	test_loss: 1.8614 test_accuracy: 0.4524	F1: 0.4115 Prec: 0.4755 Rec: 0.4524
train: {'epoch': 67, 'time_epoch': 2.06889, 'eta': 544.62342, 'eta_hours': 0.15128, 'loss': 0.64564988, 'lr': 0.00083301, 'params': 284917, 'time_iter': 0.01182, 'accuracy': 0.7819, 'f1': 0.78169, 'auc': 0.98868}
val: {'epoch': 67, 'time_epoch': 0.09057, 'loss': 13.33695497, 'lr': 0, 'params': 284917, 'time_iter': 0.00647, 'accuracy': 0.09762, 'f1': 0.06156, 'auc': 0.62889}
test: {'epoch': 67, 'time_epoch': 0.10687, 'loss': 12.85147084, 'lr': 0, 'params': 284917, 'time_iter': 0.00763, 'accuracy': 0.09286, 'f1': 0.03146, 'auc': 0.69028}
> Epoch 67: took 2.3s (avg 3.4s) | Best so far: epoch 45	train_loss: 0.7980 train_accuracy: 0.7278	val_loss: 2.5480 val_accuracy: 0.3548	test_loss: 1.8614 test_accuracy: 0.4524	F1: 0.4115 Prec: 0.4755 Rec: 0.4524
train: {'epoch': 68, 'time_epoch': 2.36948, 'eta': 539.99684, 'eta_hours': 0.15, 'loss': 0.63571739, 'lr': 0.00082829, 'params': 284917, 'time_iter': 0.01354, 'accuracy': 0.79391, 'f1': 0.79384, 'auc': 0.98901}
val: {'epoch': 68, 'time_epoch': 0.08081, 'loss': 5.57015533, 'lr': 0, 'params': 284917, 'time_iter': 0.00577, 'accuracy': 0.16667, 'f1': 0.11606, 'auc': 0.7852}
test: {'epoch': 68, 'time_epoch': 0.0875, 'loss': 5.1320236, 'lr': 0, 'params': 284917, 'time_iter': 0.00625, 'accuracy': 0.21429, 'f1': 0.14156, 'auc': 0.85599}
> Epoch 68: took 2.6s (avg 3.3s) | Best so far: epoch 45	train_loss: 0.7980 train_accuracy: 0.7278	val_loss: 2.5480 val_accuracy: 0.3548	test_loss: 1.8614 test_accuracy: 0.4524	F1: 0.4115 Prec: 0.4755 Rec: 0.4524
train: {'epoch': 69, 'time_epoch': 2.1045, 'eta': 534.75338, 'eta_hours': 0.14854, 'loss': 0.62895107, 'lr': 0.00082353, 'params': 284917, 'time_iter': 0.01203, 'accuracy': 0.78584, 'f1': 0.78557, 'auc': 0.98921}
val: {'epoch': 69, 'time_epoch': 0.08284, 'loss': 10.49639121, 'lr': 0, 'params': 284917, 'time_iter': 0.00592, 'accuracy': 0.09762, 'f1': 0.03312, 'auc': 0.63666}
test: {'epoch': 69, 'time_epoch': 0.09209, 'loss': 11.05326343, 'lr': 0, 'params': 284917, 'time_iter': 0.00658, 'accuracy': 0.07381, 'f1': 0.03314, 'auc': 0.6717}
> Epoch 69: took 2.4s (avg 3.3s) | Best so far: epoch 45	train_loss: 0.7980 train_accuracy: 0.7278	val_loss: 2.5480 val_accuracy: 0.3548	test_loss: 1.8614 test_accuracy: 0.4524	F1: 0.4115 Prec: 0.4755 Rec: 0.4524
train: {'epoch': 70, 'time_epoch': 2.3359, 'eta': 530.18174, 'eta_hours': 0.14727, 'loss': 0.62292471, 'lr': 0.00081871, 'params': 284917, 'time_iter': 0.01335, 'accuracy': 0.79713, 'f1': 0.79707, 'auc': 0.98931}
val: {'epoch': 70, 'time_epoch': 0.11249, 'loss': 4.19979549, 'lr': 0, 'params': 284917, 'time_iter': 0.00804, 'accuracy': 0.2381, 'f1': 0.17546, 'auc': 0.84007}
test: {'epoch': 70, 'time_epoch': 0.11296, 'loss': 3.29205799, 'lr': 0, 'params': 284917, 'time_iter': 0.00807, 'accuracy': 0.30476, 'f1': 0.27822, 'auc': 0.87077}
> Epoch 70: took 2.7s (avg 3.3s) | Best so far: epoch 45	train_loss: 0.7980 train_accuracy: 0.7278	val_loss: 2.5480 val_accuracy: 0.3548	test_loss: 1.8614 test_accuracy: 0.4524	F1: 0.4115 Prec: 0.4755 Rec: 0.4524
train: {'epoch': 71, 'time_epoch': 2.15467, 'eta': 525.22415, 'eta_hours': 0.1459, 'loss': 0.61039253, 'lr': 0.00081385, 'params': 284917, 'time_iter': 0.01231, 'accuracy': 0.7991, 'f1': 0.79872, 'auc': 0.98979}
val: {'epoch': 71, 'time_epoch': 0.08324, 'loss': 5.04329935, 'lr': 0, 'params': 284917, 'time_iter': 0.00595, 'accuracy': 0.20238, 'f1': 0.12696, 'auc': 0.8431}
test: {'epoch': 71, 'time_epoch': 0.09804, 'loss': 6.38325663, 'lr': 0, 'params': 284917, 'time_iter': 0.007, 'accuracy': 0.14048, 'f1': 0.05992, 'auc': 0.81651}
> Epoch 71: took 2.4s (avg 3.3s) | Best so far: epoch 45	train_loss: 0.7980 train_accuracy: 0.7278	val_loss: 2.5480 val_accuracy: 0.3548	test_loss: 1.8614 test_accuracy: 0.4524	F1: 0.4115 Prec: 0.4755 Rec: 0.4524
train: {'epoch': 72, 'time_epoch': 2.38211, 'eta': 520.89484, 'eta_hours': 0.14469, 'loss': 0.61350097, 'lr': 0.00080893, 'params': 284917, 'time_iter': 0.01361, 'accuracy': 0.79319, 'f1': 0.79303, 'auc': 0.98964}
val: {'epoch': 72, 'time_epoch': 0.08785, 'loss': 5.4057399, 'lr': 0, 'params': 284917, 'time_iter': 0.00628, 'accuracy': 0.20238, 'f1': 0.13317, 'auc': 0.81348}
test: {'epoch': 72, 'time_epoch': 0.10462, 'loss': 3.99162378, 'lr': 0, 'params': 284917, 'time_iter': 0.00747, 'accuracy': 0.25238, 'f1': 0.17956, 'auc': 0.90862}
> Epoch 72: took 2.7s (avg 3.3s) | Best so far: epoch 45	train_loss: 0.7980 train_accuracy: 0.7278	val_loss: 2.5480 val_accuracy: 0.3548	test_loss: 1.8614 test_accuracy: 0.4524	F1: 0.4115 Prec: 0.4755 Rec: 0.4524
train: {'epoch': 73, 'time_epoch': 2.24446, 'eta': 516.29076, 'eta_hours': 0.14341, 'loss': 0.60277652, 'lr': 0.00080397, 'params': 284917, 'time_iter': 0.01283, 'accuracy': 0.79875, 'f1': 0.79862, 'auc': 0.99012}
val: {'epoch': 73, 'time_epoch': 0.09839, 'loss': 3.4058349, 'lr': 0, 'params': 284917, 'time_iter': 0.00703, 'accuracy': 0.31667, 'f1': 0.26252, 'auc': 0.86036}
test: {'epoch': 73, 'time_epoch': 0.09986, 'loss': 2.71527731, 'lr': 0, 'params': 284917, 'time_iter': 0.00713, 'accuracy': 0.35952, 'f1': 0.30298, 'auc': 0.9181}
> Epoch 73: took 2.5s (avg 3.3s) | Best so far: epoch 45	train_loss: 0.7980 train_accuracy: 0.7278	val_loss: 2.5480 val_accuracy: 0.3548	test_loss: 1.8614 test_accuracy: 0.4524	F1: 0.4115 Prec: 0.4755 Rec: 0.4524
train: {'epoch': 74, 'time_epoch': 2.24052, 'eta': 511.7404, 'eta_hours': 0.14215, 'loss': 0.55911081, 'lr': 0.00079895, 'params': 284917, 'time_iter': 0.0128, 'accuracy': 0.81935, 'f1': 0.81918, 'auc': 0.99132}
val: {'epoch': 74, 'time_epoch': 0.09293, 'loss': 3.52816584, 'lr': 0, 'params': 284917, 'time_iter': 0.00664, 'accuracy': 0.27381, 'f1': 0.24152, 'auc': 0.86266}
test: {'epoch': 74, 'time_epoch': 0.08567, 'loss': 2.7427361, 'lr': 0, 'params': 284917, 'time_iter': 0.00612, 'accuracy': 0.39048, 'f1': 0.3369, 'auc': 0.92618}
> Epoch 74: took 2.5s (avg 3.3s) | Best so far: epoch 45	train_loss: 0.7980 train_accuracy: 0.7278	val_loss: 2.5480 val_accuracy: 0.3548	test_loss: 1.8614 test_accuracy: 0.4524	F1: 0.4115 Prec: 0.4755 Rec: 0.4524
train: {'epoch': 75, 'time_epoch': 2.09442, 'eta': 506.91633, 'eta_hours': 0.14081, 'loss': 0.58320045, 'lr': 0.00079389, 'params': 284917, 'time_iter': 0.01197, 'accuracy': 0.8129, 'f1': 0.81288, 'auc': 0.99053}
val: {'epoch': 75, 'time_epoch': 0.08424, 'loss': 3.67150383, 'lr': 0, 'params': 284917, 'time_iter': 0.00602, 'accuracy': 0.25238, 'f1': 0.18783, 'auc': 0.84091}
test: {'epoch': 75, 'time_epoch': 0.10126, 'loss': 2.43857704, 'lr': 0, 'params': 284917, 'time_iter': 0.00723, 'accuracy': 0.39048, 'f1': 0.34053, 'auc': 0.9168}
> Epoch 75: took 2.4s (avg 3.3s) | Best so far: epoch 45	train_loss: 0.7980 train_accuracy: 0.7278	val_loss: 2.5480 val_accuracy: 0.3548	test_loss: 1.8614 test_accuracy: 0.4524	F1: 0.4115 Prec: 0.4755 Rec: 0.4524
train: {'epoch': 76, 'time_epoch': 2.36155, 'eta': 502.76335, 'eta_hours': 0.13966, 'loss': 0.56912452, 'lr': 0.00078879, 'params': 284917, 'time_iter': 0.01349, 'accuracy': 0.81004, 'f1': 0.8097, 'auc': 0.99107}
val: {'epoch': 76, 'time_epoch': 0.08757, 'loss': 3.15632556, 'lr': 0, 'params': 284917, 'time_iter': 0.00625, 'accuracy': 0.28333, 'f1': 0.26259, 'auc': 0.87563}
test: {'epoch': 76, 'time_epoch': 0.0823, 'loss': 2.70652774, 'lr': 0, 'params': 284917, 'time_iter': 0.00588, 'accuracy': 0.38095, 'f1': 0.33506, 'auc': 0.9258}
> Epoch 76: took 2.6s (avg 3.3s) | Best so far: epoch 45	train_loss: 0.7980 train_accuracy: 0.7278	val_loss: 2.5480 val_accuracy: 0.3548	test_loss: 1.8614 test_accuracy: 0.4524	F1: 0.4115 Prec: 0.4755 Rec: 0.4524
train: {'epoch': 77, 'time_epoch': 2.164, 'eta': 498.22069, 'eta_hours': 0.13839, 'loss': 0.58098317, 'lr': 0.00078363, 'params': 284917, 'time_iter': 0.01237, 'accuracy': 0.80824, 'f1': 0.80806, 'auc': 0.99062}
val: {'epoch': 77, 'time_epoch': 0.08415, 'loss': 5.05850603, 'lr': 0, 'params': 284917, 'time_iter': 0.00601, 'accuracy': 0.25, 'f1': 0.19526, 'auc': 0.8256}
test: {'epoch': 77, 'time_epoch': 0.09641, 'loss': 3.92218436, 'lr': 0, 'params': 284917, 'time_iter': 0.00689, 'accuracy': 0.28095, 'f1': 0.22008, 'auc': 0.88753}
> Epoch 77: took 2.4s (avg 3.2s) | Best so far: epoch 45	train_loss: 0.7980 train_accuracy: 0.7278	val_loss: 2.5480 val_accuracy: 0.3548	test_loss: 1.8614 test_accuracy: 0.4524	F1: 0.4115 Prec: 0.4755 Rec: 0.4524
train: {'epoch': 78, 'time_epoch': 2.23812, 'eta': 493.89867, 'eta_hours': 0.13719, 'loss': 0.56692609, 'lr': 0.00077844, 'params': 284917, 'time_iter': 0.01279, 'accuracy': 0.81183, 'f1': 0.81152, 'auc': 0.99119}
val: {'epoch': 78, 'time_epoch': 0.09541, 'loss': 3.29454546, 'lr': 0, 'params': 284917, 'time_iter': 0.00682, 'accuracy': 0.29524, 'f1': 0.25951, 'auc': 0.87065}
test: {'epoch': 78, 'time_epoch': 0.10962, 'loss': 3.51398904, 'lr': 0, 'params': 284917, 'time_iter': 0.00783, 'accuracy': 0.26905, 'f1': 0.2382, 'auc': 0.88001}
> Epoch 78: took 2.5s (avg 3.2s) | Best so far: epoch 45	train_loss: 0.7980 train_accuracy: 0.7278	val_loss: 2.5480 val_accuracy: 0.3548	test_loss: 1.8614 test_accuracy: 0.4524	F1: 0.4115 Prec: 0.4755 Rec: 0.4524
train: {'epoch': 79, 'time_epoch': 2.26104, 'eta': 489.67746, 'eta_hours': 0.13602, 'loss': 0.58840603, 'lr': 0.0007732, 'params': 284917, 'time_iter': 0.01292, 'accuracy': 0.80305, 'f1': 0.80276, 'auc': 0.99055}
val: {'epoch': 79, 'time_epoch': 0.10327, 'loss': 5.64499567, 'lr': 0, 'params': 284917, 'time_iter': 0.00738, 'accuracy': 0.15952, 'f1': 0.1168, 'auc': 0.75879}
test: {'epoch': 79, 'time_epoch': 0.08345, 'loss': 6.00660659, 'lr': 0, 'params': 284917, 'time_iter': 0.00596, 'accuracy': 0.14524, 'f1': 0.09441, 'auc': 0.75662}
> Epoch 79: took 2.5s (avg 3.2s) | Best so far: epoch 45	train_loss: 0.7980 train_accuracy: 0.7278	val_loss: 2.5480 val_accuracy: 0.3548	test_loss: 1.8614 test_accuracy: 0.4524	F1: 0.4115 Prec: 0.4755 Rec: 0.4524
train: {'epoch': 80, 'time_epoch': 2.24817, 'eta': 485.47779, 'eta_hours': 0.13485, 'loss': 0.55080489, 'lr': 0.00076791, 'params': 284917, 'time_iter': 0.01285, 'accuracy': 0.81541, 'f1': 0.8152, 'auc': 0.99165}
val: {'epoch': 80, 'time_epoch': 0.08857, 'loss': 3.98365477, 'lr': 0, 'params': 284917, 'time_iter': 0.00633, 'accuracy': 0.22857, 'f1': 0.21423, 'auc': 0.8293}
test: {'epoch': 80, 'time_epoch': 0.09524, 'loss': 4.24371362, 'lr': 0, 'params': 284917, 'time_iter': 0.0068, 'accuracy': 0.25952, 'f1': 0.18739, 'auc': 0.86012}
> Epoch 80: took 2.5s (avg 3.2s) | Best so far: epoch 45	train_loss: 0.7980 train_accuracy: 0.7278	val_loss: 2.5480 val_accuracy: 0.3548	test_loss: 1.8614 test_accuracy: 0.4524	F1: 0.4115 Prec: 0.4755 Rec: 0.4524
train: {'epoch': 81, 'time_epoch': 2.17738, 'eta': 481.18069, 'eta_hours': 0.13366, 'loss': 0.56903619, 'lr': 0.00076259, 'params': 284917, 'time_iter': 0.01244, 'accuracy': 0.80806, 'f1': 0.80783, 'auc': 0.99098}
val: {'epoch': 81, 'time_epoch': 0.07866, 'loss': 3.2514279, 'lr': 0, 'params': 284917, 'time_iter': 0.00562, 'accuracy': 0.29048, 'f1': 0.22971, 'auc': 0.89236}
test: {'epoch': 81, 'time_epoch': 0.08462, 'loss': 2.51060137, 'lr': 0, 'params': 284917, 'time_iter': 0.00604, 'accuracy': 0.36905, 'f1': 0.34295, 'auc': 0.90751}
> Epoch 81: took 2.4s (avg 3.2s) | Best so far: epoch 45	train_loss: 0.7980 train_accuracy: 0.7278	val_loss: 2.5480 val_accuracy: 0.3548	test_loss: 1.8614 test_accuracy: 0.4524	F1: 0.4115 Prec: 0.4755 Rec: 0.4524
train: {'epoch': 82, 'time_epoch': 2.06418, 'eta': 476.7069, 'eta_hours': 0.13242, 'loss': 0.52034019, 'lr': 0.00075722, 'params': 284917, 'time_iter': 0.0118, 'accuracy': 0.82563, 'f1': 0.82529, 'auc': 0.99254}
val: {'epoch': 82, 'time_epoch': 0.10135, 'loss': 3.43805363, 'lr': 0, 'params': 284917, 'time_iter': 0.00724, 'accuracy': 0.28333, 'f1': 0.26277, 'auc': 0.8589}
test: {'epoch': 82, 'time_epoch': 0.08301, 'loss': 3.67333623, 'lr': 0, 'params': 284917, 'time_iter': 0.00593, 'accuracy': 0.24286, 'f1': 0.21534, 'auc': 0.87252}
> Epoch 82: took 2.3s (avg 3.2s) | Best so far: epoch 45	train_loss: 0.7980 train_accuracy: 0.7278	val_loss: 2.5480 val_accuracy: 0.3548	test_loss: 1.8614 test_accuracy: 0.4524	F1: 0.4115 Prec: 0.4755 Rec: 0.4524
train: {'epoch': 83, 'time_epoch': 2.31824, 'eta': 472.79256, 'eta_hours': 0.13133, 'loss': 0.52382813, 'lr': 0.00075181, 'params': 284917, 'time_iter': 0.01325, 'accuracy': 0.82724, 'f1': 0.82689, 'auc': 0.99232}
val: {'epoch': 83, 'time_epoch': 0.10005, 'loss': 4.83574112, 'lr': 0, 'params': 284917, 'time_iter': 0.00715, 'accuracy': 0.16429, 'f1': 0.13409, 'auc': 0.81376}
test: {'epoch': 83, 'time_epoch': 0.09725, 'loss': 4.87997437, 'lr': 0, 'params': 284917, 'time_iter': 0.00695, 'accuracy': 0.15952, 'f1': 0.11, 'auc': 0.82277}
> Epoch 83: took 2.6s (avg 3.2s) | Best so far: epoch 45	train_loss: 0.7980 train_accuracy: 0.7278	val_loss: 2.5480 val_accuracy: 0.3548	test_loss: 1.8614 test_accuracy: 0.4524	F1: 0.4115 Prec: 0.4755 Rec: 0.4524
train: {'epoch': 84, 'time_epoch': 2.04336, 'eta': 468.38218, 'eta_hours': 0.13011, 'loss': 0.55475128, 'lr': 0.00074636, 'params': 284917, 'time_iter': 0.01168, 'accuracy': 0.81416, 'f1': 0.81411, 'auc': 0.99148}
val: {'epoch': 84, 'time_epoch': 0.09061, 'loss': 3.71789396, 'lr': 0, 'params': 284917, 'time_iter': 0.00647, 'accuracy': 0.25714, 'f1': 0.22862, 'auc': 0.84537}
test: {'epoch': 84, 'time_epoch': 0.09437, 'loss': 2.78441455, 'lr': 0, 'params': 284917, 'time_iter': 0.00674, 'accuracy': 0.36905, 'f1': 0.30645, 'auc': 0.9278}
> Epoch 84: took 2.3s (avg 3.2s) | Best so far: epoch 45	train_loss: 0.7980 train_accuracy: 0.7278	val_loss: 2.5480 val_accuracy: 0.3548	test_loss: 1.8614 test_accuracy: 0.4524	F1: 0.4115 Prec: 0.4755 Rec: 0.4524
train: {'epoch': 85, 'time_epoch': 2.3772, 'eta': 464.66347, 'eta_hours': 0.12907, 'loss': 0.53841247, 'lr': 0.00074088, 'params': 284917, 'time_iter': 0.01358, 'accuracy': 0.82168, 'f1': 0.82145, 'auc': 0.99197}
val: {'epoch': 85, 'time_epoch': 0.12092, 'loss': 4.43671065, 'lr': 0, 'params': 284917, 'time_iter': 0.00864, 'accuracy': 0.19524, 'f1': 0.15071, 'auc': 0.78346}
test: {'epoch': 85, 'time_epoch': 0.09907, 'loss': 2.70891248, 'lr': 0, 'params': 284917, 'time_iter': 0.00708, 'accuracy': 0.36667, 'f1': 0.31718, 'auc': 0.91046}
> Epoch 85: took 2.7s (avg 3.2s) | Best so far: epoch 45	train_loss: 0.7980 train_accuracy: 0.7278	val_loss: 2.5480 val_accuracy: 0.3548	test_loss: 1.8614 test_accuracy: 0.4524	F1: 0.4115 Prec: 0.4755 Rec: 0.4524
train: {'epoch': 86, 'time_epoch': 2.22878, 'eta': 460.69752, 'eta_hours': 0.12797, 'loss': 0.53185139, 'lr': 0.00073535, 'params': 284917, 'time_iter': 0.01274, 'accuracy': 0.82509, 'f1': 0.82493, 'auc': 0.99205}
val: {'epoch': 86, 'time_epoch': 0.0949, 'loss': 3.67802973, 'lr': 0, 'params': 284917, 'time_iter': 0.00678, 'accuracy': 0.27857, 'f1': 0.23356, 'auc': 0.8595}
test: {'epoch': 86, 'time_epoch': 0.08462, 'loss': 5.28479677, 'lr': 0, 'params': 284917, 'time_iter': 0.00604, 'accuracy': 0.2119, 'f1': 0.14851, 'auc': 0.85269}
> Epoch 86: took 2.5s (avg 3.2s) | Best so far: epoch 45	train_loss: 0.7980 train_accuracy: 0.7278	val_loss: 2.5480 val_accuracy: 0.3548	test_loss: 1.8614 test_accuracy: 0.4524	F1: 0.4115 Prec: 0.4755 Rec: 0.4524
train: {'epoch': 87, 'time_epoch': 2.16831, 'eta': 456.65974, 'eta_hours': 0.12685, 'loss': 0.50652446, 'lr': 0.00072979, 'params': 284917, 'time_iter': 0.01239, 'accuracy': 0.83262, 'f1': 0.83242, 'auc': 0.99294}
val: {'epoch': 87, 'time_epoch': 0.09893, 'loss': 3.35896966, 'lr': 0, 'params': 284917, 'time_iter': 0.00707, 'accuracy': 0.3381, 'f1': 0.30714, 'auc': 0.87775}
test: {'epoch': 87, 'time_epoch': 0.08661, 'loss': 2.08895702, 'lr': 0, 'params': 284917, 'time_iter': 0.00619, 'accuracy': 0.4381, 'f1': 0.40397, 'auc': 0.95013}
> Epoch 87: took 2.4s (avg 3.2s) | Best so far: epoch 45	train_loss: 0.7980 train_accuracy: 0.7278	val_loss: 2.5480 val_accuracy: 0.3548	test_loss: 1.8614 test_accuracy: 0.4524	F1: 0.4115 Prec: 0.4755 Rec: 0.4524
train: {'epoch': 88, 'time_epoch': 2.59274, 'eta': 453.43176, 'eta_hours': 0.12595, 'loss': 0.51492373, 'lr': 0.00072419, 'params': 284917, 'time_iter': 0.01482, 'accuracy': 0.82778, 'f1': 0.82769, 'auc': 0.99259}
val: {'epoch': 88, 'time_epoch': 0.0974, 'loss': 3.66536871, 'lr': 0, 'params': 284917, 'time_iter': 0.00696, 'accuracy': 0.25952, 'f1': 0.20696, 'auc': 0.84949}
test: {'epoch': 88, 'time_epoch': 0.10672, 'loss': 3.73249646, 'lr': 0, 'params': 284917, 'time_iter': 0.00762, 'accuracy': 0.26905, 'f1': 0.21998, 'auc': 0.87199}
> Epoch 88: took 2.9s (avg 3.2s) | Best so far: epoch 45	train_loss: 0.7980 train_accuracy: 0.7278	val_loss: 2.5480 val_accuracy: 0.3548	test_loss: 1.8614 test_accuracy: 0.4524	F1: 0.4115 Prec: 0.4755 Rec: 0.4524
train: {'epoch': 89, 'time_epoch': 2.28266, 'eta': 449.66664, 'eta_hours': 0.12491, 'loss': 0.51820595, 'lr': 0.00071856, 'params': 284917, 'time_iter': 0.01304, 'accuracy': 0.82419, 'f1': 0.82414, 'auc': 0.99253}
val: {'epoch': 89, 'time_epoch': 0.09256, 'loss': 3.15037213, 'lr': 0, 'params': 284917, 'time_iter': 0.00661, 'accuracy': 0.29048, 'f1': 0.24565, 'auc': 0.87512}
test: {'epoch': 89, 'time_epoch': 0.10212, 'loss': 2.9474291, 'lr': 0, 'params': 284917, 'time_iter': 0.00729, 'accuracy': 0.37619, 'f1': 0.31686, 'auc': 0.91389}
> Epoch 89: took 2.6s (avg 3.2s) | Best so far: epoch 45	train_loss: 0.7980 train_accuracy: 0.7278	val_loss: 2.5480 val_accuracy: 0.3548	test_loss: 1.8614 test_accuracy: 0.4524	F1: 0.4115 Prec: 0.4755 Rec: 0.4524
train: {'epoch': 90, 'time_epoch': 2.39502, 'eta': 446.13041, 'eta_hours': 0.12393, 'loss': 0.50445188, 'lr': 0.00071289, 'params': 284917, 'time_iter': 0.01369, 'accuracy': 0.82975, 'f1': 0.82948, 'auc': 0.99315}
val: {'epoch': 90, 'time_epoch': 0.09848, 'loss': 4.04832633, 'lr': 0, 'params': 284917, 'time_iter': 0.00703, 'accuracy': 0.27143, 'f1': 0.21453, 'auc': 0.86206}
test: {'epoch': 90, 'time_epoch': 0.09008, 'loss': 2.5011648, 'lr': 0, 'params': 284917, 'time_iter': 0.00643, 'accuracy': 0.39048, 'f1': 0.34963, 'auc': 0.9427}
> Epoch 90: took 2.7s (avg 3.1s) | Best so far: epoch 45	train_loss: 0.7980 train_accuracy: 0.7278	val_loss: 2.5480 val_accuracy: 0.3548	test_loss: 1.8614 test_accuracy: 0.4524	F1: 0.4115 Prec: 0.4755 Rec: 0.4524
train: {'epoch': 91, 'time_epoch': 2.26509, 'eta': 442.39587, 'eta_hours': 0.12289, 'loss': 0.50722444, 'lr': 0.00070719, 'params': 284917, 'time_iter': 0.01294, 'accuracy': 0.83333, 'f1': 0.83305, 'auc': 0.99275}
val: {'epoch': 91, 'time_epoch': 0.10977, 'loss': 3.8766359, 'lr': 0, 'params': 284917, 'time_iter': 0.00784, 'accuracy': 0.23571, 'f1': 0.18885, 'auc': 0.84689}
test: {'epoch': 91, 'time_epoch': 0.09605, 'loss': 2.7567044, 'lr': 0, 'params': 284917, 'time_iter': 0.00686, 'accuracy': 0.37619, 'f1': 0.33917, 'auc': 0.90215}
> Epoch 91: took 2.6s (avg 3.1s) | Best so far: epoch 45	train_loss: 0.7980 train_accuracy: 0.7278	val_loss: 2.5480 val_accuracy: 0.3548	test_loss: 1.8614 test_accuracy: 0.4524	F1: 0.4115 Prec: 0.4755 Rec: 0.4524
train: {'epoch': 92, 'time_epoch': 2.25219, 'eta': 438.67115, 'eta_hours': 0.12185, 'loss': 0.47870525, 'lr': 0.00070145, 'params': 284917, 'time_iter': 0.01287, 'accuracy': 0.83835, 'f1': 0.83822, 'auc': 0.99363}
val: {'epoch': 92, 'time_epoch': 0.09384, 'loss': 3.42374019, 'lr': 0, 'params': 284917, 'time_iter': 0.0067, 'accuracy': 0.25952, 'f1': 0.21378, 'auc': 0.8732}
test: {'epoch': 92, 'time_epoch': 0.09966, 'loss': 3.89161483, 'lr': 0, 'params': 284917, 'time_iter': 0.00712, 'accuracy': 0.25476, 'f1': 0.22286, 'auc': 0.88233}
> Epoch 92: took 2.6s (avg 3.1s) | Best so far: epoch 45	train_loss: 0.7980 train_accuracy: 0.7278	val_loss: 2.5480 val_accuracy: 0.3548	test_loss: 1.8614 test_accuracy: 0.4524	F1: 0.4115 Prec: 0.4755 Rec: 0.4524
train: {'epoch': 93, 'time_epoch': 2.22693, 'eta': 434.93582, 'eta_hours': 0.12082, 'loss': 0.49273974, 'lr': 0.00069569, 'params': 284917, 'time_iter': 0.01273, 'accuracy': 0.83728, 'f1': 0.83721, 'auc': 0.99322}
val: {'epoch': 93, 'time_epoch': 0.08897, 'loss': 4.07425229, 'lr': 0, 'params': 284917, 'time_iter': 0.00635, 'accuracy': 0.27381, 'f1': 0.23687, 'auc': 0.8458}
test: {'epoch': 93, 'time_epoch': 0.08878, 'loss': 2.21530512, 'lr': 0, 'params': 284917, 'time_iter': 0.00634, 'accuracy': 0.45238, 'f1': 0.40889, 'auc': 0.94983}
> Epoch 93: took 2.5s (avg 3.1s) | Best so far: epoch 45	train_loss: 0.7980 train_accuracy: 0.7278	val_loss: 2.5480 val_accuracy: 0.3548	test_loss: 1.8614 test_accuracy: 0.4524	F1: 0.4115 Prec: 0.4755 Rec: 0.4524
train: {'epoch': 94, 'time_epoch': 2.34303, 'eta': 431.42169, 'eta_hours': 0.11984, 'loss': 0.46651617, 'lr': 0.00068989, 'params': 284917, 'time_iter': 0.01339, 'accuracy': 0.84642, 'f1': 0.84623, 'auc': 0.99394}
val: {'epoch': 94, 'time_epoch': 0.09356, 'loss': 6.61733778, 'lr': 0, 'params': 284917, 'time_iter': 0.00668, 'accuracy': 0.13333, 'f1': 0.08978, 'auc': 0.79205}
test: {'epoch': 94, 'time_epoch': 0.09526, 'loss': 5.92736028, 'lr': 0, 'params': 284917, 'time_iter': 0.0068, 'accuracy': 0.27381, 'f1': 0.17708, 'auc': 0.8651}
> Epoch 94: took 2.6s (avg 3.1s) | Best so far: epoch 45	train_loss: 0.7980 train_accuracy: 0.7278	val_loss: 2.5480 val_accuracy: 0.3548	test_loss: 1.8614 test_accuracy: 0.4524	F1: 0.4115 Prec: 0.4755 Rec: 0.4524
train: {'epoch': 95, 'time_epoch': 2.33073, 'eta': 427.91222, 'eta_hours': 0.11886, 'loss': 0.48746306, 'lr': 0.00068406, 'params': 284917, 'time_iter': 0.01332, 'accuracy': 0.84176, 'f1': 0.84166, 'auc': 0.9933}
val: {'epoch': 95, 'time_epoch': 0.12494, 'loss': 3.28613527, 'lr': 0, 'params': 284917, 'time_iter': 0.00892, 'accuracy': 0.3, 'f1': 0.24458, 'auc': 0.87814}
test: {'epoch': 95, 'time_epoch': 0.10873, 'loss': 2.97610754, 'lr': 0, 'params': 284917, 'time_iter': 0.00777, 'accuracy': 0.3381, 'f1': 0.2953, 'auc': 0.89801}
> Epoch 95: took 2.7s (avg 3.1s) | Best so far: epoch 45	train_loss: 0.7980 train_accuracy: 0.7278	val_loss: 2.5480 val_accuracy: 0.3548	test_loss: 1.8614 test_accuracy: 0.4524	F1: 0.4115 Prec: 0.4755 Rec: 0.4524
train: {'epoch': 96, 'time_epoch': 2.27862, 'eta': 424.34486, 'eta_hours': 0.11787, 'loss': 0.49864146, 'lr': 0.00067821, 'params': 284917, 'time_iter': 0.01302, 'accuracy': 0.83477, 'f1': 0.83472, 'auc': 0.99296}
val: {'epoch': 96, 'time_epoch': 0.10336, 'loss': 4.80091676, 'lr': 0, 'params': 284917, 'time_iter': 0.00738, 'accuracy': 0.18095, 'f1': 0.145, 'auc': 0.81383}
test: {'epoch': 96, 'time_epoch': 0.09031, 'loss': 4.4160992, 'lr': 0, 'params': 284917, 'time_iter': 0.00645, 'accuracy': 0.27619, 'f1': 0.20285, 'auc': 0.88564}
> Epoch 96: took 2.6s (avg 3.1s) | Best so far: epoch 45	train_loss: 0.7980 train_accuracy: 0.7278	val_loss: 2.5480 val_accuracy: 0.3548	test_loss: 1.8614 test_accuracy: 0.4524	F1: 0.4115 Prec: 0.4755 Rec: 0.4524
train: {'epoch': 97, 'time_epoch': 2.22294, 'eta': 420.71744, 'eta_hours': 0.11687, 'loss': 0.465521, 'lr': 0.00067232, 'params': 284917, 'time_iter': 0.0127, 'accuracy': 0.84606, 'f1': 0.84586, 'auc': 0.99398}
val: {'epoch': 97, 'time_epoch': 0.09781, 'loss': 5.49246683, 'lr': 0, 'params': 284917, 'time_iter': 0.00699, 'accuracy': 0.22619, 'f1': 0.19201, 'auc': 0.83634}
test: {'epoch': 97, 'time_epoch': 0.09943, 'loss': 3.94983202, 'lr': 0, 'params': 284917, 'time_iter': 0.0071, 'accuracy': 0.28095, 'f1': 0.23184, 'auc': 0.89832}
> Epoch 97: took 2.5s (avg 3.1s) | Best so far: epoch 45	train_loss: 0.7980 train_accuracy: 0.7278	val_loss: 2.5480 val_accuracy: 0.3548	test_loss: 1.8614 test_accuracy: 0.4524	F1: 0.4115 Prec: 0.4755 Rec: 0.4524
train: {'epoch': 98, 'time_epoch': 2.24959, 'eta': 417.15904, 'eta_hours': 0.11588, 'loss': 0.49754477, 'lr': 0.00066641, 'params': 284917, 'time_iter': 0.01285, 'accuracy': 0.83656, 'f1': 0.83643, 'auc': 0.99309}
val: {'epoch': 98, 'time_epoch': 0.08897, 'loss': 3.02036414, 'lr': 0, 'params': 284917, 'time_iter': 0.00635, 'accuracy': 0.33095, 'f1': 0.29935, 'auc': 0.8861}
test: {'epoch': 98, 'time_epoch': 0.08632, 'loss': 2.80083977, 'lr': 0, 'params': 284917, 'time_iter': 0.00617, 'accuracy': 0.37381, 'f1': 0.31461, 'auc': 0.92219}
> Epoch 98: took 2.5s (avg 3.1s) | Best so far: epoch 45	train_loss: 0.7980 train_accuracy: 0.7278	val_loss: 2.5480 val_accuracy: 0.3548	test_loss: 1.8614 test_accuracy: 0.4524	F1: 0.4115 Prec: 0.4755 Rec: 0.4524
train: {'epoch': 99, 'time_epoch': 2.19773, 'eta': 413.54903, 'eta_hours': 0.11487, 'loss': 0.48535574, 'lr': 0.00066047, 'params': 284917, 'time_iter': 0.01256, 'accuracy': 0.84211, 'f1': 0.8419, 'auc': 0.99349}
val: {'epoch': 99, 'time_epoch': 0.09581, 'loss': 2.9432386, 'lr': 0, 'params': 284917, 'time_iter': 0.00684, 'accuracy': 0.34762, 'f1': 0.30002, 'auc': 0.88345}
test: {'epoch': 99, 'time_epoch': 0.09007, 'loss': 2.36676482, 'lr': 0, 'params': 284917, 'time_iter': 0.00643, 'accuracy': 0.44524, 'f1': 0.41332, 'auc': 0.92279}
> Epoch 99: took 2.5s (avg 3.1s) | Best so far: epoch 45	train_loss: 0.7980 train_accuracy: 0.7278	val_loss: 2.5480 val_accuracy: 0.3548	test_loss: 1.8614 test_accuracy: 0.4524	F1: 0.4115 Prec: 0.4755 Rec: 0.4524
train: {'epoch': 100, 'time_epoch': 2.32708, 'eta': 410.15781, 'eta_hours': 0.11393, 'loss': 0.44920111, 'lr': 0.00065451, 'params': 284917, 'time_iter': 0.0133, 'accuracy': 0.85054, 'f1': 0.85043, 'auc': 0.99445}
val: {'epoch': 100, 'time_epoch': 0.09494, 'loss': 3.71430366, 'lr': 0, 'params': 284917, 'time_iter': 0.00678, 'accuracy': 0.29286, 'f1': 0.23473, 'auc': 0.8794}
test: {'epoch': 100, 'time_epoch': 0.0873, 'loss': 3.05571186, 'lr': 0, 'params': 284917, 'time_iter': 0.00624, 'accuracy': 0.31905, 'f1': 0.28646, 'auc': 0.89614}
> Epoch 100: took 2.6s (avg 3.1s) | Best so far: epoch 45	train_loss: 0.7980 train_accuracy: 0.7278	val_loss: 2.5480 val_accuracy: 0.3548	test_loss: 1.8614 test_accuracy: 0.4524	F1: 0.4115 Prec: 0.4755 Rec: 0.4524
train: {'epoch': 101, 'time_epoch': 2.15517, 'eta': 406.53801, 'eta_hours': 0.11293, 'loss': 0.45897435, 'lr': 0.00064852, 'params': 284917, 'time_iter': 0.01232, 'accuracy': 0.84659, 'f1': 0.84648, 'auc': 0.99423}
val: {'epoch': 101, 'time_epoch': 0.09621, 'loss': 5.28975571, 'lr': 0, 'params': 284917, 'time_iter': 0.00687, 'accuracy': 0.24762, 'f1': 0.19906, 'auc': 0.83074}
test: {'epoch': 101, 'time_epoch': 0.09191, 'loss': 4.48791142, 'lr': 0, 'params': 284917, 'time_iter': 0.00656, 'accuracy': 0.2619, 'f1': 0.18337, 'auc': 0.89626}
> Epoch 101: took 2.4s (avg 3.1s) | Best so far: epoch 45	train_loss: 0.7980 train_accuracy: 0.7278	val_loss: 2.5480 val_accuracy: 0.3548	test_loss: 1.8614 test_accuracy: 0.4524	F1: 0.4115 Prec: 0.4755 Rec: 0.4524
train: {'epoch': 102, 'time_epoch': 2.29551, 'eta': 403.14694, 'eta_hours': 0.11199, 'loss': 0.43716246, 'lr': 0.00064251, 'params': 284917, 'time_iter': 0.01312, 'accuracy': 0.85735, 'f1': 0.85716, 'auc': 0.99469}
val: {'epoch': 102, 'time_epoch': 0.09526, 'loss': 3.82183534, 'lr': 0, 'params': 284917, 'time_iter': 0.0068, 'accuracy': 0.28095, 'f1': 0.21354, 'auc': 0.87008}
test: {'epoch': 102, 'time_epoch': 0.09099, 'loss': 2.95406113, 'lr': 0, 'params': 284917, 'time_iter': 0.0065, 'accuracy': 0.35952, 'f1': 0.33379, 'auc': 0.89562}
> Epoch 102: took 2.6s (avg 3.1s) | Best so far: epoch 45	train_loss: 0.7980 train_accuracy: 0.7278	val_loss: 2.5480 val_accuracy: 0.3548	test_loss: 1.8614 test_accuracy: 0.4524	F1: 0.4115 Prec: 0.4755 Rec: 0.4524
train: {'epoch': 103, 'time_epoch': 2.30892, 'eta': 399.79577, 'eta_hours': 0.11105, 'loss': 0.46781317, 'lr': 0.00063648, 'params': 284917, 'time_iter': 0.01319, 'accuracy': 0.84498, 'f1': 0.84496, 'auc': 0.99379}
val: {'epoch': 103, 'time_epoch': 0.10036, 'loss': 5.77113299, 'lr': 0, 'params': 284917, 'time_iter': 0.00717, 'accuracy': 0.18095, 'f1': 0.11881, 'auc': 0.80208}
test: {'epoch': 103, 'time_epoch': 0.09296, 'loss': 4.75066793, 'lr': 0, 'params': 284917, 'time_iter': 0.00664, 'accuracy': 0.23571, 'f1': 0.17709, 'auc': 0.83549}
> Epoch 103: took 2.6s (avg 3.1s) | Best so far: epoch 45	train_loss: 0.7980 train_accuracy: 0.7278	val_loss: 2.5480 val_accuracy: 0.3548	test_loss: 1.8614 test_accuracy: 0.4524	F1: 0.4115 Prec: 0.4755 Rec: 0.4524
train: {'epoch': 104, 'time_epoch': 2.33175, 'eta': 396.49598, 'eta_hours': 0.11014, 'loss': 0.47247224, 'lr': 0.00063042, 'params': 284917, 'time_iter': 0.01332, 'accuracy': 0.84176, 'f1': 0.84162, 'auc': 0.99368}
val: {'epoch': 104, 'time_epoch': 0.09702, 'loss': 3.22543643, 'lr': 0, 'params': 284917, 'time_iter': 0.00693, 'accuracy': 0.29524, 'f1': 0.25555, 'auc': 0.89145}
test: {'epoch': 104, 'time_epoch': 0.08749, 'loss': 2.95541022, 'lr': 0, 'params': 284917, 'time_iter': 0.00625, 'accuracy': 0.3381, 'f1': 0.29605, 'auc': 0.90522}
> Epoch 104: took 2.6s (avg 3.1s) | Best so far: epoch 45	train_loss: 0.7980 train_accuracy: 0.7278	val_loss: 2.5480 val_accuracy: 0.3548	test_loss: 1.8614 test_accuracy: 0.4524	F1: 0.4115 Prec: 0.4755 Rec: 0.4524
train: {'epoch': 105, 'time_epoch': 2.14475, 'eta': 392.96042, 'eta_hours': 0.10916, 'loss': 0.44351552, 'lr': 0.00062434, 'params': 284917, 'time_iter': 0.01226, 'accuracy': 0.85591, 'f1': 0.85585, 'auc': 0.99456}
val: {'epoch': 105, 'time_epoch': 0.10317, 'loss': 3.38644474, 'lr': 0, 'params': 284917, 'time_iter': 0.00737, 'accuracy': 0.29048, 'f1': 0.26592, 'auc': 0.86536}
test: {'epoch': 105, 'time_epoch': 0.0914, 'loss': 3.94952092, 'lr': 0, 'params': 284917, 'time_iter': 0.00653, 'accuracy': 0.27381, 'f1': 0.24674, 'auc': 0.86291}
> Epoch 105: took 2.4s (avg 3.1s) | Best so far: epoch 45	train_loss: 0.7980 train_accuracy: 0.7278	val_loss: 2.5480 val_accuracy: 0.3548	test_loss: 1.8614 test_accuracy: 0.4524	F1: 0.4115 Prec: 0.4755 Rec: 0.4524
train: {'epoch': 106, 'time_epoch': 2.24786, 'eta': 389.58866, 'eta_hours': 0.10822, 'loss': 0.43157177, 'lr': 0.00061825, 'params': 284917, 'time_iter': 0.01284, 'accuracy': 0.85806, 'f1': 0.85788, 'auc': 0.99476}
val: {'epoch': 106, 'time_epoch': 0.09638, 'loss': 3.94650232, 'lr': 0, 'params': 284917, 'time_iter': 0.00688, 'accuracy': 0.26429, 'f1': 0.2138, 'auc': 0.85893}
test: {'epoch': 106, 'time_epoch': 0.11859, 'loss': 2.75809849, 'lr': 0, 'params': 284917, 'time_iter': 0.00847, 'accuracy': 0.38333, 'f1': 0.34036, 'auc': 0.90785}
> Epoch 106: took 2.5s (avg 3.1s) | Best so far: epoch 45	train_loss: 0.7980 train_accuracy: 0.7278	val_loss: 2.5480 val_accuracy: 0.3548	test_loss: 1.8614 test_accuracy: 0.4524	F1: 0.4115 Prec: 0.4755 Rec: 0.4524
train: {'epoch': 107, 'time_epoch': 2.29511, 'eta': 386.29983, 'eta_hours': 0.10731, 'loss': 0.45424802, 'lr': 0.00061214, 'params': 284917, 'time_iter': 0.01311, 'accuracy': 0.85215, 'f1': 0.85211, 'auc': 0.99448}
val: {'epoch': 107, 'time_epoch': 0.09567, 'loss': 3.21793524, 'lr': 0, 'params': 284917, 'time_iter': 0.00683, 'accuracy': 0.26905, 'f1': 0.26725, 'auc': 0.88094}
test: {'epoch': 107, 'time_epoch': 0.09225, 'loss': 3.05533655, 'lr': 0, 'params': 284917, 'time_iter': 0.00659, 'accuracy': 0.39048, 'f1': 0.31892, 'auc': 0.92814}
> Epoch 107: took 2.6s (avg 3.1s) | Best so far: epoch 45	train_loss: 0.7980 train_accuracy: 0.7278	val_loss: 2.5480 val_accuracy: 0.3548	test_loss: 1.8614 test_accuracy: 0.4524	F1: 0.4115 Prec: 0.4755 Rec: 0.4524
train: {'epoch': 108, 'time_epoch': 2.3891, 'eta': 383.15082, 'eta_hours': 0.10643, 'loss': 0.43604911, 'lr': 0.000606, 'params': 284917, 'time_iter': 0.01365, 'accuracy': 0.85287, 'f1': 0.85269, 'auc': 0.99472}
val: {'epoch': 108, 'time_epoch': 0.09641, 'loss': 2.55373732, 'lr': 0, 'params': 284917, 'time_iter': 0.00689, 'accuracy': 0.4119, 'f1': 0.38174, 'auc': 0.90831}
test: {'epoch': 108, 'time_epoch': 0.11577, 'loss': 1.83345046, 'lr': 0, 'params': 284917, 'time_iter': 0.00827, 'accuracy': 0.53571, 'f1': 0.4976, 'auc': 0.94675}
[*] Confusion Matrix saved to: results_lopo_1.0/IM_3m\Conf\confusion_matrix_epoch_108.png
> Epoch 108: took 2.7s (avg 3.0s) | Best so far: epoch 108	train_loss: 0.4360 train_accuracy: 0.8529	val_loss: 2.5537 val_accuracy: 0.4119	test_loss: 1.8335 test_accuracy: 0.5357	F1: 0.4976 Prec: 0.5460 Rec: 0.5357
train: {'epoch': 109, 'time_epoch': 2.35277, 'eta': 379.96939, 'eta_hours': 0.10555, 'loss': 0.42888014, 'lr': 0.00059985, 'params': 284917, 'time_iter': 0.01344, 'accuracy': 0.86039, 'f1': 0.86038, 'auc': 0.99493}
val: {'epoch': 109, 'time_epoch': 0.1057, 'loss': 4.73725503, 'lr': 0, 'params': 284917, 'time_iter': 0.00755, 'accuracy': 0.20952, 'f1': 0.17424, 'auc': 0.8177}
test: {'epoch': 109, 'time_epoch': 0.09286, 'loss': 6.02935869, 'lr': 0, 'params': 284917, 'time_iter': 0.00663, 'accuracy': 0.15952, 'f1': 0.10017, 'auc': 0.83133}
> Epoch 109: took 2.6s (avg 3.0s) | Best so far: epoch 108	train_loss: 0.4360 train_accuracy: 0.8529	val_loss: 2.5537 val_accuracy: 0.4119	test_loss: 1.8335 test_accuracy: 0.5357	F1: 0.4976 Prec: 0.5460 Rec: 0.5357
train: {'epoch': 110, 'time_epoch': 2.34711, 'eta': 376.7958, 'eta_hours': 0.10467, 'loss': 0.40725919, 'lr': 0.00059369, 'params': 284917, 'time_iter': 0.01341, 'accuracy': 0.86559, 'f1': 0.86542, 'auc': 0.99535}
val: {'epoch': 110, 'time_epoch': 0.10561, 'loss': 4.13659984, 'lr': 0, 'params': 284917, 'time_iter': 0.00754, 'accuracy': 0.24286, 'f1': 0.18991, 'auc': 0.84051}
test: {'epoch': 110, 'time_epoch': 0.12829, 'loss': 2.80053435, 'lr': 0, 'params': 284917, 'time_iter': 0.00916, 'accuracy': 0.36429, 'f1': 0.29746, 'auc': 0.934}
> Epoch 110: took 2.7s (avg 3.0s) | Best so far: epoch 108	train_loss: 0.4360 train_accuracy: 0.8529	val_loss: 2.5537 val_accuracy: 0.4119	test_loss: 1.8335 test_accuracy: 0.5357	F1: 0.4976 Prec: 0.5460 Rec: 0.5357
train: {'epoch': 111, 'time_epoch': 2.17055, 'eta': 373.41942, 'eta_hours': 0.10373, 'loss': 0.44102242, 'lr': 0.00058751, 'params': 284917, 'time_iter': 0.0124, 'accuracy': 0.85645, 'f1': 0.85645, 'auc': 0.99452}
val: {'epoch': 111, 'time_epoch': 0.09999, 'loss': 4.70924013, 'lr': 0, 'params': 284917, 'time_iter': 0.00714, 'accuracy': 0.17619, 'f1': 0.13694, 'auc': 0.82757}
test: {'epoch': 111, 'time_epoch': 0.09379, 'loss': 4.14047459, 'lr': 0, 'params': 284917, 'time_iter': 0.0067, 'accuracy': 0.33095, 'f1': 0.26753, 'auc': 0.89387}
> Epoch 111: took 2.5s (avg 3.0s) | Best so far: epoch 108	train_loss: 0.4360 train_accuracy: 0.8529	val_loss: 2.5537 val_accuracy: 0.4119	test_loss: 1.8335 test_accuracy: 0.5357	F1: 0.4976 Prec: 0.5460 Rec: 0.5357
train: {'epoch': 112, 'time_epoch': 2.50841, 'eta': 370.47401, 'eta_hours': 0.10291, 'loss': 0.43582178, 'lr': 0.00058132, 'params': 284917, 'time_iter': 0.01433, 'accuracy': 0.85036, 'f1': 0.85026, 'auc': 0.99474}
val: {'epoch': 112, 'time_epoch': 0.14811, 'loss': 3.93830342, 'lr': 0, 'params': 284917, 'time_iter': 0.01058, 'accuracy': 0.27619, 'f1': 0.20158, 'auc': 0.87018}
test: {'epoch': 112, 'time_epoch': 0.15133, 'loss': 3.2999328, 'lr': 0, 'params': 284917, 'time_iter': 0.01081, 'accuracy': 0.29048, 'f1': 0.22951, 'auc': 0.88323}
> Epoch 112: took 2.9s (avg 3.0s) | Best so far: epoch 108	train_loss: 0.4360 train_accuracy: 0.8529	val_loss: 2.5537 val_accuracy: 0.4119	test_loss: 1.8335 test_accuracy: 0.5357	F1: 0.4976 Prec: 0.5460 Rec: 0.5357
train: {'epoch': 113, 'time_epoch': 2.34649, 'eta': 367.34309, 'eta_hours': 0.10204, 'loss': 0.41613859, 'lr': 0.00057511, 'params': 284917, 'time_iter': 0.01341, 'accuracy': 0.86022, 'f1': 0.86006, 'auc': 0.99524}
val: {'epoch': 113, 'time_epoch': 0.09614, 'loss': 2.4043255, 'lr': 0, 'params': 284917, 'time_iter': 0.00687, 'accuracy': 0.43571, 'f1': 0.39755, 'auc': 0.91139}
test: {'epoch': 113, 'time_epoch': 0.09847, 'loss': 2.03735468, 'lr': 0, 'params': 284917, 'time_iter': 0.00703, 'accuracy': 0.55, 'f1': 0.51442, 'auc': 0.94055}
[*] Confusion Matrix saved to: results_lopo_1.0/IM_3m\Conf\confusion_matrix_epoch_113.png
> Epoch 113: took 2.6s (avg 3.0s) | Best so far: epoch 113	train_loss: 0.4161 train_accuracy: 0.8602	val_loss: 2.4043 val_accuracy: 0.4357	test_loss: 2.0374 test_accuracy: 0.5500	F1: 0.5144 Prec: 0.5947 Rec: 0.5500
train: {'epoch': 114, 'time_epoch': 2.42751, 'eta': 364.32092, 'eta_hours': 0.1012, 'loss': 0.41603182, 'lr': 0.0005689, 'params': 284917, 'time_iter': 0.01387, 'accuracy': 0.86326, 'f1': 0.86311, 'auc': 0.99516}
val: {'epoch': 114, 'time_epoch': 0.12024, 'loss': 3.73657544, 'lr': 0, 'params': 284917, 'time_iter': 0.00859, 'accuracy': 0.3119, 'f1': 0.27884, 'auc': 0.86728}
test: {'epoch': 114, 'time_epoch': 0.08908, 'loss': 2.16874085, 'lr': 0, 'params': 284917, 'time_iter': 0.00636, 'accuracy': 0.49762, 'f1': 0.462, 'auc': 0.94457}
> Epoch 114: took 2.7s (avg 3.0s) | Best so far: epoch 113	train_loss: 0.4161 train_accuracy: 0.8602	val_loss: 2.4043 val_accuracy: 0.4357	test_loss: 2.0374 test_accuracy: 0.5500	F1: 0.5144 Prec: 0.5947 Rec: 0.5500
train: {'epoch': 115, 'time_epoch': 2.29576, 'eta': 361.15681, 'eta_hours': 0.10032, 'loss': 0.39306684, 'lr': 0.00056267, 'params': 284917, 'time_iter': 0.01312, 'accuracy': 0.87025, 'f1': 0.87015, 'auc': 0.99561}
val: {'epoch': 115, 'time_epoch': 0.09556, 'loss': 3.24628521, 'lr': 0, 'params': 284917, 'time_iter': 0.00683, 'accuracy': 0.32857, 'f1': 0.27227, 'auc': 0.87843}
test: {'epoch': 115, 'time_epoch': 0.1025, 'loss': 2.64916584, 'lr': 0, 'params': 284917, 'time_iter': 0.00732, 'accuracy': 0.39524, 'f1': 0.3543, 'auc': 0.92251}
> Epoch 115: took 2.6s (avg 3.0s) | Best so far: epoch 113	train_loss: 0.4161 train_accuracy: 0.8602	val_loss: 2.4043 val_accuracy: 0.4357	test_loss: 2.0374 test_accuracy: 0.5500	F1: 0.5144 Prec: 0.5947 Rec: 0.5500
train: {'epoch': 116, 'time_epoch': 2.31472, 'eta': 358.0291, 'eta_hours': 0.09945, 'loss': 0.38621863, 'lr': 0.00055643, 'params': 284917, 'time_iter': 0.01323, 'accuracy': 0.87007, 'f1': 0.8699, 'auc': 0.99585}
val: {'epoch': 116, 'time_epoch': 0.08812, 'loss': 2.60787313, 'lr': 0, 'params': 284917, 'time_iter': 0.00629, 'accuracy': 0.41667, 'f1': 0.35195, 'auc': 0.90676}
test: {'epoch': 116, 'time_epoch': 0.09283, 'loss': 2.25328029, 'lr': 0, 'params': 284917, 'time_iter': 0.00663, 'accuracy': 0.50238, 'f1': 0.45524, 'auc': 0.93982}
> Epoch 116: took 2.6s (avg 3.0s) | Best so far: epoch 113	train_loss: 0.4161 train_accuracy: 0.8602	val_loss: 2.4043 val_accuracy: 0.4357	test_loss: 2.0374 test_accuracy: 0.5500	F1: 0.5144 Prec: 0.5947 Rec: 0.5500
train: {'epoch': 117, 'time_epoch': 2.30532, 'eta': 354.90465, 'eta_hours': 0.09858, 'loss': 0.39381272, 'lr': 0.00055018, 'params': 284917, 'time_iter': 0.01317, 'accuracy': 0.87276, 'f1': 0.8727, 'auc': 0.99556}
val: {'epoch': 117, 'time_epoch': 0.10784, 'loss': 6.11868154, 'lr': 0, 'params': 284917, 'time_iter': 0.0077, 'accuracy': 0.14286, 'f1': 0.10636, 'auc': 0.81112}
test: {'epoch': 117, 'time_epoch': 0.10017, 'loss': 5.55973859, 'lr': 0, 'params': 284917, 'time_iter': 0.00716, 'accuracy': 0.23333, 'f1': 0.1394, 'auc': 0.87809}
> Epoch 117: took 2.6s (avg 3.0s) | Best so far: epoch 113	train_loss: 0.4161 train_accuracy: 0.8602	val_loss: 2.4043 val_accuracy: 0.4357	test_loss: 2.0374 test_accuracy: 0.5500	F1: 0.5144 Prec: 0.5947 Rec: 0.5500
train: {'epoch': 118, 'time_epoch': 2.41734, 'eta': 351.91728, 'eta_hours': 0.09775, 'loss': 0.40689786, 'lr': 0.00054393, 'params': 284917, 'time_iter': 0.01381, 'accuracy': 0.86398, 'f1': 0.8639, 'auc': 0.99542}
val: {'epoch': 118, 'time_epoch': 0.11997, 'loss': 4.29980984, 'lr': 0, 'params': 284917, 'time_iter': 0.00857, 'accuracy': 0.27381, 'f1': 0.20916, 'auc': 0.85238}
test: {'epoch': 118, 'time_epoch': 0.10435, 'loss': 3.02755185, 'lr': 0, 'params': 284917, 'time_iter': 0.00745, 'accuracy': 0.35952, 'f1': 0.30687, 'auc': 0.90834}
> Epoch 118: took 2.7s (avg 3.0s) | Best so far: epoch 113	train_loss: 0.4161 train_accuracy: 0.8602	val_loss: 2.4043 val_accuracy: 0.4357	test_loss: 2.0374 test_accuracy: 0.5500	F1: 0.5144 Prec: 0.5947 Rec: 0.5500
train: {'epoch': 119, 'time_epoch': 2.30119, 'eta': 348.81359, 'eta_hours': 0.09689, 'loss': 0.38451995, 'lr': 0.00053766, 'params': 284917, 'time_iter': 0.01315, 'accuracy': 0.87616, 'f1': 0.87612, 'auc': 0.99581}
val: {'epoch': 119, 'time_epoch': 0.10099, 'loss': 3.00955171, 'lr': 0, 'params': 284917, 'time_iter': 0.00721, 'accuracy': 0.38095, 'f1': 0.34887, 'auc': 0.89415}
test: {'epoch': 119, 'time_epoch': 0.10272, 'loss': 2.47297034, 'lr': 0, 'params': 284917, 'time_iter': 0.00734, 'accuracy': 0.41429, 'f1': 0.37865, 'auc': 0.9326}
> Epoch 119: took 2.6s (avg 3.0s) | Best so far: epoch 113	train_loss: 0.4161 train_accuracy: 0.8602	val_loss: 2.4043 val_accuracy: 0.4357	test_loss: 2.0374 test_accuracy: 0.5500	F1: 0.5144 Prec: 0.5947 Rec: 0.5500
train: {'epoch': 120, 'time_epoch': 2.56987, 'eta': 346.0096, 'eta_hours': 0.09611, 'loss': 0.39359812, 'lr': 0.0005314, 'params': 284917, 'time_iter': 0.01468, 'accuracy': 0.86774, 'f1': 0.8675, 'auc': 0.99565}
val: {'epoch': 120, 'time_epoch': 0.10344, 'loss': 3.24987571, 'lr': 0, 'params': 284917, 'time_iter': 0.00739, 'accuracy': 0.30714, 'f1': 0.26238, 'auc': 0.89632}
test: {'epoch': 120, 'time_epoch': 0.08583, 'loss': 2.97469541, 'lr': 0, 'params': 284917, 'time_iter': 0.00613, 'accuracy': 0.36905, 'f1': 0.32698, 'auc': 0.90543}
> Epoch 120: took 2.8s (avg 3.0s) | Best so far: epoch 113	train_loss: 0.4161 train_accuracy: 0.8602	val_loss: 2.4043 val_accuracy: 0.4357	test_loss: 2.0374 test_accuracy: 0.5500	F1: 0.5144 Prec: 0.5947 Rec: 0.5500
train: {'epoch': 121, 'time_epoch': 2.40275, 'eta': 343.03412, 'eta_hours': 0.09529, 'loss': 0.38792221, 'lr': 0.00052512, 'params': 284917, 'time_iter': 0.01373, 'accuracy': 0.87025, 'f1': 0.87016, 'auc': 0.9958}
val: {'epoch': 121, 'time_epoch': 0.12532, 'loss': 2.66597245, 'lr': 0, 'params': 284917, 'time_iter': 0.00895, 'accuracy': 0.35714, 'f1': 0.34388, 'auc': 0.89807}
test: {'epoch': 121, 'time_epoch': 0.1041, 'loss': 2.13148732, 'lr': 0, 'params': 284917, 'time_iter': 0.00744, 'accuracy': 0.49048, 'f1': 0.44932, 'auc': 0.94557}
> Epoch 121: took 2.7s (avg 3.0s) | Best so far: epoch 113	train_loss: 0.4161 train_accuracy: 0.8602	val_loss: 2.4043 val_accuracy: 0.4357	test_loss: 2.0374 test_accuracy: 0.5500	F1: 0.5144 Prec: 0.5947 Rec: 0.5500
train: {'epoch': 122, 'time_epoch': 2.59925, 'eta': 340.27084, 'eta_hours': 0.09452, 'loss': 0.37093422, 'lr': 0.00051885, 'params': 284917, 'time_iter': 0.01485, 'accuracy': 0.88047, 'f1': 0.88039, 'auc': 0.99621}
val: {'epoch': 122, 'time_epoch': 0.09088, 'loss': 2.75541746, 'lr': 0, 'params': 284917, 'time_iter': 0.00649, 'accuracy': 0.38095, 'f1': 0.3511, 'auc': 0.90043}
test: {'epoch': 122, 'time_epoch': 0.08595, 'loss': 1.9867475, 'lr': 0, 'params': 284917, 'time_iter': 0.00614, 'accuracy': 0.49286, 'f1': 0.45968, 'auc': 0.95486}
> Epoch 122: took 2.9s (avg 3.0s) | Best so far: epoch 113	train_loss: 0.4161 train_accuracy: 0.8602	val_loss: 2.4043 val_accuracy: 0.4357	test_loss: 2.0374 test_accuracy: 0.5500	F1: 0.5144 Prec: 0.5947 Rec: 0.5500
train: {'epoch': 123, 'time_epoch': 2.49897, 'eta': 337.4083, 'eta_hours': 0.09372, 'loss': 0.38480264, 'lr': 0.00051257, 'params': 284917, 'time_iter': 0.01428, 'accuracy': 0.87115, 'f1': 0.87104, 'auc': 0.99595}
val: {'epoch': 123, 'time_epoch': 0.1117, 'loss': 2.67139305, 'lr': 0, 'params': 284917, 'time_iter': 0.00798, 'accuracy': 0.41429, 'f1': 0.38329, 'auc': 0.90085}
test: {'epoch': 123, 'time_epoch': 0.09891, 'loss': 2.22632125, 'lr': 0, 'params': 284917, 'time_iter': 0.00706, 'accuracy': 0.49048, 'f1': 0.45285, 'auc': 0.93952}
> Epoch 123: took 2.8s (avg 3.0s) | Best so far: epoch 113	train_loss: 0.4161 train_accuracy: 0.8602	val_loss: 2.4043 val_accuracy: 0.4357	test_loss: 2.0374 test_accuracy: 0.5500	F1: 0.5144 Prec: 0.5947 Rec: 0.5500
train: {'epoch': 124, 'time_epoch': 2.59352, 'eta': 334.64613, 'eta_hours': 0.09296, 'loss': 0.39567117, 'lr': 0.00050628, 'params': 284917, 'time_iter': 0.01482, 'accuracy': 0.86631, 'f1': 0.86604, 'auc': 0.99565}
val: {'epoch': 124, 'time_epoch': 0.08188, 'loss': 2.6655661, 'lr': 0, 'params': 284917, 'time_iter': 0.00585, 'accuracy': 0.37857, 'f1': 0.34303, 'auc': 0.89601}
test: {'epoch': 124, 'time_epoch': 0.08695, 'loss': 2.22733601, 'lr': 0, 'params': 284917, 'time_iter': 0.00621, 'accuracy': 0.46667, 'f1': 0.4525, 'auc': 0.93586}
> Epoch 124: took 2.8s (avg 3.0s) | Best so far: epoch 113	train_loss: 0.4161 train_accuracy: 0.8602	val_loss: 2.4043 val_accuracy: 0.4357	test_loss: 2.0374 test_accuracy: 0.5500	F1: 0.5144 Prec: 0.5947 Rec: 0.5500
train: {'epoch': 125, 'time_epoch': 2.41309, 'eta': 331.70907, 'eta_hours': 0.09214, 'loss': 0.37053169, 'lr': 0.0005, 'params': 284917, 'time_iter': 0.01379, 'accuracy': 0.87419, 'f1': 0.8742, 'auc': 0.99625}
val: {'epoch': 125, 'time_epoch': 0.09545, 'loss': 2.91210026, 'lr': 0, 'params': 284917, 'time_iter': 0.00682, 'accuracy': 0.36905, 'f1': 0.34679, 'auc': 0.89782}
test: {'epoch': 125, 'time_epoch': 0.11185, 'loss': 2.00602471, 'lr': 0, 'params': 284917, 'time_iter': 0.00799, 'accuracy': 0.4881, 'f1': 0.46108, 'auc': 0.94842}
> Epoch 125: took 2.7s (avg 3.0s) | Best so far: epoch 113	train_loss: 0.4161 train_accuracy: 0.8602	val_loss: 2.4043 val_accuracy: 0.4357	test_loss: 2.0374 test_accuracy: 0.5500	F1: 0.5144 Prec: 0.5947 Rec: 0.5500
train: {'epoch': 126, 'time_epoch': 2.40255, 'eta': 328.77006, 'eta_hours': 0.09133, 'loss': 0.38121664, 'lr': 0.00049372, 'params': 284917, 'time_iter': 0.01373, 'accuracy': 0.87563, 'f1': 0.87548, 'auc': 0.99588}
val: {'epoch': 126, 'time_epoch': 0.09132, 'loss': 4.51342549, 'lr': 0, 'params': 284917, 'time_iter': 0.00652, 'accuracy': 0.29286, 'f1': 0.2483, 'auc': 0.84385}
test: {'epoch': 126, 'time_epoch': 0.09094, 'loss': 2.796977, 'lr': 0, 'params': 284917, 'time_iter': 0.0065, 'accuracy': 0.42143, 'f1': 0.38636, 'auc': 0.93465}
> Epoch 126: took 2.7s (avg 3.0s) | Best so far: epoch 113	train_loss: 0.4161 train_accuracy: 0.8602	val_loss: 2.4043 val_accuracy: 0.4357	test_loss: 2.0374 test_accuracy: 0.5500	F1: 0.5144 Prec: 0.5947 Rec: 0.5500
train: {'epoch': 127, 'time_epoch': 2.27017, 'eta': 325.71325, 'eta_hours': 0.09048, 'loss': 0.37202486, 'lr': 0.00048743, 'params': 284917, 'time_iter': 0.01297, 'accuracy': 0.8767, 'f1': 0.87659, 'auc': 0.9961}
val: {'epoch': 127, 'time_epoch': 0.09598, 'loss': 3.48807754, 'lr': 0, 'params': 284917, 'time_iter': 0.00686, 'accuracy': 0.32381, 'f1': 0.26708, 'auc': 0.87989}
test: {'epoch': 127, 'time_epoch': 0.09856, 'loss': 2.81325395, 'lr': 0, 'params': 284917, 'time_iter': 0.00704, 'accuracy': 0.38333, 'f1': 0.33868, 'auc': 0.9097}
> Epoch 127: took 2.5s (avg 3.0s) | Best so far: epoch 113	train_loss: 0.4161 train_accuracy: 0.8602	val_loss: 2.4043 val_accuracy: 0.4357	test_loss: 2.0374 test_accuracy: 0.5500	F1: 0.5144 Prec: 0.5947 Rec: 0.5500
train: {'epoch': 128, 'time_epoch': 2.3273, 'eta': 322.72223, 'eta_hours': 0.08965, 'loss': 0.34491967, 'lr': 0.00048115, 'params': 284917, 'time_iter': 0.0133, 'accuracy': 0.88996, 'f1': 0.88993, 'auc': 0.99672}
val: {'epoch': 128, 'time_epoch': 0.08847, 'loss': 4.0187338, 'lr': 0, 'params': 284917, 'time_iter': 0.00632, 'accuracy': 0.26905, 'f1': 0.24532, 'auc': 0.84735}
test: {'epoch': 128, 'time_epoch': 0.0872, 'loss': 2.73406234, 'lr': 0, 'params': 284917, 'time_iter': 0.00623, 'accuracy': 0.43571, 'f1': 0.37875, 'auc': 0.92214}
> Epoch 128: took 2.6s (avg 3.0s) | Best so far: epoch 113	train_loss: 0.4161 train_accuracy: 0.8602	val_loss: 2.4043 val_accuracy: 0.4357	test_loss: 2.0374 test_accuracy: 0.5500	F1: 0.5144 Prec: 0.5947 Rec: 0.5500
train: {'epoch': 129, 'time_epoch': 2.26618, 'eta': 319.685, 'eta_hours': 0.0888, 'loss': 0.35041362, 'lr': 0.00047488, 'params': 284917, 'time_iter': 0.01295, 'accuracy': 0.88387, 'f1': 0.88379, 'auc': 0.99653}
val: {'epoch': 129, 'time_epoch': 0.09487, 'loss': 5.15528649, 'lr': 0, 'params': 284917, 'time_iter': 0.00678, 'accuracy': 0.24762, 'f1': 0.18402, 'auc': 0.83155}
test: {'epoch': 129, 'time_epoch': 0.09122, 'loss': 4.08840374, 'lr': 0, 'params': 284917, 'time_iter': 0.00652, 'accuracy': 0.33333, 'f1': 0.24665, 'auc': 0.90848}
> Epoch 129: took 2.5s (avg 3.0s) | Best so far: epoch 113	train_loss: 0.4161 train_accuracy: 0.8602	val_loss: 2.4043 val_accuracy: 0.4357	test_loss: 2.0374 test_accuracy: 0.5500	F1: 0.5144 Prec: 0.5947 Rec: 0.5500
train: {'epoch': 130, 'time_epoch': 2.38674, 'eta': 316.76906, 'eta_hours': 0.08799, 'loss': 0.34865115, 'lr': 0.0004686, 'params': 284917, 'time_iter': 0.01364, 'accuracy': 0.88262, 'f1': 0.88252, 'auc': 0.9964}
val: {'epoch': 130, 'time_epoch': 0.11476, 'loss': 3.70754338, 'lr': 0, 'params': 284917, 'time_iter': 0.0082, 'accuracy': 0.28571, 'f1': 0.25237, 'auc': 0.8563}
test: {'epoch': 130, 'time_epoch': 0.1223, 'loss': 4.56307576, 'lr': 0, 'params': 284917, 'time_iter': 0.00874, 'accuracy': 0.23095, 'f1': 0.18494, 'auc': 0.86221}
> Epoch 130: took 2.8s (avg 3.0s) | Best so far: epoch 113	train_loss: 0.4161 train_accuracy: 0.8602	val_loss: 2.4043 val_accuracy: 0.4357	test_loss: 2.0374 test_accuracy: 0.5500	F1: 0.5144 Prec: 0.5947 Rec: 0.5500
train: {'epoch': 131, 'time_epoch': 2.27024, 'eta': 313.75699, 'eta_hours': 0.08715, 'loss': 0.3297635, 'lr': 0.00046234, 'params': 284917, 'time_iter': 0.01297, 'accuracy': 0.88781, 'f1': 0.8878, 'auc': 0.99711}
val: {'epoch': 131, 'time_epoch': 0.10276, 'loss': 3.23226783, 'lr': 0, 'params': 284917, 'time_iter': 0.00734, 'accuracy': 0.34048, 'f1': 0.28882, 'auc': 0.8847}
test: {'epoch': 131, 'time_epoch': 0.10035, 'loss': 2.19360745, 'lr': 0, 'params': 284917, 'time_iter': 0.00717, 'accuracy': 0.4619, 'f1': 0.43973, 'auc': 0.94258}
> Epoch 131: took 2.6s (avg 3.0s) | Best so far: epoch 113	train_loss: 0.4161 train_accuracy: 0.8602	val_loss: 2.4043 val_accuracy: 0.4357	test_loss: 2.0374 test_accuracy: 0.5500	F1: 0.5144 Prec: 0.5947 Rec: 0.5500
train: {'epoch': 132, 'time_epoch': 2.42826, 'eta': 310.89509, 'eta_hours': 0.08636, 'loss': 0.36602686, 'lr': 0.00045607, 'params': 284917, 'time_iter': 0.01388, 'accuracy': 0.87975, 'f1': 0.8797, 'auc': 0.99615}
val: {'epoch': 132, 'time_epoch': 0.11208, 'loss': 2.89264722, 'lr': 0, 'params': 284917, 'time_iter': 0.00801, 'accuracy': 0.36429, 'f1': 0.32657, 'auc': 0.9001}
test: {'epoch': 132, 'time_epoch': 0.09417, 'loss': 2.50905676, 'lr': 0, 'params': 284917, 'time_iter': 0.00673, 'accuracy': 0.4381, 'f1': 0.39509, 'auc': 0.9224}
> Epoch 132: took 2.7s (avg 3.0s) | Best so far: epoch 113	train_loss: 0.4161 train_accuracy: 0.8602	val_loss: 2.4043 val_accuracy: 0.4357	test_loss: 2.0374 test_accuracy: 0.5500	F1: 0.5144 Prec: 0.5947 Rec: 0.5500
train: {'epoch': 133, 'time_epoch': 2.31001, 'eta': 307.9373, 'eta_hours': 0.08554, 'loss': 0.36506874, 'lr': 0.00044982, 'params': 284917, 'time_iter': 0.0132, 'accuracy': 0.87903, 'f1': 0.87897, 'auc': 0.99625}
val: {'epoch': 133, 'time_epoch': 0.10087, 'loss': 2.37288814, 'lr': 0, 'params': 284917, 'time_iter': 0.00721, 'accuracy': 0.43333, 'f1': 0.40113, 'auc': 0.91637}
test: {'epoch': 133, 'time_epoch': 0.10118, 'loss': 1.79414147, 'lr': 0, 'params': 284917, 'time_iter': 0.00723, 'accuracy': 0.52857, 'f1': 0.4937, 'auc': 0.95693}
> Epoch 133: took 2.6s (avg 3.0s) | Best so far: epoch 113	train_loss: 0.4161 train_accuracy: 0.8602	val_loss: 2.4043 val_accuracy: 0.4357	test_loss: 2.0374 test_accuracy: 0.5500	F1: 0.5144 Prec: 0.5947 Rec: 0.5500
train: {'epoch': 134, 'time_epoch': 2.35026, 'eta': 305.02338, 'eta_hours': 0.08473, 'loss': 0.35357054, 'lr': 0.00044357, 'params': 284917, 'time_iter': 0.01343, 'accuracy': 0.88154, 'f1': 0.88145, 'auc': 0.99645}
val: {'epoch': 134, 'time_epoch': 0.12627, 'loss': 2.91640951, 'lr': 0, 'params': 284917, 'time_iter': 0.00902, 'accuracy': 0.34762, 'f1': 0.31688, 'auc': 0.90369}
test: {'epoch': 134, 'time_epoch': 0.1279, 'loss': 2.04946903, 'lr': 0, 'params': 284917, 'time_iter': 0.00914, 'accuracy': 0.48571, 'f1': 0.44318, 'auc': 0.94971}
> Epoch 134: took 2.7s (avg 3.0s) | Best so far: epoch 113	train_loss: 0.4161 train_accuracy: 0.8602	val_loss: 2.4043 val_accuracy: 0.4357	test_loss: 2.0374 test_accuracy: 0.5500	F1: 0.5144 Prec: 0.5947 Rec: 0.5500
train: {'epoch': 135, 'time_epoch': 2.31764, 'eta': 302.09042, 'eta_hours': 0.08391, 'loss': 0.35693663, 'lr': 0.00043733, 'params': 284917, 'time_iter': 0.01324, 'accuracy': 0.88351, 'f1': 0.88348, 'auc': 0.99641}
val: {'epoch': 135, 'time_epoch': 0.11751, 'loss': 2.59301286, 'lr': 0, 'params': 284917, 'time_iter': 0.00839, 'accuracy': 0.41429, 'f1': 0.38096, 'auc': 0.90351}
test: {'epoch': 135, 'time_epoch': 0.11324, 'loss': 2.12750311, 'lr': 0, 'params': 284917, 'time_iter': 0.00809, 'accuracy': 0.45714, 'f1': 0.41272, 'auc': 0.94514}
> Epoch 135: took 2.6s (avg 3.0s) | Best so far: epoch 113	train_loss: 0.4161 train_accuracy: 0.8602	val_loss: 2.4043 val_accuracy: 0.4357	test_loss: 2.0374 test_accuracy: 0.5500	F1: 0.5144 Prec: 0.5947 Rec: 0.5500
train: {'epoch': 136, 'time_epoch': 5.64316, 'eta': 301.90939, 'eta_hours': 0.08386, 'loss': 0.34065677, 'lr': 0.0004311, 'params': 284917, 'time_iter': 0.03225, 'accuracy': 0.88674, 'f1': 0.88661, 'auc': 0.99681}
val: {'epoch': 136, 'time_epoch': 0.23418, 'loss': 4.19524131, 'lr': 0, 'params': 284917, 'time_iter': 0.01673, 'accuracy': 0.27143, 'f1': 0.19622, 'auc': 0.85423}
test: {'epoch': 136, 'time_epoch': 0.23353, 'loss': 2.98837375, 'lr': 0, 'params': 284917, 'time_iter': 0.01668, 'accuracy': 0.35952, 'f1': 0.3101, 'auc': 0.91576}
> Epoch 136: took 6.3s (avg 3.0s) | Best so far: epoch 113	train_loss: 0.4161 train_accuracy: 0.8602	val_loss: 2.4043 val_accuracy: 0.4357	test_loss: 2.0374 test_accuracy: 0.5500	F1: 0.5144 Prec: 0.5947 Rec: 0.5500
train: {'epoch': 137, 'time_epoch': 6.05612, 'eta': 301.98434, 'eta_hours': 0.08388, 'loss': 0.33215429, 'lr': 0.00042489, 'params': 284917, 'time_iter': 0.03461, 'accuracy': 0.88799, 'f1': 0.88796, 'auc': 0.99693}
val: {'epoch': 137, 'time_epoch': 0.27864, 'loss': 2.52636006, 'lr': 0, 'params': 284917, 'time_iter': 0.0199, 'accuracy': 0.40952, 'f1': 0.3831, 'auc': 0.90657}
test: {'epoch': 137, 'time_epoch': 0.24944, 'loss': 1.77858384, 'lr': 0, 'params': 284917, 'time_iter': 0.01782, 'accuracy': 0.52381, 'f1': 0.49329, 'auc': 0.95903}
> Epoch 137: took 6.8s (avg 3.0s) | Best so far: epoch 113	train_loss: 0.4161 train_accuracy: 0.8602	val_loss: 2.4043 val_accuracy: 0.4357	test_loss: 2.0374 test_accuracy: 0.5500	F1: 0.5144 Prec: 0.5947 Rec: 0.5500
train: {'epoch': 138, 'time_epoch': 6.23374, 'eta': 302.11293, 'eta_hours': 0.08392, 'loss': 0.33432917, 'lr': 0.00041868, 'params': 284917, 'time_iter': 0.03562, 'accuracy': 0.89409, 'f1': 0.89399, 'auc': 0.99669}
val: {'epoch': 138, 'time_epoch': 0.28549, 'loss': 2.79797355, 'lr': 0, 'params': 284917, 'time_iter': 0.02039, 'accuracy': 0.37143, 'f1': 0.32322, 'auc': 0.90945}
test: {'epoch': 138, 'time_epoch': 0.26407, 'loss': 2.36104138, 'lr': 0, 'params': 284917, 'time_iter': 0.01886, 'accuracy': 0.42857, 'f1': 0.39623, 'auc': 0.9339}
> Epoch 138: took 7.0s (avg 3.1s) | Best so far: epoch 113	train_loss: 0.4161 train_accuracy: 0.8602	val_loss: 2.4043 val_accuracy: 0.4357	test_loss: 2.0374 test_accuracy: 0.5500	F1: 0.5144 Prec: 0.5947 Rec: 0.5500
train: {'epoch': 139, 'time_epoch': 5.91994, 'eta': 301.90406, 'eta_hours': 0.08386, 'loss': 0.33200841, 'lr': 0.00041249, 'params': 284917, 'time_iter': 0.03383, 'accuracy': 0.89337, 'f1': 0.89327, 'auc': 0.99687}
val: {'epoch': 139, 'time_epoch': 0.27511, 'loss': 4.55819909, 'lr': 0, 'params': 284917, 'time_iter': 0.01965, 'accuracy': 0.31429, 'f1': 0.25246, 'auc': 0.88035}
test: {'epoch': 139, 'time_epoch': 0.22255, 'loss': 3.29749805, 'lr': 0, 'params': 284917, 'time_iter': 0.0159, 'accuracy': 0.34524, 'f1': 0.28226, 'auc': 0.91528}
> Epoch 139: took 6.6s (avg 3.1s) | Best so far: epoch 113	train_loss: 0.4161 train_accuracy: 0.8602	val_loss: 2.4043 val_accuracy: 0.4357	test_loss: 2.0374 test_accuracy: 0.5500	F1: 0.5144 Prec: 0.5947 Rec: 0.5500
train: {'epoch': 140, 'time_epoch': 5.68231, 'eta': 301.43049, 'eta_hours': 0.08373, 'loss': 0.34037687, 'lr': 0.00040631, 'params': 284917, 'time_iter': 0.03247, 'accuracy': 0.88763, 'f1': 0.88763, 'auc': 0.99681}
val: {'epoch': 140, 'time_epoch': 0.24888, 'loss': 2.33028902, 'lr': 0, 'params': 284917, 'time_iter': 0.01778, 'accuracy': 0.45, 'f1': 0.41293, 'auc': 0.91998}
test: {'epoch': 140, 'time_epoch': 0.26037, 'loss': 1.8679945, 'lr': 0, 'params': 284917, 'time_iter': 0.0186, 'accuracy': 0.54048, 'f1': 0.51259, 'auc': 0.95042}
[*] Confusion Matrix saved to: results_lopo_1.0/IM_3m\Conf\confusion_matrix_epoch_140.png
> Epoch 140: took 6.4s (avg 3.1s) | Best so far: epoch 140	train_loss: 0.3404 train_accuracy: 0.8876	val_loss: 2.3303 val_accuracy: 0.4500	test_loss: 1.8680 test_accuracy: 0.5405	F1: 0.5126 Prec: 0.5613 Rec: 0.5405
train: {'epoch': 141, 'time_epoch': 5.92537, 'eta': 301.06842, 'eta_hours': 0.08363, 'loss': 0.33338796, 'lr': 0.00040015, 'params': 284917, 'time_iter': 0.03386, 'accuracy': 0.89158, 'f1': 0.89133, 'auc': 0.99678}
val: {'epoch': 141, 'time_epoch': 0.22497, 'loss': 3.04711237, 'lr': 0, 'params': 284917, 'time_iter': 0.01607, 'accuracy': 0.3619, 'f1': 0.31193, 'auc': 0.89838}
test: {'epoch': 141, 'time_epoch': 0.2445, 'loss': 2.34202969, 'lr': 0, 'params': 284917, 'time_iter': 0.01746, 'accuracy': 0.45238, 'f1': 0.41351, 'auc': 0.93301}
> Epoch 141: took 6.6s (avg 3.1s) | Best so far: epoch 140	train_loss: 0.3404 train_accuracy: 0.8876	val_loss: 2.3303 val_accuracy: 0.4500	test_loss: 1.8680 test_accuracy: 0.5405	F1: 0.5126 Prec: 0.5613 Rec: 0.5405
train: {'epoch': 142, 'time_epoch': 6.0714, 'eta': 300.7378, 'eta_hours': 0.08354, 'loss': 0.33098087, 'lr': 0.000394, 'params': 284917, 'time_iter': 0.03469, 'accuracy': 0.89265, 'f1': 0.89261, 'auc': 0.99685}
val: {'epoch': 142, 'time_epoch': 0.2474, 'loss': 2.94664651, 'lr': 0, 'params': 284917, 'time_iter': 0.01767, 'accuracy': 0.34762, 'f1': 0.33045, 'auc': 0.89448}
test: {'epoch': 142, 'time_epoch': 0.28792, 'loss': 2.08183044, 'lr': 0, 'params': 284917, 'time_iter': 0.02057, 'accuracy': 0.47857, 'f1': 0.44354, 'auc': 0.95279}
> Epoch 142: took 6.8s (avg 3.2s) | Best so far: epoch 140	train_loss: 0.3404 train_accuracy: 0.8876	val_loss: 2.3303 val_accuracy: 0.4500	test_loss: 1.8680 test_accuracy: 0.5405	F1: 0.5126 Prec: 0.5613 Rec: 0.5405
train: {'epoch': 143, 'time_epoch': 6.68712, 'eta': 300.78069, 'eta_hours': 0.08355, 'loss': 0.30472067, 'lr': 0.00038786, 'params': 284917, 'time_iter': 0.03821, 'accuracy': 0.89892, 'f1': 0.89882, 'auc': 0.9975}
val: {'epoch': 143, 'time_epoch': 0.26488, 'loss': 3.04313128, 'lr': 0, 'params': 284917, 'time_iter': 0.01892, 'accuracy': 0.31667, 'f1': 0.28969, 'auc': 0.8925}
test: {'epoch': 143, 'time_epoch': 0.27939, 'loss': 3.18740787, 'lr': 0, 'params': 284917, 'time_iter': 0.01996, 'accuracy': 0.33333, 'f1': 0.28894, 'auc': 0.90376}
> Epoch 143: took 7.5s (avg 3.2s) | Best so far: epoch 140	train_loss: 0.3404 train_accuracy: 0.8876	val_loss: 2.3303 val_accuracy: 0.4500	test_loss: 1.8680 test_accuracy: 0.5405	F1: 0.5126 Prec: 0.5613 Rec: 0.5405
train: {'epoch': 144, 'time_epoch': 6.07735, 'eta': 300.28919, 'eta_hours': 0.08341, 'loss': 0.31244575, 'lr': 0.00038175, 'params': 284917, 'time_iter': 0.03473, 'accuracy': 0.89821, 'f1': 0.8981, 'auc': 0.99737}
val: {'epoch': 144, 'time_epoch': 0.25945, 'loss': 2.64466318, 'lr': 0, 'params': 284917, 'time_iter': 0.01853, 'accuracy': 0.3881, 'f1': 0.3472, 'auc': 0.89596}
test: {'epoch': 144, 'time_epoch': 0.23026, 'loss': 2.0624875, 'lr': 0, 'params': 284917, 'time_iter': 0.01645, 'accuracy': 0.52619, 'f1': 0.4775, 'auc': 0.94989}
> Epoch 144: took 6.7s (avg 3.2s) | Best so far: epoch 140	train_loss: 0.3404 train_accuracy: 0.8876	val_loss: 2.3303 val_accuracy: 0.4500	test_loss: 1.8680 test_accuracy: 0.5405	F1: 0.5126 Prec: 0.5613 Rec: 0.5405
train: {'epoch': 145, 'time_epoch': 6.0877, 'eta': 299.72855, 'eta_hours': 0.08326, 'loss': 0.31977055, 'lr': 0.00037566, 'params': 284917, 'time_iter': 0.03479, 'accuracy': 0.89552, 'f1': 0.89544, 'auc': 0.99713}
val: {'epoch': 145, 'time_epoch': 0.24907, 'loss': 2.78361713, 'lr': 0, 'params': 284917, 'time_iter': 0.01779, 'accuracy': 0.34524, 'f1': 0.31678, 'auc': 0.9003}
test: {'epoch': 145, 'time_epoch': 0.27014, 'loss': 1.72326698, 'lr': 0, 'params': 284917, 'time_iter': 0.0193, 'accuracy': 0.55, 'f1': 0.52708, 'auc': 0.96152}
> Epoch 145: took 6.8s (avg 3.2s) | Best so far: epoch 140	train_loss: 0.3404 train_accuracy: 0.8876	val_loss: 2.3303 val_accuracy: 0.4500	test_loss: 1.8680 test_accuracy: 0.5405	F1: 0.5126 Prec: 0.5613 Rec: 0.5405
train: {'epoch': 146, 'time_epoch': 6.43771, 'eta': 299.33796, 'eta_hours': 0.08315, 'loss': 0.3173402, 'lr': 0.00036958, 'params': 284917, 'time_iter': 0.03679, 'accuracy': 0.89462, 'f1': 0.89446, 'auc': 0.99721}
val: {'epoch': 146, 'time_epoch': 0.22143, 'loss': 3.5308052, 'lr': 0, 'params': 284917, 'time_iter': 0.01582, 'accuracy': 0.30476, 'f1': 0.26182, 'auc': 0.88455}
test: {'epoch': 146, 'time_epoch': 0.23773, 'loss': 2.90499053, 'lr': 0, 'params': 284917, 'time_iter': 0.01698, 'accuracy': 0.37381, 'f1': 0.33847, 'auc': 0.9126}
> Epoch 146: took 7.1s (avg 3.3s) | Best so far: epoch 140	train_loss: 0.3404 train_accuracy: 0.8876	val_loss: 2.3303 val_accuracy: 0.4500	test_loss: 1.8680 test_accuracy: 0.5405	F1: 0.5126 Prec: 0.5613 Rec: 0.5405
train: {'epoch': 147, 'time_epoch': 6.35322, 'eta': 298.80742, 'eta_hours': 0.083, 'loss': 0.30353637, 'lr': 0.00036352, 'params': 284917, 'time_iter': 0.0363, 'accuracy': 0.90305, 'f1': 0.90296, 'auc': 0.99728}
val: {'epoch': 147, 'time_epoch': 0.23574, 'loss': 3.67063118, 'lr': 0, 'params': 284917, 'time_iter': 0.01684, 'accuracy': 0.29524, 'f1': 0.23162, 'auc': 0.87596}
test: {'epoch': 147, 'time_epoch': 0.25238, 'loss': 2.90400586, 'lr': 0, 'params': 284917, 'time_iter': 0.01803, 'accuracy': 0.33571, 'f1': 0.2888, 'auc': 0.90266}
> Epoch 147: took 7.0s (avg 3.3s) | Best so far: epoch 140	train_loss: 0.3404 train_accuracy: 0.8876	val_loss: 2.3303 val_accuracy: 0.4500	test_loss: 1.8680 test_accuracy: 0.5405	F1: 0.5126 Prec: 0.5613 Rec: 0.5405
train: {'epoch': 148, 'time_epoch': 5.85898, 'eta': 297.8637, 'eta_hours': 0.08274, 'loss': 0.29378691, 'lr': 0.00035749, 'params': 284917, 'time_iter': 0.03348, 'accuracy': 0.90251, 'f1': 0.90241, 'auc': 0.99762}
val: {'epoch': 148, 'time_epoch': 0.28166, 'loss': 3.01309241, 'lr': 0, 'params': 284917, 'time_iter': 0.02012, 'accuracy': 0.34286, 'f1': 0.3027, 'auc': 0.89441}
test: {'epoch': 148, 'time_epoch': 0.20246, 'loss': 2.34790488, 'lr': 0, 'params': 284917, 'time_iter': 0.01446, 'accuracy': 0.43095, 'f1': 0.37968, 'auc': 0.92974}
> Epoch 148: took 6.5s (avg 3.3s) | Best so far: epoch 140	train_loss: 0.3404 train_accuracy: 0.8876	val_loss: 2.3303 val_accuracy: 0.4500	test_loss: 1.8680 test_accuracy: 0.5405	F1: 0.5126 Prec: 0.5613 Rec: 0.5405
train: {'epoch': 149, 'time_epoch': 6.0379, 'eta': 296.97372, 'eta_hours': 0.08249, 'loss': 0.32004335, 'lr': 0.00035148, 'params': 284917, 'time_iter': 0.0345, 'accuracy': 0.89355, 'f1': 0.89349, 'auc': 0.99718}
val: {'epoch': 149, 'time_epoch': 0.24646, 'loss': 2.76523282, 'lr': 0, 'params': 284917, 'time_iter': 0.0176, 'accuracy': 0.40238, 'f1': 0.35996, 'auc': 0.90449}
test: {'epoch': 149, 'time_epoch': 0.2219, 'loss': 1.72988021, 'lr': 0, 'params': 284917, 'time_iter': 0.01585, 'accuracy': 0.55714, 'f1': 0.52737, 'auc': 0.95958}
> Epoch 149: took 6.7s (avg 3.3s) | Best so far: epoch 140	train_loss: 0.3404 train_accuracy: 0.8876	val_loss: 2.3303 val_accuracy: 0.4500	test_loss: 1.8680 test_accuracy: 0.5405	F1: 0.5126 Prec: 0.5613 Rec: 0.5405
train: {'epoch': 150, 'time_epoch': 6.01426, 'eta': 296.00006, 'eta_hours': 0.08222, 'loss': 0.29188508, 'lr': 0.00034549, 'params': 284917, 'time_iter': 0.03437, 'accuracy': 0.90018, 'f1': 0.90008, 'auc': 0.99777}
val: {'epoch': 150, 'time_epoch': 0.2577, 'loss': 3.08491699, 'lr': 0, 'params': 284917, 'time_iter': 0.01841, 'accuracy': 0.37381, 'f1': 0.32714, 'auc': 0.8956}
test: {'epoch': 150, 'time_epoch': 0.24849, 'loss': 2.17024448, 'lr': 0, 'params': 284917, 'time_iter': 0.01775, 'accuracy': 0.47619, 'f1': 0.45771, 'auc': 0.93746}
> Epoch 150: took 6.7s (avg 3.4s) | Best so far: epoch 140	train_loss: 0.3404 train_accuracy: 0.8876	val_loss: 2.3303 val_accuracy: 0.4500	test_loss: 1.8680 test_accuracy: 0.5405	F1: 0.5126 Prec: 0.5613 Rec: 0.5405
train: {'epoch': 151, 'time_epoch': 6.17996, 'eta': 295.06691, 'eta_hours': 0.08196, 'loss': 0.3001123, 'lr': 0.00033953, 'params': 284917, 'time_iter': 0.03531, 'accuracy': 0.90161, 'f1': 0.90161, 'auc': 0.99749}
val: {'epoch': 151, 'time_epoch': 0.21518, 'loss': 4.11974336, 'lr': 0, 'params': 284917, 'time_iter': 0.01537, 'accuracy': 0.25, 'f1': 0.17864, 'auc': 0.8732}
test: {'epoch': 151, 'time_epoch': 0.1929, 'loss': 4.40690361, 'lr': 0, 'params': 284917, 'time_iter': 0.01378, 'accuracy': 0.24762, 'f1': 0.19378, 'auc': 0.86026}
> Epoch 151: took 6.8s (avg 3.4s) | Best so far: epoch 140	train_loss: 0.3404 train_accuracy: 0.8876	val_loss: 2.3303 val_accuracy: 0.4500	test_loss: 1.8680 test_accuracy: 0.5405	F1: 0.5126 Prec: 0.5613 Rec: 0.5405
train: {'epoch': 152, 'time_epoch': 6.31476, 'eta': 294.15063, 'eta_hours': 0.08171, 'loss': 0.29309987, 'lr': 0.00033359, 'params': 284917, 'time_iter': 0.03608, 'accuracy': 0.90305, 'f1': 0.903, 'auc': 0.99762}
val: {'epoch': 152, 'time_epoch': 0.25027, 'loss': 3.14682684, 'lr': 0, 'params': 284917, 'time_iter': 0.01788, 'accuracy': 0.38333, 'f1': 0.34573, 'auc': 0.8994}
test: {'epoch': 152, 'time_epoch': 0.23211, 'loss': 2.51486838, 'lr': 0, 'params': 284917, 'time_iter': 0.01658, 'accuracy': 0.44762, 'f1': 0.40147, 'auc': 0.93298}
> Epoch 152: took 7.0s (avg 3.4s) | Best so far: epoch 140	train_loss: 0.3404 train_accuracy: 0.8876	val_loss: 2.3303 val_accuracy: 0.4500	test_loss: 1.8680 test_accuracy: 0.5405	F1: 0.5126 Prec: 0.5613 Rec: 0.5405
train: {'epoch': 153, 'time_epoch': 6.0083, 'eta': 292.97321, 'eta_hours': 0.08138, 'loss': 0.31280757, 'lr': 0.00032768, 'params': 284917, 'time_iter': 0.03433, 'accuracy': 0.89821, 'f1': 0.89814, 'auc': 0.99708}
val: {'epoch': 153, 'time_epoch': 0.22426, 'loss': 3.25317184, 'lr': 0, 'params': 284917, 'time_iter': 0.01602, 'accuracy': 0.39048, 'f1': 0.32723, 'auc': 0.89071}
test: {'epoch': 153, 'time_epoch': 0.23029, 'loss': 2.46202625, 'lr': 0, 'params': 284917, 'time_iter': 0.01645, 'accuracy': 0.42143, 'f1': 0.39865, 'auc': 0.92112}
> Epoch 153: took 6.7s (avg 3.4s) | Best so far: epoch 140	train_loss: 0.3404 train_accuracy: 0.8876	val_loss: 2.3303 val_accuracy: 0.4500	test_loss: 1.8680 test_accuracy: 0.5405	F1: 0.5126 Prec: 0.5613 Rec: 0.5405
train: {'epoch': 154, 'time_epoch': 6.13861, 'eta': 291.81332, 'eta_hours': 0.08106, 'loss': 0.2799334, 'lr': 0.00032179, 'params': 284917, 'time_iter': 0.03508, 'accuracy': 0.91057, 'f1': 0.91049, 'auc': 0.9978}
val: {'epoch': 154, 'time_epoch': 0.22937, 'loss': 2.48995466, 'lr': 0, 'params': 284917, 'time_iter': 0.01638, 'accuracy': 0.42381, 'f1': 0.37459, 'auc': 0.91368}
test: {'epoch': 154, 'time_epoch': 0.22739, 'loss': 1.89634812, 'lr': 0, 'params': 284917, 'time_iter': 0.01624, 'accuracy': 0.53095, 'f1': 0.51036, 'auc': 0.94868}
> Epoch 154: took 6.8s (avg 3.4s) | Best so far: epoch 140	train_loss: 0.3404 train_accuracy: 0.8876	val_loss: 2.3303 val_accuracy: 0.4500	test_loss: 1.8680 test_accuracy: 0.5405	F1: 0.5126 Prec: 0.5613 Rec: 0.5405
train: {'epoch': 155, 'time_epoch': 6.43153, 'eta': 290.7661, 'eta_hours': 0.08077, 'loss': 0.29190254, 'lr': 0.00031594, 'params': 284917, 'time_iter': 0.03675, 'accuracy': 0.90341, 'f1': 0.90327, 'auc': 0.9977}
val: {'epoch': 155, 'time_epoch': 0.28696, 'loss': 2.77767523, 'lr': 0, 'params': 284917, 'time_iter': 0.0205, 'accuracy': 0.3881, 'f1': 0.36495, 'auc': 0.89936}
test: {'epoch': 155, 'time_epoch': 0.25132, 'loss': 2.57169858, 'lr': 0, 'params': 284917, 'time_iter': 0.01795, 'accuracy': 0.47381, 'f1': 0.43517, 'auc': 0.9362}
> Epoch 155: took 7.2s (avg 3.5s) | Best so far: epoch 140	train_loss: 0.3404 train_accuracy: 0.8876	val_loss: 2.3303 val_accuracy: 0.4500	test_loss: 1.8680 test_accuracy: 0.5405	F1: 0.5126 Prec: 0.5613 Rec: 0.5405
train: {'epoch': 156, 'time_epoch': 6.2889, 'eta': 289.56581, 'eta_hours': 0.08043, 'loss': 0.30300049, 'lr': 0.00031011, 'params': 284917, 'time_iter': 0.03594, 'accuracy': 0.90054, 'f1': 0.90048, 'auc': 0.99738}
val: {'epoch': 156, 'time_epoch': 0.27174, 'loss': 2.63531762, 'lr': 0, 'params': 284917, 'time_iter': 0.01941, 'accuracy': 0.4119, 'f1': 0.37688, 'auc': 0.90726}
test: {'epoch': 156, 'time_epoch': 0.23319, 'loss': 1.99856796, 'lr': 0, 'params': 284917, 'time_iter': 0.01666, 'accuracy': 0.53333, 'f1': 0.5012, 'auc': 0.95165}
> Epoch 156: took 7.0s (avg 3.5s) | Best so far: epoch 140	train_loss: 0.3404 train_accuracy: 0.8876	val_loss: 2.3303 val_accuracy: 0.4500	test_loss: 1.8680 test_accuracy: 0.5405	F1: 0.5126 Prec: 0.5613 Rec: 0.5405
train: {'epoch': 157, 'time_epoch': 6.0329, 'eta': 288.15203, 'eta_hours': 0.08004, 'loss': 0.28356662, 'lr': 0.00030431, 'params': 284917, 'time_iter': 0.03447, 'accuracy': 0.90645, 'f1': 0.90643, 'auc': 0.99784}
val: {'epoch': 157, 'time_epoch': 0.23799, 'loss': 2.72342333, 'lr': 0, 'params': 284917, 'time_iter': 0.017, 'accuracy': 0.41429, 'f1': 0.38393, 'auc': 0.90741}
test: {'epoch': 157, 'time_epoch': 0.25876, 'loss': 2.16212809, 'lr': 0, 'params': 284917, 'time_iter': 0.01848, 'accuracy': 0.49524, 'f1': 0.47466, 'auc': 0.94002}
> Epoch 157: took 6.7s (avg 3.5s) | Best so far: epoch 140	train_loss: 0.3404 train_accuracy: 0.8876	val_loss: 2.3303 val_accuracy: 0.4500	test_loss: 1.8680 test_accuracy: 0.5405	F1: 0.5126 Prec: 0.5613 Rec: 0.5405
train: {'epoch': 158, 'time_epoch': 6.59253, 'eta': 287.00045, 'eta_hours': 0.07972, 'loss': 0.28619324, 'lr': 0.00029855, 'params': 284917, 'time_iter': 0.03767, 'accuracy': 0.90681, 'f1': 0.9067, 'auc': 0.9977}
val: {'epoch': 158, 'time_epoch': 0.24713, 'loss': 3.40838797, 'lr': 0, 'params': 284917, 'time_iter': 0.01765, 'accuracy': 0.3119, 'f1': 0.28335, 'auc': 0.88249}
test: {'epoch': 158, 'time_epoch': 0.28804, 'loss': 3.00266736, 'lr': 0, 'params': 284917, 'time_iter': 0.02057, 'accuracy': 0.4, 'f1': 0.35746, 'auc': 0.92011}
> Epoch 158: took 7.4s (avg 3.5s) | Best so far: epoch 140	train_loss: 0.3404 train_accuracy: 0.8876	val_loss: 2.3303 val_accuracy: 0.4500	test_loss: 1.8680 test_accuracy: 0.5405	F1: 0.5126 Prec: 0.5613 Rec: 0.5405
train: {'epoch': 159, 'time_epoch': 6.57742, 'eta': 285.77236, 'eta_hours': 0.07938, 'loss': 0.27945291, 'lr': 0.00029281, 'params': 284917, 'time_iter': 0.03759, 'accuracy': 0.90609, 'f1': 0.90602, 'auc': 0.99785}
val: {'epoch': 159, 'time_epoch': 0.26851, 'loss': 2.98445006, 'lr': 0, 'params': 284917, 'time_iter': 0.01918, 'accuracy': 0.33333, 'f1': 0.31833, 'auc': 0.88908}
test: {'epoch': 159, 'time_epoch': 0.28274, 'loss': 2.51914864, 'lr': 0, 'params': 284917, 'time_iter': 0.0202, 'accuracy': 0.48571, 'f1': 0.44043, 'auc': 0.94238}
> Epoch 159: took 7.3s (avg 3.6s) | Best so far: epoch 140	train_loss: 0.3404 train_accuracy: 0.8876	val_loss: 2.3303 val_accuracy: 0.4500	test_loss: 1.8680 test_accuracy: 0.5405	F1: 0.5126 Prec: 0.5613 Rec: 0.5405
train: {'epoch': 160, 'time_epoch': 6.10811, 'eta': 284.21838, 'eta_hours': 0.07895, 'loss': 0.29220737, 'lr': 0.00028711, 'params': 284917, 'time_iter': 0.0349, 'accuracy': 0.90287, 'f1': 0.90279, 'auc': 0.99752}
val: {'epoch': 160, 'time_epoch': 0.29451, 'loss': 2.6145924, 'lr': 0, 'params': 284917, 'time_iter': 0.02104, 'accuracy': 0.42619, 'f1': 0.37862, 'auc': 0.91666}
test: {'epoch': 160, 'time_epoch': 0.19713, 'loss': 2.26368596, 'lr': 0, 'params': 284917, 'time_iter': 0.01408, 'accuracy': 0.49286, 'f1': 0.45526, 'auc': 0.93858}
> Epoch 160: took 6.8s (avg 3.6s) | Best so far: epoch 140	train_loss: 0.3404 train_accuracy: 0.8876	val_loss: 2.3303 val_accuracy: 0.4500	test_loss: 1.8680 test_accuracy: 0.5405	F1: 0.5126 Prec: 0.5613 Rec: 0.5405
train: {'epoch': 161, 'time_epoch': 7.89819, 'eta': 283.58057, 'eta_hours': 0.07877, 'loss': 0.2815815, 'lr': 0.00028144, 'params': 284917, 'time_iter': 0.04513, 'accuracy': 0.90358, 'f1': 0.9034, 'auc': 0.99774}
val: {'epoch': 161, 'time_epoch': 0.20068, 'loss': 2.49901357, 'lr': 0, 'params': 284917, 'time_iter': 0.01433, 'accuracy': 0.41429, 'f1': 0.38158, 'auc': 0.9164}
test: {'epoch': 161, 'time_epoch': 0.2174, 'loss': 2.27103063, 'lr': 0, 'params': 284917, 'time_iter': 0.01553, 'accuracy': 0.47619, 'f1': 0.44204, 'auc': 0.9364}
> Epoch 161: took 8.5s (avg 3.6s) | Best so far: epoch 140	train_loss: 0.3404 train_accuracy: 0.8876	val_loss: 2.3303 val_accuracy: 0.4500	test_loss: 1.8680 test_accuracy: 0.5405	F1: 0.5126 Prec: 0.5613 Rec: 0.5405
train: {'epoch': 162, 'time_epoch': 6.47323, 'eta': 282.09311, 'eta_hours': 0.07836, 'loss': 0.26428654, 'lr': 0.00027581, 'params': 284917, 'time_iter': 0.03699, 'accuracy': 0.91434, 'f1': 0.91431, 'auc': 0.99806}
val: {'epoch': 162, 'time_epoch': 0.22907, 'loss': 3.03344265, 'lr': 0, 'params': 284917, 'time_iter': 0.01636, 'accuracy': 0.3381, 'f1': 0.29955, 'auc': 0.89484}
test: {'epoch': 162, 'time_epoch': 0.25428, 'loss': 2.08724206, 'lr': 0, 'params': 284917, 'time_iter': 0.01816, 'accuracy': 0.4881, 'f1': 0.42681, 'auc': 0.95385}
> Epoch 162: took 7.1s (avg 3.6s) | Best so far: epoch 140	train_loss: 0.3404 train_accuracy: 0.8876	val_loss: 2.3303 val_accuracy: 0.4500	test_loss: 1.8680 test_accuracy: 0.5405	F1: 0.5126 Prec: 0.5613 Rec: 0.5405
train: {'epoch': 163, 'time_epoch': 6.41234, 'eta': 280.51292, 'eta_hours': 0.07792, 'loss': 0.28423902, 'lr': 0.00027021, 'params': 284917, 'time_iter': 0.03664, 'accuracy': 0.90323, 'f1': 0.90313, 'auc': 0.99775}
val: {'epoch': 163, 'time_epoch': 0.22988, 'loss': 3.16697493, 'lr': 0, 'params': 284917, 'time_iter': 0.01642, 'accuracy': 0.36905, 'f1': 0.35131, 'auc': 0.88878}
test: {'epoch': 163, 'time_epoch': 0.283, 'loss': 2.11131428, 'lr': 0, 'params': 284917, 'time_iter': 0.02021, 'accuracy': 0.5119, 'f1': 0.46244, 'auc': 0.94957}
> Epoch 163: took 7.1s (avg 3.7s) | Best so far: epoch 140	train_loss: 0.3404 train_accuracy: 0.8876	val_loss: 2.3303 val_accuracy: 0.4500	test_loss: 1.8680 test_accuracy: 0.5405	F1: 0.5126 Prec: 0.5613 Rec: 0.5405
train: {'epoch': 164, 'time_epoch': 6.38954, 'eta': 278.86242, 'eta_hours': 0.07746, 'loss': 0.282236, 'lr': 0.00026465, 'params': 284917, 'time_iter': 0.03651, 'accuracy': 0.90753, 'f1': 0.90752, 'auc': 0.99775}
val: {'epoch': 164, 'time_epoch': 0.28637, 'loss': 2.69762734, 'lr': 0, 'params': 284917, 'time_iter': 0.02045, 'accuracy': 0.37857, 'f1': 0.34382, 'auc': 0.90784}
test: {'epoch': 164, 'time_epoch': 0.3236, 'loss': 2.00232631, 'lr': 0, 'params': 284917, 'time_iter': 0.02311, 'accuracy': 0.54286, 'f1': 0.50629, 'auc': 0.95169}
> Epoch 164: took 7.2s (avg 3.7s) | Best so far: epoch 140	train_loss: 0.3404 train_accuracy: 0.8876	val_loss: 2.3303 val_accuracy: 0.4500	test_loss: 1.8680 test_accuracy: 0.5405	F1: 0.5126 Prec: 0.5613 Rec: 0.5405
train: {'epoch': 165, 'time_epoch': 6.82126, 'eta': 277.37328, 'eta_hours': 0.07705, 'loss': 0.27094932, 'lr': 0.00025912, 'params': 284917, 'time_iter': 0.03898, 'accuracy': 0.9147, 'f1': 0.91468, 'auc': 0.99799}
val: {'epoch': 165, 'time_epoch': 0.24387, 'loss': 3.60295853, 'lr': 0, 'params': 284917, 'time_iter': 0.01742, 'accuracy': 0.34524, 'f1': 0.31999, 'auc': 0.87678}
test: {'epoch': 165, 'time_epoch': 0.24354, 'loss': 2.02178517, 'lr': 0, 'params': 284917, 'time_iter': 0.0174, 'accuracy': 0.5381, 'f1': 0.51107, 'auc': 0.95083}
> Epoch 165: took 7.5s (avg 3.7s) | Best so far: epoch 140	train_loss: 0.3404 train_accuracy: 0.8876	val_loss: 2.3303 val_accuracy: 0.4500	test_loss: 1.8680 test_accuracy: 0.5405	F1: 0.5126 Prec: 0.5613 Rec: 0.5405
train: {'epoch': 166, 'time_epoch': 6.41629, 'eta': 275.619, 'eta_hours': 0.07656, 'loss': 0.27880284, 'lr': 0.00025364, 'params': 284917, 'time_iter': 0.03666, 'accuracy': 0.91075, 'f1': 0.9106, 'auc': 0.99777}
val: {'epoch': 166, 'time_epoch': 0.22356, 'loss': 3.64873632, 'lr': 0, 'params': 284917, 'time_iter': 0.01597, 'accuracy': 0.30714, 'f1': 0.28118, 'auc': 0.8709}
test: {'epoch': 166, 'time_epoch': 0.24188, 'loss': 3.83855096, 'lr': 0, 'params': 284917, 'time_iter': 0.01728, 'accuracy': 0.29286, 'f1': 0.25622, 'auc': 0.90505}
> Epoch 166: took 7.1s (avg 3.7s) | Best so far: epoch 140	train_loss: 0.3404 train_accuracy: 0.8876	val_loss: 2.3303 val_accuracy: 0.4500	test_loss: 1.8680 test_accuracy: 0.5405	F1: 0.5126 Prec: 0.5613 Rec: 0.5405
train: {'epoch': 167, 'time_epoch': 5.82691, 'eta': 273.52156, 'eta_hours': 0.07598, 'loss': 0.26862809, 'lr': 0.00024819, 'params': 284917, 'time_iter': 0.0333, 'accuracy': 0.90878, 'f1': 0.90876, 'auc': 0.99797}
val: {'epoch': 167, 'time_epoch': 0.24491, 'loss': 2.83526994, 'lr': 0, 'params': 284917, 'time_iter': 0.01749, 'accuracy': 0.38571, 'f1': 0.3436, 'auc': 0.90583}
test: {'epoch': 167, 'time_epoch': 0.2308, 'loss': 2.06176491, 'lr': 0, 'params': 284917, 'time_iter': 0.01649, 'accuracy': 0.50238, 'f1': 0.47203, 'auc': 0.94418}
> Epoch 167: took 6.5s (avg 3.7s) | Best so far: epoch 140	train_loss: 0.3404 train_accuracy: 0.8876	val_loss: 2.3303 val_accuracy: 0.4500	test_loss: 1.8680 test_accuracy: 0.5405	F1: 0.5126 Prec: 0.5613 Rec: 0.5405
train: {'epoch': 168, 'time_epoch': 6.15987, 'eta': 271.53956, 'eta_hours': 0.07543, 'loss': 0.2650086, 'lr': 0.00024278, 'params': 284917, 'time_iter': 0.0352, 'accuracy': 0.91129, 'f1': 0.91115, 'auc': 0.99809}
val: {'epoch': 168, 'time_epoch': 0.32928, 'loss': 2.2980119, 'lr': 0, 'params': 284917, 'time_iter': 0.02352, 'accuracy': 0.44762, 'f1': 0.41598, 'auc': 0.91953}
test: {'epoch': 168, 'time_epoch': 0.25245, 'loss': 1.57130408, 'lr': 0, 'params': 284917, 'time_iter': 0.01803, 'accuracy': 0.58571, 'f1': 0.56482, 'auc': 0.9641}
> Epoch 168: took 7.0s (avg 3.8s) | Best so far: epoch 140	train_loss: 0.3404 train_accuracy: 0.8876	val_loss: 2.3303 val_accuracy: 0.4500	test_loss: 1.8680 test_accuracy: 0.5405	F1: 0.5126 Prec: 0.5613 Rec: 0.5405
train: {'epoch': 169, 'time_epoch': 8.72914, 'eta': 270.71748, 'eta_hours': 0.0752, 'loss': 0.27322627, 'lr': 0.00023741, 'params': 284917, 'time_iter': 0.04988, 'accuracy': 0.90789, 'f1': 0.90783, 'auc': 0.99795}
val: {'epoch': 169, 'time_epoch': 0.20798, 'loss': 2.88165671, 'lr': 0, 'params': 284917, 'time_iter': 0.01486, 'accuracy': 0.40476, 'f1': 0.3534, 'auc': 0.90588}
test: {'epoch': 169, 'time_epoch': 0.21317, 'loss': 2.12447871, 'lr': 0, 'params': 284917, 'time_iter': 0.01523, 'accuracy': 0.52619, 'f1': 0.50014, 'auc': 0.94064}
> Epoch 169: took 9.3s (avg 3.8s) | Best so far: epoch 140	train_loss: 0.3404 train_accuracy: 0.8876	val_loss: 2.3303 val_accuracy: 0.4500	test_loss: 1.8680 test_accuracy: 0.5405	F1: 0.5126 Prec: 0.5613 Rec: 0.5405
train: {'epoch': 170, 'time_epoch': 6.03648, 'eta': 268.55893, 'eta_hours': 0.0746, 'loss': 0.27063647, 'lr': 0.00023209, 'params': 284917, 'time_iter': 0.03449, 'accuracy': 0.91344, 'f1': 0.91342, 'auc': 0.99798}
val: {'epoch': 170, 'time_epoch': 0.24181, 'loss': 2.49958595, 'lr': 0, 'params': 284917, 'time_iter': 0.01727, 'accuracy': 0.44286, 'f1': 0.40842, 'auc': 0.91615}
test: {'epoch': 170, 'time_epoch': 0.21409, 'loss': 1.9546292, 'lr': 0, 'params': 284917, 'time_iter': 0.01529, 'accuracy': 0.52381, 'f1': 0.49019, 'auc': 0.95115}
> Epoch 170: took 6.7s (avg 3.8s) | Best so far: epoch 140	train_loss: 0.3404 train_accuracy: 0.8876	val_loss: 2.3303 val_accuracy: 0.4500	test_loss: 1.8680 test_accuracy: 0.5405	F1: 0.5126 Prec: 0.5613 Rec: 0.5405
train: {'epoch': 171, 'time_epoch': 6.22482, 'eta': 266.44071, 'eta_hours': 0.07401, 'loss': 0.26053959, 'lr': 0.0002268, 'params': 284917, 'time_iter': 0.03557, 'accuracy': 0.91452, 'f1': 0.91445, 'auc': 0.99807}
val: {'epoch': 171, 'time_epoch': 0.24509, 'loss': 2.34011705, 'lr': 0, 'params': 284917, 'time_iter': 0.01751, 'accuracy': 0.44048, 'f1': 0.39732, 'auc': 0.92328}
test: {'epoch': 171, 'time_epoch': 0.2762, 'loss': 1.87654244, 'lr': 0, 'params': 284917, 'time_iter': 0.01973, 'accuracy': 0.55, 'f1': 0.52418, 'auc': 0.94861}
> Epoch 171: took 7.0s (avg 3.8s) | Best so far: epoch 140	train_loss: 0.3404 train_accuracy: 0.8876	val_loss: 2.3303 val_accuracy: 0.4500	test_loss: 1.8680 test_accuracy: 0.5405	F1: 0.5126 Prec: 0.5613 Rec: 0.5405
train: {'epoch': 172, 'time_epoch': 6.34582, 'eta': 264.32887, 'eta_hours': 0.07342, 'loss': 0.26406135, 'lr': 0.00022156, 'params': 284917, 'time_iter': 0.03626, 'accuracy': 0.91631, 'f1': 0.91632, 'auc': 0.998}
val: {'epoch': 172, 'time_epoch': 0.20236, 'loss': 2.45155678, 'lr': 0, 'params': 284917, 'time_iter': 0.01445, 'accuracy': 0.42619, 'f1': 0.39469, 'auc': 0.91183}
test: {'epoch': 172, 'time_epoch': 0.24792, 'loss': 1.89870198, 'lr': 0, 'params': 284917, 'time_iter': 0.01771, 'accuracy': 0.57619, 'f1': 0.53655, 'auc': 0.95654}
> Epoch 172: took 7.0s (avg 3.8s) | Best so far: epoch 140	train_loss: 0.3404 train_accuracy: 0.8876	val_loss: 2.3303 val_accuracy: 0.4500	test_loss: 1.8680 test_accuracy: 0.5405	F1: 0.5126 Prec: 0.5613 Rec: 0.5405
train: {'epoch': 173, 'time_epoch': 6.02879, 'eta': 262.02989, 'eta_hours': 0.07279, 'loss': 0.25833341, 'lr': 0.00021637, 'params': 284917, 'time_iter': 0.03445, 'accuracy': 0.91989, 'f1': 0.91987, 'auc': 0.99807}
val: {'epoch': 173, 'time_epoch': 0.2147, 'loss': 2.79099274, 'lr': 0, 'params': 284917, 'time_iter': 0.01534, 'accuracy': 0.42381, 'f1': 0.38985, 'auc': 0.90737}
test: {'epoch': 173, 'time_epoch': 0.24008, 'loss': 1.85085999, 'lr': 0, 'params': 284917, 'time_iter': 0.01715, 'accuracy': 0.54762, 'f1': 0.5207, 'auc': 0.95492}
> Epoch 173: took 6.7s (avg 3.9s) | Best so far: epoch 140	train_loss: 0.3404 train_accuracy: 0.8876	val_loss: 2.3303 val_accuracy: 0.4500	test_loss: 1.8680 test_accuracy: 0.5405	F1: 0.5126 Prec: 0.5613 Rec: 0.5405
train: {'epoch': 174, 'time_epoch': 5.37964, 'eta': 259.41008, 'eta_hours': 0.07206, 'loss': 0.2540003, 'lr': 0.00021121, 'params': 284917, 'time_iter': 0.03074, 'accuracy': 0.92007, 'f1': 0.92005, 'auc': 0.99811}
val: {'epoch': 174, 'time_epoch': 0.2277, 'loss': 2.73144201, 'lr': 0, 'params': 284917, 'time_iter': 0.01626, 'accuracy': 0.42381, 'f1': 0.38896, 'auc': 0.90495}
test: {'epoch': 174, 'time_epoch': 0.27165, 'loss': 2.16964603, 'lr': 0, 'params': 284917, 'time_iter': 0.0194, 'accuracy': 0.45952, 'f1': 0.43001, 'auc': 0.94697}
> Epoch 174: took 6.0s (avg 3.9s) | Best so far: epoch 140	train_loss: 0.3404 train_accuracy: 0.8876	val_loss: 2.3303 val_accuracy: 0.4500	test_loss: 1.8680 test_accuracy: 0.5405	F1: 0.5126 Prec: 0.5613 Rec: 0.5405
train: {'epoch': 175, 'time_epoch': 4.9073, 'eta': 256.5603, 'eta_hours': 0.07127, 'loss': 0.25893609, 'lr': 0.00020611, 'params': 284917, 'time_iter': 0.02804, 'accuracy': 0.91362, 'f1': 0.91353, 'auc': 0.99811}
val: {'epoch': 175, 'time_epoch': 0.25663, 'loss': 2.5639284, 'lr': 0, 'params': 284917, 'time_iter': 0.01833, 'accuracy': 0.40952, 'f1': 0.37433, 'auc': 0.91767}
test: {'epoch': 175, 'time_epoch': 0.25083, 'loss': 2.37885023, 'lr': 0, 'params': 284917, 'time_iter': 0.01792, 'accuracy': 0.49048, 'f1': 0.45975, 'auc': 0.93148}
> Epoch 175: took 5.7s (avg 3.9s) | Best so far: epoch 140	train_loss: 0.3404 train_accuracy: 0.8876	val_loss: 2.3303 val_accuracy: 0.4500	test_loss: 1.8680 test_accuracy: 0.5405	F1: 0.5126 Prec: 0.5613 Rec: 0.5405
train: {'epoch': 176, 'time_epoch': 5.93436, 'eta': 254.11087, 'eta_hours': 0.07059, 'loss': 0.24093375, 'lr': 0.00020105, 'params': 284917, 'time_iter': 0.03391, 'accuracy': 0.92007, 'f1': 0.92005, 'auc': 0.99837}
val: {'epoch': 176, 'time_epoch': 0.23043, 'loss': 2.73138109, 'lr': 0, 'params': 284917, 'time_iter': 0.01646, 'accuracy': 0.37381, 'f1': 0.34194, 'auc': 0.9097}
test: {'epoch': 176, 'time_epoch': 0.24577, 'loss': 2.39472714, 'lr': 0, 'params': 284917, 'time_iter': 0.01755, 'accuracy': 0.4619, 'f1': 0.41081, 'auc': 0.93335}
> Epoch 176: took 6.6s (avg 3.9s) | Best so far: epoch 140	train_loss: 0.3404 train_accuracy: 0.8876	val_loss: 2.3303 val_accuracy: 0.4500	test_loss: 1.8680 test_accuracy: 0.5405	F1: 0.5126 Prec: 0.5613 Rec: 0.5405
train: {'epoch': 177, 'time_epoch': 5.47174, 'eta': 251.43516, 'eta_hours': 0.06984, 'loss': 0.26259214, 'lr': 0.00019603, 'params': 284917, 'time_iter': 0.03127, 'accuracy': 0.91613, 'f1': 0.91605, 'auc': 0.99801}
val: {'epoch': 177, 'time_epoch': 0.23196, 'loss': 2.52239314, 'lr': 0, 'params': 284917, 'time_iter': 0.01657, 'accuracy': 0.43333, 'f1': 0.39133, 'auc': 0.91673}
test: {'epoch': 177, 'time_epoch': 0.22372, 'loss': 1.73663157, 'lr': 0, 'params': 284917, 'time_iter': 0.01598, 'accuracy': 0.56667, 'f1': 0.54849, 'auc': 0.95371}
> Epoch 177: took 6.1s (avg 3.9s) | Best so far: epoch 140	train_loss: 0.3404 train_accuracy: 0.8876	val_loss: 2.3303 val_accuracy: 0.4500	test_loss: 1.8680 test_accuracy: 0.5405	F1: 0.5126 Prec: 0.5613 Rec: 0.5405
train: {'epoch': 178, 'time_epoch': 5.9478, 'eta': 248.91703, 'eta_hours': 0.06914, 'loss': 0.24495761, 'lr': 0.00019107, 'params': 284917, 'time_iter': 0.03399, 'accuracy': 0.92007, 'f1': 0.91999, 'auc': 0.9984}
val: {'epoch': 178, 'time_epoch': 0.22623, 'loss': 3.10401915, 'lr': 0, 'params': 284917, 'time_iter': 0.01616, 'accuracy': 0.34762, 'f1': 0.32017, 'auc': 0.89235}
test: {'epoch': 178, 'time_epoch': 0.19347, 'loss': 2.4285211, 'lr': 0, 'params': 284917, 'time_iter': 0.01382, 'accuracy': 0.50476, 'f1': 0.45818, 'auc': 0.93967}
> Epoch 178: took 6.6s (avg 3.9s) | Best so far: epoch 140	train_loss: 0.3404 train_accuracy: 0.8876	val_loss: 2.3303 val_accuracy: 0.4500	test_loss: 1.8680 test_accuracy: 0.5405	F1: 0.5126 Prec: 0.5613 Rec: 0.5405
train: {'epoch': 179, 'time_epoch': 5.01931, 'eta': 245.99972, 'eta_hours': 0.06833, 'loss': 0.2412597, 'lr': 0.00018615, 'params': 284917, 'time_iter': 0.02868, 'accuracy': 0.92366, 'f1': 0.92359, 'auc': 0.99839}
val: {'epoch': 179, 'time_epoch': 0.17164, 'loss': 2.95109576, 'lr': 0, 'params': 284917, 'time_iter': 0.01226, 'accuracy': 0.3381, 'f1': 0.30191, 'auc': 0.90014}
test: {'epoch': 179, 'time_epoch': 0.15414, 'loss': 3.1556044, 'lr': 0, 'params': 284917, 'time_iter': 0.01101, 'accuracy': 0.3619, 'f1': 0.31046, 'auc': 0.90773}
> Epoch 179: took 5.5s (avg 3.9s) | Best so far: epoch 140	train_loss: 0.3404 train_accuracy: 0.8876	val_loss: 2.3303 val_accuracy: 0.4500	test_loss: 1.8680 test_accuracy: 0.5405	F1: 0.5126 Prec: 0.5613 Rec: 0.5405
train: {'epoch': 180, 'time_epoch': 5.14664, 'eta': 243.10772, 'eta_hours': 0.06753, 'loss': 0.23559206, 'lr': 0.00018129, 'params': 284917, 'time_iter': 0.02941, 'accuracy': 0.92258, 'f1': 0.92258, 'auc': 0.99839}
val: {'epoch': 180, 'time_epoch': 0.21303, 'loss': 3.07572702, 'lr': 0, 'params': 284917, 'time_iter': 0.01522, 'accuracy': 0.36905, 'f1': 0.32019, 'auc': 0.90276}
test: {'epoch': 180, 'time_epoch': 0.25948, 'loss': 2.31561062, 'lr': 0, 'params': 284917, 'time_iter': 0.01853, 'accuracy': 0.4881, 'f1': 0.45395, 'auc': 0.92848}
> Epoch 180: took 5.8s (avg 3.9s) | Best so far: epoch 140	train_loss: 0.3404 train_accuracy: 0.8876	val_loss: 2.3303 val_accuracy: 0.4500	test_loss: 1.8680 test_accuracy: 0.5405	F1: 0.5126 Prec: 0.5613 Rec: 0.5405
train: {'epoch': 181, 'time_epoch': 4.77524, 'eta': 240.05217, 'eta_hours': 0.06668, 'loss': 0.23413895, 'lr': 0.00017647, 'params': 284917, 'time_iter': 0.02729, 'accuracy': 0.92616, 'f1': 0.92609, 'auc': 0.9984}
val: {'epoch': 181, 'time_epoch': 0.21926, 'loss': 2.68957652, 'lr': 0, 'params': 284917, 'time_iter': 0.01566, 'accuracy': 0.42857, 'f1': 0.3906, 'auc': 0.90908}
test: {'epoch': 181, 'time_epoch': 0.19447, 'loss': 1.8112653, 'lr': 0, 'params': 284917, 'time_iter': 0.01389, 'accuracy': 0.57143, 'f1': 0.55986, 'auc': 0.95562}
> Epoch 181: took 5.4s (avg 3.9s) | Best so far: epoch 140	train_loss: 0.3404 train_accuracy: 0.8876	val_loss: 2.3303 val_accuracy: 0.4500	test_loss: 1.8680 test_accuracy: 0.5405	F1: 0.5126 Prec: 0.5613 Rec: 0.5405
train: {'epoch': 182, 'time_epoch': 5.30667, 'eta': 237.1724, 'eta_hours': 0.06588, 'loss': 0.23935268, 'lr': 0.00017171, 'params': 284917, 'time_iter': 0.03032, 'accuracy': 0.91685, 'f1': 0.91687, 'auc': 0.99851}
val: {'epoch': 182, 'time_epoch': 0.17514, 'loss': 3.06669717, 'lr': 0, 'params': 284917, 'time_iter': 0.01251, 'accuracy': 0.3619, 'f1': 0.3286, 'auc': 0.89618}
test: {'epoch': 182, 'time_epoch': 0.24574, 'loss': 1.8576088, 'lr': 0, 'params': 284917, 'time_iter': 0.01755, 'accuracy': 0.57619, 'f1': 0.54875, 'auc': 0.95518}
> Epoch 182: took 5.9s (avg 4.0s) | Best so far: epoch 140	train_loss: 0.3404 train_accuracy: 0.8876	val_loss: 2.3303 val_accuracy: 0.4500	test_loss: 1.8680 test_accuracy: 0.5405	F1: 0.5126 Prec: 0.5613 Rec: 0.5405
train: {'epoch': 183, 'time_epoch': 5.29479, 'eta': 234.26199, 'eta_hours': 0.06507, 'loss': 0.21871179, 'lr': 0.00016699, 'params': 284917, 'time_iter': 0.03026, 'accuracy': 0.9267, 'f1': 0.92667, 'auc': 0.9987}
val: {'epoch': 183, 'time_epoch': 0.23791, 'loss': 2.64372584, 'lr': 0, 'params': 284917, 'time_iter': 0.01699, 'accuracy': 0.41667, 'f1': 0.37966, 'auc': 0.90877}
test: {'epoch': 183, 'time_epoch': 0.21196, 'loss': 1.82589836, 'lr': 0, 'params': 284917, 'time_iter': 0.01514, 'accuracy': 0.60476, 'f1': 0.57647, 'auc': 0.95314}
> Epoch 183: took 5.9s (avg 4.0s) | Best so far: epoch 140	train_loss: 0.3404 train_accuracy: 0.8876	val_loss: 2.3303 val_accuracy: 0.4500	test_loss: 1.8680 test_accuracy: 0.5405	F1: 0.5126 Prec: 0.5613 Rec: 0.5405
train: {'epoch': 184, 'time_epoch': 5.04578, 'eta': 231.23831, 'eta_hours': 0.06423, 'loss': 0.2271573, 'lr': 0.00016233, 'params': 284917, 'time_iter': 0.02883, 'accuracy': 0.92563, 'f1': 0.92557, 'auc': 0.99852}
val: {'epoch': 184, 'time_epoch': 0.22276, 'loss': 2.5199596, 'lr': 0, 'params': 284917, 'time_iter': 0.01591, 'accuracy': 0.44286, 'f1': 0.40247, 'auc': 0.91432}
test: {'epoch': 184, 'time_epoch': 0.23368, 'loss': 1.93088155, 'lr': 0, 'params': 284917, 'time_iter': 0.01669, 'accuracy': 0.56667, 'f1': 0.54181, 'auc': 0.95082}
> Epoch 184: took 5.7s (avg 4.0s) | Best so far: epoch 140	train_loss: 0.3404 train_accuracy: 0.8876	val_loss: 2.3303 val_accuracy: 0.4500	test_loss: 1.8680 test_accuracy: 0.5405	F1: 0.5126 Prec: 0.5613 Rec: 0.5405
train: {'epoch': 185, 'time_epoch': 5.02346, 'eta': 228.18522, 'eta_hours': 0.06338, 'loss': 0.22922233, 'lr': 0.00015773, 'params': 284917, 'time_iter': 0.02871, 'accuracy': 0.92563, 'f1': 0.9255, 'auc': 0.99853}
val: {'epoch': 185, 'time_epoch': 0.23757, 'loss': 2.45788227, 'lr': 0, 'params': 284917, 'time_iter': 0.01697, 'accuracy': 0.44762, 'f1': 0.41393, 'auc': 0.91685}
test: {'epoch': 185, 'time_epoch': 0.15595, 'loss': 1.86364234, 'lr': 0, 'params': 284917, 'time_iter': 0.01114, 'accuracy': 0.57857, 'f1': 0.54966, 'auc': 0.95485}
> Epoch 185: took 5.6s (avg 4.0s) | Best so far: epoch 140	train_loss: 0.3404 train_accuracy: 0.8876	val_loss: 2.3303 val_accuracy: 0.4500	test_loss: 1.8680 test_accuracy: 0.5405	F1: 0.5126 Prec: 0.5613 Rec: 0.5405
train: {'epoch': 186, 'time_epoch': 5.00725, 'eta': 225.10558, 'eta_hours': 0.06253, 'loss': 0.22339432, 'lr': 0.00015317, 'params': 284917, 'time_iter': 0.02861, 'accuracy': 0.92903, 'f1': 0.92893, 'auc': 0.99862}
val: {'epoch': 186, 'time_epoch': 0.22224, 'loss': 2.45630705, 'lr': 0, 'params': 284917, 'time_iter': 0.01587, 'accuracy': 0.44048, 'f1': 0.41114, 'auc': 0.91289}
test: {'epoch': 186, 'time_epoch': 0.21686, 'loss': 2.09011857, 'lr': 0, 'params': 284917, 'time_iter': 0.01549, 'accuracy': 0.55714, 'f1': 0.51992, 'auc': 0.95217}
> Epoch 186: took 5.6s (avg 4.0s) | Best so far: epoch 140	train_loss: 0.3404 train_accuracy: 0.8876	val_loss: 2.3303 val_accuracy: 0.4500	test_loss: 1.8680 test_accuracy: 0.5405	F1: 0.5126 Prec: 0.5613 Rec: 0.5405
train: {'epoch': 187, 'time_epoch': 5.13361, 'eta': 222.04711, 'eta_hours': 0.06168, 'loss': 0.23009246, 'lr': 0.00014868, 'params': 284917, 'time_iter': 0.02933, 'accuracy': 0.92276, 'f1': 0.92274, 'auc': 0.99854}
val: {'epoch': 187, 'time_epoch': 0.19549, 'loss': 2.44231713, 'lr': 0, 'params': 284917, 'time_iter': 0.01396, 'accuracy': 0.4381, 'f1': 0.40358, 'auc': 0.91645}
test: {'epoch': 187, 'time_epoch': 0.24521, 'loss': 2.07549289, 'lr': 0, 'params': 284917, 'time_iter': 0.01751, 'accuracy': 0.55952, 'f1': 0.52521, 'auc': 0.94951}
> Epoch 187: took 5.8s (avg 4.0s) | Best so far: epoch 140	train_loss: 0.3404 train_accuracy: 0.8876	val_loss: 2.3303 val_accuracy: 0.4500	test_loss: 1.8680 test_accuracy: 0.5405	F1: 0.5126 Prec: 0.5613 Rec: 0.5405
train: {'epoch': 188, 'time_epoch': 5.4619, 'eta': 219.07264, 'eta_hours': 0.06085, 'loss': 0.2420985, 'lr': 0.00014423, 'params': 284917, 'time_iter': 0.03121, 'accuracy': 0.92061, 'f1': 0.92053, 'auc': 0.99837}
val: {'epoch': 188, 'time_epoch': 0.25691, 'loss': 3.177712, 'lr': 0, 'params': 284917, 'time_iter': 0.01835, 'accuracy': 0.36667, 'f1': 0.32229, 'auc': 0.89765}
test: {'epoch': 188, 'time_epoch': 0.23118, 'loss': 1.82699271, 'lr': 0, 'params': 284917, 'time_iter': 0.01651, 'accuracy': 0.57857, 'f1': 0.5417, 'auc': 0.95869}
> Epoch 188: took 6.2s (avg 4.0s) | Best so far: epoch 140	train_loss: 0.3404 train_accuracy: 0.8876	val_loss: 2.3303 val_accuracy: 0.4500	test_loss: 1.8680 test_accuracy: 0.5405	F1: 0.5126 Prec: 0.5613 Rec: 0.5405
train: {'epoch': 189, 'time_epoch': 4.96595, 'eta': 215.91536, 'eta_hours': 0.05998, 'loss': 0.22966853, 'lr': 0.00013985, 'params': 284917, 'time_iter': 0.02838, 'accuracy': 0.92599, 'f1': 0.92588, 'auc': 0.99853}
val: {'epoch': 189, 'time_epoch': 0.17909, 'loss': 2.72746881, 'lr': 0, 'params': 284917, 'time_iter': 0.01279, 'accuracy': 0.40952, 'f1': 0.37951, 'auc': 0.91075}
test: {'epoch': 189, 'time_epoch': 0.15859, 'loss': 2.0071684, 'lr': 0, 'params': 284917, 'time_iter': 0.01133, 'accuracy': 0.55952, 'f1': 0.5233, 'auc': 0.95215}
> Epoch 189: took 5.5s (avg 4.0s) | Best so far: epoch 140	train_loss: 0.3404 train_accuracy: 0.8876	val_loss: 2.3303 val_accuracy: 0.4500	test_loss: 1.8680 test_accuracy: 0.5405	F1: 0.5126 Prec: 0.5613 Rec: 0.5405
train: {'epoch': 190, 'time_epoch': 5.11572, 'eta': 212.78542, 'eta_hours': 0.05911, 'loss': 0.21831516, 'lr': 0.00013552, 'params': 284917, 'time_iter': 0.02923, 'accuracy': 0.92867, 'f1': 0.92864, 'auc': 0.99867}
val: {'epoch': 190, 'time_epoch': 0.26395, 'loss': 2.47612819, 'lr': 0, 'params': 284917, 'time_iter': 0.01885, 'accuracy': 0.45238, 'f1': 0.41538, 'auc': 0.91996}
test: {'epoch': 190, 'time_epoch': 0.22942, 'loss': 2.02801114, 'lr': 0, 'params': 284917, 'time_iter': 0.01639, 'accuracy': 0.55714, 'f1': 0.52029, 'auc': 0.9466}
[*] Confusion Matrix saved to: results_lopo_1.0/IM_3m\Conf\confusion_matrix_epoch_190.png
> Epoch 190: took 5.8s (avg 4.0s) | Best so far: epoch 190	train_loss: 0.2183 train_accuracy: 0.9287	val_loss: 2.4761 val_accuracy: 0.4524	test_loss: 2.0280 test_accuracy: 0.5571	F1: 0.5203 Prec: 0.5817 Rec: 0.5571
train: {'epoch': 191, 'time_epoch': 4.88301, 'eta': 209.56449, 'eta_hours': 0.05821, 'loss': 0.21505207, 'lr': 0.00013124, 'params': 284917, 'time_iter': 0.0279, 'accuracy': 0.92778, 'f1': 0.92772, 'auc': 0.99871}
val: {'epoch': 191, 'time_epoch': 0.185, 'loss': 2.51728289, 'lr': 0, 'params': 284917, 'time_iter': 0.01321, 'accuracy': 0.42143, 'f1': 0.39646, 'auc': 0.91913}
test: {'epoch': 191, 'time_epoch': 0.20596, 'loss': 2.35459639, 'lr': 0, 'params': 284917, 'time_iter': 0.01471, 'accuracy': 0.49524, 'f1': 0.44932, 'auc': 0.9372}
> Epoch 191: took 5.5s (avg 4.0s) | Best so far: epoch 190	train_loss: 0.2183 train_accuracy: 0.9287	val_loss: 2.4761 val_accuracy: 0.4524	test_loss: 2.0280 test_accuracy: 0.5571	F1: 0.5203 Prec: 0.5817 Rec: 0.5571
train: {'epoch': 192, 'time_epoch': 5.30495, 'eta': 206.45095, 'eta_hours': 0.05735, 'loss': 0.20897171, 'lr': 0.00012703, 'params': 284917, 'time_iter': 0.03031, 'accuracy': 0.93369, 'f1': 0.93363, 'auc': 0.99882}
val: {'epoch': 192, 'time_epoch': 0.26254, 'loss': 2.68495024, 'lr': 0, 'params': 284917, 'time_iter': 0.01875, 'accuracy': 0.42143, 'f1': 0.37484, 'auc': 0.91254}
test: {'epoch': 192, 'time_epoch': 0.25224, 'loss': 2.04301281, 'lr': 0, 'params': 284917, 'time_iter': 0.01802, 'accuracy': 0.51905, 'f1': 0.48276, 'auc': 0.94463}
> Epoch 192: took 6.0s (avg 4.1s) | Best so far: epoch 190	train_loss: 0.2183 train_accuracy: 0.9287	val_loss: 2.4761 val_accuracy: 0.4524	test_loss: 2.0280 test_accuracy: 0.5571	F1: 0.5203 Prec: 0.5817 Rec: 0.5571
train: {'epoch': 193, 'time_epoch': 5.24815, 'eta': 203.29842, 'eta_hours': 0.05647, 'loss': 0.21494771, 'lr': 0.00012287, 'params': 284917, 'time_iter': 0.02999, 'accuracy': 0.93011, 'f1': 0.93014, 'auc': 0.99876}
val: {'epoch': 193, 'time_epoch': 0.2141, 'loss': 2.64488417, 'lr': 0, 'params': 284917, 'time_iter': 0.01529, 'accuracy': 0.42143, 'f1': 0.37987, 'auc': 0.91165}
test: {'epoch': 193, 'time_epoch': 0.24554, 'loss': 1.67314787, 'lr': 0, 'params': 284917, 'time_iter': 0.01754, 'accuracy': 0.6119, 'f1': 0.58783, 'auc': 0.96162}
> Epoch 193: took 5.9s (avg 4.1s) | Best so far: epoch 190	train_loss: 0.2183 train_accuracy: 0.9287	val_loss: 2.4761 val_accuracy: 0.4524	test_loss: 2.0280 test_accuracy: 0.5571	F1: 0.5203 Prec: 0.5817 Rec: 0.5571
train: {'epoch': 194, 'time_epoch': 5.18617, 'eta': 200.10692, 'eta_hours': 0.05559, 'loss': 0.20601489, 'lr': 0.00011878, 'params': 284917, 'time_iter': 0.02964, 'accuracy': 0.93208, 'f1': 0.93208, 'auc': 0.99888}
val: {'epoch': 194, 'time_epoch': 0.25567, 'loss': 2.65697635, 'lr': 0, 'params': 284917, 'time_iter': 0.01826, 'accuracy': 0.42619, 'f1': 0.39721, 'auc': 0.90805}
test: {'epoch': 194, 'time_epoch': 0.20773, 'loss': 1.90196355, 'lr': 0, 'params': 284917, 'time_iter': 0.01484, 'accuracy': 0.54286, 'f1': 0.5257, 'auc': 0.95483}
> Epoch 194: took 5.8s (avg 4.1s) | Best so far: epoch 190	train_loss: 0.2183 train_accuracy: 0.9287	val_loss: 2.4761 val_accuracy: 0.4524	test_loss: 2.0280 test_accuracy: 0.5571	F1: 0.5203 Prec: 0.5817 Rec: 0.5571
train: {'epoch': 195, 'time_epoch': 5.42983, 'eta': 196.9622, 'eta_hours': 0.05471, 'loss': 0.21752388, 'lr': 0.00011474, 'params': 284917, 'time_iter': 0.03103, 'accuracy': 0.92634, 'f1': 0.92639, 'auc': 0.99868}
val: {'epoch': 195, 'time_epoch': 0.22994, 'loss': 2.60332007, 'lr': 0, 'params': 284917, 'time_iter': 0.01642, 'accuracy': 0.40952, 'f1': 0.37601, 'auc': 0.9151}
test: {'epoch': 195, 'time_epoch': 0.20543, 'loss': 2.156891, 'lr': 0, 'params': 284917, 'time_iter': 0.01467, 'accuracy': 0.54524, 'f1': 0.51069, 'auc': 0.94123}
> Epoch 195: took 6.0s (avg 4.1s) | Best so far: epoch 190	train_loss: 0.2183 train_accuracy: 0.9287	val_loss: 2.4761 val_accuracy: 0.4524	test_loss: 2.0280 test_accuracy: 0.5571	F1: 0.5203 Prec: 0.5817 Rec: 0.5571
train: {'epoch': 196, 'time_epoch': 4.98387, 'eta': 193.67429, 'eta_hours': 0.0538, 'loss': 0.22751605, 'lr': 0.00011077, 'params': 284917, 'time_iter': 0.02848, 'accuracy': 0.92545, 'f1': 0.92548, 'auc': 0.99854}
val: {'epoch': 196, 'time_epoch': 0.17375, 'loss': 2.68181271, 'lr': 0, 'params': 284917, 'time_iter': 0.01241, 'accuracy': 0.41905, 'f1': 0.37681, 'auc': 0.91325}
test: {'epoch': 196, 'time_epoch': 0.23697, 'loss': 2.15898923, 'lr': 0, 'params': 284917, 'time_iter': 0.01693, 'accuracy': 0.53095, 'f1': 0.48969, 'auc': 0.94129}
> Epoch 196: took 5.6s (avg 4.1s) | Best so far: epoch 190	train_loss: 0.2183 train_accuracy: 0.9287	val_loss: 2.4761 val_accuracy: 0.4524	test_loss: 2.0280 test_accuracy: 0.5571	F1: 0.5203 Prec: 0.5817 Rec: 0.5571
train: {'epoch': 197, 'time_epoch': 5.0642, 'eta': 190.39036, 'eta_hours': 0.05289, 'loss': 0.23358901, 'lr': 0.00010686, 'params': 284917, 'time_iter': 0.02894, 'accuracy': 0.91989, 'f1': 0.9198, 'auc': 0.99848}
val: {'epoch': 197, 'time_epoch': 0.25149, 'loss': 2.5593973, 'lr': 0, 'params': 284917, 'time_iter': 0.01796, 'accuracy': 0.42143, 'f1': 0.38533, 'auc': 0.91678}
test: {'epoch': 197, 'time_epoch': 0.19858, 'loss': 2.07714777, 'lr': 0, 'params': 284917, 'time_iter': 0.01418, 'accuracy': 0.54524, 'f1': 0.50721, 'auc': 0.94897}
> Epoch 197: took 5.7s (avg 4.1s) | Best so far: epoch 190	train_loss: 0.2183 train_accuracy: 0.9287	val_loss: 2.4761 val_accuracy: 0.4524	test_loss: 2.0280 test_accuracy: 0.5571	F1: 0.5203 Prec: 0.5817 Rec: 0.5571
train: {'epoch': 198, 'time_epoch': 5.36785, 'eta': 187.16635, 'eta_hours': 0.05199, 'loss': 0.22247757, 'lr': 0.000103, 'params': 284917, 'time_iter': 0.03067, 'accuracy': 0.9276, 'f1': 0.92753, 'auc': 0.99851}
val: {'epoch': 198, 'time_epoch': 0.21564, 'loss': 2.65027835, 'lr': 0, 'params': 284917, 'time_iter': 0.0154, 'accuracy': 0.41905, 'f1': 0.38617, 'auc': 0.91197}
test: {'epoch': 198, 'time_epoch': 0.21925, 'loss': 2.0742597, 'lr': 0, 'params': 284917, 'time_iter': 0.01566, 'accuracy': 0.53333, 'f1': 0.50403, 'auc': 0.95042}
> Epoch 198: took 6.0s (avg 4.1s) | Best so far: epoch 190	train_loss: 0.2183 train_accuracy: 0.9287	val_loss: 2.4761 val_accuracy: 0.4524	test_loss: 2.0280 test_accuracy: 0.5571	F1: 0.5203 Prec: 0.5817 Rec: 0.5571
train: {'epoch': 199, 'time_epoch': 5.11113, 'eta': 183.85672, 'eta_hours': 0.05107, 'loss': 0.2182057, 'lr': 9.922e-05, 'params': 284917, 'time_iter': 0.02921, 'accuracy': 0.92384, 'f1': 0.92384, 'auc': 0.99872}
val: {'epoch': 199, 'time_epoch': 0.22745, 'loss': 2.36795872, 'lr': 0, 'params': 284917, 'time_iter': 0.01625, 'accuracy': 0.44524, 'f1': 0.41786, 'auc': 0.91993}
test: {'epoch': 199, 'time_epoch': 0.25183, 'loss': 2.0105493, 'lr': 0, 'params': 284917, 'time_iter': 0.01799, 'accuracy': 0.55476, 'f1': 0.51547, 'auc': 0.95093}
> Epoch 199: took 5.8s (avg 4.1s) | Best so far: epoch 190	train_loss: 0.2183 train_accuracy: 0.9287	val_loss: 2.4761 val_accuracy: 0.4524	test_loss: 2.0280 test_accuracy: 0.5571	F1: 0.5203 Prec: 0.5817 Rec: 0.5571
train: {'epoch': 200, 'time_epoch': 5.18828, 'eta': 180.54797, 'eta_hours': 0.05015, 'loss': 0.21602693, 'lr': 9.549e-05, 'params': 284917, 'time_iter': 0.02965, 'accuracy': 0.92849, 'f1': 0.92849, 'auc': 0.99871}
val: {'epoch': 200, 'time_epoch': 0.16176, 'loss': 2.53973623, 'lr': 0, 'params': 284917, 'time_iter': 0.01155, 'accuracy': 0.43333, 'f1': 0.39411, 'auc': 0.91288}
test: {'epoch': 200, 'time_epoch': 0.25639, 'loss': 1.720471, 'lr': 0, 'params': 284917, 'time_iter': 0.01831, 'accuracy': 0.58333, 'f1': 0.55227, 'auc': 0.95756}
> Epoch 200: took 5.8s (avg 4.1s) | Best so far: epoch 190	train_loss: 0.2183 train_accuracy: 0.9287	val_loss: 2.4761 val_accuracy: 0.4524	test_loss: 2.0280 test_accuracy: 0.5571	F1: 0.5203 Prec: 0.5817 Rec: 0.5571
train: {'epoch': 201, 'time_epoch': 5.34465, 'eta': 177.25778, 'eta_hours': 0.04924, 'loss': 0.19131564, 'lr': 9.183e-05, 'params': 284917, 'time_iter': 0.03054, 'accuracy': 0.93638, 'f1': 0.93631, 'auc': 0.999}
val: {'epoch': 201, 'time_epoch': 0.22001, 'loss': 2.58906816, 'lr': 0, 'params': 284917, 'time_iter': 0.01571, 'accuracy': 0.44286, 'f1': 0.40499, 'auc': 0.91411}
test: {'epoch': 201, 'time_epoch': 0.23563, 'loss': 1.97531767, 'lr': 0, 'params': 284917, 'time_iter': 0.01683, 'accuracy': 0.54762, 'f1': 0.51361, 'auc': 0.9468}
> Epoch 201: took 6.0s (avg 4.1s) | Best so far: epoch 190	train_loss: 0.2183 train_accuracy: 0.9287	val_loss: 2.4761 val_accuracy: 0.4524	test_loss: 2.0280 test_accuracy: 0.5571	F1: 0.5203 Prec: 0.5817 Rec: 0.5571
train: {'epoch': 202, 'time_epoch': 5.68517, 'eta': 174.02618, 'eta_hours': 0.04834, 'loss': 0.20568133, 'lr': 8.823e-05, 'params': 284917, 'time_iter': 0.03249, 'accuracy': 0.93333, 'f1': 0.93326, 'auc': 0.9988}
val: {'epoch': 202, 'time_epoch': 0.24136, 'loss': 2.77701476, 'lr': 0, 'params': 284917, 'time_iter': 0.01724, 'accuracy': 0.36667, 'f1': 0.33303, 'auc': 0.90905}
test: {'epoch': 202, 'time_epoch': 0.22047, 'loss': 2.35458, 'lr': 0, 'params': 284917, 'time_iter': 0.01575, 'accuracy': 0.49524, 'f1': 0.45623, 'auc': 0.9354}
> Epoch 202: took 6.3s (avg 4.1s) | Best so far: epoch 190	train_loss: 0.2183 train_accuracy: 0.9287	val_loss: 2.4761 val_accuracy: 0.4524	test_loss: 2.0280 test_accuracy: 0.5571	F1: 0.5203 Prec: 0.5817 Rec: 0.5571
train: {'epoch': 203, 'time_epoch': 5.25313, 'eta': 170.6731, 'eta_hours': 0.04741, 'loss': 0.20093542, 'lr': 8.47e-05, 'params': 284917, 'time_iter': 0.03002, 'accuracy': 0.93692, 'f1': 0.93686, 'auc': 0.99881}
val: {'epoch': 203, 'time_epoch': 0.19829, 'loss': 2.56251911, 'lr': 0, 'params': 284917, 'time_iter': 0.01416, 'accuracy': 0.44524, 'f1': 0.40372, 'auc': 0.91529}
test: {'epoch': 203, 'time_epoch': 0.19154, 'loss': 1.93223012, 'lr': 0, 'params': 284917, 'time_iter': 0.01368, 'accuracy': 0.56905, 'f1': 0.53871, 'auc': 0.9502}
> Epoch 203: took 5.8s (avg 4.1s) | Best so far: epoch 190	train_loss: 0.2183 train_accuracy: 0.9287	val_loss: 2.4761 val_accuracy: 0.4524	test_loss: 2.0280 test_accuracy: 0.5571	F1: 0.5203 Prec: 0.5817 Rec: 0.5571
train: {'epoch': 204, 'time_epoch': 5.44128, 'eta': 167.34279, 'eta_hours': 0.04648, 'loss': 0.21724529, 'lr': 8.124e-05, 'params': 284917, 'time_iter': 0.03109, 'accuracy': 0.92814, 'f1': 0.92809, 'auc': 0.99868}
val: {'epoch': 204, 'time_epoch': 0.19474, 'loss': 2.47648326, 'lr': 0, 'params': 284917, 'time_iter': 0.01391, 'accuracy': 0.42143, 'f1': 0.38747, 'auc': 0.91801}
test: {'epoch': 204, 'time_epoch': 0.22046, 'loss': 1.92146748, 'lr': 0, 'params': 284917, 'time_iter': 0.01575, 'accuracy': 0.55952, 'f1': 0.52318, 'auc': 0.95184}
> Epoch 204: took 6.1s (avg 4.2s) | Best so far: epoch 190	train_loss: 0.2183 train_accuracy: 0.9287	val_loss: 2.4761 val_accuracy: 0.4524	test_loss: 2.0280 test_accuracy: 0.5571	F1: 0.5203 Prec: 0.5817 Rec: 0.5571
train: {'epoch': 205, 'time_epoch': 5.34063, 'eta': 163.97049, 'eta_hours': 0.04555, 'loss': 0.20182402, 'lr': 7.784e-05, 'params': 284917, 'time_iter': 0.03052, 'accuracy': 0.93602, 'f1': 0.93598, 'auc': 0.99887}
val: {'epoch': 205, 'time_epoch': 0.23821, 'loss': 2.47788178, 'lr': 0, 'params': 284917, 'time_iter': 0.01701, 'accuracy': 0.40952, 'f1': 0.38059, 'auc': 0.91765}
test: {'epoch': 205, 'time_epoch': 0.19387, 'loss': 2.04827123, 'lr': 0, 'params': 284917, 'time_iter': 0.01385, 'accuracy': 0.55238, 'f1': 0.51796, 'auc': 0.94521}
> Epoch 205: took 6.0s (avg 4.2s) | Best so far: epoch 190	train_loss: 0.2183 train_accuracy: 0.9287	val_loss: 2.4761 val_accuracy: 0.4524	test_loss: 2.0280 test_accuracy: 0.5571	F1: 0.5203 Prec: 0.5817 Rec: 0.5571
train: {'epoch': 206, 'time_epoch': 4.99332, 'eta': 160.50702, 'eta_hours': 0.04459, 'loss': 0.19764973, 'lr': 7.45e-05, 'params': 284917, 'time_iter': 0.02853, 'accuracy': 0.93638, 'f1': 0.93636, 'auc': 0.99897}
val: {'epoch': 206, 'time_epoch': 0.17584, 'loss': 2.52153636, 'lr': 0, 'params': 284917, 'time_iter': 0.01256, 'accuracy': 0.40714, 'f1': 0.38296, 'auc': 0.9148}
test: {'epoch': 206, 'time_epoch': 0.2491, 'loss': 1.82376217, 'lr': 0, 'params': 284917, 'time_iter': 0.01779, 'accuracy': 0.58095, 'f1': 0.54433, 'auc': 0.95908}
> Epoch 206: took 5.6s (avg 4.2s) | Best so far: epoch 190	train_loss: 0.2183 train_accuracy: 0.9287	val_loss: 2.4761 val_accuracy: 0.4524	test_loss: 2.0280 test_accuracy: 0.5571	F1: 0.5203 Prec: 0.5817 Rec: 0.5571
train: {'epoch': 207, 'time_epoch': 5.29755, 'eta': 157.09028, 'eta_hours': 0.04364, 'loss': 0.20554396, 'lr': 7.124e-05, 'params': 284917, 'time_iter': 0.03027, 'accuracy': 0.93405, 'f1': 0.93402, 'auc': 0.99876}
val: {'epoch': 207, 'time_epoch': 0.23609, 'loss': 2.53811567, 'lr': 0, 'params': 284917, 'time_iter': 0.01686, 'accuracy': 0.42619, 'f1': 0.39148, 'auc': 0.91446}
test: {'epoch': 207, 'time_epoch': 0.23443, 'loss': 2.00413811, 'lr': 0, 'params': 284917, 'time_iter': 0.01674, 'accuracy': 0.56905, 'f1': 0.52994, 'auc': 0.95051}
> Epoch 207: took 6.0s (avg 4.2s) | Best so far: epoch 190	train_loss: 0.2183 train_accuracy: 0.9287	val_loss: 2.4761 val_accuracy: 0.4524	test_loss: 2.0280 test_accuracy: 0.5571	F1: 0.5203 Prec: 0.5817 Rec: 0.5571
train: {'epoch': 208, 'time_epoch': 5.27895, 'eta': 153.65188, 'eta_hours': 0.04268, 'loss': 0.20366804, 'lr': 6.804e-05, 'params': 284917, 'time_iter': 0.03017, 'accuracy': 0.9328, 'f1': 0.93274, 'auc': 0.9989}
val: {'epoch': 208, 'time_epoch': 0.2023, 'loss': 2.4650666, 'lr': 0, 'params': 284917, 'time_iter': 0.01445, 'accuracy': 0.42381, 'f1': 0.39127, 'auc': 0.91695}
test: {'epoch': 208, 'time_epoch': 0.20438, 'loss': 1.98154449, 'lr': 0, 'params': 284917, 'time_iter': 0.0146, 'accuracy': 0.56429, 'f1': 0.52765, 'auc': 0.9521}
> Epoch 208: took 5.9s (avg 4.2s) | Best so far: epoch 190	train_loss: 0.2183 train_accuracy: 0.9287	val_loss: 2.4761 val_accuracy: 0.4524	test_loss: 2.0280 test_accuracy: 0.5571	F1: 0.5203 Prec: 0.5817 Rec: 0.5571
train: {'epoch': 209, 'time_epoch': 4.82666, 'eta': 150.10981, 'eta_hours': 0.0417, 'loss': 0.19728093, 'lr': 6.491e-05, 'params': 284917, 'time_iter': 0.02758, 'accuracy': 0.93602, 'f1': 0.93594, 'auc': 0.99894}
val: {'epoch': 209, 'time_epoch': 0.21506, 'loss': 2.44484949, 'lr': 0, 'params': 284917, 'time_iter': 0.01536, 'accuracy': 0.44762, 'f1': 0.41363, 'auc': 0.91839}
test: {'epoch': 209, 'time_epoch': 0.22584, 'loss': 1.81339683, 'lr': 0, 'params': 284917, 'time_iter': 0.01613, 'accuracy': 0.56429, 'f1': 0.53178, 'auc': 0.95789}
> Epoch 209: took 5.4s (avg 4.2s) | Best so far: epoch 190	train_loss: 0.2183 train_accuracy: 0.9287	val_loss: 2.4761 val_accuracy: 0.4524	test_loss: 2.0280 test_accuracy: 0.5571	F1: 0.5203 Prec: 0.5817 Rec: 0.5571
train: {'epoch': 210, 'time_epoch': 4.99891, 'eta': 146.5874, 'eta_hours': 0.04072, 'loss': 0.21475472, 'lr': 6.185e-05, 'params': 284917, 'time_iter': 0.02857, 'accuracy': 0.92903, 'f1': 0.92898, 'auc': 0.99865}
val: {'epoch': 210, 'time_epoch': 0.1985, 'loss': 2.41058574, 'lr': 0, 'params': 284917, 'time_iter': 0.01418, 'accuracy': 0.44762, 'f1': 0.4153, 'auc': 0.92148}
test: {'epoch': 210, 'time_epoch': 0.23814, 'loss': 1.893521, 'lr': 0, 'params': 284917, 'time_iter': 0.01701, 'accuracy': 0.55952, 'f1': 0.53259, 'auc': 0.95246}
> Epoch 210: took 5.6s (avg 4.2s) | Best so far: epoch 190	train_loss: 0.2183 train_accuracy: 0.9287	val_loss: 2.4761 val_accuracy: 0.4524	test_loss: 2.0280 test_accuracy: 0.5571	F1: 0.5203 Prec: 0.5817 Rec: 0.5571
train: {'epoch': 211, 'time_epoch': 5.46116, 'eta': 143.13391, 'eta_hours': 0.03976, 'loss': 0.18826259, 'lr': 5.885e-05, 'params': 284917, 'time_iter': 0.03121, 'accuracy': 0.93907, 'f1': 0.93907, 'auc': 0.99908}
val: {'epoch': 211, 'time_epoch': 0.28666, 'loss': 2.38635245, 'lr': 0, 'params': 284917, 'time_iter': 0.02048, 'accuracy': 0.44524, 'f1': 0.41255, 'auc': 0.91978}
test: {'epoch': 211, 'time_epoch': 0.2581, 'loss': 1.94113505, 'lr': 0, 'params': 284917, 'time_iter': 0.01844, 'accuracy': 0.56905, 'f1': 0.52777, 'auc': 0.95457}
> Epoch 211: took 6.2s (avg 4.2s) | Best so far: epoch 190	train_loss: 0.2183 train_accuracy: 0.9287	val_loss: 2.4761 val_accuracy: 0.4524	test_loss: 2.0280 test_accuracy: 0.5571	F1: 0.5203 Prec: 0.5817 Rec: 0.5571
train: {'epoch': 212, 'time_epoch': 5.24779, 'eta': 139.62451, 'eta_hours': 0.03878, 'loss': 0.19157545, 'lr': 5.593e-05, 'params': 284917, 'time_iter': 0.02999, 'accuracy': 0.93871, 'f1': 0.93867, 'auc': 0.99902}
val: {'epoch': 212, 'time_epoch': 0.2259, 'loss': 2.51346808, 'lr': 0, 'params': 284917, 'time_iter': 0.01614, 'accuracy': 0.44762, 'f1': 0.41606, 'auc': 0.91873}
test: {'epoch': 212, 'time_epoch': 0.24217, 'loss': 1.93967491, 'lr': 0, 'params': 284917, 'time_iter': 0.0173, 'accuracy': 0.58333, 'f1': 0.54545, 'auc': 0.95404}
> Epoch 212: took 5.9s (avg 4.2s) | Best so far: epoch 190	train_loss: 0.2183 train_accuracy: 0.9287	val_loss: 2.4761 val_accuracy: 0.4524	test_loss: 2.0280 test_accuracy: 0.5571	F1: 0.5203 Prec: 0.5817 Rec: 0.5571
train: {'epoch': 213, 'time_epoch': 5.58699, 'eta': 136.15593, 'eta_hours': 0.03782, 'loss': 0.19118746, 'lr': 5.308e-05, 'params': 284917, 'time_iter': 0.03193, 'accuracy': 0.94211, 'f1': 0.94205, 'auc': 0.99893}
val: {'epoch': 213, 'time_epoch': 0.27926, 'loss': 2.43406638, 'lr': 0, 'params': 284917, 'time_iter': 0.01995, 'accuracy': 0.45, 'f1': 0.4142, 'auc': 0.92057}
test: {'epoch': 213, 'time_epoch': 0.24649, 'loss': 1.91266429, 'lr': 0, 'params': 284917, 'time_iter': 0.01761, 'accuracy': 0.56667, 'f1': 0.54086, 'auc': 0.95414}
> Epoch 213: took 6.3s (avg 4.2s) | Best so far: epoch 190	train_loss: 0.2183 train_accuracy: 0.9287	val_loss: 2.4761 val_accuracy: 0.4524	test_loss: 2.0280 test_accuracy: 0.5571	F1: 0.5203 Prec: 0.5817 Rec: 0.5571
train: {'epoch': 214, 'time_epoch': 5.12912, 'eta': 132.5931, 'eta_hours': 0.03683, 'loss': 0.2085988, 'lr': 5.03e-05, 'params': 284917, 'time_iter': 0.02931, 'accuracy': 0.93047, 'f1': 0.93039, 'auc': 0.99882}
val: {'epoch': 214, 'time_epoch': 0.18914, 'loss': 2.30421188, 'lr': 0, 'params': 284917, 'time_iter': 0.01351, 'accuracy': 0.4619, 'f1': 0.4315, 'auc': 0.92355}
test: {'epoch': 214, 'time_epoch': 0.27368, 'loss': 1.8718083, 'lr': 0, 'params': 284917, 'time_iter': 0.01955, 'accuracy': 0.58333, 'f1': 0.55216, 'auc': 0.95446}
[*] Confusion Matrix saved to: results_lopo_1.0/IM_3m\Conf\confusion_matrix_epoch_214.png
> Epoch 214: took 5.7s (avg 4.2s) | Best so far: epoch 214	train_loss: 0.2086 train_accuracy: 0.9305	val_loss: 2.3042 val_accuracy: 0.4619	test_loss: 1.8718 test_accuracy: 0.5833	F1: 0.5522 Prec: 0.6085 Rec: 0.5833
train: {'epoch': 215, 'time_epoch': 6.00672, 'eta': 129.15391, 'eta_hours': 0.03588, 'loss': 0.19279822, 'lr': 4.759e-05, 'params': 284917, 'time_iter': 0.03432, 'accuracy': 0.93548, 'f1': 0.93548, 'auc': 0.99897}
val: {'epoch': 215, 'time_epoch': 0.21463, 'loss': 2.42889039, 'lr': 0, 'params': 284917, 'time_iter': 0.01533, 'accuracy': 0.44762, 'f1': 0.41122, 'auc': 0.91993}
test: {'epoch': 215, 'time_epoch': 0.26772, 'loss': 1.76858677, 'lr': 0, 'params': 284917, 'time_iter': 0.01912, 'accuracy': 0.59524, 'f1': 0.5635, 'auc': 0.95896}
> Epoch 215: took 6.7s (avg 4.3s) | Best so far: epoch 214	train_loss: 0.2086 train_accuracy: 0.9305	val_loss: 2.3042 val_accuracy: 0.4619	test_loss: 1.8718 test_accuracy: 0.5833	F1: 0.5522 Prec: 0.6085 Rec: 0.5833
train: {'epoch': 216, 'time_epoch': 5.6161, 'eta': 125.63165, 'eta_hours': 0.0349, 'loss': 0.18956873, 'lr': 4.495e-05, 'params': 284917, 'time_iter': 0.03209, 'accuracy': 0.94014, 'f1': 0.9401, 'auc': 0.99896}
val: {'epoch': 216, 'time_epoch': 0.22742, 'loss': 2.4685235, 'lr': 0, 'params': 284917, 'time_iter': 0.01624, 'accuracy': 0.43095, 'f1': 0.40183, 'auc': 0.91909}
test: {'epoch': 216, 'time_epoch': 0.23305, 'loss': 1.91728636, 'lr': 0, 'params': 284917, 'time_iter': 0.01665, 'accuracy': 0.55714, 'f1': 0.52276, 'auc': 0.95354}
> Epoch 216: took 6.2s (avg 4.3s) | Best so far: epoch 214	train_loss: 0.2086 train_accuracy: 0.9305	val_loss: 2.3042 val_accuracy: 0.4619	test_loss: 1.8718 test_accuracy: 0.5833	F1: 0.5522 Prec: 0.6085 Rec: 0.5833
train: {'epoch': 217, 'time_epoch': 5.281, 'eta': 122.041, 'eta_hours': 0.0339, 'loss': 0.19459542, 'lr': 4.238e-05, 'params': 284917, 'time_iter': 0.03018, 'accuracy': 0.93262, 'f1': 0.93259, 'auc': 0.99901}
val: {'epoch': 217, 'time_epoch': 0.15453, 'loss': 2.33663178, 'lr': 0, 'params': 284917, 'time_iter': 0.01104, 'accuracy': 0.44524, 'f1': 0.42139, 'auc': 0.92159}
test: {'epoch': 217, 'time_epoch': 0.17032, 'loss': 2.02651918, 'lr': 0, 'params': 284917, 'time_iter': 0.01217, 'accuracy': 0.55476, 'f1': 0.51919, 'auc': 0.95299}
> Epoch 217: took 5.8s (avg 4.3s) | Best so far: epoch 214	train_loss: 0.2086 train_accuracy: 0.9305	val_loss: 2.3042 val_accuracy: 0.4619	test_loss: 1.8718 test_accuracy: 0.5833	F1: 0.5522 Prec: 0.6085 Rec: 0.5833
train: {'epoch': 218, 'time_epoch': 5.38417, 'eta': 118.44951, 'eta_hours': 0.0329, 'loss': 0.19884786, 'lr': 3.988e-05, 'params': 284917, 'time_iter': 0.03077, 'accuracy': 0.93495, 'f1': 0.93488, 'auc': 0.99883}
val: {'epoch': 218, 'time_epoch': 0.13704, 'loss': 2.57349017, 'lr': 0, 'params': 284917, 'time_iter': 0.00979, 'accuracy': 0.4381, 'f1': 0.40251, 'auc': 0.91618}
test: {'epoch': 218, 'time_epoch': 0.19678, 'loss': 1.87862718, 'lr': 0, 'params': 284917, 'time_iter': 0.01406, 'accuracy': 0.56429, 'f1': 0.53042, 'auc': 0.95399}
> Epoch 218: took 5.9s (avg 4.3s) | Best so far: epoch 214	train_loss: 0.2086 train_accuracy: 0.9305	val_loss: 2.3042 val_accuracy: 0.4619	test_loss: 1.8718 test_accuracy: 0.5833	F1: 0.5522 Prec: 0.6085 Rec: 0.5833
train: {'epoch': 219, 'time_epoch': 5.77637, 'eta': 114.89521, 'eta_hours': 0.03192, 'loss': 0.20258697, 'lr': 3.746e-05, 'params': 284917, 'time_iter': 0.03301, 'accuracy': 0.93047, 'f1': 0.93046, 'auc': 0.99879}
val: {'epoch': 219, 'time_epoch': 0.27223, 'loss': 2.57839673, 'lr': 0, 'params': 284917, 'time_iter': 0.01944, 'accuracy': 0.43333, 'f1': 0.39449, 'auc': 0.91585}
test: {'epoch': 219, 'time_epoch': 0.26526, 'loss': 1.96206364, 'lr': 0, 'params': 284917, 'time_iter': 0.01895, 'accuracy': 0.56429, 'f1': 0.53566, 'auc': 0.9504}
> Epoch 219: took 6.5s (avg 4.3s) | Best so far: epoch 214	train_loss: 0.2086 train_accuracy: 0.9305	val_loss: 2.3042 val_accuracy: 0.4619	test_loss: 1.8718 test_accuracy: 0.5833	F1: 0.5522 Prec: 0.6085 Rec: 0.5833
train: {'epoch': 220, 'time_epoch': 5.27396, 'eta': 111.25487, 'eta_hours': 0.0309, 'loss': 0.18581519, 'lr': 3.511e-05, 'params': 284917, 'time_iter': 0.03014, 'accuracy': 0.94104, 'f1': 0.94097, 'auc': 0.9991}
val: {'epoch': 220, 'time_epoch': 0.20456, 'loss': 2.38805355, 'lr': 0, 'params': 284917, 'time_iter': 0.01461, 'accuracy': 0.44048, 'f1': 0.41287, 'auc': 0.92033}
test: {'epoch': 220, 'time_epoch': 0.26912, 'loss': 1.93981686, 'lr': 0, 'params': 284917, 'time_iter': 0.01922, 'accuracy': 0.58095, 'f1': 0.55058, 'auc': 0.9522}
> Epoch 220: took 5.9s (avg 4.3s) | Best so far: epoch 214	train_loss: 0.2086 train_accuracy: 0.9305	val_loss: 2.3042 val_accuracy: 0.4619	test_loss: 1.8718 test_accuracy: 0.5833	F1: 0.5522 Prec: 0.6085 Rec: 0.5833
train: {'epoch': 221, 'time_epoch': 5.18068, 'eta': 107.58804, 'eta_hours': 0.02989, 'loss': 0.1984424, 'lr': 3.284e-05, 'params': 284917, 'time_iter': 0.0296, 'accuracy': 0.93674, 'f1': 0.93672, 'auc': 0.99886}
val: {'epoch': 221, 'time_epoch': 0.25509, 'loss': 2.42738088, 'lr': 0, 'params': 284917, 'time_iter': 0.01822, 'accuracy': 0.44048, 'f1': 0.40934, 'auc': 0.92102}
test: {'epoch': 221, 'time_epoch': 0.42701, 'loss': 1.99276608, 'lr': 0, 'params': 284917, 'time_iter': 0.0305, 'accuracy': 0.55238, 'f1': 0.52303, 'auc': 0.95086}
> Epoch 221: took 6.0s (avg 4.3s) | Best so far: epoch 214	train_loss: 0.2086 train_accuracy: 0.9305	val_loss: 2.3042 val_accuracy: 0.4619	test_loss: 1.8718 test_accuracy: 0.5833	F1: 0.5522 Prec: 0.6085 Rec: 0.5833
train: {'epoch': 222, 'time_epoch': 5.45015, 'eta': 103.94027, 'eta_hours': 0.02887, 'loss': 0.18957836, 'lr': 3.063e-05, 'params': 284917, 'time_iter': 0.03114, 'accuracy': 0.93602, 'f1': 0.93594, 'auc': 0.999}
val: {'epoch': 222, 'time_epoch': 0.15368, 'loss': 2.45566842, 'lr': 0, 'params': 284917, 'time_iter': 0.01098, 'accuracy': 0.44762, 'f1': 0.41626, 'auc': 0.91969}
test: {'epoch': 222, 'time_epoch': 0.20467, 'loss': 1.90628942, 'lr': 0, 'params': 284917, 'time_iter': 0.01462, 'accuracy': 0.5619, 'f1': 0.52817, 'auc': 0.95296}
> Epoch 222: took 6.0s (avg 4.3s) | Best so far: epoch 214	train_loss: 0.2086 train_accuracy: 0.9305	val_loss: 2.3042 val_accuracy: 0.4619	test_loss: 1.8718 test_accuracy: 0.5833	F1: 0.5522 Prec: 0.6085 Rec: 0.5833
train: {'epoch': 223, 'time_epoch': 5.49775, 'eta': 100.28193, 'eta_hours': 0.02786, 'loss': 0.16640524, 'lr': 2.85e-05, 'params': 284917, 'time_iter': 0.03142, 'accuracy': 0.94749, 'f1': 0.94748, 'auc': 0.99929}
val: {'epoch': 223, 'time_epoch': 0.20013, 'loss': 2.54565626, 'lr': 0, 'params': 284917, 'time_iter': 0.01429, 'accuracy': 0.42381, 'f1': 0.39544, 'auc': 0.91662}
test: {'epoch': 223, 'time_epoch': 0.20833, 'loss': 1.97736254, 'lr': 0, 'params': 284917, 'time_iter': 0.01488, 'accuracy': 0.55714, 'f1': 0.52295, 'auc': 0.95149}
> Epoch 223: took 6.1s (avg 4.3s) | Best so far: epoch 214	train_loss: 0.2086 train_accuracy: 0.9305	val_loss: 2.3042 val_accuracy: 0.4619	test_loss: 1.8718 test_accuracy: 0.5833	F1: 0.5522 Prec: 0.6085 Rec: 0.5833
train: {'epoch': 224, 'time_epoch': 5.27513, 'eta': 96.5825, 'eta_hours': 0.02683, 'loss': 0.1820927, 'lr': 2.645e-05, 'params': 284917, 'time_iter': 0.03014, 'accuracy': 0.94104, 'f1': 0.94104, 'auc': 0.99912}
val: {'epoch': 224, 'time_epoch': 0.2406, 'loss': 2.48974483, 'lr': 0, 'params': 284917, 'time_iter': 0.01719, 'accuracy': 0.42143, 'f1': 0.39595, 'auc': 0.91736}
test: {'epoch': 224, 'time_epoch': 0.19203, 'loss': 1.89765956, 'lr': 0, 'params': 284917, 'time_iter': 0.01372, 'accuracy': 0.5619, 'f1': 0.52356, 'auc': 0.95617}
> Epoch 224: took 5.9s (avg 4.3s) | Best so far: epoch 214	train_loss: 0.2086 train_accuracy: 0.9305	val_loss: 2.3042 val_accuracy: 0.4619	test_loss: 1.8718 test_accuracy: 0.5833	F1: 0.5522 Prec: 0.6085 Rec: 0.5833
train: {'epoch': 225, 'time_epoch': 5.17295, 'eta': 92.85828, 'eta_hours': 0.02579, 'loss': 0.2014086, 'lr': 2.447e-05, 'params': 284917, 'time_iter': 0.02956, 'accuracy': 0.93441, 'f1': 0.93432, 'auc': 0.99886}
val: {'epoch': 225, 'time_epoch': 0.15969, 'loss': 2.40486864, 'lr': 0, 'params': 284917, 'time_iter': 0.01141, 'accuracy': 0.45238, 'f1': 0.4278, 'auc': 0.91907}
test: {'epoch': 225, 'time_epoch': 0.16129, 'loss': 1.844853, 'lr': 0, 'params': 284917, 'time_iter': 0.01152, 'accuracy': 0.59286, 'f1': 0.56047, 'auc': 0.95688}
> Epoch 225: took 5.6s (avg 4.3s) | Best so far: epoch 214	train_loss: 0.2086 train_accuracy: 0.9305	val_loss: 2.3042 val_accuracy: 0.4619	test_loss: 1.8718 test_accuracy: 0.5833	F1: 0.5522 Prec: 0.6085 Rec: 0.5833
train: {'epoch': 226, 'time_epoch': 5.00712, 'eta': 89.10449, 'eta_hours': 0.02475, 'loss': 0.18108375, 'lr': 2.257e-05, 'params': 284917, 'time_iter': 0.02861, 'accuracy': 0.93943, 'f1': 0.93944, 'auc': 0.99911}
val: {'epoch': 226, 'time_epoch': 0.20176, 'loss': 2.49788621, 'lr': 0, 'params': 284917, 'time_iter': 0.01441, 'accuracy': 0.43095, 'f1': 0.4002, 'auc': 0.9167}
test: {'epoch': 226, 'time_epoch': 0.20689, 'loss': 1.78014531, 'lr': 0, 'params': 284917, 'time_iter': 0.01478, 'accuracy': 0.57857, 'f1': 0.5497, 'auc': 0.9576}
> Epoch 226: took 5.6s (avg 4.3s) | Best so far: epoch 214	train_loss: 0.2086 train_accuracy: 0.9305	val_loss: 2.3042 val_accuracy: 0.4619	test_loss: 1.8718 test_accuracy: 0.5833	F1: 0.5522 Prec: 0.6085 Rec: 0.5833
train: {'epoch': 227, 'time_epoch': 4.62118, 'eta': 85.30247, 'eta_hours': 0.0237, 'loss': 0.18199205, 'lr': 2.074e-05, 'params': 284917, 'time_iter': 0.02641, 'accuracy': 0.94068, 'f1': 0.94066, 'auc': 0.99914}
val: {'epoch': 227, 'time_epoch': 0.20265, 'loss': 2.58105683, 'lr': 0, 'params': 284917, 'time_iter': 0.01447, 'accuracy': 0.43333, 'f1': 0.39919, 'auc': 0.9162}
test: {'epoch': 227, 'time_epoch': 0.19662, 'loss': 1.99395799, 'lr': 0, 'params': 284917, 'time_iter': 0.01404, 'accuracy': 0.55952, 'f1': 0.52397, 'auc': 0.95079}
> Epoch 227: took 5.2s (avg 4.3s) | Best so far: epoch 214	train_loss: 0.2086 train_accuracy: 0.9305	val_loss: 2.3042 val_accuracy: 0.4619	test_loss: 1.8718 test_accuracy: 0.5833	F1: 0.5522 Prec: 0.6085 Rec: 0.5833
train: {'epoch': 228, 'time_epoch': 5.5566, 'eta': 81.57907, 'eta_hours': 0.02266, 'loss': 0.18770454, 'lr': 1.899e-05, 'params': 284917, 'time_iter': 0.03175, 'accuracy': 0.94194, 'f1': 0.94196, 'auc': 0.99893}
val: {'epoch': 228, 'time_epoch': 0.19359, 'loss': 2.51596494, 'lr': 0, 'params': 284917, 'time_iter': 0.01383, 'accuracy': 0.43571, 'f1': 0.40407, 'auc': 0.91934}
test: {'epoch': 228, 'time_epoch': 0.19568, 'loss': 1.96765889, 'lr': 0, 'params': 284917, 'time_iter': 0.01398, 'accuracy': 0.56905, 'f1': 0.52905, 'auc': 0.95275}
> Epoch 228: took 6.1s (avg 4.3s) | Best so far: epoch 214	train_loss: 0.2086 train_accuracy: 0.9305	val_loss: 2.3042 val_accuracy: 0.4619	test_loss: 1.8718 test_accuracy: 0.5833	F1: 0.5522 Prec: 0.6085 Rec: 0.5833
train: {'epoch': 229, 'time_epoch': 4.79901, 'eta': 77.77386, 'eta_hours': 0.0216, 'loss': 0.18712688, 'lr': 1.731e-05, 'params': 284917, 'time_iter': 0.02742, 'accuracy': 0.93961, 'f1': 0.93958, 'auc': 0.99899}
val: {'epoch': 229, 'time_epoch': 0.22597, 'loss': 2.47878719, 'lr': 0, 'params': 284917, 'time_iter': 0.01614, 'accuracy': 0.44048, 'f1': 0.41014, 'auc': 0.91777}
test: {'epoch': 229, 'time_epoch': 0.19898, 'loss': 1.82659658, 'lr': 0, 'params': 284917, 'time_iter': 0.01421, 'accuracy': 0.57857, 'f1': 0.54617, 'auc': 0.95775}
> Epoch 229: took 5.4s (avg 4.3s) | Best so far: epoch 214	train_loss: 0.2086 train_accuracy: 0.9305	val_loss: 2.3042 val_accuracy: 0.4619	test_loss: 1.8718 test_accuracy: 0.5833	F1: 0.5522 Prec: 0.6085 Rec: 0.5833
train: {'epoch': 230, 'time_epoch': 5.88655, 'eta': 74.04949, 'eta_hours': 0.02057, 'loss': 0.18853976, 'lr': 1.571e-05, 'params': 284917, 'time_iter': 0.03364, 'accuracy': 0.93853, 'f1': 0.93846, 'auc': 0.99899}
val: {'epoch': 230, 'time_epoch': 0.24941, 'loss': 2.34319232, 'lr': 0, 'params': 284917, 'time_iter': 0.01781, 'accuracy': 0.44286, 'f1': 0.41735, 'auc': 0.92145}
test: {'epoch': 230, 'time_epoch': 0.21178, 'loss': 1.84120436, 'lr': 0, 'params': 284917, 'time_iter': 0.01513, 'accuracy': 0.56429, 'f1': 0.5312, 'auc': 0.9568}
> Epoch 230: took 6.6s (avg 4.4s) | Best so far: epoch 214	train_loss: 0.2086 train_accuracy: 0.9305	val_loss: 2.3042 val_accuracy: 0.4619	test_loss: 1.8718 test_accuracy: 0.5833	F1: 0.5522 Prec: 0.6085 Rec: 0.5833
train: {'epoch': 231, 'time_epoch': 5.94987, 'eta': 70.3114, 'eta_hours': 0.01953, 'loss': 0.19158935, 'lr': 1.418e-05, 'params': 284917, 'time_iter': 0.034, 'accuracy': 0.9405, 'f1': 0.94047, 'auc': 0.99896}
val: {'epoch': 231, 'time_epoch': 0.2325, 'loss': 2.48764073, 'lr': 0, 'params': 284917, 'time_iter': 0.01661, 'accuracy': 0.44048, 'f1': 0.4101, 'auc': 0.91779}
test: {'epoch': 231, 'time_epoch': 0.25847, 'loss': 1.8384257, 'lr': 0, 'params': 284917, 'time_iter': 0.01846, 'accuracy': 0.57619, 'f1': 0.54311, 'auc': 0.9566}
> Epoch 231: took 6.6s (avg 4.4s) | Best so far: epoch 214	train_loss: 0.2086 train_accuracy: 0.9305	val_loss: 2.3042 val_accuracy: 0.4619	test_loss: 1.8718 test_accuracy: 0.5833	F1: 0.5522 Prec: 0.6085 Rec: 0.5833
train: {'epoch': 232, 'time_epoch': 6.20905, 'eta': 66.57323, 'eta_hours': 0.01849, 'loss': 0.19446956, 'lr': 1.274e-05, 'params': 284917, 'time_iter': 0.03548, 'accuracy': 0.93728, 'f1': 0.93725, 'auc': 0.99887}
val: {'epoch': 232, 'time_epoch': 0.26193, 'loss': 2.50985761, 'lr': 0, 'params': 284917, 'time_iter': 0.01871, 'accuracy': 0.43571, 'f1': 0.40339, 'auc': 0.91799}
test: {'epoch': 232, 'time_epoch': 0.18842, 'loss': 1.89694626, 'lr': 0, 'params': 284917, 'time_iter': 0.01346, 'accuracy': 0.56667, 'f1': 0.53894, 'auc': 0.9539}
> Epoch 232: took 6.9s (avg 4.4s) | Best so far: epoch 214	train_loss: 0.2086 train_accuracy: 0.9305	val_loss: 2.3042 val_accuracy: 0.4619	test_loss: 1.8718 test_accuracy: 0.5833	F1: 0.5522 Prec: 0.6085 Rec: 0.5833
train: {'epoch': 233, 'time_epoch': 5.98078, 'eta': 62.79833, 'eta_hours': 0.01744, 'loss': 0.1729437, 'lr': 1.137e-05, 'params': 284917, 'time_iter': 0.03418, 'accuracy': 0.94337, 'f1': 0.94331, 'auc': 0.99921}
val: {'epoch': 233, 'time_epoch': 0.21877, 'loss': 2.43525995, 'lr': 0, 'params': 284917, 'time_iter': 0.01563, 'accuracy': 0.43571, 'f1': 0.40535, 'auc': 0.92001}
test: {'epoch': 233, 'time_epoch': 0.2517, 'loss': 1.91483196, 'lr': 0, 'params': 284917, 'time_iter': 0.01798, 'accuracy': 0.57381, 'f1': 0.54114, 'auc': 0.95351}
> Epoch 233: took 6.7s (avg 4.4s) | Best so far: epoch 214	train_loss: 0.2086 train_accuracy: 0.9305	val_loss: 2.3042 val_accuracy: 0.4619	test_loss: 1.8718 test_accuracy: 0.5833	F1: 0.5522 Prec: 0.6085 Rec: 0.5833
train: {'epoch': 234, 'time_epoch': 5.95306, 'eta': 59.00289, 'eta_hours': 0.01639, 'loss': 0.18078144, 'lr': 1.007e-05, 'params': 284917, 'time_iter': 0.03402, 'accuracy': 0.9457, 'f1': 0.94567, 'auc': 0.99909}
val: {'epoch': 234, 'time_epoch': 0.2478, 'loss': 2.54385396, 'lr': 0, 'params': 284917, 'time_iter': 0.0177, 'accuracy': 0.44286, 'f1': 0.40769, 'auc': 0.91726}
test: {'epoch': 234, 'time_epoch': 0.19352, 'loss': 1.91842164, 'lr': 0, 'params': 284917, 'time_iter': 0.01382, 'accuracy': 0.57143, 'f1': 0.53797, 'auc': 0.95296}
> Epoch 234: took 6.6s (avg 4.4s) | Best so far: epoch 214	train_loss: 0.2086 train_accuracy: 0.9305	val_loss: 2.3042 val_accuracy: 0.4619	test_loss: 1.8718 test_accuracy: 0.5833	F1: 0.5522 Prec: 0.6085 Rec: 0.5833
train: {'epoch': 235, 'time_epoch': 5.23305, 'eta': 55.14646, 'eta_hours': 0.01532, 'loss': 0.17969993, 'lr': 8.86e-06, 'params': 284917, 'time_iter': 0.0299, 'accuracy': 0.94427, 'f1': 0.94419, 'auc': 0.99908}
val: {'epoch': 235, 'time_epoch': 0.20672, 'loss': 2.41087212, 'lr': 0, 'params': 284917, 'time_iter': 0.01477, 'accuracy': 0.44762, 'f1': 0.42087, 'auc': 0.92039}
test: {'epoch': 235, 'time_epoch': 0.22556, 'loss': 1.82758758, 'lr': 0, 'params': 284917, 'time_iter': 0.01611, 'accuracy': 0.56667, 'f1': 0.53723, 'auc': 0.95622}
> Epoch 235: took 5.8s (avg 4.4s) | Best so far: epoch 214	train_loss: 0.2086 train_accuracy: 0.9305	val_loss: 2.3042 val_accuracy: 0.4619	test_loss: 1.8718 test_accuracy: 0.5833	F1: 0.5522 Prec: 0.6085 Rec: 0.5833
train: {'epoch': 236, 'time_epoch': 5.22359, 'eta': 51.27789, 'eta_hours': 0.01424, 'loss': 0.18945677, 'lr': 7.72e-06, 'params': 284917, 'time_iter': 0.02985, 'accuracy': 0.9362, 'f1': 0.93616, 'auc': 0.99905}
val: {'epoch': 236, 'time_epoch': 0.19138, 'loss': 2.48396138, 'lr': 0, 'params': 284917, 'time_iter': 0.01367, 'accuracy': 0.44762, 'f1': 0.41348, 'auc': 0.91892}
test: {'epoch': 236, 'time_epoch': 0.24056, 'loss': 1.84229514, 'lr': 0, 'params': 284917, 'time_iter': 0.01718, 'accuracy': 0.57857, 'f1': 0.54759, 'auc': 0.95533}
> Epoch 236: took 5.9s (avg 4.4s) | Best so far: epoch 214	train_loss: 0.2086 train_accuracy: 0.9305	val_loss: 2.3042 val_accuracy: 0.4619	test_loss: 1.8718 test_accuracy: 0.5833	F1: 0.5522 Prec: 0.6085 Rec: 0.5833
train: {'epoch': 237, 'time_epoch': 5.00164, 'eta': 47.38674, 'eta_hours': 0.01316, 'loss': 0.18635225, 'lr': 6.66e-06, 'params': 284917, 'time_iter': 0.02858, 'accuracy': 0.94068, 'f1': 0.9406, 'auc': 0.99905}
val: {'epoch': 237, 'time_epoch': 0.23328, 'loss': 2.38220368, 'lr': 0, 'params': 284917, 'time_iter': 0.01666, 'accuracy': 0.44762, 'f1': 0.41733, 'auc': 0.92218}
test: {'epoch': 237, 'time_epoch': 0.20583, 'loss': 1.89261322, 'lr': 0, 'params': 284917, 'time_iter': 0.0147, 'accuracy': 0.57857, 'f1': 0.54351, 'auc': 0.95636}
> Epoch 237: took 5.6s (avg 4.4s) | Best so far: epoch 214	train_loss: 0.2086 train_accuracy: 0.9305	val_loss: 2.3042 val_accuracy: 0.4619	test_loss: 1.8718 test_accuracy: 0.5833	F1: 0.5522 Prec: 0.6085 Rec: 0.5833
train: {'epoch': 238, 'time_epoch': 5.28014, 'eta': 43.49911, 'eta_hours': 0.01208, 'loss': 0.18691578, 'lr': 5.67e-06, 'params': 284917, 'time_iter': 0.03017, 'accuracy': 0.93961, 'f1': 0.93958, 'auc': 0.99905}
val: {'epoch': 238, 'time_epoch': 0.15967, 'loss': 2.49680559, 'lr': 0, 'params': 284917, 'time_iter': 0.01141, 'accuracy': 0.4381, 'f1': 0.40722, 'auc': 0.91913}
test: {'epoch': 238, 'time_epoch': 0.17363, 'loss': 1.86254612, 'lr': 0, 'params': 284917, 'time_iter': 0.0124, 'accuracy': 0.55, 'f1': 0.52404, 'auc': 0.95506}
> Epoch 238: took 5.8s (avg 4.4s) | Best so far: epoch 214	train_loss: 0.2086 train_accuracy: 0.9305	val_loss: 2.3042 val_accuracy: 0.4619	test_loss: 1.8718 test_accuracy: 0.5833	F1: 0.5522 Prec: 0.6085 Rec: 0.5833
train: {'epoch': 239, 'time_epoch': 5.20127, 'eta': 39.5966, 'eta_hours': 0.011, 'loss': 0.17633289, 'lr': 4.77e-06, 'params': 284917, 'time_iter': 0.02972, 'accuracy': 0.9448, 'f1': 0.94475, 'auc': 0.99913}
val: {'epoch': 239, 'time_epoch': 0.25999, 'loss': 2.34081041, 'lr': 0, 'params': 284917, 'time_iter': 0.01857, 'accuracy': 0.4619, 'f1': 0.43362, 'auc': 0.9227}
test: {'epoch': 239, 'time_epoch': 0.17133, 'loss': 1.82094908, 'lr': 0, 'params': 284917, 'time_iter': 0.01224, 'accuracy': 0.57381, 'f1': 0.54236, 'auc': 0.95672}
> Epoch 239: took 5.8s (avg 4.4s) | Best so far: epoch 214	train_loss: 0.2086 train_accuracy: 0.9305	val_loss: 2.3042 val_accuracy: 0.4619	test_loss: 1.8718 test_accuracy: 0.5833	F1: 0.5522 Prec: 0.6085 Rec: 0.5833
train: {'epoch': 240, 'time_epoch': 5.2415, 'eta': 35.68481, 'eta_hours': 0.00991, 'loss': 0.17187528, 'lr': 3.94e-06, 'params': 284917, 'time_iter': 0.02995, 'accuracy': 0.94659, 'f1': 0.94649, 'auc': 0.9992}
val: {'epoch': 240, 'time_epoch': 0.22974, 'loss': 2.43195046, 'lr': 0, 'params': 284917, 'time_iter': 0.01641, 'accuracy': 0.44524, 'f1': 0.41356, 'auc': 0.92138}
test: {'epoch': 240, 'time_epoch': 0.20317, 'loss': 1.84119547, 'lr': 0, 'params': 284917, 'time_iter': 0.01451, 'accuracy': 0.5619, 'f1': 0.52939, 'auc': 0.95591}
> Epoch 240: took 5.9s (avg 4.4s) | Best so far: epoch 214	train_loss: 0.2086 train_accuracy: 0.9305	val_loss: 2.3042 val_accuracy: 0.4619	test_loss: 1.8718 test_accuracy: 0.5833	F1: 0.5522 Prec: 0.6085 Rec: 0.5833
train: {'epoch': 241, 'time_epoch': 5.37788, 'eta': 31.76654, 'eta_hours': 0.00882, 'loss': 0.1821822, 'lr': 3.19e-06, 'params': 284917, 'time_iter': 0.03073, 'accuracy': 0.94104, 'f1': 0.94101, 'auc': 0.9991}
val: {'epoch': 241, 'time_epoch': 0.19955, 'loss': 2.49657309, 'lr': 0, 'params': 284917, 'time_iter': 0.01425, 'accuracy': 0.43333, 'f1': 0.40325, 'auc': 0.91784}
test: {'epoch': 241, 'time_epoch': 0.22798, 'loss': 1.83552637, 'lr': 0, 'params': 284917, 'time_iter': 0.01628, 'accuracy': 0.5619, 'f1': 0.53025, 'auc': 0.95727}
> Epoch 241: took 6.0s (avg 4.4s) | Best so far: epoch 214	train_loss: 0.2086 train_accuracy: 0.9305	val_loss: 2.3042 val_accuracy: 0.4619	test_loss: 1.8718 test_accuracy: 0.5833	F1: 0.5522 Prec: 0.6085 Rec: 0.5833
train: {'epoch': 242, 'time_epoch': 5.20136, 'eta': 27.83117, 'eta_hours': 0.00773, 'loss': 0.18472473, 'lr': 2.52e-06, 'params': 284917, 'time_iter': 0.02972, 'accuracy': 0.94014, 'f1': 0.94012, 'auc': 0.99906}
val: {'epoch': 242, 'time_epoch': 0.2564, 'loss': 2.43393062, 'lr': 0, 'params': 284917, 'time_iter': 0.01831, 'accuracy': 0.4381, 'f1': 0.41157, 'auc': 0.92047}
test: {'epoch': 242, 'time_epoch': 0.22172, 'loss': 1.89675612, 'lr': 0, 'params': 284917, 'time_iter': 0.01584, 'accuracy': 0.57381, 'f1': 0.54348, 'auc': 0.95412}
> Epoch 242: took 5.9s (avg 4.4s) | Best so far: epoch 214	train_loss: 0.2086 train_accuracy: 0.9305	val_loss: 2.3042 val_accuracy: 0.4619	test_loss: 1.8718 test_accuracy: 0.5833	F1: 0.5522 Prec: 0.6085 Rec: 0.5833
train: {'epoch': 243, 'time_epoch': 5.39658, 'eta': 23.89022, 'eta_hours': 0.00664, 'loss': 0.1886882, 'lr': 1.93e-06, 'params': 284917, 'time_iter': 0.03084, 'accuracy': 0.93961, 'f1': 0.93961, 'auc': 0.99904}
val: {'epoch': 243, 'time_epoch': 0.22604, 'loss': 2.4956972, 'lr': 0, 'params': 284917, 'time_iter': 0.01615, 'accuracy': 0.43571, 'f1': 0.40443, 'auc': 0.91872}
test: {'epoch': 243, 'time_epoch': 0.22717, 'loss': 1.87431644, 'lr': 0, 'params': 284917, 'time_iter': 0.01623, 'accuracy': 0.56429, 'f1': 0.53385, 'auc': 0.95564}
> Epoch 243: took 6.0s (avg 4.5s) | Best so far: epoch 214	train_loss: 0.2086 train_accuracy: 0.9305	val_loss: 2.3042 val_accuracy: 0.4619	test_loss: 1.8718 test_accuracy: 0.5833	F1: 0.5522 Prec: 0.6085 Rec: 0.5833
train: {'epoch': 244, 'time_epoch': 5.41941, 'eta': 19.93786, 'eta_hours': 0.00554, 'loss': 0.18040328, 'lr': 1.42e-06, 'params': 284917, 'time_iter': 0.03097, 'accuracy': 0.94194, 'f1': 0.94192, 'auc': 0.99909}
val: {'epoch': 244, 'time_epoch': 0.2091, 'loss': 2.34986191, 'lr': 0, 'params': 284917, 'time_iter': 0.01494, 'accuracy': 0.44762, 'f1': 0.42274, 'auc': 0.92134}
test: {'epoch': 244, 'time_epoch': 0.2333, 'loss': 1.83385797, 'lr': 0, 'params': 284917, 'time_iter': 0.01666, 'accuracy': 0.55476, 'f1': 0.52505, 'auc': 0.9571}
> Epoch 244: took 6.1s (avg 4.5s) | Best so far: epoch 214	train_loss: 0.2086 train_accuracy: 0.9305	val_loss: 2.3042 val_accuracy: 0.4619	test_loss: 1.8718 test_accuracy: 0.5833	F1: 0.5522 Prec: 0.6085 Rec: 0.5833
train: {'epoch': 245, 'time_epoch': 5.32683, 'eta': 15.97206, 'eta_hours': 0.00444, 'loss': 0.18134293, 'lr': 9.9e-07, 'params': 284917, 'time_iter': 0.03044, 'accuracy': 0.94373, 'f1': 0.94367, 'auc': 0.99907}
val: {'epoch': 245, 'time_epoch': 0.22593, 'loss': 2.52181008, 'lr': 0, 'params': 284917, 'time_iter': 0.01614, 'accuracy': 0.44048, 'f1': 0.40745, 'auc': 0.91821}
test: {'epoch': 245, 'time_epoch': 0.23299, 'loss': 1.94532922, 'lr': 0, 'params': 284917, 'time_iter': 0.01664, 'accuracy': 0.56667, 'f1': 0.53279, 'auc': 0.95323}
> Epoch 245: took 6.0s (avg 4.5s) | Best so far: epoch 214	train_loss: 0.2086 train_accuracy: 0.9305	val_loss: 2.3042 val_accuracy: 0.4619	test_loss: 1.8718 test_accuracy: 0.5833	F1: 0.5522 Prec: 0.6085 Rec: 0.5833
train: {'epoch': 246, 'time_epoch': 4.80341, 'eta': 11.98889, 'eta_hours': 0.00333, 'loss': 0.18539702, 'lr': 6.3e-07, 'params': 284917, 'time_iter': 0.02745, 'accuracy': 0.94211, 'f1': 0.94206, 'auc': 0.99899}
val: {'epoch': 246, 'time_epoch': 0.19268, 'loss': 2.40590144, 'lr': 0, 'params': 284917, 'time_iter': 0.01376, 'accuracy': 0.45952, 'f1': 0.42908, 'auc': 0.92107}
test: {'epoch': 246, 'time_epoch': 0.22592, 'loss': 1.85272874, 'lr': 0, 'params': 284917, 'time_iter': 0.01614, 'accuracy': 0.56905, 'f1': 0.54144, 'auc': 0.95478}
> Epoch 246: took 5.4s (avg 4.5s) | Best so far: epoch 214	train_loss: 0.2086 train_accuracy: 0.9305	val_loss: 2.3042 val_accuracy: 0.4619	test_loss: 1.8718 test_accuracy: 0.5833	F1: 0.5522 Prec: 0.6085 Rec: 0.5833
train: {'epoch': 247, 'time_epoch': 5.18067, 'eta': 8.00215, 'eta_hours': 0.00222, 'loss': 0.1928478, 'lr': 3.6e-07, 'params': 284917, 'time_iter': 0.0296, 'accuracy': 0.94176, 'f1': 0.94175, 'auc': 0.99887}
val: {'epoch': 247, 'time_epoch': 0.18877, 'loss': 2.45565399, 'lr': 0, 'params': 284917, 'time_iter': 0.01348, 'accuracy': 0.45, 'f1': 0.41738, 'auc': 0.91902}
test: {'epoch': 247, 'time_epoch': 0.21447, 'loss': 1.92338867, 'lr': 0, 'params': 284917, 'time_iter': 0.01532, 'accuracy': 0.55714, 'f1': 0.52602, 'auc': 0.95354}
> Epoch 247: took 5.8s (avg 4.5s) | Best so far: epoch 214	train_loss: 0.2086 train_accuracy: 0.9305	val_loss: 2.3042 val_accuracy: 0.4619	test_loss: 1.8718 test_accuracy: 0.5833	F1: 0.5522 Prec: 0.6085 Rec: 0.5833
train: {'epoch': 248, 'time_epoch': 5.31583, 'eta': 4.00635, 'eta_hours': 0.00111, 'loss': 0.17576183, 'lr': 1.6e-07, 'params': 284917, 'time_iter': 0.03038, 'accuracy': 0.94265, 'f1': 0.94263, 'auc': 0.9991}
val: {'epoch': 248, 'time_epoch': 0.21089, 'loss': 2.42615754, 'lr': 0, 'params': 284917, 'time_iter': 0.01506, 'accuracy': 0.44524, 'f1': 0.41573, 'auc': 0.92033}
test: {'epoch': 248, 'time_epoch': 0.23229, 'loss': 1.83903462, 'lr': 0, 'params': 284917, 'time_iter': 0.01659, 'accuracy': 0.57619, 'f1': 0.54213, 'auc': 0.95618}
> Epoch 248: took 6.0s (avg 4.5s) | Best so far: epoch 214	train_loss: 0.2086 train_accuracy: 0.9305	val_loss: 2.3042 val_accuracy: 0.4619	test_loss: 1.8718 test_accuracy: 0.5833	F1: 0.5522 Prec: 0.6085 Rec: 0.5833
train: {'epoch': 249, 'time_epoch': 4.92478, 'eta': 0.0, 'eta_hours': 0.0, 'loss': 0.18508356, 'lr': 4e-08, 'params': 284917, 'time_iter': 0.02814, 'accuracy': 0.94068, 'f1': 0.94066, 'auc': 0.99895}
val: {'epoch': 249, 'time_epoch': 0.17938, 'loss': 2.41109674, 'lr': 0, 'params': 284917, 'time_iter': 0.01281, 'accuracy': 0.45, 'f1': 0.42154, 'auc': 0.92081}
test: {'epoch': 249, 'time_epoch': 0.21641, 'loss': 1.92142791, 'lr': 0, 'params': 284917, 'time_iter': 0.01546, 'accuracy': 0.56667, 'f1': 0.53191, 'auc': 0.95326}
> Epoch 249: took 5.5s (avg 4.5s) | Best so far: epoch 214	train_loss: 0.2086 train_accuracy: 0.9305	val_loss: 2.3042 val_accuracy: 0.4619	test_loss: 1.8718 test_accuracy: 0.5833	F1: 0.5522 Prec: 0.6085 Rec: 0.5833
Avg time per epoch: 4.48s
Total train loop time: 0.31h
Task done, results saved in results_lopo_1.0/IM_3m
[*] All done: 2026-04-20 14:47:21.577956
