[*] Run ID 0: seed=0, split_index=0
    Starting now: 2026-04-01 13:53:56.706810
[*] Loaded dataset 'rfid' from 'RFID':
  Data(x=[51360, 60], edge_index=[2, 51360], y=[6420], y_user=[6420], subject=[6420])
  undirected: True
  num graphs: 6420
  avg num_nodes/graph: 8
  num node features: 60
  num edge features: 0
  num classes: 21
[*] LOPO Split: Test Subj=LJ 3m, Val Subj=LR 3m
    Train: 5580 | Val: 420 | Test: 420
GraphGymModule(
  (model): CustomGNN(
    (encoder): FeatureEncoder()
    (pre_mp): GeneralMultiLayer(
      (Layer_0): GeneralLayer(
        (layer): Linear(
          (model): Linear(60, 128, bias=False)
        )
        (post_layer): Sequential(
          (0): BatchNorm1d(128, eps=1e-05, momentum=0.1, affine=True, track_running_stats=True)
          (1): Dropout(p=0.2, inplace=False)
          (2): ReLU()
        )
      )
    )
    (gnn_layers): Sequential(
      (0): GCNConvLayer(
        (bn_node_x): BatchNorm1d(128, eps=1e-05, momentum=0.1, affine=True, track_running_stats=True)
        (act): Sequential(
          (0): ReLU()
          (1): Dropout(p=0.2, inplace=False)
        )
        (model): GCNConv(128, 128)
        (norm1_local): BatchNorm1d(128, eps=1e-05, momentum=0.1, affine=True, track_running_stats=True)
        (ff_linear1): Linear(in_features=128, out_features=256, bias=True)
        (ff_linear2): Linear(in_features=256, out_features=128, bias=True)
        (act_fn_ff): ReLU()
        (norm2): BatchNorm1d(128, eps=1e-05, momentum=0.1, affine=True, track_running_stats=True)
        (ff_dropout1): Dropout(p=0.2, inplace=False)
        (ff_dropout2): Dropout(p=0.2, inplace=False)
      )
      (1): GCNConvLayer(
        (bn_node_x): BatchNorm1d(128, eps=1e-05, momentum=0.1, affine=True, track_running_stats=True)
        (act): Sequential(
          (0): ReLU()
          (1): Dropout(p=0.2, inplace=False)
        )
        (model): GCNConv(128, 128)
        (norm1_local): BatchNorm1d(128, eps=1e-05, momentum=0.1, affine=True, track_running_stats=True)
        (ff_linear1): Linear(in_features=128, out_features=256, bias=True)
        (ff_linear2): Linear(in_features=256, out_features=128, bias=True)
        (act_fn_ff): ReLU()
        (norm2): BatchNorm1d(128, eps=1e-05, momentum=0.1, affine=True, track_running_stats=True)
        (ff_dropout1): Dropout(p=0.2, inplace=False)
        (ff_dropout2): Dropout(p=0.2, inplace=False)
      )
      (2): GCNConvLayer(
        (bn_node_x): BatchNorm1d(128, eps=1e-05, momentum=0.1, affine=True, track_running_stats=True)
        (act): Sequential(
          (0): ReLU()
          (1): Dropout(p=0.2, inplace=False)
        )
        (model): GCNConv(128, 128)
        (norm1_local): BatchNorm1d(128, eps=1e-05, momentum=0.1, affine=True, track_running_stats=True)
        (ff_linear1): Linear(in_features=128, out_features=256, bias=True)
        (ff_linear2): Linear(in_features=256, out_features=128, bias=True)
        (act_fn_ff): ReLU()
        (norm2): BatchNorm1d(128, eps=1e-05, momentum=0.1, affine=True, track_running_stats=True)
        (ff_dropout1): Dropout(p=0.2, inplace=False)
        (ff_dropout2): Dropout(p=0.2, inplace=False)
      )
    )
    (post_mp): MLPGraphHead(
      (mlp): Sequential(
        (0): Dropout(p=0.2, inplace=False)
        (1): Linear(in_features=128, out_features=128, bias=True)
        (2): ReLU()
        (3): Dropout(p=0.2, inplace=False)
        (4): Linear(in_features=128, out_features=21, bias=True)
      )
    )
  )
)
accelerator: cuda
adv:
  lambda_u: 0.1
  num_users: 16
  use: False
benchmark: False
bn:
  eps: 1e-05
  mom: 0.1
cfg_dest: config.yaml
custom_metrics: []
dataset:
  cache_load: False
  cache_save: False
  dir: C:\Users\PC\Desktop\AdversarialLearningProject 1\ICML\Adversarial_Learning\Daniel\RFIDDataSet\DataSetLOPO
  edge_dim: 128
  edge_encoder: False
  edge_encoder_bn: True
  edge_encoder_name: Bond
  edge_encoder_num_types: 0
  edge_message_ratio: 0.8
  edge_negative_sampling_ratio: 1.0
  edge_train_mode: all
  encoder: True
  encoder_bn: True
  encoder_dim: 128
  encoder_name: db
  format: RFID
  infer_link_label: None
  label_column: none
  label_table: none
  location: local
  name: rfid
  node_encoder: False
  node_encoder_bn: True
  node_encoder_name: Atom
  node_encoder_num_types: 0
  remove_feature: False
  resample_disjoint: False
  resample_negative: False
  shuffle_split: True
  slic_compactness: 10
  split: [0.8, 0.1, 0.1]
  split_dir: ./splits
  split_index: 0
  split_mode: lopo-subject
  task: graph
  task_type: classification
  test_subj: LJ 3m
  to_undirected: False
  transductive: False
  transform: none
  tu_simple: True
  val_subj: LR 3m
devices: 1
example_arg: example
example_group:
  example_arg: example
gnn:
  act: relu
  agg: add
  att_final_linear: False
  att_final_linear_bn: False
  att_heads: 1
  batchnorm: True
  clear_feature: True
  dim_inner: 128
  dropout: 0.2
  ffn: True
  head: mlp_graph
  keep_edge: 0.5
  l2norm: True
  layer_type: gcn
  layers_mp: 3
  layers_post_mp: 2
  layers_pre_mp: 1
  msg_direction: single
  normalize_adj: False
  residual: False
  self_msg: concat
  skip_every: 1
  stage_type: stack
gpu_mem: False
mem:
  inplace: False
metric_agg: argmax
metric_best: accuracy
model:
  edge_decoding: dot
  graph_pooling: mean
  loss_fun: cross_entropy
  match_upper: True
  size_average: mean
  thresh: 0.5
  type: custom_gnn
name_tag: 
num_threads: 6
num_workers: 0
optim:
  base_lr: 0.001
  batch_accumulation: 1
  clip_grad_norm: False
  clip_grad_norm_value: 1.0
  lr_decay: 0.1
  max_epoch: 250
  min_lr: 0.0
  momentum: 0.9
  num_warmup_epochs: 50
  optimizer: adam
  reduce_factor: 0.1
  schedule_patience: 10
  scheduler: cos
  steps: [30, 60, 90]
  weight_decay: 0.0005
out_dir: results_lopo_none/LJ_3m
posenc_RWSE:
  dim_pe: 16
  enable: False
  kernel:
    times: []
    times_func: 
  layers: 3
  model: none
  n_heads: 4
  pass_as_var: False
  post_layers: 0
  raw_norm_type: none
pretrained:
  dir: 
  freeze_main: False
  reset_prediction_head: True
print: both
round: 5
run_dir: results_lopo_none/LJ_3m
run_id: 0
run_multiple_splits: []
seed: 0
share:
  dim_in: 60
  dim_out: 21
  num_splits: 3
tensorboard_agg: True
tensorboard_each_run: False
train:
  auto_resume: False
  batch_size: 32
  ckpt_best: False
  ckpt_clean: True
  ckpt_period: 100
  enable_ckpt: True
  epoch_resume: -1
  eval_period: 1
  eval_smoothing_metrics: False
  iter_per_epoch: 32
  mode: custom
  neighbor_sizes: [20, 15, 10, 5]
  node_per_graph: 32
  radius: extend
  sample_node: False
  sampler: full_batch
  skip_train_eval: False
  walk_length: 4
val:
  node_per_graph: 32
  radius: extend
  sample_node: False
  sampler: full_batch
view_emb: False
wandb:
  entity: gnn
  name: 
  project: rfid_lopo
  use: False
Num parameters: 276757
Start from epoch 0
train: {'epoch': 0, 'time_epoch': 2.63429, 'eta': 655.93904, 'eta_hours': 0.18221, 'loss': 2.6278488, 'lr': 0.001, 'params': 276757, 'time_iter': 0.01505, 'accuracy': 0.17634, 'f1': 0.162, 'auc': 0.75944}
...computing epoch stats took: 0.10s
val: {'epoch': 0, 'time_epoch': 0.11244, 'loss': 3.49353863, 'lr': 0, 'params': 276757, 'time_iter': 0.00803, 'accuracy': 0.07619, 'f1': 0.02412, 'auc': 0.68912}
...computing epoch stats took: 0.03s
test: {'epoch': 0, 'time_epoch': 0.09768, 'loss': 3.22973148, 'lr': 0, 'params': 276757, 'time_iter': 0.00698, 'accuracy': 0.10714, 'f1': 0.04094, 'auc': 0.74311}
...computing epoch stats took: 0.02s
[*] Confusion Matrix saved to: results_lopo_none/LJ_3m\Conf\confusion_matrix_epoch_0.png
> Epoch 0: took 3.0s (avg 3.0s) | Best so far: epoch 0	train_loss: 2.6278 train_accuracy: 0.1763	val_loss: 3.4935 val_accuracy: 0.0762	test_loss: 3.2297 test_accuracy: 0.1071	F1: 0.0409 Prec: 0.0262 Rec: 0.1071
train: {'epoch': 1, 'time_epoch': 2.01234, 'eta': 576.18298, 'eta_hours': 0.16005, 'loss': 2.14430236, 'lr': 0.00099996, 'params': 276757, 'time_iter': 0.0115, 'accuracy': 0.29337, 'f1': 0.27735, 'auc': 0.86121}
...computing epoch stats took: 0.02s
val: {'epoch': 1, 'time_epoch': 0.08795, 'loss': 6.73747366, 'lr': 0, 'params': 276757, 'time_iter': 0.00628, 'accuracy': 0.06429, 'f1': 0.01075, 'auc': 0.61649}
...computing epoch stats took: 0.02s
test: {'epoch': 1, 'time_epoch': 0.10101, 'loss': 5.81433942, 'lr': 0, 'params': 276757, 'time_iter': 0.00721, 'accuracy': 0.08333, 'f1': 0.01481, 'auc': 0.66495}
...computing epoch stats took: 0.02s
> Epoch 1: took 2.3s (avg 2.6s) | Best so far: epoch 0	train_loss: 2.6278 train_accuracy: 0.1763	val_loss: 3.4935 val_accuracy: 0.0762	test_loss: 3.2297 test_accuracy: 0.1071	F1: 0.0409 Prec: 0.0262 Rec: 0.1071
train: {'epoch': 2, 'time_epoch': 1.83719, 'eta': 533.835, 'eta_hours': 0.14829, 'loss': 1.97034745, 'lr': 0.00099984, 'params': 276757, 'time_iter': 0.0105, 'accuracy': 0.34964, 'f1': 0.34246, 'auc': 0.88668}
...computing epoch stats took: 0.03s
val: {'epoch': 2, 'time_epoch': 0.07049, 'loss': 4.70889077, 'lr': 0, 'params': 276757, 'time_iter': 0.00503, 'accuracy': 0.11667, 'f1': 0.06104, 'auc': 0.6986}
...computing epoch stats took: 0.02s
test: {'epoch': 2, 'time_epoch': 0.06368, 'loss': 3.94948561, 'lr': 0, 'params': 276757, 'time_iter': 0.00455, 'accuracy': 0.05476, 'f1': 0.01835, 'auc': 0.74592}
...computing epoch stats took: 0.03s
[*] Confusion Matrix saved to: results_lopo_none/LJ_3m\Conf\confusion_matrix_epoch_2.png
> Epoch 2: took 2.1s (avg 2.5s) | Best so far: epoch 2	train_loss: 1.9703 train_accuracy: 0.3496	val_loss: 4.7089 val_accuracy: 0.1167	test_loss: 3.9495 test_accuracy: 0.0548	F1: 0.0184 Prec: 0.0199 Rec: 0.0548
train: {'epoch': 3, 'time_epoch': 1.81277, 'eta': 510.24086, 'eta_hours': 0.14173, 'loss': 1.8161743, 'lr': 0.00099964, 'params': 276757, 'time_iter': 0.01036, 'accuracy': 0.39265, 'f1': 0.38602, 'auc': 0.90647}
val: {'epoch': 3, 'time_epoch': 0.10609, 'loss': 4.56743037, 'lr': 0, 'params': 276757, 'time_iter': 0.00758, 'accuracy': 0.12381, 'f1': 0.05022, 'auc': 0.67377}
test: {'epoch': 3, 'time_epoch': 0.09147, 'loss': 3.83856494, 'lr': 0, 'params': 276757, 'time_iter': 0.00653, 'accuracy': 0.10476, 'f1': 0.04781, 'auc': 0.76217}
[*] Confusion Matrix saved to: results_lopo_none/LJ_3m\Conf\confusion_matrix_epoch_3.png
> Epoch 3: took 2.1s (avg 2.4s) | Best so far: epoch 3	train_loss: 1.8162 train_accuracy: 0.3926	val_loss: 4.5674 val_accuracy: 0.1238	test_loss: 3.8386 test_accuracy: 0.1048	F1: 0.0478 Prec: 0.0359 Rec: 0.1048
train: {'epoch': 4, 'time_epoch': 1.86238, 'eta': 497.78989, 'eta_hours': 0.13827, 'loss': 1.73714039, 'lr': 0.00099937, 'params': 276757, 'time_iter': 0.01064, 'accuracy': 0.42025, 'f1': 0.41617, 'auc': 0.91505}
val: {'epoch': 4, 'time_epoch': 0.06596, 'loss': 8.31119395, 'lr': 0, 'params': 276757, 'time_iter': 0.00471, 'accuracy': 0.05952, 'f1': 0.02204, 'auc': 0.5994}
test: {'epoch': 4, 'time_epoch': 0.06873, 'loss': 6.62335648, 'lr': 0, 'params': 276757, 'time_iter': 0.00491, 'accuracy': 0.05, 'f1': 0.00646, 'auc': 0.65196}
> Epoch 4: took 2.1s (avg 2.3s) | Best so far: epoch 3	train_loss: 1.8162 train_accuracy: 0.3926	val_loss: 4.5674 val_accuracy: 0.1238	test_loss: 3.8386 test_accuracy: 0.1048	F1: 0.0478 Prec: 0.0359 Rec: 0.1048
train: {'epoch': 5, 'time_epoch': 1.7701, 'eta': 485.11567, 'eta_hours': 0.13475, 'loss': 1.68542798, 'lr': 0.00099901, 'params': 276757, 'time_iter': 0.01011, 'accuracy': 0.43315, 'f1': 0.42997, 'auc': 0.9209}
val: {'epoch': 5, 'time_epoch': 0.07127, 'loss': 7.07328595, 'lr': 0, 'params': 276757, 'time_iter': 0.00509, 'accuracy': 0.09762, 'f1': 0.02286, 'auc': 0.68518}
test: {'epoch': 5, 'time_epoch': 0.06991, 'loss': 6.16117688, 'lr': 0, 'params': 276757, 'time_iter': 0.00499, 'accuracy': 0.08571, 'f1': 0.01607, 'auc': 0.73715}
> Epoch 5: took 2.0s (avg 2.3s) | Best so far: epoch 3	train_loss: 1.8162 train_accuracy: 0.3926	val_loss: 4.5674 val_accuracy: 0.1238	test_loss: 3.8386 test_accuracy: 0.1048	F1: 0.0478 Prec: 0.0359 Rec: 0.1048
train: {'epoch': 6, 'time_epoch': 1.81864, 'eta': 477.24222, 'eta_hours': 0.13257, 'loss': 1.64103788, 'lr': 0.00099858, 'params': 276757, 'time_iter': 0.01039, 'accuracy': 0.44301, 'f1': 0.44006, 'auc': 0.92529}
val: {'epoch': 6, 'time_epoch': 0.07731, 'loss': 3.74433838, 'lr': 0, 'params': 276757, 'time_iter': 0.00552, 'accuracy': 0.18095, 'f1': 0.08805, 'auc': 0.76893}
test: {'epoch': 6, 'time_epoch': 0.0673, 'loss': 3.14354114, 'lr': 0, 'params': 276757, 'time_iter': 0.00481, 'accuracy': 0.16429, 'f1': 0.12454, 'auc': 0.82562}
[*] Confusion Matrix saved to: results_lopo_none/LJ_3m\Conf\confusion_matrix_epoch_6.png
> Epoch 6: took 2.0s (avg 2.2s) | Best so far: epoch 6	train_loss: 1.6410 train_accuracy: 0.4430	val_loss: 3.7443 val_accuracy: 0.1809	test_loss: 3.1435 test_accuracy: 0.1643	F1: 0.1245 Prec: 0.1336 Rec: 0.1643
train: {'epoch': 7, 'time_epoch': 1.96597, 'eta': 475.33914, 'eta_hours': 0.13204, 'loss': 1.57354286, 'lr': 0.00099807, 'params': 276757, 'time_iter': 0.01123, 'accuracy': 0.46613, 'f1': 0.46342, 'auc': 0.93172}
val: {'epoch': 7, 'time_epoch': 0.07535, 'loss': 9.04743667, 'lr': 0, 'params': 276757, 'time_iter': 0.00538, 'accuracy': 0.09286, 'f1': 0.04335, 'auc': 0.65738}
test: {'epoch': 7, 'time_epoch': 0.06535, 'loss': 7.76678113, 'lr': 0, 'params': 276757, 'time_iter': 0.00467, 'accuracy': 0.0619, 'f1': 0.03024, 'auc': 0.69104}
> Epoch 7: took 2.2s (avg 2.2s) | Best so far: epoch 6	train_loss: 1.6410 train_accuracy: 0.4430	val_loss: 3.7443 val_accuracy: 0.1809	test_loss: 3.1435 test_accuracy: 0.1643	F1: 0.1245 Prec: 0.1336 Rec: 0.1643
train: {'epoch': 8, 'time_epoch': 1.79028, 'eta': 468.71736, 'eta_hours': 0.1302, 'loss': 1.51194732, 'lr': 0.00099748, 'params': 276757, 'time_iter': 0.01023, 'accuracy': 0.48405, 'f1': 0.48139, 'auc': 0.93744}
val: {'epoch': 8, 'time_epoch': 0.07199, 'loss': 7.70179264, 'lr': 0, 'params': 276757, 'time_iter': 0.00514, 'accuracy': 0.07381, 'f1': 0.02484, 'auc': 0.64792}
test: {'epoch': 8, 'time_epoch': 0.07731, 'loss': 6.54058717, 'lr': 0, 'params': 276757, 'time_iter': 0.00552, 'accuracy': 0.04762, 'f1': 0.00463, 'auc': 0.70305}
> Epoch 8: took 2.0s (avg 2.2s) | Best so far: epoch 6	train_loss: 1.6410 train_accuracy: 0.4430	val_loss: 3.7443 val_accuracy: 0.1809	test_loss: 3.1435 test_accuracy: 0.1643	F1: 0.1245 Prec: 0.1336 Rec: 0.1643
train: {'epoch': 9, 'time_epoch': 1.73142, 'eta': 461.64939, 'eta_hours': 0.12824, 'loss': 1.46593636, 'lr': 0.00099681, 'params': 276757, 'time_iter': 0.00989, 'accuracy': 0.50591, 'f1': 0.50434, 'auc': 0.94116}
val: {'epoch': 9, 'time_epoch': 0.07481, 'loss': 8.32043373, 'lr': 0, 'params': 276757, 'time_iter': 0.00534, 'accuracy': 0.12857, 'f1': 0.05842, 'auc': 0.69055}
test: {'epoch': 9, 'time_epoch': 0.07298, 'loss': 7.04096587, 'lr': 0, 'params': 276757, 'time_iter': 0.00521, 'accuracy': 0.0881, 'f1': 0.02287, 'auc': 0.76035}
> Epoch 9: took 2.0s (avg 2.2s) | Best so far: epoch 6	train_loss: 1.6410 train_accuracy: 0.4430	val_loss: 3.7443 val_accuracy: 0.1809	test_loss: 3.1435 test_accuracy: 0.1643	F1: 0.1245 Prec: 0.1336 Rec: 0.1643
train: {'epoch': 10, 'time_epoch': 1.7318, 'eta': 455.55981, 'eta_hours': 0.12654, 'loss': 1.42592248, 'lr': 0.00099606, 'params': 276757, 'time_iter': 0.0099, 'accuracy': 0.51864, 'f1': 0.51721, 'auc': 0.94546}
val: {'epoch': 10, 'time_epoch': 0.07279, 'loss': 7.10212421, 'lr': 0, 'params': 276757, 'time_iter': 0.0052, 'accuracy': 0.09762, 'f1': 0.04077, 'auc': 0.72224}
test: {'epoch': 10, 'time_epoch': 0.06686, 'loss': 5.74816119, 'lr': 0, 'params': 276757, 'time_iter': 0.00478, 'accuracy': 0.11429, 'f1': 0.04605, 'auc': 0.75139}
> Epoch 10: took 2.0s (avg 2.2s) | Best so far: epoch 6	train_loss: 1.6410 train_accuracy: 0.4430	val_loss: 3.7443 val_accuracy: 0.1809	test_loss: 3.1435 test_accuracy: 0.1643	F1: 0.1245 Prec: 0.1336 Rec: 0.1643
train: {'epoch': 11, 'time_epoch': 1.67471, 'eta': 449.06432, 'eta_hours': 0.12474, 'loss': 1.40030856, 'lr': 0.00099523, 'params': 276757, 'time_iter': 0.00957, 'accuracy': 0.52742, 'f1': 0.5257, 'auc': 0.94695}
val: {'epoch': 11, 'time_epoch': 0.07083, 'loss': 14.04961153, 'lr': 0, 'params': 276757, 'time_iter': 0.00506, 'accuracy': 0.05952, 'f1': 0.01103, 'auc': 0.63336}
test: {'epoch': 11, 'time_epoch': 0.07064, 'loss': 12.67893461, 'lr': 0, 'params': 276757, 'time_iter': 0.00505, 'accuracy': 0.04762, 'f1': 0.00508, 'auc': 0.66617}
> Epoch 11: took 1.9s (avg 2.1s) | Best so far: epoch 6	train_loss: 1.6410 train_accuracy: 0.4430	val_loss: 3.7443 val_accuracy: 0.1809	test_loss: 3.1435 test_accuracy: 0.1643	F1: 0.1245 Prec: 0.1336 Rec: 0.1643
train: {'epoch': 12, 'time_epoch': 1.76167, 'eta': 444.89579, 'eta_hours': 0.12358, 'loss': 1.3580256, 'lr': 0.00099433, 'params': 276757, 'time_iter': 0.01007, 'accuracy': 0.5457, 'f1': 0.54409, 'auc': 0.94997}
val: {'epoch': 12, 'time_epoch': 0.06522, 'loss': 15.87521838, 'lr': 0, 'params': 276757, 'time_iter': 0.00466, 'accuracy': 0.04762, 'f1': 0.00433, 'auc': 0.63369}
test: {'epoch': 12, 'time_epoch': 0.07436, 'loss': 14.33784529, 'lr': 0, 'params': 276757, 'time_iter': 0.00531, 'accuracy': 0.04762, 'f1': 0.00434, 'auc': 0.64327}
> Epoch 12: took 2.0s (avg 2.1s) | Best so far: epoch 6	train_loss: 1.6410 train_accuracy: 0.4430	val_loss: 3.7443 val_accuracy: 0.1809	test_loss: 3.1435 test_accuracy: 0.1643	F1: 0.1245 Prec: 0.1336 Rec: 0.1643
train: {'epoch': 13, 'time_epoch': 1.72139, 'eta': 440.39215, 'eta_hours': 0.12233, 'loss': 1.32396299, 'lr': 0.00099334, 'params': 276757, 'time_iter': 0.00984, 'accuracy': 0.55681, 'f1': 0.5557, 'auc': 0.95278}
val: {'epoch': 13, 'time_epoch': 0.07567, 'loss': 9.37608416, 'lr': 0, 'params': 276757, 'time_iter': 0.0054, 'accuracy': 0.04762, 'f1': 0.00481, 'auc': 0.64107}
test: {'epoch': 13, 'time_epoch': 0.1076, 'loss': 8.27096394, 'lr': 0, 'params': 276757, 'time_iter': 0.00769, 'accuracy': 0.07619, 'f1': 0.01931, 'auc': 0.68163}
> Epoch 13: took 2.0s (avg 2.1s) | Best so far: epoch 6	train_loss: 1.6410 train_accuracy: 0.4430	val_loss: 3.7443 val_accuracy: 0.1809	test_loss: 3.1435 test_accuracy: 0.1643	F1: 0.1245 Prec: 0.1336 Rec: 0.1643
train: {'epoch': 14, 'time_epoch': 1.83441, 'eta': 438.03008, 'eta_hours': 0.12168, 'loss': 1.30461405, 'lr': 0.00099228, 'params': 276757, 'time_iter': 0.01048, 'accuracy': 0.56272, 'f1': 0.56156, 'auc': 0.95396}
val: {'epoch': 14, 'time_epoch': 0.09758, 'loss': 5.60296347, 'lr': 0, 'params': 276757, 'time_iter': 0.00697, 'accuracy': 0.07619, 'f1': 0.03234, 'auc': 0.71551}
test: {'epoch': 14, 'time_epoch': 0.08932, 'loss': 4.76757228, 'lr': 0, 'params': 276757, 'time_iter': 0.00638, 'accuracy': 0.10238, 'f1': 0.02686, 'auc': 0.77124}
> Epoch 14: took 2.1s (avg 2.1s) | Best so far: epoch 6	train_loss: 1.6410 train_accuracy: 0.4430	val_loss: 3.7443 val_accuracy: 0.1809	test_loss: 3.1435 test_accuracy: 0.1643	F1: 0.1245 Prec: 0.1336 Rec: 0.1643
train: {'epoch': 15, 'time_epoch': 1.81276, 'eta': 435.41731, 'eta_hours': 0.12095, 'loss': 1.27538544, 'lr': 0.00099114, 'params': 276757, 'time_iter': 0.01036, 'accuracy': 0.56935, 'f1': 0.56823, 'auc': 0.95674}
val: {'epoch': 15, 'time_epoch': 0.07576, 'loss': 10.23093478, 'lr': 0, 'params': 276757, 'time_iter': 0.00541, 'accuracy': 0.05476, 'f1': 0.01428, 'auc': 0.66018}
test: {'epoch': 15, 'time_epoch': 0.08818, 'loss': 8.52983161, 'lr': 0, 'params': 276757, 'time_iter': 0.0063, 'accuracy': 0.05714, 'f1': 0.02049, 'auc': 0.66315}
> Epoch 15: took 2.1s (avg 2.1s) | Best so far: epoch 6	train_loss: 1.6410 train_accuracy: 0.4430	val_loss: 3.7443 val_accuracy: 0.1809	test_loss: 3.1435 test_accuracy: 0.1643	F1: 0.1245 Prec: 0.1336 Rec: 0.1643
train: {'epoch': 16, 'time_epoch': 1.87415, 'eta': 433.74009, 'eta_hours': 0.12048, 'loss': 1.20537677, 'lr': 0.00098993, 'params': 276757, 'time_iter': 0.01071, 'accuracy': 0.59391, 'f1': 0.59268, 'auc': 0.96061}
val: {'epoch': 16, 'time_epoch': 0.06662, 'loss': 9.56017983, 'lr': 0, 'params': 276757, 'time_iter': 0.00476, 'accuracy': 0.0619, 'f1': 0.02034, 'auc': 0.68065}
test: {'epoch': 16, 'time_epoch': 0.07837, 'loss': 7.77717518, 'lr': 0, 'params': 276757, 'time_iter': 0.0056, 'accuracy': 0.04762, 'f1': 0.00473, 'auc': 0.69567}
> Epoch 16: took 2.1s (avg 2.1s) | Best so far: epoch 6	train_loss: 1.6410 train_accuracy: 0.4430	val_loss: 3.7443 val_accuracy: 0.1809	test_loss: 3.1435 test_accuracy: 0.1643	F1: 0.1245 Prec: 0.1336 Rec: 0.1643
train: {'epoch': 17, 'time_epoch': 1.71476, 'eta': 429.9867, 'eta_hours': 0.11944, 'loss': 1.23574885, 'lr': 0.00098863, 'params': 276757, 'time_iter': 0.0098, 'accuracy': 0.5853, 'f1': 0.58422, 'auc': 0.95891}
val: {'epoch': 17, 'time_epoch': 0.06815, 'loss': 11.12915301, 'lr': 0, 'params': 276757, 'time_iter': 0.00487, 'accuracy': 0.08095, 'f1': 0.02227, 'auc': 0.63286}
test: {'epoch': 17, 'time_epoch': 0.0636, 'loss': 9.01074339, 'lr': 0, 'params': 276757, 'time_iter': 0.00454, 'accuracy': 0.05238, 'f1': 0.00823, 'auc': 0.65621}
> Epoch 17: took 2.0s (avg 2.1s) | Best so far: epoch 6	train_loss: 1.6410 train_accuracy: 0.4430	val_loss: 3.7443 val_accuracy: 0.1809	test_loss: 3.1435 test_accuracy: 0.1643	F1: 0.1245 Prec: 0.1336 Rec: 0.1643
train: {'epoch': 18, 'time_epoch': 2.00221, 'eta': 429.94264, 'eta_hours': 0.11943, 'loss': 1.19255638, 'lr': 0.00098726, 'params': 276757, 'time_iter': 0.01144, 'accuracy': 0.58943, 'f1': 0.5884, 'auc': 0.96213}
val: {'epoch': 18, 'time_epoch': 0.06975, 'loss': 9.43769931, 'lr': 0, 'params': 276757, 'time_iter': 0.00498, 'accuracy': 0.04762, 'f1': 0.00434, 'auc': 0.68518}
test: {'epoch': 18, 'time_epoch': 0.07533, 'loss': 7.85104837, 'lr': 0, 'params': 276757, 'time_iter': 0.00538, 'accuracy': 0.04762, 'f1': 0.00446, 'auc': 0.70179}
> Epoch 18: took 2.2s (avg 2.1s) | Best so far: epoch 6	train_loss: 1.6410 train_accuracy: 0.4430	val_loss: 3.7443 val_accuracy: 0.1809	test_loss: 3.1435 test_accuracy: 0.1643	F1: 0.1245 Prec: 0.1336 Rec: 0.1643
train: {'epoch': 19, 'time_epoch': 1.82175, 'eta': 427.62746, 'eta_hours': 0.11879, 'loss': 1.18210033, 'lr': 0.00098582, 'params': 276757, 'time_iter': 0.01041, 'accuracy': 0.60251, 'f1': 0.60139, 'auc': 0.96268}
val: {'epoch': 19, 'time_epoch': 0.07301, 'loss': 11.1920342, 'lr': 0, 'params': 276757, 'time_iter': 0.00521, 'accuracy': 0.04762, 'f1': 0.00434, 'auc': 0.65147}
test: {'epoch': 19, 'time_epoch': 0.06449, 'loss': 9.16987729, 'lr': 0, 'params': 276757, 'time_iter': 0.00461, 'accuracy': 0.05, 'f1': 0.00878, 'auc': 0.65746}
> Epoch 19: took 2.0s (avg 2.1s) | Best so far: epoch 6	train_loss: 1.6410 train_accuracy: 0.4430	val_loss: 3.7443 val_accuracy: 0.1809	test_loss: 3.1435 test_accuracy: 0.1643	F1: 0.1245 Prec: 0.1336 Rec: 0.1643
train: {'epoch': 20, 'time_epoch': 1.90764, 'eta': 426.29593, 'eta_hours': 0.11842, 'loss': 1.13504942, 'lr': 0.00098429, 'params': 276757, 'time_iter': 0.0109, 'accuracy': 0.61237, 'f1': 0.61141, 'auc': 0.96534}
val: {'epoch': 20, 'time_epoch': 0.09101, 'loss': 5.65100757, 'lr': 0, 'params': 276757, 'time_iter': 0.0065, 'accuracy': 0.17143, 'f1': 0.08996, 'auc': 0.74476}
test: {'epoch': 20, 'time_epoch': 0.06905, 'loss': 4.29153765, 'lr': 0, 'params': 276757, 'time_iter': 0.00493, 'accuracy': 0.11429, 'f1': 0.05803, 'auc': 0.81295}
> Epoch 20: took 2.2s (avg 2.1s) | Best so far: epoch 6	train_loss: 1.6410 train_accuracy: 0.4430	val_loss: 3.7443 val_accuracy: 0.1809	test_loss: 3.1435 test_accuracy: 0.1643	F1: 0.1245 Prec: 0.1336 Rec: 0.1643
train: {'epoch': 21, 'time_epoch': 1.84453, 'eta': 424.25792, 'eta_hours': 0.11785, 'loss': 1.13929393, 'lr': 0.00098269, 'params': 276757, 'time_iter': 0.01054, 'accuracy': 0.62007, 'f1': 0.61909, 'auc': 0.96518}
val: {'epoch': 21, 'time_epoch': 0.06472, 'loss': 6.95343015, 'lr': 0, 'params': 276757, 'time_iter': 0.00462, 'accuracy': 0.12143, 'f1': 0.04677, 'auc': 0.73393}
test: {'epoch': 21, 'time_epoch': 0.07046, 'loss': 6.07129087, 'lr': 0, 'params': 276757, 'time_iter': 0.00503, 'accuracy': 0.1, 'f1': 0.03188, 'auc': 0.78483}
> Epoch 21: took 2.1s (avg 2.1s) | Best so far: epoch 6	train_loss: 1.6410 train_accuracy: 0.4430	val_loss: 3.7443 val_accuracy: 0.1809	test_loss: 3.1435 test_accuracy: 0.1643	F1: 0.1245 Prec: 0.1336 Rec: 0.1643
train: {'epoch': 22, 'time_epoch': 1.6748, 'eta': 420.56156, 'eta_hours': 0.11682, 'loss': 1.08808821, 'lr': 0.00098101, 'params': 276757, 'time_iter': 0.00957, 'accuracy': 0.63369, 'f1': 0.63302, 'auc': 0.96843}
val: {'epoch': 22, 'time_epoch': 0.07869, 'loss': 6.84946246, 'lr': 0, 'params': 276757, 'time_iter': 0.00562, 'accuracy': 0.16667, 'f1': 0.07743, 'auc': 0.76852}
test: {'epoch': 22, 'time_epoch': 0.07813, 'loss': 5.21281142, 'lr': 0, 'params': 276757, 'time_iter': 0.00558, 'accuracy': 0.10238, 'f1': 0.04665, 'auc': 0.7922}
> Epoch 22: took 1.9s (avg 2.1s) | Best so far: epoch 6	train_loss: 1.6410 train_accuracy: 0.4430	val_loss: 3.7443 val_accuracy: 0.1809	test_loss: 3.1435 test_accuracy: 0.1643	F1: 0.1245 Prec: 0.1336 Rec: 0.1643
train: {'epoch': 23, 'time_epoch': 1.87406, 'eta': 418.91008, 'eta_hours': 0.11636, 'loss': 1.07452484, 'lr': 0.00097926, 'params': 276757, 'time_iter': 0.01071, 'accuracy': 0.63369, 'f1': 0.6329, 'auc': 0.96913}
val: {'epoch': 23, 'time_epoch': 0.08539, 'loss': 10.17972797, 'lr': 0, 'params': 276757, 'time_iter': 0.0061, 'accuracy': 0.05, 'f1': 0.00704, 'auc': 0.66287}
test: {'epoch': 23, 'time_epoch': 0.08239, 'loss': 8.6438719, 'lr': 0, 'params': 276757, 'time_iter': 0.00588, 'accuracy': 0.05, 'f1': 0.00651, 'auc': 0.67673}
> Epoch 23: took 2.1s (avg 2.1s) | Best so far: epoch 6	train_loss: 1.6410 train_accuracy: 0.4430	val_loss: 3.7443 val_accuracy: 0.1809	test_loss: 3.1435 test_accuracy: 0.1643	F1: 0.1245 Prec: 0.1336 Rec: 0.1643
train: {'epoch': 24, 'time_epoch': 1.81809, 'eta': 416.73709, 'eta_hours': 0.11576, 'loss': 1.06527091, 'lr': 0.00097743, 'params': 276757, 'time_iter': 0.01039, 'accuracy': 0.64355, 'f1': 0.64284, 'auc': 0.96956}
val: {'epoch': 24, 'time_epoch': 0.07488, 'loss': 13.99569379, 'lr': 0, 'params': 276757, 'time_iter': 0.00535, 'accuracy': 0.04762, 'f1': 0.00433, 'auc': 0.62689}
test: {'epoch': 24, 'time_epoch': 0.10908, 'loss': 12.29496586, 'lr': 0, 'params': 276757, 'time_iter': 0.00779, 'accuracy': 0.04762, 'f1': 0.00438, 'auc': 0.63009}
> Epoch 24: took 2.1s (avg 2.1s) | Best so far: epoch 6	train_loss: 1.6410 train_accuracy: 0.4430	val_loss: 3.7443 val_accuracy: 0.1809	test_loss: 3.1435 test_accuracy: 0.1643	F1: 0.1245 Prec: 0.1336 Rec: 0.1643
train: {'epoch': 25, 'time_epoch': 1.71654, 'eta': 413.71644, 'eta_hours': 0.11492, 'loss': 1.07374316, 'lr': 0.00097553, 'params': 276757, 'time_iter': 0.00981, 'accuracy': 0.64624, 'f1': 0.6456, 'auc': 0.96888}
val: {'epoch': 25, 'time_epoch': 0.07368, 'loss': 9.88091423, 'lr': 0, 'params': 276757, 'time_iter': 0.00526, 'accuracy': 0.11667, 'f1': 0.04364, 'auc': 0.69189}
test: {'epoch': 25, 'time_epoch': 0.06599, 'loss': 8.37662677, 'lr': 0, 'params': 276757, 'time_iter': 0.00471, 'accuracy': 0.07857, 'f1': 0.04218, 'auc': 0.73276}
> Epoch 25: took 1.9s (avg 2.1s) | Best so far: epoch 6	train_loss: 1.6410 train_accuracy: 0.4430	val_loss: 3.7443 val_accuracy: 0.1809	test_loss: 3.1435 test_accuracy: 0.1643	F1: 0.1245 Prec: 0.1336 Rec: 0.1643
train: {'epoch': 26, 'time_epoch': 1.7703, 'eta': 411.23644, 'eta_hours': 0.11423, 'loss': 1.01462992, 'lr': 0.00097355, 'params': 276757, 'time_iter': 0.01012, 'accuracy': 0.65251, 'f1': 0.65146, 'auc': 0.9726}
val: {'epoch': 26, 'time_epoch': 0.07876, 'loss': 10.90088085, 'lr': 0, 'params': 276757, 'time_iter': 0.00563, 'accuracy': 0.05, 'f1': 0.0082, 'auc': 0.64513}
test: {'epoch': 26, 'time_epoch': 0.0976, 'loss': 9.38114006, 'lr': 0, 'params': 276757, 'time_iter': 0.00697, 'accuracy': 0.06429, 'f1': 0.02976, 'auc': 0.65785}
> Epoch 26: took 2.0s (avg 2.1s) | Best so far: epoch 6	train_loss: 1.6410 train_accuracy: 0.4430	val_loss: 3.7443 val_accuracy: 0.1809	test_loss: 3.1435 test_accuracy: 0.1643	F1: 0.1245 Prec: 0.1336 Rec: 0.1643
train: {'epoch': 27, 'time_epoch': 1.76219, 'eta': 408.74281, 'eta_hours': 0.11354, 'loss': 1.00001185, 'lr': 0.0009715, 'params': 276757, 'time_iter': 0.01007, 'accuracy': 0.66792, 'f1': 0.66718, 'auc': 0.97292}
val: {'epoch': 27, 'time_epoch': 0.0778, 'loss': 11.01974428, 'lr': 0, 'params': 276757, 'time_iter': 0.00556, 'accuracy': 0.06667, 'f1': 0.02722, 'auc': 0.67559}
test: {'epoch': 27, 'time_epoch': 0.09287, 'loss': 9.0630071, 'lr': 0, 'params': 276757, 'time_iter': 0.00663, 'accuracy': 0.04762, 'f1': 0.00507, 'auc': 0.66591}
> Epoch 27: took 2.0s (avg 2.1s) | Best so far: epoch 6	train_loss: 1.6410 train_accuracy: 0.4430	val_loss: 3.7443 val_accuracy: 0.1809	test_loss: 3.1435 test_accuracy: 0.1643	F1: 0.1245 Prec: 0.1336 Rec: 0.1643
train: {'epoch': 28, 'time_epoch': 1.80196, 'eta': 406.60274, 'eta_hours': 0.11295, 'loss': 0.99023872, 'lr': 0.00096937, 'params': 276757, 'time_iter': 0.0103, 'accuracy': 0.66953, 'f1': 0.66901, 'auc': 0.97361}
val: {'epoch': 28, 'time_epoch': 0.0678, 'loss': 3.40422966, 'lr': 0, 'params': 276757, 'time_iter': 0.00484, 'accuracy': 0.32619, 'f1': 0.2383, 'auc': 0.84362}
test: {'epoch': 28, 'time_epoch': 0.09324, 'loss': 2.78005498, 'lr': 0, 'params': 276757, 'time_iter': 0.00666, 'accuracy': 0.21429, 'f1': 0.17, 'auc': 0.86079}
[*] Confusion Matrix saved to: results_lopo_none/LJ_3m\Conf\confusion_matrix_epoch_28.png
> Epoch 28: took 2.1s (avg 2.1s) | Best so far: epoch 28	train_loss: 0.9902 train_accuracy: 0.6695	val_loss: 3.4042 val_accuracy: 0.3262	test_loss: 2.7801 test_accuracy: 0.2143	F1: 0.1700 Prec: 0.2906 Rec: 0.2143
train: {'epoch': 29, 'time_epoch': 1.78882, 'eta': 404.38881, 'eta_hours': 0.11233, 'loss': 0.9663845, 'lr': 0.00096716, 'params': 276757, 'time_iter': 0.01022, 'accuracy': 0.67097, 'f1': 0.67034, 'auc': 0.97523}
val: {'epoch': 29, 'time_epoch': 0.06726, 'loss': 11.88776364, 'lr': 0, 'params': 276757, 'time_iter': 0.0048, 'accuracy': 0.07143, 'f1': 0.04189, 'auc': 0.66235}
test: {'epoch': 29, 'time_epoch': 0.06101, 'loss': 10.54385147, 'lr': 0, 'params': 276757, 'time_iter': 0.00436, 'accuracy': 0.04048, 'f1': 0.01208, 'auc': 0.68703}
> Epoch 29: took 2.0s (avg 2.1s) | Best so far: epoch 28	train_loss: 0.9902 train_accuracy: 0.6695	val_loss: 3.4042 val_accuracy: 0.3262	test_loss: 2.7801 test_accuracy: 0.2143	F1: 0.1700 Prec: 0.2906 Rec: 0.2143
train: {'epoch': 30, 'time_epoch': 1.8252, 'eta': 402.45935, 'eta_hours': 0.11179, 'loss': 0.95114939, 'lr': 0.00096489, 'params': 276757, 'time_iter': 0.01043, 'accuracy': 0.68387, 'f1': 0.68352, 'auc': 0.9758}
val: {'epoch': 30, 'time_epoch': 0.0786, 'loss': 13.23518723, 'lr': 0, 'params': 276757, 'time_iter': 0.00561, 'accuracy': 0.13333, 'f1': 0.06444, 'auc': 0.67598}
test: {'epoch': 30, 'time_epoch': 0.07047, 'loss': 11.35415623, 'lr': 0, 'params': 276757, 'time_iter': 0.00503, 'accuracy': 0.0619, 'f1': 0.03124, 'auc': 0.69798}
> Epoch 30: took 2.0s (avg 2.1s) | Best so far: epoch 28	train_loss: 0.9902 train_accuracy: 0.6695	val_loss: 3.4042 val_accuracy: 0.3262	test_loss: 2.7801 test_accuracy: 0.2143	F1: 0.1700 Prec: 0.2906 Rec: 0.2143
train: {'epoch': 31, 'time_epoch': 2.00405, 'eta': 401.75482, 'eta_hours': 0.1116, 'loss': 0.96912277, 'lr': 0.00096254, 'params': 276757, 'time_iter': 0.01145, 'accuracy': 0.67294, 'f1': 0.67227, 'auc': 0.97509}
val: {'epoch': 31, 'time_epoch': 0.10133, 'loss': 9.43741615, 'lr': 0, 'params': 276757, 'time_iter': 0.00724, 'accuracy': 0.1, 'f1': 0.04074, 'auc': 0.71603}
test: {'epoch': 31, 'time_epoch': 0.06536, 'loss': 7.96481322, 'lr': 0, 'params': 276757, 'time_iter': 0.00467, 'accuracy': 0.08095, 'f1': 0.02402, 'auc': 0.71958}
> Epoch 31: took 2.3s (avg 2.1s) | Best so far: epoch 28	train_loss: 0.9902 train_accuracy: 0.6695	val_loss: 3.4042 val_accuracy: 0.3262	test_loss: 2.7801 test_accuracy: 0.2143	F1: 0.1700 Prec: 0.2906 Rec: 0.2143
train: {'epoch': 32, 'time_epoch': 1.73134, 'eta': 399.17827, 'eta_hours': 0.11088, 'loss': 0.92600484, 'lr': 0.00096012, 'params': 276757, 'time_iter': 0.00989, 'accuracy': 0.69391, 'f1': 0.69341, 'auc': 0.97679}
val: {'epoch': 32, 'time_epoch': 0.0894, 'loss': 6.7310513, 'lr': 0, 'params': 276757, 'time_iter': 0.00639, 'accuracy': 0.14762, 'f1': 0.08156, 'auc': 0.73805}
test: {'epoch': 32, 'time_epoch': 0.07953, 'loss': 5.67835699, 'lr': 0, 'params': 276757, 'time_iter': 0.00568, 'accuracy': 0.10714, 'f1': 0.06063, 'auc': 0.74996}
> Epoch 32: took 2.0s (avg 2.1s) | Best so far: epoch 28	train_loss: 0.9902 train_accuracy: 0.6695	val_loss: 3.4042 val_accuracy: 0.3262	test_loss: 2.7801 test_accuracy: 0.2143	F1: 0.1700 Prec: 0.2906 Rec: 0.2143
train: {'epoch': 33, 'time_epoch': 1.8741, 'eta': 397.55838, 'eta_hours': 0.11043, 'loss': 0.88777721, 'lr': 0.00095762, 'params': 276757, 'time_iter': 0.01071, 'accuracy': 0.69283, 'f1': 0.69241, 'auc': 0.97922}
val: {'epoch': 33, 'time_epoch': 0.08664, 'loss': 7.90196147, 'lr': 0, 'params': 276757, 'time_iter': 0.00619, 'accuracy': 0.12381, 'f1': 0.05259, 'auc': 0.71796}
test: {'epoch': 33, 'time_epoch': 0.10023, 'loss': 6.72580605, 'lr': 0, 'params': 276757, 'time_iter': 0.00716, 'accuracy': 0.07619, 'f1': 0.03006, 'auc': 0.73263}
> Epoch 33: took 2.1s (avg 2.1s) | Best so far: epoch 28	train_loss: 0.9902 train_accuracy: 0.6695	val_loss: 3.4042 val_accuracy: 0.3262	test_loss: 2.7801 test_accuracy: 0.2143	F1: 0.1700 Prec: 0.2906 Rec: 0.2143
train: {'epoch': 34, 'time_epoch': 1.67725, 'eta': 394.71469, 'eta_hours': 0.10964, 'loss': 0.92421091, 'lr': 0.00095505, 'params': 276757, 'time_iter': 0.00958, 'accuracy': 0.68996, 'f1': 0.68945, 'auc': 0.97715}
val: {'epoch': 34, 'time_epoch': 0.06641, 'loss': 10.75708639, 'lr': 0, 'params': 276757, 'time_iter': 0.00474, 'accuracy': 0.0619, 'f1': 0.0261, 'auc': 0.70889}
test: {'epoch': 34, 'time_epoch': 0.07053, 'loss': 8.79631513, 'lr': 0, 'params': 276757, 'time_iter': 0.00504, 'accuracy': 0.05238, 'f1': 0.00867, 'auc': 0.70584}
> Epoch 34: took 1.9s (avg 2.1s) | Best so far: epoch 28	train_loss: 0.9902 train_accuracy: 0.6695	val_loss: 3.4042 val_accuracy: 0.3262	test_loss: 2.7801 test_accuracy: 0.2143	F1: 0.1700 Prec: 0.2906 Rec: 0.2143
train: {'epoch': 35, 'time_epoch': 1.75158, 'eta': 392.3777, 'eta_hours': 0.10899, 'loss': 0.91621323, 'lr': 0.00095241, 'params': 276757, 'time_iter': 0.01001, 'accuracy': 0.68763, 'f1': 0.6869, 'auc': 0.97749}
val: {'epoch': 35, 'time_epoch': 0.07059, 'loss': 9.3716701, 'lr': 0, 'params': 276757, 'time_iter': 0.00504, 'accuracy': 0.10952, 'f1': 0.04843, 'auc': 0.70305}
test: {'epoch': 35, 'time_epoch': 0.07322, 'loss': 7.56187762, 'lr': 0, 'params': 276757, 'time_iter': 0.00523, 'accuracy': 0.05238, 'f1': 0.01072, 'auc': 0.73155}
> Epoch 35: took 2.0s (avg 2.1s) | Best so far: epoch 28	train_loss: 0.9902 train_accuracy: 0.6695	val_loss: 3.4042 val_accuracy: 0.3262	test_loss: 2.7801 test_accuracy: 0.2143	F1: 0.1700 Prec: 0.2906 Rec: 0.2143
train: {'epoch': 36, 'time_epoch': 1.92452, 'eta': 391.0679, 'eta_hours': 0.10863, 'loss': 0.86702897, 'lr': 0.0009497, 'params': 276757, 'time_iter': 0.011, 'accuracy': 0.70394, 'f1': 0.70366, 'auc': 0.98029}
val: {'epoch': 36, 'time_epoch': 0.09637, 'loss': 7.06378743, 'lr': 0, 'params': 276757, 'time_iter': 0.00688, 'accuracy': 0.14524, 'f1': 0.07698, 'auc': 0.78648}
test: {'epoch': 36, 'time_epoch': 0.07808, 'loss': 5.41065185, 'lr': 0, 'params': 276757, 'time_iter': 0.00558, 'accuracy': 0.14524, 'f1': 0.10731, 'auc': 0.7952}
> Epoch 36: took 2.2s (avg 2.1s) | Best so far: epoch 28	train_loss: 0.9902 train_accuracy: 0.6695	val_loss: 3.4042 val_accuracy: 0.3262	test_loss: 2.7801 test_accuracy: 0.2143	F1: 0.1700 Prec: 0.2906 Rec: 0.2143
train: {'epoch': 37, 'time_epoch': 1.94887, 'eta': 389.86159, 'eta_hours': 0.10829, 'loss': 0.86665467, 'lr': 0.00094692, 'params': 276757, 'time_iter': 0.01114, 'accuracy': 0.70323, 'f1': 0.70298, 'auc': 0.97983}
val: {'epoch': 37, 'time_epoch': 0.06916, 'loss': 7.19998549, 'lr': 0, 'params': 276757, 'time_iter': 0.00494, 'accuracy': 0.13571, 'f1': 0.06467, 'auc': 0.75614}
test: {'epoch': 37, 'time_epoch': 0.06492, 'loss': 5.90897897, 'lr': 0, 'params': 276757, 'time_iter': 0.00464, 'accuracy': 0.11667, 'f1': 0.04164, 'auc': 0.77131}
> Epoch 37: took 2.2s (avg 2.1s) | Best so far: epoch 28	train_loss: 0.9902 train_accuracy: 0.6695	val_loss: 3.4042 val_accuracy: 0.3262	test_loss: 2.7801 test_accuracy: 0.2143	F1: 0.1700 Prec: 0.2906 Rec: 0.2143
train: {'epoch': 38, 'time_epoch': 2.12472, 'eta': 389.56863, 'eta_hours': 0.10821, 'loss': 0.84069678, 'lr': 0.00094407, 'params': 276757, 'time_iter': 0.01214, 'accuracy': 0.71595, 'f1': 0.71525, 'auc': 0.98095}
val: {'epoch': 38, 'time_epoch': 0.08217, 'loss': 5.89581202, 'lr': 0, 'params': 276757, 'time_iter': 0.00587, 'accuracy': 0.12619, 'f1': 0.08333, 'auc': 0.72204}
test: {'epoch': 38, 'time_epoch': 0.07972, 'loss': 4.8213848, 'lr': 0, 'params': 276757, 'time_iter': 0.00569, 'accuracy': 0.09762, 'f1': 0.05156, 'auc': 0.82193}
> Epoch 38: took 2.4s (avg 2.1s) | Best so far: epoch 28	train_loss: 0.9902 train_accuracy: 0.6695	val_loss: 3.4042 val_accuracy: 0.3262	test_loss: 2.7801 test_accuracy: 0.2143	F1: 0.1700 Prec: 0.2906 Rec: 0.2143
train: {'epoch': 39, 'time_epoch': 1.96109, 'eta': 388.32501, 'eta_hours': 0.10787, 'loss': 0.82640259, 'lr': 0.00094115, 'params': 276757, 'time_iter': 0.01121, 'accuracy': 0.72419, 'f1': 0.7238, 'auc': 0.98179}
val: {'epoch': 39, 'time_epoch': 0.09968, 'loss': 5.35604442, 'lr': 0, 'params': 276757, 'time_iter': 0.00712, 'accuracy': 0.11667, 'f1': 0.08597, 'auc': 0.76903}
test: {'epoch': 39, 'time_epoch': 0.06404, 'loss': 4.28018489, 'lr': 0, 'params': 276757, 'time_iter': 0.00457, 'accuracy': 0.17619, 'f1': 0.10363, 'auc': 0.83005}
> Epoch 39: took 2.2s (avg 2.1s) | Best so far: epoch 28	train_loss: 0.9902 train_accuracy: 0.6695	val_loss: 3.4042 val_accuracy: 0.3262	test_loss: 2.7801 test_accuracy: 0.2143	F1: 0.1700 Prec: 0.2906 Rec: 0.2143
train: {'epoch': 40, 'time_epoch': 2.1135, 'eta': 387.82329, 'eta_hours': 0.10773, 'loss': 0.83385941, 'lr': 0.00093815, 'params': 276757, 'time_iter': 0.01208, 'accuracy': 0.72366, 'f1': 0.72328, 'auc': 0.98138}
val: {'epoch': 40, 'time_epoch': 0.07155, 'loss': 4.59345794, 'lr': 0, 'params': 276757, 'time_iter': 0.00511, 'accuracy': 0.25476, 'f1': 0.17564, 'auc': 0.79085}
test: {'epoch': 40, 'time_epoch': 0.06497, 'loss': 4.32144545, 'lr': 0, 'params': 276757, 'time_iter': 0.00464, 'accuracy': 0.19524, 'f1': 0.12035, 'auc': 0.81029}
> Epoch 40: took 2.3s (avg 2.1s) | Best so far: epoch 28	train_loss: 0.9902 train_accuracy: 0.6695	val_loss: 3.4042 val_accuracy: 0.3262	test_loss: 2.7801 test_accuracy: 0.2143	F1: 0.1700 Prec: 0.2906 Rec: 0.2143
train: {'epoch': 41, 'time_epoch': 1.82854, 'eta': 385.83358, 'eta_hours': 0.10718, 'loss': 0.83358519, 'lr': 0.00093509, 'params': 276757, 'time_iter': 0.01045, 'accuracy': 0.719, 'f1': 0.71867, 'auc': 0.98155}
val: {'epoch': 41, 'time_epoch': 0.06212, 'loss': 7.6954831, 'lr': 0, 'params': 276757, 'time_iter': 0.00444, 'accuracy': 0.14762, 'f1': 0.05055, 'auc': 0.76542}
test: {'epoch': 41, 'time_epoch': 0.0665, 'loss': 5.92363489, 'lr': 0, 'params': 276757, 'time_iter': 0.00475, 'accuracy': 0.12619, 'f1': 0.04474, 'auc': 0.79653}
> Epoch 41: took 2.0s (avg 2.1s) | Best so far: epoch 28	train_loss: 0.9902 train_accuracy: 0.6695	val_loss: 3.4042 val_accuracy: 0.3262	test_loss: 2.7801 test_accuracy: 0.2143	F1: 0.1700 Prec: 0.2906 Rec: 0.2143
train: {'epoch': 42, 'time_epoch': 1.62711, 'eta': 382.88169, 'eta_hours': 0.10636, 'loss': 0.82692124, 'lr': 0.00093196, 'params': 276757, 'time_iter': 0.0093, 'accuracy': 0.71792, 'f1': 0.71755, 'auc': 0.98174}
val: {'epoch': 42, 'time_epoch': 0.06311, 'loss': 11.0473582, 'lr': 0, 'params': 276757, 'time_iter': 0.00451, 'accuracy': 0.11667, 'f1': 0.03432, 'auc': 0.70008}
test: {'epoch': 42, 'time_epoch': 0.05836, 'loss': 8.80149053, 'lr': 0, 'params': 276757, 'time_iter': 0.00417, 'accuracy': 0.09762, 'f1': 0.03271, 'auc': 0.7408}
> Epoch 42: took 1.8s (avg 2.1s) | Best so far: epoch 28	train_loss: 0.9902 train_accuracy: 0.6695	val_loss: 3.4042 val_accuracy: 0.3262	test_loss: 2.7801 test_accuracy: 0.2143	F1: 0.1700 Prec: 0.2906 Rec: 0.2143
train: {'epoch': 43, 'time_epoch': 1.93486, 'eta': 381.43089, 'eta_hours': 0.10595, 'loss': 0.77006015, 'lr': 0.00092876, 'params': 276757, 'time_iter': 0.01106, 'accuracy': 0.74427, 'f1': 0.74401, 'auc': 0.98402}
val: {'epoch': 43, 'time_epoch': 0.0821, 'loss': 4.08732532, 'lr': 0, 'params': 276757, 'time_iter': 0.00586, 'accuracy': 0.22857, 'f1': 0.15751, 'auc': 0.82967}
test: {'epoch': 43, 'time_epoch': 0.06473, 'loss': 3.62754291, 'lr': 0, 'params': 276757, 'time_iter': 0.00462, 'accuracy': 0.2119, 'f1': 0.15228, 'auc': 0.85078}
> Epoch 43: took 2.2s (avg 2.1s) | Best so far: epoch 28	train_loss: 0.9902 train_accuracy: 0.6695	val_loss: 3.4042 val_accuracy: 0.3262	test_loss: 2.7801 test_accuracy: 0.2143	F1: 0.1700 Prec: 0.2906 Rec: 0.2143
train: {'epoch': 44, 'time_epoch': 1.65383, 'eta': 378.6783, 'eta_hours': 0.10519, 'loss': 0.79674494, 'lr': 0.0009255, 'params': 276757, 'time_iter': 0.00945, 'accuracy': 0.73441, 'f1': 0.73428, 'auc': 0.98304}
val: {'epoch': 44, 'time_epoch': 0.06948, 'loss': 11.62639696, 'lr': 0, 'params': 276757, 'time_iter': 0.00496, 'accuracy': 0.10952, 'f1': 0.04993, 'auc': 0.70638}
test: {'epoch': 44, 'time_epoch': 0.06637, 'loss': 9.20927248, 'lr': 0, 'params': 276757, 'time_iter': 0.00474, 'accuracy': 0.07143, 'f1': 0.0141, 'auc': 0.72926}
> Epoch 44: took 1.9s (avg 2.1s) | Best so far: epoch 28	train_loss: 0.9902 train_accuracy: 0.6695	val_loss: 3.4042 val_accuracy: 0.3262	test_loss: 2.7801 test_accuracy: 0.2143	F1: 0.1700 Prec: 0.2906 Rec: 0.2143
train: {'epoch': 45, 'time_epoch': 1.70335, 'eta': 376.19309, 'eta_hours': 0.1045, 'loss': 0.78176611, 'lr': 0.00092216, 'params': 276757, 'time_iter': 0.00973, 'accuracy': 0.73692, 'f1': 0.73649, 'auc': 0.98363}
val: {'epoch': 45, 'time_epoch': 0.07049, 'loss': 5.87735488, 'lr': 0, 'params': 276757, 'time_iter': 0.00503, 'accuracy': 0.20952, 'f1': 0.15396, 'auc': 0.78812}
test: {'epoch': 45, 'time_epoch': 0.06599, 'loss': 4.88201896, 'lr': 0, 'params': 276757, 'time_iter': 0.00471, 'accuracy': 0.18571, 'f1': 0.0996, 'auc': 0.83918}
> Epoch 45: took 1.9s (avg 2.1s) | Best so far: epoch 28	train_loss: 0.9902 train_accuracy: 0.6695	val_loss: 3.4042 val_accuracy: 0.3262	test_loss: 2.7801 test_accuracy: 0.2143	F1: 0.1700 Prec: 0.2906 Rec: 0.2143
train: {'epoch': 46, 'time_epoch': 1.67097, 'eta': 373.60132, 'eta_hours': 0.10378, 'loss': 0.76223593, 'lr': 0.00091876, 'params': 276757, 'time_iter': 0.00955, 'accuracy': 0.74821, 'f1': 0.74792, 'auc': 0.98414}
val: {'epoch': 46, 'time_epoch': 0.06394, 'loss': 14.09859973, 'lr': 0, 'params': 276757, 'time_iter': 0.00457, 'accuracy': 0.05, 'f1': 0.00631, 'auc': 0.65518}
test: {'epoch': 46, 'time_epoch': 0.07729, 'loss': 11.70093674, 'lr': 0, 'params': 276757, 'time_iter': 0.00552, 'accuracy': 0.04762, 'f1': 0.00471, 'auc': 0.66246}
> Epoch 46: took 1.9s (avg 2.1s) | Best so far: epoch 28	train_loss: 0.9902 train_accuracy: 0.6695	val_loss: 3.4042 val_accuracy: 0.3262	test_loss: 2.7801 test_accuracy: 0.2143	F1: 0.1700 Prec: 0.2906 Rec: 0.2143
train: {'epoch': 47, 'time_epoch': 1.70658, 'eta': 371.19777, 'eta_hours': 0.10311, 'loss': 0.75364604, 'lr': 0.0009153, 'params': 276757, 'time_iter': 0.00975, 'accuracy': 0.74301, 'f1': 0.74267, 'auc': 0.98484}
val: {'epoch': 47, 'time_epoch': 0.08181, 'loss': 5.31783564, 'lr': 0, 'params': 276757, 'time_iter': 0.00584, 'accuracy': 0.26667, 'f1': 0.18086, 'auc': 0.79372}
test: {'epoch': 47, 'time_epoch': 0.08412, 'loss': 4.11765526, 'lr': 0, 'params': 276757, 'time_iter': 0.00601, 'accuracy': 0.16905, 'f1': 0.12833, 'auc': 0.8148}
> Epoch 47: took 1.9s (avg 2.1s) | Best so far: epoch 28	train_loss: 0.9902 train_accuracy: 0.6695	val_loss: 3.4042 val_accuracy: 0.3262	test_loss: 2.7801 test_accuracy: 0.2143	F1: 0.1700 Prec: 0.2906 Rec: 0.2143
train: {'epoch': 48, 'time_epoch': 1.83546, 'eta': 369.35134, 'eta_hours': 0.1026, 'loss': 0.74867964, 'lr': 0.00091177, 'params': 276757, 'time_iter': 0.01049, 'accuracy': 0.75, 'f1': 0.74968, 'auc': 0.98481}
val: {'epoch': 48, 'time_epoch': 0.07936, 'loss': 4.81425268, 'lr': 0, 'params': 276757, 'time_iter': 0.00567, 'accuracy': 0.15, 'f1': 0.10224, 'auc': 0.76296}
test: {'epoch': 48, 'time_epoch': 0.06287, 'loss': 3.94163223, 'lr': 0, 'params': 276757, 'time_iter': 0.00449, 'accuracy': 0.22619, 'f1': 0.1334, 'auc': 0.82891}
> Epoch 48: took 2.1s (avg 2.1s) | Best so far: epoch 28	train_loss: 0.9902 train_accuracy: 0.6695	val_loss: 3.4042 val_accuracy: 0.3262	test_loss: 2.7801 test_accuracy: 0.2143	F1: 0.1700 Prec: 0.2906 Rec: 0.2143
train: {'epoch': 49, 'time_epoch': 1.83679, 'eta': 367.51066, 'eta_hours': 0.10209, 'loss': 0.74814221, 'lr': 0.00090817, 'params': 276757, 'time_iter': 0.0105, 'accuracy': 0.74229, 'f1': 0.74212, 'auc': 0.98539}
val: {'epoch': 49, 'time_epoch': 0.07131, 'loss': 9.52689492, 'lr': 0, 'params': 276757, 'time_iter': 0.00509, 'accuracy': 0.07857, 'f1': 0.01874, 'auc': 0.67443}
test: {'epoch': 49, 'time_epoch': 0.10002, 'loss': 7.58389493, 'lr': 0, 'params': 276757, 'time_iter': 0.00714, 'accuracy': 0.11667, 'f1': 0.04523, 'auc': 0.72873}
> Epoch 49: took 2.1s (avg 2.1s) | Best so far: epoch 28	train_loss: 0.9902 train_accuracy: 0.6695	val_loss: 3.4042 val_accuracy: 0.3262	test_loss: 2.7801 test_accuracy: 0.2143	F1: 0.1700 Prec: 0.2906 Rec: 0.2143
train: {'epoch': 50, 'time_epoch': 1.755, 'eta': 365.351, 'eta_hours': 0.10149, 'loss': 0.73213174, 'lr': 0.00090451, 'params': 276757, 'time_iter': 0.01003, 'accuracy': 0.75735, 'f1': 0.75713, 'auc': 0.98571}
val: {'epoch': 50, 'time_epoch': 0.09982, 'loss': 5.77223552, 'lr': 0, 'params': 276757, 'time_iter': 0.00713, 'accuracy': 0.26429, 'f1': 0.18571, 'auc': 0.77821}
test: {'epoch': 50, 'time_epoch': 0.07424, 'loss': 4.46335726, 'lr': 0, 'params': 276757, 'time_iter': 0.0053, 'accuracy': 0.16667, 'f1': 0.12987, 'auc': 0.81591}
> Epoch 50: took 2.0s (avg 2.1s) | Best so far: epoch 28	train_loss: 0.9902 train_accuracy: 0.6695	val_loss: 3.4042 val_accuracy: 0.3262	test_loss: 2.7801 test_accuracy: 0.2143	F1: 0.1700 Prec: 0.2906 Rec: 0.2143
train: {'epoch': 51, 'time_epoch': 1.70487, 'eta': 363.01599, 'eta_hours': 0.10084, 'loss': 0.75264889, 'lr': 0.00090078, 'params': 276757, 'time_iter': 0.00974, 'accuracy': 0.74785, 'f1': 0.74739, 'auc': 0.98464}
val: {'epoch': 51, 'time_epoch': 0.06404, 'loss': 5.22204382, 'lr': 0, 'params': 276757, 'time_iter': 0.00457, 'accuracy': 0.22857, 'f1': 0.20057, 'auc': 0.77938}
test: {'epoch': 51, 'time_epoch': 0.06511, 'loss': 4.57328444, 'lr': 0, 'params': 276757, 'time_iter': 0.00465, 'accuracy': 0.20952, 'f1': 0.15176, 'auc': 0.80914}
> Epoch 51: took 1.9s (avg 2.1s) | Best so far: epoch 28	train_loss: 0.9902 train_accuracy: 0.6695	val_loss: 3.4042 val_accuracy: 0.3262	test_loss: 2.7801 test_accuracy: 0.2143	F1: 0.1700 Prec: 0.2906 Rec: 0.2143
train: {'epoch': 52, 'time_epoch': 1.85363, 'eta': 361.25772, 'eta_hours': 0.10035, 'loss': 0.74281403, 'lr': 0.000897, 'params': 276757, 'time_iter': 0.01059, 'accuracy': 0.75484, 'f1': 0.75452, 'auc': 0.98487}
val: {'epoch': 52, 'time_epoch': 0.07723, 'loss': 12.34684904, 'lr': 0, 'params': 276757, 'time_iter': 0.00552, 'accuracy': 0.10952, 'f1': 0.04909, 'auc': 0.65517}
test: {'epoch': 52, 'time_epoch': 0.06861, 'loss': 10.01422008, 'lr': 0, 'params': 276757, 'time_iter': 0.0049, 'accuracy': 0.05238, 'f1': 0.00844, 'auc': 0.69467}
> Epoch 52: took 2.1s (avg 2.1s) | Best so far: epoch 28	train_loss: 0.9902 train_accuracy: 0.6695	val_loss: 3.4042 val_accuracy: 0.3262	test_loss: 2.7801 test_accuracy: 0.2143	F1: 0.1700 Prec: 0.2906 Rec: 0.2143
train: {'epoch': 53, 'time_epoch': 1.81547, 'eta': 359.35743, 'eta_hours': 0.09982, 'loss': 0.74405159, 'lr': 0.00089314, 'params': 276757, 'time_iter': 0.01037, 'accuracy': 0.74928, 'f1': 0.74901, 'auc': 0.98523}
val: {'epoch': 53, 'time_epoch': 0.07798, 'loss': 4.05992183, 'lr': 0, 'params': 276757, 'time_iter': 0.00557, 'accuracy': 0.25476, 'f1': 0.19916, 'auc': 0.8236}
test: {'epoch': 53, 'time_epoch': 0.06636, 'loss': 3.42391709, 'lr': 0, 'params': 276757, 'time_iter': 0.00474, 'accuracy': 0.14524, 'f1': 0.10044, 'auc': 0.85235}
> Epoch 53: took 2.0s (avg 2.1s) | Best so far: epoch 28	train_loss: 0.9902 train_accuracy: 0.6695	val_loss: 3.4042 val_accuracy: 0.3262	test_loss: 2.7801 test_accuracy: 0.2143	F1: 0.1700 Prec: 0.2906 Rec: 0.2143
train: {'epoch': 54, 'time_epoch': 1.95042, 'eta': 357.93866, 'eta_hours': 0.09943, 'loss': 0.72292252, 'lr': 0.00088923, 'params': 276757, 'time_iter': 0.01115, 'accuracy': 0.75609, 'f1': 0.75586, 'auc': 0.98605}
val: {'epoch': 54, 'time_epoch': 0.07924, 'loss': 7.27321564, 'lr': 0, 'params': 276757, 'time_iter': 0.00566, 'accuracy': 0.14048, 'f1': 0.07821, 'auc': 0.73743}
test: {'epoch': 54, 'time_epoch': 0.07962, 'loss': 6.03038612, 'lr': 0, 'params': 276757, 'time_iter': 0.00569, 'accuracy': 0.13095, 'f1': 0.08775, 'auc': 0.75882}
> Epoch 54: took 2.2s (avg 2.1s) | Best so far: epoch 28	train_loss: 0.9902 train_accuracy: 0.6695	val_loss: 3.4042 val_accuracy: 0.3262	test_loss: 2.7801 test_accuracy: 0.2143	F1: 0.1700 Prec: 0.2906 Rec: 0.2143
train: {'epoch': 55, 'time_epoch': 1.91309, 'eta': 356.37158, 'eta_hours': 0.09899, 'loss': 0.68799015, 'lr': 0.00088526, 'params': 276757, 'time_iter': 0.01093, 'accuracy': 0.77204, 'f1': 0.77205, 'auc': 0.9871}
val: {'epoch': 55, 'time_epoch': 0.06902, 'loss': 4.93716823, 'lr': 0, 'params': 276757, 'time_iter': 0.00493, 'accuracy': 0.22143, 'f1': 0.14872, 'auc': 0.81266}
test: {'epoch': 55, 'time_epoch': 0.06992, 'loss': 4.23729782, 'lr': 0, 'params': 276757, 'time_iter': 0.00499, 'accuracy': 0.20238, 'f1': 0.12059, 'auc': 0.85061}
> Epoch 55: took 2.1s (avg 2.1s) | Best so far: epoch 28	train_loss: 0.9902 train_accuracy: 0.6695	val_loss: 3.4042 val_accuracy: 0.3262	test_loss: 2.7801 test_accuracy: 0.2143	F1: 0.1700 Prec: 0.2906 Rec: 0.2143
train: {'epoch': 56, 'time_epoch': 2.02224, 'eta': 355.16194, 'eta_hours': 0.09866, 'loss': 0.67006267, 'lr': 0.00088122, 'params': 276757, 'time_iter': 0.01156, 'accuracy': 0.77258, 'f1': 0.77244, 'auc': 0.98779}
val: {'epoch': 56, 'time_epoch': 0.07325, 'loss': 14.02379701, 'lr': 0, 'params': 276757, 'time_iter': 0.00523, 'accuracy': 0.10714, 'f1': 0.04194, 'auc': 0.6875}
test: {'epoch': 56, 'time_epoch': 0.08642, 'loss': 11.88445174, 'lr': 0, 'params': 276757, 'time_iter': 0.00617, 'accuracy': 0.06429, 'f1': 0.01412, 'auc': 0.67898}
> Epoch 56: took 2.2s (avg 2.1s) | Best so far: epoch 28	train_loss: 0.9902 train_accuracy: 0.6695	val_loss: 3.4042 val_accuracy: 0.3262	test_loss: 2.7801 test_accuracy: 0.2143	F1: 0.1700 Prec: 0.2906 Rec: 0.2143
train: {'epoch': 57, 'time_epoch': 1.74626, 'eta': 353.01069, 'eta_hours': 0.09806, 'loss': 0.67413329, 'lr': 0.00087713, 'params': 276757, 'time_iter': 0.00998, 'accuracy': 0.77348, 'f1': 0.77338, 'auc': 0.98788}
val: {'epoch': 57, 'time_epoch': 0.06539, 'loss': 7.2445623, 'lr': 0, 'params': 276757, 'time_iter': 0.00467, 'accuracy': 0.11667, 'f1': 0.0547, 'auc': 0.74093}
test: {'epoch': 57, 'time_epoch': 0.06627, 'loss': 5.70368595, 'lr': 0, 'params': 276757, 'time_iter': 0.00473, 'accuracy': 0.15238, 'f1': 0.08887, 'auc': 0.79996}
> Epoch 57: took 1.9s (avg 2.1s) | Best so far: epoch 28	train_loss: 0.9902 train_accuracy: 0.6695	val_loss: 3.4042 val_accuracy: 0.3262	test_loss: 2.7801 test_accuracy: 0.2143	F1: 0.1700 Prec: 0.2906 Rec: 0.2143
train: {'epoch': 58, 'time_epoch': 2.24787, 'eta': 352.49701, 'eta_hours': 0.09792, 'loss': 0.68194096, 'lr': 0.00087297, 'params': 276757, 'time_iter': 0.01284, 'accuracy': 0.76918, 'f1': 0.769, 'auc': 0.98745}
val: {'epoch': 58, 'time_epoch': 0.11896, 'loss': 7.68306269, 'lr': 0, 'params': 276757, 'time_iter': 0.0085, 'accuracy': 0.1119, 'f1': 0.06078, 'auc': 0.72789}
test: {'epoch': 58, 'time_epoch': 0.0738, 'loss': 6.21940197, 'lr': 0, 'params': 276757, 'time_iter': 0.00527, 'accuracy': 0.06429, 'f1': 0.02257, 'auc': 0.74485}
> Epoch 58: took 2.5s (avg 2.1s) | Best so far: epoch 28	train_loss: 0.9902 train_accuracy: 0.6695	val_loss: 3.4042 val_accuracy: 0.3262	test_loss: 2.7801 test_accuracy: 0.2143	F1: 0.1700 Prec: 0.2906 Rec: 0.2143
train: {'epoch': 59, 'time_epoch': 1.71596, 'eta': 350.24116, 'eta_hours': 0.09729, 'loss': 0.68848553, 'lr': 0.00086876, 'params': 276757, 'time_iter': 0.00981, 'accuracy': 0.77186, 'f1': 0.7717, 'auc': 0.9871}
val: {'epoch': 59, 'time_epoch': 0.08027, 'loss': 12.48678503, 'lr': 0, 'params': 276757, 'time_iter': 0.00573, 'accuracy': 0.11429, 'f1': 0.05011, 'auc': 0.70604}
test: {'epoch': 59, 'time_epoch': 0.07684, 'loss': 9.98541491, 'lr': 0, 'params': 276757, 'time_iter': 0.00549, 'accuracy': 0.04762, 'f1': 0.01615, 'auc': 0.72242}
> Epoch 59: took 1.9s (avg 2.1s) | Best so far: epoch 28	train_loss: 0.9902 train_accuracy: 0.6695	val_loss: 3.4042 val_accuracy: 0.3262	test_loss: 2.7801 test_accuracy: 0.2143	F1: 0.1700 Prec: 0.2906 Rec: 0.2143
train: {'epoch': 60, 'time_epoch': 1.64885, 'eta': 347.79509, 'eta_hours': 0.09661, 'loss': 0.66804271, 'lr': 0.00086448, 'params': 276757, 'time_iter': 0.00942, 'accuracy': 0.77437, 'f1': 0.77431, 'auc': 0.98807}
val: {'epoch': 60, 'time_epoch': 0.06994, 'loss': 4.38441028, 'lr': 0, 'params': 276757, 'time_iter': 0.005, 'accuracy': 0.29048, 'f1': 0.19817, 'auc': 0.80658}
test: {'epoch': 60, 'time_epoch': 0.0712, 'loss': 3.26356565, 'lr': 0, 'params': 276757, 'time_iter': 0.00509, 'accuracy': 0.23333, 'f1': 0.19623, 'auc': 0.84763}
> Epoch 60: took 1.9s (avg 2.1s) | Best so far: epoch 28	train_loss: 0.9902 train_accuracy: 0.6695	val_loss: 3.4042 val_accuracy: 0.3262	test_loss: 2.7801 test_accuracy: 0.2143	F1: 0.1700 Prec: 0.2906 Rec: 0.2143
train: {'epoch': 61, 'time_epoch': 1.75516, 'eta': 345.6971, 'eta_hours': 0.09603, 'loss': 0.63932339, 'lr': 0.00086015, 'params': 276757, 'time_iter': 0.01003, 'accuracy': 0.78871, 'f1': 0.78862, 'auc': 0.98889}
val: {'epoch': 61, 'time_epoch': 0.07256, 'loss': 10.45475078, 'lr': 0, 'params': 276757, 'time_iter': 0.00518, 'accuracy': 0.12143, 'f1': 0.04791, 'auc': 0.7309}
test: {'epoch': 61, 'time_epoch': 0.0672, 'loss': 8.40095855, 'lr': 0, 'params': 276757, 'time_iter': 0.0048, 'accuracy': 0.06905, 'f1': 0.02582, 'auc': 0.72046}
> Epoch 61: took 2.0s (avg 2.1s) | Best so far: epoch 28	train_loss: 0.9902 train_accuracy: 0.6695	val_loss: 3.4042 val_accuracy: 0.3262	test_loss: 2.7801 test_accuracy: 0.2143	F1: 0.1700 Prec: 0.2906 Rec: 0.2143
train: {'epoch': 62, 'time_epoch': 1.69139, 'eta': 343.42068, 'eta_hours': 0.09539, 'loss': 0.64525013, 'lr': 0.00085577, 'params': 276757, 'time_iter': 0.00967, 'accuracy': 0.78065, 'f1': 0.78054, 'auc': 0.9888}
val: {'epoch': 62, 'time_epoch': 0.07315, 'loss': 8.92721513, 'lr': 0, 'params': 276757, 'time_iter': 0.00522, 'accuracy': 0.13571, 'f1': 0.04203, 'auc': 0.74555}
test: {'epoch': 62, 'time_epoch': 0.06533, 'loss': 7.19129908, 'lr': 0, 'params': 276757, 'time_iter': 0.00467, 'accuracy': 0.10952, 'f1': 0.04791, 'auc': 0.75287}
> Epoch 62: took 1.9s (avg 2.1s) | Best so far: epoch 28	train_loss: 0.9902 train_accuracy: 0.6695	val_loss: 3.4042 val_accuracy: 0.3262	test_loss: 2.7801 test_accuracy: 0.2143	F1: 0.1700 Prec: 0.2906 Rec: 0.2143
train: {'epoch': 63, 'time_epoch': 1.807, 'eta': 341.49856, 'eta_hours': 0.09486, 'loss': 0.63267196, 'lr': 0.00085132, 'params': 276757, 'time_iter': 0.01033, 'accuracy': 0.7828, 'f1': 0.78256, 'auc': 0.9892}
val: {'epoch': 63, 'time_epoch': 0.06281, 'loss': 6.00911785, 'lr': 0, 'params': 276757, 'time_iter': 0.00449, 'accuracy': 0.17857, 'f1': 0.11136, 'auc': 0.78015}
test: {'epoch': 63, 'time_epoch': 0.07638, 'loss': 5.12517629, 'lr': 0, 'params': 276757, 'time_iter': 0.00546, 'accuracy': 0.11429, 'f1': 0.05314, 'auc': 0.79159}
> Epoch 63: took 2.0s (avg 2.1s) | Best so far: epoch 28	train_loss: 0.9902 train_accuracy: 0.6695	val_loss: 3.4042 val_accuracy: 0.3262	test_loss: 2.7801 test_accuracy: 0.2143	F1: 0.1700 Prec: 0.2906 Rec: 0.2143
train: {'epoch': 64, 'time_epoch': 1.84377, 'eta': 339.68461, 'eta_hours': 0.09436, 'loss': 0.642894, 'lr': 0.00084683, 'params': 276757, 'time_iter': 0.01054, 'accuracy': 0.78315, 'f1': 0.78288, 'auc': 0.98882}
val: {'epoch': 64, 'time_epoch': 0.07708, 'loss': 6.57807797, 'lr': 0, 'params': 276757, 'time_iter': 0.00551, 'accuracy': 0.1619, 'f1': 0.09844, 'auc': 0.77446}
test: {'epoch': 64, 'time_epoch': 0.06737, 'loss': 5.38691532, 'lr': 0, 'params': 276757, 'time_iter': 0.00481, 'accuracy': 0.12143, 'f1': 0.08057, 'auc': 0.76843}
> Epoch 64: took 2.1s (avg 2.1s) | Best so far: epoch 28	train_loss: 0.9902 train_accuracy: 0.6695	val_loss: 3.4042 val_accuracy: 0.3262	test_loss: 2.7801 test_accuracy: 0.2143	F1: 0.1700 Prec: 0.2906 Rec: 0.2143
train: {'epoch': 65, 'time_epoch': 1.6931, 'eta': 337.44971, 'eta_hours': 0.09374, 'loss': 0.63075987, 'lr': 0.00084227, 'params': 276757, 'time_iter': 0.00967, 'accuracy': 0.78943, 'f1': 0.78932, 'auc': 0.98925}
val: {'epoch': 65, 'time_epoch': 0.08386, 'loss': 6.19259532, 'lr': 0, 'params': 276757, 'time_iter': 0.00599, 'accuracy': 0.18571, 'f1': 0.12175, 'auc': 0.78945}
test: {'epoch': 65, 'time_epoch': 0.08145, 'loss': 5.33185293, 'lr': 0, 'params': 276757, 'time_iter': 0.00582, 'accuracy': 0.10238, 'f1': 0.06138, 'auc': 0.79816}
> Epoch 65: took 2.0s (avg 2.1s) | Best so far: epoch 28	train_loss: 0.9902 train_accuracy: 0.6695	val_loss: 3.4042 val_accuracy: 0.3262	test_loss: 2.7801 test_accuracy: 0.2143	F1: 0.1700 Prec: 0.2906 Rec: 0.2143
train: {'epoch': 66, 'time_epoch': 1.83076, 'eta': 335.60698, 'eta_hours': 0.09322, 'loss': 0.6111772, 'lr': 0.00083767, 'params': 276757, 'time_iter': 0.01046, 'accuracy': 0.79337, 'f1': 0.79337, 'auc': 0.98997}
val: {'epoch': 66, 'time_epoch': 0.06717, 'loss': 7.53418324, 'lr': 0, 'params': 276757, 'time_iter': 0.0048, 'accuracy': 0.08333, 'f1': 0.01668, 'auc': 0.73823}
test: {'epoch': 66, 'time_epoch': 0.07065, 'loss': 5.35692888, 'lr': 0, 'params': 276757, 'time_iter': 0.00505, 'accuracy': 0.1, 'f1': 0.06043, 'auc': 0.7756}
> Epoch 66: took 2.1s (avg 2.1s) | Best so far: epoch 28	train_loss: 0.9902 train_accuracy: 0.6695	val_loss: 3.4042 val_accuracy: 0.3262	test_loss: 2.7801 test_accuracy: 0.2143	F1: 0.1700 Prec: 0.2906 Rec: 0.2143
train: {'epoch': 67, 'time_epoch': 1.71164, 'eta': 333.44578, 'eta_hours': 0.09262, 'loss': 0.6055314, 'lr': 0.00083301, 'params': 276757, 'time_iter': 0.00978, 'accuracy': 0.79821, 'f1': 0.79805, 'auc': 0.99006}
val: {'epoch': 67, 'time_epoch': 0.0747, 'loss': 8.98221081, 'lr': 0, 'params': 276757, 'time_iter': 0.00534, 'accuracy': 0.08095, 'f1': 0.03506, 'auc': 0.70772}
test: {'epoch': 67, 'time_epoch': 0.06349, 'loss': 7.18574093, 'lr': 0, 'params': 276757, 'time_iter': 0.00454, 'accuracy': 0.13571, 'f1': 0.07581, 'auc': 0.77016}
> Epoch 67: took 1.9s (avg 2.1s) | Best so far: epoch 28	train_loss: 0.9902 train_accuracy: 0.6695	val_loss: 3.4042 val_accuracy: 0.3262	test_loss: 2.7801 test_accuracy: 0.2143	F1: 0.1700 Prec: 0.2906 Rec: 0.2143
train: {'epoch': 68, 'time_epoch': 1.75698, 'eta': 331.41655, 'eta_hours': 0.09206, 'loss': 0.62716084, 'lr': 0.00082829, 'params': 276757, 'time_iter': 0.01004, 'accuracy': 0.78943, 'f1': 0.78939, 'auc': 0.98942}
val: {'epoch': 68, 'time_epoch': 0.06263, 'loss': 11.97791521, 'lr': 0, 'params': 276757, 'time_iter': 0.00447, 'accuracy': 0.05, 'f1': 0.00819, 'auc': 0.66949}
test: {'epoch': 68, 'time_epoch': 0.07427, 'loss': 9.53169529, 'lr': 0, 'params': 276757, 'time_iter': 0.0053, 'accuracy': 0.08571, 'f1': 0.03255, 'auc': 0.70452}
> Epoch 68: took 2.0s (avg 2.1s) | Best so far: epoch 28	train_loss: 0.9902 train_accuracy: 0.6695	val_loss: 3.4042 val_accuracy: 0.3262	test_loss: 2.7801 test_accuracy: 0.2143	F1: 0.1700 Prec: 0.2906 Rec: 0.2143
train: {'epoch': 69, 'time_epoch': 1.75942, 'eta': 329.40138, 'eta_hours': 0.0915, 'loss': 0.61091703, 'lr': 0.00082353, 'params': 276757, 'time_iter': 0.01005, 'accuracy': 0.79677, 'f1': 0.79649, 'auc': 0.98989}
val: {'epoch': 69, 'time_epoch': 0.06625, 'loss': 10.15353008, 'lr': 0, 'params': 276757, 'time_iter': 0.00473, 'accuracy': 0.08095, 'f1': 0.0237, 'auc': 0.71192}
test: {'epoch': 69, 'time_epoch': 0.06471, 'loss': 7.56364896, 'lr': 0, 'params': 276757, 'time_iter': 0.00462, 'accuracy': 0.10714, 'f1': 0.04374, 'auc': 0.75984}
> Epoch 69: took 2.0s (avg 2.1s) | Best so far: epoch 28	train_loss: 0.9902 train_accuracy: 0.6695	val_loss: 3.4042 val_accuracy: 0.3262	test_loss: 2.7801 test_accuracy: 0.2143	F1: 0.1700 Prec: 0.2906 Rec: 0.2143
train: {'epoch': 70, 'time_epoch': 1.76363, 'eta': 327.40404, 'eta_hours': 0.09095, 'loss': 0.62603558, 'lr': 0.00081871, 'params': 276757, 'time_iter': 0.01008, 'accuracy': 0.79427, 'f1': 0.79417, 'auc': 0.98926}
val: {'epoch': 70, 'time_epoch': 0.08424, 'loss': 9.21100938, 'lr': 0, 'params': 276757, 'time_iter': 0.00602, 'accuracy': 0.06429, 'f1': 0.02946, 'auc': 0.71456}
test: {'epoch': 70, 'time_epoch': 0.09477, 'loss': 7.49871639, 'lr': 0, 'params': 276757, 'time_iter': 0.00677, 'accuracy': 0.08095, 'f1': 0.04525, 'auc': 0.70919}
> Epoch 70: took 2.0s (avg 2.1s) | Best so far: epoch 28	train_loss: 0.9902 train_accuracy: 0.6695	val_loss: 3.4042 val_accuracy: 0.3262	test_loss: 2.7801 test_accuracy: 0.2143	F1: 0.1700 Prec: 0.2906 Rec: 0.2143
train: {'epoch': 71, 'time_epoch': 1.78787, 'eta': 325.47309, 'eta_hours': 0.09041, 'loss': 0.58420346, 'lr': 0.00081385, 'params': 276757, 'time_iter': 0.01022, 'accuracy': 0.80466, 'f1': 0.80455, 'auc': 0.99081}
val: {'epoch': 71, 'time_epoch': 0.06523, 'loss': 6.00263719, 'lr': 0, 'params': 276757, 'time_iter': 0.00466, 'accuracy': 0.15, 'f1': 0.0855, 'auc': 0.79381}
test: {'epoch': 71, 'time_epoch': 0.07893, 'loss': 5.02624971, 'lr': 0, 'params': 276757, 'time_iter': 0.00564, 'accuracy': 0.10714, 'f1': 0.07255, 'auc': 0.78333}
> Epoch 71: took 2.0s (avg 2.1s) | Best so far: epoch 28	train_loss: 0.9902 train_accuracy: 0.6695	val_loss: 3.4042 val_accuracy: 0.3262	test_loss: 2.7801 test_accuracy: 0.2143	F1: 0.1700 Prec: 0.2906 Rec: 0.2143
train: {'epoch': 72, 'time_epoch': 2.00962, 'eta': 324.08375, 'eta_hours': 0.09002, 'loss': 0.58249585, 'lr': 0.00080893, 'params': 276757, 'time_iter': 0.01148, 'accuracy': 0.8052, 'f1': 0.80499, 'auc': 0.99082}
val: {'epoch': 72, 'time_epoch': 0.11158, 'loss': 4.64749157, 'lr': 0, 'params': 276757, 'time_iter': 0.00797, 'accuracy': 0.25, 'f1': 0.15054, 'auc': 0.78722}
test: {'epoch': 72, 'time_epoch': 0.07728, 'loss': 3.60784974, 'lr': 0, 'params': 276757, 'time_iter': 0.00552, 'accuracy': 0.24762, 'f1': 0.18997, 'auc': 0.84449}
> Epoch 72: took 2.3s (avg 2.1s) | Best so far: epoch 28	train_loss: 0.9902 train_accuracy: 0.6695	val_loss: 3.4042 val_accuracy: 0.3262	test_loss: 2.7801 test_accuracy: 0.2143	F1: 0.1700 Prec: 0.2906 Rec: 0.2143
train: {'epoch': 73, 'time_epoch': 1.85672, 'eta': 322.31399, 'eta_hours': 0.08953, 'loss': 0.58585467, 'lr': 0.00080397, 'params': 276757, 'time_iter': 0.01061, 'accuracy': 0.80269, 'f1': 0.80258, 'auc': 0.99062}
val: {'epoch': 73, 'time_epoch': 0.07706, 'loss': 7.72980178, 'lr': 0, 'params': 276757, 'time_iter': 0.0055, 'accuracy': 0.18333, 'f1': 0.11458, 'auc': 0.77188}
test: {'epoch': 73, 'time_epoch': 0.06788, 'loss': 6.56134413, 'lr': 0, 'params': 276757, 'time_iter': 0.00485, 'accuracy': 0.11667, 'f1': 0.07625, 'auc': 0.77061}
> Epoch 73: took 2.1s (avg 2.1s) | Best so far: epoch 28	train_loss: 0.9902 train_accuracy: 0.6695	val_loss: 3.4042 val_accuracy: 0.3262	test_loss: 2.7801 test_accuracy: 0.2143	F1: 0.1700 Prec: 0.2906 Rec: 0.2143
train: {'epoch': 74, 'time_epoch': 2.05197, 'eta': 320.99748, 'eta_hours': 0.08917, 'loss': 0.56362315, 'lr': 0.00079895, 'params': 276757, 'time_iter': 0.01173, 'accuracy': 0.819, 'f1': 0.81895, 'auc': 0.99105}
val: {'epoch': 74, 'time_epoch': 0.09433, 'loss': 6.48336153, 'lr': 0, 'params': 276757, 'time_iter': 0.00674, 'accuracy': 0.14286, 'f1': 0.09885, 'auc': 0.77985}
test: {'epoch': 74, 'time_epoch': 0.06647, 'loss': 5.51362643, 'lr': 0, 'params': 276757, 'time_iter': 0.00475, 'accuracy': 0.18333, 'f1': 0.10114, 'auc': 0.84195}
> Epoch 74: took 2.3s (avg 2.1s) | Best so far: epoch 28	train_loss: 0.9902 train_accuracy: 0.6695	val_loss: 3.4042 val_accuracy: 0.3262	test_loss: 2.7801 test_accuracy: 0.2143	F1: 0.1700 Prec: 0.2906 Rec: 0.2143
train: {'epoch': 75, 'time_epoch': 1.849, 'eta': 319.19694, 'eta_hours': 0.08867, 'loss': 0.57748863, 'lr': 0.00079389, 'params': 276757, 'time_iter': 0.01057, 'accuracy': 0.81004, 'f1': 0.80981, 'auc': 0.99075}
val: {'epoch': 75, 'time_epoch': 0.11032, 'loss': 6.01218251, 'lr': 0, 'params': 276757, 'time_iter': 0.00788, 'accuracy': 0.24524, 'f1': 0.15278, 'auc': 0.79365}
test: {'epoch': 75, 'time_epoch': 0.09373, 'loss': 5.45803264, 'lr': 0, 'params': 276757, 'time_iter': 0.0067, 'accuracy': 0.12619, 'f1': 0.07106, 'auc': 0.79093}
> Epoch 75: took 2.1s (avg 2.1s) | Best so far: epoch 28	train_loss: 0.9902 train_accuracy: 0.6695	val_loss: 3.4042 val_accuracy: 0.3262	test_loss: 2.7801 test_accuracy: 0.2143	F1: 0.1700 Prec: 0.2906 Rec: 0.2143
train: {'epoch': 76, 'time_epoch': 1.99979, 'eta': 317.73392, 'eta_hours': 0.08826, 'loss': 0.57339157, 'lr': 0.00078879, 'params': 276757, 'time_iter': 0.01143, 'accuracy': 0.81344, 'f1': 0.8134, 'auc': 0.99107}
val: {'epoch': 76, 'time_epoch': 0.07669, 'loss': 4.41609505, 'lr': 0, 'params': 276757, 'time_iter': 0.00548, 'accuracy': 0.17381, 'f1': 0.17064, 'auc': 0.79273}
test: {'epoch': 76, 'time_epoch': 0.07004, 'loss': 3.76392414, 'lr': 0, 'params': 276757, 'time_iter': 0.005, 'accuracy': 0.26667, 'f1': 0.21744, 'auc': 0.83776}
> Epoch 76: took 2.2s (avg 2.1s) | Best so far: epoch 28	train_loss: 0.9902 train_accuracy: 0.6695	val_loss: 3.4042 val_accuracy: 0.3262	test_loss: 2.7801 test_accuracy: 0.2143	F1: 0.1700 Prec: 0.2906 Rec: 0.2143
train: {'epoch': 77, 'time_epoch': 1.92174, 'eta': 316.08502, 'eta_hours': 0.0878, 'loss': 0.57242837, 'lr': 0.00078363, 'params': 276757, 'time_iter': 0.01098, 'accuracy': 0.80699, 'f1': 0.80688, 'auc': 0.99107}
val: {'epoch': 77, 'time_epoch': 0.08133, 'loss': 8.41321307, 'lr': 0, 'params': 276757, 'time_iter': 0.00581, 'accuracy': 0.12143, 'f1': 0.03806, 'auc': 0.72872}
test: {'epoch': 77, 'time_epoch': 0.06805, 'loss': 7.12352559, 'lr': 0, 'params': 276757, 'time_iter': 0.00486, 'accuracy': 0.1119, 'f1': 0.03258, 'auc': 0.73336}
> Epoch 77: took 2.2s (avg 2.1s) | Best so far: epoch 28	train_loss: 0.9902 train_accuracy: 0.6695	val_loss: 3.4042 val_accuracy: 0.3262	test_loss: 2.7801 test_accuracy: 0.2143	F1: 0.1700 Prec: 0.2906 Rec: 0.2143
train: {'epoch': 78, 'time_epoch': 1.8529, 'eta': 314.28021, 'eta_hours': 0.0873, 'loss': 0.56468104, 'lr': 0.00077844, 'params': 276757, 'time_iter': 0.01059, 'accuracy': 0.81326, 'f1': 0.81312, 'auc': 0.99143}
val: {'epoch': 78, 'time_epoch': 0.0882, 'loss': 4.39510718, 'lr': 0, 'params': 276757, 'time_iter': 0.0063, 'accuracy': 0.18571, 'f1': 0.15471, 'auc': 0.7867}
test: {'epoch': 78, 'time_epoch': 0.07393, 'loss': 3.44298651, 'lr': 0, 'params': 276757, 'time_iter': 0.00528, 'accuracy': 0.2119, 'f1': 0.15767, 'auc': 0.85909}
> Epoch 78: took 2.1s (avg 2.1s) | Best so far: epoch 28	train_loss: 0.9902 train_accuracy: 0.6695	val_loss: 3.4042 val_accuracy: 0.3262	test_loss: 2.7801 test_accuracy: 0.2143	F1: 0.1700 Prec: 0.2906 Rec: 0.2143
train: {'epoch': 79, 'time_epoch': 1.80029, 'eta': 312.3624, 'eta_hours': 0.08677, 'loss': 0.54941078, 'lr': 0.0007732, 'params': 276757, 'time_iter': 0.01029, 'accuracy': 0.81344, 'f1': 0.81332, 'auc': 0.99172}
val: {'epoch': 79, 'time_epoch': 0.07903, 'loss': 7.12202668, 'lr': 0, 'params': 276757, 'time_iter': 0.00564, 'accuracy': 0.16667, 'f1': 0.08862, 'auc': 0.76804}
test: {'epoch': 79, 'time_epoch': 0.07385, 'loss': 6.0320569, 'lr': 0, 'params': 276757, 'time_iter': 0.00528, 'accuracy': 0.1619, 'f1': 0.09043, 'auc': 0.80286}
> Epoch 79: took 2.0s (avg 2.1s) | Best so far: epoch 28	train_loss: 0.9902 train_accuracy: 0.6695	val_loss: 3.4042 val_accuracy: 0.3262	test_loss: 2.7801 test_accuracy: 0.2143	F1: 0.1700 Prec: 0.2906 Rec: 0.2143
train: {'epoch': 80, 'time_epoch': 1.89285, 'eta': 310.64062, 'eta_hours': 0.08629, 'loss': 0.55322927, 'lr': 0.00076791, 'params': 276757, 'time_iter': 0.01082, 'accuracy': 0.81559, 'f1': 0.81544, 'auc': 0.99166}
val: {'epoch': 80, 'time_epoch': 0.08987, 'loss': 3.7375673, 'lr': 0, 'params': 276757, 'time_iter': 0.00642, 'accuracy': 0.23095, 'f1': 0.15281, 'auc': 0.8408}
test: {'epoch': 80, 'time_epoch': 0.07276, 'loss': 3.55763363, 'lr': 0, 'params': 276757, 'time_iter': 0.0052, 'accuracy': 0.20714, 'f1': 0.144, 'auc': 0.85618}
> Epoch 80: took 2.1s (avg 2.1s) | Best so far: epoch 28	train_loss: 0.9902 train_accuracy: 0.6695	val_loss: 3.4042 val_accuracy: 0.3262	test_loss: 2.7801 test_accuracy: 0.2143	F1: 0.1700 Prec: 0.2906 Rec: 0.2143
train: {'epoch': 81, 'time_epoch': 1.83474, 'eta': 308.79561, 'eta_hours': 0.08578, 'loss': 0.58212784, 'lr': 0.00076259, 'params': 276757, 'time_iter': 0.01048, 'accuracy': 0.80932, 'f1': 0.80908, 'auc': 0.99043}
val: {'epoch': 81, 'time_epoch': 0.07714, 'loss': 2.95080241, 'lr': 0, 'params': 276757, 'time_iter': 0.00551, 'accuracy': 0.37381, 'f1': 0.33206, 'auc': 0.8562}
test: {'epoch': 81, 'time_epoch': 0.09691, 'loss': 2.55435532, 'lr': 0, 'params': 276757, 'time_iter': 0.00692, 'accuracy': 0.32619, 'f1': 0.30803, 'auc': 0.88438}
[*] Confusion Matrix saved to: results_lopo_none/LJ_3m\Conf\confusion_matrix_epoch_81.png
> Epoch 81: took 2.1s (avg 2.1s) | Best so far: epoch 81	train_loss: 0.5821 train_accuracy: 0.8093	val_loss: 2.9508 val_accuracy: 0.3738	test_loss: 2.5544 test_accuracy: 0.3262	F1: 0.3080 Prec: 0.4076 Rec: 0.3262
train: {'epoch': 82, 'time_epoch': 1.78177, 'eta': 306.84425, 'eta_hours': 0.08523, 'loss': 0.56289034, 'lr': 0.00075722, 'params': 276757, 'time_iter': 0.01018, 'accuracy': 0.81595, 'f1': 0.81576, 'auc': 0.9913}
val: {'epoch': 82, 'time_epoch': 0.07737, 'loss': 5.0283511, 'lr': 0, 'params': 276757, 'time_iter': 0.00553, 'accuracy': 0.2, 'f1': 0.13817, 'auc': 0.82307}
test: {'epoch': 82, 'time_epoch': 0.07541, 'loss': 4.47839306, 'lr': 0, 'params': 276757, 'time_iter': 0.00539, 'accuracy': 0.19286, 'f1': 0.12484, 'auc': 0.84621}
> Epoch 82: took 2.0s (avg 2.1s) | Best so far: epoch 81	train_loss: 0.5821 train_accuracy: 0.8093	val_loss: 2.9508 val_accuracy: 0.3738	test_loss: 2.5544 test_accuracy: 0.3262	F1: 0.3080 Prec: 0.4076 Rec: 0.3262
train: {'epoch': 83, 'time_epoch': 1.73579, 'eta': 304.80608, 'eta_hours': 0.08467, 'loss': 0.52785388, 'lr': 0.00075181, 'params': 276757, 'time_iter': 0.00992, 'accuracy': 0.82401, 'f1': 0.824, 'auc': 0.99231}
val: {'epoch': 83, 'time_epoch': 0.06846, 'loss': 8.133793, 'lr': 0, 'params': 276757, 'time_iter': 0.00489, 'accuracy': 0.17143, 'f1': 0.08588, 'auc': 0.76974}
test: {'epoch': 83, 'time_epoch': 0.07006, 'loss': 6.29500245, 'lr': 0, 'params': 276757, 'time_iter': 0.005, 'accuracy': 0.10952, 'f1': 0.08927, 'auc': 0.7752}
> Epoch 83: took 2.0s (avg 2.1s) | Best so far: epoch 81	train_loss: 0.5821 train_accuracy: 0.8093	val_loss: 2.9508 val_accuracy: 0.3738	test_loss: 2.5544 test_accuracy: 0.3262	F1: 0.3080 Prec: 0.4076 Rec: 0.3262
train: {'epoch': 84, 'time_epoch': 1.831, 'eta': 302.95985, 'eta_hours': 0.08416, 'loss': 0.52689619, 'lr': 0.00074636, 'params': 276757, 'time_iter': 0.01046, 'accuracy': 0.82097, 'f1': 0.82078, 'auc': 0.99246}
val: {'epoch': 84, 'time_epoch': 0.07966, 'loss': 4.54035036, 'lr': 0, 'params': 276757, 'time_iter': 0.00569, 'accuracy': 0.15, 'f1': 0.11636, 'auc': 0.78472}
test: {'epoch': 84, 'time_epoch': 0.09285, 'loss': 3.34401304, 'lr': 0, 'params': 276757, 'time_iter': 0.00663, 'accuracy': 0.24762, 'f1': 0.18967, 'auc': 0.87099}
> Epoch 84: took 2.1s (avg 2.1s) | Best so far: epoch 81	train_loss: 0.5821 train_accuracy: 0.8093	val_loss: 2.9508 val_accuracy: 0.3738	test_loss: 2.5544 test_accuracy: 0.3262	F1: 0.3080 Prec: 0.4076 Rec: 0.3262
train: {'epoch': 85, 'time_epoch': 1.65685, 'eta': 300.78187, 'eta_hours': 0.08355, 'loss': 0.52312005, 'lr': 0.00074088, 'params': 276757, 'time_iter': 0.00947, 'accuracy': 0.82545, 'f1': 0.8253, 'auc': 0.99265}
val: {'epoch': 85, 'time_epoch': 0.07068, 'loss': 9.25069924, 'lr': 0, 'params': 276757, 'time_iter': 0.00505, 'accuracy': 0.09524, 'f1': 0.03341, 'auc': 0.73299}
test: {'epoch': 85, 'time_epoch': 0.06383, 'loss': 7.02190685, 'lr': 0, 'params': 276757, 'time_iter': 0.00456, 'accuracy': 0.09286, 'f1': 0.0319, 'auc': 0.76211}
> Epoch 85: took 1.9s (avg 2.1s) | Best so far: epoch 81	train_loss: 0.5821 train_accuracy: 0.8093	val_loss: 2.9508 val_accuracy: 0.3738	test_loss: 2.5544 test_accuracy: 0.3262	F1: 0.3080 Prec: 0.4076 Rec: 0.3262
train: {'epoch': 86, 'time_epoch': 1.81939, 'eta': 298.9204, 'eta_hours': 0.08303, 'loss': 0.51289229, 'lr': 0.00073535, 'params': 276757, 'time_iter': 0.0104, 'accuracy': 0.831, 'f1': 0.8309, 'auc': 0.99282}
val: {'epoch': 86, 'time_epoch': 0.07488, 'loss': 5.24703773, 'lr': 0, 'params': 276757, 'time_iter': 0.00535, 'accuracy': 0.25, 'f1': 0.17006, 'auc': 0.81323}
test: {'epoch': 86, 'time_epoch': 0.06345, 'loss': 4.21192062, 'lr': 0, 'params': 276757, 'time_iter': 0.00453, 'accuracy': 0.19286, 'f1': 0.14052, 'auc': 0.83376}
> Epoch 86: took 2.0s (avg 2.1s) | Best so far: epoch 81	train_loss: 0.5821 train_accuracy: 0.8093	val_loss: 2.9508 val_accuracy: 0.3738	test_loss: 2.5544 test_accuracy: 0.3262	F1: 0.3080 Prec: 0.4076 Rec: 0.3262
train: {'epoch': 87, 'time_epoch': 2.01433, 'eta': 297.41875, 'eta_hours': 0.08262, 'loss': 0.50953462, 'lr': 0.00072979, 'params': 276757, 'time_iter': 0.01151, 'accuracy': 0.83172, 'f1': 0.83171, 'auc': 0.99286}
val: {'epoch': 87, 'time_epoch': 0.0764, 'loss': 7.51463252, 'lr': 0, 'params': 276757, 'time_iter': 0.00546, 'accuracy': 0.17143, 'f1': 0.09065, 'auc': 0.75639}
test: {'epoch': 87, 'time_epoch': 0.06151, 'loss': 5.9051838, 'lr': 0, 'params': 276757, 'time_iter': 0.00439, 'accuracy': 0.14048, 'f1': 0.09059, 'auc': 0.78076}
> Epoch 87: took 2.2s (avg 2.1s) | Best so far: epoch 81	train_loss: 0.5821 train_accuracy: 0.8093	val_loss: 2.9508 val_accuracy: 0.3738	test_loss: 2.5544 test_accuracy: 0.3262	F1: 0.3080 Prec: 0.4076 Rec: 0.3262
train: {'epoch': 88, 'time_epoch': 1.66779, 'eta': 295.27869, 'eta_hours': 0.08202, 'loss': 0.51920182, 'lr': 0.00072419, 'params': 276757, 'time_iter': 0.00953, 'accuracy': 0.82437, 'f1': 0.82414, 'auc': 0.99261}
val: {'epoch': 88, 'time_epoch': 0.09428, 'loss': 9.72027815, 'lr': 0, 'params': 276757, 'time_iter': 0.00673, 'accuracy': 0.12619, 'f1': 0.07624, 'auc': 0.74822}
test: {'epoch': 88, 'time_epoch': 0.09272, 'loss': 7.65121372, 'lr': 0, 'params': 276757, 'time_iter': 0.00662, 'accuracy': 0.09286, 'f1': 0.03666, 'auc': 0.78233}
> Epoch 88: took 1.9s (avg 2.1s) | Best so far: epoch 81	train_loss: 0.5821 train_accuracy: 0.8093	val_loss: 2.9508 val_accuracy: 0.3738	test_loss: 2.5544 test_accuracy: 0.3262	F1: 0.3080 Prec: 0.4076 Rec: 0.3262
train: {'epoch': 89, 'time_epoch': 1.77729, 'eta': 293.34378, 'eta_hours': 0.08148, 'loss': 0.516542, 'lr': 0.00071856, 'params': 276757, 'time_iter': 0.01016, 'accuracy': 0.82384, 'f1': 0.82386, 'auc': 0.99264}
val: {'epoch': 89, 'time_epoch': 0.06996, 'loss': 5.99644913, 'lr': 0, 'params': 276757, 'time_iter': 0.005, 'accuracy': 0.20714, 'f1': 0.12531, 'auc': 0.78786}
test: {'epoch': 89, 'time_epoch': 0.06934, 'loss': 4.61848937, 'lr': 0, 'params': 276757, 'time_iter': 0.00495, 'accuracy': 0.20714, 'f1': 0.14828, 'auc': 0.83764}
> Epoch 89: took 2.0s (avg 2.1s) | Best so far: epoch 81	train_loss: 0.5821 train_accuracy: 0.8093	val_loss: 2.9508 val_accuracy: 0.3738	test_loss: 2.5544 test_accuracy: 0.3262	F1: 0.3080 Prec: 0.4076 Rec: 0.3262
train: {'epoch': 90, 'time_epoch': 1.94299, 'eta': 291.70187, 'eta_hours': 0.08103, 'loss': 0.50230665, 'lr': 0.00071289, 'params': 276757, 'time_iter': 0.0111, 'accuracy': 0.82706, 'f1': 0.82683, 'auc': 0.9931}
val: {'epoch': 90, 'time_epoch': 0.0942, 'loss': 4.58007066, 'lr': 0, 'params': 276757, 'time_iter': 0.00673, 'accuracy': 0.21905, 'f1': 0.18373, 'auc': 0.81395}
test: {'epoch': 90, 'time_epoch': 0.09718, 'loss': 3.80799429, 'lr': 0, 'params': 276757, 'time_iter': 0.00694, 'accuracy': 0.27381, 'f1': 0.22592, 'auc': 0.85355}
> Epoch 90: took 2.2s (avg 2.1s) | Best so far: epoch 81	train_loss: 0.5821 train_accuracy: 0.8093	val_loss: 2.9508 val_accuracy: 0.3738	test_loss: 2.5544 test_accuracy: 0.3262	F1: 0.3080 Prec: 0.4076 Rec: 0.3262
train: {'epoch': 91, 'time_epoch': 2.02459, 'eta': 290.19354, 'eta_hours': 0.08061, 'loss': 0.50914611, 'lr': 0.00070719, 'params': 276757, 'time_iter': 0.01157, 'accuracy': 0.82903, 'f1': 0.829, 'auc': 0.99292}
val: {'epoch': 91, 'time_epoch': 0.06949, 'loss': 5.86531404, 'lr': 0, 'params': 276757, 'time_iter': 0.00496, 'accuracy': 0.19048, 'f1': 0.11448, 'auc': 0.79717}
test: {'epoch': 91, 'time_epoch': 0.06587, 'loss': 4.56226372, 'lr': 0, 'params': 276757, 'time_iter': 0.00471, 'accuracy': 0.20238, 'f1': 0.15205, 'auc': 0.8203}
> Epoch 91: took 2.3s (avg 2.1s) | Best so far: epoch 81	train_loss: 0.5821 train_accuracy: 0.8093	val_loss: 2.9508 val_accuracy: 0.3738	test_loss: 2.5544 test_accuracy: 0.3262	F1: 0.3080 Prec: 0.4076 Rec: 0.3262
train: {'epoch': 92, 'time_epoch': 1.94791, 'eta': 288.54467, 'eta_hours': 0.08015, 'loss': 0.51732927, 'lr': 0.00070145, 'params': 276757, 'time_iter': 0.01113, 'accuracy': 0.83351, 'f1': 0.83333, 'auc': 0.99258}
val: {'epoch': 92, 'time_epoch': 0.07125, 'loss': 9.39991042, 'lr': 0, 'params': 276757, 'time_iter': 0.00509, 'accuracy': 0.14286, 'f1': 0.04873, 'auc': 0.7528}
test: {'epoch': 92, 'time_epoch': 0.06859, 'loss': 7.41028955, 'lr': 0, 'params': 276757, 'time_iter': 0.0049, 'accuracy': 0.09048, 'f1': 0.0308, 'auc': 0.76796}
> Epoch 92: took 2.2s (avg 2.1s) | Best so far: epoch 81	train_loss: 0.5821 train_accuracy: 0.8093	val_loss: 2.9508 val_accuracy: 0.3738	test_loss: 2.5544 test_accuracy: 0.3262	F1: 0.3080 Prec: 0.4076 Rec: 0.3262
train: {'epoch': 93, 'time_epoch': 1.98143, 'eta': 286.94506, 'eta_hours': 0.07971, 'loss': 0.50168301, 'lr': 0.00069569, 'params': 276757, 'time_iter': 0.01132, 'accuracy': 0.82115, 'f1': 0.82091, 'auc': 0.9933}
val: {'epoch': 93, 'time_epoch': 0.11079, 'loss': 7.79800609, 'lr': 0, 'params': 276757, 'time_iter': 0.00791, 'accuracy': 0.12381, 'f1': 0.06895, 'auc': 0.75486}
test: {'epoch': 93, 'time_epoch': 0.09781, 'loss': 5.97073529, 'lr': 0, 'params': 276757, 'time_iter': 0.00699, 'accuracy': 0.08095, 'f1': 0.06051, 'auc': 0.79063}
> Epoch 93: took 2.3s (avg 2.1s) | Best so far: epoch 81	train_loss: 0.5821 train_accuracy: 0.8093	val_loss: 2.9508 val_accuracy: 0.3738	test_loss: 2.5544 test_accuracy: 0.3262	F1: 0.3080 Prec: 0.4076 Rec: 0.3262
train: {'epoch': 94, 'time_epoch': 2.14288, 'eta': 285.60084, 'eta_hours': 0.07933, 'loss': 0.45601601, 'lr': 0.00068989, 'params': 276757, 'time_iter': 0.01225, 'accuracy': 0.85143, 'f1': 0.85137, 'auc': 0.99419}
val: {'epoch': 94, 'time_epoch': 0.07917, 'loss': 4.8125831, 'lr': 0, 'params': 276757, 'time_iter': 0.00566, 'accuracy': 0.28571, 'f1': 0.20403, 'auc': 0.83913}
test: {'epoch': 94, 'time_epoch': 0.08216, 'loss': 4.08356468, 'lr': 0, 'params': 276757, 'time_iter': 0.00587, 'accuracy': 0.24048, 'f1': 0.17575, 'auc': 0.86536}
> Epoch 94: took 2.4s (avg 2.1s) | Best so far: epoch 81	train_loss: 0.5821 train_accuracy: 0.8093	val_loss: 2.9508 val_accuracy: 0.3738	test_loss: 2.5544 test_accuracy: 0.3262	F1: 0.3080 Prec: 0.4076 Rec: 0.3262
train: {'epoch': 95, 'time_epoch': 1.71291, 'eta': 283.55023, 'eta_hours': 0.07876, 'loss': 0.50497204, 'lr': 0.00068406, 'params': 276757, 'time_iter': 0.00979, 'accuracy': 0.82993, 'f1': 0.82983, 'auc': 0.99303}
val: {'epoch': 95, 'time_epoch': 0.0731, 'loss': 11.48690594, 'lr': 0, 'params': 276757, 'time_iter': 0.00522, 'accuracy': 0.13333, 'f1': 0.04558, 'auc': 0.71996}
test: {'epoch': 95, 'time_epoch': 0.07422, 'loss': 9.53362924, 'lr': 0, 'params': 276757, 'time_iter': 0.0053, 'accuracy': 0.09286, 'f1': 0.02126, 'auc': 0.74289}
> Epoch 95: took 1.9s (avg 2.1s) | Best so far: epoch 81	train_loss: 0.5821 train_accuracy: 0.8093	val_loss: 2.9508 val_accuracy: 0.3738	test_loss: 2.5544 test_accuracy: 0.3262	F1: 0.3080 Prec: 0.4076 Rec: 0.3262
train: {'epoch': 96, 'time_epoch': 1.88626, 'eta': 281.78001, 'eta_hours': 0.07827, 'loss': 0.47827852, 'lr': 0.00067821, 'params': 276757, 'time_iter': 0.01078, 'accuracy': 0.84247, 'f1': 0.84244, 'auc': 0.99371}
val: {'epoch': 96, 'time_epoch': 0.07434, 'loss': 3.90384373, 'lr': 0, 'params': 276757, 'time_iter': 0.00531, 'accuracy': 0.29048, 'f1': 0.19723, 'auc': 0.85654}
test: {'epoch': 96, 'time_epoch': 0.0772, 'loss': 3.40114846, 'lr': 0, 'params': 276757, 'time_iter': 0.00551, 'accuracy': 0.23095, 'f1': 0.20045, 'auc': 0.86231}
> Epoch 96: took 2.2s (avg 2.1s) | Best so far: epoch 81	train_loss: 0.5821 train_accuracy: 0.8093	val_loss: 2.9508 val_accuracy: 0.3738	test_loss: 2.5544 test_accuracy: 0.3262	F1: 0.3080 Prec: 0.4076 Rec: 0.3262
train: {'epoch': 97, 'time_epoch': 1.78765, 'eta': 279.85448, 'eta_hours': 0.07774, 'loss': 0.48932334, 'lr': 0.00067232, 'params': 276757, 'time_iter': 0.01022, 'accuracy': 0.83423, 'f1': 0.83419, 'auc': 0.99348}
val: {'epoch': 97, 'time_epoch': 0.07088, 'loss': 2.88611228, 'lr': 0, 'params': 276757, 'time_iter': 0.00506, 'accuracy': 0.37143, 'f1': 0.29784, 'auc': 0.86514}
test: {'epoch': 97, 'time_epoch': 0.06406, 'loss': 2.52394393, 'lr': 0, 'params': 276757, 'time_iter': 0.00458, 'accuracy': 0.3381, 'f1': 0.31131, 'auc': 0.8898}
> Epoch 97: took 2.0s (avg 2.1s) | Best so far: epoch 81	train_loss: 0.5821 train_accuracy: 0.8093	val_loss: 2.9508 val_accuracy: 0.3738	test_loss: 2.5544 test_accuracy: 0.3262	F1: 0.3080 Prec: 0.4076 Rec: 0.3262
train: {'epoch': 98, 'time_epoch': 1.84073, 'eta': 278.0127, 'eta_hours': 0.07723, 'loss': 0.46517039, 'lr': 0.00066641, 'params': 276757, 'time_iter': 0.01052, 'accuracy': 0.84534, 'f1': 0.84533, 'auc': 0.99408}
val: {'epoch': 98, 'time_epoch': 0.06785, 'loss': 7.62279024, 'lr': 0, 'params': 276757, 'time_iter': 0.00485, 'accuracy': 0.12143, 'f1': 0.06324, 'auc': 0.76581}
test: {'epoch': 98, 'time_epoch': 0.07712, 'loss': 5.82726384, 'lr': 0, 'params': 276757, 'time_iter': 0.00551, 'accuracy': 0.16667, 'f1': 0.09513, 'auc': 0.80789}
> Epoch 98: took 2.1s (avg 2.1s) | Best so far: epoch 81	train_loss: 0.5821 train_accuracy: 0.8093	val_loss: 2.9508 val_accuracy: 0.3738	test_loss: 2.5544 test_accuracy: 0.3262	F1: 0.3080 Prec: 0.4076 Rec: 0.3262
train: {'epoch': 99, 'time_epoch': 1.75988, 'eta': 276.04965, 'eta_hours': 0.07668, 'loss': 0.45757771, 'lr': 0.00066047, 'params': 276757, 'time_iter': 0.01006, 'accuracy': 0.84964, 'f1': 0.84957, 'auc': 0.99422}
val: {'epoch': 99, 'time_epoch': 0.08184, 'loss': 3.65613738, 'lr': 0, 'params': 276757, 'time_iter': 0.00585, 'accuracy': 0.27381, 'f1': 0.19052, 'auc': 0.85358}
test: {'epoch': 99, 'time_epoch': 0.10717, 'loss': 3.14578448, 'lr': 0, 'params': 276757, 'time_iter': 0.00766, 'accuracy': 0.21905, 'f1': 0.18757, 'auc': 0.85615}
> Epoch 99: took 2.0s (avg 2.1s) | Best so far: epoch 81	train_loss: 0.5821 train_accuracy: 0.8093	val_loss: 2.9508 val_accuracy: 0.3738	test_loss: 2.5544 test_accuracy: 0.3262	F1: 0.3080 Prec: 0.4076 Rec: 0.3262
train: {'epoch': 100, 'time_epoch': 1.92473, 'eta': 274.33383, 'eta_hours': 0.0762, 'loss': 0.46358298, 'lr': 0.00065451, 'params': 276757, 'time_iter': 0.011, 'accuracy': 0.84588, 'f1': 0.84557, 'auc': 0.99408}
val: {'epoch': 100, 'time_epoch': 0.09402, 'loss': 7.01614945, 'lr': 0, 'params': 276757, 'time_iter': 0.00672, 'accuracy': 0.19048, 'f1': 0.13609, 'auc': 0.75749}
test: {'epoch': 100, 'time_epoch': 0.06684, 'loss': 6.47755607, 'lr': 0, 'params': 276757, 'time_iter': 0.00477, 'accuracy': 0.13095, 'f1': 0.08346, 'auc': 0.7739}
> Epoch 100: took 2.2s (avg 2.1s) | Best so far: epoch 81	train_loss: 0.5821 train_accuracy: 0.8093	val_loss: 2.9508 val_accuracy: 0.3738	test_loss: 2.5544 test_accuracy: 0.3262	F1: 0.3080 Prec: 0.4076 Rec: 0.3262
train: {'epoch': 101, 'time_epoch': 1.9762, 'eta': 272.68859, 'eta_hours': 0.07575, 'loss': 0.45522096, 'lr': 0.00064852, 'params': 276757, 'time_iter': 0.01129, 'accuracy': 0.85269, 'f1': 0.85267, 'auc': 0.99423}
val: {'epoch': 101, 'time_epoch': 0.06519, 'loss': 8.00787437, 'lr': 0, 'params': 276757, 'time_iter': 0.00466, 'accuracy': 0.15476, 'f1': 0.07575, 'auc': 0.75712}
test: {'epoch': 101, 'time_epoch': 0.06608, 'loss': 6.08662677, 'lr': 0, 'params': 276757, 'time_iter': 0.00472, 'accuracy': 0.12381, 'f1': 0.06622, 'auc': 0.80033}
> Epoch 101: took 2.2s (avg 2.1s) | Best so far: epoch 81	train_loss: 0.5821 train_accuracy: 0.8093	val_loss: 2.9508 val_accuracy: 0.3738	test_loss: 2.5544 test_accuracy: 0.3262	F1: 0.3080 Prec: 0.4076 Rec: 0.3262
train: {'epoch': 102, 'time_epoch': 1.82936, 'eta': 270.82736, 'eta_hours': 0.07523, 'loss': 0.44634839, 'lr': 0.00064251, 'params': 276757, 'time_iter': 0.01045, 'accuracy': 0.84946, 'f1': 0.84934, 'auc': 0.99461}
val: {'epoch': 102, 'time_epoch': 0.0683, 'loss': 8.36582082, 'lr': 0, 'params': 276757, 'time_iter': 0.00488, 'accuracy': 0.1619, 'f1': 0.08697, 'auc': 0.77845}
test: {'epoch': 102, 'time_epoch': 0.06201, 'loss': 6.24513596, 'lr': 0, 'params': 276757, 'time_iter': 0.00443, 'accuracy': 0.13333, 'f1': 0.08129, 'auc': 0.7849}
> Epoch 102: took 2.0s (avg 2.1s) | Best so far: epoch 81	train_loss: 0.5821 train_accuracy: 0.8093	val_loss: 2.9508 val_accuracy: 0.3738	test_loss: 2.5544 test_accuracy: 0.3262	F1: 0.3080 Prec: 0.4076 Rec: 0.3262
train: {'epoch': 103, 'time_epoch': 1.76692, 'eta': 268.8791, 'eta_hours': 0.07469, 'loss': 0.43018685, 'lr': 0.00063648, 'params': 276757, 'time_iter': 0.0101, 'accuracy': 0.85609, 'f1': 0.85603, 'auc': 0.99485}
val: {'epoch': 103, 'time_epoch': 0.07258, 'loss': 9.77937904, 'lr': 0, 'params': 276757, 'time_iter': 0.00518, 'accuracy': 0.12857, 'f1': 0.05374, 'auc': 0.71852}
test: {'epoch': 103, 'time_epoch': 0.08666, 'loss': 7.65339562, 'lr': 0, 'params': 276757, 'time_iter': 0.00619, 'accuracy': 0.1119, 'f1': 0.05917, 'auc': 0.74296}
> Epoch 103: took 2.0s (avg 2.1s) | Best so far: epoch 81	train_loss: 0.5821 train_accuracy: 0.8093	val_loss: 2.9508 val_accuracy: 0.3738	test_loss: 2.5544 test_accuracy: 0.3262	F1: 0.3080 Prec: 0.4076 Rec: 0.3262
train: {'epoch': 104, 'time_epoch': 1.76256, 'eta': 266.92825, 'eta_hours': 0.07415, 'loss': 0.44811598, 'lr': 0.00063042, 'params': 276757, 'time_iter': 0.01007, 'accuracy': 0.85072, 'f1': 0.85065, 'auc': 0.99447}
val: {'epoch': 104, 'time_epoch': 0.0632, 'loss': 12.78937649, 'lr': 0, 'params': 276757, 'time_iter': 0.00451, 'accuracy': 0.06429, 'f1': 0.02787, 'auc': 0.67951}
test: {'epoch': 104, 'time_epoch': 0.068, 'loss': 10.45481471, 'lr': 0, 'params': 276757, 'time_iter': 0.00486, 'accuracy': 0.05238, 'f1': 0.01111, 'auc': 0.69369}
> Epoch 104: took 2.0s (avg 2.1s) | Best so far: epoch 81	train_loss: 0.5821 train_accuracy: 0.8093	val_loss: 2.9508 val_accuracy: 0.3738	test_loss: 2.5544 test_accuracy: 0.3262	F1: 0.3080 Prec: 0.4076 Rec: 0.3262
train: {'epoch': 105, 'time_epoch': 1.81963, 'eta': 265.05849, 'eta_hours': 0.07363, 'loss': 0.45491629, 'lr': 0.00062434, 'params': 276757, 'time_iter': 0.0104, 'accuracy': 0.84337, 'f1': 0.84326, 'auc': 0.99428}
val: {'epoch': 105, 'time_epoch': 0.07305, 'loss': 9.8731207, 'lr': 0, 'params': 276757, 'time_iter': 0.00522, 'accuracy': 0.15238, 'f1': 0.06557, 'auc': 0.73995}
test: {'epoch': 105, 'time_epoch': 0.06957, 'loss': 7.05397917, 'lr': 0, 'params': 276757, 'time_iter': 0.00497, 'accuracy': 0.11905, 'f1': 0.04451, 'auc': 0.79512}
> Epoch 105: took 2.0s (avg 2.1s) | Best so far: epoch 81	train_loss: 0.5821 train_accuracy: 0.8093	val_loss: 2.9508 val_accuracy: 0.3738	test_loss: 2.5544 test_accuracy: 0.3262	F1: 0.3080 Prec: 0.4076 Rec: 0.3262
train: {'epoch': 106, 'time_epoch': 1.71523, 'eta': 263.05014, 'eta_hours': 0.07307, 'loss': 0.44976248, 'lr': 0.00061825, 'params': 276757, 'time_iter': 0.0098, 'accuracy': 0.8491, 'f1': 0.84901, 'auc': 0.9943}
val: {'epoch': 106, 'time_epoch': 0.08169, 'loss': 8.55945898, 'lr': 0, 'params': 276757, 'time_iter': 0.00584, 'accuracy': 0.15, 'f1': 0.05678, 'auc': 0.74575}
test: {'epoch': 106, 'time_epoch': 0.08887, 'loss': 6.01990279, 'lr': 0, 'params': 276757, 'time_iter': 0.00635, 'accuracy': 0.13095, 'f1': 0.09239, 'auc': 0.80651}
> Epoch 106: took 2.0s (avg 2.1s) | Best so far: epoch 81	train_loss: 0.5821 train_accuracy: 0.8093	val_loss: 2.9508 val_accuracy: 0.3738	test_loss: 2.5544 test_accuracy: 0.3262	F1: 0.3080 Prec: 0.4076 Rec: 0.3262
train: {'epoch': 107, 'time_epoch': 1.74515, 'eta': 261.08655, 'eta_hours': 0.07252, 'loss': 0.43495669, 'lr': 0.00061214, 'params': 276757, 'time_iter': 0.00997, 'accuracy': 0.85753, 'f1': 0.85744, 'auc': 0.99484}
val: {'epoch': 107, 'time_epoch': 0.07394, 'loss': 3.37569482, 'lr': 0, 'params': 276757, 'time_iter': 0.00528, 'accuracy': 0.26905, 'f1': 0.21487, 'auc': 0.87109}
test: {'epoch': 107, 'time_epoch': 0.06633, 'loss': 3.15361548, 'lr': 0, 'params': 276757, 'time_iter': 0.00474, 'accuracy': 0.24524, 'f1': 0.21384, 'auc': 0.87363}
> Epoch 107: took 2.0s (avg 2.1s) | Best so far: epoch 81	train_loss: 0.5821 train_accuracy: 0.8093	val_loss: 2.9508 val_accuracy: 0.3738	test_loss: 2.5544 test_accuracy: 0.3262	F1: 0.3080 Prec: 0.4076 Rec: 0.3262
train: {'epoch': 108, 'time_epoch': 1.97898, 'eta': 259.42946, 'eta_hours': 0.07206, 'loss': 0.47301514, 'lr': 0.000606, 'params': 276757, 'time_iter': 0.01131, 'accuracy': 0.84588, 'f1': 0.84575, 'auc': 0.99363}
val: {'epoch': 108, 'time_epoch': 0.07839, 'loss': 6.93646582, 'lr': 0, 'params': 276757, 'time_iter': 0.0056, 'accuracy': 0.19762, 'f1': 0.1165, 'auc': 0.77904}
test: {'epoch': 108, 'time_epoch': 0.06736, 'loss': 5.4683559, 'lr': 0, 'params': 276757, 'time_iter': 0.00481, 'accuracy': 0.16905, 'f1': 0.11671, 'auc': 0.82279}
> Epoch 108: took 2.2s (avg 2.1s) | Best so far: epoch 81	train_loss: 0.5821 train_accuracy: 0.8093	val_loss: 2.9508 val_accuracy: 0.3738	test_loss: 2.5544 test_accuracy: 0.3262	F1: 0.3080 Prec: 0.4076 Rec: 0.3262
train: {'epoch': 109, 'time_epoch': 1.89644, 'eta': 257.66146, 'eta_hours': 0.07157, 'loss': 0.42281721, 'lr': 0.00059985, 'params': 276757, 'time_iter': 0.01084, 'accuracy': 0.85627, 'f1': 0.85632, 'auc': 0.99516}
val: {'epoch': 109, 'time_epoch': 0.06971, 'loss': 3.50426076, 'lr': 0, 'params': 276757, 'time_iter': 0.00498, 'accuracy': 0.29524, 'f1': 0.24531, 'auc': 0.84512}
test: {'epoch': 109, 'time_epoch': 0.0687, 'loss': 2.78938185, 'lr': 0, 'params': 276757, 'time_iter': 0.00491, 'accuracy': 0.3, 'f1': 0.26131, 'auc': 0.89791}
> Epoch 109: took 2.1s (avg 2.1s) | Best so far: epoch 81	train_loss: 0.5821 train_accuracy: 0.8093	val_loss: 2.9508 val_accuracy: 0.3738	test_loss: 2.5544 test_accuracy: 0.3262	F1: 0.3080 Prec: 0.4076 Rec: 0.3262
train: {'epoch': 110, 'time_epoch': 1.99458, 'eta': 256.01404, 'eta_hours': 0.07112, 'loss': 0.43176747, 'lr': 0.00059369, 'params': 276757, 'time_iter': 0.0114, 'accuracy': 0.85394, 'f1': 0.85393, 'auc': 0.99487}
val: {'epoch': 110, 'time_epoch': 0.07513, 'loss': 4.67903161, 'lr': 0, 'params': 276757, 'time_iter': 0.00537, 'accuracy': 0.26905, 'f1': 0.23012, 'auc': 0.81492}
test: {'epoch': 110, 'time_epoch': 0.06607, 'loss': 3.96466448, 'lr': 0, 'params': 276757, 'time_iter': 0.00472, 'accuracy': 0.23095, 'f1': 0.18835, 'auc': 0.84775}
> Epoch 110: took 2.2s (avg 2.1s) | Best so far: epoch 81	train_loss: 0.5821 train_accuracy: 0.8093	val_loss: 2.9508 val_accuracy: 0.3738	test_loss: 2.5544 test_accuracy: 0.3262	F1: 0.3080 Prec: 0.4076 Rec: 0.3262
train: {'epoch': 111, 'time_epoch': 2.10906, 'eta': 254.50148, 'eta_hours': 0.07069, 'loss': 0.4177208, 'lr': 0.00058751, 'params': 276757, 'time_iter': 0.01205, 'accuracy': 0.85896, 'f1': 0.85885, 'auc': 0.99526}
val: {'epoch': 111, 'time_epoch': 0.08899, 'loss': 6.36115624, 'lr': 0, 'params': 276757, 'time_iter': 0.00636, 'accuracy': 0.23333, 'f1': 0.15178, 'auc': 0.80808}
test: {'epoch': 111, 'time_epoch': 0.08166, 'loss': 5.19776938, 'lr': 0, 'params': 276757, 'time_iter': 0.00583, 'accuracy': 0.17857, 'f1': 0.1422, 'auc': 0.83782}
> Epoch 111: took 2.4s (avg 2.1s) | Best so far: epoch 81	train_loss: 0.5821 train_accuracy: 0.8093	val_loss: 2.9508 val_accuracy: 0.3738	test_loss: 2.5544 test_accuracy: 0.3262	F1: 0.3080 Prec: 0.4076 Rec: 0.3262
train: {'epoch': 112, 'time_epoch': 1.92006, 'eta': 252.74922, 'eta_hours': 0.07021, 'loss': 0.41288536, 'lr': 0.00058132, 'params': 276757, 'time_iter': 0.01097, 'accuracy': 0.86272, 'f1': 0.86263, 'auc': 0.99522}
val: {'epoch': 112, 'time_epoch': 0.07443, 'loss': 7.23692046, 'lr': 0, 'params': 276757, 'time_iter': 0.00532, 'accuracy': 0.22143, 'f1': 0.13935, 'auc': 0.81171}
test: {'epoch': 112, 'time_epoch': 0.07636, 'loss': 5.76599226, 'lr': 0, 'params': 276757, 'time_iter': 0.00545, 'accuracy': 0.13095, 'f1': 0.0754, 'auc': 0.82317}
> Epoch 112: took 2.1s (avg 2.1s) | Best so far: epoch 81	train_loss: 0.5821 train_accuracy: 0.8093	val_loss: 2.9508 val_accuracy: 0.3738	test_loss: 2.5544 test_accuracy: 0.3262	F1: 0.3080 Prec: 0.4076 Rec: 0.3262
train: {'epoch': 113, 'time_epoch': 1.90785, 'eta': 250.97945, 'eta_hours': 0.06972, 'loss': 0.40743454, 'lr': 0.00057511, 'params': 276757, 'time_iter': 0.0109, 'accuracy': 0.86183, 'f1': 0.86166, 'auc': 0.99528}
val: {'epoch': 113, 'time_epoch': 0.07587, 'loss': 5.5084833, 'lr': 0, 'params': 276757, 'time_iter': 0.00542, 'accuracy': 0.26429, 'f1': 0.18371, 'auc': 0.80235}
test: {'epoch': 113, 'time_epoch': 0.06817, 'loss': 4.20374664, 'lr': 0, 'params': 276757, 'time_iter': 0.00487, 'accuracy': 0.21667, 'f1': 0.18688, 'auc': 0.85324}
> Epoch 113: took 2.1s (avg 2.1s) | Best so far: epoch 81	train_loss: 0.5821 train_accuracy: 0.8093	val_loss: 2.9508 val_accuracy: 0.3738	test_loss: 2.5544 test_accuracy: 0.3262	F1: 0.3080 Prec: 0.4076 Rec: 0.3262
train: {'epoch': 114, 'time_epoch': 1.80691, 'eta': 249.08878, 'eta_hours': 0.06919, 'loss': 0.39861108, 'lr': 0.0005689, 'params': 276757, 'time_iter': 0.01033, 'accuracy': 0.87133, 'f1': 0.87127, 'auc': 0.99558}
val: {'epoch': 114, 'time_epoch': 0.09508, 'loss': 4.43829748, 'lr': 0, 'params': 276757, 'time_iter': 0.00679, 'accuracy': 0.25714, 'f1': 0.19869, 'auc': 0.83085}
test: {'epoch': 114, 'time_epoch': 0.06357, 'loss': 3.56312136, 'lr': 0, 'params': 276757, 'time_iter': 0.00454, 'accuracy': 0.28095, 'f1': 0.19354, 'auc': 0.8768}
> Epoch 114: took 2.0s (avg 2.1s) | Best so far: epoch 81	train_loss: 0.5821 train_accuracy: 0.8093	val_loss: 2.9508 val_accuracy: 0.3738	test_loss: 2.5544 test_accuracy: 0.3262	F1: 0.3080 Prec: 0.4076 Rec: 0.3262
train: {'epoch': 115, 'time_epoch': 1.74942, 'eta': 247.13315, 'eta_hours': 0.06865, 'loss': 0.41224125, 'lr': 0.00056267, 'params': 276757, 'time_iter': 0.01, 'accuracy': 0.86792, 'f1': 0.86785, 'auc': 0.9952}
val: {'epoch': 115, 'time_epoch': 0.07082, 'loss': 5.4354293, 'lr': 0, 'params': 276757, 'time_iter': 0.00506, 'accuracy': 0.2619, 'f1': 0.17076, 'auc': 0.84253}
test: {'epoch': 115, 'time_epoch': 0.09057, 'loss': 4.21618397, 'lr': 0, 'params': 276757, 'time_iter': 0.00647, 'accuracy': 0.22381, 'f1': 0.17143, 'auc': 0.85215}
> Epoch 115: took 2.0s (avg 2.1s) | Best so far: epoch 81	train_loss: 0.5821 train_accuracy: 0.8093	val_loss: 2.9508 val_accuracy: 0.3738	test_loss: 2.5544 test_accuracy: 0.3262	F1: 0.3080 Prec: 0.4076 Rec: 0.3262
train: {'epoch': 116, 'time_epoch': 1.95219, 'eta': 245.41154, 'eta_hours': 0.06817, 'loss': 0.41769431, 'lr': 0.00055643, 'params': 276757, 'time_iter': 0.01116, 'accuracy': 0.8586, 'f1': 0.85859, 'auc': 0.99529}
val: {'epoch': 116, 'time_epoch': 0.10785, 'loss': 4.11152668, 'lr': 0, 'params': 276757, 'time_iter': 0.0077, 'accuracy': 0.2619, 'f1': 0.18892, 'auc': 0.83048}
test: {'epoch': 116, 'time_epoch': 0.10334, 'loss': 3.12463328, 'lr': 0, 'params': 276757, 'time_iter': 0.00738, 'accuracy': 0.28333, 'f1': 0.21642, 'auc': 0.88274}
> Epoch 116: took 2.3s (avg 2.1s) | Best so far: epoch 81	train_loss: 0.5821 train_accuracy: 0.8093	val_loss: 2.9508 val_accuracy: 0.3738	test_loss: 2.5544 test_accuracy: 0.3262	F1: 0.3080 Prec: 0.4076 Rec: 0.3262
train: {'epoch': 117, 'time_epoch': 1.79967, 'eta': 243.51541, 'eta_hours': 0.06764, 'loss': 0.41023165, 'lr': 0.00055018, 'params': 276757, 'time_iter': 0.01028, 'accuracy': 0.86272, 'f1': 0.86266, 'auc': 0.99531}
val: {'epoch': 117, 'time_epoch': 0.10543, 'loss': 3.99625615, 'lr': 0, 'params': 276757, 'time_iter': 0.00753, 'accuracy': 0.30714, 'f1': 0.2432, 'auc': 0.84679}
test: {'epoch': 117, 'time_epoch': 0.08765, 'loss': 3.28682866, 'lr': 0, 'params': 276757, 'time_iter': 0.00626, 'accuracy': 0.2881, 'f1': 0.21217, 'auc': 0.89348}
> Epoch 117: took 2.1s (avg 2.1s) | Best so far: epoch 81	train_loss: 0.5821 train_accuracy: 0.8093	val_loss: 2.9508 val_accuracy: 0.3738	test_loss: 2.5544 test_accuracy: 0.3262	F1: 0.3080 Prec: 0.4076 Rec: 0.3262
train: {'epoch': 118, 'time_epoch': 1.80674, 'eta': 241.62868, 'eta_hours': 0.06712, 'loss': 0.39172868, 'lr': 0.00054393, 'params': 276757, 'time_iter': 0.01032, 'accuracy': 0.87366, 'f1': 0.87361, 'auc': 0.99578}
val: {'epoch': 118, 'time_epoch': 0.06376, 'loss': 3.4146541, 'lr': 0, 'params': 276757, 'time_iter': 0.00455, 'accuracy': 0.38571, 'f1': 0.30605, 'auc': 0.88329}
test: {'epoch': 118, 'time_epoch': 0.06698, 'loss': 2.64715015, 'lr': 0, 'params': 276757, 'time_iter': 0.00478, 'accuracy': 0.33095, 'f1': 0.29617, 'auc': 0.90867}
[*] Confusion Matrix saved to: results_lopo_none/LJ_3m\Conf\confusion_matrix_epoch_118.png
> Epoch 118: took 2.0s (avg 2.1s) | Best so far: epoch 118	train_loss: 0.3917 train_accuracy: 0.8737	val_loss: 3.4147 val_accuracy: 0.3857	test_loss: 2.6472 test_accuracy: 0.3310	F1: 0.2962 Prec: 0.3706 Rec: 0.3310
train: {'epoch': 119, 'time_epoch': 1.87359, 'eta': 239.8157, 'eta_hours': 0.06662, 'loss': 0.42044619, 'lr': 0.00053766, 'params': 276757, 'time_iter': 0.01071, 'accuracy': 0.85663, 'f1': 0.85656, 'auc': 0.99516}
val: {'epoch': 119, 'time_epoch': 0.08536, 'loss': 2.93330488, 'lr': 0, 'params': 276757, 'time_iter': 0.0061, 'accuracy': 0.3881, 'f1': 0.328, 'auc': 0.86428}
test: {'epoch': 119, 'time_epoch': 0.06615, 'loss': 2.12828977, 'lr': 0, 'params': 276757, 'time_iter': 0.00473, 'accuracy': 0.43571, 'f1': 0.4176, 'auc': 0.91414}
[*] Confusion Matrix saved to: results_lopo_none/LJ_3m\Conf\confusion_matrix_epoch_119.png
> Epoch 119: took 2.1s (avg 2.1s) | Best so far: epoch 119	train_loss: 0.4204 train_accuracy: 0.8566	val_loss: 2.9333 val_accuracy: 0.3881	test_loss: 2.1283 test_accuracy: 0.4357	F1: 0.4176 Prec: 0.4676 Rec: 0.4357
train: {'epoch': 120, 'time_epoch': 1.82858, 'eta': 237.95374, 'eta_hours': 0.0661, 'loss': 0.39458863, 'lr': 0.0005314, 'params': 276757, 'time_iter': 0.01045, 'accuracy': 0.869, 'f1': 0.86901, 'auc': 0.99575}
val: {'epoch': 120, 'time_epoch': 0.07051, 'loss': 8.58316132, 'lr': 0, 'params': 276757, 'time_iter': 0.00504, 'accuracy': 0.16429, 'f1': 0.08564, 'auc': 0.75236}
test: {'epoch': 120, 'time_epoch': 0.06693, 'loss': 6.8070645, 'lr': 0, 'params': 276757, 'time_iter': 0.00478, 'accuracy': 0.1, 'f1': 0.04779, 'auc': 0.78142}
> Epoch 120: took 2.1s (avg 2.1s) | Best so far: epoch 119	train_loss: 0.4204 train_accuracy: 0.8566	val_loss: 2.9333 val_accuracy: 0.3881	test_loss: 2.1283 test_accuracy: 0.4357	F1: 0.4176 Prec: 0.4676 Rec: 0.4357
train: {'epoch': 121, 'time_epoch': 1.72584, 'eta': 235.98453, 'eta_hours': 0.06555, 'loss': 0.40076876, 'lr': 0.00052512, 'params': 276757, 'time_iter': 0.00986, 'accuracy': 0.87061, 'f1': 0.87055, 'auc': 0.9956}
val: {'epoch': 121, 'time_epoch': 0.0631, 'loss': 4.2605917, 'lr': 0, 'params': 276757, 'time_iter': 0.00451, 'accuracy': 0.27857, 'f1': 0.21285, 'auc': 0.85026}
test: {'epoch': 121, 'time_epoch': 0.06695, 'loss': 3.80810046, 'lr': 0, 'params': 276757, 'time_iter': 0.00478, 'accuracy': 0.1881, 'f1': 0.1639, 'auc': 0.85433}
> Epoch 121: took 1.9s (avg 2.1s) | Best so far: epoch 119	train_loss: 0.4204 train_accuracy: 0.8566	val_loss: 2.9333 val_accuracy: 0.3881	test_loss: 2.1283 test_accuracy: 0.4357	F1: 0.4176 Prec: 0.4676 Rec: 0.4357
train: {'epoch': 122, 'time_epoch': 1.80641, 'eta': 234.10248, 'eta_hours': 0.06503, 'loss': 0.39920435, 'lr': 0.00051885, 'params': 276757, 'time_iter': 0.01032, 'accuracy': 0.869, 'f1': 0.86897, 'auc': 0.99561}
val: {'epoch': 122, 'time_epoch': 0.06952, 'loss': 6.20726931, 'lr': 0, 'params': 276757, 'time_iter': 0.00497, 'accuracy': 0.21667, 'f1': 0.17397, 'auc': 0.79324}
test: {'epoch': 122, 'time_epoch': 0.06332, 'loss': 4.88818554, 'lr': 0, 'params': 276757, 'time_iter': 0.00452, 'accuracy': 0.20476, 'f1': 0.15851, 'auc': 0.8408}
> Epoch 122: took 2.0s (avg 2.1s) | Best so far: epoch 119	train_loss: 0.4204 train_accuracy: 0.8566	val_loss: 2.9333 val_accuracy: 0.3881	test_loss: 2.1283 test_accuracy: 0.4357	F1: 0.4176 Prec: 0.4676 Rec: 0.4357
train: {'epoch': 123, 'time_epoch': 1.78232, 'eta': 232.19716, 'eta_hours': 0.0645, 'loss': 0.38789763, 'lr': 0.00051257, 'params': 276757, 'time_iter': 0.01018, 'accuracy': 0.86828, 'f1': 0.86824, 'auc': 0.99595}
val: {'epoch': 123, 'time_epoch': 0.07812, 'loss': 5.42142937, 'lr': 0, 'params': 276757, 'time_iter': 0.00558, 'accuracy': 0.22619, 'f1': 0.15455, 'auc': 0.81895}
test: {'epoch': 123, 'time_epoch': 0.06538, 'loss': 4.24899825, 'lr': 0, 'params': 276757, 'time_iter': 0.00467, 'accuracy': 0.2381, 'f1': 0.17848, 'auc': 0.86649}
> Epoch 123: took 2.0s (avg 2.1s) | Best so far: epoch 119	train_loss: 0.4204 train_accuracy: 0.8566	val_loss: 2.9333 val_accuracy: 0.3881	test_loss: 2.1283 test_accuracy: 0.4357	F1: 0.4176 Prec: 0.4676 Rec: 0.4357
train: {'epoch': 124, 'time_epoch': 1.94276, 'eta': 230.45426, 'eta_hours': 0.06402, 'loss': 0.39021675, 'lr': 0.00050628, 'params': 276757, 'time_iter': 0.0111, 'accuracy': 0.87115, 'f1': 0.87109, 'auc': 0.99567}
val: {'epoch': 124, 'time_epoch': 0.07002, 'loss': 4.5743199, 'lr': 0, 'params': 276757, 'time_iter': 0.005, 'accuracy': 0.24762, 'f1': 0.17749, 'auc': 0.84554}
test: {'epoch': 124, 'time_epoch': 0.07277, 'loss': 3.40923974, 'lr': 0, 'params': 276757, 'time_iter': 0.0052, 'accuracy': 0.23571, 'f1': 0.20661, 'auc': 0.85836}
> Epoch 124: took 2.2s (avg 2.1s) | Best so far: epoch 119	train_loss: 0.4204 train_accuracy: 0.8566	val_loss: 2.9333 val_accuracy: 0.3881	test_loss: 2.1283 test_accuracy: 0.4357	F1: 0.4176 Prec: 0.4676 Rec: 0.4357
train: {'epoch': 125, 'time_epoch': 1.92093, 'eta': 228.68669, 'eta_hours': 0.06352, 'loss': 0.36818116, 'lr': 0.0005, 'params': 276757, 'time_iter': 0.01098, 'accuracy': 0.87885, 'f1': 0.87872, 'auc': 0.99626}
val: {'epoch': 125, 'time_epoch': 0.07836, 'loss': 6.98745812, 'lr': 0, 'params': 276757, 'time_iter': 0.0056, 'accuracy': 0.22619, 'f1': 0.15086, 'auc': 0.78561}
test: {'epoch': 125, 'time_epoch': 0.06966, 'loss': 5.5936345, 'lr': 0, 'params': 276757, 'time_iter': 0.00498, 'accuracy': 0.15952, 'f1': 0.12979, 'auc': 0.80364}
> Epoch 125: took 2.1s (avg 2.1s) | Best so far: epoch 119	train_loss: 0.4204 train_accuracy: 0.8566	val_loss: 2.9333 val_accuracy: 0.3881	test_loss: 2.1283 test_accuracy: 0.4357	F1: 0.4176 Prec: 0.4676 Rec: 0.4357
train: {'epoch': 126, 'time_epoch': 2.17247, 'eta': 227.16033, 'eta_hours': 0.0631, 'loss': 0.37325883, 'lr': 0.00049372, 'params': 276757, 'time_iter': 0.01241, 'accuracy': 0.8767, 'f1': 0.87662, 'auc': 0.99603}
val: {'epoch': 126, 'time_epoch': 0.07635, 'loss': 4.82154789, 'lr': 0, 'params': 276757, 'time_iter': 0.00545, 'accuracy': 0.21667, 'f1': 0.16076, 'auc': 0.82676}
test: {'epoch': 126, 'time_epoch': 0.07567, 'loss': 3.4952966, 'lr': 0, 'params': 276757, 'time_iter': 0.0054, 'accuracy': 0.29524, 'f1': 0.24916, 'auc': 0.87155}
> Epoch 126: took 2.4s (avg 2.1s) | Best so far: epoch 119	train_loss: 0.4204 train_accuracy: 0.8566	val_loss: 2.9333 val_accuracy: 0.3881	test_loss: 2.1283 test_accuracy: 0.4357	F1: 0.4176 Prec: 0.4676 Rec: 0.4357
train: {'epoch': 127, 'time_epoch': 1.94094, 'eta': 225.40319, 'eta_hours': 0.06261, 'loss': 0.3850034, 'lr': 0.00048743, 'params': 276757, 'time_iter': 0.01109, 'accuracy': 0.87258, 'f1': 0.87259, 'auc': 0.99593}
val: {'epoch': 127, 'time_epoch': 0.06633, 'loss': 5.98468399, 'lr': 0, 'params': 276757, 'time_iter': 0.00474, 'accuracy': 0.23333, 'f1': 0.15871, 'auc': 0.82489}
test: {'epoch': 127, 'time_epoch': 0.10242, 'loss': 4.65865666, 'lr': 0, 'params': 276757, 'time_iter': 0.00732, 'accuracy': 0.19762, 'f1': 0.16629, 'auc': 0.83481}
> Epoch 127: took 2.2s (avg 2.1s) | Best so far: epoch 119	train_loss: 0.4204 train_accuracy: 0.8566	val_loss: 2.9333 val_accuracy: 0.3881	test_loss: 2.1283 test_accuracy: 0.4357	F1: 0.4176 Prec: 0.4676 Rec: 0.4357
train: {'epoch': 128, 'time_epoch': 2.29183, 'eta': 223.97233, 'eta_hours': 0.06221, 'loss': 0.35449342, 'lr': 0.00048115, 'params': 276757, 'time_iter': 0.0131, 'accuracy': 0.87957, 'f1': 0.87952, 'auc': 0.99658}
val: {'epoch': 128, 'time_epoch': 0.08108, 'loss': 4.61193366, 'lr': 0, 'params': 276757, 'time_iter': 0.00579, 'accuracy': 0.29048, 'f1': 0.21392, 'auc': 0.85101}
test: {'epoch': 128, 'time_epoch': 0.10143, 'loss': 3.72658239, 'lr': 0, 'params': 276757, 'time_iter': 0.00724, 'accuracy': 0.26667, 'f1': 0.22123, 'auc': 0.86466}
> Epoch 128: took 2.6s (avg 2.1s) | Best so far: epoch 119	train_loss: 0.4204 train_accuracy: 0.8566	val_loss: 2.9333 val_accuracy: 0.3881	test_loss: 2.1283 test_accuracy: 0.4357	F1: 0.4176 Prec: 0.4676 Rec: 0.4357
train: {'epoch': 129, 'time_epoch': 1.9197, 'eta': 222.18472, 'eta_hours': 0.06172, 'loss': 0.3584751, 'lr': 0.00047488, 'params': 276757, 'time_iter': 0.01097, 'accuracy': 0.88154, 'f1': 0.88143, 'auc': 0.9963}
val: {'epoch': 129, 'time_epoch': 0.10043, 'loss': 7.24974489, 'lr': 0, 'params': 276757, 'time_iter': 0.00717, 'accuracy': 0.17143, 'f1': 0.09253, 'auc': 0.78968}
test: {'epoch': 129, 'time_epoch': 0.0758, 'loss': 5.77286225, 'lr': 0, 'params': 276757, 'time_iter': 0.00541, 'accuracy': 0.13095, 'f1': 0.08839, 'auc': 0.80432}
> Epoch 129: took 2.2s (avg 2.1s) | Best so far: epoch 119	train_loss: 0.4204 train_accuracy: 0.8566	val_loss: 2.9333 val_accuracy: 0.3881	test_loss: 2.1283 test_accuracy: 0.4357	F1: 0.4176 Prec: 0.4676 Rec: 0.4357
train: {'epoch': 130, 'time_epoch': 2.03362, 'eta': 220.49859, 'eta_hours': 0.06125, 'loss': 0.35409954, 'lr': 0.0004686, 'params': 276757, 'time_iter': 0.01162, 'accuracy': 0.88638, 'f1': 0.88638, 'auc': 0.99655}
val: {'epoch': 130, 'time_epoch': 0.09102, 'loss': 8.91947788, 'lr': 0, 'params': 276757, 'time_iter': 0.0065, 'accuracy': 0.10714, 'f1': 0.06897, 'auc': 0.75474}
test: {'epoch': 130, 'time_epoch': 0.07001, 'loss': 7.86827116, 'lr': 0, 'params': 276757, 'time_iter': 0.005, 'accuracy': 0.09048, 'f1': 0.03885, 'auc': 0.73932}
> Epoch 130: took 2.3s (avg 2.1s) | Best so far: epoch 119	train_loss: 0.4204 train_accuracy: 0.8566	val_loss: 2.9333 val_accuracy: 0.3881	test_loss: 2.1283 test_accuracy: 0.4357	F1: 0.4176 Prec: 0.4676 Rec: 0.4357
train: {'epoch': 131, 'time_epoch': 1.74678, 'eta': 218.55077, 'eta_hours': 0.06071, 'loss': 0.37212125, 'lr': 0.00046234, 'params': 276757, 'time_iter': 0.00998, 'accuracy': 0.87706, 'f1': 0.87698, 'auc': 0.99616}
val: {'epoch': 131, 'time_epoch': 0.08007, 'loss': 4.17910923, 'lr': 0, 'params': 276757, 'time_iter': 0.00572, 'accuracy': 0.34048, 'f1': 0.2752, 'auc': 0.84086}
test: {'epoch': 131, 'time_epoch': 0.07583, 'loss': 3.3776371, 'lr': 0, 'params': 276757, 'time_iter': 0.00542, 'accuracy': 0.25476, 'f1': 0.22214, 'auc': 0.87279}
> Epoch 131: took 2.0s (avg 2.1s) | Best so far: epoch 119	train_loss: 0.4204 train_accuracy: 0.8566	val_loss: 2.9333 val_accuracy: 0.3881	test_loss: 2.1283 test_accuracy: 0.4357	F1: 0.4176 Prec: 0.4676 Rec: 0.4357
train: {'epoch': 132, 'time_epoch': 1.70512, 'eta': 216.56932, 'eta_hours': 0.06016, 'loss': 0.34846063, 'lr': 0.00045607, 'params': 276757, 'time_iter': 0.00974, 'accuracy': 0.88154, 'f1': 0.88144, 'auc': 0.99667}
val: {'epoch': 132, 'time_epoch': 0.07056, 'loss': 5.21297896, 'lr': 0, 'params': 276757, 'time_iter': 0.00504, 'accuracy': 0.30476, 'f1': 0.20681, 'auc': 0.82788}
test: {'epoch': 132, 'time_epoch': 0.07421, 'loss': 4.23196606, 'lr': 0, 'params': 276757, 'time_iter': 0.0053, 'accuracy': 0.22857, 'f1': 0.16143, 'auc': 0.84321}
> Epoch 132: took 1.9s (avg 2.1s) | Best so far: epoch 119	train_loss: 0.4204 train_accuracy: 0.8566	val_loss: 2.9333 val_accuracy: 0.3881	test_loss: 2.1283 test_accuracy: 0.4357	F1: 0.4176 Prec: 0.4676 Rec: 0.4357
train: {'epoch': 133, 'time_epoch': 1.85025, 'eta': 214.71763, 'eta_hours': 0.05964, 'loss': 0.3518679, 'lr': 0.00044982, 'params': 276757, 'time_iter': 0.01057, 'accuracy': 0.88369, 'f1': 0.88362, 'auc': 0.9966}
val: {'epoch': 133, 'time_epoch': 0.07397, 'loss': 4.7340787, 'lr': 0, 'params': 276757, 'time_iter': 0.00528, 'accuracy': 0.25952, 'f1': 0.18069, 'auc': 0.85543}
test: {'epoch': 133, 'time_epoch': 0.09067, 'loss': 3.82280901, 'lr': 0, 'params': 276757, 'time_iter': 0.00648, 'accuracy': 0.23333, 'f1': 0.20837, 'auc': 0.86755}
> Epoch 133: took 2.1s (avg 2.1s) | Best so far: epoch 119	train_loss: 0.4204 train_accuracy: 0.8566	val_loss: 2.9333 val_accuracy: 0.3881	test_loss: 2.1283 test_accuracy: 0.4357	F1: 0.4176 Prec: 0.4676 Rec: 0.4357
train: {'epoch': 134, 'time_epoch': 1.85635, 'eta': 212.87116, 'eta_hours': 0.05913, 'loss': 0.35510949, 'lr': 0.00044357, 'params': 276757, 'time_iter': 0.01061, 'accuracy': 0.88208, 'f1': 0.88207, 'auc': 0.9964}
val: {'epoch': 134, 'time_epoch': 0.08699, 'loss': 7.8499053, 'lr': 0, 'params': 276757, 'time_iter': 0.00621, 'accuracy': 0.14762, 'f1': 0.07691, 'auc': 0.77136}
test: {'epoch': 134, 'time_epoch': 0.09951, 'loss': 6.31947054, 'lr': 0, 'params': 276757, 'time_iter': 0.00711, 'accuracy': 0.12143, 'f1': 0.05883, 'auc': 0.79135}
> Epoch 134: took 2.1s (avg 2.1s) | Best so far: epoch 119	train_loss: 0.4204 train_accuracy: 0.8566	val_loss: 2.9333 val_accuracy: 0.3881	test_loss: 2.1283 test_accuracy: 0.4357	F1: 0.4176 Prec: 0.4676 Rec: 0.4357
train: {'epoch': 135, 'time_epoch': 1.76587, 'eta': 210.9487, 'eta_hours': 0.0586, 'loss': 0.33380208, 'lr': 0.00043733, 'params': 276757, 'time_iter': 0.01009, 'accuracy': 0.89032, 'f1': 0.89018, 'auc': 0.9969}
val: {'epoch': 135, 'time_epoch': 0.10652, 'loss': 8.00610953, 'lr': 0, 'params': 276757, 'time_iter': 0.00761, 'accuracy': 0.18571, 'f1': 0.12367, 'auc': 0.77552}
test: {'epoch': 135, 'time_epoch': 0.06748, 'loss': 6.04570116, 'lr': 0, 'params': 276757, 'time_iter': 0.00482, 'accuracy': 0.15952, 'f1': 0.11637, 'auc': 0.80736}
> Epoch 135: took 2.0s (avg 2.1s) | Best so far: epoch 119	train_loss: 0.4204 train_accuracy: 0.8566	val_loss: 2.9333 val_accuracy: 0.3881	test_loss: 2.1283 test_accuracy: 0.4357	F1: 0.4176 Prec: 0.4676 Rec: 0.4357
train: {'epoch': 136, 'time_epoch': 1.97198, 'eta': 209.19853, 'eta_hours': 0.05811, 'loss': 0.33687748, 'lr': 0.0004311, 'params': 276757, 'time_iter': 0.01127, 'accuracy': 0.88602, 'f1': 0.88604, 'auc': 0.99685}
val: {'epoch': 136, 'time_epoch': 0.12897, 'loss': 7.93014366, 'lr': 0, 'params': 276757, 'time_iter': 0.00921, 'accuracy': 0.11905, 'f1': 0.05874, 'auc': 0.7734}
test: {'epoch': 136, 'time_epoch': 0.09728, 'loss': 6.26754292, 'lr': 0, 'params': 276757, 'time_iter': 0.00695, 'accuracy': 0.17143, 'f1': 0.10158, 'auc': 0.7971}
> Epoch 136: took 2.3s (avg 2.1s) | Best so far: epoch 119	train_loss: 0.4204 train_accuracy: 0.8566	val_loss: 2.9333 val_accuracy: 0.3881	test_loss: 2.1283 test_accuracy: 0.4357	F1: 0.4176 Prec: 0.4676 Rec: 0.4357
train: {'epoch': 137, 'time_epoch': 1.80215, 'eta': 207.30731, 'eta_hours': 0.05759, 'loss': 0.3379034, 'lr': 0.00042489, 'params': 276757, 'time_iter': 0.0103, 'accuracy': 0.89086, 'f1': 0.8908, 'auc': 0.99663}
val: {'epoch': 137, 'time_epoch': 0.06755, 'loss': 5.38097538, 'lr': 0, 'params': 276757, 'time_iter': 0.00482, 'accuracy': 0.33095, 'f1': 0.26903, 'auc': 0.83197}
test: {'epoch': 137, 'time_epoch': 0.06955, 'loss': 4.54098117, 'lr': 0, 'params': 276757, 'time_iter': 0.00497, 'accuracy': 0.20714, 'f1': 0.18913, 'auc': 0.834}
> Epoch 137: took 2.0s (avg 2.1s) | Best so far: epoch 119	train_loss: 0.4204 train_accuracy: 0.8566	val_loss: 2.9333 val_accuracy: 0.3881	test_loss: 2.1283 test_accuracy: 0.4357	F1: 0.4176 Prec: 0.4676 Rec: 0.4357
train: {'epoch': 138, 'time_epoch': 1.70887, 'eta': 205.34289, 'eta_hours': 0.05704, 'loss': 0.35626106, 'lr': 0.00041868, 'params': 276757, 'time_iter': 0.00976, 'accuracy': 0.88351, 'f1': 0.88339, 'auc': 0.99623}
val: {'epoch': 138, 'time_epoch': 0.06844, 'loss': 6.97753663, 'lr': 0, 'params': 276757, 'time_iter': 0.00489, 'accuracy': 0.17619, 'f1': 0.10263, 'auc': 0.78507}
test: {'epoch': 138, 'time_epoch': 0.06055, 'loss': 5.67236664, 'lr': 0, 'params': 276757, 'time_iter': 0.00433, 'accuracy': 0.16667, 'f1': 0.1183, 'auc': 0.8382}
> Epoch 138: took 1.9s (avg 2.1s) | Best so far: epoch 119	train_loss: 0.4204 train_accuracy: 0.8566	val_loss: 2.9333 val_accuracy: 0.3881	test_loss: 2.1283 test_accuracy: 0.4357	F1: 0.4176 Prec: 0.4676 Rec: 0.4357
train: {'epoch': 139, 'time_epoch': 1.86852, 'eta': 203.50756, 'eta_hours': 0.05653, 'loss': 0.35225416, 'lr': 0.00041249, 'params': 276757, 'time_iter': 0.01068, 'accuracy': 0.8819, 'f1': 0.88198, 'auc': 0.99657}
val: {'epoch': 139, 'time_epoch': 0.06857, 'loss': 4.20595128, 'lr': 0, 'params': 276757, 'time_iter': 0.0049, 'accuracy': 0.28571, 'f1': 0.2222, 'auc': 0.86426}
test: {'epoch': 139, 'time_epoch': 0.09596, 'loss': 3.74488446, 'lr': 0, 'params': 276757, 'time_iter': 0.00685, 'accuracy': 0.24762, 'f1': 0.19219, 'auc': 0.88149}
> Epoch 139: took 2.1s (avg 2.1s) | Best so far: epoch 119	train_loss: 0.4204 train_accuracy: 0.8566	val_loss: 2.9333 val_accuracy: 0.3881	test_loss: 2.1283 test_accuracy: 0.4357	F1: 0.4176 Prec: 0.4676 Rec: 0.4357
train: {'epoch': 140, 'time_epoch': 1.80892, 'eta': 201.62568, 'eta_hours': 0.05601, 'loss': 0.35150435, 'lr': 0.00040631, 'params': 276757, 'time_iter': 0.01034, 'accuracy': 0.88297, 'f1': 0.88293, 'auc': 0.99652}
val: {'epoch': 140, 'time_epoch': 0.06976, 'loss': 6.76423403, 'lr': 0, 'params': 276757, 'time_iter': 0.00498, 'accuracy': 0.22857, 'f1': 0.13777, 'auc': 0.7947}
test: {'epoch': 140, 'time_epoch': 0.07879, 'loss': 5.28440635, 'lr': 0, 'params': 276757, 'time_iter': 0.00563, 'accuracy': 0.15952, 'f1': 0.09497, 'auc': 0.81265}
> Epoch 140: took 2.1s (avg 2.1s) | Best so far: epoch 119	train_loss: 0.4204 train_accuracy: 0.8566	val_loss: 2.9333 val_accuracy: 0.3881	test_loss: 2.1283 test_accuracy: 0.4357	F1: 0.4176 Prec: 0.4676 Rec: 0.4357
train: {'epoch': 141, 'time_epoch': 1.89124, 'eta': 199.80744, 'eta_hours': 0.0555, 'loss': 0.33026349, 'lr': 0.00040015, 'params': 276757, 'time_iter': 0.01081, 'accuracy': 0.89391, 'f1': 0.89377, 'auc': 0.99688}
val: {'epoch': 141, 'time_epoch': 0.06795, 'loss': 6.50151464, 'lr': 0, 'params': 276757, 'time_iter': 0.00485, 'accuracy': 0.22619, 'f1': 0.16084, 'auc': 0.79627}
test: {'epoch': 141, 'time_epoch': 0.10936, 'loss': 5.06743263, 'lr': 0, 'params': 276757, 'time_iter': 0.00781, 'accuracy': 0.16429, 'f1': 0.12564, 'auc': 0.82037}
> Epoch 141: took 2.2s (avg 2.1s) | Best so far: epoch 119	train_loss: 0.4204 train_accuracy: 0.8566	val_loss: 2.9333 val_accuracy: 0.3881	test_loss: 2.1283 test_accuracy: 0.4357	F1: 0.4176 Prec: 0.4676 Rec: 0.4357
train: {'epoch': 142, 'time_epoch': 1.81247, 'eta': 197.92924, 'eta_hours': 0.05498, 'loss': 0.31332474, 'lr': 0.000394, 'params': 276757, 'time_iter': 0.01036, 'accuracy': 0.89946, 'f1': 0.89941, 'auc': 0.99721}
val: {'epoch': 142, 'time_epoch': 0.07703, 'loss': 7.33678922, 'lr': 0, 'params': 276757, 'time_iter': 0.0055, 'accuracy': 0.16905, 'f1': 0.09236, 'auc': 0.79688}
test: {'epoch': 142, 'time_epoch': 0.0778, 'loss': 5.56590228, 'lr': 0, 'params': 276757, 'time_iter': 0.00556, 'accuracy': 0.11429, 'f1': 0.08937, 'auc': 0.81486}
> Epoch 142: took 2.1s (avg 2.1s) | Best so far: epoch 119	train_loss: 0.4204 train_accuracy: 0.8566	val_loss: 2.9333 val_accuracy: 0.3881	test_loss: 2.1283 test_accuracy: 0.4357	F1: 0.4176 Prec: 0.4676 Rec: 0.4357
train: {'epoch': 143, 'time_epoch': 2.10268, 'eta': 196.26557, 'eta_hours': 0.05452, 'loss': 0.31539469, 'lr': 0.00038786, 'params': 276757, 'time_iter': 0.01202, 'accuracy': 0.89427, 'f1': 0.89428, 'auc': 0.9973}
val: {'epoch': 143, 'time_epoch': 0.08486, 'loss': 4.95939526, 'lr': 0, 'params': 276757, 'time_iter': 0.00606, 'accuracy': 0.29286, 'f1': 0.19261, 'auc': 0.84451}
test: {'epoch': 143, 'time_epoch': 0.06962, 'loss': 3.91635521, 'lr': 0, 'params': 276757, 'time_iter': 0.00497, 'accuracy': 0.21429, 'f1': 0.17265, 'auc': 0.85249}
> Epoch 143: took 2.3s (avg 2.1s) | Best so far: epoch 119	train_loss: 0.4204 train_accuracy: 0.8566	val_loss: 2.9333 val_accuracy: 0.3881	test_loss: 2.1283 test_accuracy: 0.4357	F1: 0.4176 Prec: 0.4676 Rec: 0.4357
train: {'epoch': 144, 'time_epoch': 1.97815, 'eta': 194.50568, 'eta_hours': 0.05403, 'loss': 0.32547858, 'lr': 0.00038175, 'params': 276757, 'time_iter': 0.0113, 'accuracy': 0.89265, 'f1': 0.89262, 'auc': 0.99708}
val: {'epoch': 144, 'time_epoch': 0.06804, 'loss': 4.97836326, 'lr': 0, 'params': 276757, 'time_iter': 0.00486, 'accuracy': 0.27619, 'f1': 0.19127, 'auc': 0.84136}
test: {'epoch': 144, 'time_epoch': 0.07858, 'loss': 4.10023805, 'lr': 0, 'params': 276757, 'time_iter': 0.00561, 'accuracy': 0.23333, 'f1': 0.19115, 'auc': 0.8486}
> Epoch 144: took 2.2s (avg 2.1s) | Best so far: epoch 119	train_loss: 0.4204 train_accuracy: 0.8566	val_loss: 2.9333 val_accuracy: 0.3881	test_loss: 2.1283 test_accuracy: 0.4357	F1: 0.4176 Prec: 0.4676 Rec: 0.4357
train: {'epoch': 145, 'time_epoch': 2.07351, 'eta': 192.81072, 'eta_hours': 0.05356, 'loss': 0.31261173, 'lr': 0.00037566, 'params': 276757, 'time_iter': 0.01185, 'accuracy': 0.89695, 'f1': 0.89697, 'auc': 0.99735}
val: {'epoch': 145, 'time_epoch': 0.07257, 'loss': 4.38746987, 'lr': 0, 'params': 276757, 'time_iter': 0.00518, 'accuracy': 0.27381, 'f1': 0.20225, 'auc': 0.84366}
test: {'epoch': 145, 'time_epoch': 0.06923, 'loss': 3.22085941, 'lr': 0, 'params': 276757, 'time_iter': 0.00494, 'accuracy': 0.26905, 'f1': 0.26112, 'auc': 0.87357}
> Epoch 145: took 2.3s (avg 2.1s) | Best so far: epoch 119	train_loss: 0.4204 train_accuracy: 0.8566	val_loss: 2.9333 val_accuracy: 0.3881	test_loss: 2.1283 test_accuracy: 0.4357	F1: 0.4176 Prec: 0.4676 Rec: 0.4357
train: {'epoch': 146, 'time_epoch': 1.96954, 'eta': 191.03777, 'eta_hours': 0.05307, 'loss': 0.31365502, 'lr': 0.00036958, 'params': 276757, 'time_iter': 0.01125, 'accuracy': 0.89875, 'f1': 0.89865, 'auc': 0.99721}
val: {'epoch': 146, 'time_epoch': 0.09235, 'loss': 4.19427061, 'lr': 0, 'params': 276757, 'time_iter': 0.0066, 'accuracy': 0.3381, 'f1': 0.25843, 'auc': 0.86707}
test: {'epoch': 146, 'time_epoch': 0.06894, 'loss': 3.56486409, 'lr': 0, 'params': 276757, 'time_iter': 0.00492, 'accuracy': 0.29524, 'f1': 0.2629, 'auc': 0.8769}
> Epoch 146: took 2.2s (avg 2.1s) | Best so far: epoch 119	train_loss: 0.4204 train_accuracy: 0.8566	val_loss: 2.9333 val_accuracy: 0.3881	test_loss: 2.1283 test_accuracy: 0.4357	F1: 0.4176 Prec: 0.4676 Rec: 0.4357
train: {'epoch': 147, 'time_epoch': 1.73215, 'eta': 189.09854, 'eta_hours': 0.05253, 'loss': 0.32386661, 'lr': 0.00036352, 'params': 276757, 'time_iter': 0.0099, 'accuracy': 0.89659, 'f1': 0.89652, 'auc': 0.99694}
val: {'epoch': 147, 'time_epoch': 0.08838, 'loss': 4.04531516, 'lr': 0, 'params': 276757, 'time_iter': 0.00631, 'accuracy': 0.3119, 'f1': 0.26561, 'auc': 0.82872}
test: {'epoch': 147, 'time_epoch': 0.0795, 'loss': 3.29674209, 'lr': 0, 'params': 276757, 'time_iter': 0.00568, 'accuracy': 0.35476, 'f1': 0.31547, 'auc': 0.87794}
> Epoch 147: took 2.0s (avg 2.1s) | Best so far: epoch 119	train_loss: 0.4204 train_accuracy: 0.8566	val_loss: 2.9333 val_accuracy: 0.3881	test_loss: 2.1283 test_accuracy: 0.4357	F1: 0.4176 Prec: 0.4676 Rec: 0.4357
train: {'epoch': 148, 'time_epoch': 2.18796, 'eta': 187.47107, 'eta_hours': 0.05208, 'loss': 0.32036611, 'lr': 0.00035749, 'params': 276757, 'time_iter': 0.0125, 'accuracy': 0.89283, 'f1': 0.89281, 'auc': 0.99721}
val: {'epoch': 148, 'time_epoch': 0.07485, 'loss': 3.8855872, 'lr': 0, 'params': 276757, 'time_iter': 0.00535, 'accuracy': 0.29524, 'f1': 0.24692, 'auc': 0.85025}
test: {'epoch': 148, 'time_epoch': 0.0823, 'loss': 3.13420742, 'lr': 0, 'params': 276757, 'time_iter': 0.00588, 'accuracy': 0.3119, 'f1': 0.26578, 'auc': 0.88814}
> Epoch 148: took 2.4s (avg 2.1s) | Best so far: epoch 119	train_loss: 0.4204 train_accuracy: 0.8566	val_loss: 2.9333 val_accuracy: 0.3881	test_loss: 2.1283 test_accuracy: 0.4357	F1: 0.4176 Prec: 0.4676 Rec: 0.4357
train: {'epoch': 149, 'time_epoch': 1.88349, 'eta': 185.63316, 'eta_hours': 0.05156, 'loss': 0.30857575, 'lr': 0.00035148, 'params': 276757, 'time_iter': 0.01076, 'accuracy': 0.89516, 'f1': 0.89514, 'auc': 0.99746}
val: {'epoch': 149, 'time_epoch': 0.06511, 'loss': 3.68574915, 'lr': 0, 'params': 276757, 'time_iter': 0.00465, 'accuracy': 0.29762, 'f1': 0.24516, 'auc': 0.86279}
test: {'epoch': 149, 'time_epoch': 0.06947, 'loss': 3.1492853, 'lr': 0, 'params': 276757, 'time_iter': 0.00496, 'accuracy': 0.30714, 'f1': 0.26447, 'auc': 0.886}
> Epoch 149: took 2.1s (avg 2.1s) | Best so far: epoch 119	train_loss: 0.4204 train_accuracy: 0.8566	val_loss: 2.9333 val_accuracy: 0.3881	test_loss: 2.1283 test_accuracy: 0.4357	F1: 0.4176 Prec: 0.4676 Rec: 0.4357
train: {'epoch': 150, 'time_epoch': 2.06912, 'eta': 183.91633, 'eta_hours': 0.05109, 'loss': 0.29276817, 'lr': 0.00034549, 'params': 276757, 'time_iter': 0.01182, 'accuracy': 0.90896, 'f1': 0.90895, 'auc': 0.99756}
val: {'epoch': 150, 'time_epoch': 0.07297, 'loss': 5.87866073, 'lr': 0, 'params': 276757, 'time_iter': 0.00521, 'accuracy': 0.30714, 'f1': 0.23028, 'auc': 0.81313}
test: {'epoch': 150, 'time_epoch': 0.06743, 'loss': 4.59441769, 'lr': 0, 'params': 276757, 'time_iter': 0.00482, 'accuracy': 0.23095, 'f1': 0.18502, 'auc': 0.85391}
> Epoch 150: took 2.3s (avg 2.1s) | Best so far: epoch 119	train_loss: 0.4204 train_accuracy: 0.8566	val_loss: 2.9333 val_accuracy: 0.3881	test_loss: 2.1283 test_accuracy: 0.4357	F1: 0.4176 Prec: 0.4676 Rec: 0.4357
train: {'epoch': 151, 'time_epoch': 1.84571, 'eta': 182.05083, 'eta_hours': 0.05057, 'loss': 0.30969681, 'lr': 0.00033953, 'params': 276757, 'time_iter': 0.01055, 'accuracy': 0.9009, 'f1': 0.90087, 'auc': 0.99728}
val: {'epoch': 151, 'time_epoch': 0.06949, 'loss': 5.57688939, 'lr': 0, 'params': 276757, 'time_iter': 0.00496, 'accuracy': 0.23571, 'f1': 0.18416, 'auc': 0.84167}
test: {'epoch': 151, 'time_epoch': 0.06468, 'loss': 4.5646823, 'lr': 0, 'params': 276757, 'time_iter': 0.00462, 'accuracy': 0.18333, 'f1': 0.153, 'auc': 0.84923}
> Epoch 151: took 2.0s (avg 2.1s) | Best so far: epoch 119	train_loss: 0.4204 train_accuracy: 0.8566	val_loss: 2.9333 val_accuracy: 0.3881	test_loss: 2.1283 test_accuracy: 0.4357	F1: 0.4176 Prec: 0.4676 Rec: 0.4357
train: {'epoch': 152, 'time_epoch': 1.73185, 'eta': 180.11341, 'eta_hours': 0.05003, 'loss': 0.28219752, 'lr': 0.00033359, 'params': 276757, 'time_iter': 0.0099, 'accuracy': 0.9095, 'f1': 0.90944, 'auc': 0.99767}
val: {'epoch': 152, 'time_epoch': 0.06678, 'loss': 4.47394436, 'lr': 0, 'params': 276757, 'time_iter': 0.00477, 'accuracy': 0.28333, 'f1': 0.21567, 'auc': 0.84773}
test: {'epoch': 152, 'time_epoch': 0.07751, 'loss': 3.38206452, 'lr': 0, 'params': 276757, 'time_iter': 0.00554, 'accuracy': 0.27857, 'f1': 0.26833, 'auc': 0.87052}
> Epoch 152: took 2.0s (avg 2.1s) | Best so far: epoch 119	train_loss: 0.4204 train_accuracy: 0.8566	val_loss: 2.9333 val_accuracy: 0.3881	test_loss: 2.1283 test_accuracy: 0.4357	F1: 0.4176 Prec: 0.4676 Rec: 0.4357
train: {'epoch': 153, 'time_epoch': 1.81915, 'eta': 178.23307, 'eta_hours': 0.04951, 'loss': 0.31166731, 'lr': 0.00032768, 'params': 276757, 'time_iter': 0.0104, 'accuracy': 0.89803, 'f1': 0.89796, 'auc': 0.99723}
val: {'epoch': 153, 'time_epoch': 0.0711, 'loss': 2.29846165, 'lr': 0, 'params': 276757, 'time_iter': 0.00508, 'accuracy': 0.43571, 'f1': 0.40894, 'auc': 0.90766}
test: {'epoch': 153, 'time_epoch': 0.07448, 'loss': 1.94514765, 'lr': 0, 'params': 276757, 'time_iter': 0.00532, 'accuracy': 0.48333, 'f1': 0.46045, 'auc': 0.93374}
[*] Confusion Matrix saved to: results_lopo_none/LJ_3m\Conf\confusion_matrix_epoch_153.png
> Epoch 153: took 2.0s (avg 2.1s) | Best so far: epoch 153	train_loss: 0.3117 train_accuracy: 0.8980	val_loss: 2.2985 val_accuracy: 0.4357	test_loss: 1.9451 test_accuracy: 0.4833	F1: 0.4604 Prec: 0.5408 Rec: 0.4833
train: {'epoch': 154, 'time_epoch': 1.75468, 'eta': 176.31402, 'eta_hours': 0.04898, 'loss': 0.3114642, 'lr': 0.00032179, 'params': 276757, 'time_iter': 0.01003, 'accuracy': 0.89337, 'f1': 0.89329, 'auc': 0.99728}
val: {'epoch': 154, 'time_epoch': 0.06713, 'loss': 4.11503274, 'lr': 0, 'params': 276757, 'time_iter': 0.00479, 'accuracy': 0.27143, 'f1': 0.21137, 'auc': 0.84336}
test: {'epoch': 154, 'time_epoch': 0.07582, 'loss': 3.01444487, 'lr': 0, 'params': 276757, 'time_iter': 0.00542, 'accuracy': 0.34048, 'f1': 0.30085, 'auc': 0.89147}
> Epoch 154: took 2.0s (avg 2.1s) | Best so far: epoch 153	train_loss: 0.3117 train_accuracy: 0.8980	val_loss: 2.2985 val_accuracy: 0.4357	test_loss: 1.9451 test_accuracy: 0.4833	F1: 0.4604 Prec: 0.5408 Rec: 0.4833
train: {'epoch': 155, 'time_epoch': 1.87706, 'eta': 174.4708, 'eta_hours': 0.04846, 'loss': 0.30900461, 'lr': 0.00031594, 'params': 276757, 'time_iter': 0.01073, 'accuracy': 0.89373, 'f1': 0.89363, 'auc': 0.99741}
val: {'epoch': 155, 'time_epoch': 0.09298, 'loss': 2.74264372, 'lr': 0, 'params': 276757, 'time_iter': 0.00664, 'accuracy': 0.40714, 'f1': 0.33777, 'auc': 0.89601}
test: {'epoch': 155, 'time_epoch': 0.07751, 'loss': 2.24413762, 'lr': 0, 'params': 276757, 'time_iter': 0.00554, 'accuracy': 0.43095, 'f1': 0.40626, 'auc': 0.91515}
> Epoch 155: took 2.1s (avg 2.1s) | Best so far: epoch 153	train_loss: 0.3117 train_accuracy: 0.8980	val_loss: 2.2985 val_accuracy: 0.4357	test_loss: 1.9451 test_accuracy: 0.4833	F1: 0.4604 Prec: 0.5408 Rec: 0.4833
train: {'epoch': 156, 'time_epoch': 1.91974, 'eta': 172.65244, 'eta_hours': 0.04796, 'loss': 0.29513039, 'lr': 0.00031011, 'params': 276757, 'time_iter': 0.01097, 'accuracy': 0.90538, 'f1': 0.90533, 'auc': 0.99759}
val: {'epoch': 156, 'time_epoch': 0.07488, 'loss': 2.99596541, 'lr': 0, 'params': 276757, 'time_iter': 0.00535, 'accuracy': 0.40476, 'f1': 0.36197, 'auc': 0.8857}
test: {'epoch': 156, 'time_epoch': 0.07392, 'loss': 2.40975923, 'lr': 0, 'params': 276757, 'time_iter': 0.00528, 'accuracy': 0.40238, 'f1': 0.39887, 'auc': 0.9079}
> Epoch 156: took 2.1s (avg 2.1s) | Best so far: epoch 153	train_loss: 0.3117 train_accuracy: 0.8980	val_loss: 2.2985 val_accuracy: 0.4357	test_loss: 1.9451 test_accuracy: 0.4833	F1: 0.4604 Prec: 0.5408 Rec: 0.4833
train: {'epoch': 157, 'time_epoch': 1.73687, 'eta': 170.72632, 'eta_hours': 0.04742, 'loss': 0.28914571, 'lr': 0.00030431, 'params': 276757, 'time_iter': 0.00992, 'accuracy': 0.90609, 'f1': 0.90605, 'auc': 0.99769}
val: {'epoch': 157, 'time_epoch': 0.07757, 'loss': 4.01321123, 'lr': 0, 'params': 276757, 'time_iter': 0.00554, 'accuracy': 0.35238, 'f1': 0.2709, 'auc': 0.85839}
test: {'epoch': 157, 'time_epoch': 0.0698, 'loss': 3.21038804, 'lr': 0, 'params': 276757, 'time_iter': 0.00499, 'accuracy': 0.31667, 'f1': 0.31576, 'auc': 0.88155}
> Epoch 157: took 2.0s (avg 2.1s) | Best so far: epoch 153	train_loss: 0.3117 train_accuracy: 0.8980	val_loss: 2.2985 val_accuracy: 0.4357	test_loss: 1.9451 test_accuracy: 0.4833	F1: 0.4604 Prec: 0.5408 Rec: 0.4833
train: {'epoch': 158, 'time_epoch': 1.79555, 'eta': 168.83617, 'eta_hours': 0.0469, 'loss': 0.29362679, 'lr': 0.00029855, 'params': 276757, 'time_iter': 0.01026, 'accuracy': 0.90824, 'f1': 0.90822, 'auc': 0.99751}
val: {'epoch': 158, 'time_epoch': 0.06885, 'loss': 3.9619162, 'lr': 0, 'params': 276757, 'time_iter': 0.00492, 'accuracy': 0.3381, 'f1': 0.25591, 'auc': 0.86952}
test: {'epoch': 158, 'time_epoch': 0.07879, 'loss': 3.16258646, 'lr': 0, 'params': 276757, 'time_iter': 0.00563, 'accuracy': 0.25952, 'f1': 0.23348, 'auc': 0.8873}
> Epoch 158: took 2.0s (avg 2.1s) | Best so far: epoch 153	train_loss: 0.3117 train_accuracy: 0.8980	val_loss: 2.2985 val_accuracy: 0.4357	test_loss: 1.9451 test_accuracy: 0.4833	F1: 0.4604 Prec: 0.5408 Rec: 0.4833
train: {'epoch': 159, 'time_epoch': 1.62505, 'eta': 166.85128, 'eta_hours': 0.04635, 'loss': 0.30429988, 'lr': 0.00029281, 'params': 276757, 'time_iter': 0.00929, 'accuracy': 0.90323, 'f1': 0.90315, 'auc': 0.99736}
val: {'epoch': 159, 'time_epoch': 0.06685, 'loss': 2.39800632, 'lr': 0, 'params': 276757, 'time_iter': 0.00477, 'accuracy': 0.46667, 'f1': 0.42306, 'auc': 0.89865}
test: {'epoch': 159, 'time_epoch': 0.06755, 'loss': 2.00250939, 'lr': 0, 'params': 276757, 'time_iter': 0.00483, 'accuracy': 0.47857, 'f1': 0.46306, 'auc': 0.93199}
[*] Confusion Matrix saved to: results_lopo_none/LJ_3m\Conf\confusion_matrix_epoch_159.png
> Epoch 159: took 1.8s (avg 2.1s) | Best so far: epoch 159	train_loss: 0.3043 train_accuracy: 0.9032	val_loss: 2.3980 val_accuracy: 0.4667	test_loss: 2.0025 test_accuracy: 0.4786	F1: 0.4631 Prec: 0.4951 Rec: 0.4786
train: {'epoch': 160, 'time_epoch': 1.70123, 'eta': 164.91298, 'eta_hours': 0.04581, 'loss': 0.28699742, 'lr': 0.00028711, 'params': 276757, 'time_iter': 0.00972, 'accuracy': 0.90376, 'f1': 0.90371, 'auc': 0.99754}
val: {'epoch': 160, 'time_epoch': 0.06725, 'loss': 3.25257434, 'lr': 0, 'params': 276757, 'time_iter': 0.0048, 'accuracy': 0.35714, 'f1': 0.29754, 'auc': 0.87498}
test: {'epoch': 160, 'time_epoch': 0.08183, 'loss': 2.60036518, 'lr': 0, 'params': 276757, 'time_iter': 0.00585, 'accuracy': 0.40238, 'f1': 0.3844, 'auc': 0.90616}
> Epoch 160: took 1.9s (avg 2.1s) | Best so far: epoch 159	train_loss: 0.3043 train_accuracy: 0.9032	val_loss: 2.3980 val_accuracy: 0.4667	test_loss: 2.0025 test_accuracy: 0.4786	F1: 0.4631 Prec: 0.4951 Rec: 0.4786
train: {'epoch': 161, 'time_epoch': 1.79759, 'eta': 163.02996, 'eta_hours': 0.04529, 'loss': 0.28081636, 'lr': 0.00028144, 'params': 276757, 'time_iter': 0.01027, 'accuracy': 0.90914, 'f1': 0.90913, 'auc': 0.99783}
val: {'epoch': 161, 'time_epoch': 0.12841, 'loss': 2.73307522, 'lr': 0, 'params': 276757, 'time_iter': 0.00917, 'accuracy': 0.39286, 'f1': 0.34713, 'auc': 0.89454}
test: {'epoch': 161, 'time_epoch': 0.0847, 'loss': 2.09743038, 'lr': 0, 'params': 276757, 'time_iter': 0.00605, 'accuracy': 0.4619, 'f1': 0.44371, 'auc': 0.93142}
> Epoch 161: took 2.1s (avg 2.1s) | Best so far: epoch 159	train_loss: 0.3043 train_accuracy: 0.9032	val_loss: 2.3980 val_accuracy: 0.4667	test_loss: 2.0025 test_accuracy: 0.4786	F1: 0.4631 Prec: 0.4951 Rec: 0.4786
train: {'epoch': 162, 'time_epoch': 1.67965, 'eta': 161.08502, 'eta_hours': 0.04475, 'loss': 0.28486506, 'lr': 0.00027581, 'params': 276757, 'time_iter': 0.0096, 'accuracy': 0.90824, 'f1': 0.90824, 'auc': 0.99767}
val: {'epoch': 162, 'time_epoch': 0.07574, 'loss': 2.58908486, 'lr': 0, 'params': 276757, 'time_iter': 0.00541, 'accuracy': 0.42143, 'f1': 0.37194, 'auc': 0.89498}
test: {'epoch': 162, 'time_epoch': 0.07811, 'loss': 2.11233986, 'lr': 0, 'params': 276757, 'time_iter': 0.00558, 'accuracy': 0.48571, 'f1': 0.46707, 'auc': 0.92877}
> Epoch 162: took 1.9s (avg 2.1s) | Best so far: epoch 159	train_loss: 0.3043 train_accuracy: 0.9032	val_loss: 2.3980 val_accuracy: 0.4667	test_loss: 2.0025 test_accuracy: 0.4786	F1: 0.4631 Prec: 0.4951 Rec: 0.4786
train: {'epoch': 163, 'time_epoch': 1.93071, 'eta': 159.27498, 'eta_hours': 0.04424, 'loss': 0.27898938, 'lr': 0.00027021, 'params': 276757, 'time_iter': 0.01103, 'accuracy': 0.90753, 'f1': 0.90741, 'auc': 0.99778}
val: {'epoch': 163, 'time_epoch': 0.07656, 'loss': 2.52180015, 'lr': 0, 'params': 276757, 'time_iter': 0.00547, 'accuracy': 0.4, 'f1': 0.35712, 'auc': 0.90376}
test: {'epoch': 163, 'time_epoch': 0.08072, 'loss': 2.09270007, 'lr': 0, 'params': 276757, 'time_iter': 0.00577, 'accuracy': 0.4381, 'f1': 0.41077, 'auc': 0.93115}
> Epoch 163: took 2.2s (avg 2.1s) | Best so far: epoch 159	train_loss: 0.3043 train_accuracy: 0.9032	val_loss: 2.3980 val_accuracy: 0.4667	test_loss: 2.0025 test_accuracy: 0.4786	F1: 0.4631 Prec: 0.4951 Rec: 0.4786
train: {'epoch': 164, 'time_epoch': 1.84951, 'eta': 157.42165, 'eta_hours': 0.04373, 'loss': 0.28640695, 'lr': 0.00026465, 'params': 276757, 'time_iter': 0.01057, 'accuracy': 0.90448, 'f1': 0.90451, 'auc': 0.99777}
val: {'epoch': 164, 'time_epoch': 0.07156, 'loss': 2.93034295, 'lr': 0, 'params': 276757, 'time_iter': 0.00511, 'accuracy': 0.37381, 'f1': 0.32017, 'auc': 0.88585}
test: {'epoch': 164, 'time_epoch': 0.06733, 'loss': 2.47463551, 'lr': 0, 'params': 276757, 'time_iter': 0.00481, 'accuracy': 0.36667, 'f1': 0.35466, 'auc': 0.90736}
> Epoch 164: took 2.1s (avg 2.1s) | Best so far: epoch 159	train_loss: 0.3043 train_accuracy: 0.9032	val_loss: 2.3980 val_accuracy: 0.4667	test_loss: 2.0025 test_accuracy: 0.4786	F1: 0.4631 Prec: 0.4951 Rec: 0.4786
train: {'epoch': 165, 'time_epoch': 2.01442, 'eta': 155.6518, 'eta_hours': 0.04324, 'loss': 0.26502064, 'lr': 0.00025912, 'params': 276757, 'time_iter': 0.01151, 'accuracy': 0.9147, 'f1': 0.91474, 'auc': 0.99813}
val: {'epoch': 165, 'time_epoch': 0.08408, 'loss': 2.43283873, 'lr': 0, 'params': 276757, 'time_iter': 0.00601, 'accuracy': 0.42857, 'f1': 0.38649, 'auc': 0.91115}
test: {'epoch': 165, 'time_epoch': 0.1208, 'loss': 2.37005718, 'lr': 0, 'params': 276757, 'time_iter': 0.00863, 'accuracy': 0.41905, 'f1': 0.39521, 'auc': 0.91943}
> Epoch 165: took 2.3s (avg 2.1s) | Best so far: epoch 159	train_loss: 0.3043 train_accuracy: 0.9032	val_loss: 2.3980 val_accuracy: 0.4667	test_loss: 2.0025 test_accuracy: 0.4786	F1: 0.4631 Prec: 0.4951 Rec: 0.4786
train: {'epoch': 166, 'time_epoch': 1.74805, 'eta': 153.74664, 'eta_hours': 0.04271, 'loss': 0.28099318, 'lr': 0.00025364, 'params': 276757, 'time_iter': 0.00999, 'accuracy': 0.90717, 'f1': 0.90707, 'auc': 0.99771}
val: {'epoch': 166, 'time_epoch': 0.06863, 'loss': 2.68320643, 'lr': 0, 'params': 276757, 'time_iter': 0.0049, 'accuracy': 0.41905, 'f1': 0.35931, 'auc': 0.90545}
test: {'epoch': 166, 'time_epoch': 0.10518, 'loss': 2.2310124, 'lr': 0, 'params': 276757, 'time_iter': 0.00751, 'accuracy': 0.45952, 'f1': 0.428, 'auc': 0.92745}
> Epoch 166: took 2.0s (avg 2.1s) | Best so far: epoch 159	train_loss: 0.3043 train_accuracy: 0.9032	val_loss: 2.3980 val_accuracy: 0.4667	test_loss: 2.0025 test_accuracy: 0.4786	F1: 0.4631 Prec: 0.4951 Rec: 0.4786
train: {'epoch': 167, 'time_epoch': 1.64665, 'eta': 151.79386, 'eta_hours': 0.04216, 'loss': 0.26931824, 'lr': 0.00024819, 'params': 276757, 'time_iter': 0.00941, 'accuracy': 0.91667, 'f1': 0.91668, 'auc': 0.99794}
val: {'epoch': 167, 'time_epoch': 0.08007, 'loss': 4.71567532, 'lr': 0, 'params': 276757, 'time_iter': 0.00572, 'accuracy': 0.24286, 'f1': 0.18707, 'auc': 0.8419}
test: {'epoch': 167, 'time_epoch': 0.09821, 'loss': 3.52908609, 'lr': 0, 'params': 276757, 'time_iter': 0.00702, 'accuracy': 0.27381, 'f1': 0.24836, 'auc': 0.87763}
> Epoch 167: took 1.9s (avg 2.1s) | Best so far: epoch 159	train_loss: 0.3043 train_accuracy: 0.9032	val_loss: 2.3980 val_accuracy: 0.4667	test_loss: 2.0025 test_accuracy: 0.4786	F1: 0.4631 Prec: 0.4951 Rec: 0.4786
train: {'epoch': 168, 'time_epoch': 1.83569, 'eta': 149.93531, 'eta_hours': 0.04165, 'loss': 0.25904913, 'lr': 0.00024278, 'params': 276757, 'time_iter': 0.01049, 'accuracy': 0.91792, 'f1': 0.91793, 'auc': 0.99815}
val: {'epoch': 168, 'time_epoch': 0.08877, 'loss': 3.73813405, 'lr': 0, 'params': 276757, 'time_iter': 0.00634, 'accuracy': 0.36429, 'f1': 0.30414, 'auc': 0.87212}
test: {'epoch': 168, 'time_epoch': 0.07231, 'loss': 3.02118631, 'lr': 0, 'params': 276757, 'time_iter': 0.00517, 'accuracy': 0.35714, 'f1': 0.33395, 'auc': 0.89311}
> Epoch 168: took 2.1s (avg 2.1s) | Best so far: epoch 159	train_loss: 0.3043 train_accuracy: 0.9032	val_loss: 2.3980 val_accuracy: 0.4667	test_loss: 2.0025 test_accuracy: 0.4786	F1: 0.4631 Prec: 0.4951 Rec: 0.4786
train: {'epoch': 169, 'time_epoch': 1.65789, 'eta': 147.99336, 'eta_hours': 0.04111, 'loss': 0.2453715, 'lr': 0.00023741, 'params': 276757, 'time_iter': 0.00947, 'accuracy': 0.91828, 'f1': 0.91822, 'auc': 0.99833}
val: {'epoch': 169, 'time_epoch': 0.06637, 'loss': 2.11578072, 'lr': 0, 'params': 276757, 'time_iter': 0.00474, 'accuracy': 0.4881, 'f1': 0.46182, 'auc': 0.91398}
test: {'epoch': 169, 'time_epoch': 0.08141, 'loss': 1.96665139, 'lr': 0, 'params': 276757, 'time_iter': 0.00581, 'accuracy': 0.49286, 'f1': 0.4692, 'auc': 0.93776}
[*] Confusion Matrix saved to: results_lopo_none/LJ_3m\Conf\confusion_matrix_epoch_169.png
> Epoch 169: took 1.9s (avg 2.1s) | Best so far: epoch 169	train_loss: 0.2454 train_accuracy: 0.9183	val_loss: 2.1158 val_accuracy: 0.4881	test_loss: 1.9667 test_accuracy: 0.4929	F1: 0.4692 Prec: 0.5573 Rec: 0.4929
train: {'epoch': 170, 'time_epoch': 1.77406, 'eta': 146.1084, 'eta_hours': 0.04059, 'loss': 0.26247149, 'lr': 0.00023209, 'params': 276757, 'time_iter': 0.01014, 'accuracy': 0.91183, 'f1': 0.91183, 'auc': 0.9981}
val: {'epoch': 170, 'time_epoch': 0.07107, 'loss': 4.44456477, 'lr': 0, 'params': 276757, 'time_iter': 0.00508, 'accuracy': 0.29286, 'f1': 0.24517, 'auc': 0.84634}
test: {'epoch': 170, 'time_epoch': 0.10216, 'loss': 3.52833994, 'lr': 0, 'params': 276757, 'time_iter': 0.0073, 'accuracy': 0.30714, 'f1': 0.29194, 'auc': 0.87389}
> Epoch 170: took 2.0s (avg 2.1s) | Best so far: epoch 169	train_loss: 0.2454 train_accuracy: 0.9183	val_loss: 2.1158 val_accuracy: 0.4881	test_loss: 1.9667 test_accuracy: 0.4929	F1: 0.4692 Prec: 0.5573 Rec: 0.4929
train: {'epoch': 171, 'time_epoch': 1.6682, 'eta': 144.17672, 'eta_hours': 0.04005, 'loss': 0.25969292, 'lr': 0.0002268, 'params': 276757, 'time_iter': 0.00953, 'accuracy': 0.91703, 'f1': 0.91693, 'auc': 0.99813}
val: {'epoch': 171, 'time_epoch': 0.11458, 'loss': 1.86780045, 'lr': 0, 'params': 276757, 'time_iter': 0.00818, 'accuracy': 0.51667, 'f1': 0.48887, 'auc': 0.92846}
test: {'epoch': 171, 'time_epoch': 0.09202, 'loss': 1.76818775, 'lr': 0, 'params': 276757, 'time_iter': 0.00657, 'accuracy': 0.52857, 'f1': 0.50211, 'auc': 0.94311}
[*] Confusion Matrix saved to: results_lopo_none/LJ_3m\Conf\confusion_matrix_epoch_171.png
> Epoch 171: took 2.0s (avg 2.1s) | Best so far: epoch 171	train_loss: 0.2597 train_accuracy: 0.9170	val_loss: 1.8678 val_accuracy: 0.5167	test_loss: 1.7682 test_accuracy: 0.5286	F1: 0.5021 Prec: 0.5483 Rec: 0.5286
train: {'epoch': 172, 'time_epoch': 1.72387, 'eta': 142.27286, 'eta_hours': 0.03952, 'loss': 0.2652467, 'lr': 0.00022156, 'params': 276757, 'time_iter': 0.00985, 'accuracy': 0.91075, 'f1': 0.91074, 'auc': 0.99793}
val: {'epoch': 172, 'time_epoch': 0.0697, 'loss': 2.78557114, 'lr': 0, 'params': 276757, 'time_iter': 0.00498, 'accuracy': 0.41905, 'f1': 0.36549, 'auc': 0.89714}
test: {'epoch': 172, 'time_epoch': 0.08191, 'loss': 2.1728492, 'lr': 0, 'params': 276757, 'time_iter': 0.00585, 'accuracy': 0.49286, 'f1': 0.46928, 'auc': 0.92799}
> Epoch 172: took 2.0s (avg 2.1s) | Best so far: epoch 171	train_loss: 0.2597 train_accuracy: 0.9170	val_loss: 1.8678 val_accuracy: 0.5167	test_loss: 1.7682 test_accuracy: 0.5286	F1: 0.5021 Prec: 0.5483 Rec: 0.5286
train: {'epoch': 173, 'time_epoch': 1.79193, 'eta': 140.4008, 'eta_hours': 0.039, 'loss': 0.25701808, 'lr': 0.00021637, 'params': 276757, 'time_iter': 0.01024, 'accuracy': 0.92222, 'f1': 0.92219, 'auc': 0.99803}
val: {'epoch': 173, 'time_epoch': 0.11006, 'loss': 2.72800158, 'lr': 0, 'params': 276757, 'time_iter': 0.00786, 'accuracy': 0.43333, 'f1': 0.41029, 'auc': 0.90118}
test: {'epoch': 173, 'time_epoch': 0.07129, 'loss': 2.1771793, 'lr': 0, 'params': 276757, 'time_iter': 0.00509, 'accuracy': 0.47381, 'f1': 0.44329, 'auc': 0.93876}
> Epoch 173: took 2.1s (avg 2.1s) | Best so far: epoch 171	train_loss: 0.2597 train_accuracy: 0.9170	val_loss: 1.8678 val_accuracy: 0.5167	test_loss: 1.7682 test_accuracy: 0.5286	F1: 0.5021 Prec: 0.5483 Rec: 0.5286
train: {'epoch': 174, 'time_epoch': 1.71909, 'eta': 138.49844, 'eta_hours': 0.03847, 'loss': 0.24788822, 'lr': 0.00021121, 'params': 276757, 'time_iter': 0.00982, 'accuracy': 0.91756, 'f1': 0.91755, 'auc': 0.99827}
val: {'epoch': 174, 'time_epoch': 0.06879, 'loss': 2.67106573, 'lr': 0, 'params': 276757, 'time_iter': 0.00491, 'accuracy': 0.43571, 'f1': 0.39728, 'auc': 0.90339}
test: {'epoch': 174, 'time_epoch': 0.07627, 'loss': 2.21775454, 'lr': 0, 'params': 276757, 'time_iter': 0.00545, 'accuracy': 0.46905, 'f1': 0.43992, 'auc': 0.92907}
> Epoch 174: took 2.0s (avg 2.1s) | Best so far: epoch 171	train_loss: 0.2597 train_accuracy: 0.9170	val_loss: 1.8678 val_accuracy: 0.5167	test_loss: 1.7682 test_accuracy: 0.5286	F1: 0.5021 Prec: 0.5483 Rec: 0.5286
train: {'epoch': 175, 'time_epoch': 1.68613, 'eta': 136.58431, 'eta_hours': 0.03794, 'loss': 0.2501531, 'lr': 0.00020611, 'params': 276757, 'time_iter': 0.00964, 'accuracy': 0.91398, 'f1': 0.91401, 'auc': 0.99831}
val: {'epoch': 175, 'time_epoch': 0.08342, 'loss': 2.74447457, 'lr': 0, 'params': 276757, 'time_iter': 0.00596, 'accuracy': 0.41667, 'f1': 0.34375, 'auc': 0.90501}
test: {'epoch': 175, 'time_epoch': 0.07028, 'loss': 2.36418761, 'lr': 0, 'params': 276757, 'time_iter': 0.00502, 'accuracy': 0.42857, 'f1': 0.40204, 'auc': 0.92034}
> Epoch 175: took 1.9s (avg 2.1s) | Best so far: epoch 171	train_loss: 0.2597 train_accuracy: 0.9170	val_loss: 1.8678 val_accuracy: 0.5167	test_loss: 1.7682 test_accuracy: 0.5286	F1: 0.5021 Prec: 0.5483 Rec: 0.5286
train: {'epoch': 176, 'time_epoch': 1.93088, 'eta': 134.77369, 'eta_hours': 0.03744, 'loss': 0.24818458, 'lr': 0.00020105, 'params': 276757, 'time_iter': 0.01103, 'accuracy': 0.91935, 'f1': 0.91933, 'auc': 0.99823}
val: {'epoch': 176, 'time_epoch': 0.11405, 'loss': 2.5831283, 'lr': 0, 'params': 276757, 'time_iter': 0.00815, 'accuracy': 0.40476, 'f1': 0.36397, 'auc': 0.89881}
test: {'epoch': 176, 'time_epoch': 0.07127, 'loss': 2.18320487, 'lr': 0, 'params': 276757, 'time_iter': 0.00509, 'accuracy': 0.43571, 'f1': 0.41961, 'auc': 0.9294}
> Epoch 176: took 2.2s (avg 2.1s) | Best so far: epoch 171	train_loss: 0.2597 train_accuracy: 0.9170	val_loss: 1.8678 val_accuracy: 0.5167	test_loss: 1.7682 test_accuracy: 0.5286	F1: 0.5021 Prec: 0.5483 Rec: 0.5286
train: {'epoch': 177, 'time_epoch': 1.6968, 'eta': 132.86703, 'eta_hours': 0.03691, 'loss': 0.24347531, 'lr': 0.00019603, 'params': 276757, 'time_iter': 0.0097, 'accuracy': 0.92097, 'f1': 0.92099, 'auc': 0.99833}
val: {'epoch': 177, 'time_epoch': 0.0672, 'loss': 2.56091186, 'lr': 0, 'params': 276757, 'time_iter': 0.0048, 'accuracy': 0.44524, 'f1': 0.40466, 'auc': 0.90833}
test: {'epoch': 177, 'time_epoch': 0.06839, 'loss': 2.28818689, 'lr': 0, 'params': 276757, 'time_iter': 0.00489, 'accuracy': 0.45238, 'f1': 0.44252, 'auc': 0.91734}
> Epoch 177: took 1.9s (avg 2.1s) | Best so far: epoch 171	train_loss: 0.2597 train_accuracy: 0.9170	val_loss: 1.8678 val_accuracy: 0.5167	test_loss: 1.7682 test_accuracy: 0.5286	F1: 0.5021 Prec: 0.5483 Rec: 0.5286
train: {'epoch': 178, 'time_epoch': 1.7027, 'eta': 130.96507, 'eta_hours': 0.03638, 'loss': 0.23796257, 'lr': 0.00019107, 'params': 276757, 'time_iter': 0.00973, 'accuracy': 0.92437, 'f1': 0.92435, 'auc': 0.99842}
val: {'epoch': 178, 'time_epoch': 0.06543, 'loss': 2.8259018, 'lr': 0, 'params': 276757, 'time_iter': 0.00467, 'accuracy': 0.44524, 'f1': 0.39018, 'auc': 0.9003}
test: {'epoch': 178, 'time_epoch': 0.06731, 'loss': 2.33247074, 'lr': 0, 'params': 276757, 'time_iter': 0.00481, 'accuracy': 0.43333, 'f1': 0.41141, 'auc': 0.92099}
> Epoch 178: took 1.9s (avg 2.1s) | Best so far: epoch 171	train_loss: 0.2597 train_accuracy: 0.9170	val_loss: 1.8678 val_accuracy: 0.5167	test_loss: 1.7682 test_accuracy: 0.5286	F1: 0.5021 Prec: 0.5483 Rec: 0.5286
train: {'epoch': 179, 'time_epoch': 1.81533, 'eta': 129.10912, 'eta_hours': 0.03586, 'loss': 0.24822962, 'lr': 0.00018615, 'params': 276757, 'time_iter': 0.01037, 'accuracy': 0.91559, 'f1': 0.91559, 'auc': 0.99834}
val: {'epoch': 179, 'time_epoch': 0.07031, 'loss': 2.06699112, 'lr': 0, 'params': 276757, 'time_iter': 0.00502, 'accuracy': 0.49286, 'f1': 0.45885, 'auc': 0.92149}
test: {'epoch': 179, 'time_epoch': 0.06773, 'loss': 1.80971047, 'lr': 0, 'params': 276757, 'time_iter': 0.00484, 'accuracy': 0.52857, 'f1': 0.50513, 'auc': 0.94533}
> Epoch 179: took 2.0s (avg 2.1s) | Best so far: epoch 171	train_loss: 0.2597 train_accuracy: 0.9170	val_loss: 1.8678 val_accuracy: 0.5167	test_loss: 1.7682 test_accuracy: 0.5286	F1: 0.5021 Prec: 0.5483 Rec: 0.5286
train: {'epoch': 180, 'time_epoch': 1.85219, 'eta': 127.26767, 'eta_hours': 0.03535, 'loss': 0.24646616, 'lr': 0.00018129, 'params': 276757, 'time_iter': 0.01058, 'accuracy': 0.92204, 'f1': 0.92203, 'auc': 0.99824}
val: {'epoch': 180, 'time_epoch': 0.07628, 'loss': 1.95110487, 'lr': 0, 'params': 276757, 'time_iter': 0.00545, 'accuracy': 0.5119, 'f1': 0.47876, 'auc': 0.92241}
test: {'epoch': 180, 'time_epoch': 0.0771, 'loss': 1.69442527, 'lr': 0, 'params': 276757, 'time_iter': 0.00551, 'accuracy': 0.54048, 'f1': 0.51764, 'auc': 0.94577}
> Epoch 180: took 2.1s (avg 2.1s) | Best so far: epoch 171	train_loss: 0.2597 train_accuracy: 0.9170	val_loss: 1.8678 val_accuracy: 0.5167	test_loss: 1.7682 test_accuracy: 0.5286	F1: 0.5021 Prec: 0.5483 Rec: 0.5286
train: {'epoch': 181, 'time_epoch': 2.16236, 'eta': 125.54198, 'eta_hours': 0.03487, 'loss': 0.24094317, 'lr': 0.00017647, 'params': 276757, 'time_iter': 0.01236, 'accuracy': 0.92007, 'f1': 0.91996, 'auc': 0.99837}
val: {'epoch': 181, 'time_epoch': 0.07795, 'loss': 2.76848436, 'lr': 0, 'params': 276757, 'time_iter': 0.00557, 'accuracy': 0.42619, 'f1': 0.37779, 'auc': 0.90202}
test: {'epoch': 181, 'time_epoch': 0.11187, 'loss': 2.27412055, 'lr': 0, 'params': 276757, 'time_iter': 0.00799, 'accuracy': 0.44048, 'f1': 0.42682, 'auc': 0.92648}
> Epoch 181: took 2.4s (avg 2.1s) | Best so far: epoch 171	train_loss: 0.2597 train_accuracy: 0.9170	val_loss: 1.8678 val_accuracy: 0.5167	test_loss: 1.7682 test_accuracy: 0.5286	F1: 0.5021 Prec: 0.5483 Rec: 0.5286
train: {'epoch': 182, 'time_epoch': 2.09423, 'eta': 123.78658, 'eta_hours': 0.03439, 'loss': 0.2292845, 'lr': 0.00017171, 'params': 276757, 'time_iter': 0.01197, 'accuracy': 0.9276, 'f1': 0.92751, 'auc': 0.99852}
val: {'epoch': 182, 'time_epoch': 0.07781, 'loss': 2.18801892, 'lr': 0, 'params': 276757, 'time_iter': 0.00556, 'accuracy': 0.5119, 'f1': 0.47249, 'auc': 0.91957}
test: {'epoch': 182, 'time_epoch': 0.06554, 'loss': 2.04247719, 'lr': 0, 'params': 276757, 'time_iter': 0.00468, 'accuracy': 0.5, 'f1': 0.47683, 'auc': 0.94038}
> Epoch 182: took 2.3s (avg 2.1s) | Best so far: epoch 171	train_loss: 0.2597 train_accuracy: 0.9170	val_loss: 1.8678 val_accuracy: 0.5167	test_loss: 1.7682 test_accuracy: 0.5286	F1: 0.5021 Prec: 0.5483 Rec: 0.5286
train: {'epoch': 183, 'time_epoch': 2.02186, 'eta': 122.00154, 'eta_hours': 0.03389, 'loss': 0.23895641, 'lr': 0.00016699, 'params': 276757, 'time_iter': 0.01155, 'accuracy': 0.92527, 'f1': 0.92522, 'auc': 0.99837}
val: {'epoch': 183, 'time_epoch': 0.10602, 'loss': 2.65842836, 'lr': 0, 'params': 276757, 'time_iter': 0.00757, 'accuracy': 0.43095, 'f1': 0.3896, 'auc': 0.89888}
test: {'epoch': 183, 'time_epoch': 0.09978, 'loss': 2.25866844, 'lr': 0, 'params': 276757, 'time_iter': 0.00713, 'accuracy': 0.48095, 'f1': 0.45117, 'auc': 0.9247}
> Epoch 183: took 2.3s (avg 2.1s) | Best so far: epoch 171	train_loss: 0.2597 train_accuracy: 0.9170	val_loss: 1.8678 val_accuracy: 0.5167	test_loss: 1.7682 test_accuracy: 0.5286	F1: 0.5021 Prec: 0.5483 Rec: 0.5286
train: {'epoch': 184, 'time_epoch': 1.87152, 'eta': 120.16112, 'eta_hours': 0.03338, 'loss': 0.24380218, 'lr': 0.00016233, 'params': 276757, 'time_iter': 0.01069, 'accuracy': 0.92061, 'f1': 0.92055, 'auc': 0.99828}
val: {'epoch': 184, 'time_epoch': 0.09377, 'loss': 2.01754783, 'lr': 0, 'params': 276757, 'time_iter': 0.0067, 'accuracy': 0.52619, 'f1': 0.49604, 'auc': 0.92333}
test: {'epoch': 184, 'time_epoch': 0.06626, 'loss': 1.76599226, 'lr': 0, 'params': 276757, 'time_iter': 0.00473, 'accuracy': 0.52381, 'f1': 0.50242, 'auc': 0.94646}
[*] Confusion Matrix saved to: results_lopo_none/LJ_3m\Conf\confusion_matrix_epoch_184.png
> Epoch 184: took 2.1s (avg 2.1s) | Best so far: epoch 184	train_loss: 0.2438 train_accuracy: 0.9206	val_loss: 2.0175 val_accuracy: 0.5262	test_loss: 1.7660 test_accuracy: 0.5238	F1: 0.5024 Prec: 0.5920 Rec: 0.5238
train: {'epoch': 185, 'time_epoch': 1.8739, 'eta': 118.32118, 'eta_hours': 0.03287, 'loss': 0.24815, 'lr': 0.00015773, 'params': 276757, 'time_iter': 0.01071, 'accuracy': 0.92043, 'f1': 0.92039, 'auc': 0.99824}
val: {'epoch': 185, 'time_epoch': 0.09249, 'loss': 2.01513943, 'lr': 0, 'params': 276757, 'time_iter': 0.00661, 'accuracy': 0.51667, 'f1': 0.47209, 'auc': 0.92676}
test: {'epoch': 185, 'time_epoch': 0.08114, 'loss': 1.92963054, 'lr': 0, 'params': 276757, 'time_iter': 0.0058, 'accuracy': 0.5, 'f1': 0.47212, 'auc': 0.9407}
> Epoch 185: took 2.1s (avg 2.1s) | Best so far: epoch 184	train_loss: 0.2438 train_accuracy: 0.9206	val_loss: 2.0175 val_accuracy: 0.5262	test_loss: 1.7660 test_accuracy: 0.5238	F1: 0.5024 Prec: 0.5920 Rec: 0.5238
train: {'epoch': 186, 'time_epoch': 1.86155, 'eta': 116.47672, 'eta_hours': 0.03235, 'loss': 0.24471159, 'lr': 0.00015317, 'params': 276757, 'time_iter': 0.01064, 'accuracy': 0.92097, 'f1': 0.92095, 'auc': 0.99833}
val: {'epoch': 186, 'time_epoch': 0.07709, 'loss': 2.41052924, 'lr': 0, 'params': 276757, 'time_iter': 0.00551, 'accuracy': 0.45952, 'f1': 0.40839, 'auc': 0.91293}
test: {'epoch': 186, 'time_epoch': 0.07959, 'loss': 1.92481764, 'lr': 0, 'params': 276757, 'time_iter': 0.00569, 'accuracy': 0.50476, 'f1': 0.49079, 'auc': 0.93691}
> Epoch 186: took 2.1s (avg 2.1s) | Best so far: epoch 184	train_loss: 0.2438 train_accuracy: 0.9206	val_loss: 2.0175 val_accuracy: 0.5262	test_loss: 1.7660 test_accuracy: 0.5238	F1: 0.5024 Prec: 0.5920 Rec: 0.5238
train: {'epoch': 187, 'time_epoch': 1.75636, 'eta': 114.59739, 'eta_hours': 0.03183, 'loss': 0.24785686, 'lr': 0.00014868, 'params': 276757, 'time_iter': 0.01004, 'accuracy': 0.91935, 'f1': 0.91934, 'auc': 0.99818}
val: {'epoch': 187, 'time_epoch': 0.07881, 'loss': 2.35120902, 'lr': 0, 'params': 276757, 'time_iter': 0.00563, 'accuracy': 0.44524, 'f1': 0.41405, 'auc': 0.9114}
test: {'epoch': 187, 'time_epoch': 0.09528, 'loss': 2.02217226, 'lr': 0, 'params': 276757, 'time_iter': 0.00681, 'accuracy': 0.48333, 'f1': 0.46373, 'auc': 0.93742}
> Epoch 187: took 2.0s (avg 2.1s) | Best so far: epoch 184	train_loss: 0.2438 train_accuracy: 0.9206	val_loss: 2.0175 val_accuracy: 0.5262	test_loss: 1.7660 test_accuracy: 0.5238	F1: 0.5024 Prec: 0.5920 Rec: 0.5238
train: {'epoch': 188, 'time_epoch': 1.78121, 'eta': 112.72738, 'eta_hours': 0.03131, 'loss': 0.22971957, 'lr': 0.00014423, 'params': 276757, 'time_iter': 0.01018, 'accuracy': 0.92796, 'f1': 0.92792, 'auc': 0.99849}
val: {'epoch': 188, 'time_epoch': 0.06838, 'loss': 2.01391007, 'lr': 0, 'params': 276757, 'time_iter': 0.00488, 'accuracy': 0.50238, 'f1': 0.47047, 'auc': 0.92468}
test: {'epoch': 188, 'time_epoch': 0.0894, 'loss': 1.84293235, 'lr': 0, 'params': 276757, 'time_iter': 0.00639, 'accuracy': 0.54524, 'f1': 0.52159, 'auc': 0.9429}
> Epoch 188: took 2.1s (avg 2.1s) | Best so far: epoch 184	train_loss: 0.2438 train_accuracy: 0.9206	val_loss: 2.0175 val_accuracy: 0.5262	test_loss: 1.7660 test_accuracy: 0.5238	F1: 0.5024 Prec: 0.5920 Rec: 0.5238
train: {'epoch': 189, 'time_epoch': 1.80955, 'eta': 110.86725, 'eta_hours': 0.0308, 'loss': 0.23543127, 'lr': 0.00013985, 'params': 276757, 'time_iter': 0.01034, 'accuracy': 0.92473, 'f1': 0.92464, 'auc': 0.99839}
val: {'epoch': 189, 'time_epoch': 0.07607, 'loss': 1.78902859, 'lr': 0, 'params': 276757, 'time_iter': 0.00543, 'accuracy': 0.54286, 'f1': 0.51401, 'auc': 0.93448}
test: {'epoch': 189, 'time_epoch': 0.07235, 'loss': 1.66568707, 'lr': 0, 'params': 276757, 'time_iter': 0.00517, 'accuracy': 0.55, 'f1': 0.53129, 'auc': 0.94958}
[*] Confusion Matrix saved to: results_lopo_none/LJ_3m\Conf\confusion_matrix_epoch_189.png
> Epoch 189: took 2.0s (avg 2.1s) | Best so far: epoch 189	train_loss: 0.2354 train_accuracy: 0.9247	val_loss: 1.7890 val_accuracy: 0.5429	test_loss: 1.6657 test_accuracy: 0.5500	F1: 0.5313 Prec: 0.5867 Rec: 0.5500
train: {'epoch': 190, 'time_epoch': 1.91054, 'eta': 109.03884, 'eta_hours': 0.03029, 'loss': 0.24578118, 'lr': 0.00013552, 'params': 276757, 'time_iter': 0.01092, 'accuracy': 0.91649, 'f1': 0.91643, 'auc': 0.99834}
val: {'epoch': 190, 'time_epoch': 0.11663, 'loss': 1.84254198, 'lr': 0, 'params': 276757, 'time_iter': 0.00833, 'accuracy': 0.55714, 'f1': 0.53039, 'auc': 0.93281}
test: {'epoch': 190, 'time_epoch': 0.0928, 'loss': 1.76129938, 'lr': 0, 'params': 276757, 'time_iter': 0.00663, 'accuracy': 0.54762, 'f1': 0.53252, 'auc': 0.94285}
[*] Confusion Matrix saved to: results_lopo_none/LJ_3m\Conf\confusion_matrix_epoch_190.png
> Epoch 190: took 2.2s (avg 2.1s) | Best so far: epoch 190	train_loss: 0.2458 train_accuracy: 0.9165	val_loss: 1.8425 val_accuracy: 0.5571	test_loss: 1.7613 test_accuracy: 0.5476	F1: 0.5325 Prec: 0.5932 Rec: 0.5476
train: {'epoch': 191, 'time_epoch': 1.88954, 'eta': 107.20324, 'eta_hours': 0.02978, 'loss': 0.22632574, 'lr': 0.00013124, 'params': 276757, 'time_iter': 0.0108, 'accuracy': 0.92706, 'f1': 0.92704, 'auc': 0.99848}
val: {'epoch': 191, 'time_epoch': 0.07818, 'loss': 2.16588831, 'lr': 0, 'params': 276757, 'time_iter': 0.00558, 'accuracy': 0.47381, 'f1': 0.43879, 'auc': 0.9183}
test: {'epoch': 191, 'time_epoch': 0.07111, 'loss': 1.80128788, 'lr': 0, 'params': 276757, 'time_iter': 0.00508, 'accuracy': 0.51429, 'f1': 0.49601, 'auc': 0.94554}
> Epoch 191: took 2.1s (avg 2.1s) | Best so far: epoch 190	train_loss: 0.2458 train_accuracy: 0.9165	val_loss: 1.8425 val_accuracy: 0.5571	test_loss: 1.7613 test_accuracy: 0.5476	F1: 0.5325 Prec: 0.5932 Rec: 0.5476
train: {'epoch': 192, 'time_epoch': 1.78127, 'eta': 105.3351, 'eta_hours': 0.02926, 'loss': 0.22991081, 'lr': 0.00012703, 'params': 276757, 'time_iter': 0.01018, 'accuracy': 0.92437, 'f1': 0.92433, 'auc': 0.99849}
val: {'epoch': 192, 'time_epoch': 0.07219, 'loss': 2.33677066, 'lr': 0, 'params': 276757, 'time_iter': 0.00516, 'accuracy': 0.46905, 'f1': 0.43909, 'auc': 0.90641}
test: {'epoch': 192, 'time_epoch': 0.06353, 'loss': 2.05867774, 'lr': 0, 'params': 276757, 'time_iter': 0.00454, 'accuracy': 0.52381, 'f1': 0.49904, 'auc': 0.93804}
> Epoch 192: took 2.0s (avg 2.1s) | Best so far: epoch 190	train_loss: 0.2458 train_accuracy: 0.9165	val_loss: 1.8425 val_accuracy: 0.5571	test_loss: 1.7613 test_accuracy: 0.5476	F1: 0.5325 Prec: 0.5932 Rec: 0.5476
train: {'epoch': 193, 'time_epoch': 1.83761, 'eta': 103.48412, 'eta_hours': 0.02875, 'loss': 0.25369734, 'lr': 0.00012287, 'params': 276757, 'time_iter': 0.0105, 'accuracy': 0.91792, 'f1': 0.91797, 'auc': 0.99809}
val: {'epoch': 193, 'time_epoch': 0.07786, 'loss': 2.20869259, 'lr': 0, 'params': 276757, 'time_iter': 0.00556, 'accuracy': 0.47381, 'f1': 0.44076, 'auc': 0.91902}
test: {'epoch': 193, 'time_epoch': 0.09487, 'loss': 2.03529466, 'lr': 0, 'params': 276757, 'time_iter': 0.00678, 'accuracy': 0.49286, 'f1': 0.47821, 'auc': 0.93545}
> Epoch 193: took 2.1s (avg 2.1s) | Best so far: epoch 190	train_loss: 0.2458 train_accuracy: 0.9165	val_loss: 1.8425 val_accuracy: 0.5571	test_loss: 1.7613 test_accuracy: 0.5476	F1: 0.5325 Prec: 0.5932 Rec: 0.5476
train: {'epoch': 194, 'time_epoch': 1.69278, 'eta': 101.59243, 'eta_hours': 0.02822, 'loss': 0.23505438, 'lr': 0.00011878, 'params': 276757, 'time_iter': 0.00967, 'accuracy': 0.91828, 'f1': 0.91827, 'auc': 0.99849}
val: {'epoch': 194, 'time_epoch': 0.0778, 'loss': 1.97194948, 'lr': 0, 'params': 276757, 'time_iter': 0.00556, 'accuracy': 0.52857, 'f1': 0.49225, 'auc': 0.92695}
test: {'epoch': 194, 'time_epoch': 0.06895, 'loss': 1.77624056, 'lr': 0, 'params': 276757, 'time_iter': 0.00493, 'accuracy': 0.53571, 'f1': 0.51164, 'auc': 0.943}
> Epoch 194: took 1.9s (avg 2.1s) | Best so far: epoch 190	train_loss: 0.2458 train_accuracy: 0.9165	val_loss: 1.8425 val_accuracy: 0.5571	test_loss: 1.7613 test_accuracy: 0.5476	F1: 0.5325 Prec: 0.5932 Rec: 0.5476
train: {'epoch': 195, 'time_epoch': 1.76061, 'eta': 99.72146, 'eta_hours': 0.0277, 'loss': 0.23613997, 'lr': 0.00011474, 'params': 276757, 'time_iter': 0.01006, 'accuracy': 0.92616, 'f1': 0.9262, 'auc': 0.99835}
val: {'epoch': 195, 'time_epoch': 0.0678, 'loss': 1.87948139, 'lr': 0, 'params': 276757, 'time_iter': 0.00484, 'accuracy': 0.54524, 'f1': 0.52046, 'auc': 0.9294}
test: {'epoch': 195, 'time_epoch': 0.07021, 'loss': 1.82421408, 'lr': 0, 'params': 276757, 'time_iter': 0.00501, 'accuracy': 0.50238, 'f1': 0.48721, 'auc': 0.94446}
> Epoch 195: took 2.0s (avg 2.1s) | Best so far: epoch 190	train_loss: 0.2458 train_accuracy: 0.9165	val_loss: 1.8425 val_accuracy: 0.5571	test_loss: 1.7613 test_accuracy: 0.5476	F1: 0.5325 Prec: 0.5932 Rec: 0.5476
train: {'epoch': 196, 'time_epoch': 1.793, 'eta': 97.86032, 'eta_hours': 0.02718, 'loss': 0.21615497, 'lr': 0.00011077, 'params': 276757, 'time_iter': 0.01025, 'accuracy': 0.93065, 'f1': 0.93067, 'auc': 0.99872}
val: {'epoch': 196, 'time_epoch': 0.07637, 'loss': 2.17242457, 'lr': 0, 'params': 276757, 'time_iter': 0.00546, 'accuracy': 0.48095, 'f1': 0.44189, 'auc': 0.91885}
test: {'epoch': 196, 'time_epoch': 0.09005, 'loss': 1.84097352, 'lr': 0, 'params': 276757, 'time_iter': 0.00643, 'accuracy': 0.49048, 'f1': 0.47713, 'auc': 0.94256}
> Epoch 196: took 2.0s (avg 2.1s) | Best so far: epoch 190	train_loss: 0.2458 train_accuracy: 0.9165	val_loss: 1.8425 val_accuracy: 0.5571	test_loss: 1.7613 test_accuracy: 0.5476	F1: 0.5325 Prec: 0.5932 Rec: 0.5476
train: {'epoch': 197, 'time_epoch': 2.07827, 'eta': 96.07479, 'eta_hours': 0.02669, 'loss': 0.23449981, 'lr': 0.00010686, 'params': 276757, 'time_iter': 0.01188, 'accuracy': 0.92097, 'f1': 0.92087, 'auc': 0.99842}
val: {'epoch': 197, 'time_epoch': 0.07698, 'loss': 2.40458909, 'lr': 0, 'params': 276757, 'time_iter': 0.0055, 'accuracy': 0.47857, 'f1': 0.43146, 'auc': 0.91652}
test: {'epoch': 197, 'time_epoch': 0.073, 'loss': 1.92498822, 'lr': 0, 'params': 276757, 'time_iter': 0.00521, 'accuracy': 0.49524, 'f1': 0.47413, 'auc': 0.93706}
> Epoch 197: took 2.3s (avg 2.1s) | Best so far: epoch 190	train_loss: 0.2458 train_accuracy: 0.9165	val_loss: 1.8425 val_accuracy: 0.5571	test_loss: 1.7613 test_accuracy: 0.5476	F1: 0.5325 Prec: 0.5932 Rec: 0.5476
train: {'epoch': 198, 'time_epoch': 1.98968, 'eta': 94.26361, 'eta_hours': 0.02618, 'loss': 0.19790835, 'lr': 0.000103, 'params': 276757, 'time_iter': 0.01137, 'accuracy': 0.93781, 'f1': 0.93775, 'auc': 0.99898}
val: {'epoch': 198, 'time_epoch': 0.09341, 'loss': 2.15013908, 'lr': 0, 'params': 276757, 'time_iter': 0.00667, 'accuracy': 0.49762, 'f1': 0.4652, 'auc': 0.92214}
test: {'epoch': 198, 'time_epoch': 0.10842, 'loss': 1.93615804, 'lr': 0, 'params': 276757, 'time_iter': 0.00774, 'accuracy': 0.53333, 'f1': 0.50693, 'auc': 0.94461}
> Epoch 198: took 2.3s (avg 2.1s) | Best so far: epoch 190	train_loss: 0.2458 train_accuracy: 0.9165	val_loss: 1.8425 val_accuracy: 0.5571	test_loss: 1.7613 test_accuracy: 0.5476	F1: 0.5325 Prec: 0.5932 Rec: 0.5476
train: {'epoch': 199, 'time_epoch': 1.83564, 'eta': 92.41214, 'eta_hours': 0.02567, 'loss': 0.22005897, 'lr': 9.922e-05, 'params': 276757, 'time_iter': 0.01049, 'accuracy': 0.92706, 'f1': 0.92708, 'auc': 0.99865}
val: {'epoch': 199, 'time_epoch': 0.06978, 'loss': 2.00981589, 'lr': 0, 'params': 276757, 'time_iter': 0.00498, 'accuracy': 0.52619, 'f1': 0.4924, 'auc': 0.92614}
test: {'epoch': 199, 'time_epoch': 0.06371, 'loss': 1.92476775, 'lr': 0, 'params': 276757, 'time_iter': 0.00455, 'accuracy': 0.52381, 'f1': 0.49974, 'auc': 0.94219}
> Epoch 199: took 2.0s (avg 2.1s) | Best so far: epoch 190	train_loss: 0.2458 train_accuracy: 0.9165	val_loss: 1.8425 val_accuracy: 0.5571	test_loss: 1.7613 test_accuracy: 0.5476	F1: 0.5325 Prec: 0.5932 Rec: 0.5476
train: {'epoch': 200, 'time_epoch': 2.03618, 'eta': 90.60971, 'eta_hours': 0.02517, 'loss': 0.2067293, 'lr': 9.549e-05, 'params': 276757, 'time_iter': 0.01164, 'accuracy': 0.9362, 'f1': 0.93613, 'auc': 0.99879}
val: {'epoch': 200, 'time_epoch': 0.09906, 'loss': 1.99026633, 'lr': 0, 'params': 276757, 'time_iter': 0.00708, 'accuracy': 0.51905, 'f1': 0.48286, 'auc': 0.9295}
test: {'epoch': 200, 'time_epoch': 0.06542, 'loss': 1.80394345, 'lr': 0, 'params': 276757, 'time_iter': 0.00467, 'accuracy': 0.53333, 'f1': 0.52003, 'auc': 0.94516}
> Epoch 200: took 2.3s (avg 2.1s) | Best so far: epoch 190	train_loss: 0.2458 train_accuracy: 0.9165	val_loss: 1.8425 val_accuracy: 0.5571	test_loss: 1.7613 test_accuracy: 0.5476	F1: 0.5325 Prec: 0.5932 Rec: 0.5476
train: {'epoch': 201, 'time_epoch': 1.84772, 'eta': 88.76019, 'eta_hours': 0.02466, 'loss': 0.21279287, 'lr': 9.183e-05, 'params': 276757, 'time_iter': 0.01056, 'accuracy': 0.92652, 'f1': 0.92658, 'auc': 0.99879}
val: {'epoch': 201, 'time_epoch': 0.06379, 'loss': 2.20595581, 'lr': 0, 'params': 276757, 'time_iter': 0.00456, 'accuracy': 0.48095, 'f1': 0.43234, 'auc': 0.92155}
test: {'epoch': 201, 'time_epoch': 0.09028, 'loss': 1.90042898, 'lr': 0, 'params': 276757, 'time_iter': 0.00645, 'accuracy': 0.52381, 'f1': 0.5016, 'auc': 0.94384}
> Epoch 201: took 2.1s (avg 2.1s) | Best so far: epoch 190	train_loss: 0.2458 train_accuracy: 0.9165	val_loss: 1.8425 val_accuracy: 0.5571	test_loss: 1.7613 test_accuracy: 0.5476	F1: 0.5325 Prec: 0.5932 Rec: 0.5476
train: {'epoch': 202, 'time_epoch': 1.81892, 'eta': 86.90401, 'eta_hours': 0.02414, 'loss': 0.20140143, 'lr': 8.823e-05, 'params': 276757, 'time_iter': 0.01039, 'accuracy': 0.9353, 'f1': 0.93528, 'auc': 0.99879}
val: {'epoch': 202, 'time_epoch': 0.08719, 'loss': 2.0047426, 'lr': 0, 'params': 276757, 'time_iter': 0.00623, 'accuracy': 0.50952, 'f1': 0.47909, 'auc': 0.92604}
test: {'epoch': 202, 'time_epoch': 0.06673, 'loss': 1.90973347, 'lr': 0, 'params': 276757, 'time_iter': 0.00477, 'accuracy': 0.5119, 'f1': 0.4824, 'auc': 0.94371}
> Epoch 202: took 2.1s (avg 2.1s) | Best so far: epoch 190	train_loss: 0.2458 train_accuracy: 0.9165	val_loss: 1.8425 val_accuracy: 0.5571	test_loss: 1.7613 test_accuracy: 0.5476	F1: 0.5325 Prec: 0.5932 Rec: 0.5476
train: {'epoch': 203, 'time_epoch': 1.89028, 'eta': 85.0643, 'eta_hours': 0.02363, 'loss': 0.20455293, 'lr': 8.47e-05, 'params': 276757, 'time_iter': 0.0108, 'accuracy': 0.9353, 'f1': 0.93525, 'auc': 0.99881}
val: {'epoch': 203, 'time_epoch': 0.0651, 'loss': 1.83644162, 'lr': 0, 'params': 276757, 'time_iter': 0.00465, 'accuracy': 0.55714, 'f1': 0.52851, 'auc': 0.93318}
test: {'epoch': 203, 'time_epoch': 0.11223, 'loss': 1.72902205, 'lr': 0, 'params': 276757, 'time_iter': 0.00802, 'accuracy': 0.55, 'f1': 0.54753, 'auc': 0.94698}
> Epoch 203: took 2.1s (avg 2.1s) | Best so far: epoch 190	train_loss: 0.2458 train_accuracy: 0.9165	val_loss: 1.8425 val_accuracy: 0.5571	test_loss: 1.7613 test_accuracy: 0.5476	F1: 0.5325 Prec: 0.5932 Rec: 0.5476
train: {'epoch': 204, 'time_epoch': 1.7143, 'eta': 83.18546, 'eta_hours': 0.02311, 'loss': 0.18994163, 'lr': 8.124e-05, 'params': 276757, 'time_iter': 0.0098, 'accuracy': 0.94086, 'f1': 0.94087, 'auc': 0.99896}
val: {'epoch': 204, 'time_epoch': 0.07079, 'loss': 2.00339705, 'lr': 0, 'params': 276757, 'time_iter': 0.00506, 'accuracy': 0.53333, 'f1': 0.49715, 'auc': 0.92908}
test: {'epoch': 204, 'time_epoch': 0.07313, 'loss': 1.87631352, 'lr': 0, 'params': 276757, 'time_iter': 0.00522, 'accuracy': 0.52857, 'f1': 0.50813, 'auc': 0.94555}
> Epoch 204: took 1.9s (avg 2.1s) | Best so far: epoch 190	train_loss: 0.2458 train_accuracy: 0.9165	val_loss: 1.8425 val_accuracy: 0.5571	test_loss: 1.7613 test_accuracy: 0.5476	F1: 0.5325 Prec: 0.5932 Rec: 0.5476
train: {'epoch': 205, 'time_epoch': 1.91448, 'eta': 81.35097, 'eta_hours': 0.0226, 'loss': 0.20287174, 'lr': 7.784e-05, 'params': 276757, 'time_iter': 0.01094, 'accuracy': 0.93746, 'f1': 0.93749, 'auc': 0.99891}
val: {'epoch': 205, 'time_epoch': 0.07185, 'loss': 2.09212164, 'lr': 0, 'params': 276757, 'time_iter': 0.00513, 'accuracy': 0.51429, 'f1': 0.48167, 'auc': 0.92427}
test: {'epoch': 205, 'time_epoch': 0.06612, 'loss': 1.74314416, 'lr': 0, 'params': 276757, 'time_iter': 0.00472, 'accuracy': 0.55238, 'f1': 0.53108, 'auc': 0.94844}
> Epoch 205: took 2.1s (avg 2.1s) | Best so far: epoch 190	train_loss: 0.2458 train_accuracy: 0.9165	val_loss: 1.8425 val_accuracy: 0.5571	test_loss: 1.7613 test_accuracy: 0.5476	F1: 0.5325 Prec: 0.5932 Rec: 0.5476
train: {'epoch': 206, 'time_epoch': 1.82633, 'eta': 79.4974, 'eta_hours': 0.02208, 'loss': 0.21422554, 'lr': 7.45e-05, 'params': 276757, 'time_iter': 0.01044, 'accuracy': 0.93297, 'f1': 0.93298, 'auc': 0.99868}
val: {'epoch': 206, 'time_epoch': 0.0694, 'loss': 1.95159916, 'lr': 0, 'params': 276757, 'time_iter': 0.00496, 'accuracy': 0.52619, 'f1': 0.50045, 'auc': 0.9283}
test: {'epoch': 206, 'time_epoch': 0.06412, 'loss': 1.78664101, 'lr': 0, 'params': 276757, 'time_iter': 0.00458, 'accuracy': 0.5381, 'f1': 0.5222, 'auc': 0.94772}
> Epoch 206: took 2.0s (avg 2.1s) | Best so far: epoch 190	train_loss: 0.2458 train_accuracy: 0.9165	val_loss: 1.8425 val_accuracy: 0.5571	test_loss: 1.7613 test_accuracy: 0.5476	F1: 0.5325 Prec: 0.5932 Rec: 0.5476
train: {'epoch': 207, 'time_epoch': 1.83565, 'eta': 77.64597, 'eta_hours': 0.02157, 'loss': 0.19499562, 'lr': 7.124e-05, 'params': 276757, 'time_iter': 0.01049, 'accuracy': 0.93763, 'f1': 0.93763, 'auc': 0.99898}
val: {'epoch': 207, 'time_epoch': 0.06968, 'loss': 1.94235248, 'lr': 0, 'params': 276757, 'time_iter': 0.00498, 'accuracy': 0.51905, 'f1': 0.49399, 'auc': 0.93036}
test: {'epoch': 207, 'time_epoch': 0.07113, 'loss': 1.84926831, 'lr': 0, 'params': 276757, 'time_iter': 0.00508, 'accuracy': 0.54286, 'f1': 0.51905, 'auc': 0.94731}
> Epoch 207: took 2.1s (avg 2.1s) | Best so far: epoch 190	train_loss: 0.2458 train_accuracy: 0.9165	val_loss: 1.8425 val_accuracy: 0.5571	test_loss: 1.7613 test_accuracy: 0.5476	F1: 0.5325 Prec: 0.5932 Rec: 0.5476
train: {'epoch': 208, 'time_epoch': 1.88592, 'eta': 75.80456, 'eta_hours': 0.02106, 'loss': 0.21914401, 'lr': 6.804e-05, 'params': 276757, 'time_iter': 0.01078, 'accuracy': 0.92634, 'f1': 0.92634, 'auc': 0.99861}
val: {'epoch': 208, 'time_epoch': 0.06642, 'loss': 2.01269105, 'lr': 0, 'params': 276757, 'time_iter': 0.00474, 'accuracy': 0.51667, 'f1': 0.48772, 'auc': 0.92932}
test: {'epoch': 208, 'time_epoch': 0.07649, 'loss': 1.88986213, 'lr': 0, 'params': 276757, 'time_iter': 0.00546, 'accuracy': 0.52619, 'f1': 0.50865, 'auc': 0.94555}
> Epoch 208: took 2.1s (avg 2.1s) | Best so far: epoch 190	train_loss: 0.2458 train_accuracy: 0.9165	val_loss: 1.8425 val_accuracy: 0.5571	test_loss: 1.7613 test_accuracy: 0.5476	F1: 0.5325 Prec: 0.5932 Rec: 0.5476
train: {'epoch': 209, 'time_epoch': 1.70788, 'eta': 73.92881, 'eta_hours': 0.02054, 'loss': 0.2161304, 'lr': 6.491e-05, 'params': 276757, 'time_iter': 0.00976, 'accuracy': 0.9319, 'f1': 0.93192, 'auc': 0.99864}
val: {'epoch': 209, 'time_epoch': 0.07401, 'loss': 1.92294441, 'lr': 0, 'params': 276757, 'time_iter': 0.00529, 'accuracy': 0.54286, 'f1': 0.5128, 'auc': 0.93255}
test: {'epoch': 209, 'time_epoch': 0.09576, 'loss': 1.81388006, 'lr': 0, 'params': 276757, 'time_iter': 0.00684, 'accuracy': 0.54286, 'f1': 0.52544, 'auc': 0.94815}
> Epoch 209: took 2.0s (avg 2.1s) | Best so far: epoch 190	train_loss: 0.2458 train_accuracy: 0.9165	val_loss: 1.8425 val_accuracy: 0.5571	test_loss: 1.7613 test_accuracy: 0.5476	F1: 0.5325 Prec: 0.5932 Rec: 0.5476
train: {'epoch': 210, 'time_epoch': 1.83127, 'eta': 72.07745, 'eta_hours': 0.02002, 'loss': 0.20993824, 'lr': 6.185e-05, 'params': 276757, 'time_iter': 0.01046, 'accuracy': 0.93351, 'f1': 0.93349, 'auc': 0.99875}
val: {'epoch': 210, 'time_epoch': 0.08239, 'loss': 2.01865404, 'lr': 0, 'params': 276757, 'time_iter': 0.00588, 'accuracy': 0.51429, 'f1': 0.48418, 'auc': 0.92817}
test: {'epoch': 210, 'time_epoch': 0.08423, 'loss': 1.83573875, 'lr': 0, 'params': 276757, 'time_iter': 0.00602, 'accuracy': 0.5381, 'f1': 0.52301, 'auc': 0.94713}
> Epoch 210: took 2.1s (avg 2.1s) | Best so far: epoch 190	train_loss: 0.2458 train_accuracy: 0.9165	val_loss: 1.8425 val_accuracy: 0.5571	test_loss: 1.7613 test_accuracy: 0.5476	F1: 0.5325 Prec: 0.5932 Rec: 0.5476
train: {'epoch': 211, 'time_epoch': 1.78818, 'eta': 70.21856, 'eta_hours': 0.01951, 'loss': 0.20627471, 'lr': 5.885e-05, 'params': 276757, 'time_iter': 0.01022, 'accuracy': 0.93011, 'f1': 0.93014, 'auc': 0.99885}
val: {'epoch': 211, 'time_epoch': 0.08954, 'loss': 1.97647258, 'lr': 0, 'params': 276757, 'time_iter': 0.0064, 'accuracy': 0.50952, 'f1': 0.47257, 'auc': 0.9309}
test: {'epoch': 211, 'time_epoch': 0.06776, 'loss': 1.79155972, 'lr': 0, 'params': 276757, 'time_iter': 0.00484, 'accuracy': 0.52857, 'f1': 0.50956, 'auc': 0.9467}
> Epoch 211: took 2.0s (avg 2.1s) | Best so far: epoch 190	train_loss: 0.2458 train_accuracy: 0.9165	val_loss: 1.8425 val_accuracy: 0.5571	test_loss: 1.7613 test_accuracy: 0.5476	F1: 0.5325 Prec: 0.5932 Rec: 0.5476
train: {'epoch': 212, 'time_epoch': 1.77702, 'eta': 68.3584, 'eta_hours': 0.01899, 'loss': 0.20250299, 'lr': 5.593e-05, 'params': 276757, 'time_iter': 0.01015, 'accuracy': 0.93584, 'f1': 0.93582, 'auc': 0.99888}
val: {'epoch': 212, 'time_epoch': 0.06945, 'loss': 2.14052828, 'lr': 0, 'params': 276757, 'time_iter': 0.00496, 'accuracy': 0.4881, 'f1': 0.44305, 'auc': 0.92444}
test: {'epoch': 212, 'time_epoch': 0.06856, 'loss': 1.87426164, 'lr': 0, 'params': 276757, 'time_iter': 0.0049, 'accuracy': 0.51905, 'f1': 0.49541, 'auc': 0.94551}
> Epoch 212: took 2.0s (avg 2.1s) | Best so far: epoch 190	train_loss: 0.2458 train_accuracy: 0.9165	val_loss: 1.8425 val_accuracy: 0.5571	test_loss: 1.7613 test_accuracy: 0.5476	F1: 0.5325 Prec: 0.5932 Rec: 0.5476
train: {'epoch': 213, 'time_epoch': 1.72714, 'eta': 66.49063, 'eta_hours': 0.01847, 'loss': 0.20441391, 'lr': 5.308e-05, 'params': 276757, 'time_iter': 0.00987, 'accuracy': 0.93226, 'f1': 0.93222, 'auc': 0.99883}
val: {'epoch': 213, 'time_epoch': 0.06269, 'loss': 1.99362671, 'lr': 0, 'params': 276757, 'time_iter': 0.00448, 'accuracy': 0.52857, 'f1': 0.5025, 'auc': 0.92811}
test: {'epoch': 213, 'time_epoch': 0.08044, 'loss': 1.84027221, 'lr': 0, 'params': 276757, 'time_iter': 0.00575, 'accuracy': 0.53333, 'f1': 0.5195, 'auc': 0.9464}
> Epoch 213: took 1.9s (avg 2.1s) | Best so far: epoch 190	train_loss: 0.2458 train_accuracy: 0.9165	val_loss: 1.8425 val_accuracy: 0.5571	test_loss: 1.7613 test_accuracy: 0.5476	F1: 0.5325 Prec: 0.5932 Rec: 0.5476
train: {'epoch': 214, 'time_epoch': 1.77141, 'eta': 64.63137, 'eta_hours': 0.01795, 'loss': 0.20711424, 'lr': 5.03e-05, 'params': 276757, 'time_iter': 0.01012, 'accuracy': 0.931, 'f1': 0.93097, 'auc': 0.99877}
val: {'epoch': 214, 'time_epoch': 0.08674, 'loss': 1.98512289, 'lr': 0, 'params': 276757, 'time_iter': 0.0062, 'accuracy': 0.51905, 'f1': 0.48951, 'auc': 0.93}
test: {'epoch': 214, 'time_epoch': 0.06854, 'loss': 1.83579904, 'lr': 0, 'params': 276757, 'time_iter': 0.0049, 'accuracy': 0.54286, 'f1': 0.52752, 'auc': 0.94564}
> Epoch 214: took 2.0s (avg 2.1s) | Best so far: epoch 190	train_loss: 0.2458 train_accuracy: 0.9165	val_loss: 1.8425 val_accuracy: 0.5571	test_loss: 1.7613 test_accuracy: 0.5476	F1: 0.5325 Prec: 0.5932 Rec: 0.5476
train: {'epoch': 215, 'time_epoch': 1.8348, 'eta': 62.7829, 'eta_hours': 0.01744, 'loss': 0.19801418, 'lr': 4.759e-05, 'params': 276757, 'time_iter': 0.01048, 'accuracy': 0.93208, 'f1': 0.93208, 'auc': 0.99893}
val: {'epoch': 215, 'time_epoch': 0.07633, 'loss': 2.10583095, 'lr': 0, 'params': 276757, 'time_iter': 0.00545, 'accuracy': 0.49524, 'f1': 0.46033, 'auc': 0.92577}
test: {'epoch': 215, 'time_epoch': 0.09093, 'loss': 1.84508442, 'lr': 0, 'params': 276757, 'time_iter': 0.00649, 'accuracy': 0.54048, 'f1': 0.51852, 'auc': 0.9467}
> Epoch 215: took 2.1s (avg 2.1s) | Best so far: epoch 190	train_loss: 0.2458 train_accuracy: 0.9165	val_loss: 1.8425 val_accuracy: 0.5571	test_loss: 1.7613 test_accuracy: 0.5476	F1: 0.5325 Prec: 0.5932 Rec: 0.5476
train: {'epoch': 216, 'time_epoch': 2.03599, 'eta': 60.96515, 'eta_hours': 0.01693, 'loss': 0.20202002, 'lr': 4.495e-05, 'params': 276757, 'time_iter': 0.01163, 'accuracy': 0.93495, 'f1': 0.93488, 'auc': 0.99882}
val: {'epoch': 216, 'time_epoch': 0.0801, 'loss': 2.1075408, 'lr': 0, 'params': 276757, 'time_iter': 0.00572, 'accuracy': 0.49762, 'f1': 0.46344, 'auc': 0.92645}
test: {'epoch': 216, 'time_epoch': 0.05951, 'loss': 1.80831925, 'lr': 0, 'params': 276757, 'time_iter': 0.00425, 'accuracy': 0.54048, 'f1': 0.52057, 'auc': 0.94945}
> Epoch 216: took 2.3s (avg 2.1s) | Best so far: epoch 190	train_loss: 0.2458 train_accuracy: 0.9165	val_loss: 1.8425 val_accuracy: 0.5571	test_loss: 1.7613 test_accuracy: 0.5476	F1: 0.5325 Prec: 0.5932 Rec: 0.5476
train: {'epoch': 217, 'time_epoch': 1.74249, 'eta': 59.10232, 'eta_hours': 0.01642, 'loss': 0.20203586, 'lr': 4.238e-05, 'params': 276757, 'time_iter': 0.00996, 'accuracy': 0.93154, 'f1': 0.93154, 'auc': 0.99886}
val: {'epoch': 217, 'time_epoch': 0.0874, 'loss': 2.08581746, 'lr': 0, 'params': 276757, 'time_iter': 0.00624, 'accuracy': 0.49048, 'f1': 0.45323, 'auc': 0.92635}
test: {'epoch': 217, 'time_epoch': 0.07186, 'loss': 1.73843394, 'lr': 0, 'params': 276757, 'time_iter': 0.00513, 'accuracy': 0.54524, 'f1': 0.52415, 'auc': 0.94902}
> Epoch 217: took 2.0s (avg 2.1s) | Best so far: epoch 190	train_loss: 0.2458 train_accuracy: 0.9165	val_loss: 1.8425 val_accuracy: 0.5571	test_loss: 1.7613 test_accuracy: 0.5476	F1: 0.5325 Prec: 0.5932 Rec: 0.5476
train: {'epoch': 218, 'time_epoch': 2.10141, 'eta': 57.29139, 'eta_hours': 0.01591, 'loss': 0.19321967, 'lr': 3.988e-05, 'params': 276757, 'time_iter': 0.01201, 'accuracy': 0.93692, 'f1': 0.9369, 'auc': 0.99903}
val: {'epoch': 218, 'time_epoch': 0.0962, 'loss': 2.0290879, 'lr': 0, 'params': 276757, 'time_iter': 0.00687, 'accuracy': 0.50952, 'f1': 0.48215, 'auc': 0.9252}
test: {'epoch': 218, 'time_epoch': 0.11895, 'loss': 1.75265529, 'lr': 0, 'params': 276757, 'time_iter': 0.0085, 'accuracy': 0.55238, 'f1': 0.53715, 'auc': 0.94832}
> Epoch 218: took 2.4s (avg 2.1s) | Best so far: epoch 190	train_loss: 0.2458 train_accuracy: 0.9165	val_loss: 1.8425 val_accuracy: 0.5571	test_loss: 1.7613 test_accuracy: 0.5476	F1: 0.5325 Prec: 0.5932 Rec: 0.5476
train: {'epoch': 219, 'time_epoch': 1.90918, 'eta': 55.45161, 'eta_hours': 0.0154, 'loss': 0.2003337, 'lr': 3.746e-05, 'params': 276757, 'time_iter': 0.01091, 'accuracy': 0.93423, 'f1': 0.93422, 'auc': 0.99887}
val: {'epoch': 219, 'time_epoch': 0.07065, 'loss': 2.07359393, 'lr': 0, 'params': 276757, 'time_iter': 0.00505, 'accuracy': 0.49762, 'f1': 0.47119, 'auc': 0.9258}
test: {'epoch': 219, 'time_epoch': 0.07612, 'loss': 1.79746851, 'lr': 0, 'params': 276757, 'time_iter': 0.00544, 'accuracy': 0.55, 'f1': 0.52673, 'auc': 0.94902}
> Epoch 219: took 2.1s (avg 2.1s) | Best so far: epoch 190	train_loss: 0.2458 train_accuracy: 0.9165	val_loss: 1.8425 val_accuracy: 0.5571	test_loss: 1.7613 test_accuracy: 0.5476	F1: 0.5325 Prec: 0.5932 Rec: 0.5476
train: {'epoch': 220, 'time_epoch': 2.0236, 'eta': 53.62621, 'eta_hours': 0.0149, 'loss': 0.19157449, 'lr': 3.511e-05, 'params': 276757, 'time_iter': 0.01156, 'accuracy': 0.9371, 'f1': 0.93703, 'auc': 0.99898}
val: {'epoch': 220, 'time_epoch': 0.13381, 'loss': 2.10237925, 'lr': 0, 'params': 276757, 'time_iter': 0.00956, 'accuracy': 0.5, 'f1': 0.46748, 'auc': 0.92249}
test: {'epoch': 220, 'time_epoch': 0.10385, 'loss': 1.84527237, 'lr': 0, 'params': 276757, 'time_iter': 0.00742, 'accuracy': 0.54048, 'f1': 0.5217, 'auc': 0.94594}
> Epoch 220: took 2.4s (avg 2.1s) | Best so far: epoch 190	train_loss: 0.2458 train_accuracy: 0.9165	val_loss: 1.8425 val_accuracy: 0.5571	test_loss: 1.7613 test_accuracy: 0.5476	F1: 0.5325 Prec: 0.5932 Rec: 0.5476
train: {'epoch': 221, 'time_epoch': 1.96694, 'eta': 51.79189, 'eta_hours': 0.01439, 'loss': 0.19278643, 'lr': 3.284e-05, 'params': 276757, 'time_iter': 0.01124, 'accuracy': 0.93602, 'f1': 0.93599, 'auc': 0.99896}
val: {'epoch': 221, 'time_epoch': 0.07265, 'loss': 2.01997445, 'lr': 0, 'params': 276757, 'time_iter': 0.00519, 'accuracy': 0.50238, 'f1': 0.47302, 'auc': 0.92735}
test: {'epoch': 221, 'time_epoch': 0.07382, 'loss': 1.81988912, 'lr': 0, 'params': 276757, 'time_iter': 0.00527, 'accuracy': 0.55, 'f1': 0.53396, 'auc': 0.94749}
> Epoch 221: took 2.2s (avg 2.1s) | Best so far: epoch 190	train_loss: 0.2458 train_accuracy: 0.9165	val_loss: 1.8425 val_accuracy: 0.5571	test_loss: 1.7613 test_accuracy: 0.5476	F1: 0.5325 Prec: 0.5932 Rec: 0.5476
train: {'epoch': 222, 'time_epoch': 1.94235, 'eta': 49.95339, 'eta_hours': 0.01388, 'loss': 0.19923256, 'lr': 3.063e-05, 'params': 276757, 'time_iter': 0.0111, 'accuracy': 0.93244, 'f1': 0.93239, 'auc': 0.99896}
val: {'epoch': 222, 'time_epoch': 0.07459, 'loss': 1.95048952, 'lr': 0, 'params': 276757, 'time_iter': 0.00533, 'accuracy': 0.51905, 'f1': 0.48897, 'auc': 0.93018}
test: {'epoch': 222, 'time_epoch': 0.07272, 'loss': 1.76202174, 'lr': 0, 'params': 276757, 'time_iter': 0.00519, 'accuracy': 0.5619, 'f1': 0.53645, 'auc': 0.95032}
> Epoch 222: took 2.2s (avg 2.1s) | Best so far: epoch 190	train_loss: 0.2458 train_accuracy: 0.9165	val_loss: 1.8425 val_accuracy: 0.5571	test_loss: 1.7613 test_accuracy: 0.5476	F1: 0.5325 Prec: 0.5932 Rec: 0.5476
train: {'epoch': 223, 'time_epoch': 1.7999, 'eta': 48.09744, 'eta_hours': 0.01336, 'loss': 0.21083057, 'lr': 2.85e-05, 'params': 276757, 'time_iter': 0.01029, 'accuracy': 0.93423, 'f1': 0.93422, 'auc': 0.99869}
val: {'epoch': 223, 'time_epoch': 0.06534, 'loss': 2.10089551, 'lr': 0, 'params': 276757, 'time_iter': 0.00467, 'accuracy': 0.49762, 'f1': 0.46172, 'auc': 0.92584}
test: {'epoch': 223, 'time_epoch': 0.07775, 'loss': 1.76810004, 'lr': 0, 'params': 276757, 'time_iter': 0.00555, 'accuracy': 0.54762, 'f1': 0.52698, 'auc': 0.94878}
> Epoch 223: took 2.0s (avg 2.1s) | Best so far: epoch 190	train_loss: 0.2458 train_accuracy: 0.9165	val_loss: 1.8425 val_accuracy: 0.5571	test_loss: 1.7613 test_accuracy: 0.5476	F1: 0.5325 Prec: 0.5932 Rec: 0.5476
train: {'epoch': 224, 'time_epoch': 1.85513, 'eta': 46.24812, 'eta_hours': 0.01285, 'loss': 0.20001915, 'lr': 2.645e-05, 'params': 276757, 'time_iter': 0.0106, 'accuracy': 0.93692, 'f1': 0.9369, 'auc': 0.99885}
val: {'epoch': 224, 'time_epoch': 0.08141, 'loss': 2.10496296, 'lr': 0, 'params': 276757, 'time_iter': 0.00581, 'accuracy': 0.5, 'f1': 0.46972, 'auc': 0.92484}
test: {'epoch': 224, 'time_epoch': 0.10229, 'loss': 1.86395198, 'lr': 0, 'params': 276757, 'time_iter': 0.00731, 'accuracy': 0.52619, 'f1': 0.50111, 'auc': 0.94633}
> Epoch 224: took 2.2s (avg 2.1s) | Best so far: epoch 190	train_loss: 0.2458 train_accuracy: 0.9165	val_loss: 1.8425 val_accuracy: 0.5571	test_loss: 1.7613 test_accuracy: 0.5476	F1: 0.5325 Prec: 0.5932 Rec: 0.5476
train: {'epoch': 225, 'time_epoch': 2.19537, 'eta': 44.43488, 'eta_hours': 0.01234, 'loss': 0.19613333, 'lr': 2.447e-05, 'params': 276757, 'time_iter': 0.01254, 'accuracy': 0.93459, 'f1': 0.93461, 'auc': 0.99898}
val: {'epoch': 225, 'time_epoch': 0.08792, 'loss': 2.11581056, 'lr': 0, 'params': 276757, 'time_iter': 0.00628, 'accuracy': 0.50238, 'f1': 0.46881, 'auc': 0.92361}
test: {'epoch': 225, 'time_epoch': 0.09265, 'loss': 1.82776932, 'lr': 0, 'params': 276757, 'time_iter': 0.00662, 'accuracy': 0.5381, 'f1': 0.51988, 'auc': 0.94769}
> Epoch 225: took 2.4s (avg 2.1s) | Best so far: epoch 190	train_loss: 0.2458 train_accuracy: 0.9165	val_loss: 1.8425 val_accuracy: 0.5571	test_loss: 1.7613 test_accuracy: 0.5476	F1: 0.5325 Prec: 0.5932 Rec: 0.5476
train: {'epoch': 226, 'time_epoch': 2.00606, 'eta': 42.59909, 'eta_hours': 0.01183, 'loss': 0.20214561, 'lr': 2.257e-05, 'params': 276757, 'time_iter': 0.01146, 'accuracy': 0.93387, 'f1': 0.93384, 'auc': 0.99884}
val: {'epoch': 226, 'time_epoch': 0.0984, 'loss': 2.02860685, 'lr': 0, 'params': 276757, 'time_iter': 0.00703, 'accuracy': 0.49762, 'f1': 0.45626, 'auc': 0.92929}
test: {'epoch': 226, 'time_epoch': 0.07121, 'loss': 1.71427286, 'lr': 0, 'params': 276757, 'time_iter': 0.00509, 'accuracy': 0.55714, 'f1': 0.53562, 'auc': 0.95015}
> Epoch 226: took 2.3s (avg 2.1s) | Best so far: epoch 190	train_loss: 0.2458 train_accuracy: 0.9165	val_loss: 1.8425 val_accuracy: 0.5571	test_loss: 1.7613 test_accuracy: 0.5476	F1: 0.5325 Prec: 0.5932 Rec: 0.5476
train: {'epoch': 227, 'time_epoch': 1.89472, 'eta': 40.75106, 'eta_hours': 0.01132, 'loss': 0.2011886, 'lr': 2.074e-05, 'params': 276757, 'time_iter': 0.01083, 'accuracy': 0.93638, 'f1': 0.93637, 'auc': 0.99888}
val: {'epoch': 227, 'time_epoch': 0.07096, 'loss': 1.94032927, 'lr': 0, 'params': 276757, 'time_iter': 0.00507, 'accuracy': 0.51429, 'f1': 0.48315, 'auc': 0.92993}
test: {'epoch': 227, 'time_epoch': 0.06833, 'loss': 1.74058029, 'lr': 0, 'params': 276757, 'time_iter': 0.00488, 'accuracy': 0.54762, 'f1': 0.53755, 'auc': 0.94849}
> Epoch 227: took 2.1s (avg 2.1s) | Best so far: epoch 190	train_loss: 0.2458 train_accuracy: 0.9165	val_loss: 1.8425 val_accuracy: 0.5571	test_loss: 1.7613 test_accuracy: 0.5476	F1: 0.5325 Prec: 0.5932 Rec: 0.5476
train: {'epoch': 228, 'time_epoch': 2.00331, 'eta': 38.91259, 'eta_hours': 0.01081, 'loss': 0.20333923, 'lr': 1.899e-05, 'params': 276757, 'time_iter': 0.01145, 'accuracy': 0.93244, 'f1': 0.9324, 'auc': 0.99886}
val: {'epoch': 228, 'time_epoch': 0.10309, 'loss': 2.10499935, 'lr': 0, 'params': 276757, 'time_iter': 0.00736, 'accuracy': 0.49524, 'f1': 0.4566, 'auc': 0.92443}
test: {'epoch': 228, 'time_epoch': 0.0942, 'loss': 1.76829738, 'lr': 0, 'params': 276757, 'time_iter': 0.00673, 'accuracy': 0.55714, 'f1': 0.53138, 'auc': 0.94965}
> Epoch 228: took 2.3s (avg 2.1s) | Best so far: epoch 190	train_loss: 0.2458 train_accuracy: 0.9165	val_loss: 1.8425 val_accuracy: 0.5571	test_loss: 1.7613 test_accuracy: 0.5476	F1: 0.5325 Prec: 0.5932 Rec: 0.5476
train: {'epoch': 229, 'time_epoch': 1.7823, 'eta': 37.05346, 'eta_hours': 0.01029, 'loss': 0.19092661, 'lr': 1.731e-05, 'params': 276757, 'time_iter': 0.01018, 'accuracy': 0.93817, 'f1': 0.93819, 'auc': 0.99903}
val: {'epoch': 229, 'time_epoch': 0.07141, 'loss': 2.0701249, 'lr': 0, 'params': 276757, 'time_iter': 0.0051, 'accuracy': 0.49524, 'f1': 0.46156, 'auc': 0.9271}
test: {'epoch': 229, 'time_epoch': 0.06379, 'loss': 1.81042496, 'lr': 0, 'params': 276757, 'time_iter': 0.00456, 'accuracy': 0.5619, 'f1': 0.54035, 'auc': 0.94785}
> Epoch 229: took 2.0s (avg 2.1s) | Best so far: epoch 190	train_loss: 0.2458 train_accuracy: 0.9165	val_loss: 1.8425 val_accuracy: 0.5571	test_loss: 1.7613 test_accuracy: 0.5476	F1: 0.5325 Prec: 0.5932 Rec: 0.5476
train: {'epoch': 230, 'time_epoch': 1.77553, 'eta': 35.19444, 'eta_hours': 0.00978, 'loss': 0.18533091, 'lr': 1.571e-05, 'params': 276757, 'time_iter': 0.01015, 'accuracy': 0.94158, 'f1': 0.94156, 'auc': 0.99904}
val: {'epoch': 230, 'time_epoch': 0.07265, 'loss': 2.06567777, 'lr': 0, 'params': 276757, 'time_iter': 0.00519, 'accuracy': 0.5119, 'f1': 0.47612, 'auc': 0.9259}
test: {'epoch': 230, 'time_epoch': 0.07615, 'loss': 1.78845129, 'lr': 0, 'params': 276757, 'time_iter': 0.00544, 'accuracy': 0.55714, 'f1': 0.53574, 'auc': 0.94843}
> Epoch 230: took 2.0s (avg 2.1s) | Best so far: epoch 190	train_loss: 0.2458 train_accuracy: 0.9165	val_loss: 1.8425 val_accuracy: 0.5571	test_loss: 1.7613 test_accuracy: 0.5476	F1: 0.5325 Prec: 0.5932 Rec: 0.5476
train: {'epoch': 231, 'time_epoch': 1.77479, 'eta': 33.33609, 'eta_hours': 0.00926, 'loss': 0.20641069, 'lr': 1.418e-05, 'params': 276757, 'time_iter': 0.01014, 'accuracy': 0.93369, 'f1': 0.93369, 'auc': 0.99877}
val: {'epoch': 231, 'time_epoch': 0.09242, 'loss': 2.05014113, 'lr': 0, 'params': 276757, 'time_iter': 0.0066, 'accuracy': 0.50952, 'f1': 0.48111, 'auc': 0.9263}
test: {'epoch': 231, 'time_epoch': 0.09777, 'loss': 1.80905175, 'lr': 0, 'params': 276757, 'time_iter': 0.00698, 'accuracy': 0.52143, 'f1': 0.50441, 'auc': 0.94761}
> Epoch 231: took 2.0s (avg 2.1s) | Best so far: epoch 190	train_loss: 0.2458 train_accuracy: 0.9165	val_loss: 1.8425 val_accuracy: 0.5571	test_loss: 1.7613 test_accuracy: 0.5476	F1: 0.5325 Prec: 0.5932 Rec: 0.5476
train: {'epoch': 232, 'time_epoch': 1.87822, 'eta': 31.486, 'eta_hours': 0.00875, 'loss': 0.19497516, 'lr': 1.274e-05, 'params': 276757, 'time_iter': 0.01073, 'accuracy': 0.93495, 'f1': 0.93495, 'auc': 0.99896}
val: {'epoch': 232, 'time_epoch': 0.07016, 'loss': 2.07815942, 'lr': 0, 'params': 276757, 'time_iter': 0.00501, 'accuracy': 0.49762, 'f1': 0.46513, 'auc': 0.92525}
test: {'epoch': 232, 'time_epoch': 0.06645, 'loss': 1.80172795, 'lr': 0, 'params': 276757, 'time_iter': 0.00475, 'accuracy': 0.53095, 'f1': 0.51124, 'auc': 0.94789}
> Epoch 232: took 2.1s (avg 2.1s) | Best so far: epoch 190	train_loss: 0.2458 train_accuracy: 0.9165	val_loss: 1.8425 val_accuracy: 0.5571	test_loss: 1.7613 test_accuracy: 0.5476	F1: 0.5325 Prec: 0.5932 Rec: 0.5476
train: {'epoch': 233, 'time_epoch': 1.85884, 'eta': 29.63434, 'eta_hours': 0.00823, 'loss': 0.1864275, 'lr': 1.137e-05, 'params': 276757, 'time_iter': 0.01062, 'accuracy': 0.93978, 'f1': 0.93979, 'auc': 0.99899}
val: {'epoch': 233, 'time_epoch': 0.08763, 'loss': 1.98421545, 'lr': 0, 'params': 276757, 'time_iter': 0.00626, 'accuracy': 0.5119, 'f1': 0.4769, 'auc': 0.93039}
test: {'epoch': 233, 'time_epoch': 0.06691, 'loss': 1.72699899, 'lr': 0, 'params': 276757, 'time_iter': 0.00478, 'accuracy': 0.56429, 'f1': 0.54765, 'auc': 0.95008}
> Epoch 233: took 2.1s (avg 2.1s) | Best so far: epoch 190	train_loss: 0.2458 train_accuracy: 0.9165	val_loss: 1.8425 val_accuracy: 0.5571	test_loss: 1.7613 test_accuracy: 0.5476	F1: 0.5325 Prec: 0.5932 Rec: 0.5476
train: {'epoch': 234, 'time_epoch': 1.92081, 'eta': 27.78657, 'eta_hours': 0.00772, 'loss': 0.1741761, 'lr': 1.007e-05, 'params': 276757, 'time_iter': 0.01098, 'accuracy': 0.94713, 'f1': 0.9471, 'auc': 0.99919}
val: {'epoch': 234, 'time_epoch': 0.06907, 'loss': 2.06306874, 'lr': 0, 'params': 276757, 'time_iter': 0.00493, 'accuracy': 0.50476, 'f1': 0.47251, 'auc': 0.92696}
test: {'epoch': 234, 'time_epoch': 0.0758, 'loss': 1.80108685, 'lr': 0, 'params': 276757, 'time_iter': 0.00541, 'accuracy': 0.5381, 'f1': 0.51806, 'auc': 0.94807}
> Epoch 234: took 2.2s (avg 2.1s) | Best so far: epoch 190	train_loss: 0.2458 train_accuracy: 0.9165	val_loss: 1.8425 val_accuracy: 0.5571	test_loss: 1.7613 test_accuracy: 0.5476	F1: 0.5325 Prec: 0.5932 Rec: 0.5476
train: {'epoch': 235, 'time_epoch': 1.92226, 'eta': 25.93828, 'eta_hours': 0.00721, 'loss': 0.18245768, 'lr': 8.86e-06, 'params': 276757, 'time_iter': 0.01098, 'accuracy': 0.94319, 'f1': 0.94312, 'auc': 0.99907}
val: {'epoch': 235, 'time_epoch': 0.09955, 'loss': 2.00017227, 'lr': 0, 'params': 276757, 'time_iter': 0.00711, 'accuracy': 0.51667, 'f1': 0.48038, 'auc': 0.92963}
test: {'epoch': 235, 'time_epoch': 0.0872, 'loss': 1.70068599, 'lr': 0, 'params': 276757, 'time_iter': 0.00623, 'accuracy': 0.56429, 'f1': 0.54521, 'auc': 0.95063}
> Epoch 235: took 2.2s (avg 2.1s) | Best so far: epoch 190	train_loss: 0.2458 train_accuracy: 0.9165	val_loss: 1.8425 val_accuracy: 0.5571	test_loss: 1.7613 test_accuracy: 0.5476	F1: 0.5325 Prec: 0.5932 Rec: 0.5476
train: {'epoch': 236, 'time_epoch': 1.87576, 'eta': 24.08681, 'eta_hours': 0.00669, 'loss': 0.19632891, 'lr': 7.72e-06, 'params': 276757, 'time_iter': 0.01072, 'accuracy': 0.93799, 'f1': 0.93797, 'auc': 0.99894}
val: {'epoch': 236, 'time_epoch': 0.09682, 'loss': 1.99723242, 'lr': 0, 'params': 276757, 'time_iter': 0.00692, 'accuracy': 0.52381, 'f1': 0.49564, 'auc': 0.92909}
test: {'epoch': 236, 'time_epoch': 0.11062, 'loss': 1.78941035, 'lr': 0, 'params': 276757, 'time_iter': 0.0079, 'accuracy': 0.55476, 'f1': 0.53154, 'auc': 0.94831}
> Epoch 236: took 2.2s (avg 2.1s) | Best so far: epoch 190	train_loss: 0.2458 train_accuracy: 0.9165	val_loss: 1.8425 val_accuracy: 0.5571	test_loss: 1.7613 test_accuracy: 0.5476	F1: 0.5325 Prec: 0.5932 Rec: 0.5476
train: {'epoch': 237, 'time_epoch': 1.95922, 'eta': 22.23934, 'eta_hours': 0.00618, 'loss': 0.18892728, 'lr': 6.66e-06, 'params': 276757, 'time_iter': 0.0112, 'accuracy': 0.93996, 'f1': 0.93994, 'auc': 0.99903}
val: {'epoch': 237, 'time_epoch': 0.09288, 'loss': 2.07042074, 'lr': 0, 'params': 276757, 'time_iter': 0.00663, 'accuracy': 0.50476, 'f1': 0.46931, 'auc': 0.92654}
test: {'epoch': 237, 'time_epoch': 0.07637, 'loss': 1.78277785, 'lr': 0, 'params': 276757, 'time_iter': 0.00545, 'accuracy': 0.53571, 'f1': 0.518, 'auc': 0.94827}
> Epoch 237: took 2.2s (avg 2.1s) | Best so far: epoch 190	train_loss: 0.2458 train_accuracy: 0.9165	val_loss: 1.8425 val_accuracy: 0.5571	test_loss: 1.7613 test_accuracy: 0.5476	F1: 0.5325 Prec: 0.5932 Rec: 0.5476
train: {'epoch': 238, 'time_epoch': 1.91696, 'eta': 20.38899, 'eta_hours': 0.00566, 'loss': 0.19872436, 'lr': 5.67e-06, 'params': 276757, 'time_iter': 0.01095, 'accuracy': 0.93477, 'f1': 0.93481, 'auc': 0.99888}
val: {'epoch': 238, 'time_epoch': 0.07342, 'loss': 2.01542756, 'lr': 0, 'params': 276757, 'time_iter': 0.00524, 'accuracy': 0.50952, 'f1': 0.47526, 'auc': 0.92947}
test: {'epoch': 238, 'time_epoch': 0.06518, 'loss': 1.76703944, 'lr': 0, 'params': 276757, 'time_iter': 0.00466, 'accuracy': 0.54524, 'f1': 0.53209, 'auc': 0.94879}
> Epoch 238: took 2.1s (avg 2.1s) | Best so far: epoch 190	train_loss: 0.2458 train_accuracy: 0.9165	val_loss: 1.8425 val_accuracy: 0.5571	test_loss: 1.7613 test_accuracy: 0.5476	F1: 0.5325 Prec: 0.5932 Rec: 0.5476
train: {'epoch': 239, 'time_epoch': 1.80215, 'eta': 18.53331, 'eta_hours': 0.00515, 'loss': 0.19689925, 'lr': 4.77e-06, 'params': 276757, 'time_iter': 0.0103, 'accuracy': 0.93441, 'f1': 0.93439, 'auc': 0.999}
val: {'epoch': 239, 'time_epoch': 0.09551, 'loss': 2.01490951, 'lr': 0, 'params': 276757, 'time_iter': 0.00682, 'accuracy': 0.50714, 'f1': 0.4725, 'auc': 0.92803}
test: {'epoch': 239, 'time_epoch': 0.08778, 'loss': 1.74977687, 'lr': 0, 'params': 276757, 'time_iter': 0.00627, 'accuracy': 0.55, 'f1': 0.52818, 'auc': 0.949}
> Epoch 239: took 2.1s (avg 2.1s) | Best so far: epoch 190	train_loss: 0.2458 train_accuracy: 0.9165	val_loss: 1.8425 val_accuracy: 0.5571	test_loss: 1.7613 test_accuracy: 0.5476	F1: 0.5325 Prec: 0.5932 Rec: 0.5476
train: {'epoch': 240, 'time_epoch': 2.12939, 'eta': 16.69029, 'eta_hours': 0.00464, 'loss': 0.17728305, 'lr': 3.94e-06, 'params': 276757, 'time_iter': 0.01217, 'accuracy': 0.94229, 'f1': 0.9423, 'auc': 0.99914}
val: {'epoch': 240, 'time_epoch': 0.09772, 'loss': 2.13202055, 'lr': 0, 'params': 276757, 'time_iter': 0.00698, 'accuracy': 0.50714, 'f1': 0.47453, 'auc': 0.9241}
test: {'epoch': 240, 'time_epoch': 0.07197, 'loss': 1.81630908, 'lr': 0, 'params': 276757, 'time_iter': 0.00514, 'accuracy': 0.54048, 'f1': 0.52312, 'auc': 0.94754}
> Epoch 240: took 2.4s (avg 2.1s) | Best so far: epoch 190	train_loss: 0.2458 train_accuracy: 0.9165	val_loss: 1.8425 val_accuracy: 0.5571	test_loss: 1.7613 test_accuracy: 0.5476	F1: 0.5325 Prec: 0.5932 Rec: 0.5476
train: {'epoch': 241, 'time_epoch': 1.83466, 'eta': 14.83515, 'eta_hours': 0.00412, 'loss': 0.19430074, 'lr': 3.19e-06, 'params': 276757, 'time_iter': 0.01048, 'accuracy': 0.9371, 'f1': 0.93712, 'auc': 0.99888}
val: {'epoch': 241, 'time_epoch': 0.06907, 'loss': 2.00762369, 'lr': 0, 'params': 276757, 'time_iter': 0.00493, 'accuracy': 0.51429, 'f1': 0.48523, 'auc': 0.92858}
test: {'epoch': 241, 'time_epoch': 0.07185, 'loss': 1.77233187, 'lr': 0, 'params': 276757, 'time_iter': 0.00513, 'accuracy': 0.55, 'f1': 0.53237, 'auc': 0.94871}
> Epoch 241: took 2.1s (avg 2.1s) | Best so far: epoch 190	train_loss: 0.2458 train_accuracy: 0.9165	val_loss: 1.8425 val_accuracy: 0.5571	test_loss: 1.7613 test_accuracy: 0.5476	F1: 0.5325 Prec: 0.5932 Rec: 0.5476
train: {'epoch': 242, 'time_epoch': 1.92754, 'eta': 12.98287, 'eta_hours': 0.00361, 'loss': 0.17585556, 'lr': 2.52e-06, 'params': 276757, 'time_iter': 0.01101, 'accuracy': 0.94534, 'f1': 0.9453, 'auc': 0.99919}
val: {'epoch': 242, 'time_epoch': 0.0646, 'loss': 2.10704825, 'lr': 0, 'params': 276757, 'time_iter': 0.00461, 'accuracy': 0.50476, 'f1': 0.47563, 'auc': 0.92466}
test: {'epoch': 242, 'time_epoch': 0.07318, 'loss': 1.83973194, 'lr': 0, 'params': 276757, 'time_iter': 0.00523, 'accuracy': 0.54048, 'f1': 0.51837, 'auc': 0.94825}
> Epoch 242: took 2.1s (avg 2.1s) | Best so far: epoch 190	train_loss: 0.2458 train_accuracy: 0.9165	val_loss: 1.8425 val_accuracy: 0.5571	test_loss: 1.7613 test_accuracy: 0.5476	F1: 0.5325 Prec: 0.5932 Rec: 0.5476
train: {'epoch': 243, 'time_epoch': 1.7695, 'eta': 11.12608, 'eta_hours': 0.00309, 'loss': 0.1945706, 'lr': 1.93e-06, 'params': 276757, 'time_iter': 0.01011, 'accuracy': 0.93566, 'f1': 0.93561, 'auc': 0.99892}
val: {'epoch': 243, 'time_epoch': 0.0666, 'loss': 2.07165278, 'lr': 0, 'params': 276757, 'time_iter': 0.00476, 'accuracy': 0.5, 'f1': 0.4718, 'auc': 0.92633}
test: {'epoch': 243, 'time_epoch': 0.06782, 'loss': 1.80924553, 'lr': 0, 'params': 276757, 'time_iter': 0.00484, 'accuracy': 0.55714, 'f1': 0.53736, 'auc': 0.94758}
> Epoch 243: took 2.0s (avg 2.1s) | Best so far: epoch 190	train_loss: 0.2458 train_accuracy: 0.9165	val_loss: 1.8425 val_accuracy: 0.5571	test_loss: 1.7613 test_accuracy: 0.5476	F1: 0.5325 Prec: 0.5932 Rec: 0.5476
train: {'epoch': 244, 'time_epoch': 1.6598, 'eta': 9.26776, 'eta_hours': 0.00257, 'loss': 0.18903337, 'lr': 1.42e-06, 'params': 276757, 'time_iter': 0.00948, 'accuracy': 0.93943, 'f1': 0.9394, 'auc': 0.99897}
val: {'epoch': 244, 'time_epoch': 0.06259, 'loss': 2.06572855, 'lr': 0, 'params': 276757, 'time_iter': 0.00447, 'accuracy': 0.5, 'f1': 0.46952, 'auc': 0.92655}
test: {'epoch': 244, 'time_epoch': 0.0919, 'loss': 1.79479345, 'lr': 0, 'params': 276757, 'time_iter': 0.00656, 'accuracy': 0.56429, 'f1': 0.53993, 'auc': 0.9497}
> Epoch 244: took 1.9s (avg 2.1s) | Best so far: epoch 190	train_loss: 0.2458 train_accuracy: 0.9165	val_loss: 1.8425 val_accuracy: 0.5571	test_loss: 1.7613 test_accuracy: 0.5476	F1: 0.5325 Prec: 0.5932 Rec: 0.5476
train: {'epoch': 245, 'time_epoch': 1.71393, 'eta': 7.41194, 'eta_hours': 0.00206, 'loss': 0.1870722, 'lr': 9.9e-07, 'params': 276757, 'time_iter': 0.00979, 'accuracy': 0.93961, 'f1': 0.93961, 'auc': 0.99903}
val: {'epoch': 245, 'time_epoch': 0.07759, 'loss': 2.08407444, 'lr': 0, 'params': 276757, 'time_iter': 0.00554, 'accuracy': 0.49762, 'f1': 0.46189, 'auc': 0.92581}
test: {'epoch': 245, 'time_epoch': 0.10328, 'loss': 1.79892748, 'lr': 0, 'params': 276757, 'time_iter': 0.00738, 'accuracy': 0.5381, 'f1': 0.51777, 'auc': 0.94814}
> Epoch 245: took 2.0s (avg 2.1s) | Best so far: epoch 190	train_loss: 0.2458 train_accuracy: 0.9165	val_loss: 1.8425 val_accuracy: 0.5571	test_loss: 1.7613 test_accuracy: 0.5476	F1: 0.5325 Prec: 0.5932 Rec: 0.5476
train: {'epoch': 246, 'time_epoch': 1.84449, 'eta': 5.55885, 'eta_hours': 0.00154, 'loss': 0.20009013, 'lr': 6.3e-07, 'params': 276757, 'time_iter': 0.01054, 'accuracy': 0.93746, 'f1': 0.93737, 'auc': 0.99882}
val: {'epoch': 246, 'time_epoch': 0.07499, 'loss': 2.03971006, 'lr': 0, 'params': 276757, 'time_iter': 0.00536, 'accuracy': 0.51667, 'f1': 0.48405, 'auc': 0.92702}
test: {'epoch': 246, 'time_epoch': 0.0787, 'loss': 1.79060132, 'lr': 0, 'params': 276757, 'time_iter': 0.00562, 'accuracy': 0.55, 'f1': 0.52705, 'auc': 0.94838}
> Epoch 246: took 2.1s (avg 2.1s) | Best so far: epoch 190	train_loss: 0.2458 train_accuracy: 0.9165	val_loss: 1.8425 val_accuracy: 0.5571	test_loss: 1.7613 test_accuracy: 0.5476	F1: 0.5325 Prec: 0.5932 Rec: 0.5476
train: {'epoch': 247, 'time_epoch': 1.69233, 'eta': 3.7046, 'eta_hours': 0.00103, 'loss': 0.19075274, 'lr': 3.6e-07, 'params': 276757, 'time_iter': 0.00967, 'accuracy': 0.9362, 'f1': 0.93614, 'auc': 0.99899}
val: {'epoch': 247, 'time_epoch': 0.06923, 'loss': 2.03001243, 'lr': 0, 'params': 276757, 'time_iter': 0.00494, 'accuracy': 0.50238, 'f1': 0.47732, 'auc': 0.92712}
test: {'epoch': 247, 'time_epoch': 0.10013, 'loss': 1.80414347, 'lr': 0, 'params': 276757, 'time_iter': 0.00715, 'accuracy': 0.54048, 'f1': 0.52419, 'auc': 0.94779}
> Epoch 247: took 1.9s (avg 2.1s) | Best so far: epoch 190	train_loss: 0.2458 train_accuracy: 0.9165	val_loss: 1.8425 val_accuracy: 0.5571	test_loss: 1.7613 test_accuracy: 0.5476	F1: 0.5325 Prec: 0.5932 Rec: 0.5476
train: {'epoch': 248, 'time_epoch': 1.8509, 'eta': 1.8523, 'eta_hours': 0.00051, 'loss': 0.18126734, 'lr': 1.6e-07, 'params': 276757, 'time_iter': 0.01058, 'accuracy': 0.9448, 'f1': 0.9448, 'auc': 0.99912}
val: {'epoch': 248, 'time_epoch': 0.0773, 'loss': 2.05756634, 'lr': 0, 'params': 276757, 'time_iter': 0.00552, 'accuracy': 0.50476, 'f1': 0.46688, 'auc': 0.92723}
test: {'epoch': 248, 'time_epoch': 0.06312, 'loss': 1.80449254, 'lr': 0, 'params': 276757, 'time_iter': 0.00451, 'accuracy': 0.5381, 'f1': 0.51801, 'auc': 0.94831}
> Epoch 248: took 2.1s (avg 2.1s) | Best so far: epoch 190	train_loss: 0.2458 train_accuracy: 0.9165	val_loss: 1.8425 val_accuracy: 0.5571	test_loss: 1.7613 test_accuracy: 0.5476	F1: 0.5325 Prec: 0.5932 Rec: 0.5476
train: {'epoch': 249, 'time_epoch': 1.78912, 'eta': 0.0, 'eta_hours': 0.0, 'loss': 0.19612799, 'lr': 4e-08, 'params': 276757, 'time_iter': 0.01022, 'accuracy': 0.93961, 'f1': 0.93963, 'auc': 0.99889}
val: {'epoch': 249, 'time_epoch': 0.07591, 'loss': 2.13154352, 'lr': 0, 'params': 276757, 'time_iter': 0.00542, 'accuracy': 0.50476, 'f1': 0.46631, 'auc': 0.92418}
test: {'epoch': 249, 'time_epoch': 0.06432, 'loss': 1.84791856, 'lr': 0, 'params': 276757, 'time_iter': 0.00459, 'accuracy': 0.52857, 'f1': 0.50469, 'auc': 0.94692}
> Epoch 249: took 2.0s (avg 2.1s) | Best so far: epoch 190	train_loss: 0.2458 train_accuracy: 0.9165	val_loss: 1.8425 val_accuracy: 0.5571	test_loss: 1.7613 test_accuracy: 0.5476	F1: 0.5325 Prec: 0.5932 Rec: 0.5476
Avg time per epoch: 2.09s
Total train loop time: 0.15h
Task done, results saved in results_lopo_none/LJ_3m
[*] All done: 2026-04-01 14:02:45.734762
